2026-09-07 12:28:45,055 | INFO | Fingerprint features used (non-degenerate bits): 183/2048
2026-09-07 12:28:45,124 | INFO | Top fingerprint bits by Gini: fp_423(0.0738), fp_532(0.0428), fp_1602(0.0374), fp_1096(0.0298), fp_1883(0.0235), fp_1699(0.0210), fp_486(0.0200), fp_2022(0.0177), fp_1(0.0140), fp_1670(0.0130)
2026-09-07 12:28:53,559 | INFO | === XAI reproducibility (section 13) ===
2026-09-07 12:28:53,624 | INFO | Top fingerprint bits by Gini: fp_423(0.0718), fp_1602(0.0657), fp_501(0.0226), fp_2028(0.0216), fp_1057(0.0206), fp_532(0.0206), fp_80(0.0184), fp_1405(0.0163), fp_516(0.0160), fp_1389(0.0156)
2026-09-07 12:28:53,689 | INFO | Top fingerprint bits by Gini: fp_423(0.0843), fp_1883(0.0586), fp_532(0.0538), fp_1096(0.0447), fp_2028(0.0355), fp_1602(0.0291), fp_1389(0.0281), fp_516(0.0205), fp_257(0.0204), fp_1405(0.0192)
2026-09-07 12:28:53,754 | INFO | Top fingerprint bits by Gini: fp_423(0.0757), fp_532(0.0539), fp_1602(0.0374), fp_2028(0.0209), fp_2022(0.0192), fp_516(0.0185), fp_974(0.0180), fp_1623(0.0173), fp_1918(0.0172), fp_1670(0.0155)
2026-09-07 12:28:53,818 | INFO | Top fingerprint bits by Gini: fp_1883(0.0509), fp_423(0.0430), fp_532(0.0385), fp_2028(0.0305), fp_1602(0.0280), fp_74(0.0252), fp_798(0.0217), fp_486(0.0179), fp_550(0.0169), fp_1918(0.0160)
2026-09-07 12:28:53,883 | INFO | Top fingerprint bits by Gini: fp_532(0.0751), fp_423(0.0594), fp_2028(0.0531), fp_971(0.0346), fp_926(0.0303), fp_1(0.0296), fp_1923(0.0264), fp_1043(0.0211), fp_486(0.0193), fp_1060(0.0182)
2026-09-07 12:28:53,947 | INFO | Top fingerprint bits by Gini: fp_423(0.0622), fp_1883(0.0573), fp_2028(0.0316), fp_1602(0.0314), fp_257(0.0300), fp_1405(0.0251), fp_516(0.0199), fp_1452(0.0169), fp_695(0.0160), fp_1389(0.0143)
2026-09-07 12:28:54,010 | INFO | Top fingerprint bits by Gini: fp_532(0.0670), fp_2022(0.0660), fp_423(0.0652), fp_1883(0.0512), fp_486(0.0491), fp_1096(0.0473), fp_2028(0.0281), fp_227(0.0214), fp_971(0.0176), fp_1819(0.0173)
2026-09-07 12:28:54,079 | INFO | Top fingerprint bits by Gini: fp_423(0.0630), fp_2028(0.0586), fp_1883(0.0331), fp_1602(0.0276), fp_532(0.0240), fp_1623(0.0188), fp_1918(0.0177), fp_183(0.0173), fp_1306(0.0146), fp_674(0.0145)
2026-09-07 12:28:54,145 | INFO | Top fingerprint bits by Gini: fp_423(0.0868), fp_210(0.0478), fp_501(0.0408), fp_532(0.0395), fp_1222(0.0362), fp_2028(0.0345), fp_1405(0.0243), fp_76(0.0237), fp_1602(0.0236), fp_257(0.0235)
2026-09-07 12:28:54,212 | INFO | Top fingerprint bits by Gini: fp_423(0.0590), fp_1883(0.0470), fp_1602(0.0373), fp_1389(0.0361), fp_516(0.0361), fp_1444(0.0294), fp_80(0.0246), fp_695(0.0218), fp_257(0.0214), fp_2028(0.0193)
2026-09-07 12:28:54,279 | INFO | Top fingerprint bits by Gini: fp_423(0.0414), fp_2028(0.0331), fp_278(0.0260), fp_257(0.0232), fp_1911(0.0213), fp_532(0.0207), fp_486(0.0205), fp_482(0.0168), fp_227(0.0151), fp_971(0.0135)
2026-09-07 12:28:54,345 | INFO | Top fingerprint bits by Gini: fp_2022(0.0367), fp_1699(0.0351), fp_486(0.0325), fp_482(0.0306), fp_257(0.0263), fp_926(0.0230), fp_794(0.0171), fp_107(0.0164), fp_423(0.0161), fp_532(0.0156)
2026-09-07 12:28:54,410 | INFO | Top fingerprint bits by Gini: fp_1096(0.0968), fp_1883(0.0939), fp_532(0.0763), fp_423(0.0407), fp_2022(0.0349), fp_486(0.0336), fp_971(0.0315), fp_926(0.0271), fp_695(0.0245), fp_798(0.0202)
2026-09-07 12:28:54,474 | INFO | Top fingerprint bits by Gini: fp_532(0.0803), fp_423(0.0534), fp_486(0.0370), fp_971(0.0285), fp_2022(0.0280), fp_550(0.0247), fp_1918(0.0225), fp_1096(0.0205), fp_1371(0.0193), fp_1602(0.0183)
2026-09-07 12:28:54,537 | INFO | Top fingerprint bits by Gini: fp_1883(0.0894), fp_423(0.0647), fp_1670(0.0490), fp_516(0.0388), fp_695(0.0368), fp_532(0.0337), fp_2022(0.0302), fp_1405(0.0295), fp_1602(0.0282), fp_257(0.0270)
2026-09-07 12:28:54,602 | INFO | Top fingerprint bits by Gini: fp_423(0.0568), fp_532(0.0359), fp_1623(0.0341), fp_516(0.0270), fp_941(0.0211), fp_674(0.0208), fp_915(0.0204), fp_1699(0.0191), fp_1918(0.0181), fp_1883(0.0180)
2026-09-07 12:28:54,670 | INFO | Top fingerprint bits by Gini: fp_2022(0.0357), fp_1602(0.0356), fp_423(0.0327), fp_1883(0.0293), fp_532(0.0288), fp_1389(0.0219), fp_1096(0.0201), fp_1(0.0200), fp_183(0.0194), fp_550(0.0177)
2026-09-07 12:28:54,738 | INFO | Top fingerprint bits by Gini: fp_1883(0.0537), fp_532(0.0530), fp_423(0.0480), fp_486(0.0460), fp_1096(0.0442), fp_516(0.0349), fp_971(0.0274), fp_1389(0.0235), fp_2022(0.0208), fp_1(0.0163)
2026-09-07 12:28:54,805 | INFO | Top fingerprint bits by Gini: fp_1389(0.0456), fp_516(0.0426), fp_971(0.0314), fp_486(0.0273), fp_1602(0.0267), fp_591(0.0242), fp_423(0.0182), fp_974(0.0174), fp_1699(0.0156), fp_227(0.0151)
2026-09-07 12:28:54,871 | INFO | Top fingerprint bits by Gini: fp_486(0.0654), fp_532(0.0598), fp_423(0.0484), fp_971(0.0356), fp_1096(0.0324), fp_227(0.0323), fp_2022(0.0292), fp_1602(0.0282), fp_1(0.0218), fp_482(0.0210)
2026-09-07 12:28:54,902 | INFO |                  metric    value  n_pairs                         interpretation
spearman_rank_corr_mean 0.713968      190     >0.7 stable ranking; <0.5 UNSTABLE
      topk_overlap_mean 1.710526      190 higher = more stable feature selection
      jaccard_topk_mean 0.000000      190  1.0 identical top-k; lower = unstable
2026-09-07 12:29:27,295 | INFO | Fingerprint features used (non-degenerate bits): 183/2048
2026-09-07 12:29:27,398 | INFO | Top fingerprint bits by Gini: fp_423(0.0738), fp_532(0.0428), fp_1602(0.0374), fp_1096(0.0298), fp_1883(0.0235), fp_1699(0.0210), fp_486(0.0200), fp_2022(0.0177), fp_1(0.0140), fp_1670(0.0130)
2026-09-07 12:29:36,009 | INFO | === XAI reproducibility (section 13) ===
2026-09-07 12:29:36,079 | INFO | Top fingerprint bits by Gini: fp_423(0.0718), fp_1602(0.0657), fp_501(0.0226), fp_2028(0.0216), fp_1057(0.0206), fp_532(0.0206), fp_80(0.0184), fp_1405(0.0163), fp_516(0.0160), fp_1389(0.0156)
2026-09-07 12:29:36,147 | INFO | Top fingerprint bits by Gini: fp_423(0.0843), fp_1883(0.0586), fp_532(0.0538), fp_1096(0.0447), fp_2028(0.0355), fp_1602(0.0291), fp_1389(0.0281), fp_516(0.0205), fp_257(0.0204), fp_1405(0.0192)
2026-09-07 12:29:36,215 | INFO | Top fingerprint bits by Gini: fp_423(0.0757), fp_532(0.0539), fp_1602(0.0374), fp_2028(0.0209), fp_2022(0.0192), fp_516(0.0185), fp_974(0.0180), fp_1623(0.0173), fp_1918(0.0172), fp_1670(0.0155)
2026-09-07 12:29:36,281 | INFO | Top fingerprint bits by Gini: fp_1883(0.0509), fp_423(0.0430), fp_532(0.0385), fp_2028(0.0305), fp_1602(0.0280), fp_74(0.0252), fp_798(0.0217), fp_486(0.0179), fp_550(0.0169), fp_1918(0.0160)
2026-09-07 12:29:36,346 | INFO | Top fingerprint bits by Gini: fp_532(0.0751), fp_423(0.0594), fp_2028(0.0531), fp_971(0.0346), fp_926(0.0303), fp_1(0.0296), fp_1923(0.0264), fp_1043(0.0211), fp_486(0.0193), fp_1060(0.0182)
2026-09-07 12:29:36,416 | INFO | Top fingerprint bits by Gini: fp_423(0.0622), fp_1883(0.0573), fp_2028(0.0316), fp_1602(0.0314), fp_257(0.0300), fp_1405(0.0251), fp_516(0.0199), fp_1452(0.0169), fp_695(0.0160), fp_1389(0.0143)
2026-09-07 12:29:36,485 | INFO | Top fingerprint bits by Gini: fp_532(0.0670), fp_2022(0.0660), fp_423(0.0652), fp_1883(0.0512), fp_486(0.0491), fp_1096(0.0473), fp_2028(0.0281), fp_227(0.0214), fp_971(0.0176), fp_1819(0.0173)
2026-09-07 12:29:36,552 | INFO | Top fingerprint bits by Gini: fp_423(0.0630), fp_2028(0.0586), fp_1883(0.0331), fp_1602(0.0276), fp_532(0.0240), fp_1623(0.0188), fp_1918(0.0177), fp_183(0.0173), fp_1306(0.0146), fp_674(0.0145)
2026-09-07 12:29:36,618 | INFO | Top fingerprint bits by Gini: fp_423(0.0868), fp_210(0.0478), fp_501(0.0408), fp_532(0.0395), fp_1222(0.0362), fp_2028(0.0345), fp_1405(0.0243), fp_76(0.0237), fp_1602(0.0236), fp_257(0.0235)
2026-09-07 12:29:36,684 | INFO | Top fingerprint bits by Gini: fp_423(0.0590), fp_1883(0.0470), fp_1602(0.0373), fp_1389(0.0361), fp_516(0.0361), fp_1444(0.0294), fp_80(0.0246), fp_695(0.0218), fp_257(0.0214), fp_2028(0.0193)
2026-09-07 12:29:36,752 | INFO | Top fingerprint bits by Gini: fp_423(0.0414), fp_2028(0.0331), fp_278(0.0260), fp_257(0.0232), fp_1911(0.0213), fp_532(0.0207), fp_486(0.0205), fp_482(0.0168), fp_227(0.0151), fp_971(0.0135)
2026-09-07 12:29:36,820 | INFO | Top fingerprint bits by Gini: fp_2022(0.0367), fp_1699(0.0351), fp_486(0.0325), fp_482(0.0306), fp_257(0.0263), fp_926(0.0230), fp_794(0.0171), fp_107(0.0164), fp_423(0.0161), fp_532(0.0156)
2026-09-07 12:29:36,887 | INFO | Top fingerprint bits by Gini: fp_1096(0.0968), fp_1883(0.0939), fp_532(0.0763), fp_423(0.0407), fp_2022(0.0349), fp_486(0.0336), fp_971(0.0315), fp_926(0.0271), fp_695(0.0245), fp_798(0.0202)
2026-09-07 12:29:36,953 | INFO | Top fingerprint bits by Gini: fp_532(0.0803), fp_423(0.0534), fp_486(0.0370), fp_971(0.0285), fp_2022(0.0280), fp_550(0.0247), fp_1918(0.0225), fp_1096(0.0205), fp_1371(0.0193), fp_1602(0.0183)
2026-09-07 12:29:37,018 | INFO | Top fingerprint bits by Gini: fp_1883(0.0894), fp_423(0.0647), fp_1670(0.0490), fp_516(0.0388), fp_695(0.0368), fp_532(0.0337), fp_2022(0.0302), fp_1405(0.0295), fp_1602(0.0282), fp_257(0.0270)
2026-09-07 12:29:37,083 | INFO | Top fingerprint bits by Gini: fp_423(0.0568), fp_532(0.0359), fp_1623(0.0341), fp_516(0.0270), fp_941(0.0211), fp_674(0.0208), fp_915(0.0204), fp_1699(0.0191), fp_1918(0.0181), fp_1883(0.0180)
2026-09-07 12:29:37,148 | INFO | Top fingerprint bits by Gini: fp_2022(0.0357), fp_1602(0.0356), fp_423(0.0327), fp_1883(0.0293), fp_532(0.0288), fp_1389(0.0219), fp_1096(0.0201), fp_1(0.0200), fp_183(0.0194), fp_550(0.0177)
2026-09-07 12:29:37,213 | INFO | Top fingerprint bits by Gini: fp_1883(0.0537), fp_532(0.0530), fp_423(0.0480), fp_486(0.0460), fp_1096(0.0442), fp_516(0.0349), fp_971(0.0274), fp_1389(0.0235), fp_2022(0.0208), fp_1(0.0163)
2026-09-07 12:29:37,283 | INFO | Top fingerprint bits by Gini: fp_1389(0.0456), fp_516(0.0426), fp_971(0.0314), fp_486(0.0273), fp_1602(0.0267), fp_591(0.0242), fp_423(0.0182), fp_974(0.0174), fp_1699(0.0156), fp_227(0.0151)
2026-09-07 12:29:37,351 | INFO | Top fingerprint bits by Gini: fp_486(0.0654), fp_532(0.0598), fp_423(0.0484), fp_971(0.0356), fp_1096(0.0324), fp_227(0.0323), fp_2022(0.0292), fp_1602(0.0282), fp_1(0.0218), fp_482(0.0210)
2026-09-07 12:29:37,378 | INFO |                  metric    value  n_pairs                         interpretation
spearman_rank_corr_mean 0.713968      190     >0.7 stable ranking; <0.5 UNSTABLE
      topk_overlap_mean 1.710526      190 higher = more stable feature selection
jaccard_topk_similarity 0.440000      190  1.0 identical top-k; lower = unstable
2026-09-07 12:30:26,087 | INFO | Fingerprint features used (non-degenerate bits): 183/2048
2026-09-07 12:30:26,156 | INFO | Top fingerprint bits by Gini: fp_423(0.0738), fp_532(0.0428), fp_1602(0.0374), fp_1096(0.0298), fp_1883(0.0235), fp_1699(0.0210), fp_486(0.0200), fp_2022(0.0177), fp_1(0.0140), fp_1670(0.0130)
2026-09-07 12:30:34,491 | INFO | === XAI reproducibility (section 13) ===
2026-09-07 12:30:34,557 | INFO | Top fingerprint bits by Gini: fp_423(0.0718), fp_1602(0.0657), fp_501(0.0226), fp_2028(0.0216), fp_1057(0.0206), fp_532(0.0206), fp_80(0.0184), fp_1405(0.0163), fp_516(0.0160), fp_1389(0.0156)
2026-09-07 12:30:34,622 | INFO | Top fingerprint bits by Gini: fp_423(0.0843), fp_1883(0.0586), fp_532(0.0538), fp_1096(0.0447), fp_2028(0.0355), fp_1602(0.0291), fp_1389(0.0281), fp_516(0.0205), fp_257(0.0204), fp_1405(0.0192)
2026-09-07 12:30:34,688 | INFO | Top fingerprint bits by Gini: fp_423(0.0757), fp_532(0.0539), fp_1602(0.0374), fp_2028(0.0209), fp_2022(0.0192), fp_516(0.0185), fp_974(0.0180), fp_1623(0.0173), fp_1918(0.0172), fp_1670(0.0155)
2026-09-07 12:30:34,754 | INFO | Top fingerprint bits by Gini: fp_1883(0.0509), fp_423(0.0430), fp_532(0.0385), fp_2028(0.0305), fp_1602(0.0280), fp_74(0.0252), fp_798(0.0217), fp_486(0.0179), fp_550(0.0169), fp_1918(0.0160)
2026-09-07 12:30:34,820 | INFO | Top fingerprint bits by Gini: fp_532(0.0751), fp_423(0.0594), fp_2028(0.0531), fp_971(0.0346), fp_926(0.0303), fp_1(0.0296), fp_1923(0.0264), fp_1043(0.0211), fp_486(0.0193), fp_1060(0.0182)
2026-09-07 12:30:34,886 | INFO | Top fingerprint bits by Gini: fp_423(0.0622), fp_1883(0.0573), fp_2028(0.0316), fp_1602(0.0314), fp_257(0.0300), fp_1405(0.0251), fp_516(0.0199), fp_1452(0.0169), fp_695(0.0160), fp_1389(0.0143)
2026-09-07 12:30:34,951 | INFO | Top fingerprint bits by Gini: fp_532(0.0670), fp_2022(0.0660), fp_423(0.0652), fp_1883(0.0512), fp_486(0.0491), fp_1096(0.0473), fp_2028(0.0281), fp_227(0.0214), fp_971(0.0176), fp_1819(0.0173)
2026-09-07 12:30:35,017 | INFO | Top fingerprint bits by Gini: fp_423(0.0630), fp_2028(0.0586), fp_1883(0.0331), fp_1602(0.0276), fp_532(0.0240), fp_1623(0.0188), fp_1918(0.0177), fp_183(0.0173), fp_1306(0.0146), fp_674(0.0145)
2026-09-07 12:30:35,082 | INFO | Top fingerprint bits by Gini: fp_423(0.0868), fp_210(0.0478), fp_501(0.0408), fp_532(0.0395), fp_1222(0.0362), fp_2028(0.0345), fp_1405(0.0243), fp_76(0.0237), fp_1602(0.0236), fp_257(0.0235)
2026-09-07 12:30:35,148 | INFO | Top fingerprint bits by Gini: fp_423(0.0590), fp_1883(0.0470), fp_1602(0.0373), fp_1389(0.0361), fp_516(0.0361), fp_1444(0.0294), fp_80(0.0246), fp_695(0.0218), fp_257(0.0214), fp_2028(0.0193)
2026-09-07 12:30:35,213 | INFO | Top fingerprint bits by Gini: fp_423(0.0414), fp_2028(0.0331), fp_278(0.0260), fp_257(0.0232), fp_1911(0.0213), fp_532(0.0207), fp_486(0.0205), fp_482(0.0168), fp_227(0.0151), fp_971(0.0135)
2026-09-07 12:30:35,279 | INFO | Top fingerprint bits by Gini: fp_2022(0.0367), fp_1699(0.0351), fp_486(0.0325), fp_482(0.0306), fp_257(0.0263), fp_926(0.0230), fp_794(0.0171), fp_107(0.0164), fp_423(0.0161), fp_532(0.0156)
2026-09-07 12:30:35,343 | INFO | Top fingerprint bits by Gini: fp_1096(0.0968), fp_1883(0.0939), fp_532(0.0763), fp_423(0.0407), fp_2022(0.0349), fp_486(0.0336), fp_971(0.0315), fp_926(0.0271), fp_695(0.0245), fp_798(0.0202)
2026-09-07 12:30:35,409 | INFO | Top fingerprint bits by Gini: fp_532(0.0803), fp_423(0.0534), fp_486(0.0370), fp_971(0.0285), fp_2022(0.0280), fp_550(0.0247), fp_1918(0.0225), fp_1096(0.0205), fp_1371(0.0193), fp_1602(0.0183)
2026-09-07 12:30:35,484 | INFO | Top fingerprint bits by Gini: fp_1883(0.0894), fp_423(0.0647), fp_1670(0.0490), fp_516(0.0388), fp_695(0.0368), fp_532(0.0337), fp_2022(0.0302), fp_1405(0.0295), fp_1602(0.0282), fp_257(0.0270)
2026-09-07 12:30:35,550 | INFO | Top fingerprint bits by Gini: fp_423(0.0568), fp_532(0.0359), fp_1623(0.0341), fp_516(0.0270), fp_941(0.0211), fp_674(0.0208), fp_915(0.0204), fp_1699(0.0191), fp_1918(0.0181), fp_1883(0.0180)
2026-09-07 12:30:35,616 | INFO | Top fingerprint bits by Gini: fp_2022(0.0357), fp_1602(0.0356), fp_423(0.0327), fp_1883(0.0293), fp_532(0.0288), fp_1389(0.0219), fp_1096(0.0201), fp_1(0.0200), fp_183(0.0194), fp_550(0.0177)
2026-09-07 12:30:35,681 | INFO | Top fingerprint bits by Gini: fp_1883(0.0537), fp_532(0.0530), fp_423(0.0480), fp_486(0.0460), fp_1096(0.0442), fp_516(0.0349), fp_971(0.0274), fp_1389(0.0235), fp_2022(0.0208), fp_1(0.0163)
2026-09-07 12:30:35,747 | INFO | Top fingerprint bits by Gini: fp_1389(0.0456), fp_516(0.0426), fp_971(0.0314), fp_486(0.0273), fp_1602(0.0267), fp_591(0.0242), fp_423(0.0182), fp_974(0.0174), fp_1699(0.0156), fp_227(0.0151)
2026-09-07 12:30:35,813 | INFO | Top fingerprint bits by Gini: fp_486(0.0654), fp_532(0.0598), fp_423(0.0484), fp_971(0.0356), fp_1096(0.0324), fp_227(0.0323), fp_2022(0.0292), fp_1602(0.0282), fp_1(0.0218), fp_482(0.0210)
2026-09-07 12:30:35,841 | INFO |                  metric    value  n_pairs                         interpretation
spearman_rank_corr_mean 0.713968      190     >0.7 stable ranking; <0.5 UNSTABLE
      topk_overlap_mean 1.710526      190 higher = more stable feature selection
jaccard_topk_similarity 0.440000      190  1.0 identical top-k; lower = unstable
2026-09-07 12:32:49,368 | INFO | Fingerprint features used (non-degenerate bits): 183/2048
2026-09-07 12:32:49,436 | INFO | Top fingerprint bits by Gini: fp_423(0.0738), fp_532(0.0428), fp_1602(0.0374), fp_1096(0.0298), fp_1883(0.0235), fp_1699(0.0210), fp_486(0.0200), fp_2022(0.0177), fp_1(0.0140), fp_1670(0.0130)
2026-09-07 12:32:57,802 | INFO | === XAI reproducibility (section 13) ===
2026-09-07 12:32:57,867 | INFO | Top fingerprint bits by Gini: fp_423(0.0718), fp_1602(0.0657), fp_501(0.0226), fp_2028(0.0216), fp_1057(0.0206), fp_532(0.0206), fp_80(0.0184), fp_1405(0.0163), fp_516(0.0160), fp_1389(0.0156)
2026-09-07 12:32:57,933 | INFO | Top fingerprint bits by Gini: fp_423(0.0843), fp_1883(0.0586), fp_532(0.0538), fp_1096(0.0447), fp_2028(0.0355), fp_1602(0.0291), fp_1389(0.0281), fp_516(0.0205), fp_257(0.0204), fp_1405(0.0192)
2026-09-07 12:32:58,000 | INFO | Top fingerprint bits by Gini: fp_423(0.0757), fp_532(0.0539), fp_1602(0.0374), fp_2028(0.0209), fp_2022(0.0192), fp_516(0.0185), fp_974(0.0180), fp_1623(0.0173), fp_1918(0.0172), fp_1670(0.0155)
2026-09-07 12:32:58,065 | INFO | Top fingerprint bits by Gini: fp_1883(0.0509), fp_423(0.0430), fp_532(0.0385), fp_2028(0.0305), fp_1602(0.0280), fp_74(0.0252), fp_798(0.0217), fp_486(0.0179), fp_550(0.0169), fp_1918(0.0160)
2026-09-07 12:32:58,131 | INFO | Top fingerprint bits by Gini: fp_532(0.0751), fp_423(0.0594), fp_2028(0.0531), fp_971(0.0346), fp_926(0.0303), fp_1(0.0296), fp_1923(0.0264), fp_1043(0.0211), fp_486(0.0193), fp_1060(0.0182)
2026-09-07 12:32:58,197 | INFO | Top fingerprint bits by Gini: fp_423(0.0622), fp_1883(0.0573), fp_2028(0.0316), fp_1602(0.0314), fp_257(0.0300), fp_1405(0.0251), fp_516(0.0199), fp_1452(0.0169), fp_695(0.0160), fp_1389(0.0143)
2026-09-07 12:32:58,263 | INFO | Top fingerprint bits by Gini: fp_532(0.0670), fp_2022(0.0660), fp_423(0.0652), fp_1883(0.0512), fp_486(0.0491), fp_1096(0.0473), fp_2028(0.0281), fp_227(0.0214), fp_971(0.0176), fp_1819(0.0173)
2026-09-07 12:32:58,329 | INFO | Top fingerprint bits by Gini: fp_423(0.0630), fp_2028(0.0586), fp_1883(0.0331), fp_1602(0.0276), fp_532(0.0240), fp_1623(0.0188), fp_1918(0.0177), fp_183(0.0173), fp_1306(0.0146), fp_674(0.0145)
2026-09-07 12:32:58,395 | INFO | Top fingerprint bits by Gini: fp_423(0.0868), fp_210(0.0478), fp_501(0.0408), fp_532(0.0395), fp_1222(0.0362), fp_2028(0.0345), fp_1405(0.0243), fp_76(0.0237), fp_1602(0.0236), fp_257(0.0235)
2026-09-07 12:32:58,476 | INFO | Top fingerprint bits by Gini: fp_423(0.0590), fp_1883(0.0470), fp_1602(0.0373), fp_1389(0.0361), fp_516(0.0361), fp_1444(0.0294), fp_80(0.0246), fp_695(0.0218), fp_257(0.0214), fp_2028(0.0193)
2026-09-07 12:32:58,542 | INFO | Top fingerprint bits by Gini: fp_423(0.0414), fp_2028(0.0331), fp_278(0.0260), fp_257(0.0232), fp_1911(0.0213), fp_532(0.0207), fp_486(0.0205), fp_482(0.0168), fp_227(0.0151), fp_971(0.0135)
2026-09-07 12:32:58,608 | INFO | Top fingerprint bits by Gini: fp_2022(0.0367), fp_1699(0.0351), fp_486(0.0325), fp_482(0.0306), fp_257(0.0263), fp_926(0.0230), fp_794(0.0171), fp_107(0.0164), fp_423(0.0161), fp_532(0.0156)
2026-09-07 12:32:58,674 | INFO | Top fingerprint bits by Gini: fp_1096(0.0968), fp_1883(0.0939), fp_532(0.0763), fp_423(0.0407), fp_2022(0.0349), fp_486(0.0336), fp_971(0.0315), fp_926(0.0271), fp_695(0.0245), fp_798(0.0202)
2026-09-07 12:32:58,739 | INFO | Top fingerprint bits by Gini: fp_532(0.0803), fp_423(0.0534), fp_486(0.0370), fp_971(0.0285), fp_2022(0.0280), fp_550(0.0247), fp_1918(0.0225), fp_1096(0.0205), fp_1371(0.0193), fp_1602(0.0183)
2026-09-07 12:32:58,805 | INFO | Top fingerprint bits by Gini: fp_1883(0.0894), fp_423(0.0647), fp_1670(0.0490), fp_516(0.0388), fp_695(0.0368), fp_532(0.0337), fp_2022(0.0302), fp_1405(0.0295), fp_1602(0.0282), fp_257(0.0270)
2026-09-07 12:32:58,870 | INFO | Top fingerprint bits by Gini: fp_423(0.0568), fp_532(0.0359), fp_1623(0.0341), fp_516(0.0270), fp_941(0.0211), fp_674(0.0208), fp_915(0.0204), fp_1699(0.0191), fp_1918(0.0181), fp_1883(0.0180)
2026-09-07 12:32:58,936 | INFO | Top fingerprint bits by Gini: fp_2022(0.0357), fp_1602(0.0356), fp_423(0.0327), fp_1883(0.0293), fp_532(0.0288), fp_1389(0.0219), fp_1096(0.0201), fp_1(0.0200), fp_183(0.0194), fp_550(0.0177)
2026-09-07 12:32:59,003 | INFO | Top fingerprint bits by Gini: fp_1883(0.0537), fp_532(0.0530), fp_423(0.0480), fp_486(0.0460), fp_1096(0.0442), fp_516(0.0349), fp_971(0.0274), fp_1389(0.0235), fp_2022(0.0208), fp_1(0.0163)
2026-09-07 12:32:59,069 | INFO | Top fingerprint bits by Gini: fp_1389(0.0456), fp_516(0.0426), fp_971(0.0314), fp_486(0.0273), fp_1602(0.0267), fp_591(0.0242), fp_423(0.0182), fp_974(0.0174), fp_1699(0.0156), fp_227(0.0151)
2026-09-07 12:32:59,135 | INFO | Top fingerprint bits by Gini: fp_486(0.0654), fp_532(0.0598), fp_423(0.0484), fp_971(0.0356), fp_1096(0.0324), fp_227(0.0323), fp_2022(0.0292), fp_1602(0.0282), fp_1(0.0218), fp_482(0.0210)
2026-09-07 12:32:59,161 | INFO |                  metric    value  n_pairs                         interpretation
spearman_rank_corr_mean 0.713968      190     >0.7 stable ranking; <0.5 UNSTABLE
      topk_overlap_mean 1.710526      190 higher = more stable feature selection
jaccard_topk_similarity 0.440000      190  1.0 identical top-k; lower = unstable
2026-09-07 13:11:56,924 | INFO | Fingerprint features used (non-degenerate bits): 183/2048
2026-09-07 13:11:56,998 | INFO | Top fingerprint bits by Gini: fp_423(0.0738), fp_532(0.0428), fp_1602(0.0374), fp_1096(0.0298), fp_1883(0.0235), fp_1699(0.0210), fp_486(0.0200), fp_2022(0.0177), fp_1(0.0140), fp_1670(0.0130)
2026-09-07 13:12:05,680 | INFO | === XAI reproducibility (section 13) ===
2026-09-07 13:12:05,752 | INFO | Top fingerprint bits by Gini: fp_423(0.0718), fp_1602(0.0657), fp_501(0.0226), fp_2028(0.0216), fp_1057(0.0206), fp_532(0.0206), fp_80(0.0184), fp_1405(0.0163), fp_516(0.0160), fp_1389(0.0156)
2026-09-07 13:12:05,833 | INFO | Top fingerprint bits by Gini: fp_423(0.0843), fp_1883(0.0586), fp_532(0.0538), fp_1096(0.0447), fp_2028(0.0355), fp_1602(0.0291), fp_1389(0.0281), fp_516(0.0205), fp_257(0.0204), fp_1405(0.0192)
2026-09-07 13:12:05,904 | INFO | Top fingerprint bits by Gini: fp_423(0.0757), fp_532(0.0539), fp_1602(0.0374), fp_2028(0.0209), fp_2022(0.0192), fp_516(0.0185), fp_974(0.0180), fp_1623(0.0173), fp_1918(0.0172), fp_1670(0.0155)
2026-09-07 13:12:05,975 | INFO | Top fingerprint bits by Gini: fp_1883(0.0509), fp_423(0.0430), fp_532(0.0385), fp_2028(0.0305), fp_1602(0.0280), fp_74(0.0252), fp_798(0.0217), fp_486(0.0179), fp_550(0.0169), fp_1918(0.0160)
2026-09-07 13:12:06,048 | INFO | Top fingerprint bits by Gini: fp_532(0.0751), fp_423(0.0594), fp_2028(0.0531), fp_971(0.0346), fp_926(0.0303), fp_1(0.0296), fp_1923(0.0264), fp_1043(0.0211), fp_486(0.0193), fp_1060(0.0182)
2026-09-07 13:12:06,117 | INFO | Top fingerprint bits by Gini: fp_423(0.0622), fp_1883(0.0573), fp_2028(0.0316), fp_1602(0.0314), fp_257(0.0300), fp_1405(0.0251), fp_516(0.0199), fp_1452(0.0169), fp_695(0.0160), fp_1389(0.0143)
2026-09-07 13:12:06,186 | INFO | Top fingerprint bits by Gini: fp_532(0.0670), fp_2022(0.0660), fp_423(0.0652), fp_1883(0.0512), fp_486(0.0491), fp_1096(0.0473), fp_2028(0.0281), fp_227(0.0214), fp_971(0.0176), fp_1819(0.0173)
2026-09-07 13:12:06,254 | INFO | Top fingerprint bits by Gini: fp_423(0.0630), fp_2028(0.0586), fp_1883(0.0331), fp_1602(0.0276), fp_532(0.0240), fp_1623(0.0188), fp_1918(0.0177), fp_183(0.0173), fp_1306(0.0146), fp_674(0.0145)
2026-09-07 13:12:06,322 | INFO | Top fingerprint bits by Gini: fp_423(0.0868), fp_210(0.0478), fp_501(0.0408), fp_532(0.0395), fp_1222(0.0362), fp_2028(0.0345), fp_1405(0.0243), fp_76(0.0237), fp_1602(0.0236), fp_257(0.0235)
2026-09-07 13:12:06,389 | INFO | Top fingerprint bits by Gini: fp_423(0.0590), fp_1883(0.0470), fp_1602(0.0373), fp_1389(0.0361), fp_516(0.0361), fp_1444(0.0294), fp_80(0.0246), fp_695(0.0218), fp_257(0.0214), fp_2028(0.0193)
2026-09-07 13:12:06,457 | INFO | Top fingerprint bits by Gini: fp_423(0.0414), fp_2028(0.0331), fp_278(0.0260), fp_257(0.0232), fp_1911(0.0213), fp_532(0.0207), fp_486(0.0205), fp_482(0.0168), fp_227(0.0151), fp_971(0.0135)
2026-09-07 13:12:06,530 | INFO | Top fingerprint bits by Gini: fp_2022(0.0367), fp_1699(0.0351), fp_486(0.0325), fp_482(0.0306), fp_257(0.0263), fp_926(0.0230), fp_794(0.0171), fp_107(0.0164), fp_423(0.0161), fp_532(0.0156)
2026-09-07 13:12:06,608 | INFO | Top fingerprint bits by Gini: fp_1096(0.0968), fp_1883(0.0939), fp_532(0.0763), fp_423(0.0407), fp_2022(0.0349), fp_486(0.0336), fp_971(0.0315), fp_926(0.0271), fp_695(0.0245), fp_798(0.0202)
2026-09-07 13:12:06,675 | INFO | Top fingerprint bits by Gini: fp_532(0.0803), fp_423(0.0534), fp_486(0.0370), fp_971(0.0285), fp_2022(0.0280), fp_550(0.0247), fp_1918(0.0225), fp_1096(0.0205), fp_1371(0.0193), fp_1602(0.0183)
2026-09-07 13:12:06,741 | INFO | Top fingerprint bits by Gini: fp_1883(0.0894), fp_423(0.0647), fp_1670(0.0490), fp_516(0.0388), fp_695(0.0368), fp_532(0.0337), fp_2022(0.0302), fp_1405(0.0295), fp_1602(0.0282), fp_257(0.0270)
2026-09-07 13:12:06,808 | INFO | Top fingerprint bits by Gini: fp_423(0.0568), fp_532(0.0359), fp_1623(0.0341), fp_516(0.0270), fp_941(0.0211), fp_674(0.0208), fp_915(0.0204), fp_1699(0.0191), fp_1918(0.0181), fp_1883(0.0180)
2026-09-07 13:12:06,876 | INFO | Top fingerprint bits by Gini: fp_2022(0.0357), fp_1602(0.0356), fp_423(0.0327), fp_1883(0.0293), fp_532(0.0288), fp_1389(0.0219), fp_1096(0.0201), fp_1(0.0200), fp_183(0.0194), fp_550(0.0177)
2026-09-07 13:12:06,943 | INFO | Top fingerprint bits by Gini: fp_1883(0.0537), fp_532(0.0530), fp_423(0.0480), fp_486(0.0460), fp_1096(0.0442), fp_516(0.0349), fp_971(0.0274), fp_1389(0.0235), fp_2022(0.0208), fp_1(0.0163)
2026-09-07 13:12:07,009 | INFO | Top fingerprint bits by Gini: fp_1389(0.0456), fp_516(0.0426), fp_971(0.0314), fp_486(0.0273), fp_1602(0.0267), fp_591(0.0242), fp_423(0.0182), fp_974(0.0174), fp_1699(0.0156), fp_227(0.0151)
2026-09-07 13:12:07,077 | INFO | Top fingerprint bits by Gini: fp_486(0.0654), fp_532(0.0598), fp_423(0.0484), fp_971(0.0356), fp_1096(0.0324), fp_227(0.0323), fp_2022(0.0292), fp_1602(0.0282), fp_1(0.0218), fp_482(0.0210)
2026-09-07 13:12:07,106 | INFO |                  metric    value  n_pairs                         interpretation
spearman_rank_corr_mean 0.713968      190     >0.7 stable ranking; <0.5 UNSTABLE
      topk_overlap_mean 1.710526      190 higher = more stable feature selection
jaccard_topk_similarity 0.440000      190  1.0 identical top-k; lower = unstable
2026-09-07 14:23:33,413 | INFO | Fingerprint features used (non-degenerate bits): 183/2048
2026-09-07 14:23:33,478 | INFO | Top fingerprint bits by Gini: fp_423(0.0738), fp_532(0.0428), fp_1602(0.0374), fp_1096(0.0298), fp_1883(0.0235), fp_1699(0.0210), fp_486(0.0200), fp_2022(0.0177), fp_1(0.0140), fp_1670(0.0130)
2026-09-07 14:23:41,559 | INFO | === XAI reproducibility (section 13) ===
2026-09-07 14:23:41,624 | INFO | Top fingerprint bits by Gini: fp_423(0.0718), fp_1602(0.0657), fp_501(0.0226), fp_2028(0.0216), fp_1057(0.0206), fp_532(0.0206), fp_80(0.0184), fp_1405(0.0163), fp_516(0.0160), fp_1389(0.0156)
2026-09-07 14:23:41,689 | INFO | Top fingerprint bits by Gini: fp_423(0.0843), fp_1883(0.0586), fp_532(0.0538), fp_1096(0.0447), fp_2028(0.0355), fp_1602(0.0291), fp_1389(0.0281), fp_516(0.0205), fp_257(0.0204), fp_1405(0.0192)
2026-09-07 14:23:41,754 | INFO | Top fingerprint bits by Gini: fp_423(0.0757), fp_532(0.0539), fp_1602(0.0374), fp_2028(0.0209), fp_2022(0.0192), fp_516(0.0185), fp_974(0.0180), fp_1623(0.0173), fp_1918(0.0172), fp_1670(0.0155)
2026-09-07 14:23:41,819 | INFO | Top fingerprint bits by Gini: fp_1883(0.0509), fp_423(0.0430), fp_532(0.0385), fp_2028(0.0305), fp_1602(0.0280), fp_74(0.0252), fp_798(0.0217), fp_486(0.0179), fp_550(0.0169), fp_1918(0.0160)
2026-09-07 14:23:41,884 | INFO | Top fingerprint bits by Gini: fp_532(0.0751), fp_423(0.0594), fp_2028(0.0531), fp_971(0.0346), fp_926(0.0303), fp_1(0.0296), fp_1923(0.0264), fp_1043(0.0211), fp_486(0.0193), fp_1060(0.0182)
2026-09-07 14:23:41,949 | INFO | Top fingerprint bits by Gini: fp_423(0.0622), fp_1883(0.0573), fp_2028(0.0316), fp_1602(0.0314), fp_257(0.0300), fp_1405(0.0251), fp_516(0.0199), fp_1452(0.0169), fp_695(0.0160), fp_1389(0.0143)
2026-09-07 14:23:42,013 | INFO | Top fingerprint bits by Gini: fp_532(0.0670), fp_2022(0.0660), fp_423(0.0652), fp_1883(0.0512), fp_486(0.0491), fp_1096(0.0473), fp_2028(0.0281), fp_227(0.0214), fp_971(0.0176), fp_1819(0.0173)
2026-09-07 14:23:42,078 | INFO | Top fingerprint bits by Gini: fp_423(0.0630), fp_2028(0.0586), fp_1883(0.0331), fp_1602(0.0276), fp_532(0.0240), fp_1623(0.0188), fp_1918(0.0177), fp_183(0.0173), fp_1306(0.0146), fp_674(0.0145)
2026-09-07 14:23:42,142 | INFO | Top fingerprint bits by Gini: fp_423(0.0868), fp_210(0.0478), fp_501(0.0408), fp_532(0.0395), fp_1222(0.0362), fp_2028(0.0345), fp_1405(0.0243), fp_76(0.0237), fp_1602(0.0236), fp_257(0.0235)
2026-09-07 14:23:42,207 | INFO | Top fingerprint bits by Gini: fp_423(0.0590), fp_1883(0.0470), fp_1602(0.0373), fp_1389(0.0361), fp_516(0.0361), fp_1444(0.0294), fp_80(0.0246), fp_695(0.0218), fp_257(0.0214), fp_2028(0.0193)
2026-09-07 14:23:42,272 | INFO | Top fingerprint bits by Gini: fp_423(0.0414), fp_2028(0.0331), fp_278(0.0260), fp_257(0.0232), fp_1911(0.0213), fp_532(0.0207), fp_486(0.0205), fp_482(0.0168), fp_227(0.0151), fp_971(0.0135)
2026-09-07 14:23:42,336 | INFO | Top fingerprint bits by Gini: fp_2022(0.0367), fp_1699(0.0351), fp_486(0.0325), fp_482(0.0306), fp_257(0.0263), fp_926(0.0230), fp_794(0.0171), fp_107(0.0164), fp_423(0.0161), fp_532(0.0156)
2026-09-07 14:23:42,402 | INFO | Top fingerprint bits by Gini: fp_1096(0.0968), fp_1883(0.0939), fp_532(0.0763), fp_423(0.0407), fp_2022(0.0349), fp_486(0.0336), fp_971(0.0315), fp_926(0.0271), fp_695(0.0245), fp_798(0.0202)
2026-09-07 14:23:42,468 | INFO | Top fingerprint bits by Gini: fp_532(0.0803), fp_423(0.0534), fp_486(0.0370), fp_971(0.0285), fp_2022(0.0280), fp_550(0.0247), fp_1918(0.0225), fp_1096(0.0205), fp_1371(0.0193), fp_1602(0.0183)
2026-09-07 14:23:42,531 | INFO | Top fingerprint bits by Gini: fp_1883(0.0894), fp_423(0.0647), fp_1670(0.0490), fp_516(0.0388), fp_695(0.0368), fp_532(0.0337), fp_2022(0.0302), fp_1405(0.0295), fp_1602(0.0282), fp_257(0.0270)
2026-09-07 14:23:42,595 | INFO | Top fingerprint bits by Gini: fp_423(0.0568), fp_532(0.0359), fp_1623(0.0341), fp_516(0.0270), fp_941(0.0211), fp_674(0.0208), fp_915(0.0204), fp_1699(0.0191), fp_1918(0.0181), fp_1883(0.0180)
2026-09-07 14:23:42,658 | INFO | Top fingerprint bits by Gini: fp_2022(0.0357), fp_1602(0.0356), fp_423(0.0327), fp_1883(0.0293), fp_532(0.0288), fp_1389(0.0219), fp_1096(0.0201), fp_1(0.0200), fp_183(0.0194), fp_550(0.0177)
2026-09-07 14:23:42,722 | INFO | Top fingerprint bits by Gini: fp_1883(0.0537), fp_532(0.0530), fp_423(0.0480), fp_486(0.0460), fp_1096(0.0442), fp_516(0.0349), fp_971(0.0274), fp_1389(0.0235), fp_2022(0.0208), fp_1(0.0163)
2026-09-07 14:23:42,786 | INFO | Top fingerprint bits by Gini: fp_1389(0.0456), fp_516(0.0426), fp_971(0.0314), fp_486(0.0273), fp_1602(0.0267), fp_591(0.0242), fp_423(0.0182), fp_974(0.0174), fp_1699(0.0156), fp_227(0.0151)
2026-09-07 14:23:42,851 | INFO | Top fingerprint bits by Gini: fp_486(0.0654), fp_532(0.0598), fp_423(0.0484), fp_971(0.0356), fp_1096(0.0324), fp_227(0.0323), fp_2022(0.0292), fp_1602(0.0282), fp_1(0.0218), fp_482(0.0210)
2026-09-07 14:23:42,878 | INFO |                  metric    value  n_pairs                         interpretation
spearman_rank_corr_mean 0.713968      190     >0.7 stable ranking; <0.5 UNSTABLE
      topk_overlap_mean 1.710526      190 higher = more stable feature selection
jaccard_topk_similarity 0.440000      190  1.0 identical top-k; lower = unstable
2026-09-07 14:27:38,000 | INFO | Fingerprint features used (non-degenerate bits): 183/2048
2026-09-07 14:27:38,065 | INFO | Top fingerprint bits by Gini: fp_423(0.0738), fp_532(0.0428), fp_1602(0.0374), fp_1096(0.0298), fp_1883(0.0235), fp_1699(0.0210), fp_486(0.0200), fp_2022(0.0177), fp_1(0.0140), fp_1670(0.0130)
2026-09-07 14:27:46,574 | INFO | === XAI reproducibility (section 13) ===
2026-09-07 14:27:46,641 | INFO | Top fingerprint bits by Gini: fp_423(0.0718), fp_1602(0.0657), fp_501(0.0226), fp_2028(0.0216), fp_1057(0.0206), fp_532(0.0206), fp_80(0.0184), fp_1405(0.0163), fp_516(0.0160), fp_1389(0.0156)
2026-09-07 14:27:46,707 | INFO | Top fingerprint bits by Gini: fp_423(0.0843), fp_1883(0.0586), fp_532(0.0538), fp_1096(0.0447), fp_2028(0.0355), fp_1602(0.0291), fp_1389(0.0281), fp_516(0.0205), fp_257(0.0204), fp_1405(0.0192)
2026-09-07 14:27:46,773 | INFO | Top fingerprint bits by Gini: fp_423(0.0757), fp_532(0.0539), fp_1602(0.0374), fp_2028(0.0209), fp_2022(0.0192), fp_516(0.0185), fp_974(0.0180), fp_1623(0.0173), fp_1918(0.0172), fp_1670(0.0155)
2026-09-07 14:27:46,838 | INFO | Top fingerprint bits by Gini: fp_1883(0.0509), fp_423(0.0430), fp_532(0.0385), fp_2028(0.0305), fp_1602(0.0280), fp_74(0.0252), fp_798(0.0217), fp_486(0.0179), fp_550(0.0169), fp_1918(0.0160)
2026-09-07 14:27:46,904 | INFO | Top fingerprint bits by Gini: fp_532(0.0751), fp_423(0.0594), fp_2028(0.0531), fp_971(0.0346), fp_926(0.0303), fp_1(0.0296), fp_1923(0.0264), fp_1043(0.0211), fp_486(0.0193), fp_1060(0.0182)
2026-09-07 14:27:46,969 | INFO | Top fingerprint bits by Gini: fp_423(0.0622), fp_1883(0.0573), fp_2028(0.0316), fp_1602(0.0314), fp_257(0.0300), fp_1405(0.0251), fp_516(0.0199), fp_1452(0.0169), fp_695(0.0160), fp_1389(0.0143)
2026-09-07 14:27:47,034 | INFO | Top fingerprint bits by Gini: fp_532(0.0670), fp_2022(0.0660), fp_423(0.0652), fp_1883(0.0512), fp_486(0.0491), fp_1096(0.0473), fp_2028(0.0281), fp_227(0.0214), fp_971(0.0176), fp_1819(0.0173)
2026-09-07 14:27:47,099 | INFO | Top fingerprint bits by Gini: fp_423(0.0630), fp_2028(0.0586), fp_1883(0.0331), fp_1602(0.0276), fp_532(0.0240), fp_1623(0.0188), fp_1918(0.0177), fp_183(0.0173), fp_1306(0.0146), fp_674(0.0145)
2026-09-07 14:27:47,163 | INFO | Top fingerprint bits by Gini: fp_423(0.0868), fp_210(0.0478), fp_501(0.0408), fp_532(0.0395), fp_1222(0.0362), fp_2028(0.0345), fp_1405(0.0243), fp_76(0.0237), fp_1602(0.0236), fp_257(0.0235)
2026-09-07 14:27:47,228 | INFO | Top fingerprint bits by Gini: fp_423(0.0590), fp_1883(0.0470), fp_1602(0.0373), fp_1389(0.0361), fp_516(0.0361), fp_1444(0.0294), fp_80(0.0246), fp_695(0.0218), fp_257(0.0214), fp_2028(0.0193)
2026-09-07 14:27:47,294 | INFO | Top fingerprint bits by Gini: fp_423(0.0414), fp_2028(0.0331), fp_278(0.0260), fp_257(0.0232), fp_1911(0.0213), fp_532(0.0207), fp_486(0.0205), fp_482(0.0168), fp_227(0.0151), fp_971(0.0135)
2026-09-07 14:27:47,359 | INFO | Top fingerprint bits by Gini: fp_2022(0.0367), fp_1699(0.0351), fp_486(0.0325), fp_482(0.0306), fp_257(0.0263), fp_926(0.0230), fp_794(0.0171), fp_107(0.0164), fp_423(0.0161), fp_532(0.0156)
2026-09-07 14:27:47,426 | INFO | Top fingerprint bits by Gini: fp_1096(0.0968), fp_1883(0.0939), fp_532(0.0763), fp_423(0.0407), fp_2022(0.0349), fp_486(0.0336), fp_971(0.0315), fp_926(0.0271), fp_695(0.0245), fp_798(0.0202)
2026-09-07 14:27:47,491 | INFO | Top fingerprint bits by Gini: fp_532(0.0803), fp_423(0.0534), fp_486(0.0370), fp_971(0.0285), fp_2022(0.0280), fp_550(0.0247), fp_1918(0.0225), fp_1096(0.0205), fp_1371(0.0193), fp_1602(0.0183)
2026-09-07 14:27:47,555 | INFO | Top fingerprint bits by Gini: fp_1883(0.0894), fp_423(0.0647), fp_1670(0.0490), fp_516(0.0388), fp_695(0.0368), fp_532(0.0337), fp_2022(0.0302), fp_1405(0.0295), fp_1602(0.0282), fp_257(0.0270)
2026-09-07 14:27:47,620 | INFO | Top fingerprint bits by Gini: fp_423(0.0568), fp_532(0.0359), fp_1623(0.0341), fp_516(0.0270), fp_941(0.0211), fp_674(0.0208), fp_915(0.0204), fp_1699(0.0191), fp_1918(0.0181), fp_1883(0.0180)
2026-09-07 14:27:47,686 | INFO | Top fingerprint bits by Gini: fp_2022(0.0357), fp_1602(0.0356), fp_423(0.0327), fp_1883(0.0293), fp_532(0.0288), fp_1389(0.0219), fp_1096(0.0201), fp_1(0.0200), fp_183(0.0194), fp_550(0.0177)
2026-09-07 14:27:47,751 | INFO | Top fingerprint bits by Gini: fp_1883(0.0537), fp_532(0.0530), fp_423(0.0480), fp_486(0.0460), fp_1096(0.0442), fp_516(0.0349), fp_971(0.0274), fp_1389(0.0235), fp_2022(0.0208), fp_1(0.0163)
2026-09-07 14:27:47,817 | INFO | Top fingerprint bits by Gini: fp_1389(0.0456), fp_516(0.0426), fp_971(0.0314), fp_486(0.0273), fp_1602(0.0267), fp_591(0.0242), fp_423(0.0182), fp_974(0.0174), fp_1699(0.0156), fp_227(0.0151)
2026-09-07 14:27:47,882 | INFO | Top fingerprint bits by Gini: fp_486(0.0654), fp_532(0.0598), fp_423(0.0484), fp_971(0.0356), fp_1096(0.0324), fp_227(0.0323), fp_2022(0.0292), fp_1602(0.0282), fp_1(0.0218), fp_482(0.0210)
2026-09-07 14:27:47,909 | INFO |                  metric    value  n_pairs                         interpretation
spearman_rank_corr_mean 0.713968      190     >0.7 stable ranking; <0.5 UNSTABLE
      topk_overlap_mean 1.710526      190 higher = more stable feature selection
jaccard_topk_similarity 0.440000      190  1.0 identical top-k; lower = unstable
2026-09-07 14:35:01,685 | INFO | Fingerprint features used (non-degenerate bits): 183/2048
2026-09-07 14:35:01,751 | INFO | Top fingerprint bits by Gini: fp_423(0.0738), fp_532(0.0428), fp_1602(0.0374), fp_1096(0.0298), fp_1883(0.0235), fp_1699(0.0210), fp_486(0.0200), fp_2022(0.0177), fp_1(0.0140), fp_1670(0.0130)
2026-09-07 14:35:09,947 | INFO | === XAI reproducibility (section 13) ===
2026-09-07 14:35:10,012 | INFO | Top fingerprint bits by Gini: fp_423(0.0718), fp_1602(0.0657), fp_501(0.0226), fp_2028(0.0216), fp_1057(0.0206), fp_532(0.0206), fp_80(0.0184), fp_1405(0.0163), fp_516(0.0160), fp_1389(0.0156)
2026-09-07 14:35:10,311 | INFO | Top fingerprint bits by Gini: fp_423(0.1370), fp_1883(0.0623), fp_1602(0.0465), fp_2028(0.0407), fp_257(0.0281), fp_1096(0.0277), fp_532(0.0238), fp_695(0.0226), fp_1670(0.0206), fp_1389(0.0188)
2026-09-07 14:35:10,608 | INFO | Top fingerprint bits by Gini: fp_423(0.0982), fp_2028(0.0291), fp_1602(0.0284), fp_486(0.0272), fp_501(0.0253), fp_1883(0.0220), fp_532(0.0200), fp_1699(0.0190), fp_1395(0.0189), fp_2022(0.0189)
2026-09-07 14:35:10,903 | INFO | Top fingerprint bits by Gini: fp_423(0.0817), fp_1883(0.0407), fp_532(0.0279), fp_1602(0.0275), fp_2028(0.0270), fp_74(0.0252), fp_798(0.0196), fp_1096(0.0191), fp_974(0.0162), fp_794(0.0161)
2026-09-07 14:35:11,200 | INFO | Top fingerprint bits by Gini: fp_2028(0.0724), fp_532(0.0544), fp_423(0.0521), fp_926(0.0451), fp_227(0.0290), fp_1017(0.0245), fp_971(0.0240), fp_649(0.0238), fp_1043(0.0194), fp_1(0.0185)
2026-09-07 14:35:11,496 | INFO | Top fingerprint bits by Gini: fp_423(0.0978), fp_1883(0.0348), fp_1602(0.0342), fp_257(0.0335), fp_2028(0.0334), fp_1670(0.0216), fp_1389(0.0168), fp_1452(0.0167), fp_80(0.0137), fp_2022(0.0129)
2026-09-07 14:35:11,790 | INFO | Top fingerprint bits by Gini: fp_532(0.1008), fp_1096(0.0782), fp_2022(0.0594), fp_423(0.0494), fp_1883(0.0493), fp_486(0.0356), fp_1(0.0257), fp_1923(0.0201), fp_2028(0.0155), fp_1602(0.0145)
2026-09-07 14:35:12,086 | INFO | Top fingerprint bits by Gini: fp_423(0.0561), fp_2028(0.0354), fp_532(0.0317), fp_1883(0.0284), fp_1602(0.0254), fp_183(0.0237), fp_1306(0.0200), fp_1222(0.0193), fp_674(0.0166), fp_695(0.0165)
2026-09-07 14:35:12,378 | INFO | Top fingerprint bits by Gini: fp_423(0.0792), fp_532(0.0658), fp_210(0.0360), fp_2028(0.0291), fp_1222(0.0270), fp_501(0.0261), fp_486(0.0230), fp_971(0.0216), fp_1057(0.0199), fp_76(0.0185)
2026-09-07 14:35:12,669 | INFO | Top fingerprint bits by Gini: fp_423(0.0695), fp_1883(0.0580), fp_1602(0.0465), fp_516(0.0379), fp_1389(0.0342), fp_695(0.0322), fp_2028(0.0252), fp_257(0.0195), fp_80(0.0188), fp_1444(0.0187)
2026-09-07 14:35:12,964 | INFO | Top fingerprint bits by Gini: fp_423(0.0524), fp_257(0.0346), fp_2028(0.0242), fp_1(0.0197), fp_227(0.0180), fp_591(0.0170), fp_1883(0.0153), fp_971(0.0144), fp_1066(0.0138), fp_532(0.0130)
2026-09-07 14:35:13,282 | INFO | Top fingerprint bits by Gini: fp_486(0.0538), fp_971(0.0360), fp_222(0.0325), fp_423(0.0314), fp_1883(0.0273), fp_1699(0.0268), fp_257(0.0262), fp_2022(0.0249), fp_926(0.0187), fp_1602(0.0164)
2026-09-07 14:35:13,577 | INFO | Top fingerprint bits by Gini: fp_1096(0.1115), fp_423(0.0683), fp_532(0.0636), fp_1883(0.0627), fp_486(0.0498), fp_2022(0.0435), fp_971(0.0388), fp_926(0.0347), fp_695(0.0291), fp_2028(0.0234)
2026-09-07 14:35:13,872 | INFO | Top fingerprint bits by Gini: fp_532(0.0793), fp_423(0.0374), fp_1096(0.0368), fp_2022(0.0236), fp_486(0.0208), fp_915(0.0195), fp_2028(0.0192), fp_971(0.0192), fp_974(0.0189), fp_1883(0.0172)
2026-09-07 14:35:14,166 | INFO | Top fingerprint bits by Gini: fp_1883(0.0909), fp_423(0.0860), fp_695(0.0462), fp_1602(0.0412), fp_1405(0.0398), fp_1389(0.0318), fp_257(0.0279), fp_2028(0.0275), fp_1096(0.0274), fp_486(0.0237)
2026-09-07 14:35:14,461 | INFO | Top fingerprint bits by Gini: fp_423(0.0472), fp_1602(0.0353), fp_974(0.0318), fp_1883(0.0315), fp_2022(0.0289), fp_915(0.0275), fp_532(0.0242), fp_183(0.0211), fp_486(0.0201), fp_516(0.0201)
2026-09-07 14:35:14,757 | INFO | Top fingerprint bits by Gini: fp_423(0.0488), fp_486(0.0437), fp_2022(0.0375), fp_532(0.0320), fp_1602(0.0315), fp_1096(0.0252), fp_1389(0.0205), fp_1623(0.0190), fp_1699(0.0170), fp_516(0.0150)
2026-09-07 14:35:15,050 | INFO | Top fingerprint bits by Gini: fp_423(0.0610), fp_1883(0.0587), fp_1096(0.0534), fp_532(0.0397), fp_1602(0.0288), fp_486(0.0279), fp_2022(0.0270), fp_257(0.0181), fp_971(0.0169), fp_1(0.0166)
2026-09-07 14:35:15,329 | INFO | Top fingerprint bits by Gini: fp_423(0.1011), fp_1602(0.0623), fp_210(0.0359), fp_2028(0.0264), fp_1873(0.0239), fp_1405(0.0226), fp_1670(0.0222), fp_1057(0.0219), fp_1918(0.0209), fp_532(0.0203)
2026-09-07 14:35:15,615 | INFO | Top fingerprint bits by Gini: fp_423(0.1544), fp_2028(0.0807), fp_1883(0.0690), fp_1602(0.0573), fp_532(0.0523), fp_1405(0.0330), fp_1096(0.0282), fp_695(0.0268), fp_1389(0.0230), fp_1873(0.0225)
2026-09-07 14:35:15,901 | INFO | Top fingerprint bits by Gini: fp_423(0.0953), fp_1883(0.0528), fp_532(0.0413), fp_1602(0.0395), fp_915(0.0319), fp_550(0.0273), fp_2028(0.0251), fp_1395(0.0211), fp_1918(0.0204), fp_76(0.0202)
2026-09-07 14:35:16,185 | INFO | Top fingerprint bits by Gini: fp_423(0.0749), fp_532(0.0587), fp_1883(0.0481), fp_2028(0.0412), fp_1395(0.0302), fp_1371(0.0279), fp_1602(0.0252), fp_974(0.0247), fp_1096(0.0230), fp_251(0.0230)
2026-09-07 14:35:16,470 | INFO | Top fingerprint bits by Gini: fp_926(0.0708), fp_423(0.0648), fp_2028(0.0639), fp_532(0.0628), fp_1819(0.0353), fp_1(0.0343), fp_227(0.0306), fp_2022(0.0293), fp_649(0.0286), fp_486(0.0281)
2026-09-07 14:35:16,754 | INFO | Top fingerprint bits by Gini: fp_423(0.0939), fp_1883(0.0546), fp_257(0.0437), fp_1602(0.0408), fp_2028(0.0375), fp_532(0.0326), fp_1670(0.0249), fp_1405(0.0237), fp_717(0.0180), fp_745(0.0180)
2026-09-07 14:35:17,045 | INFO | Top fingerprint bits by Gini: fp_532(0.1347), fp_423(0.1017), fp_486(0.0806), fp_1096(0.0503), fp_1883(0.0455), fp_2022(0.0434), fp_2028(0.0393), fp_1(0.0332), fp_1819(0.0314), fp_649(0.0239)
2026-09-07 14:35:17,330 | INFO | Top fingerprint bits by Gini: fp_423(0.0791), fp_2028(0.0506), fp_532(0.0462), fp_1602(0.0381), fp_1883(0.0369), fp_1873(0.0325), fp_674(0.0271), fp_183(0.0234), fp_278(0.0210), fp_1306(0.0207)
2026-09-07 14:35:17,616 | INFO | Top fingerprint bits by Gini: fp_423(0.1162), fp_2028(0.0522), fp_1222(0.0448), fp_532(0.0410), fp_257(0.0388), fp_501(0.0347), fp_278(0.0335), fp_1883(0.0292), fp_1602(0.0284), fp_1405(0.0260)
2026-09-07 14:35:17,899 | INFO | Top fingerprint bits by Gini: fp_1883(0.0792), fp_423(0.0646), fp_1602(0.0518), fp_516(0.0420), fp_1389(0.0388), fp_1444(0.0372), fp_257(0.0365), fp_2028(0.0302), fp_695(0.0267), fp_1057(0.0188)
2026-09-07 14:35:18,184 | INFO | Top fingerprint bits by Gini: fp_423(0.0750), fp_257(0.0639), fp_2028(0.0315), fp_1405(0.0256), fp_1699(0.0240), fp_1883(0.0229), fp_1670(0.0228), fp_532(0.0228), fp_1(0.0226), fp_2042(0.0200)
2026-09-07 14:35:18,469 | INFO | Top fingerprint bits by Gini: fp_257(0.0560), fp_423(0.0535), fp_1699(0.0517), fp_2022(0.0431), fp_486(0.0398), fp_926(0.0277), fp_2028(0.0268), fp_1602(0.0267), fp_694(0.0257), fp_1883(0.0255)
2026-09-07 14:35:18,754 | INFO | Top fingerprint bits by Gini: fp_1096(0.1102), fp_423(0.0896), fp_1883(0.0803), fp_532(0.0734), fp_926(0.0557), fp_971(0.0496), fp_2022(0.0358), fp_695(0.0302), fp_1819(0.0274), fp_1057(0.0258)
2026-09-07 14:35:19,040 | INFO | Top fingerprint bits by Gini: fp_532(0.1004), fp_423(0.0727), fp_1096(0.0424), fp_915(0.0376), fp_486(0.0328), fp_550(0.0306), fp_1918(0.0303), fp_2028(0.0294), fp_974(0.0278), fp_1602(0.0277)
2026-09-07 14:35:19,324 | INFO | Top fingerprint bits by Gini: fp_423(0.1560), fp_1883(0.1443), fp_695(0.0566), fp_2028(0.0532), fp_1602(0.0463), fp_278(0.0415), fp_516(0.0410), fp_1389(0.0365), fp_1405(0.0311), fp_1670(0.0281)
2026-09-07 14:35:19,607 | INFO | Top fingerprint bits by Gini: fp_423(0.0819), fp_1602(0.0571), fp_532(0.0493), fp_1623(0.0396), fp_674(0.0337), fp_1883(0.0277), fp_1699(0.0257), fp_1918(0.0257), fp_941(0.0251), fp_550(0.0223)
2026-09-07 14:35:19,890 | INFO | Top fingerprint bits by Gini: fp_423(0.0648), fp_2022(0.0475), fp_1602(0.0438), fp_532(0.0366), fp_1883(0.0270), fp_1395(0.0227), fp_926(0.0225), fp_486(0.0223), fp_1623(0.0220), fp_183(0.0206)
2026-09-07 14:35:20,176 | INFO | Top fingerprint bits by Gini: fp_1883(0.0627), fp_1096(0.0557), fp_423(0.0544), fp_532(0.0423), fp_2022(0.0349), fp_1602(0.0311), fp_486(0.0275), fp_1389(0.0255), fp_926(0.0241), fp_516(0.0220)
2026-09-07 14:35:20,444 | INFO | Top fingerprint bits by Gini: fp_423(0.6049), fp_183(0.0670), fp_550(0.0527), fp_1137(0.0355), fp_674(0.0351), fp_1918(0.0309), fp_1523(0.0282), fp_1722(0.0234), fp_658(0.0211), fp_1904(0.0172)
2026-09-07 14:35:20,481 | INFO | Top fingerprint bits by Gini: fp_423(1.0000), fp_18(0.0000), fp_1(0.0000), fp_1345(0.0000), fp_1366(0.0000), fp_1371(0.0000), fp_1380(0.0000), fp_1384(0.0000), fp_1387(0.0000), fp_1389(0.0000)
2026-09-07 14:35:20,522 | INFO | Top fingerprint bits by Gini: fp_423(0.7600), fp_974(0.0934), fp_1395(0.0708), fp_1918(0.0450), fp_915(0.0220), fp_550(0.0088), fp_1(0.0000), fp_1366(0.0000), fp_1371(0.0000), fp_1380(0.0000)
2026-09-07 14:35:20,564 | INFO | Top fingerprint bits by Gini: fp_423(0.6049), fp_1395(0.0793), fp_1918(0.0513), fp_974(0.0454), fp_1722(0.0362), fp_915(0.0311), fp_832(0.0282), fp_802(0.0189), fp_334(0.0151), fp_1137(0.0136)
2026-09-07 14:35:20,604 | INFO | Top fingerprint bits by Gini: fp_532(0.8333), fp_926(0.0000), fp_1(0.0000), fp_1345(0.0000), fp_1366(0.0000), fp_1371(0.0000), fp_1380(0.0000), fp_1384(0.0000), fp_1387(0.0000), fp_1389(0.0000)
2026-09-07 14:35:20,645 | INFO | Top fingerprint bits by Gini: fp_423(0.7600), fp_1(0.0000), fp_1345(0.0000), fp_1366(0.0000), fp_1371(0.0000), fp_1380(0.0000), fp_1384(0.0000), fp_1387(0.0000), fp_1389(0.0000), fp_1394(0.0000)
2026-09-07 14:35:20,682 | INFO | Top fingerprint bits by Gini: fp_532(1.0000), fp_1(0.0000), fp_1345(0.0000), fp_1366(0.0000), fp_1371(0.0000), fp_1380(0.0000), fp_1384(0.0000), fp_1387(0.0000), fp_1389(0.0000), fp_1394(0.0000)
2026-09-07 14:35:20,724 | INFO | Top fingerprint bits by Gini: fp_423(0.4900), fp_550(0.0600), fp_1395(0.0592), fp_974(0.0460), fp_1623(0.0358), fp_915(0.0340), fp_1143(0.0302), fp_183(0.0294), fp_591(0.0252), fp_1523(0.0225)
2026-09-07 14:35:20,763 | INFO | Top fingerprint bits by Gini: fp_423(0.7143), fp_1904(0.0778), fp_1921(0.0464), fp_658(0.0438), fp_334(0.0344), fp_1911(0.0081), fp_832(0.0046), fp_660(0.0031), fp_1137(0.0016), fp_125(0.0011)
2026-09-07 14:35:20,806 | INFO | Top fingerprint bits by Gini: fp_1883(0.2994), fp_423(0.2591), fp_591(0.0553), fp_1722(0.0309), fp_832(0.0295), fp_1143(0.0200), fp_1137(0.0126), fp_802(0.0091), fp_1904(0.0051), fp_294(0.0015)
2026-09-07 14:35:20,850 | INFO | Top fingerprint bits by Gini: fp_423(0.4734), fp_832(0.0506), fp_125(0.0260), fp_802(0.0210), fp_1523(0.0080), fp_1921(0.0040), fp_660(0.0030), fp_591(0.0012), fp_658(0.0010), fp_1143(0.0002)
2026-09-07 14:35:20,895 | INFO | Top fingerprint bits by Gini: fp_1699(0.2840), fp_486(0.1520), fp_2022(0.0724), fp_1671(0.0386), fp_694(0.0376), fp_1366(0.0359), fp_1670(0.0342), fp_1003(0.0264), fp_1955(0.0236), fp_931(0.0202)
2026-09-07 14:35:20,933 | INFO | Top fingerprint bits by Gini: fp_532(0.6628), fp_1096(0.3372), fp_222(0.0000), fp_1(0.0000), fp_1366(0.0000), fp_1371(0.0000), fp_1380(0.0000), fp_1384(0.0000), fp_1387(0.0000), fp_1389(0.0000)
2026-09-07 14:35:20,974 | INFO | Top fingerprint bits by Gini: fp_532(0.7600), fp_974(0.0914), fp_1395(0.0655), fp_1918(0.0647), fp_550(0.0108), fp_915(0.0077), fp_1(0.0000), fp_1366(0.0000), fp_1371(0.0000), fp_1380(0.0000)
2026-09-07 14:35:21,011 | INFO | Top fingerprint bits by Gini: fp_1883(0.7499), fp_423(0.2501), fp_1(0.0000), fp_1345(0.0000), fp_1366(0.0000), fp_1371(0.0000), fp_1380(0.0000), fp_1384(0.0000), fp_1387(0.0000), fp_1389(0.0000)
2026-09-07 14:35:21,051 | INFO | Top fingerprint bits by Gini: fp_694(0.5333), fp_1(0.0000), fp_1345(0.0000), fp_1366(0.0000), fp_1371(0.0000), fp_1380(0.0000), fp_1384(0.0000), fp_1387(0.0000), fp_1389(0.0000), fp_1394(0.0000)
2026-09-07 14:35:21,102 | INFO | Top fingerprint bits by Gini: fp_423(0.4073), fp_532(0.0919), fp_674(0.0846), fp_1426(0.0435), fp_974(0.0323), fp_183(0.0316), fp_832(0.0211), fp_1623(0.0211), fp_1523(0.0180), fp_550(0.0080)
2026-09-07 14:35:21,151 | INFO | Top fingerprint bits by Gini: fp_532(0.3619), fp_1096(0.1236), fp_1883(0.1031), fp_80(0.0407), fp_423(0.0270), fp_658(0.0213), fp_1444(0.0195), fp_832(0.0134), fp_1670(0.0122), fp_125(0.0085)
2026-09-07 14:35:21,454 | INFO |                  dimension  spearman_rank_corr_mean  topk_overlap_mean  jaccard_topk_similarity  sign_consistency classification
across_models_seeds_splits                      NaN           1.499651                 0.375472          0.577315   UNDETERMINED
  across_seeds_fixed_model                 0.878788           1.666667                 0.400000          1.000000         STABLE
  across_models_fixed_seed                 0.892705           1.666667                 0.400000          0.866667         STABLE
method_gini_vs_permutation                      NaN           1.000000                 0.416667          0.192490   UNDETERMINED
   method_gini_vs_ablation                      NaN           1.000000                 0.414815          0.179321   UNDETERMINED
2026-09-07 14:36:46,397 | INFO | Fingerprint features used (non-degenerate bits): 183/2048
2026-09-07 14:36:46,525 | INFO | Top fingerprint bits by Gini: fp_423(0.0738), fp_532(0.0428), fp_1602(0.0374), fp_1096(0.0298), fp_1883(0.0235), fp_1699(0.0210), fp_486(0.0200), fp_2022(0.0177), fp_1(0.0140), fp_1670(0.0130)
2026-09-07 14:36:55,632 | INFO | === XAI reproducibility (section 13) ===
2026-09-07 14:36:55,700 | INFO | Top fingerprint bits by Gini: fp_423(0.0718), fp_1602(0.0657), fp_501(0.0226), fp_2028(0.0216), fp_1057(0.0206), fp_532(0.0206), fp_80(0.0184), fp_1405(0.0163), fp_516(0.0160), fp_1389(0.0156)
2026-09-07 14:36:56,013 | INFO | Top fingerprint bits by Gini: fp_423(0.1370), fp_1883(0.0623), fp_1602(0.0465), fp_2028(0.0407), fp_257(0.0281), fp_1096(0.0277), fp_532(0.0238), fp_695(0.0226), fp_1670(0.0206), fp_1389(0.0188)
2026-09-07 14:36:56,331 | INFO | Top fingerprint bits by Gini: fp_423(0.0982), fp_2028(0.0291), fp_1602(0.0284), fp_486(0.0272), fp_501(0.0253), fp_1883(0.0220), fp_532(0.0200), fp_1699(0.0190), fp_1395(0.0189), fp_2022(0.0189)
2026-09-07 14:36:56,657 | INFO | Top fingerprint bits by Gini: fp_423(0.0817), fp_1883(0.0407), fp_532(0.0279), fp_1602(0.0275), fp_2028(0.0270), fp_74(0.0252), fp_798(0.0196), fp_1096(0.0191), fp_974(0.0162), fp_794(0.0161)
2026-09-07 14:36:56,967 | INFO | Top fingerprint bits by Gini: fp_2028(0.0724), fp_532(0.0544), fp_423(0.0521), fp_926(0.0451), fp_227(0.0290), fp_1017(0.0245), fp_971(0.0240), fp_649(0.0238), fp_1043(0.0194), fp_1(0.0185)
2026-09-07 14:36:57,265 | INFO | Top fingerprint bits by Gini: fp_423(0.0978), fp_1883(0.0348), fp_1602(0.0342), fp_257(0.0335), fp_2028(0.0334), fp_1670(0.0216), fp_1389(0.0168), fp_1452(0.0167), fp_80(0.0137), fp_2022(0.0129)
2026-09-07 14:36:57,579 | INFO | Top fingerprint bits by Gini: fp_532(0.1008), fp_1096(0.0782), fp_2022(0.0594), fp_423(0.0494), fp_1883(0.0493), fp_486(0.0356), fp_1(0.0257), fp_1923(0.0201), fp_2028(0.0155), fp_1602(0.0145)
2026-09-07 14:36:57,909 | INFO | Top fingerprint bits by Gini: fp_423(0.0561), fp_2028(0.0354), fp_532(0.0317), fp_1883(0.0284), fp_1602(0.0254), fp_183(0.0237), fp_1306(0.0200), fp_1222(0.0193), fp_674(0.0166), fp_695(0.0165)
2026-09-07 14:36:58,215 | INFO | Top fingerprint bits by Gini: fp_423(0.0792), fp_532(0.0658), fp_210(0.0360), fp_2028(0.0291), fp_1222(0.0270), fp_501(0.0261), fp_486(0.0230), fp_971(0.0216), fp_1057(0.0199), fp_76(0.0185)
2026-09-07 14:36:58,514 | INFO | Top fingerprint bits by Gini: fp_423(0.0695), fp_1883(0.0580), fp_1602(0.0465), fp_516(0.0379), fp_1389(0.0342), fp_695(0.0322), fp_2028(0.0252), fp_257(0.0195), fp_80(0.0188), fp_1444(0.0187)
2026-09-07 14:36:58,814 | INFO | Top fingerprint bits by Gini: fp_423(0.0524), fp_257(0.0346), fp_2028(0.0242), fp_1(0.0197), fp_227(0.0180), fp_591(0.0170), fp_1883(0.0153), fp_971(0.0144), fp_1066(0.0138), fp_532(0.0130)
2026-09-07 14:36:59,129 | INFO | Top fingerprint bits by Gini: fp_486(0.0538), fp_971(0.0360), fp_222(0.0325), fp_423(0.0314), fp_1883(0.0273), fp_1699(0.0268), fp_257(0.0262), fp_2022(0.0249), fp_926(0.0187), fp_1602(0.0164)
2026-09-07 14:36:59,439 | INFO | Top fingerprint bits by Gini: fp_1096(0.1115), fp_423(0.0683), fp_532(0.0636), fp_1883(0.0627), fp_486(0.0498), fp_2022(0.0435), fp_971(0.0388), fp_926(0.0347), fp_695(0.0291), fp_2028(0.0234)
2026-09-07 14:36:59,751 | INFO | Top fingerprint bits by Gini: fp_532(0.0793), fp_423(0.0374), fp_1096(0.0368), fp_2022(0.0236), fp_486(0.0208), fp_915(0.0195), fp_2028(0.0192), fp_971(0.0192), fp_974(0.0189), fp_1883(0.0172)
2026-09-07 14:37:00,066 | INFO | Top fingerprint bits by Gini: fp_1883(0.0909), fp_423(0.0860), fp_695(0.0462), fp_1602(0.0412), fp_1405(0.0398), fp_1389(0.0318), fp_257(0.0279), fp_2028(0.0275), fp_1096(0.0274), fp_486(0.0237)
2026-09-07 14:37:00,376 | INFO | Top fingerprint bits by Gini: fp_423(0.0472), fp_1602(0.0353), fp_974(0.0318), fp_1883(0.0315), fp_2022(0.0289), fp_915(0.0275), fp_532(0.0242), fp_183(0.0211), fp_486(0.0201), fp_516(0.0201)
2026-09-07 14:37:00,679 | INFO | Top fingerprint bits by Gini: fp_423(0.0488), fp_486(0.0437), fp_2022(0.0375), fp_532(0.0320), fp_1602(0.0315), fp_1096(0.0252), fp_1389(0.0205), fp_1623(0.0190), fp_1699(0.0170), fp_516(0.0150)
2026-09-07 14:37:00,976 | INFO | Top fingerprint bits by Gini: fp_423(0.0610), fp_1883(0.0587), fp_1096(0.0534), fp_532(0.0397), fp_1602(0.0288), fp_486(0.0279), fp_2022(0.0270), fp_257(0.0181), fp_971(0.0169), fp_1(0.0166)
2026-09-07 14:37:01,272 | INFO | Top fingerprint bits by Gini: fp_423(0.1011), fp_1602(0.0623), fp_210(0.0359), fp_2028(0.0264), fp_1873(0.0239), fp_1405(0.0226), fp_1670(0.0222), fp_1057(0.0219), fp_1918(0.0209), fp_532(0.0203)
2026-09-07 14:37:01,558 | INFO | Top fingerprint bits by Gini: fp_423(0.1544), fp_2028(0.0807), fp_1883(0.0690), fp_1602(0.0573), fp_532(0.0523), fp_1405(0.0330), fp_1096(0.0282), fp_695(0.0268), fp_1389(0.0230), fp_1873(0.0225)
2026-09-07 14:37:02,196 | INFO | Top fingerprint bits by Gini: fp_423(0.0953), fp_1883(0.0528), fp_532(0.0413), fp_1602(0.0395), fp_915(0.0319), fp_550(0.0273), fp_2028(0.0251), fp_1395(0.0211), fp_1918(0.0204), fp_76(0.0202)
2026-09-07 14:37:02,813 | INFO | Top fingerprint bits by Gini: fp_423(0.0749), fp_532(0.0587), fp_1883(0.0481), fp_2028(0.0412), fp_1395(0.0302), fp_1371(0.0279), fp_1602(0.0252), fp_974(0.0247), fp_1096(0.0230), fp_251(0.0230)
2026-09-07 14:37:03,419 | INFO | Top fingerprint bits by Gini: fp_926(0.0708), fp_423(0.0648), fp_2028(0.0639), fp_532(0.0628), fp_1819(0.0353), fp_1(0.0343), fp_227(0.0306), fp_2022(0.0293), fp_649(0.0286), fp_486(0.0281)
2026-09-07 14:37:03,809 | INFO | Top fingerprint bits by Gini: fp_423(0.0939), fp_1883(0.0546), fp_257(0.0437), fp_1602(0.0408), fp_2028(0.0375), fp_532(0.0326), fp_1670(0.0249), fp_1405(0.0237), fp_717(0.0180), fp_745(0.0180)
2026-09-07 14:37:04,128 | INFO | Top fingerprint bits by Gini: fp_532(0.1347), fp_423(0.1017), fp_486(0.0806), fp_1096(0.0503), fp_1883(0.0455), fp_2022(0.0434), fp_2028(0.0393), fp_1(0.0332), fp_1819(0.0314), fp_649(0.0239)
2026-09-07 14:37:04,423 | INFO | Top fingerprint bits by Gini: fp_423(0.0791), fp_2028(0.0506), fp_532(0.0462), fp_1602(0.0381), fp_1883(0.0369), fp_1873(0.0325), fp_674(0.0271), fp_183(0.0234), fp_278(0.0210), fp_1306(0.0207)
2026-09-07 14:37:04,716 | INFO | Top fingerprint bits by Gini: fp_423(0.1162), fp_2028(0.0522), fp_1222(0.0448), fp_532(0.0410), fp_257(0.0388), fp_501(0.0347), fp_278(0.0335), fp_1883(0.0292), fp_1602(0.0284), fp_1405(0.0260)
2026-09-07 14:37:05,008 | INFO | Top fingerprint bits by Gini: fp_1883(0.0792), fp_423(0.0646), fp_1602(0.0518), fp_516(0.0420), fp_1389(0.0388), fp_1444(0.0372), fp_257(0.0365), fp_2028(0.0302), fp_695(0.0267), fp_1057(0.0188)
2026-09-07 14:37:05,306 | INFO | Top fingerprint bits by Gini: fp_423(0.0750), fp_257(0.0639), fp_2028(0.0315), fp_1405(0.0256), fp_1699(0.0240), fp_1883(0.0229), fp_1670(0.0228), fp_532(0.0228), fp_1(0.0226), fp_2042(0.0200)
2026-09-07 14:37:05,597 | INFO | Top fingerprint bits by Gini: fp_257(0.0560), fp_423(0.0535), fp_1699(0.0517), fp_2022(0.0431), fp_486(0.0398), fp_926(0.0277), fp_2028(0.0268), fp_1602(0.0267), fp_694(0.0257), fp_1883(0.0255)
2026-09-07 14:37:05,935 | INFO | Top fingerprint bits by Gini: fp_1096(0.1102), fp_423(0.0896), fp_1883(0.0803), fp_532(0.0734), fp_926(0.0557), fp_971(0.0496), fp_2022(0.0358), fp_695(0.0302), fp_1819(0.0274), fp_1057(0.0258)
2026-09-07 14:37:06,240 | INFO | Top fingerprint bits by Gini: fp_532(0.1004), fp_423(0.0727), fp_1096(0.0424), fp_915(0.0376), fp_486(0.0328), fp_550(0.0306), fp_1918(0.0303), fp_2028(0.0294), fp_974(0.0278), fp_1602(0.0277)
2026-09-07 14:37:06,547 | INFO | Top fingerprint bits by Gini: fp_423(0.1560), fp_1883(0.1443), fp_695(0.0566), fp_2028(0.0532), fp_1602(0.0463), fp_278(0.0415), fp_516(0.0410), fp_1389(0.0365), fp_1405(0.0311), fp_1670(0.0281)
2026-09-07 14:37:06,848 | INFO | Top fingerprint bits by Gini: fp_423(0.0819), fp_1602(0.0571), fp_532(0.0493), fp_1623(0.0396), fp_674(0.0337), fp_1883(0.0277), fp_1699(0.0257), fp_1918(0.0257), fp_941(0.0251), fp_550(0.0223)
2026-09-07 14:37:07,153 | INFO | Top fingerprint bits by Gini: fp_423(0.0648), fp_2022(0.0475), fp_1602(0.0438), fp_532(0.0366), fp_1883(0.0270), fp_1395(0.0227), fp_926(0.0225), fp_486(0.0223), fp_1623(0.0220), fp_183(0.0206)
2026-09-07 14:37:07,483 | INFO | Top fingerprint bits by Gini: fp_1883(0.0627), fp_1096(0.0557), fp_423(0.0544), fp_532(0.0423), fp_2022(0.0349), fp_1602(0.0311), fp_486(0.0275), fp_1389(0.0255), fp_926(0.0241), fp_516(0.0220)
2026-09-07 14:37:07,768 | INFO | Top fingerprint bits by Gini: fp_423(0.6049), fp_183(0.0670), fp_550(0.0527), fp_1137(0.0355), fp_674(0.0351), fp_1918(0.0309), fp_1523(0.0282), fp_1722(0.0234), fp_658(0.0211), fp_1904(0.0172)
2026-09-07 14:37:07,809 | INFO | Top fingerprint bits by Gini: fp_423(1.0000), fp_18(0.0000), fp_1(0.0000), fp_1345(0.0000), fp_1366(0.0000), fp_1371(0.0000), fp_1380(0.0000), fp_1384(0.0000), fp_1387(0.0000), fp_1389(0.0000)
2026-09-07 14:37:07,857 | INFO | Top fingerprint bits by Gini: fp_423(0.7600), fp_974(0.0934), fp_1395(0.0708), fp_1918(0.0450), fp_915(0.0220), fp_550(0.0088), fp_1(0.0000), fp_1366(0.0000), fp_1371(0.0000), fp_1380(0.0000)
2026-09-07 14:37:07,908 | INFO | Top fingerprint bits by Gini: fp_423(0.6049), fp_1395(0.0793), fp_1918(0.0513), fp_974(0.0454), fp_1722(0.0362), fp_915(0.0311), fp_832(0.0282), fp_802(0.0189), fp_334(0.0151), fp_1137(0.0136)
2026-09-07 14:37:07,959 | INFO | Top fingerprint bits by Gini: fp_532(0.8333), fp_926(0.0000), fp_1(0.0000), fp_1345(0.0000), fp_1366(0.0000), fp_1371(0.0000), fp_1380(0.0000), fp_1384(0.0000), fp_1387(0.0000), fp_1389(0.0000)
2026-09-07 14:37:08,006 | INFO | Top fingerprint bits by Gini: fp_423(0.7600), fp_1(0.0000), fp_1345(0.0000), fp_1366(0.0000), fp_1371(0.0000), fp_1380(0.0000), fp_1384(0.0000), fp_1387(0.0000), fp_1389(0.0000), fp_1394(0.0000)
2026-09-07 14:37:08,059 | INFO | Top fingerprint bits by Gini: fp_532(1.0000), fp_1(0.0000), fp_1345(0.0000), fp_1366(0.0000), fp_1371(0.0000), fp_1380(0.0000), fp_1384(0.0000), fp_1387(0.0000), fp_1389(0.0000), fp_1394(0.0000)
2026-09-07 14:37:08,105 | INFO | Top fingerprint bits by Gini: fp_423(0.4900), fp_550(0.0600), fp_1395(0.0592), fp_974(0.0460), fp_1623(0.0358), fp_915(0.0340), fp_1143(0.0302), fp_183(0.0294), fp_591(0.0252), fp_1523(0.0225)
2026-09-07 14:37:08,146 | INFO | Top fingerprint bits by Gini: fp_423(0.7143), fp_1904(0.0778), fp_1921(0.0464), fp_658(0.0438), fp_334(0.0344), fp_1911(0.0081), fp_832(0.0046), fp_660(0.0031), fp_1137(0.0016), fp_125(0.0011)
2026-09-07 14:37:08,191 | INFO | Top fingerprint bits by Gini: fp_1883(0.2994), fp_423(0.2591), fp_591(0.0553), fp_1722(0.0309), fp_832(0.0295), fp_1143(0.0200), fp_1137(0.0126), fp_802(0.0091), fp_1904(0.0051), fp_294(0.0015)
2026-09-07 14:37:08,236 | INFO | Top fingerprint bits by Gini: fp_423(0.4734), fp_832(0.0506), fp_125(0.0260), fp_802(0.0210), fp_1523(0.0080), fp_1921(0.0040), fp_660(0.0030), fp_591(0.0012), fp_658(0.0010), fp_1143(0.0002)
2026-09-07 14:37:08,283 | INFO | Top fingerprint bits by Gini: fp_1699(0.2840), fp_486(0.1520), fp_2022(0.0724), fp_1671(0.0386), fp_694(0.0376), fp_1366(0.0359), fp_1670(0.0342), fp_1003(0.0264), fp_1955(0.0236), fp_931(0.0202)
2026-09-07 14:37:08,323 | INFO | Top fingerprint bits by Gini: fp_532(0.6628), fp_1096(0.3372), fp_222(0.0000), fp_1(0.0000), fp_1366(0.0000), fp_1371(0.0000), fp_1380(0.0000), fp_1384(0.0000), fp_1387(0.0000), fp_1389(0.0000)
2026-09-07 14:37:08,367 | INFO | Top fingerprint bits by Gini: fp_532(0.7600), fp_974(0.0914), fp_1395(0.0655), fp_1918(0.0647), fp_550(0.0108), fp_915(0.0077), fp_1(0.0000), fp_1366(0.0000), fp_1371(0.0000), fp_1380(0.0000)
2026-09-07 14:37:08,406 | INFO | Top fingerprint bits by Gini: fp_1883(0.7499), fp_423(0.2501), fp_1(0.0000), fp_1345(0.0000), fp_1366(0.0000), fp_1371(0.0000), fp_1380(0.0000), fp_1384(0.0000), fp_1387(0.0000), fp_1389(0.0000)
2026-09-07 14:37:08,447 | INFO | Top fingerprint bits by Gini: fp_694(0.5333), fp_1(0.0000), fp_1345(0.0000), fp_1366(0.0000), fp_1371(0.0000), fp_1380(0.0000), fp_1384(0.0000), fp_1387(0.0000), fp_1389(0.0000), fp_1394(0.0000)
2026-09-07 14:37:08,499 | INFO | Top fingerprint bits by Gini: fp_423(0.4073), fp_532(0.0919), fp_674(0.0846), fp_1426(0.0435), fp_974(0.0323), fp_183(0.0316), fp_832(0.0211), fp_1623(0.0211), fp_1523(0.0180), fp_550(0.0080)
2026-09-07 14:37:08,550 | INFO | Top fingerprint bits by Gini: fp_532(0.3619), fp_1096(0.1236), fp_1883(0.1031), fp_80(0.0407), fp_423(0.0270), fp_658(0.0213), fp_1444(0.0195), fp_832(0.0134), fp_1670(0.0122), fp_125(0.0085)
2026-09-07 14:37:08,871 | INFO |                  dimension  spearman_rank_corr_mean  topk_overlap_mean  jaccard_topk_similarity  sign_consistency classification
across_models_seeds_splits                 0.566105           1.499651                 0.375472          0.577315       MARGINAL
  across_seeds_fixed_model                 0.878788           1.666667                 0.400000          1.000000         STABLE
  across_models_fixed_seed                 0.892705           1.666667                 0.400000          0.866667         STABLE
method_gini_vs_permutation                 0.200156           1.000000                 0.416667          0.192490       UNSTABLE
   method_gini_vs_ablation                 0.266342           1.000000                 0.414815          0.179321       UNSTABLE
2026-09-07 14:39:08,722 | INFO | Fingerprint features used (non-degenerate bits): 183/2048
2026-09-07 14:39:08,790 | INFO | Top fingerprint bits by Gini: fp_423(0.0738), fp_532(0.0428), fp_1602(0.0374), fp_1096(0.0298), fp_1883(0.0235), fp_1699(0.0210), fp_486(0.0200), fp_2022(0.0177), fp_1(0.0140), fp_1670(0.0130)
2026-09-07 14:39:16,884 | INFO | === XAI reproducibility (section 13) ===
2026-09-07 14:39:16,947 | INFO | Top fingerprint bits by Gini: fp_423(0.0718), fp_1602(0.0657), fp_501(0.0226), fp_2028(0.0216), fp_1057(0.0206), fp_532(0.0206), fp_80(0.0184), fp_1405(0.0163), fp_516(0.0160), fp_1389(0.0156)
2026-09-07 14:39:17,233 | INFO | Top fingerprint bits by Gini: fp_423(0.1370), fp_1883(0.0623), fp_1602(0.0465), fp_2028(0.0407), fp_257(0.0281), fp_1096(0.0277), fp_532(0.0238), fp_695(0.0226), fp_1670(0.0206), fp_1389(0.0188)
2026-09-07 14:39:17,521 | INFO | Top fingerprint bits by Gini: fp_423(0.0982), fp_2028(0.0291), fp_1602(0.0284), fp_486(0.0272), fp_501(0.0253), fp_1883(0.0220), fp_532(0.0200), fp_1699(0.0190), fp_1395(0.0189), fp_2022(0.0189)
2026-09-07 14:39:17,812 | INFO | Top fingerprint bits by Gini: fp_423(0.0817), fp_1883(0.0407), fp_532(0.0279), fp_1602(0.0275), fp_2028(0.0270), fp_74(0.0252), fp_798(0.0196), fp_1096(0.0191), fp_974(0.0162), fp_794(0.0161)
2026-09-07 14:39:18,100 | INFO | Top fingerprint bits by Gini: fp_2028(0.0724), fp_532(0.0544), fp_423(0.0521), fp_926(0.0451), fp_227(0.0290), fp_1017(0.0245), fp_971(0.0240), fp_649(0.0238), fp_1043(0.0194), fp_1(0.0185)
2026-09-07 14:39:18,389 | INFO | Top fingerprint bits by Gini: fp_423(0.0978), fp_1883(0.0348), fp_1602(0.0342), fp_257(0.0335), fp_2028(0.0334), fp_1670(0.0216), fp_1389(0.0168), fp_1452(0.0167), fp_80(0.0137), fp_2022(0.0129)
2026-09-07 14:39:18,683 | INFO | Top fingerprint bits by Gini: fp_532(0.1008), fp_1096(0.0782), fp_2022(0.0594), fp_423(0.0494), fp_1883(0.0493), fp_486(0.0356), fp_1(0.0257), fp_1923(0.0201), fp_2028(0.0155), fp_1602(0.0145)
2026-09-07 14:39:18,971 | INFO | Top fingerprint bits by Gini: fp_423(0.0561), fp_2028(0.0354), fp_532(0.0317), fp_1883(0.0284), fp_1602(0.0254), fp_183(0.0237), fp_1306(0.0200), fp_1222(0.0193), fp_674(0.0166), fp_695(0.0165)
2026-09-07 14:39:19,262 | INFO | Top fingerprint bits by Gini: fp_423(0.0792), fp_532(0.0658), fp_210(0.0360), fp_2028(0.0291), fp_1222(0.0270), fp_501(0.0261), fp_486(0.0230), fp_971(0.0216), fp_1057(0.0199), fp_76(0.0185)
2026-09-07 14:39:19,555 | INFO | Top fingerprint bits by Gini: fp_423(0.0695), fp_1883(0.0580), fp_1602(0.0465), fp_516(0.0379), fp_1389(0.0342), fp_695(0.0322), fp_2028(0.0252), fp_257(0.0195), fp_80(0.0188), fp_1444(0.0187)
2026-09-07 14:39:19,842 | INFO | Top fingerprint bits by Gini: fp_423(0.0524), fp_257(0.0346), fp_2028(0.0242), fp_1(0.0197), fp_227(0.0180), fp_591(0.0170), fp_1883(0.0153), fp_971(0.0144), fp_1066(0.0138), fp_532(0.0130)
2026-09-07 14:39:20,133 | INFO | Top fingerprint bits by Gini: fp_486(0.0538), fp_971(0.0360), fp_222(0.0325), fp_423(0.0314), fp_1883(0.0273), fp_1699(0.0268), fp_257(0.0262), fp_2022(0.0249), fp_926(0.0187), fp_1602(0.0164)
2026-09-07 14:39:20,423 | INFO | Top fingerprint bits by Gini: fp_1096(0.1115), fp_423(0.0683), fp_532(0.0636), fp_1883(0.0627), fp_486(0.0498), fp_2022(0.0435), fp_971(0.0388), fp_926(0.0347), fp_695(0.0291), fp_2028(0.0234)
2026-09-07 14:39:20,712 | INFO | Top fingerprint bits by Gini: fp_532(0.0793), fp_423(0.0374), fp_1096(0.0368), fp_2022(0.0236), fp_486(0.0208), fp_915(0.0195), fp_2028(0.0192), fp_971(0.0192), fp_974(0.0189), fp_1883(0.0172)
2026-09-07 14:39:21,002 | INFO | Top fingerprint bits by Gini: fp_1883(0.0909), fp_423(0.0860), fp_695(0.0462), fp_1602(0.0412), fp_1405(0.0398), fp_1389(0.0318), fp_257(0.0279), fp_2028(0.0275), fp_1096(0.0274), fp_486(0.0237)
2026-09-07 14:39:21,292 | INFO | Top fingerprint bits by Gini: fp_423(0.0472), fp_1602(0.0353), fp_974(0.0318), fp_1883(0.0315), fp_2022(0.0289), fp_915(0.0275), fp_532(0.0242), fp_183(0.0211), fp_486(0.0201), fp_516(0.0201)
2026-09-07 14:39:21,583 | INFO | Top fingerprint bits by Gini: fp_423(0.0488), fp_486(0.0437), fp_2022(0.0375), fp_532(0.0320), fp_1602(0.0315), fp_1096(0.0252), fp_1389(0.0205), fp_1623(0.0190), fp_1699(0.0170), fp_516(0.0150)
2026-09-07 14:39:21,874 | INFO | Top fingerprint bits by Gini: fp_423(0.0610), fp_1883(0.0587), fp_1096(0.0534), fp_532(0.0397), fp_1602(0.0288), fp_486(0.0279), fp_2022(0.0270), fp_257(0.0181), fp_971(0.0169), fp_1(0.0166)
2026-09-07 14:39:22,159 | INFO | Top fingerprint bits by Gini: fp_423(0.1011), fp_1602(0.0623), fp_210(0.0359), fp_2028(0.0264), fp_1873(0.0239), fp_1405(0.0226), fp_1670(0.0222), fp_1057(0.0219), fp_1918(0.0209), fp_532(0.0203)
2026-09-07 14:39:22,447 | INFO | Top fingerprint bits by Gini: fp_423(0.1544), fp_2028(0.0807), fp_1883(0.0690), fp_1602(0.0573), fp_532(0.0523), fp_1405(0.0330), fp_1096(0.0282), fp_695(0.0268), fp_1389(0.0230), fp_1873(0.0225)
2026-09-07 14:39:22,729 | INFO | Top fingerprint bits by Gini: fp_423(0.0953), fp_1883(0.0528), fp_532(0.0413), fp_1602(0.0395), fp_915(0.0319), fp_550(0.0273), fp_2028(0.0251), fp_1395(0.0211), fp_1918(0.0204), fp_76(0.0202)
2026-09-07 14:39:23,017 | INFO | Top fingerprint bits by Gini: fp_423(0.0749), fp_532(0.0587), fp_1883(0.0481), fp_2028(0.0412), fp_1395(0.0302), fp_1371(0.0279), fp_1602(0.0252), fp_974(0.0247), fp_1096(0.0230), fp_251(0.0230)
2026-09-07 14:39:23,303 | INFO | Top fingerprint bits by Gini: fp_926(0.0708), fp_423(0.0648), fp_2028(0.0639), fp_532(0.0628), fp_1819(0.0353), fp_1(0.0343), fp_227(0.0306), fp_2022(0.0293), fp_649(0.0286), fp_486(0.0281)
2026-09-07 14:39:23,587 | INFO | Top fingerprint bits by Gini: fp_423(0.0939), fp_1883(0.0546), fp_257(0.0437), fp_1602(0.0408), fp_2028(0.0375), fp_532(0.0326), fp_1670(0.0249), fp_1405(0.0237), fp_717(0.0180), fp_745(0.0180)
2026-09-07 14:39:23,870 | INFO | Top fingerprint bits by Gini: fp_532(0.1347), fp_423(0.1017), fp_486(0.0806), fp_1096(0.0503), fp_1883(0.0455), fp_2022(0.0434), fp_2028(0.0393), fp_1(0.0332), fp_1819(0.0314), fp_649(0.0239)
2026-09-07 14:39:24,172 | INFO | Top fingerprint bits by Gini: fp_423(0.0791), fp_2028(0.0506), fp_532(0.0462), fp_1602(0.0381), fp_1883(0.0369), fp_1873(0.0325), fp_674(0.0271), fp_183(0.0234), fp_278(0.0210), fp_1306(0.0207)
2026-09-07 14:39:24,465 | INFO | Top fingerprint bits by Gini: fp_423(0.1162), fp_2028(0.0522), fp_1222(0.0448), fp_532(0.0410), fp_257(0.0388), fp_501(0.0347), fp_278(0.0335), fp_1883(0.0292), fp_1602(0.0284), fp_1405(0.0260)
2026-09-07 14:39:24,759 | INFO | Top fingerprint bits by Gini: fp_1883(0.0792), fp_423(0.0646), fp_1602(0.0518), fp_516(0.0420), fp_1389(0.0388), fp_1444(0.0372), fp_257(0.0365), fp_2028(0.0302), fp_695(0.0267), fp_1057(0.0188)
2026-09-07 14:39:25,057 | INFO | Top fingerprint bits by Gini: fp_423(0.0750), fp_257(0.0639), fp_2028(0.0315), fp_1405(0.0256), fp_1699(0.0240), fp_1883(0.0229), fp_1670(0.0228), fp_532(0.0228), fp_1(0.0226), fp_2042(0.0200)
2026-09-07 14:39:25,348 | INFO | Top fingerprint bits by Gini: fp_257(0.0560), fp_423(0.0535), fp_1699(0.0517), fp_2022(0.0431), fp_486(0.0398), fp_926(0.0277), fp_2028(0.0268), fp_1602(0.0267), fp_694(0.0257), fp_1883(0.0255)
2026-09-07 14:39:25,651 | INFO | Top fingerprint bits by Gini: fp_1096(0.1102), fp_423(0.0896), fp_1883(0.0803), fp_532(0.0734), fp_926(0.0557), fp_971(0.0496), fp_2022(0.0358), fp_695(0.0302), fp_1819(0.0274), fp_1057(0.0258)
2026-09-07 14:39:25,938 | INFO | Top fingerprint bits by Gini: fp_532(0.1004), fp_423(0.0727), fp_1096(0.0424), fp_915(0.0376), fp_486(0.0328), fp_550(0.0306), fp_1918(0.0303), fp_2028(0.0294), fp_974(0.0278), fp_1602(0.0277)
2026-09-07 14:39:26,220 | INFO | Top fingerprint bits by Gini: fp_423(0.1560), fp_1883(0.1443), fp_695(0.0566), fp_2028(0.0532), fp_1602(0.0463), fp_278(0.0415), fp_516(0.0410), fp_1389(0.0365), fp_1405(0.0311), fp_1670(0.0281)
2026-09-07 14:39:26,504 | INFO | Top fingerprint bits by Gini: fp_423(0.0819), fp_1602(0.0571), fp_532(0.0493), fp_1623(0.0396), fp_674(0.0337), fp_1883(0.0277), fp_1699(0.0257), fp_1918(0.0257), fp_941(0.0251), fp_550(0.0223)
2026-09-07 14:39:26,787 | INFO | Top fingerprint bits by Gini: fp_423(0.0648), fp_2022(0.0475), fp_1602(0.0438), fp_532(0.0366), fp_1883(0.0270), fp_1395(0.0227), fp_926(0.0225), fp_486(0.0223), fp_1623(0.0220), fp_183(0.0206)
2026-09-07 14:39:27,091 | INFO | Top fingerprint bits by Gini: fp_1883(0.0627), fp_1096(0.0557), fp_423(0.0544), fp_532(0.0423), fp_2022(0.0349), fp_1602(0.0311), fp_486(0.0275), fp_1389(0.0255), fp_926(0.0241), fp_516(0.0220)
2026-09-07 14:39:27,366 | INFO | Top fingerprint bits by Gini: fp_423(0.6049), fp_183(0.0670), fp_550(0.0527), fp_1137(0.0355), fp_674(0.0351), fp_1918(0.0309), fp_1523(0.0282), fp_1722(0.0234), fp_658(0.0211), fp_1904(0.0172)
2026-09-07 14:39:27,406 | INFO | Top fingerprint bits by Gini: fp_423(1.0000), fp_18(0.0000), fp_1(0.0000), fp_1345(0.0000), fp_1366(0.0000), fp_1371(0.0000), fp_1380(0.0000), fp_1384(0.0000), fp_1387(0.0000), fp_1389(0.0000)
2026-09-07 14:39:27,449 | INFO | Top fingerprint bits by Gini: fp_423(0.7600), fp_974(0.0934), fp_1395(0.0708), fp_1918(0.0450), fp_915(0.0220), fp_550(0.0088), fp_1(0.0000), fp_1366(0.0000), fp_1371(0.0000), fp_1380(0.0000)
2026-09-07 14:39:27,495 | INFO | Top fingerprint bits by Gini: fp_423(0.6049), fp_1395(0.0793), fp_1918(0.0513), fp_974(0.0454), fp_1722(0.0362), fp_915(0.0311), fp_832(0.0282), fp_802(0.0189), fp_334(0.0151), fp_1137(0.0136)
2026-09-07 14:39:27,537 | INFO | Top fingerprint bits by Gini: fp_532(0.8333), fp_926(0.0000), fp_1(0.0000), fp_1345(0.0000), fp_1366(0.0000), fp_1371(0.0000), fp_1380(0.0000), fp_1384(0.0000), fp_1387(0.0000), fp_1389(0.0000)
2026-09-07 14:39:27,580 | INFO | Top fingerprint bits by Gini: fp_423(0.7600), fp_1(0.0000), fp_1345(0.0000), fp_1366(0.0000), fp_1371(0.0000), fp_1380(0.0000), fp_1384(0.0000), fp_1387(0.0000), fp_1389(0.0000), fp_1394(0.0000)
2026-09-07 14:39:27,620 | INFO | Top fingerprint bits by Gini: fp_532(1.0000), fp_1(0.0000), fp_1345(0.0000), fp_1366(0.0000), fp_1371(0.0000), fp_1380(0.0000), fp_1384(0.0000), fp_1387(0.0000), fp_1389(0.0000), fp_1394(0.0000)
2026-09-07 14:39:27,665 | INFO | Top fingerprint bits by Gini: fp_423(0.4900), fp_550(0.0600), fp_1395(0.0592), fp_974(0.0460), fp_1623(0.0358), fp_915(0.0340), fp_1143(0.0302), fp_183(0.0294), fp_591(0.0252), fp_1523(0.0225)
2026-09-07 14:39:27,706 | INFO | Top fingerprint bits by Gini: fp_423(0.7143), fp_1904(0.0778), fp_1921(0.0464), fp_658(0.0438), fp_334(0.0344), fp_1911(0.0081), fp_832(0.0046), fp_660(0.0031), fp_1137(0.0016), fp_125(0.0011)
2026-09-07 14:39:27,752 | INFO | Top fingerprint bits by Gini: fp_1883(0.2994), fp_423(0.2591), fp_591(0.0553), fp_1722(0.0309), fp_832(0.0295), fp_1143(0.0200), fp_1137(0.0126), fp_802(0.0091), fp_1904(0.0051), fp_294(0.0015)
2026-09-07 14:39:27,796 | INFO | Top fingerprint bits by Gini: fp_423(0.4734), fp_832(0.0506), fp_125(0.0260), fp_802(0.0210), fp_1523(0.0080), fp_1921(0.0040), fp_660(0.0030), fp_591(0.0012), fp_658(0.0010), fp_1143(0.0002)
2026-09-07 14:39:27,841 | INFO | Top fingerprint bits by Gini: fp_1699(0.2840), fp_486(0.1520), fp_2022(0.0724), fp_1671(0.0386), fp_694(0.0376), fp_1366(0.0359), fp_1670(0.0342), fp_1003(0.0264), fp_1955(0.0236), fp_931(0.0202)
2026-09-07 14:39:27,879 | INFO | Top fingerprint bits by Gini: fp_532(0.6628), fp_1096(0.3372), fp_222(0.0000), fp_1(0.0000), fp_1366(0.0000), fp_1371(0.0000), fp_1380(0.0000), fp_1384(0.0000), fp_1387(0.0000), fp_1389(0.0000)
2026-09-07 14:39:27,921 | INFO | Top fingerprint bits by Gini: fp_532(0.7600), fp_974(0.0914), fp_1395(0.0655), fp_1918(0.0647), fp_550(0.0108), fp_915(0.0077), fp_1(0.0000), fp_1366(0.0000), fp_1371(0.0000), fp_1380(0.0000)
2026-09-07 14:39:27,958 | INFO | Top fingerprint bits by Gini: fp_1883(0.7499), fp_423(0.2501), fp_1(0.0000), fp_1345(0.0000), fp_1366(0.0000), fp_1371(0.0000), fp_1380(0.0000), fp_1384(0.0000), fp_1387(0.0000), fp_1389(0.0000)
2026-09-07 14:39:27,998 | INFO | Top fingerprint bits by Gini: fp_694(0.5333), fp_1(0.0000), fp_1345(0.0000), fp_1366(0.0000), fp_1371(0.0000), fp_1380(0.0000), fp_1384(0.0000), fp_1387(0.0000), fp_1389(0.0000), fp_1394(0.0000)
2026-09-07 14:39:28,047 | INFO | Top fingerprint bits by Gini: fp_423(0.4073), fp_532(0.0919), fp_674(0.0846), fp_1426(0.0435), fp_974(0.0323), fp_183(0.0316), fp_832(0.0211), fp_1623(0.0211), fp_1523(0.0180), fp_550(0.0080)
2026-09-07 14:39:28,096 | INFO | Top fingerprint bits by Gini: fp_532(0.3619), fp_1096(0.1236), fp_1883(0.1031), fp_80(0.0407), fp_423(0.0270), fp_658(0.0213), fp_1444(0.0195), fp_832(0.0134), fp_1670(0.0122), fp_125(0.0085)
2026-09-07 14:39:28,411 | INFO |                  dimension  spearman_rank_corr_mean  topk_overlap_mean  jaccard_topk_similarity  sign_consistency classification
across_models_seeds_splits                 0.566105           1.499651                 0.375472          0.577315       MARGINAL
  across_seeds_fixed_model                 0.878788           1.666667                 0.400000          1.000000         STABLE
  across_models_fixed_seed                 0.892705           1.666667                 0.400000          0.866667         STABLE
method_gini_vs_permutation                 0.200156           1.000000                 0.416667          0.192490       UNSTABLE
   method_gini_vs_ablation                 0.266342           1.000000                 0.414815          0.179321       UNSTABLE
2026-09-07 14:39:28,412 | INFO | === Explanation-preservation analysis (section 26) ===
2026-09-07 14:39:28,414 | INFO | top_generic_descriptor top_specific_descriptor  generic_descriptor_gini_frac  specific_descriptor_gini_frac  fragment_experimental_support_frac               shap_top3_features  shap_includes_specific  generic_dominated_flag  weak_experimental_fragment_support_flag  flag_artifact_exploitation                                                                            interpretation
  FractionCSP3,LogP,MW                 HBD,HBA                         0.938                          0.062                                 1.0 FractionCSP3,LogP,HeavyAtomCount                       0                    True                                    False                       False Model top features retain experimental specificity; artifact-exploitation flag NOT raised
2026-09-07 14:40:44,289 | INFO | Fingerprint features used (non-degenerate bits): 183/2048
2026-09-07 14:40:44,357 | INFO | Top fingerprint bits by Gini: fp_423(0.0738), fp_532(0.0428), fp_1602(0.0374), fp_1096(0.0298), fp_1883(0.0235), fp_1699(0.0210), fp_486(0.0200), fp_2022(0.0177), fp_1(0.0140), fp_1670(0.0130)
2026-09-07 14:40:52,615 | INFO | === Counterfactual analysis (section 14) ===
2026-09-07 14:40:52,727 | INFO |                       probe              category  predicted_active  confidence
    ID01_break_lactone_ring        remove_feature              True       0.925
     ID01_remove_primary_OH         change_h_bond              True       0.750
 ID01_move_primary_OH_chain      move_substituent              True       0.600
             ID25_remove_Br        remove_feature              True       0.845
              ID25_Br_to_Cl       replace_feature              True       0.865
             ID25_Br_to_CF3       replace_feature              True       0.770
         ID25_remove_stereo alter_stereochemistry              True       0.915
         ID12_remove_stereo alter_stereochemistry              True       0.645
      ID12_flip_core_stereo alter_stereochemistry              True       0.645
         ID12_remove_alkyne        remove_feature             False       0.930
 ID12_alkyne_to_small_chain       replace_feature             False       0.895
 ID18_ester_to_ether_linker          alter_linker              True       0.520
ID18_benzyl_to_ortho_methyl     alter_hydrophobic             False       0.545
        ID24_remove_alcohol        remove_feature             False       0.585
           ID01_open_pyrone        remove_feature             False       0.750
2026-09-07 14:40:52,727 | INFO | === XAI reproducibility (section 13) ===
2026-09-07 14:40:52,807 | INFO | Top fingerprint bits by Gini: fp_423(0.0718), fp_1602(0.0657), fp_501(0.0226), fp_2028(0.0216), fp_1057(0.0206), fp_532(0.0206), fp_80(0.0184), fp_1405(0.0163), fp_516(0.0160), fp_1389(0.0156)
2026-09-07 14:40:53,148 | INFO | Top fingerprint bits by Gini: fp_423(0.1370), fp_1883(0.0623), fp_1602(0.0465), fp_2028(0.0407), fp_257(0.0281), fp_1096(0.0277), fp_532(0.0238), fp_695(0.0226), fp_1670(0.0206), fp_1389(0.0188)
2026-09-07 14:40:53,477 | INFO | Top fingerprint bits by Gini: fp_423(0.0982), fp_2028(0.0291), fp_1602(0.0284), fp_486(0.0272), fp_501(0.0253), fp_1883(0.0220), fp_532(0.0200), fp_1699(0.0190), fp_1395(0.0189), fp_2022(0.0189)
2026-09-07 14:40:53,791 | INFO | Top fingerprint bits by Gini: fp_423(0.0817), fp_1883(0.0407), fp_532(0.0279), fp_1602(0.0275), fp_2028(0.0270), fp_74(0.0252), fp_798(0.0196), fp_1096(0.0191), fp_974(0.0162), fp_794(0.0161)
2026-09-07 14:40:54,088 | INFO | Top fingerprint bits by Gini: fp_2028(0.0724), fp_532(0.0544), fp_423(0.0521), fp_926(0.0451), fp_227(0.0290), fp_1017(0.0245), fp_971(0.0240), fp_649(0.0238), fp_1043(0.0194), fp_1(0.0185)
2026-09-07 14:40:54,384 | INFO | Top fingerprint bits by Gini: fp_423(0.0978), fp_1883(0.0348), fp_1602(0.0342), fp_257(0.0335), fp_2028(0.0334), fp_1670(0.0216), fp_1389(0.0168), fp_1452(0.0167), fp_80(0.0137), fp_2022(0.0129)
2026-09-07 14:40:54,684 | INFO | Top fingerprint bits by Gini: fp_532(0.1008), fp_1096(0.0782), fp_2022(0.0594), fp_423(0.0494), fp_1883(0.0493), fp_486(0.0356), fp_1(0.0257), fp_1923(0.0201), fp_2028(0.0155), fp_1602(0.0145)
2026-09-07 14:40:54,979 | INFO | Top fingerprint bits by Gini: fp_423(0.0561), fp_2028(0.0354), fp_532(0.0317), fp_1883(0.0284), fp_1602(0.0254), fp_183(0.0237), fp_1306(0.0200), fp_1222(0.0193), fp_674(0.0166), fp_695(0.0165)
2026-09-07 14:40:55,283 | INFO | Top fingerprint bits by Gini: fp_423(0.0792), fp_532(0.0658), fp_210(0.0360), fp_2028(0.0291), fp_1222(0.0270), fp_501(0.0261), fp_486(0.0230), fp_971(0.0216), fp_1057(0.0199), fp_76(0.0185)
2026-09-07 14:40:55,593 | INFO | Top fingerprint bits by Gini: fp_423(0.0695), fp_1883(0.0580), fp_1602(0.0465), fp_516(0.0379), fp_1389(0.0342), fp_695(0.0322), fp_2028(0.0252), fp_257(0.0195), fp_80(0.0188), fp_1444(0.0187)
2026-09-07 14:40:55,895 | INFO | Top fingerprint bits by Gini: fp_423(0.0524), fp_257(0.0346), fp_2028(0.0242), fp_1(0.0197), fp_227(0.0180), fp_591(0.0170), fp_1883(0.0153), fp_971(0.0144), fp_1066(0.0138), fp_532(0.0130)
2026-09-07 14:40:56,218 | INFO | Top fingerprint bits by Gini: fp_486(0.0538), fp_971(0.0360), fp_222(0.0325), fp_423(0.0314), fp_1883(0.0273), fp_1699(0.0268), fp_257(0.0262), fp_2022(0.0249), fp_926(0.0187), fp_1602(0.0164)
2026-09-07 14:40:56,526 | INFO | Top fingerprint bits by Gini: fp_1096(0.1115), fp_423(0.0683), fp_532(0.0636), fp_1883(0.0627), fp_486(0.0498), fp_2022(0.0435), fp_971(0.0388), fp_926(0.0347), fp_695(0.0291), fp_2028(0.0234)
2026-09-07 14:40:56,839 | INFO | Top fingerprint bits by Gini: fp_532(0.0793), fp_423(0.0374), fp_1096(0.0368), fp_2022(0.0236), fp_486(0.0208), fp_915(0.0195), fp_2028(0.0192), fp_971(0.0192), fp_974(0.0189), fp_1883(0.0172)
2026-09-07 14:40:57,149 | INFO | Top fingerprint bits by Gini: fp_1883(0.0909), fp_423(0.0860), fp_695(0.0462), fp_1602(0.0412), fp_1405(0.0398), fp_1389(0.0318), fp_257(0.0279), fp_2028(0.0275), fp_1096(0.0274), fp_486(0.0237)
2026-09-07 14:40:57,470 | INFO | Top fingerprint bits by Gini: fp_423(0.0472), fp_1602(0.0353), fp_974(0.0318), fp_1883(0.0315), fp_2022(0.0289), fp_915(0.0275), fp_532(0.0242), fp_183(0.0211), fp_486(0.0201), fp_516(0.0201)
2026-09-07 14:40:57,788 | INFO | Top fingerprint bits by Gini: fp_423(0.0488), fp_486(0.0437), fp_2022(0.0375), fp_532(0.0320), fp_1602(0.0315), fp_1096(0.0252), fp_1389(0.0205), fp_1623(0.0190), fp_1699(0.0170), fp_516(0.0150)
2026-09-07 14:40:58,096 | INFO | Top fingerprint bits by Gini: fp_423(0.0610), fp_1883(0.0587), fp_1096(0.0534), fp_532(0.0397), fp_1602(0.0288), fp_486(0.0279), fp_2022(0.0270), fp_257(0.0181), fp_971(0.0169), fp_1(0.0166)
2026-09-07 14:40:58,405 | INFO | Top fingerprint bits by Gini: fp_423(0.1011), fp_1602(0.0623), fp_210(0.0359), fp_2028(0.0264), fp_1873(0.0239), fp_1405(0.0226), fp_1670(0.0222), fp_1057(0.0219), fp_1918(0.0209), fp_532(0.0203)
2026-09-07 14:40:58,703 | INFO | Top fingerprint bits by Gini: fp_423(0.1544), fp_2028(0.0807), fp_1883(0.0690), fp_1602(0.0573), fp_532(0.0523), fp_1405(0.0330), fp_1096(0.0282), fp_695(0.0268), fp_1389(0.0230), fp_1873(0.0225)
2026-09-07 14:40:59,001 | INFO | Top fingerprint bits by Gini: fp_423(0.0953), fp_1883(0.0528), fp_532(0.0413), fp_1602(0.0395), fp_915(0.0319), fp_550(0.0273), fp_2028(0.0251), fp_1395(0.0211), fp_1918(0.0204), fp_76(0.0202)
2026-09-07 14:40:59,316 | INFO | Top fingerprint bits by Gini: fp_423(0.0749), fp_532(0.0587), fp_1883(0.0481), fp_2028(0.0412), fp_1395(0.0302), fp_1371(0.0279), fp_1602(0.0252), fp_974(0.0247), fp_1096(0.0230), fp_251(0.0230)
2026-09-07 14:40:59,615 | INFO | Top fingerprint bits by Gini: fp_926(0.0708), fp_423(0.0648), fp_2028(0.0639), fp_532(0.0628), fp_1819(0.0353), fp_1(0.0343), fp_227(0.0306), fp_2022(0.0293), fp_649(0.0286), fp_486(0.0281)
2026-09-07 14:40:59,912 | INFO | Top fingerprint bits by Gini: fp_423(0.0939), fp_1883(0.0546), fp_257(0.0437), fp_1602(0.0408), fp_2028(0.0375), fp_532(0.0326), fp_1670(0.0249), fp_1405(0.0237), fp_717(0.0180), fp_745(0.0180)
2026-09-07 14:41:00,211 | INFO | Top fingerprint bits by Gini: fp_532(0.1347), fp_423(0.1017), fp_486(0.0806), fp_1096(0.0503), fp_1883(0.0455), fp_2022(0.0434), fp_2028(0.0393), fp_1(0.0332), fp_1819(0.0314), fp_649(0.0239)
2026-09-07 14:41:00,523 | INFO | Top fingerprint bits by Gini: fp_423(0.0791), fp_2028(0.0506), fp_532(0.0462), fp_1602(0.0381), fp_1883(0.0369), fp_1873(0.0325), fp_674(0.0271), fp_183(0.0234), fp_278(0.0210), fp_1306(0.0207)
2026-09-07 14:41:00,812 | INFO | Top fingerprint bits by Gini: fp_423(0.1162), fp_2028(0.0522), fp_1222(0.0448), fp_532(0.0410), fp_257(0.0388), fp_501(0.0347), fp_278(0.0335), fp_1883(0.0292), fp_1602(0.0284), fp_1405(0.0260)
2026-09-07 14:41:01,114 | INFO | Top fingerprint bits by Gini: fp_1883(0.0792), fp_423(0.0646), fp_1602(0.0518), fp_516(0.0420), fp_1389(0.0388), fp_1444(0.0372), fp_257(0.0365), fp_2028(0.0302), fp_695(0.0267), fp_1057(0.0188)
2026-09-07 14:41:01,402 | INFO | Top fingerprint bits by Gini: fp_423(0.0750), fp_257(0.0639), fp_2028(0.0315), fp_1405(0.0256), fp_1699(0.0240), fp_1883(0.0229), fp_1670(0.0228), fp_532(0.0228), fp_1(0.0226), fp_2042(0.0200)
2026-09-07 14:41:01,712 | INFO | Top fingerprint bits by Gini: fp_257(0.0560), fp_423(0.0535), fp_1699(0.0517), fp_2022(0.0431), fp_486(0.0398), fp_926(0.0277), fp_2028(0.0268), fp_1602(0.0267), fp_694(0.0257), fp_1883(0.0255)
2026-09-07 14:41:01,999 | INFO | Top fingerprint bits by Gini: fp_1096(0.1102), fp_423(0.0896), fp_1883(0.0803), fp_532(0.0734), fp_926(0.0557), fp_971(0.0496), fp_2022(0.0358), fp_695(0.0302), fp_1819(0.0274), fp_1057(0.0258)
2026-09-07 14:41:02,286 | INFO | Top fingerprint bits by Gini: fp_532(0.1004), fp_423(0.0727), fp_1096(0.0424), fp_915(0.0376), fp_486(0.0328), fp_550(0.0306), fp_1918(0.0303), fp_2028(0.0294), fp_974(0.0278), fp_1602(0.0277)
2026-09-07 14:41:02,576 | INFO | Top fingerprint bits by Gini: fp_423(0.1560), fp_1883(0.1443), fp_695(0.0566), fp_2028(0.0532), fp_1602(0.0463), fp_278(0.0415), fp_516(0.0410), fp_1389(0.0365), fp_1405(0.0311), fp_1670(0.0281)
2026-09-07 14:41:02,863 | INFO | Top fingerprint bits by Gini: fp_423(0.0819), fp_1602(0.0571), fp_532(0.0493), fp_1623(0.0396), fp_674(0.0337), fp_1883(0.0277), fp_1699(0.0257), fp_1918(0.0257), fp_941(0.0251), fp_550(0.0223)
2026-09-07 14:41:03,153 | INFO | Top fingerprint bits by Gini: fp_423(0.0648), fp_2022(0.0475), fp_1602(0.0438), fp_532(0.0366), fp_1883(0.0270), fp_1395(0.0227), fp_926(0.0225), fp_486(0.0223), fp_1623(0.0220), fp_183(0.0206)
2026-09-07 14:41:03,440 | INFO | Top fingerprint bits by Gini: fp_1883(0.0627), fp_1096(0.0557), fp_423(0.0544), fp_532(0.0423), fp_2022(0.0349), fp_1602(0.0311), fp_486(0.0275), fp_1389(0.0255), fp_926(0.0241), fp_516(0.0220)
2026-09-07 14:41:03,711 | INFO | Top fingerprint bits by Gini: fp_423(0.6049), fp_183(0.0670), fp_550(0.0527), fp_1137(0.0355), fp_674(0.0351), fp_1918(0.0309), fp_1523(0.0282), fp_1722(0.0234), fp_658(0.0211), fp_1904(0.0172)
2026-09-07 14:41:03,750 | INFO | Top fingerprint bits by Gini: fp_423(1.0000), fp_18(0.0000), fp_1(0.0000), fp_1345(0.0000), fp_1366(0.0000), fp_1371(0.0000), fp_1380(0.0000), fp_1384(0.0000), fp_1387(0.0000), fp_1389(0.0000)
2026-09-07 14:41:03,791 | INFO | Top fingerprint bits by Gini: fp_423(0.7600), fp_974(0.0934), fp_1395(0.0708), fp_1918(0.0450), fp_915(0.0220), fp_550(0.0088), fp_1(0.0000), fp_1366(0.0000), fp_1371(0.0000), fp_1380(0.0000)
2026-09-07 14:41:03,835 | INFO | Top fingerprint bits by Gini: fp_423(0.6049), fp_1395(0.0793), fp_1918(0.0513), fp_974(0.0454), fp_1722(0.0362), fp_915(0.0311), fp_832(0.0282), fp_802(0.0189), fp_334(0.0151), fp_1137(0.0136)
2026-09-07 14:41:03,875 | INFO | Top fingerprint bits by Gini: fp_532(0.8333), fp_926(0.0000), fp_1(0.0000), fp_1345(0.0000), fp_1366(0.0000), fp_1371(0.0000), fp_1380(0.0000), fp_1384(0.0000), fp_1387(0.0000), fp_1389(0.0000)
2026-09-07 14:41:03,917 | INFO | Top fingerprint bits by Gini: fp_423(0.7600), fp_1(0.0000), fp_1345(0.0000), fp_1366(0.0000), fp_1371(0.0000), fp_1380(0.0000), fp_1384(0.0000), fp_1387(0.0000), fp_1389(0.0000), fp_1394(0.0000)
2026-09-07 14:41:03,955 | INFO | Top fingerprint bits by Gini: fp_532(1.0000), fp_1(0.0000), fp_1345(0.0000), fp_1366(0.0000), fp_1371(0.0000), fp_1380(0.0000), fp_1384(0.0000), fp_1387(0.0000), fp_1389(0.0000), fp_1394(0.0000)
2026-09-07 14:41:03,999 | INFO | Top fingerprint bits by Gini: fp_423(0.4900), fp_550(0.0600), fp_1395(0.0592), fp_974(0.0460), fp_1623(0.0358), fp_915(0.0340), fp_1143(0.0302), fp_183(0.0294), fp_591(0.0252), fp_1523(0.0225)
2026-09-07 14:41:04,039 | INFO | Top fingerprint bits by Gini: fp_423(0.7143), fp_1904(0.0778), fp_1921(0.0464), fp_658(0.0438), fp_334(0.0344), fp_1911(0.0081), fp_832(0.0046), fp_660(0.0031), fp_1137(0.0016), fp_125(0.0011)
2026-09-07 14:41:04,083 | INFO | Top fingerprint bits by Gini: fp_1883(0.2994), fp_423(0.2591), fp_591(0.0553), fp_1722(0.0309), fp_832(0.0295), fp_1143(0.0200), fp_1137(0.0126), fp_802(0.0091), fp_1904(0.0051), fp_294(0.0015)
2026-09-07 14:41:04,127 | INFO | Top fingerprint bits by Gini: fp_423(0.4734), fp_832(0.0506), fp_125(0.0260), fp_802(0.0210), fp_1523(0.0080), fp_1921(0.0040), fp_660(0.0030), fp_591(0.0012), fp_658(0.0010), fp_1143(0.0002)
2026-09-07 14:41:04,182 | INFO | Top fingerprint bits by Gini: fp_1699(0.2840), fp_486(0.1520), fp_2022(0.0724), fp_1671(0.0386), fp_694(0.0376), fp_1366(0.0359), fp_1670(0.0342), fp_1003(0.0264), fp_1955(0.0236), fp_931(0.0202)
2026-09-07 14:41:04,223 | INFO | Top fingerprint bits by Gini: fp_532(0.6628), fp_1096(0.3372), fp_222(0.0000), fp_1(0.0000), fp_1366(0.0000), fp_1371(0.0000), fp_1380(0.0000), fp_1384(0.0000), fp_1387(0.0000), fp_1389(0.0000)
2026-09-07 14:41:04,266 | INFO | Top fingerprint bits by Gini: fp_532(0.7600), fp_974(0.0914), fp_1395(0.0655), fp_1918(0.0647), fp_550(0.0108), fp_915(0.0077), fp_1(0.0000), fp_1366(0.0000), fp_1371(0.0000), fp_1380(0.0000)
2026-09-07 14:41:04,303 | INFO | Top fingerprint bits by Gini: fp_1883(0.7499), fp_423(0.2501), fp_1(0.0000), fp_1345(0.0000), fp_1366(0.0000), fp_1371(0.0000), fp_1380(0.0000), fp_1384(0.0000), fp_1387(0.0000), fp_1389(0.0000)
2026-09-07 14:41:04,343 | INFO | Top fingerprint bits by Gini: fp_694(0.5333), fp_1(0.0000), fp_1345(0.0000), fp_1366(0.0000), fp_1371(0.0000), fp_1380(0.0000), fp_1384(0.0000), fp_1387(0.0000), fp_1389(0.0000), fp_1394(0.0000)
2026-09-07 14:41:04,394 | INFO | Top fingerprint bits by Gini: fp_423(0.4073), fp_532(0.0919), fp_674(0.0846), fp_1426(0.0435), fp_974(0.0323), fp_183(0.0316), fp_832(0.0211), fp_1623(0.0211), fp_1523(0.0180), fp_550(0.0080)
2026-09-07 14:41:04,443 | INFO | Top fingerprint bits by Gini: fp_532(0.3619), fp_1096(0.1236), fp_1883(0.1031), fp_80(0.0407), fp_423(0.0270), fp_658(0.0213), fp_1444(0.0195), fp_832(0.0134), fp_1670(0.0122), fp_125(0.0085)
2026-09-07 14:41:04,756 | INFO |                  dimension  spearman_rank_corr_mean  topk_overlap_mean  jaccard_topk_similarity  sign_consistency classification
across_models_seeds_splits                 0.566105           1.499651                 0.375472          0.577315       MARGINAL
  across_seeds_fixed_model                 0.878788           1.666667                 0.400000          1.000000         STABLE
  across_models_fixed_seed                 0.892705           1.666667                 0.400000          0.866667         STABLE
method_gini_vs_permutation                 0.200156           1.000000                 0.416667          0.192490       UNSTABLE
   method_gini_vs_ablation                 0.266342           1.000000                 0.414815          0.179321       UNSTABLE
2026-09-07 14:41:04,756 | INFO | === Explanation-preservation analysis (section 26) ===
2026-09-07 14:41:04,759 | INFO | top_generic_descriptor top_specific_descriptor  generic_descriptor_gini_frac  specific_descriptor_gini_frac  fragment_experimental_support_frac               shap_top3_features  shap_includes_specific  generic_dominated_flag  weak_experimental_fragment_support_flag  flag_artifact_exploitation                                                                            interpretation
  FractionCSP3,LogP,MW                 HBD,HBA                         0.938                          0.062                                 1.0 FractionCSP3,LogP,HeavyAtomCount                       0                    True                                    False                       False Model top features retain experimental specificity; artifact-exploitation flag NOT raised
2026-09-07 14:42:40,582 | INFO | Fingerprint features used (non-degenerate bits): 183/2048
2026-09-07 14:42:40,649 | INFO | Top fingerprint bits by Gini: fp_423(0.0738), fp_532(0.0428), fp_1602(0.0374), fp_1096(0.0298), fp_1883(0.0235), fp_1699(0.0210), fp_486(0.0200), fp_2022(0.0177), fp_1(0.0140), fp_1670(0.0130)
2026-09-07 14:42:48,854 | INFO | === Counterfactual analysis (section 14) ===
2026-09-07 14:42:48,940 | INFO |                       probe              category  predicted_active  confidence
    ID01_break_lactone_ring        remove_feature              True       0.665
     ID01_remove_primary_OH         change_h_bond              True       0.750
 ID01_move_primary_OH_chain      move_substituent              True       0.600
             ID25_remove_Br        remove_feature              True       0.845
              ID25_Br_to_Cl       replace_feature              True       0.865
             ID25_Br_to_CF3       replace_feature              True       0.770
         ID25_remove_stereo alter_stereochemistry              True       0.915
         ID12_remove_stereo alter_stereochemistry              True       0.645
      ID12_flip_core_stereo alter_stereochemistry              True       0.645
         ID12_remove_alkyne        remove_feature             False       0.930
 ID12_alkyne_to_small_chain       replace_feature             False       0.895
 ID18_ester_to_ether_linker          alter_linker              True       0.520
ID18_benzyl_to_ortho_methyl     alter_hydrophobic             False       0.545
        ID24_remove_alcohol        remove_feature             False       0.585
           ID01_open_pyrone        remove_feature             False       0.750
2026-09-07 14:42:48,940 | INFO | === XAI reproducibility (section 13) ===
2026-09-07 14:42:49,007 | INFO | Top fingerprint bits by Gini: fp_423(0.0718), fp_1602(0.0657), fp_501(0.0226), fp_2028(0.0216), fp_1057(0.0206), fp_532(0.0206), fp_80(0.0184), fp_1405(0.0163), fp_516(0.0160), fp_1389(0.0156)
2026-09-07 14:42:49,304 | INFO | Top fingerprint bits by Gini: fp_423(0.1370), fp_1883(0.0623), fp_1602(0.0465), fp_2028(0.0407), fp_257(0.0281), fp_1096(0.0277), fp_532(0.0238), fp_695(0.0226), fp_1670(0.0206), fp_1389(0.0188)
2026-09-07 14:42:49,601 | INFO | Top fingerprint bits by Gini: fp_423(0.0982), fp_2028(0.0291), fp_1602(0.0284), fp_486(0.0272), fp_501(0.0253), fp_1883(0.0220), fp_532(0.0200), fp_1699(0.0190), fp_1395(0.0189), fp_2022(0.0189)
2026-09-07 14:42:49,900 | INFO | Top fingerprint bits by Gini: fp_423(0.0817), fp_1883(0.0407), fp_532(0.0279), fp_1602(0.0275), fp_2028(0.0270), fp_74(0.0252), fp_798(0.0196), fp_1096(0.0191), fp_974(0.0162), fp_794(0.0161)
2026-09-07 14:42:50,200 | INFO | Top fingerprint bits by Gini: fp_2028(0.0724), fp_532(0.0544), fp_423(0.0521), fp_926(0.0451), fp_227(0.0290), fp_1017(0.0245), fp_971(0.0240), fp_649(0.0238), fp_1043(0.0194), fp_1(0.0185)
2026-09-07 14:42:50,498 | INFO | Top fingerprint bits by Gini: fp_423(0.0978), fp_1883(0.0348), fp_1602(0.0342), fp_257(0.0335), fp_2028(0.0334), fp_1670(0.0216), fp_1389(0.0168), fp_1452(0.0167), fp_80(0.0137), fp_2022(0.0129)
2026-09-07 14:42:50,795 | INFO | Top fingerprint bits by Gini: fp_532(0.1008), fp_1096(0.0782), fp_2022(0.0594), fp_423(0.0494), fp_1883(0.0493), fp_486(0.0356), fp_1(0.0257), fp_1923(0.0201), fp_2028(0.0155), fp_1602(0.0145)
2026-09-07 14:42:51,097 | INFO | Top fingerprint bits by Gini: fp_423(0.0561), fp_2028(0.0354), fp_532(0.0317), fp_1883(0.0284), fp_1602(0.0254), fp_183(0.0237), fp_1306(0.0200), fp_1222(0.0193), fp_674(0.0166), fp_695(0.0165)
2026-09-07 14:42:51,396 | INFO | Top fingerprint bits by Gini: fp_423(0.0792), fp_532(0.0658), fp_210(0.0360), fp_2028(0.0291), fp_1222(0.0270), fp_501(0.0261), fp_486(0.0230), fp_971(0.0216), fp_1057(0.0199), fp_76(0.0185)
2026-09-07 14:42:51,719 | INFO | Top fingerprint bits by Gini: fp_423(0.0695), fp_1883(0.0580), fp_1602(0.0465), fp_516(0.0379), fp_1389(0.0342), fp_695(0.0322), fp_2028(0.0252), fp_257(0.0195), fp_80(0.0188), fp_1444(0.0187)
2026-09-07 14:42:52,028 | INFO | Top fingerprint bits by Gini: fp_423(0.0524), fp_257(0.0346), fp_2028(0.0242), fp_1(0.0197), fp_227(0.0180), fp_591(0.0170), fp_1883(0.0153), fp_971(0.0144), fp_1066(0.0138), fp_532(0.0130)
2026-09-07 14:42:52,332 | INFO | Top fingerprint bits by Gini: fp_486(0.0538), fp_971(0.0360), fp_222(0.0325), fp_423(0.0314), fp_1883(0.0273), fp_1699(0.0268), fp_257(0.0262), fp_2022(0.0249), fp_926(0.0187), fp_1602(0.0164)
2026-09-07 14:42:52,632 | INFO | Top fingerprint bits by Gini: fp_1096(0.1115), fp_423(0.0683), fp_532(0.0636), fp_1883(0.0627), fp_486(0.0498), fp_2022(0.0435), fp_971(0.0388), fp_926(0.0347), fp_695(0.0291), fp_2028(0.0234)
2026-09-07 14:42:52,935 | INFO | Top fingerprint bits by Gini: fp_532(0.0793), fp_423(0.0374), fp_1096(0.0368), fp_2022(0.0236), fp_486(0.0208), fp_915(0.0195), fp_2028(0.0192), fp_971(0.0192), fp_974(0.0189), fp_1883(0.0172)
2026-09-07 14:42:53,233 | INFO | Top fingerprint bits by Gini: fp_1883(0.0909), fp_423(0.0860), fp_695(0.0462), fp_1602(0.0412), fp_1405(0.0398), fp_1389(0.0318), fp_257(0.0279), fp_2028(0.0275), fp_1096(0.0274), fp_486(0.0237)
2026-09-07 14:42:53,527 | INFO | Top fingerprint bits by Gini: fp_423(0.0472), fp_1602(0.0353), fp_974(0.0318), fp_1883(0.0315), fp_2022(0.0289), fp_915(0.0275), fp_532(0.0242), fp_183(0.0211), fp_486(0.0201), fp_516(0.0201)
2026-09-07 14:42:53,851 | INFO | Top fingerprint bits by Gini: fp_423(0.0488), fp_486(0.0437), fp_2022(0.0375), fp_532(0.0320), fp_1602(0.0315), fp_1096(0.0252), fp_1389(0.0205), fp_1623(0.0190), fp_1699(0.0170), fp_516(0.0150)
2026-09-07 14:42:54,162 | INFO | Top fingerprint bits by Gini: fp_423(0.0610), fp_1883(0.0587), fp_1096(0.0534), fp_532(0.0397), fp_1602(0.0288), fp_486(0.0279), fp_2022(0.0270), fp_257(0.0181), fp_971(0.0169), fp_1(0.0166)
2026-09-07 14:42:54,442 | INFO | Top fingerprint bits by Gini: fp_423(0.1011), fp_1602(0.0623), fp_210(0.0359), fp_2028(0.0264), fp_1873(0.0239), fp_1405(0.0226), fp_1670(0.0222), fp_1057(0.0219), fp_1918(0.0209), fp_532(0.0203)
2026-09-07 14:42:54,730 | INFO | Top fingerprint bits by Gini: fp_423(0.1544), fp_2028(0.0807), fp_1883(0.0690), fp_1602(0.0573), fp_532(0.0523), fp_1405(0.0330), fp_1096(0.0282), fp_695(0.0268), fp_1389(0.0230), fp_1873(0.0225)
2026-09-07 14:42:55,019 | INFO | Top fingerprint bits by Gini: fp_423(0.0953), fp_1883(0.0528), fp_532(0.0413), fp_1602(0.0395), fp_915(0.0319), fp_550(0.0273), fp_2028(0.0251), fp_1395(0.0211), fp_1918(0.0204), fp_76(0.0202)
2026-09-07 14:42:55,309 | INFO | Top fingerprint bits by Gini: fp_423(0.0749), fp_532(0.0587), fp_1883(0.0481), fp_2028(0.0412), fp_1395(0.0302), fp_1371(0.0279), fp_1602(0.0252), fp_974(0.0247), fp_1096(0.0230), fp_251(0.0230)
2026-09-07 14:42:55,597 | INFO | Top fingerprint bits by Gini: fp_926(0.0708), fp_423(0.0648), fp_2028(0.0639), fp_532(0.0628), fp_1819(0.0353), fp_1(0.0343), fp_227(0.0306), fp_2022(0.0293), fp_649(0.0286), fp_486(0.0281)
2026-09-07 14:42:55,893 | INFO | Top fingerprint bits by Gini: fp_423(0.0939), fp_1883(0.0546), fp_257(0.0437), fp_1602(0.0408), fp_2028(0.0375), fp_532(0.0326), fp_1670(0.0249), fp_1405(0.0237), fp_717(0.0180), fp_745(0.0180)
2026-09-07 14:42:56,180 | INFO | Top fingerprint bits by Gini: fp_532(0.1347), fp_423(0.1017), fp_486(0.0806), fp_1096(0.0503), fp_1883(0.0455), fp_2022(0.0434), fp_2028(0.0393), fp_1(0.0332), fp_1819(0.0314), fp_649(0.0239)
2026-09-07 14:42:56,462 | INFO | Top fingerprint bits by Gini: fp_423(0.0791), fp_2028(0.0506), fp_532(0.0462), fp_1602(0.0381), fp_1883(0.0369), fp_1873(0.0325), fp_674(0.0271), fp_183(0.0234), fp_278(0.0210), fp_1306(0.0207)
2026-09-07 14:42:56,748 | INFO | Top fingerprint bits by Gini: fp_423(0.1162), fp_2028(0.0522), fp_1222(0.0448), fp_532(0.0410), fp_257(0.0388), fp_501(0.0347), fp_278(0.0335), fp_1883(0.0292), fp_1602(0.0284), fp_1405(0.0260)
2026-09-07 14:42:57,028 | INFO | Top fingerprint bits by Gini: fp_1883(0.0792), fp_423(0.0646), fp_1602(0.0518), fp_516(0.0420), fp_1389(0.0388), fp_1444(0.0372), fp_257(0.0365), fp_2028(0.0302), fp_695(0.0267), fp_1057(0.0188)
2026-09-07 14:42:57,323 | INFO | Top fingerprint bits by Gini: fp_423(0.0750), fp_257(0.0639), fp_2028(0.0315), fp_1405(0.0256), fp_1699(0.0240), fp_1883(0.0229), fp_1670(0.0228), fp_532(0.0228), fp_1(0.0226), fp_2042(0.0200)
2026-09-07 14:42:57,622 | INFO | Top fingerprint bits by Gini: fp_257(0.0560), fp_423(0.0535), fp_1699(0.0517), fp_2022(0.0431), fp_486(0.0398), fp_926(0.0277), fp_2028(0.0268), fp_1602(0.0267), fp_694(0.0257), fp_1883(0.0255)
2026-09-07 14:42:57,920 | INFO | Top fingerprint bits by Gini: fp_1096(0.1102), fp_423(0.0896), fp_1883(0.0803), fp_532(0.0734), fp_926(0.0557), fp_971(0.0496), fp_2022(0.0358), fp_695(0.0302), fp_1819(0.0274), fp_1057(0.0258)
2026-09-07 14:42:58,267 | INFO | Top fingerprint bits by Gini: fp_532(0.1004), fp_423(0.0727), fp_1096(0.0424), fp_915(0.0376), fp_486(0.0328), fp_550(0.0306), fp_1918(0.0303), fp_2028(0.0294), fp_974(0.0278), fp_1602(0.0277)
2026-09-07 14:42:58,583 | INFO | Top fingerprint bits by Gini: fp_423(0.1560), fp_1883(0.1443), fp_695(0.0566), fp_2028(0.0532), fp_1602(0.0463), fp_278(0.0415), fp_516(0.0410), fp_1389(0.0365), fp_1405(0.0311), fp_1670(0.0281)
2026-09-07 14:42:58,871 | INFO | Top fingerprint bits by Gini: fp_423(0.0819), fp_1602(0.0571), fp_532(0.0493), fp_1623(0.0396), fp_674(0.0337), fp_1883(0.0277), fp_1699(0.0257), fp_1918(0.0257), fp_941(0.0251), fp_550(0.0223)
2026-09-07 14:42:59,174 | INFO | Top fingerprint bits by Gini: fp_423(0.0648), fp_2022(0.0475), fp_1602(0.0438), fp_532(0.0366), fp_1883(0.0270), fp_1395(0.0227), fp_926(0.0225), fp_486(0.0223), fp_1623(0.0220), fp_183(0.0206)
2026-09-07 14:42:59,466 | INFO | Top fingerprint bits by Gini: fp_1883(0.0627), fp_1096(0.0557), fp_423(0.0544), fp_532(0.0423), fp_2022(0.0349), fp_1602(0.0311), fp_486(0.0275), fp_1389(0.0255), fp_926(0.0241), fp_516(0.0220)
2026-09-07 14:42:59,729 | INFO | Top fingerprint bits by Gini: fp_423(0.6049), fp_183(0.0670), fp_550(0.0527), fp_1137(0.0355), fp_674(0.0351), fp_1918(0.0309), fp_1523(0.0282), fp_1722(0.0234), fp_658(0.0211), fp_1904(0.0172)
2026-09-07 14:42:59,767 | INFO | Top fingerprint bits by Gini: fp_423(1.0000), fp_18(0.0000), fp_1(0.0000), fp_1345(0.0000), fp_1366(0.0000), fp_1371(0.0000), fp_1380(0.0000), fp_1384(0.0000), fp_1387(0.0000), fp_1389(0.0000)
2026-09-07 14:42:59,809 | INFO | Top fingerprint bits by Gini: fp_423(0.7600), fp_974(0.0934), fp_1395(0.0708), fp_1918(0.0450), fp_915(0.0220), fp_550(0.0088), fp_1(0.0000), fp_1366(0.0000), fp_1371(0.0000), fp_1380(0.0000)
2026-09-07 14:42:59,853 | INFO | Top fingerprint bits by Gini: fp_423(0.6049), fp_1395(0.0793), fp_1918(0.0513), fp_974(0.0454), fp_1722(0.0362), fp_915(0.0311), fp_832(0.0282), fp_802(0.0189), fp_334(0.0151), fp_1137(0.0136)
2026-09-07 14:42:59,894 | INFO | Top fingerprint bits by Gini: fp_532(0.8333), fp_926(0.0000), fp_1(0.0000), fp_1345(0.0000), fp_1366(0.0000), fp_1371(0.0000), fp_1380(0.0000), fp_1384(0.0000), fp_1387(0.0000), fp_1389(0.0000)
2026-09-07 14:42:59,936 | INFO | Top fingerprint bits by Gini: fp_423(0.7600), fp_1(0.0000), fp_1345(0.0000), fp_1366(0.0000), fp_1371(0.0000), fp_1380(0.0000), fp_1384(0.0000), fp_1387(0.0000), fp_1389(0.0000), fp_1394(0.0000)
2026-09-07 14:42:59,974 | INFO | Top fingerprint bits by Gini: fp_532(1.0000), fp_1(0.0000), fp_1345(0.0000), fp_1366(0.0000), fp_1371(0.0000), fp_1380(0.0000), fp_1384(0.0000), fp_1387(0.0000), fp_1389(0.0000), fp_1394(0.0000)
2026-09-07 14:43:00,018 | INFO | Top fingerprint bits by Gini: fp_423(0.4900), fp_550(0.0600), fp_1395(0.0592), fp_974(0.0460), fp_1623(0.0358), fp_915(0.0340), fp_1143(0.0302), fp_183(0.0294), fp_591(0.0252), fp_1523(0.0225)
2026-09-07 14:43:00,058 | INFO | Top fingerprint bits by Gini: fp_423(0.7143), fp_1904(0.0778), fp_1921(0.0464), fp_658(0.0438), fp_334(0.0344), fp_1911(0.0081), fp_832(0.0046), fp_660(0.0031), fp_1137(0.0016), fp_125(0.0011)
2026-09-07 14:43:00,102 | INFO | Top fingerprint bits by Gini: fp_1883(0.2994), fp_423(0.2591), fp_591(0.0553), fp_1722(0.0309), fp_832(0.0295), fp_1143(0.0200), fp_1137(0.0126), fp_802(0.0091), fp_1904(0.0051), fp_294(0.0015)
2026-09-07 14:43:00,144 | INFO | Top fingerprint bits by Gini: fp_423(0.4734), fp_832(0.0506), fp_125(0.0260), fp_802(0.0210), fp_1523(0.0080), fp_1921(0.0040), fp_660(0.0030), fp_591(0.0012), fp_658(0.0010), fp_1143(0.0002)
2026-09-07 14:43:00,189 | INFO | Top fingerprint bits by Gini: fp_1699(0.2840), fp_486(0.1520), fp_2022(0.0724), fp_1671(0.0386), fp_694(0.0376), fp_1366(0.0359), fp_1670(0.0342), fp_1003(0.0264), fp_1955(0.0236), fp_931(0.0202)
2026-09-07 14:43:00,226 | INFO | Top fingerprint bits by Gini: fp_532(0.6628), fp_1096(0.3372), fp_222(0.0000), fp_1(0.0000), fp_1366(0.0000), fp_1371(0.0000), fp_1380(0.0000), fp_1384(0.0000), fp_1387(0.0000), fp_1389(0.0000)
2026-09-07 14:43:00,268 | INFO | Top fingerprint bits by Gini: fp_532(0.7600), fp_974(0.0914), fp_1395(0.0655), fp_1918(0.0647), fp_550(0.0108), fp_915(0.0077), fp_1(0.0000), fp_1366(0.0000), fp_1371(0.0000), fp_1380(0.0000)
2026-09-07 14:43:00,305 | INFO | Top fingerprint bits by Gini: fp_1883(0.7499), fp_423(0.2501), fp_1(0.0000), fp_1345(0.0000), fp_1366(0.0000), fp_1371(0.0000), fp_1380(0.0000), fp_1384(0.0000), fp_1387(0.0000), fp_1389(0.0000)
2026-09-07 14:43:00,346 | INFO | Top fingerprint bits by Gini: fp_694(0.5333), fp_1(0.0000), fp_1345(0.0000), fp_1366(0.0000), fp_1371(0.0000), fp_1380(0.0000), fp_1384(0.0000), fp_1387(0.0000), fp_1389(0.0000), fp_1394(0.0000)
2026-09-07 14:43:00,395 | INFO | Top fingerprint bits by Gini: fp_423(0.4073), fp_532(0.0919), fp_674(0.0846), fp_1426(0.0435), fp_974(0.0323), fp_183(0.0316), fp_832(0.0211), fp_1623(0.0211), fp_1523(0.0180), fp_550(0.0080)
2026-09-07 14:43:00,472 | INFO | Top fingerprint bits by Gini: fp_532(0.3619), fp_1096(0.1236), fp_1883(0.1031), fp_80(0.0407), fp_423(0.0270), fp_658(0.0213), fp_1444(0.0195), fp_832(0.0134), fp_1670(0.0122), fp_125(0.0085)
2026-09-07 14:43:00,906 | INFO |                  dimension  spearman_rank_corr_mean  topk_overlap_mean  jaccard_topk_similarity  sign_consistency classification
across_models_seeds_splits                 0.566105           1.499651                 0.375472          0.577315       MARGINAL
  across_seeds_fixed_model                 0.878788           1.666667                 0.400000          1.000000         STABLE
  across_models_fixed_seed                 0.892705           1.666667                 0.400000          0.866667         STABLE
method_gini_vs_permutation                 0.200156           1.000000                 0.416667          0.192490       UNSTABLE
   method_gini_vs_ablation                 0.266342           1.000000                 0.414815          0.179321       UNSTABLE
2026-09-07 14:43:00,906 | INFO | === Explanation-preservation analysis (section 26) ===
2026-09-07 14:43:00,911 | INFO | top_generic_descriptor top_specific_descriptor  generic_descriptor_gini_frac  specific_descriptor_gini_frac  fragment_experimental_support_frac               shap_top3_features  shap_includes_specific  generic_dominated_flag  weak_experimental_fragment_support_flag  flag_artifact_exploitation                                                                            interpretation
  FractionCSP3,LogP,MW                 HBD,HBA                         0.938                          0.062                                 1.0 FractionCSP3,LogP,HeavyAtomCount                       0                    True                                    False                       False Model top features retain experimental specificity; artifact-exploitation flag NOT raised
2026-09-07 14:45:02,439 | INFO | Fingerprint features used (non-degenerate bits): 183/2048
2026-09-07 14:45:02,508 | INFO | Top fingerprint bits by Gini: fp_423(0.0738), fp_532(0.0428), fp_1602(0.0374), fp_1096(0.0298), fp_1883(0.0235), fp_1699(0.0210), fp_486(0.0200), fp_2022(0.0177), fp_1(0.0140), fp_1670(0.0130)
2026-09-07 14:45:11,143 | INFO | === Counterfactual analysis (section 14) ===
2026-09-07 14:45:11,213 | INFO |                       probe              category  predicted_active  confidence
    ID01_break_lactone_ring        remove_feature              True       0.665
     ID01_remove_primary_OH         change_h_bond              True       0.750
 ID01_move_primary_OH_chain      move_substituent              True       0.600
             ID25_remove_Br        remove_feature              True       0.845
              ID25_Br_to_Cl       replace_feature              True       0.865
             ID25_Br_to_CF3       replace_feature              True       0.770
         ID25_remove_stereo alter_stereochemistry              True       0.915
         ID12_remove_stereo alter_stereochemistry              True       0.645
      ID12_flip_core_stereo alter_stereochemistry              True       0.645
         ID12_remove_alkyne        remove_feature             False       0.930
 ID12_alkyne_to_small_chain       replace_feature             False       0.895
 ID18_ester_to_ether_linker          alter_linker              True       0.520
ID18_benzyl_to_ortho_methyl     alter_hydrophobic             False       0.545
        ID24_remove_alcohol        remove_feature             False       0.585
           ID01_open_pyrone        remove_feature             False       0.750
2026-09-07 14:45:11,213 | INFO | === XAI reproducibility (section 13) ===
2026-09-07 14:45:11,279 | INFO | Top fingerprint bits by Gini: fp_423(0.0718), fp_1602(0.0657), fp_501(0.0226), fp_2028(0.0216), fp_1057(0.0206), fp_532(0.0206), fp_80(0.0184), fp_1405(0.0163), fp_516(0.0160), fp_1389(0.0156)
2026-09-07 14:45:11,576 | INFO | Top fingerprint bits by Gini: fp_423(0.1370), fp_1883(0.0623), fp_1602(0.0465), fp_2028(0.0407), fp_257(0.0281), fp_1096(0.0277), fp_532(0.0238), fp_695(0.0226), fp_1670(0.0206), fp_1389(0.0188)
2026-09-07 14:45:11,862 | INFO | Top fingerprint bits by Gini: fp_423(0.0982), fp_2028(0.0291), fp_1602(0.0284), fp_486(0.0272), fp_501(0.0253), fp_1883(0.0220), fp_532(0.0200), fp_1699(0.0190), fp_1395(0.0189), fp_2022(0.0189)
2026-09-07 14:45:12,146 | INFO | Top fingerprint bits by Gini: fp_423(0.0817), fp_1883(0.0407), fp_532(0.0279), fp_1602(0.0275), fp_2028(0.0270), fp_74(0.0252), fp_798(0.0196), fp_1096(0.0191), fp_974(0.0162), fp_794(0.0161)
2026-09-07 14:45:12,433 | INFO | Top fingerprint bits by Gini: fp_2028(0.0724), fp_532(0.0544), fp_423(0.0521), fp_926(0.0451), fp_227(0.0290), fp_1017(0.0245), fp_971(0.0240), fp_649(0.0238), fp_1043(0.0194), fp_1(0.0185)
2026-09-07 14:45:12,718 | INFO | Top fingerprint bits by Gini: fp_423(0.0978), fp_1883(0.0348), fp_1602(0.0342), fp_257(0.0335), fp_2028(0.0334), fp_1670(0.0216), fp_1389(0.0168), fp_1452(0.0167), fp_80(0.0137), fp_2022(0.0129)
2026-09-07 14:47:25,745 | INFO | Fingerprint features used (non-degenerate bits): 183/2048
2026-09-07 14:47:25,827 | INFO | Top fingerprint bits by Gini: fp_423(0.0738), fp_532(0.0428), fp_1602(0.0374), fp_1096(0.0298), fp_1883(0.0235), fp_1699(0.0210), fp_486(0.0200), fp_2022(0.0177), fp_1(0.0140), fp_1670(0.0130)
2026-09-07 14:47:38,479 | INFO | === Counterfactual analysis (section 14) ===
2026-09-07 14:47:38,568 | INFO |                       probe              category  predicted_active  confidence
    ID01_break_lactone_ring        remove_feature              True       0.665
     ID01_remove_primary_OH         change_h_bond              True       0.750
 ID01_move_primary_OH_chain      move_substituent              True       0.600
             ID25_remove_Br        remove_feature              True       0.845
              ID25_Br_to_Cl       replace_feature              True       0.865
             ID25_Br_to_CF3       replace_feature              True       0.770
         ID25_remove_stereo alter_stereochemistry              True       0.915
         ID12_remove_stereo alter_stereochemistry              True       0.645
      ID12_flip_core_stereo alter_stereochemistry              True       0.645
         ID12_remove_alkyne        remove_feature             False       0.930
 ID12_alkyne_to_small_chain       replace_feature             False       0.895
 ID18_ester_to_ether_linker          alter_linker              True       0.520
ID18_benzyl_to_ortho_methyl     alter_hydrophobic             False       0.545
        ID24_remove_alcohol        remove_feature             False       0.585
           ID01_open_pyrone        remove_feature             False       0.750
2026-09-07 14:47:38,568 | INFO | === XAI reproducibility (section 13) ===
2026-09-07 14:47:38,649 | INFO | Top fingerprint bits by Gini: fp_423(0.0718), fp_1602(0.0657), fp_501(0.0226), fp_2028(0.0216), fp_1057(0.0206), fp_532(0.0206), fp_80(0.0184), fp_1405(0.0163), fp_516(0.0160), fp_1389(0.0156)
2026-09-07 14:47:39,002 | INFO | Top fingerprint bits by Gini: fp_423(0.1370), fp_1883(0.0623), fp_1602(0.0465), fp_2028(0.0407), fp_257(0.0281), fp_1096(0.0277), fp_532(0.0238), fp_695(0.0226), fp_1670(0.0206), fp_1389(0.0188)
2026-09-07 14:47:39,373 | INFO | Top fingerprint bits by Gini: fp_423(0.0982), fp_2028(0.0291), fp_1602(0.0284), fp_486(0.0272), fp_501(0.0253), fp_1883(0.0220), fp_532(0.0200), fp_1699(0.0190), fp_1395(0.0189), fp_2022(0.0189)
2026-09-07 14:47:39,743 | INFO | Top fingerprint bits by Gini: fp_423(0.0817), fp_1883(0.0407), fp_532(0.0279), fp_1602(0.0275), fp_2028(0.0270), fp_74(0.0252), fp_798(0.0196), fp_1096(0.0191), fp_974(0.0162), fp_794(0.0161)
2026-09-07 14:47:40,098 | INFO | Top fingerprint bits by Gini: fp_2028(0.0724), fp_532(0.0544), fp_423(0.0521), fp_926(0.0451), fp_227(0.0290), fp_1017(0.0245), fp_971(0.0240), fp_649(0.0238), fp_1043(0.0194), fp_1(0.0185)
2026-09-07 14:47:40,466 | INFO | Top fingerprint bits by Gini: fp_423(0.0978), fp_1883(0.0348), fp_1602(0.0342), fp_257(0.0335), fp_2028(0.0334), fp_1670(0.0216), fp_1389(0.0168), fp_1452(0.0167), fp_80(0.0137), fp_2022(0.0129)
2026-09-07 14:47:40,831 | INFO | Top fingerprint bits by Gini: fp_532(0.1008), fp_1096(0.0782), fp_2022(0.0594), fp_423(0.0494), fp_1883(0.0493), fp_486(0.0356), fp_1(0.0257), fp_1923(0.0201), fp_2028(0.0155), fp_1602(0.0145)
2026-09-07 14:47:41,212 | INFO | Top fingerprint bits by Gini: fp_423(0.0561), fp_2028(0.0354), fp_532(0.0317), fp_1883(0.0284), fp_1602(0.0254), fp_183(0.0237), fp_1306(0.0200), fp_1222(0.0193), fp_674(0.0166), fp_695(0.0165)
2026-09-07 14:47:41,583 | INFO | Top fingerprint bits by Gini: fp_423(0.0792), fp_532(0.0658), fp_210(0.0360), fp_2028(0.0291), fp_1222(0.0270), fp_501(0.0261), fp_486(0.0230), fp_971(0.0216), fp_1057(0.0199), fp_76(0.0185)
2026-09-07 14:47:41,955 | INFO | Top fingerprint bits by Gini: fp_423(0.0695), fp_1883(0.0580), fp_1602(0.0465), fp_516(0.0379), fp_1389(0.0342), fp_695(0.0322), fp_2028(0.0252), fp_257(0.0195), fp_80(0.0188), fp_1444(0.0187)
2026-09-07 14:47:42,341 | INFO | Top fingerprint bits by Gini: fp_423(0.0524), fp_257(0.0346), fp_2028(0.0242), fp_1(0.0197), fp_227(0.0180), fp_591(0.0170), fp_1883(0.0153), fp_971(0.0144), fp_1066(0.0138), fp_532(0.0130)
2026-09-07 14:47:42,744 | INFO | Top fingerprint bits by Gini: fp_486(0.0538), fp_971(0.0360), fp_222(0.0325), fp_423(0.0314), fp_1883(0.0273), fp_1699(0.0268), fp_257(0.0262), fp_2022(0.0249), fp_926(0.0187), fp_1602(0.0164)
2026-09-07 14:47:43,142 | INFO | Top fingerprint bits by Gini: fp_1096(0.1115), fp_423(0.0683), fp_532(0.0636), fp_1883(0.0627), fp_486(0.0498), fp_2022(0.0435), fp_971(0.0388), fp_926(0.0347), fp_695(0.0291), fp_2028(0.0234)
2026-09-07 14:47:43,513 | INFO | Top fingerprint bits by Gini: fp_532(0.0793), fp_423(0.0374), fp_1096(0.0368), fp_2022(0.0236), fp_486(0.0208), fp_915(0.0195), fp_2028(0.0192), fp_971(0.0192), fp_974(0.0189), fp_1883(0.0172)
2026-09-07 14:47:43,887 | INFO | Top fingerprint bits by Gini: fp_1883(0.0909), fp_423(0.0860), fp_695(0.0462), fp_1602(0.0412), fp_1405(0.0398), fp_1389(0.0318), fp_257(0.0279), fp_2028(0.0275), fp_1096(0.0274), fp_486(0.0237)
2026-09-07 14:47:44,289 | INFO | Top fingerprint bits by Gini: fp_423(0.0472), fp_1602(0.0353), fp_974(0.0318), fp_1883(0.0315), fp_2022(0.0289), fp_915(0.0275), fp_532(0.0242), fp_183(0.0211), fp_486(0.0201), fp_516(0.0201)
2026-09-07 14:47:44,689 | INFO | Top fingerprint bits by Gini: fp_423(0.0488), fp_486(0.0437), fp_2022(0.0375), fp_532(0.0320), fp_1602(0.0315), fp_1096(0.0252), fp_1389(0.0205), fp_1623(0.0190), fp_1699(0.0170), fp_516(0.0150)
2026-09-07 14:47:45,067 | INFO | Top fingerprint bits by Gini: fp_423(0.0610), fp_1883(0.0587), fp_1096(0.0534), fp_532(0.0397), fp_1602(0.0288), fp_486(0.0279), fp_2022(0.0270), fp_257(0.0181), fp_971(0.0169), fp_1(0.0166)
2026-09-07 14:47:45,421 | INFO | Top fingerprint bits by Gini: fp_423(0.1011), fp_1602(0.0623), fp_210(0.0359), fp_2028(0.0264), fp_1873(0.0239), fp_1405(0.0226), fp_1670(0.0222), fp_1057(0.0219), fp_1918(0.0209), fp_532(0.0203)
2026-09-07 14:47:45,776 | INFO | Top fingerprint bits by Gini: fp_423(0.1544), fp_2028(0.0807), fp_1883(0.0690), fp_1602(0.0573), fp_532(0.0523), fp_1405(0.0330), fp_1096(0.0282), fp_695(0.0268), fp_1389(0.0230), fp_1873(0.0225)
2026-09-07 14:47:46,152 | INFO | Top fingerprint bits by Gini: fp_423(0.0953), fp_1883(0.0528), fp_532(0.0413), fp_1602(0.0395), fp_915(0.0319), fp_550(0.0273), fp_2028(0.0251), fp_1395(0.0211), fp_1918(0.0204), fp_76(0.0202)
2026-09-07 14:47:46,521 | INFO | Top fingerprint bits by Gini: fp_423(0.0749), fp_532(0.0587), fp_1883(0.0481), fp_2028(0.0412), fp_1395(0.0302), fp_1371(0.0279), fp_1602(0.0252), fp_974(0.0247), fp_1096(0.0230), fp_251(0.0230)
2026-09-07 14:47:46,914 | INFO | Top fingerprint bits by Gini: fp_926(0.0708), fp_423(0.0648), fp_2028(0.0639), fp_532(0.0628), fp_1819(0.0353), fp_1(0.0343), fp_227(0.0306), fp_2022(0.0293), fp_649(0.0286), fp_486(0.0281)
2026-09-07 14:47:47,303 | INFO | Top fingerprint bits by Gini: fp_423(0.0939), fp_1883(0.0546), fp_257(0.0437), fp_1602(0.0408), fp_2028(0.0375), fp_532(0.0326), fp_1670(0.0249), fp_1405(0.0237), fp_717(0.0180), fp_745(0.0180)
2026-09-07 14:47:47,706 | INFO | Top fingerprint bits by Gini: fp_532(0.1347), fp_423(0.1017), fp_486(0.0806), fp_1096(0.0503), fp_1883(0.0455), fp_2022(0.0434), fp_2028(0.0393), fp_1(0.0332), fp_1819(0.0314), fp_649(0.0239)
2026-09-07 14:47:48,105 | INFO | Top fingerprint bits by Gini: fp_423(0.0791), fp_2028(0.0506), fp_532(0.0462), fp_1602(0.0381), fp_1883(0.0369), fp_1873(0.0325), fp_674(0.0271), fp_183(0.0234), fp_278(0.0210), fp_1306(0.0207)
2026-09-07 14:47:48,553 | INFO | Top fingerprint bits by Gini: fp_423(0.1162), fp_2028(0.0522), fp_1222(0.0448), fp_532(0.0410), fp_257(0.0388), fp_501(0.0347), fp_278(0.0335), fp_1883(0.0292), fp_1602(0.0284), fp_1405(0.0260)
2026-09-07 14:47:49,108 | INFO | Top fingerprint bits by Gini: fp_1883(0.0792), fp_423(0.0646), fp_1602(0.0518), fp_516(0.0420), fp_1389(0.0388), fp_1444(0.0372), fp_257(0.0365), fp_2028(0.0302), fp_695(0.0267), fp_1057(0.0188)
2026-09-07 14:47:49,919 | INFO | Top fingerprint bits by Gini: fp_423(0.0750), fp_257(0.0639), fp_2028(0.0315), fp_1405(0.0256), fp_1699(0.0240), fp_1883(0.0229), fp_1670(0.0228), fp_532(0.0228), fp_1(0.0226), fp_2042(0.0200)
2026-09-07 14:47:50,594 | INFO | Top fingerprint bits by Gini: fp_257(0.0560), fp_423(0.0535), fp_1699(0.0517), fp_2022(0.0431), fp_486(0.0398), fp_926(0.0277), fp_2028(0.0268), fp_1602(0.0267), fp_694(0.0257), fp_1883(0.0255)
2026-09-07 14:47:51,177 | INFO | Top fingerprint bits by Gini: fp_1096(0.1102), fp_423(0.0896), fp_1883(0.0803), fp_532(0.0734), fp_926(0.0557), fp_971(0.0496), fp_2022(0.0358), fp_695(0.0302), fp_1819(0.0274), fp_1057(0.0258)
2026-09-07 14:47:51,863 | INFO | Top fingerprint bits by Gini: fp_532(0.1004), fp_423(0.0727), fp_1096(0.0424), fp_915(0.0376), fp_486(0.0328), fp_550(0.0306), fp_1918(0.0303), fp_2028(0.0294), fp_974(0.0278), fp_1602(0.0277)
2026-09-07 14:47:52,336 | INFO | Top fingerprint bits by Gini: fp_423(0.1560), fp_1883(0.1443), fp_695(0.0566), fp_2028(0.0532), fp_1602(0.0463), fp_278(0.0415), fp_516(0.0410), fp_1389(0.0365), fp_1405(0.0311), fp_1670(0.0281)
2026-09-07 14:47:52,731 | INFO | Top fingerprint bits by Gini: fp_423(0.0819), fp_1602(0.0571), fp_532(0.0493), fp_1623(0.0396), fp_674(0.0337), fp_1883(0.0277), fp_1699(0.0257), fp_1918(0.0257), fp_941(0.0251), fp_550(0.0223)
2026-09-07 14:47:53,078 | INFO | Top fingerprint bits by Gini: fp_423(0.0648), fp_2022(0.0475), fp_1602(0.0438), fp_532(0.0366), fp_1883(0.0270), fp_1395(0.0227), fp_926(0.0225), fp_486(0.0223), fp_1623(0.0220), fp_183(0.0206)
2026-09-07 14:47:53,402 | INFO | Top fingerprint bits by Gini: fp_1883(0.0627), fp_1096(0.0557), fp_423(0.0544), fp_532(0.0423), fp_2022(0.0349), fp_1602(0.0311), fp_486(0.0275), fp_1389(0.0255), fp_926(0.0241), fp_516(0.0220)
2026-09-07 14:47:53,688 | INFO | Top fingerprint bits by Gini: fp_423(0.6049), fp_183(0.0670), fp_550(0.0527), fp_1137(0.0355), fp_674(0.0351), fp_1918(0.0309), fp_1523(0.0282), fp_1722(0.0234), fp_658(0.0211), fp_1904(0.0172)
2026-09-07 14:47:53,731 | INFO | Top fingerprint bits by Gini: fp_423(1.0000), fp_18(0.0000), fp_1(0.0000), fp_1345(0.0000), fp_1366(0.0000), fp_1371(0.0000), fp_1380(0.0000), fp_1384(0.0000), fp_1387(0.0000), fp_1389(0.0000)
2026-09-07 14:47:53,777 | INFO | Top fingerprint bits by Gini: fp_423(0.7600), fp_974(0.0934), fp_1395(0.0708), fp_1918(0.0450), fp_915(0.0220), fp_550(0.0088), fp_1(0.0000), fp_1366(0.0000), fp_1371(0.0000), fp_1380(0.0000)
2026-09-07 14:47:53,825 | INFO | Top fingerprint bits by Gini: fp_423(0.6049), fp_1395(0.0793), fp_1918(0.0513), fp_974(0.0454), fp_1722(0.0362), fp_915(0.0311), fp_832(0.0282), fp_802(0.0189), fp_334(0.0151), fp_1137(0.0136)
2026-09-07 14:47:53,871 | INFO | Top fingerprint bits by Gini: fp_532(0.8333), fp_926(0.0000), fp_1(0.0000), fp_1345(0.0000), fp_1366(0.0000), fp_1371(0.0000), fp_1380(0.0000), fp_1384(0.0000), fp_1387(0.0000), fp_1389(0.0000)
2026-09-07 14:47:53,918 | INFO | Top fingerprint bits by Gini: fp_423(0.7600), fp_1(0.0000), fp_1345(0.0000), fp_1366(0.0000), fp_1371(0.0000), fp_1380(0.0000), fp_1384(0.0000), fp_1387(0.0000), fp_1389(0.0000), fp_1394(0.0000)
2026-09-07 14:47:53,960 | INFO | Top fingerprint bits by Gini: fp_532(1.0000), fp_1(0.0000), fp_1345(0.0000), fp_1366(0.0000), fp_1371(0.0000), fp_1380(0.0000), fp_1384(0.0000), fp_1387(0.0000), fp_1389(0.0000), fp_1394(0.0000)
2026-09-07 14:47:54,009 | INFO | Top fingerprint bits by Gini: fp_423(0.4900), fp_550(0.0600), fp_1395(0.0592), fp_974(0.0460), fp_1623(0.0358), fp_915(0.0340), fp_1143(0.0302), fp_183(0.0294), fp_591(0.0252), fp_1523(0.0225)
2026-09-07 14:47:54,053 | INFO | Top fingerprint bits by Gini: fp_423(0.7143), fp_1904(0.0778), fp_1921(0.0464), fp_658(0.0438), fp_334(0.0344), fp_1911(0.0081), fp_832(0.0046), fp_660(0.0031), fp_1137(0.0016), fp_125(0.0011)
2026-09-07 14:47:54,102 | INFO | Top fingerprint bits by Gini: fp_1883(0.2994), fp_423(0.2591), fp_591(0.0553), fp_1722(0.0309), fp_832(0.0295), fp_1143(0.0200), fp_1137(0.0126), fp_802(0.0091), fp_1904(0.0051), fp_294(0.0015)
2026-09-07 14:47:54,149 | INFO | Top fingerprint bits by Gini: fp_423(0.4734), fp_832(0.0506), fp_125(0.0260), fp_802(0.0210), fp_1523(0.0080), fp_1921(0.0040), fp_660(0.0030), fp_591(0.0012), fp_658(0.0010), fp_1143(0.0002)
2026-09-07 14:47:54,199 | INFO | Top fingerprint bits by Gini: fp_1699(0.2840), fp_486(0.1520), fp_2022(0.0724), fp_1671(0.0386), fp_694(0.0376), fp_1366(0.0359), fp_1670(0.0342), fp_1003(0.0264), fp_1955(0.0236), fp_931(0.0202)
2026-09-07 14:47:54,240 | INFO | Top fingerprint bits by Gini: fp_532(0.6628), fp_1096(0.3372), fp_222(0.0000), fp_1(0.0000), fp_1366(0.0000), fp_1371(0.0000), fp_1380(0.0000), fp_1384(0.0000), fp_1387(0.0000), fp_1389(0.0000)
2026-09-07 14:47:54,287 | INFO | Top fingerprint bits by Gini: fp_532(0.7600), fp_974(0.0914), fp_1395(0.0655), fp_1918(0.0647), fp_550(0.0108), fp_915(0.0077), fp_1(0.0000), fp_1366(0.0000), fp_1371(0.0000), fp_1380(0.0000)
2026-09-07 14:47:54,328 | INFO | Top fingerprint bits by Gini: fp_1883(0.7499), fp_423(0.2501), fp_1(0.0000), fp_1345(0.0000), fp_1366(0.0000), fp_1371(0.0000), fp_1380(0.0000), fp_1384(0.0000), fp_1387(0.0000), fp_1389(0.0000)
2026-09-07 14:47:54,371 | INFO | Top fingerprint bits by Gini: fp_694(0.5333), fp_1(0.0000), fp_1345(0.0000), fp_1366(0.0000), fp_1371(0.0000), fp_1380(0.0000), fp_1384(0.0000), fp_1387(0.0000), fp_1389(0.0000), fp_1394(0.0000)
2026-09-07 14:47:54,424 | INFO | Top fingerprint bits by Gini: fp_423(0.4073), fp_532(0.0919), fp_674(0.0846), fp_1426(0.0435), fp_974(0.0323), fp_183(0.0316), fp_832(0.0211), fp_1623(0.0211), fp_1523(0.0180), fp_550(0.0080)
2026-09-07 14:47:54,478 | INFO | Top fingerprint bits by Gini: fp_532(0.3619), fp_1096(0.1236), fp_1883(0.1031), fp_80(0.0407), fp_423(0.0270), fp_658(0.0213), fp_1444(0.0195), fp_832(0.0134), fp_1670(0.0122), fp_125(0.0085)
2026-09-07 14:47:54,811 | INFO |                  dimension  spearman_rank_corr_mean  topk_overlap_mean  jaccard_topk_similarity  sign_consistency classification
across_models_seeds_splits                 0.566105           1.499651                 0.375472          0.577315       MARGINAL
  across_seeds_fixed_model                 0.878788           1.666667                 0.400000          1.000000         STABLE
  across_models_fixed_seed                 0.892705           1.666667                 0.400000          0.866667         STABLE
method_gini_vs_permutation                 0.200156           1.000000                 0.416667          0.192490       UNSTABLE
   method_gini_vs_ablation                 0.266342           1.000000                 0.414815          0.179321       UNSTABLE
2026-09-07 14:47:54,812 | INFO | === Explanation-preservation analysis (section 26) ===
2026-09-07 14:47:54,814 | INFO | top_generic_descriptor top_specific_descriptor  generic_descriptor_gini_frac  specific_descriptor_gini_frac  fragment_experimental_support_frac               shap_top3_features  shap_includes_specific  generic_dominated_flag  weak_experimental_fragment_support_flag  flag_artifact_exploitation                                                                            interpretation
  FractionCSP3,LogP,MW                 HBD,HBA                         0.938                          0.062                                 1.0 FractionCSP3,LogP,HeavyAtomCount                       0                    True                                    False                       False Model top features retain experimental specificity; artifact-exploitation flag NOT raised
2026-09-07 14:53:10,868 | INFO | Fingerprint features used (non-degenerate bits): 183/2048
2026-09-07 14:53:10,957 | INFO | Top fingerprint bits by Gini: fp_423(0.0738), fp_532(0.0428), fp_1602(0.0374), fp_1096(0.0298), fp_1883(0.0235), fp_1699(0.0210), fp_486(0.0200), fp_2022(0.0177), fp_1(0.0140), fp_1670(0.0130)
2026-09-07 14:53:22,882 | INFO | === Counterfactual analysis (section 14) ===
2026-09-07 14:53:22,971 | INFO |                       probe              category  predicted_active  confidence
    ID01_break_lactone_ring        remove_feature              True       0.665
     ID01_remove_primary_OH         change_h_bond              True       0.750
 ID01_move_primary_OH_chain      move_substituent              True       0.600
             ID25_remove_Br        remove_feature              True       0.845
              ID25_Br_to_Cl       replace_feature              True       0.865
             ID25_Br_to_CF3       replace_feature              True       0.770
         ID25_remove_stereo alter_stereochemistry              True       0.915
         ID12_remove_stereo alter_stereochemistry              True       0.645
      ID12_flip_core_stereo alter_stereochemistry              True       0.645
         ID12_remove_alkyne        remove_feature             False       0.930
 ID12_alkyne_to_small_chain       replace_feature             False       0.895
 ID18_ester_to_ether_linker          alter_linker              True       0.520
ID18_benzyl_to_ortho_methyl     alter_hydrophobic             False       0.545
        ID24_remove_alcohol        remove_feature             False       0.585
           ID01_open_pyrone        remove_feature             False       0.750
2026-09-07 14:53:22,971 | INFO | === XAI reproducibility (section 13) ===
2026-09-07 14:53:23,052 | INFO | Top fingerprint bits by Gini: fp_423(0.0718), fp_1602(0.0657), fp_501(0.0226), fp_2028(0.0216), fp_1057(0.0206), fp_532(0.0206), fp_80(0.0184), fp_1405(0.0163), fp_516(0.0160), fp_1389(0.0156)
2026-09-07 14:53:23,408 | INFO | Top fingerprint bits by Gini: fp_423(0.1370), fp_1883(0.0623), fp_1602(0.0465), fp_2028(0.0407), fp_257(0.0281), fp_1096(0.0277), fp_532(0.0238), fp_695(0.0226), fp_1670(0.0206), fp_1389(0.0188)
2026-09-07 14:53:23,767 | INFO | Top fingerprint bits by Gini: fp_423(0.0982), fp_2028(0.0291), fp_1602(0.0284), fp_486(0.0272), fp_501(0.0253), fp_1883(0.0220), fp_532(0.0200), fp_1699(0.0190), fp_1395(0.0189), fp_2022(0.0189)
2026-09-07 14:53:24,172 | INFO | Top fingerprint bits by Gini: fp_423(0.0817), fp_1883(0.0407), fp_532(0.0279), fp_1602(0.0275), fp_2028(0.0270), fp_74(0.0252), fp_798(0.0196), fp_1096(0.0191), fp_974(0.0162), fp_794(0.0161)
2026-09-07 14:53:24,651 | INFO | Top fingerprint bits by Gini: fp_2028(0.0724), fp_532(0.0544), fp_423(0.0521), fp_926(0.0451), fp_227(0.0290), fp_1017(0.0245), fp_971(0.0240), fp_649(0.0238), fp_1043(0.0194), fp_1(0.0185)
2026-09-07 14:53:25,078 | INFO | Top fingerprint bits by Gini: fp_423(0.0978), fp_1883(0.0348), fp_1602(0.0342), fp_257(0.0335), fp_2028(0.0334), fp_1670(0.0216), fp_1389(0.0168), fp_1452(0.0167), fp_80(0.0137), fp_2022(0.0129)
2026-09-07 14:53:25,477 | INFO | Top fingerprint bits by Gini: fp_532(0.1008), fp_1096(0.0782), fp_2022(0.0594), fp_423(0.0494), fp_1883(0.0493), fp_486(0.0356), fp_1(0.0257), fp_1923(0.0201), fp_2028(0.0155), fp_1602(0.0145)
2026-09-07 14:53:25,869 | INFO | Top fingerprint bits by Gini: fp_423(0.0561), fp_2028(0.0354), fp_532(0.0317), fp_1883(0.0284), fp_1602(0.0254), fp_183(0.0237), fp_1306(0.0200), fp_1222(0.0193), fp_674(0.0166), fp_695(0.0165)
2026-09-07 14:53:26,260 | INFO | Top fingerprint bits by Gini: fp_423(0.0792), fp_532(0.0658), fp_210(0.0360), fp_2028(0.0291), fp_1222(0.0270), fp_501(0.0261), fp_486(0.0230), fp_971(0.0216), fp_1057(0.0199), fp_76(0.0185)
2026-09-07 14:53:26,643 | INFO | Top fingerprint bits by Gini: fp_423(0.0695), fp_1883(0.0580), fp_1602(0.0465), fp_516(0.0379), fp_1389(0.0342), fp_695(0.0322), fp_2028(0.0252), fp_257(0.0195), fp_80(0.0188), fp_1444(0.0187)
2026-09-07 14:53:27,044 | INFO | Top fingerprint bits by Gini: fp_423(0.0524), fp_257(0.0346), fp_2028(0.0242), fp_1(0.0197), fp_227(0.0180), fp_591(0.0170), fp_1883(0.0153), fp_971(0.0144), fp_1066(0.0138), fp_532(0.0130)
2026-09-07 14:53:27,421 | INFO | Top fingerprint bits by Gini: fp_486(0.0538), fp_971(0.0360), fp_222(0.0325), fp_423(0.0314), fp_1883(0.0273), fp_1699(0.0268), fp_257(0.0262), fp_2022(0.0249), fp_926(0.0187), fp_1602(0.0164)
2026-09-07 14:53:27,785 | INFO | Top fingerprint bits by Gini: fp_1096(0.1115), fp_423(0.0683), fp_532(0.0636), fp_1883(0.0627), fp_486(0.0498), fp_2022(0.0435), fp_971(0.0388), fp_926(0.0347), fp_695(0.0291), fp_2028(0.0234)
2026-09-07 14:53:28,131 | INFO | Top fingerprint bits by Gini: fp_532(0.0793), fp_423(0.0374), fp_1096(0.0368), fp_2022(0.0236), fp_486(0.0208), fp_915(0.0195), fp_2028(0.0192), fp_971(0.0192), fp_974(0.0189), fp_1883(0.0172)
2026-09-07 14:53:28,519 | INFO | Top fingerprint bits by Gini: fp_1883(0.0909), fp_423(0.0860), fp_695(0.0462), fp_1602(0.0412), fp_1405(0.0398), fp_1389(0.0318), fp_257(0.0279), fp_2028(0.0275), fp_1096(0.0274), fp_486(0.0237)
2026-09-07 14:53:28,878 | INFO | Top fingerprint bits by Gini: fp_423(0.0472), fp_1602(0.0353), fp_974(0.0318), fp_1883(0.0315), fp_2022(0.0289), fp_915(0.0275), fp_532(0.0242), fp_183(0.0211), fp_486(0.0201), fp_516(0.0201)
2026-09-07 14:53:29,235 | INFO | Top fingerprint bits by Gini: fp_423(0.0488), fp_486(0.0437), fp_2022(0.0375), fp_532(0.0320), fp_1602(0.0315), fp_1096(0.0252), fp_1389(0.0205), fp_1623(0.0190), fp_1699(0.0170), fp_516(0.0150)
2026-09-07 14:53:29,579 | INFO | Top fingerprint bits by Gini: fp_423(0.0610), fp_1883(0.0587), fp_1096(0.0534), fp_532(0.0397), fp_1602(0.0288), fp_486(0.0279), fp_2022(0.0270), fp_257(0.0181), fp_971(0.0169), fp_1(0.0166)
2026-09-07 14:53:29,909 | INFO | Top fingerprint bits by Gini: fp_423(0.1011), fp_1602(0.0623), fp_210(0.0359), fp_2028(0.0264), fp_1873(0.0239), fp_1405(0.0226), fp_1670(0.0222), fp_1057(0.0219), fp_1918(0.0209), fp_532(0.0203)
2026-09-07 14:53:30,248 | INFO | Top fingerprint bits by Gini: fp_423(0.1544), fp_2028(0.0807), fp_1883(0.0690), fp_1602(0.0573), fp_532(0.0523), fp_1405(0.0330), fp_1096(0.0282), fp_695(0.0268), fp_1389(0.0230), fp_1873(0.0225)
2026-09-07 14:53:30,589 | INFO | Top fingerprint bits by Gini: fp_423(0.0953), fp_1883(0.0528), fp_532(0.0413), fp_1602(0.0395), fp_915(0.0319), fp_550(0.0273), fp_2028(0.0251), fp_1395(0.0211), fp_1918(0.0204), fp_76(0.0202)
2026-09-07 14:53:30,925 | INFO | Top fingerprint bits by Gini: fp_423(0.0749), fp_532(0.0587), fp_1883(0.0481), fp_2028(0.0412), fp_1395(0.0302), fp_1371(0.0279), fp_1602(0.0252), fp_974(0.0247), fp_1096(0.0230), fp_251(0.0230)
2026-09-07 14:53:31,279 | INFO | Top fingerprint bits by Gini: fp_926(0.0708), fp_423(0.0648), fp_2028(0.0639), fp_532(0.0628), fp_1819(0.0353), fp_1(0.0343), fp_227(0.0306), fp_2022(0.0293), fp_649(0.0286), fp_486(0.0281)
2026-09-07 14:53:31,639 | INFO | Top fingerprint bits by Gini: fp_423(0.0939), fp_1883(0.0546), fp_257(0.0437), fp_1602(0.0408), fp_2028(0.0375), fp_532(0.0326), fp_1670(0.0249), fp_1405(0.0237), fp_717(0.0180), fp_745(0.0180)
2026-09-07 14:53:31,992 | INFO | Top fingerprint bits by Gini: fp_532(0.1347), fp_423(0.1017), fp_486(0.0806), fp_1096(0.0503), fp_1883(0.0455), fp_2022(0.0434), fp_2028(0.0393), fp_1(0.0332), fp_1819(0.0314), fp_649(0.0239)
2026-09-07 14:53:32,333 | INFO | Top fingerprint bits by Gini: fp_423(0.0791), fp_2028(0.0506), fp_532(0.0462), fp_1602(0.0381), fp_1883(0.0369), fp_1873(0.0325), fp_674(0.0271), fp_183(0.0234), fp_278(0.0210), fp_1306(0.0207)
2026-09-07 14:53:32,714 | INFO | Top fingerprint bits by Gini: fp_423(0.1162), fp_2028(0.0522), fp_1222(0.0448), fp_532(0.0410), fp_257(0.0388), fp_501(0.0347), fp_278(0.0335), fp_1883(0.0292), fp_1602(0.0284), fp_1405(0.0260)
2026-09-07 14:53:33,079 | INFO | Top fingerprint bits by Gini: fp_1883(0.0792), fp_423(0.0646), fp_1602(0.0518), fp_516(0.0420), fp_1389(0.0388), fp_1444(0.0372), fp_257(0.0365), fp_2028(0.0302), fp_695(0.0267), fp_1057(0.0188)
2026-09-07 14:53:33,438 | INFO | Top fingerprint bits by Gini: fp_423(0.0750), fp_257(0.0639), fp_2028(0.0315), fp_1405(0.0256), fp_1699(0.0240), fp_1883(0.0229), fp_1670(0.0228), fp_532(0.0228), fp_1(0.0226), fp_2042(0.0200)
2026-09-07 14:53:33,801 | INFO | Top fingerprint bits by Gini: fp_257(0.0560), fp_423(0.0535), fp_1699(0.0517), fp_2022(0.0431), fp_486(0.0398), fp_926(0.0277), fp_2028(0.0268), fp_1602(0.0267), fp_694(0.0257), fp_1883(0.0255)
2026-09-07 14:53:34,149 | INFO | Top fingerprint bits by Gini: fp_1096(0.1102), fp_423(0.0896), fp_1883(0.0803), fp_532(0.0734), fp_926(0.0557), fp_971(0.0496), fp_2022(0.0358), fp_695(0.0302), fp_1819(0.0274), fp_1057(0.0258)
2026-09-07 14:53:34,492 | INFO | Top fingerprint bits by Gini: fp_532(0.1004), fp_423(0.0727), fp_1096(0.0424), fp_915(0.0376), fp_486(0.0328), fp_550(0.0306), fp_1918(0.0303), fp_2028(0.0294), fp_974(0.0278), fp_1602(0.0277)
2026-09-07 14:53:34,837 | INFO | Top fingerprint bits by Gini: fp_423(0.1560), fp_1883(0.1443), fp_695(0.0566), fp_2028(0.0532), fp_1602(0.0463), fp_278(0.0415), fp_516(0.0410), fp_1389(0.0365), fp_1405(0.0311), fp_1670(0.0281)
2026-09-07 14:53:35,177 | INFO | Top fingerprint bits by Gini: fp_423(0.0819), fp_1602(0.0571), fp_532(0.0493), fp_1623(0.0396), fp_674(0.0337), fp_1883(0.0277), fp_1699(0.0257), fp_1918(0.0257), fp_941(0.0251), fp_550(0.0223)
2026-09-07 14:53:35,518 | INFO | Top fingerprint bits by Gini: fp_423(0.0648), fp_2022(0.0475), fp_1602(0.0438), fp_532(0.0366), fp_1883(0.0270), fp_1395(0.0227), fp_926(0.0225), fp_486(0.0223), fp_1623(0.0220), fp_183(0.0206)
2026-09-07 14:53:35,857 | INFO | Top fingerprint bits by Gini: fp_1883(0.0627), fp_1096(0.0557), fp_423(0.0544), fp_532(0.0423), fp_2022(0.0349), fp_1602(0.0311), fp_486(0.0275), fp_1389(0.0255), fp_926(0.0241), fp_516(0.0220)
2026-09-07 14:53:36,178 | INFO | Top fingerprint bits by Gini: fp_423(0.6049), fp_183(0.0670), fp_550(0.0527), fp_1137(0.0355), fp_674(0.0351), fp_1918(0.0309), fp_1523(0.0282), fp_1722(0.0234), fp_658(0.0211), fp_1904(0.0172)
2026-09-07 14:53:36,225 | INFO | Top fingerprint bits by Gini: fp_423(1.0000), fp_18(0.0000), fp_1(0.0000), fp_1345(0.0000), fp_1366(0.0000), fp_1371(0.0000), fp_1380(0.0000), fp_1384(0.0000), fp_1387(0.0000), fp_1389(0.0000)
2026-09-07 14:53:36,276 | INFO | Top fingerprint bits by Gini: fp_423(0.7600), fp_974(0.0934), fp_1395(0.0708), fp_1918(0.0450), fp_915(0.0220), fp_550(0.0088), fp_1(0.0000), fp_1366(0.0000), fp_1371(0.0000), fp_1380(0.0000)
2026-09-07 14:53:36,329 | INFO | Top fingerprint bits by Gini: fp_423(0.6049), fp_1395(0.0793), fp_1918(0.0513), fp_974(0.0454), fp_1722(0.0362), fp_915(0.0311), fp_832(0.0282), fp_802(0.0189), fp_334(0.0151), fp_1137(0.0136)
2026-09-07 14:53:36,378 | INFO | Top fingerprint bits by Gini: fp_532(0.8333), fp_926(0.0000), fp_1(0.0000), fp_1345(0.0000), fp_1366(0.0000), fp_1371(0.0000), fp_1380(0.0000), fp_1384(0.0000), fp_1387(0.0000), fp_1389(0.0000)
2026-09-07 14:53:36,428 | INFO | Top fingerprint bits by Gini: fp_423(0.7600), fp_1(0.0000), fp_1345(0.0000), fp_1366(0.0000), fp_1371(0.0000), fp_1380(0.0000), fp_1384(0.0000), fp_1387(0.0000), fp_1389(0.0000), fp_1394(0.0000)
2026-09-07 14:53:36,474 | INFO | Top fingerprint bits by Gini: fp_532(1.0000), fp_1(0.0000), fp_1345(0.0000), fp_1366(0.0000), fp_1371(0.0000), fp_1380(0.0000), fp_1384(0.0000), fp_1387(0.0000), fp_1389(0.0000), fp_1394(0.0000)
2026-09-07 14:53:36,526 | INFO | Top fingerprint bits by Gini: fp_423(0.4900), fp_550(0.0600), fp_1395(0.0592), fp_974(0.0460), fp_1623(0.0358), fp_915(0.0340), fp_1143(0.0302), fp_183(0.0294), fp_591(0.0252), fp_1523(0.0225)
2026-09-07 14:53:36,574 | INFO | Top fingerprint bits by Gini: fp_423(0.7143), fp_1904(0.0778), fp_1921(0.0464), fp_658(0.0438), fp_334(0.0344), fp_1911(0.0081), fp_832(0.0046), fp_660(0.0031), fp_1137(0.0016), fp_125(0.0011)
2026-09-07 14:53:36,626 | INFO | Top fingerprint bits by Gini: fp_1883(0.2994), fp_423(0.2591), fp_591(0.0553), fp_1722(0.0309), fp_832(0.0295), fp_1143(0.0200), fp_1137(0.0126), fp_802(0.0091), fp_1904(0.0051), fp_294(0.0015)
2026-09-07 14:53:36,679 | INFO | Top fingerprint bits by Gini: fp_423(0.4734), fp_832(0.0506), fp_125(0.0260), fp_802(0.0210), fp_1523(0.0080), fp_1921(0.0040), fp_660(0.0030), fp_591(0.0012), fp_658(0.0010), fp_1143(0.0002)
2026-09-07 14:53:36,735 | INFO | Top fingerprint bits by Gini: fp_1699(0.2840), fp_486(0.1520), fp_2022(0.0724), fp_1671(0.0386), fp_694(0.0376), fp_1366(0.0359), fp_1670(0.0342), fp_1003(0.0264), fp_1955(0.0236), fp_931(0.0202)
2026-09-07 14:53:36,781 | INFO | Top fingerprint bits by Gini: fp_532(0.6628), fp_1096(0.3372), fp_222(0.0000), fp_1(0.0000), fp_1366(0.0000), fp_1371(0.0000), fp_1380(0.0000), fp_1384(0.0000), fp_1387(0.0000), fp_1389(0.0000)
2026-09-07 14:53:36,833 | INFO | Top fingerprint bits by Gini: fp_532(0.7600), fp_974(0.0914), fp_1395(0.0655), fp_1918(0.0647), fp_550(0.0108), fp_915(0.0077), fp_1(0.0000), fp_1366(0.0000), fp_1371(0.0000), fp_1380(0.0000)
2026-09-07 14:53:36,880 | INFO | Top fingerprint bits by Gini: fp_1883(0.7499), fp_423(0.2501), fp_1(0.0000), fp_1345(0.0000), fp_1366(0.0000), fp_1371(0.0000), fp_1380(0.0000), fp_1384(0.0000), fp_1387(0.0000), fp_1389(0.0000)
2026-09-07 14:53:36,930 | INFO | Top fingerprint bits by Gini: fp_694(0.5333), fp_1(0.0000), fp_1345(0.0000), fp_1366(0.0000), fp_1371(0.0000), fp_1380(0.0000), fp_1384(0.0000), fp_1387(0.0000), fp_1389(0.0000), fp_1394(0.0000)
2026-09-07 14:53:36,989 | INFO | Top fingerprint bits by Gini: fp_423(0.4073), fp_532(0.0919), fp_674(0.0846), fp_1426(0.0435), fp_974(0.0323), fp_183(0.0316), fp_832(0.0211), fp_1623(0.0211), fp_1523(0.0180), fp_550(0.0080)
2026-09-07 14:53:37,050 | INFO | Top fingerprint bits by Gini: fp_532(0.3619), fp_1096(0.1236), fp_1883(0.1031), fp_80(0.0407), fp_423(0.0270), fp_658(0.0213), fp_1444(0.0195), fp_832(0.0134), fp_1670(0.0122), fp_125(0.0085)
2026-09-07 14:53:37,432 | INFO |                  dimension  spearman_rank_corr_mean  topk_overlap_mean  jaccard_topk_similarity  sign_consistency classification
across_models_seeds_splits                 0.566105           1.499651                 0.375472          0.577315       MARGINAL
  across_seeds_fixed_model                 0.878788           1.666667                 0.400000          1.000000         STABLE
  across_models_fixed_seed                 0.892705           1.666667                 0.400000          0.866667         STABLE
method_gini_vs_permutation                 0.200156           1.000000                 0.416667          0.192490       UNSTABLE
   method_gini_vs_ablation                 0.266342           1.000000                 0.414815          0.179321       UNSTABLE
2026-09-07 14:53:37,432 | INFO | === Explanation-preservation analysis (section 26) ===
2026-09-07 14:53:37,434 | INFO | top_generic_descriptor top_specific_descriptor  generic_descriptor_gini_frac  specific_descriptor_gini_frac  fragment_experimental_support_frac               shap_top3_features  shap_includes_specific  generic_dominated_flag  weak_experimental_fragment_support_flag  flag_artifact_exploitation                                                                            interpretation
  FractionCSP3,LogP,MW                 HBD,HBA                         0.938                          0.062                                 1.0 FractionCSP3,LogP,HeavyAtomCount                       0                    True                                    False                       False Model top features retain experimental specificity; artifact-exploitation flag NOT raised
2026-09-07 15:33:22,896 | INFO | Fingerprint features used (non-degenerate bits): 183/2048
2026-09-07 15:33:22,971 | INFO | Top fingerprint bits by Gini: fp_423(0.0738), fp_532(0.0428), fp_1602(0.0374), fp_1096(0.0298), fp_1883(0.0235), fp_1699(0.0210), fp_486(0.0200), fp_2022(0.0177), fp_1(0.0140), fp_1670(0.0130)
2026-09-07 15:33:32,169 | INFO | === Counterfactual analysis (section 14) ===
2026-09-07 15:33:32,240 | INFO |                       probe              category  predicted_active  confidence
    ID01_break_lactone_ring        remove_feature              True       0.665
     ID01_remove_primary_OH         change_h_bond              True       0.750
 ID01_move_primary_OH_chain      move_substituent              True       0.600
             ID25_remove_Br        remove_feature              True       0.845
              ID25_Br_to_Cl       replace_feature              True       0.865
             ID25_Br_to_CF3       replace_feature              True       0.770
         ID25_remove_stereo alter_stereochemistry              True       0.915
         ID12_remove_stereo alter_stereochemistry              True       0.645
      ID12_flip_core_stereo alter_stereochemistry              True       0.645
         ID12_remove_alkyne        remove_feature             False       0.930
 ID12_alkyne_to_small_chain       replace_feature             False       0.895
 ID18_ester_to_ether_linker          alter_linker              True       0.520
ID18_benzyl_to_ortho_methyl     alter_hydrophobic             False       0.545
        ID24_remove_alcohol        remove_feature             False       0.585
           ID01_open_pyrone        remove_feature             False       0.750
2026-09-07 15:33:32,240 | INFO | === XAI reproducibility (section 13) ===
2026-09-07 15:33:32,308 | INFO | Top fingerprint bits by Gini: fp_423(0.0718), fp_1602(0.0657), fp_501(0.0226), fp_2028(0.0216), fp_1057(0.0206), fp_532(0.0206), fp_80(0.0184), fp_1405(0.0163), fp_516(0.0160), fp_1389(0.0156)
2026-09-07 15:33:32,611 | INFO | Top fingerprint bits by Gini: fp_423(0.1370), fp_1883(0.0623), fp_1602(0.0465), fp_2028(0.0407), fp_257(0.0281), fp_1096(0.0277), fp_532(0.0238), fp_695(0.0226), fp_1670(0.0206), fp_1389(0.0188)
2026-09-07 15:33:32,916 | INFO | Top fingerprint bits by Gini: fp_423(0.0982), fp_2028(0.0291), fp_1602(0.0284), fp_486(0.0272), fp_501(0.0253), fp_1883(0.0220), fp_532(0.0200), fp_1699(0.0190), fp_1395(0.0189), fp_2022(0.0189)
2026-09-07 15:33:33,216 | INFO | Top fingerprint bits by Gini: fp_423(0.0817), fp_1883(0.0407), fp_532(0.0279), fp_1602(0.0275), fp_2028(0.0270), fp_74(0.0252), fp_798(0.0196), fp_1096(0.0191), fp_974(0.0162), fp_794(0.0161)
2026-09-07 15:33:33,517 | INFO | Top fingerprint bits by Gini: fp_2028(0.0724), fp_532(0.0544), fp_423(0.0521), fp_926(0.0451), fp_227(0.0290), fp_1017(0.0245), fp_971(0.0240), fp_649(0.0238), fp_1043(0.0194), fp_1(0.0185)
2026-09-07 15:33:33,839 | INFO | Top fingerprint bits by Gini: fp_423(0.0978), fp_1883(0.0348), fp_1602(0.0342), fp_257(0.0335), fp_2028(0.0334), fp_1670(0.0216), fp_1389(0.0168), fp_1452(0.0167), fp_80(0.0137), fp_2022(0.0129)
2026-09-07 15:33:34,177 | INFO | Top fingerprint bits by Gini: fp_532(0.1008), fp_1096(0.0782), fp_2022(0.0594), fp_423(0.0494), fp_1883(0.0493), fp_486(0.0356), fp_1(0.0257), fp_1923(0.0201), fp_2028(0.0155), fp_1602(0.0145)
2026-09-07 15:33:34,496 | INFO | Top fingerprint bits by Gini: fp_423(0.0561), fp_2028(0.0354), fp_532(0.0317), fp_1883(0.0284), fp_1602(0.0254), fp_183(0.0237), fp_1306(0.0200), fp_1222(0.0193), fp_674(0.0166), fp_695(0.0165)
2026-09-07 15:33:34,805 | INFO | Top fingerprint bits by Gini: fp_423(0.0792), fp_532(0.0658), fp_210(0.0360), fp_2028(0.0291), fp_1222(0.0270), fp_501(0.0261), fp_486(0.0230), fp_971(0.0216), fp_1057(0.0199), fp_76(0.0185)
2026-09-07 15:33:35,133 | INFO | Top fingerprint bits by Gini: fp_423(0.0695), fp_1883(0.0580), fp_1602(0.0465), fp_516(0.0379), fp_1389(0.0342), fp_695(0.0322), fp_2028(0.0252), fp_257(0.0195), fp_80(0.0188), fp_1444(0.0187)
2026-09-07 15:33:35,452 | INFO | Top fingerprint bits by Gini: fp_423(0.0524), fp_257(0.0346), fp_2028(0.0242), fp_1(0.0197), fp_227(0.0180), fp_591(0.0170), fp_1883(0.0153), fp_971(0.0144), fp_1066(0.0138), fp_532(0.0130)
2026-09-07 15:33:35,761 | INFO | Top fingerprint bits by Gini: fp_486(0.0538), fp_971(0.0360), fp_222(0.0325), fp_423(0.0314), fp_1883(0.0273), fp_1699(0.0268), fp_257(0.0262), fp_2022(0.0249), fp_926(0.0187), fp_1602(0.0164)
2026-09-07 15:33:36,121 | INFO | Top fingerprint bits by Gini: fp_1096(0.1115), fp_423(0.0683), fp_532(0.0636), fp_1883(0.0627), fp_486(0.0498), fp_2022(0.0435), fp_971(0.0388), fp_926(0.0347), fp_695(0.0291), fp_2028(0.0234)
2026-09-07 15:33:36,444 | INFO | Top fingerprint bits by Gini: fp_532(0.0793), fp_423(0.0374), fp_1096(0.0368), fp_2022(0.0236), fp_486(0.0208), fp_915(0.0195), fp_2028(0.0192), fp_971(0.0192), fp_974(0.0189), fp_1883(0.0172)
2026-09-07 15:33:36,773 | INFO | Top fingerprint bits by Gini: fp_1883(0.0909), fp_423(0.0860), fp_695(0.0462), fp_1602(0.0412), fp_1405(0.0398), fp_1389(0.0318), fp_257(0.0279), fp_2028(0.0275), fp_1096(0.0274), fp_486(0.0237)
2026-09-07 15:33:37,091 | INFO | Top fingerprint bits by Gini: fp_423(0.0472), fp_1602(0.0353), fp_974(0.0318), fp_1883(0.0315), fp_2022(0.0289), fp_915(0.0275), fp_532(0.0242), fp_183(0.0211), fp_486(0.0201), fp_516(0.0201)
2026-09-07 15:33:37,395 | INFO | Top fingerprint bits by Gini: fp_423(0.0488), fp_486(0.0437), fp_2022(0.0375), fp_532(0.0320), fp_1602(0.0315), fp_1096(0.0252), fp_1389(0.0205), fp_1623(0.0190), fp_1699(0.0170), fp_516(0.0150)
2026-09-07 15:33:37,699 | INFO | Top fingerprint bits by Gini: fp_423(0.0610), fp_1883(0.0587), fp_1096(0.0534), fp_532(0.0397), fp_1602(0.0288), fp_486(0.0279), fp_2022(0.0270), fp_257(0.0181), fp_971(0.0169), fp_1(0.0166)
2026-09-07 15:33:37,997 | INFO | Top fingerprint bits by Gini: fp_423(0.1011), fp_1602(0.0623), fp_210(0.0359), fp_2028(0.0264), fp_1873(0.0239), fp_1405(0.0226), fp_1670(0.0222), fp_1057(0.0219), fp_1918(0.0209), fp_532(0.0203)
2026-09-07 15:33:38,302 | INFO | Top fingerprint bits by Gini: fp_423(0.1544), fp_2028(0.0807), fp_1883(0.0690), fp_1602(0.0573), fp_532(0.0523), fp_1405(0.0330), fp_1096(0.0282), fp_695(0.0268), fp_1389(0.0230), fp_1873(0.0225)
2026-09-07 15:33:38,599 | INFO | Top fingerprint bits by Gini: fp_423(0.0953), fp_1883(0.0528), fp_532(0.0413), fp_1602(0.0395), fp_915(0.0319), fp_550(0.0273), fp_2028(0.0251), fp_1395(0.0211), fp_1918(0.0204), fp_76(0.0202)
2026-09-07 15:33:38,905 | INFO | Top fingerprint bits by Gini: fp_423(0.0749), fp_532(0.0587), fp_1883(0.0481), fp_2028(0.0412), fp_1395(0.0302), fp_1371(0.0279), fp_1602(0.0252), fp_974(0.0247), fp_1096(0.0230), fp_251(0.0230)
2026-09-07 15:33:39,215 | INFO | Top fingerprint bits by Gini: fp_926(0.0708), fp_423(0.0648), fp_2028(0.0639), fp_532(0.0628), fp_1819(0.0353), fp_1(0.0343), fp_227(0.0306), fp_2022(0.0293), fp_649(0.0286), fp_486(0.0281)
2026-09-07 15:33:39,528 | INFO | Top fingerprint bits by Gini: fp_423(0.0939), fp_1883(0.0546), fp_257(0.0437), fp_1602(0.0408), fp_2028(0.0375), fp_532(0.0326), fp_1670(0.0249), fp_1405(0.0237), fp_717(0.0180), fp_745(0.0180)
2026-09-07 15:33:39,852 | INFO | Top fingerprint bits by Gini: fp_532(0.1347), fp_423(0.1017), fp_486(0.0806), fp_1096(0.0503), fp_1883(0.0455), fp_2022(0.0434), fp_2028(0.0393), fp_1(0.0332), fp_1819(0.0314), fp_649(0.0239)
2026-09-07 15:33:40,158 | INFO | Top fingerprint bits by Gini: fp_423(0.0791), fp_2028(0.0506), fp_532(0.0462), fp_1602(0.0381), fp_1883(0.0369), fp_1873(0.0325), fp_674(0.0271), fp_183(0.0234), fp_278(0.0210), fp_1306(0.0207)
2026-09-07 15:33:40,471 | INFO | Top fingerprint bits by Gini: fp_423(0.1162), fp_2028(0.0522), fp_1222(0.0448), fp_532(0.0410), fp_257(0.0388), fp_501(0.0347), fp_278(0.0335), fp_1883(0.0292), fp_1602(0.0284), fp_1405(0.0260)
2026-09-07 15:33:40,806 | INFO | Top fingerprint bits by Gini: fp_1883(0.0792), fp_423(0.0646), fp_1602(0.0518), fp_516(0.0420), fp_1389(0.0388), fp_1444(0.0372), fp_257(0.0365), fp_2028(0.0302), fp_695(0.0267), fp_1057(0.0188)
2026-09-07 15:33:41,139 | INFO | Top fingerprint bits by Gini: fp_423(0.0750), fp_257(0.0639), fp_2028(0.0315), fp_1405(0.0256), fp_1699(0.0240), fp_1883(0.0229), fp_1670(0.0228), fp_532(0.0228), fp_1(0.0226), fp_2042(0.0200)
2026-09-07 15:33:41,464 | INFO | Top fingerprint bits by Gini: fp_257(0.0560), fp_423(0.0535), fp_1699(0.0517), fp_2022(0.0431), fp_486(0.0398), fp_926(0.0277), fp_2028(0.0268), fp_1602(0.0267), fp_694(0.0257), fp_1883(0.0255)
2026-09-07 15:33:41,794 | INFO | Top fingerprint bits by Gini: fp_1096(0.1102), fp_423(0.0896), fp_1883(0.0803), fp_532(0.0734), fp_926(0.0557), fp_971(0.0496), fp_2022(0.0358), fp_695(0.0302), fp_1819(0.0274), fp_1057(0.0258)
2026-09-07 15:33:42,147 | INFO | Top fingerprint bits by Gini: fp_532(0.1004), fp_423(0.0727), fp_1096(0.0424), fp_915(0.0376), fp_486(0.0328), fp_550(0.0306), fp_1918(0.0303), fp_2028(0.0294), fp_974(0.0278), fp_1602(0.0277)
2026-09-07 15:33:42,471 | INFO | Top fingerprint bits by Gini: fp_423(0.1560), fp_1883(0.1443), fp_695(0.0566), fp_2028(0.0532), fp_1602(0.0463), fp_278(0.0415), fp_516(0.0410), fp_1389(0.0365), fp_1405(0.0311), fp_1670(0.0281)
2026-09-07 15:33:42,791 | INFO | Top fingerprint bits by Gini: fp_423(0.0819), fp_1602(0.0571), fp_532(0.0493), fp_1623(0.0396), fp_674(0.0337), fp_1883(0.0277), fp_1699(0.0257), fp_1918(0.0257), fp_941(0.0251), fp_550(0.0223)
2026-09-07 15:33:43,108 | INFO | Top fingerprint bits by Gini: fp_423(0.0648), fp_2022(0.0475), fp_1602(0.0438), fp_532(0.0366), fp_1883(0.0270), fp_1395(0.0227), fp_926(0.0225), fp_486(0.0223), fp_1623(0.0220), fp_183(0.0206)
2026-09-07 15:33:43,430 | INFO | Top fingerprint bits by Gini: fp_1883(0.0627), fp_1096(0.0557), fp_423(0.0544), fp_532(0.0423), fp_2022(0.0349), fp_1602(0.0311), fp_486(0.0275), fp_1389(0.0255), fp_926(0.0241), fp_516(0.0220)
2026-09-07 15:33:43,727 | INFO | Top fingerprint bits by Gini: fp_423(0.6049), fp_183(0.0670), fp_550(0.0527), fp_1137(0.0355), fp_674(0.0351), fp_1918(0.0309), fp_1523(0.0282), fp_1722(0.0234), fp_658(0.0211), fp_1904(0.0172)
2026-09-07 15:33:43,766 | INFO | Top fingerprint bits by Gini: fp_423(1.0000), fp_18(0.0000), fp_1(0.0000), fp_1345(0.0000), fp_1366(0.0000), fp_1371(0.0000), fp_1380(0.0000), fp_1384(0.0000), fp_1387(0.0000), fp_1389(0.0000)
2026-09-07 15:33:43,808 | INFO | Top fingerprint bits by Gini: fp_423(0.7600), fp_974(0.0934), fp_1395(0.0708), fp_1918(0.0450), fp_915(0.0220), fp_550(0.0088), fp_1(0.0000), fp_1366(0.0000), fp_1371(0.0000), fp_1380(0.0000)
2026-09-07 15:33:43,854 | INFO | Top fingerprint bits by Gini: fp_423(0.6049), fp_1395(0.0793), fp_1918(0.0513), fp_974(0.0454), fp_1722(0.0362), fp_915(0.0311), fp_832(0.0282), fp_802(0.0189), fp_334(0.0151), fp_1137(0.0136)
2026-09-07 15:33:43,899 | INFO | Top fingerprint bits by Gini: fp_532(0.8333), fp_926(0.0000), fp_1(0.0000), fp_1345(0.0000), fp_1366(0.0000), fp_1371(0.0000), fp_1380(0.0000), fp_1384(0.0000), fp_1387(0.0000), fp_1389(0.0000)
2026-09-07 15:33:43,944 | INFO | Top fingerprint bits by Gini: fp_423(0.7600), fp_1(0.0000), fp_1345(0.0000), fp_1366(0.0000), fp_1371(0.0000), fp_1380(0.0000), fp_1384(0.0000), fp_1387(0.0000), fp_1389(0.0000), fp_1394(0.0000)
2026-09-07 15:33:43,985 | INFO | Top fingerprint bits by Gini: fp_532(1.0000), fp_1(0.0000), fp_1345(0.0000), fp_1366(0.0000), fp_1371(0.0000), fp_1380(0.0000), fp_1384(0.0000), fp_1387(0.0000), fp_1389(0.0000), fp_1394(0.0000)
2026-09-07 15:33:44,032 | INFO | Top fingerprint bits by Gini: fp_423(0.4900), fp_550(0.0600), fp_1395(0.0592), fp_974(0.0460), fp_1623(0.0358), fp_915(0.0340), fp_1143(0.0302), fp_183(0.0294), fp_591(0.0252), fp_1523(0.0225)
2026-09-07 15:33:44,076 | INFO | Top fingerprint bits by Gini: fp_423(0.7143), fp_1904(0.0778), fp_1921(0.0464), fp_658(0.0438), fp_334(0.0344), fp_1911(0.0081), fp_832(0.0046), fp_660(0.0031), fp_1137(0.0016), fp_125(0.0011)
2026-09-07 15:33:44,124 | INFO | Top fingerprint bits by Gini: fp_1883(0.2994), fp_423(0.2591), fp_591(0.0553), fp_1722(0.0309), fp_832(0.0295), fp_1143(0.0200), fp_1137(0.0126), fp_802(0.0091), fp_1904(0.0051), fp_294(0.0015)
2026-09-07 15:33:44,172 | INFO | Top fingerprint bits by Gini: fp_423(0.4734), fp_832(0.0506), fp_125(0.0260), fp_802(0.0210), fp_1523(0.0080), fp_1921(0.0040), fp_660(0.0030), fp_591(0.0012), fp_658(0.0010), fp_1143(0.0002)
2026-09-07 15:33:44,222 | INFO | Top fingerprint bits by Gini: fp_1699(0.2840), fp_486(0.1520), fp_2022(0.0724), fp_1671(0.0386), fp_694(0.0376), fp_1366(0.0359), fp_1670(0.0342), fp_1003(0.0264), fp_1955(0.0236), fp_931(0.0202)
2026-09-07 15:33:44,269 | INFO | Top fingerprint bits by Gini: fp_532(0.6628), fp_1096(0.3372), fp_222(0.0000), fp_1(0.0000), fp_1366(0.0000), fp_1371(0.0000), fp_1380(0.0000), fp_1384(0.0000), fp_1387(0.0000), fp_1389(0.0000)
2026-09-07 15:33:44,314 | INFO | Top fingerprint bits by Gini: fp_532(0.7600), fp_974(0.0914), fp_1395(0.0655), fp_1918(0.0647), fp_550(0.0108), fp_915(0.0077), fp_1(0.0000), fp_1366(0.0000), fp_1371(0.0000), fp_1380(0.0000)
2026-09-07 15:33:44,362 | INFO | Top fingerprint bits by Gini: fp_1883(0.7499), fp_423(0.2501), fp_1(0.0000), fp_1345(0.0000), fp_1366(0.0000), fp_1371(0.0000), fp_1380(0.0000), fp_1384(0.0000), fp_1387(0.0000), fp_1389(0.0000)
2026-09-07 15:33:44,411 | INFO | Top fingerprint bits by Gini: fp_694(0.5333), fp_1(0.0000), fp_1345(0.0000), fp_1366(0.0000), fp_1371(0.0000), fp_1380(0.0000), fp_1384(0.0000), fp_1387(0.0000), fp_1389(0.0000), fp_1394(0.0000)
2026-09-07 15:33:44,466 | INFO | Top fingerprint bits by Gini: fp_423(0.4073), fp_532(0.0919), fp_674(0.0846), fp_1426(0.0435), fp_974(0.0323), fp_183(0.0316), fp_832(0.0211), fp_1623(0.0211), fp_1523(0.0180), fp_550(0.0080)
2026-09-07 15:33:44,519 | INFO | Top fingerprint bits by Gini: fp_532(0.3619), fp_1096(0.1236), fp_1883(0.1031), fp_80(0.0407), fp_423(0.0270), fp_658(0.0213), fp_1444(0.0195), fp_832(0.0134), fp_1670(0.0122), fp_125(0.0085)
2026-09-07 15:33:44,877 | INFO |                  dimension  spearman_rank_corr_mean  topk_overlap_mean  jaccard_topk_similarity  sign_consistency classification
across_models_seeds_splits                 0.566105           1.499651                 0.375472          0.577315       MARGINAL
  across_seeds_fixed_model                 0.878788           1.666667                 0.400000          1.000000         STABLE
  across_models_fixed_seed                 0.892705           1.666667                 0.400000          0.866667         STABLE
method_gini_vs_permutation                 0.200156           1.000000                 0.416667          0.192490       UNSTABLE
   method_gini_vs_ablation                 0.266342           1.000000                 0.414815          0.179321       UNSTABLE
2026-09-07 15:33:44,877 | INFO | === Explanation-preservation analysis (section 26) ===
2026-09-07 15:33:44,880 | INFO | top_generic_descriptor top_specific_descriptor  generic_descriptor_gini_frac  specific_descriptor_gini_frac  fragment_experimental_support_frac               shap_top3_features  shap_includes_specific  generic_dominated_flag  weak_experimental_fragment_support_flag  flag_artifact_exploitation                                                                            interpretation
  FractionCSP3,LogP,MW                 HBD,HBA                         0.938                          0.062                                 1.0 FractionCSP3,LogP,HeavyAtomCount                       0                    True                                    False                       False Model top features retain experimental specificity; artifact-exploitation flag NOT raised
2026-09-07 15:57:39,486 | INFO | Fingerprint features used (non-degenerate bits): 183/2048
2026-09-07 15:57:39,553 | INFO | Top fingerprint bits by Gini: fp_423(0.0738), fp_532(0.0428), fp_1602(0.0374), fp_1096(0.0298), fp_1883(0.0235), fp_1699(0.0210), fp_486(0.0200), fp_2022(0.0177), fp_1(0.0140), fp_1670(0.0130)
2026-09-07 15:57:48,139 | INFO | === Counterfactual analysis (section 14) ===
2026-09-07 15:57:48,210 | INFO |                       probe              category  predicted_active  confidence
    ID01_break_lactone_ring        remove_feature              True       0.665
     ID01_remove_primary_OH         change_h_bond              True       0.750
 ID01_move_primary_OH_chain      move_substituent              True       0.600
             ID25_remove_Br        remove_feature              True       0.845
              ID25_Br_to_Cl       replace_feature              True       0.865
             ID25_Br_to_CF3       replace_feature              True       0.770
         ID25_remove_stereo alter_stereochemistry              True       0.915
         ID12_remove_stereo alter_stereochemistry              True       0.645
      ID12_flip_core_stereo alter_stereochemistry              True       0.645
         ID12_remove_alkyne        remove_feature             False       0.930
 ID12_alkyne_to_small_chain       replace_feature             False       0.895
 ID18_ester_to_ether_linker          alter_linker              True       0.520
ID18_benzyl_to_ortho_methyl     alter_hydrophobic             False       0.545
        ID24_remove_alcohol        remove_feature             False       0.585
           ID01_open_pyrone        remove_feature             False       0.750
2026-09-07 15:57:48,210 | INFO | === XAI reproducibility (section 13) ===
2026-09-07 15:57:48,276 | INFO | Top fingerprint bits by Gini: fp_423(0.0718), fp_1602(0.0657), fp_501(0.0226), fp_2028(0.0216), fp_1057(0.0206), fp_532(0.0206), fp_80(0.0184), fp_1405(0.0163), fp_516(0.0160), fp_1389(0.0156)
2026-09-07 15:57:48,566 | INFO | Top fingerprint bits by Gini: fp_423(0.1370), fp_1883(0.0623), fp_1602(0.0465), fp_2028(0.0407), fp_257(0.0281), fp_1096(0.0277), fp_532(0.0238), fp_695(0.0226), fp_1670(0.0206), fp_1389(0.0188)
2026-09-07 15:57:48,856 | INFO | Top fingerprint bits by Gini: fp_423(0.0982), fp_2028(0.0291), fp_1602(0.0284), fp_486(0.0272), fp_501(0.0253), fp_1883(0.0220), fp_532(0.0200), fp_1699(0.0190), fp_1395(0.0189), fp_2022(0.0189)
2026-09-07 15:57:49,146 | INFO | Top fingerprint bits by Gini: fp_423(0.0817), fp_1883(0.0407), fp_532(0.0279), fp_1602(0.0275), fp_2028(0.0270), fp_74(0.0252), fp_798(0.0196), fp_1096(0.0191), fp_974(0.0162), fp_794(0.0161)
2026-09-07 15:57:49,436 | INFO | Top fingerprint bits by Gini: fp_2028(0.0724), fp_532(0.0544), fp_423(0.0521), fp_926(0.0451), fp_227(0.0290), fp_1017(0.0245), fp_971(0.0240), fp_649(0.0238), fp_1043(0.0194), fp_1(0.0185)
2026-09-07 15:57:49,725 | INFO | Top fingerprint bits by Gini: fp_423(0.0978), fp_1883(0.0348), fp_1602(0.0342), fp_257(0.0335), fp_2028(0.0334), fp_1670(0.0216), fp_1389(0.0168), fp_1452(0.0167), fp_80(0.0137), fp_2022(0.0129)
2026-09-07 15:57:50,015 | INFO | Top fingerprint bits by Gini: fp_532(0.1008), fp_1096(0.0782), fp_2022(0.0594), fp_423(0.0494), fp_1883(0.0493), fp_486(0.0356), fp_1(0.0257), fp_1923(0.0201), fp_2028(0.0155), fp_1602(0.0145)
2026-09-07 15:57:50,306 | INFO | Top fingerprint bits by Gini: fp_423(0.0561), fp_2028(0.0354), fp_532(0.0317), fp_1883(0.0284), fp_1602(0.0254), fp_183(0.0237), fp_1306(0.0200), fp_1222(0.0193), fp_674(0.0166), fp_695(0.0165)
2026-09-07 15:57:50,597 | INFO | Top fingerprint bits by Gini: fp_423(0.0792), fp_532(0.0658), fp_210(0.0360), fp_2028(0.0291), fp_1222(0.0270), fp_501(0.0261), fp_486(0.0230), fp_971(0.0216), fp_1057(0.0199), fp_76(0.0185)
2026-09-07 15:57:50,887 | INFO | Top fingerprint bits by Gini: fp_423(0.0695), fp_1883(0.0580), fp_1602(0.0465), fp_516(0.0379), fp_1389(0.0342), fp_695(0.0322), fp_2028(0.0252), fp_257(0.0195), fp_80(0.0188), fp_1444(0.0187)
2026-09-07 15:57:51,176 | INFO | Top fingerprint bits by Gini: fp_423(0.0524), fp_257(0.0346), fp_2028(0.0242), fp_1(0.0197), fp_227(0.0180), fp_591(0.0170), fp_1883(0.0153), fp_971(0.0144), fp_1066(0.0138), fp_532(0.0130)
2026-09-07 15:57:51,467 | INFO | Top fingerprint bits by Gini: fp_486(0.0538), fp_971(0.0360), fp_222(0.0325), fp_423(0.0314), fp_1883(0.0273), fp_1699(0.0268), fp_257(0.0262), fp_2022(0.0249), fp_926(0.0187), fp_1602(0.0164)
2026-09-07 15:57:51,764 | INFO | Top fingerprint bits by Gini: fp_1096(0.1115), fp_423(0.0683), fp_532(0.0636), fp_1883(0.0627), fp_486(0.0498), fp_2022(0.0435), fp_971(0.0388), fp_926(0.0347), fp_695(0.0291), fp_2028(0.0234)
2026-09-07 15:57:52,054 | INFO | Top fingerprint bits by Gini: fp_532(0.0793), fp_423(0.0374), fp_1096(0.0368), fp_2022(0.0236), fp_486(0.0208), fp_915(0.0195), fp_2028(0.0192), fp_971(0.0192), fp_974(0.0189), fp_1883(0.0172)
2026-09-07 15:57:52,343 | INFO | Top fingerprint bits by Gini: fp_1883(0.0909), fp_423(0.0860), fp_695(0.0462), fp_1602(0.0412), fp_1405(0.0398), fp_1389(0.0318), fp_257(0.0279), fp_2028(0.0275), fp_1096(0.0274), fp_486(0.0237)
2026-09-07 15:57:52,633 | INFO | Top fingerprint bits by Gini: fp_423(0.0472), fp_1602(0.0353), fp_974(0.0318), fp_1883(0.0315), fp_2022(0.0289), fp_915(0.0275), fp_532(0.0242), fp_183(0.0211), fp_486(0.0201), fp_516(0.0201)
2026-09-07 15:57:52,922 | INFO | Top fingerprint bits by Gini: fp_423(0.0488), fp_486(0.0437), fp_2022(0.0375), fp_532(0.0320), fp_1602(0.0315), fp_1096(0.0252), fp_1389(0.0205), fp_1623(0.0190), fp_1699(0.0170), fp_516(0.0150)
2026-09-07 15:57:53,213 | INFO | Top fingerprint bits by Gini: fp_423(0.0610), fp_1883(0.0587), fp_1096(0.0534), fp_532(0.0397), fp_1602(0.0288), fp_486(0.0279), fp_2022(0.0270), fp_257(0.0181), fp_971(0.0169), fp_1(0.0166)
2026-09-07 15:57:53,504 | INFO | Top fingerprint bits by Gini: fp_423(0.1011), fp_1602(0.0623), fp_210(0.0359), fp_2028(0.0264), fp_1873(0.0239), fp_1405(0.0226), fp_1670(0.0222), fp_1057(0.0219), fp_1918(0.0209), fp_532(0.0203)
2026-09-07 15:57:53,784 | INFO | Top fingerprint bits by Gini: fp_423(0.1544), fp_2028(0.0807), fp_1883(0.0690), fp_1602(0.0573), fp_532(0.0523), fp_1405(0.0330), fp_1096(0.0282), fp_695(0.0268), fp_1389(0.0230), fp_1873(0.0225)
2026-09-07 15:57:54,065 | INFO | Top fingerprint bits by Gini: fp_423(0.0953), fp_1883(0.0528), fp_532(0.0413), fp_1602(0.0395), fp_915(0.0319), fp_550(0.0273), fp_2028(0.0251), fp_1395(0.0211), fp_1918(0.0204), fp_76(0.0202)
2026-09-07 15:57:54,346 | INFO | Top fingerprint bits by Gini: fp_423(0.0749), fp_532(0.0587), fp_1883(0.0481), fp_2028(0.0412), fp_1395(0.0302), fp_1371(0.0279), fp_1602(0.0252), fp_974(0.0247), fp_1096(0.0230), fp_251(0.0230)
2026-09-07 15:57:54,628 | INFO | Top fingerprint bits by Gini: fp_926(0.0708), fp_423(0.0648), fp_2028(0.0639), fp_532(0.0628), fp_1819(0.0353), fp_1(0.0343), fp_227(0.0306), fp_2022(0.0293), fp_649(0.0286), fp_486(0.0281)
2026-09-07 15:57:54,908 | INFO | Top fingerprint bits by Gini: fp_423(0.0939), fp_1883(0.0546), fp_257(0.0437), fp_1602(0.0408), fp_2028(0.0375), fp_532(0.0326), fp_1670(0.0249), fp_1405(0.0237), fp_717(0.0180), fp_745(0.0180)
2026-09-07 15:57:55,186 | INFO | Top fingerprint bits by Gini: fp_532(0.1347), fp_423(0.1017), fp_486(0.0806), fp_1096(0.0503), fp_1883(0.0455), fp_2022(0.0434), fp_2028(0.0393), fp_1(0.0332), fp_1819(0.0314), fp_649(0.0239)
2026-09-07 15:57:55,465 | INFO | Top fingerprint bits by Gini: fp_423(0.0791), fp_2028(0.0506), fp_532(0.0462), fp_1602(0.0381), fp_1883(0.0369), fp_1873(0.0325), fp_674(0.0271), fp_183(0.0234), fp_278(0.0210), fp_1306(0.0207)
2026-09-07 15:57:55,748 | INFO | Top fingerprint bits by Gini: fp_423(0.1162), fp_2028(0.0522), fp_1222(0.0448), fp_532(0.0410), fp_257(0.0388), fp_501(0.0347), fp_278(0.0335), fp_1883(0.0292), fp_1602(0.0284), fp_1405(0.0260)
2026-09-07 15:57:56,029 | INFO | Top fingerprint bits by Gini: fp_1883(0.0792), fp_423(0.0646), fp_1602(0.0518), fp_516(0.0420), fp_1389(0.0388), fp_1444(0.0372), fp_257(0.0365), fp_2028(0.0302), fp_695(0.0267), fp_1057(0.0188)
2026-09-07 15:57:56,311 | INFO | Top fingerprint bits by Gini: fp_423(0.0750), fp_257(0.0639), fp_2028(0.0315), fp_1405(0.0256), fp_1699(0.0240), fp_1883(0.0229), fp_1670(0.0228), fp_532(0.0228), fp_1(0.0226), fp_2042(0.0200)
2026-09-07 15:57:56,593 | INFO | Top fingerprint bits by Gini: fp_257(0.0560), fp_423(0.0535), fp_1699(0.0517), fp_2022(0.0431), fp_486(0.0398), fp_926(0.0277), fp_2028(0.0268), fp_1602(0.0267), fp_694(0.0257), fp_1883(0.0255)
2026-09-07 15:57:56,876 | INFO | Top fingerprint bits by Gini: fp_1096(0.1102), fp_423(0.0896), fp_1883(0.0803), fp_532(0.0734), fp_926(0.0557), fp_971(0.0496), fp_2022(0.0358), fp_695(0.0302), fp_1819(0.0274), fp_1057(0.0258)
2026-09-07 15:57:57,158 | INFO | Top fingerprint bits by Gini: fp_532(0.1004), fp_423(0.0727), fp_1096(0.0424), fp_915(0.0376), fp_486(0.0328), fp_550(0.0306), fp_1918(0.0303), fp_2028(0.0294), fp_974(0.0278), fp_1602(0.0277)
2026-09-07 15:57:57,439 | INFO | Top fingerprint bits by Gini: fp_423(0.1560), fp_1883(0.1443), fp_695(0.0566), fp_2028(0.0532), fp_1602(0.0463), fp_278(0.0415), fp_516(0.0410), fp_1389(0.0365), fp_1405(0.0311), fp_1670(0.0281)
2026-09-07 15:57:57,720 | INFO | Top fingerprint bits by Gini: fp_423(0.0819), fp_1602(0.0571), fp_532(0.0493), fp_1623(0.0396), fp_674(0.0337), fp_1883(0.0277), fp_1699(0.0257), fp_1918(0.0257), fp_941(0.0251), fp_550(0.0223)
2026-09-07 15:57:58,001 | INFO | Top fingerprint bits by Gini: fp_423(0.0648), fp_2022(0.0475), fp_1602(0.0438), fp_532(0.0366), fp_1883(0.0270), fp_1395(0.0227), fp_926(0.0225), fp_486(0.0223), fp_1623(0.0220), fp_183(0.0206)
2026-09-07 15:57:58,284 | INFO | Top fingerprint bits by Gini: fp_1883(0.0627), fp_1096(0.0557), fp_423(0.0544), fp_532(0.0423), fp_2022(0.0349), fp_1602(0.0311), fp_486(0.0275), fp_1389(0.0255), fp_926(0.0241), fp_516(0.0220)
2026-09-07 15:57:58,543 | INFO | Top fingerprint bits by Gini: fp_423(0.6049), fp_183(0.0670), fp_550(0.0527), fp_1137(0.0355), fp_674(0.0351), fp_1918(0.0309), fp_1523(0.0282), fp_1722(0.0234), fp_658(0.0211), fp_1904(0.0172)
2026-09-07 15:57:58,582 | INFO | Top fingerprint bits by Gini: fp_423(1.0000), fp_18(0.0000), fp_1(0.0000), fp_1345(0.0000), fp_1366(0.0000), fp_1371(0.0000), fp_1380(0.0000), fp_1384(0.0000), fp_1387(0.0000), fp_1389(0.0000)
2026-09-07 15:57:58,625 | INFO | Top fingerprint bits by Gini: fp_423(0.7600), fp_974(0.0934), fp_1395(0.0708), fp_1918(0.0450), fp_915(0.0220), fp_550(0.0088), fp_1(0.0000), fp_1366(0.0000), fp_1371(0.0000), fp_1380(0.0000)
2026-09-07 15:57:58,669 | INFO | Top fingerprint bits by Gini: fp_423(0.6049), fp_1395(0.0793), fp_1918(0.0513), fp_974(0.0454), fp_1722(0.0362), fp_915(0.0311), fp_832(0.0282), fp_802(0.0189), fp_334(0.0151), fp_1137(0.0136)
2026-09-07 15:57:58,711 | INFO | Top fingerprint bits by Gini: fp_532(0.8333), fp_926(0.0000), fp_1(0.0000), fp_1345(0.0000), fp_1366(0.0000), fp_1371(0.0000), fp_1380(0.0000), fp_1384(0.0000), fp_1387(0.0000), fp_1389(0.0000)
2026-09-07 15:57:58,753 | INFO | Top fingerprint bits by Gini: fp_423(0.7600), fp_1(0.0000), fp_1345(0.0000), fp_1366(0.0000), fp_1371(0.0000), fp_1380(0.0000), fp_1384(0.0000), fp_1387(0.0000), fp_1389(0.0000), fp_1394(0.0000)
2026-09-07 15:57:58,792 | INFO | Top fingerprint bits by Gini: fp_532(1.0000), fp_1(0.0000), fp_1345(0.0000), fp_1366(0.0000), fp_1371(0.0000), fp_1380(0.0000), fp_1384(0.0000), fp_1387(0.0000), fp_1389(0.0000), fp_1394(0.0000)
2026-09-07 15:57:58,837 | INFO | Top fingerprint bits by Gini: fp_423(0.4900), fp_550(0.0600), fp_1395(0.0592), fp_974(0.0460), fp_1623(0.0358), fp_915(0.0340), fp_1143(0.0302), fp_183(0.0294), fp_591(0.0252), fp_1523(0.0225)
2026-09-07 15:57:58,877 | INFO | Top fingerprint bits by Gini: fp_423(0.7143), fp_1904(0.0778), fp_1921(0.0464), fp_658(0.0438), fp_334(0.0344), fp_1911(0.0081), fp_832(0.0046), fp_660(0.0031), fp_1137(0.0016), fp_125(0.0011)
2026-09-07 15:57:58,921 | INFO | Top fingerprint bits by Gini: fp_1883(0.2994), fp_423(0.2591), fp_591(0.0553), fp_1722(0.0309), fp_832(0.0295), fp_1143(0.0200), fp_1137(0.0126), fp_802(0.0091), fp_1904(0.0051), fp_294(0.0015)
2026-09-07 15:57:58,965 | INFO | Top fingerprint bits by Gini: fp_423(0.4734), fp_832(0.0506), fp_125(0.0260), fp_802(0.0210), fp_1523(0.0080), fp_1921(0.0040), fp_660(0.0030), fp_591(0.0012), fp_658(0.0010), fp_1143(0.0002)
2026-09-07 15:57:59,011 | INFO | Top fingerprint bits by Gini: fp_1699(0.2840), fp_486(0.1520), fp_2022(0.0724), fp_1671(0.0386), fp_694(0.0376), fp_1366(0.0359), fp_1670(0.0342), fp_1003(0.0264), fp_1955(0.0236), fp_931(0.0202)
2026-09-07 15:57:59,050 | INFO | Top fingerprint bits by Gini: fp_532(0.6628), fp_1096(0.3372), fp_222(0.0000), fp_1(0.0000), fp_1366(0.0000), fp_1371(0.0000), fp_1380(0.0000), fp_1384(0.0000), fp_1387(0.0000), fp_1389(0.0000)
2026-09-07 15:57:59,092 | INFO | Top fingerprint bits by Gini: fp_532(0.7600), fp_974(0.0914), fp_1395(0.0655), fp_1918(0.0647), fp_550(0.0108), fp_915(0.0077), fp_1(0.0000), fp_1366(0.0000), fp_1371(0.0000), fp_1380(0.0000)
2026-09-07 15:57:59,130 | INFO | Top fingerprint bits by Gini: fp_1883(0.7499), fp_423(0.2501), fp_1(0.0000), fp_1345(0.0000), fp_1366(0.0000), fp_1371(0.0000), fp_1380(0.0000), fp_1384(0.0000), fp_1387(0.0000), fp_1389(0.0000)
2026-09-07 15:57:59,171 | INFO | Top fingerprint bits by Gini: fp_694(0.5333), fp_1(0.0000), fp_1345(0.0000), fp_1366(0.0000), fp_1371(0.0000), fp_1380(0.0000), fp_1384(0.0000), fp_1387(0.0000), fp_1389(0.0000), fp_1394(0.0000)
2026-09-07 15:57:59,221 | INFO | Top fingerprint bits by Gini: fp_423(0.4073), fp_532(0.0919), fp_674(0.0846), fp_1426(0.0435), fp_974(0.0323), fp_183(0.0316), fp_832(0.0211), fp_1623(0.0211), fp_1523(0.0180), fp_550(0.0080)
2026-09-07 15:57:59,270 | INFO | Top fingerprint bits by Gini: fp_532(0.3619), fp_1096(0.1236), fp_1883(0.1031), fp_80(0.0407), fp_423(0.0270), fp_658(0.0213), fp_1444(0.0195), fp_832(0.0134), fp_1670(0.0122), fp_125(0.0085)
2026-09-07 15:57:59,584 | INFO |                  dimension  spearman_rank_corr_mean  topk_overlap_mean  jaccard_topk_similarity  sign_consistency classification
across_models_seeds_splits                 0.566105           1.499651                 0.375472          0.577315       MARGINAL
  across_seeds_fixed_model                 0.878788           1.666667                 0.400000          1.000000         STABLE
  across_models_fixed_seed                 0.892705           1.666667                 0.400000          0.866667         STABLE
method_gini_vs_permutation                 0.200156           1.000000                 0.416667          0.192490       UNSTABLE
   method_gini_vs_ablation                 0.266342           1.000000                 0.414815          0.179321       UNSTABLE
2026-09-07 15:57:59,584 | INFO | === Explanation-preservation analysis (section 26) ===
2026-09-07 15:57:59,586 | INFO | top_generic_descriptor top_specific_descriptor  generic_descriptor_gini_frac  specific_descriptor_gini_frac  fragment_experimental_support_frac               shap_top3_features  shap_includes_specific  generic_dominated_flag  weak_experimental_fragment_support_flag  flag_artifact_exploitation                                                                            interpretation
  FractionCSP3,LogP,MW                 HBD,HBA                         0.938                          0.062                                 1.0 FractionCSP3,LogP,HeavyAtomCount                       0                    True                                    False                       False Model top features retain experimental specificity; artifact-exploitation flag NOT raised
2026-09-07 16:01:06,444 | INFO | Fingerprint features used (non-degenerate bits): 183/2048
2026-09-07 16:01:06,513 | INFO | Top fingerprint bits by Gini: fp_423(0.0738), fp_532(0.0428), fp_1602(0.0374), fp_1096(0.0298), fp_1883(0.0235), fp_1699(0.0210), fp_486(0.0200), fp_2022(0.0177), fp_1(0.0140), fp_1670(0.0130)
2026-09-07 16:01:15,029 | INFO | === Counterfactual analysis (section 14) ===
2026-09-07 16:01:15,099 | INFO |                       probe              category  predicted_active  confidence
    ID01_break_lactone_ring        remove_feature              True       0.665
     ID01_remove_primary_OH         change_h_bond              True       0.750
 ID01_move_primary_OH_chain      move_substituent              True       0.600
             ID25_remove_Br        remove_feature              True       0.845
              ID25_Br_to_Cl       replace_feature              True       0.865
             ID25_Br_to_CF3       replace_feature              True       0.770
         ID25_remove_stereo alter_stereochemistry              True       0.915
         ID12_remove_stereo alter_stereochemistry              True       0.645
      ID12_flip_core_stereo alter_stereochemistry              True       0.645
         ID12_remove_alkyne        remove_feature             False       0.930
 ID12_alkyne_to_small_chain       replace_feature             False       0.895
 ID18_ester_to_ether_linker          alter_linker              True       0.520
ID18_benzyl_to_ortho_methyl     alter_hydrophobic             False       0.545
        ID24_remove_alcohol        remove_feature             False       0.585
           ID01_open_pyrone        remove_feature             False       0.750
2026-09-07 16:01:15,099 | INFO | === XAI reproducibility (section 13) ===
2026-09-07 16:01:15,165 | INFO | Top fingerprint bits by Gini: fp_423(0.0718), fp_1602(0.0657), fp_501(0.0226), fp_2028(0.0216), fp_1057(0.0206), fp_532(0.0206), fp_80(0.0184), fp_1405(0.0163), fp_516(0.0160), fp_1389(0.0156)
2026-09-07 16:01:15,465 | INFO | Top fingerprint bits by Gini: fp_423(0.1370), fp_1883(0.0623), fp_1602(0.0465), fp_2028(0.0407), fp_257(0.0281), fp_1096(0.0277), fp_532(0.0238), fp_695(0.0226), fp_1670(0.0206), fp_1389(0.0188)
2026-09-07 16:01:15,752 | INFO | Top fingerprint bits by Gini: fp_423(0.0982), fp_2028(0.0291), fp_1602(0.0284), fp_486(0.0272), fp_501(0.0253), fp_1883(0.0220), fp_532(0.0200), fp_1699(0.0190), fp_1395(0.0189), fp_2022(0.0189)
2026-09-07 16:01:16,040 | INFO | Top fingerprint bits by Gini: fp_423(0.0817), fp_1883(0.0407), fp_532(0.0279), fp_1602(0.0275), fp_2028(0.0270), fp_74(0.0252), fp_798(0.0196), fp_1096(0.0191), fp_974(0.0162), fp_794(0.0161)
2026-09-07 16:01:16,336 | INFO | Top fingerprint bits by Gini: fp_2028(0.0724), fp_532(0.0544), fp_423(0.0521), fp_926(0.0451), fp_227(0.0290), fp_1017(0.0245), fp_971(0.0240), fp_649(0.0238), fp_1043(0.0194), fp_1(0.0185)
2026-09-07 16:01:16,622 | INFO | Top fingerprint bits by Gini: fp_423(0.0978), fp_1883(0.0348), fp_1602(0.0342), fp_257(0.0335), fp_2028(0.0334), fp_1670(0.0216), fp_1389(0.0168), fp_1452(0.0167), fp_80(0.0137), fp_2022(0.0129)
2026-09-07 16:01:16,910 | INFO | Top fingerprint bits by Gini: fp_532(0.1008), fp_1096(0.0782), fp_2022(0.0594), fp_423(0.0494), fp_1883(0.0493), fp_486(0.0356), fp_1(0.0257), fp_1923(0.0201), fp_2028(0.0155), fp_1602(0.0145)
2026-09-07 16:01:17,194 | INFO | Top fingerprint bits by Gini: fp_423(0.0561), fp_2028(0.0354), fp_532(0.0317), fp_1883(0.0284), fp_1602(0.0254), fp_183(0.0237), fp_1306(0.0200), fp_1222(0.0193), fp_674(0.0166), fp_695(0.0165)
2026-09-07 16:01:17,496 | INFO | Top fingerprint bits by Gini: fp_423(0.0792), fp_532(0.0658), fp_210(0.0360), fp_2028(0.0291), fp_1222(0.0270), fp_501(0.0261), fp_486(0.0230), fp_971(0.0216), fp_1057(0.0199), fp_76(0.0185)
2026-09-07 16:01:17,781 | INFO | Top fingerprint bits by Gini: fp_423(0.0695), fp_1883(0.0580), fp_1602(0.0465), fp_516(0.0379), fp_1389(0.0342), fp_695(0.0322), fp_2028(0.0252), fp_257(0.0195), fp_80(0.0188), fp_1444(0.0187)
2026-09-07 16:01:18,068 | INFO | Top fingerprint bits by Gini: fp_423(0.0524), fp_257(0.0346), fp_2028(0.0242), fp_1(0.0197), fp_227(0.0180), fp_591(0.0170), fp_1883(0.0153), fp_971(0.0144), fp_1066(0.0138), fp_532(0.0130)
2026-09-07 16:01:18,353 | INFO | Top fingerprint bits by Gini: fp_486(0.0538), fp_971(0.0360), fp_222(0.0325), fp_423(0.0314), fp_1883(0.0273), fp_1699(0.0268), fp_257(0.0262), fp_2022(0.0249), fp_926(0.0187), fp_1602(0.0164)
2026-09-07 16:01:18,647 | INFO | Top fingerprint bits by Gini: fp_1096(0.1115), fp_423(0.0683), fp_532(0.0636), fp_1883(0.0627), fp_486(0.0498), fp_2022(0.0435), fp_971(0.0388), fp_926(0.0347), fp_695(0.0291), fp_2028(0.0234)
2026-09-07 16:01:18,933 | INFO | Top fingerprint bits by Gini: fp_532(0.0793), fp_423(0.0374), fp_1096(0.0368), fp_2022(0.0236), fp_486(0.0208), fp_915(0.0195), fp_2028(0.0192), fp_971(0.0192), fp_974(0.0189), fp_1883(0.0172)
2026-09-07 16:01:19,220 | INFO | Top fingerprint bits by Gini: fp_1883(0.0909), fp_423(0.0860), fp_695(0.0462), fp_1602(0.0412), fp_1405(0.0398), fp_1389(0.0318), fp_257(0.0279), fp_2028(0.0275), fp_1096(0.0274), fp_486(0.0237)
2026-09-07 16:01:19,507 | INFO | Top fingerprint bits by Gini: fp_423(0.0472), fp_1602(0.0353), fp_974(0.0318), fp_1883(0.0315), fp_2022(0.0289), fp_915(0.0275), fp_532(0.0242), fp_183(0.0211), fp_486(0.0201), fp_516(0.0201)
2026-09-07 16:01:19,808 | INFO | Top fingerprint bits by Gini: fp_423(0.0488), fp_486(0.0437), fp_2022(0.0375), fp_532(0.0320), fp_1602(0.0315), fp_1096(0.0252), fp_1389(0.0205), fp_1623(0.0190), fp_1699(0.0170), fp_516(0.0150)
2026-09-07 16:01:20,095 | INFO | Top fingerprint bits by Gini: fp_423(0.0610), fp_1883(0.0587), fp_1096(0.0534), fp_532(0.0397), fp_1602(0.0288), fp_486(0.0279), fp_2022(0.0270), fp_257(0.0181), fp_971(0.0169), fp_1(0.0166)
2026-09-07 16:01:20,371 | INFO | Top fingerprint bits by Gini: fp_423(0.1011), fp_1602(0.0623), fp_210(0.0359), fp_2028(0.0264), fp_1873(0.0239), fp_1405(0.0226), fp_1670(0.0222), fp_1057(0.0219), fp_1918(0.0209), fp_532(0.0203)
2026-09-07 16:01:20,652 | INFO | Top fingerprint bits by Gini: fp_423(0.1544), fp_2028(0.0807), fp_1883(0.0690), fp_1602(0.0573), fp_532(0.0523), fp_1405(0.0330), fp_1096(0.0282), fp_695(0.0268), fp_1389(0.0230), fp_1873(0.0225)
2026-09-07 16:01:20,929 | INFO | Top fingerprint bits by Gini: fp_423(0.0953), fp_1883(0.0528), fp_532(0.0413), fp_1602(0.0395), fp_915(0.0319), fp_550(0.0273), fp_2028(0.0251), fp_1395(0.0211), fp_1918(0.0204), fp_76(0.0202)
2026-09-07 16:01:21,208 | INFO | Top fingerprint bits by Gini: fp_423(0.0749), fp_532(0.0587), fp_1883(0.0481), fp_2028(0.0412), fp_1395(0.0302), fp_1371(0.0279), fp_1602(0.0252), fp_974(0.0247), fp_1096(0.0230), fp_251(0.0230)
2026-09-07 16:01:21,487 | INFO | Top fingerprint bits by Gini: fp_926(0.0708), fp_423(0.0648), fp_2028(0.0639), fp_532(0.0628), fp_1819(0.0353), fp_1(0.0343), fp_227(0.0306), fp_2022(0.0293), fp_649(0.0286), fp_486(0.0281)
2026-09-07 16:01:21,767 | INFO | Top fingerprint bits by Gini: fp_423(0.0939), fp_1883(0.0546), fp_257(0.0437), fp_1602(0.0408), fp_2028(0.0375), fp_532(0.0326), fp_1670(0.0249), fp_1405(0.0237), fp_717(0.0180), fp_745(0.0180)
2026-09-07 16:01:22,061 | INFO | Top fingerprint bits by Gini: fp_532(0.1347), fp_423(0.1017), fp_486(0.0806), fp_1096(0.0503), fp_1883(0.0455), fp_2022(0.0434), fp_2028(0.0393), fp_1(0.0332), fp_1819(0.0314), fp_649(0.0239)
2026-09-07 16:01:22,338 | INFO | Top fingerprint bits by Gini: fp_423(0.0791), fp_2028(0.0506), fp_532(0.0462), fp_1602(0.0381), fp_1883(0.0369), fp_1873(0.0325), fp_674(0.0271), fp_183(0.0234), fp_278(0.0210), fp_1306(0.0207)
2026-09-07 16:01:22,617 | INFO | Top fingerprint bits by Gini: fp_423(0.1162), fp_2028(0.0522), fp_1222(0.0448), fp_532(0.0410), fp_257(0.0388), fp_501(0.0347), fp_278(0.0335), fp_1883(0.0292), fp_1602(0.0284), fp_1405(0.0260)
2026-09-07 16:01:22,895 | INFO | Top fingerprint bits by Gini: fp_1883(0.0792), fp_423(0.0646), fp_1602(0.0518), fp_516(0.0420), fp_1389(0.0388), fp_1444(0.0372), fp_257(0.0365), fp_2028(0.0302), fp_695(0.0267), fp_1057(0.0188)
2026-09-07 16:01:23,172 | INFO | Top fingerprint bits by Gini: fp_423(0.0750), fp_257(0.0639), fp_2028(0.0315), fp_1405(0.0256), fp_1699(0.0240), fp_1883(0.0229), fp_1670(0.0228), fp_532(0.0228), fp_1(0.0226), fp_2042(0.0200)
2026-09-07 16:01:23,448 | INFO | Top fingerprint bits by Gini: fp_257(0.0560), fp_423(0.0535), fp_1699(0.0517), fp_2022(0.0431), fp_486(0.0398), fp_926(0.0277), fp_2028(0.0268), fp_1602(0.0267), fp_694(0.0257), fp_1883(0.0255)
2026-09-07 16:01:23,727 | INFO | Top fingerprint bits by Gini: fp_1096(0.1102), fp_423(0.0896), fp_1883(0.0803), fp_532(0.0734), fp_926(0.0557), fp_971(0.0496), fp_2022(0.0358), fp_695(0.0302), fp_1819(0.0274), fp_1057(0.0258)
2026-09-07 16:01:24,003 | INFO | Top fingerprint bits by Gini: fp_532(0.1004), fp_423(0.0727), fp_1096(0.0424), fp_915(0.0376), fp_486(0.0328), fp_550(0.0306), fp_1918(0.0303), fp_2028(0.0294), fp_974(0.0278), fp_1602(0.0277)
2026-09-07 16:01:24,296 | INFO | Top fingerprint bits by Gini: fp_423(0.1560), fp_1883(0.1443), fp_695(0.0566), fp_2028(0.0532), fp_1602(0.0463), fp_278(0.0415), fp_516(0.0410), fp_1389(0.0365), fp_1405(0.0311), fp_1670(0.0281)
2026-09-07 16:01:24,572 | INFO | Top fingerprint bits by Gini: fp_423(0.0819), fp_1602(0.0571), fp_532(0.0493), fp_1623(0.0396), fp_674(0.0337), fp_1883(0.0277), fp_1699(0.0257), fp_1918(0.0257), fp_941(0.0251), fp_550(0.0223)
2026-09-07 16:01:24,853 | INFO | Top fingerprint bits by Gini: fp_423(0.0648), fp_2022(0.0475), fp_1602(0.0438), fp_532(0.0366), fp_1883(0.0270), fp_1395(0.0227), fp_926(0.0225), fp_486(0.0223), fp_1623(0.0220), fp_183(0.0206)
2026-09-07 16:01:25,132 | INFO | Top fingerprint bits by Gini: fp_1883(0.0627), fp_1096(0.0557), fp_423(0.0544), fp_532(0.0423), fp_2022(0.0349), fp_1602(0.0311), fp_486(0.0275), fp_1389(0.0255), fp_926(0.0241), fp_516(0.0220)
2026-09-07 16:01:25,388 | INFO | Top fingerprint bits by Gini: fp_423(0.6049), fp_183(0.0670), fp_550(0.0527), fp_1137(0.0355), fp_674(0.0351), fp_1918(0.0309), fp_1523(0.0282), fp_1722(0.0234), fp_658(0.0211), fp_1904(0.0172)
2026-09-07 16:01:25,427 | INFO | Top fingerprint bits by Gini: fp_423(1.0000), fp_18(0.0000), fp_1(0.0000), fp_1345(0.0000), fp_1366(0.0000), fp_1371(0.0000), fp_1380(0.0000), fp_1384(0.0000), fp_1387(0.0000), fp_1389(0.0000)
2026-09-07 16:01:25,469 | INFO | Top fingerprint bits by Gini: fp_423(0.7600), fp_974(0.0934), fp_1395(0.0708), fp_1918(0.0450), fp_915(0.0220), fp_550(0.0088), fp_1(0.0000), fp_1366(0.0000), fp_1371(0.0000), fp_1380(0.0000)
2026-09-07 16:01:25,513 | INFO | Top fingerprint bits by Gini: fp_423(0.6049), fp_1395(0.0793), fp_1918(0.0513), fp_974(0.0454), fp_1722(0.0362), fp_915(0.0311), fp_832(0.0282), fp_802(0.0189), fp_334(0.0151), fp_1137(0.0136)
2026-09-07 16:01:25,554 | INFO | Top fingerprint bits by Gini: fp_532(0.8333), fp_926(0.0000), fp_1(0.0000), fp_1345(0.0000), fp_1366(0.0000), fp_1371(0.0000), fp_1380(0.0000), fp_1384(0.0000), fp_1387(0.0000), fp_1389(0.0000)
2026-09-07 16:01:25,597 | INFO | Top fingerprint bits by Gini: fp_423(0.7600), fp_1(0.0000), fp_1345(0.0000), fp_1366(0.0000), fp_1371(0.0000), fp_1380(0.0000), fp_1384(0.0000), fp_1387(0.0000), fp_1389(0.0000), fp_1394(0.0000)
2026-09-07 16:01:25,635 | INFO | Top fingerprint bits by Gini: fp_532(1.0000), fp_1(0.0000), fp_1345(0.0000), fp_1366(0.0000), fp_1371(0.0000), fp_1380(0.0000), fp_1384(0.0000), fp_1387(0.0000), fp_1389(0.0000), fp_1394(0.0000)
2026-09-07 16:01:25,678 | INFO | Top fingerprint bits by Gini: fp_423(0.4900), fp_550(0.0600), fp_1395(0.0592), fp_974(0.0460), fp_1623(0.0358), fp_915(0.0340), fp_1143(0.0302), fp_183(0.0294), fp_591(0.0252), fp_1523(0.0225)
2026-09-07 16:01:25,719 | INFO | Top fingerprint bits by Gini: fp_423(0.7143), fp_1904(0.0778), fp_1921(0.0464), fp_658(0.0438), fp_334(0.0344), fp_1911(0.0081), fp_832(0.0046), fp_660(0.0031), fp_1137(0.0016), fp_125(0.0011)
2026-09-07 16:01:25,764 | INFO | Top fingerprint bits by Gini: fp_1883(0.2994), fp_423(0.2591), fp_591(0.0553), fp_1722(0.0309), fp_832(0.0295), fp_1143(0.0200), fp_1137(0.0126), fp_802(0.0091), fp_1904(0.0051), fp_294(0.0015)
2026-09-07 16:01:25,808 | INFO | Top fingerprint bits by Gini: fp_423(0.4734), fp_832(0.0506), fp_125(0.0260), fp_802(0.0210), fp_1523(0.0080), fp_1921(0.0040), fp_660(0.0030), fp_591(0.0012), fp_658(0.0010), fp_1143(0.0002)
2026-09-07 16:01:25,853 | INFO | Top fingerprint bits by Gini: fp_1699(0.2840), fp_486(0.1520), fp_2022(0.0724), fp_1671(0.0386), fp_694(0.0376), fp_1366(0.0359), fp_1670(0.0342), fp_1003(0.0264), fp_1955(0.0236), fp_931(0.0202)
2026-09-07 16:01:25,892 | INFO | Top fingerprint bits by Gini: fp_532(0.6628), fp_1096(0.3372), fp_222(0.0000), fp_1(0.0000), fp_1366(0.0000), fp_1371(0.0000), fp_1380(0.0000), fp_1384(0.0000), fp_1387(0.0000), fp_1389(0.0000)
2026-09-07 16:01:25,935 | INFO | Top fingerprint bits by Gini: fp_532(0.7600), fp_974(0.0914), fp_1395(0.0655), fp_1918(0.0647), fp_550(0.0108), fp_915(0.0077), fp_1(0.0000), fp_1366(0.0000), fp_1371(0.0000), fp_1380(0.0000)
2026-09-07 16:01:25,973 | INFO | Top fingerprint bits by Gini: fp_1883(0.7499), fp_423(0.2501), fp_1(0.0000), fp_1345(0.0000), fp_1366(0.0000), fp_1371(0.0000), fp_1380(0.0000), fp_1384(0.0000), fp_1387(0.0000), fp_1389(0.0000)
2026-09-07 16:01:26,014 | INFO | Top fingerprint bits by Gini: fp_694(0.5333), fp_1(0.0000), fp_1345(0.0000), fp_1366(0.0000), fp_1371(0.0000), fp_1380(0.0000), fp_1384(0.0000), fp_1387(0.0000), fp_1389(0.0000), fp_1394(0.0000)
2026-09-07 16:01:26,065 | INFO | Top fingerprint bits by Gini: fp_423(0.4073), fp_532(0.0919), fp_674(0.0846), fp_1426(0.0435), fp_974(0.0323), fp_183(0.0316), fp_832(0.0211), fp_1623(0.0211), fp_1523(0.0180), fp_550(0.0080)
2026-09-07 16:01:26,115 | INFO | Top fingerprint bits by Gini: fp_532(0.3619), fp_1096(0.1236), fp_1883(0.1031), fp_80(0.0407), fp_423(0.0270), fp_658(0.0213), fp_1444(0.0195), fp_832(0.0134), fp_1670(0.0122), fp_125(0.0085)
2026-09-07 16:01:26,427 | INFO |                  dimension  spearman_rank_corr_mean  topk_overlap_mean  jaccard_topk_similarity  sign_consistency classification
across_models_seeds_splits                 0.566105           1.499651                 0.375472          0.577315       MARGINAL
  across_seeds_fixed_model                 0.878788           1.666667                 0.400000          1.000000         STABLE
  across_models_fixed_seed                 0.892705           1.666667                 0.400000          0.866667         STABLE
method_gini_vs_permutation                 0.200156           1.000000                 0.416667          0.192490       UNSTABLE
   method_gini_vs_ablation                 0.266342           1.000000                 0.414815          0.179321       UNSTABLE
2026-09-07 16:01:26,427 | INFO | === Explanation-preservation analysis (section 26) ===
2026-09-07 16:01:26,429 | INFO | top_generic_descriptor top_specific_descriptor  generic_descriptor_gini_frac  specific_descriptor_gini_frac  fragment_experimental_support_frac               shap_top3_features  shap_includes_specific  generic_dominated_flag  weak_experimental_fragment_support_flag  flag_artifact_exploitation                                                                            interpretation
  FractionCSP3,LogP,MW                 HBD,HBA                         0.938                          0.062                                 1.0 FractionCSP3,LogP,HeavyAtomCount                       0                    True                                    False                       False Model top features retain experimental specificity; artifact-exploitation flag NOT raised
2026-09-07 16:24:48,258 | INFO | Fingerprint features used (non-degenerate bits): 183/2048
2026-09-07 16:24:48,348 | INFO | Top fingerprint bits by Gini: fp_423(0.0738), fp_532(0.0428), fp_1602(0.0374), fp_1096(0.0298), fp_1883(0.0235), fp_1699(0.0210), fp_486(0.0200), fp_2022(0.0177), fp_1(0.0140), fp_1670(0.0130)
2026-09-07 16:24:57,138 | INFO | === Counterfactual analysis (section 14) ===
2026-09-07 16:24:57,208 | INFO |                       probe              category  predicted_active  confidence
    ID01_break_lactone_ring        remove_feature              True       0.665
     ID01_remove_primary_OH         change_h_bond              True       0.750
 ID01_move_primary_OH_chain      move_substituent              True       0.600
             ID25_remove_Br        remove_feature              True       0.845
              ID25_Br_to_Cl       replace_feature              True       0.865
             ID25_Br_to_CF3       replace_feature              True       0.770
         ID25_remove_stereo alter_stereochemistry              True       0.915
         ID12_remove_stereo alter_stereochemistry              True       0.645
      ID12_flip_core_stereo alter_stereochemistry              True       0.645
         ID12_remove_alkyne        remove_feature             False       0.930
 ID12_alkyne_to_small_chain       replace_feature             False       0.895
 ID18_ester_to_ether_linker          alter_linker              True       0.520
ID18_benzyl_to_ortho_methyl     alter_hydrophobic             False       0.545
        ID24_remove_alcohol        remove_feature             False       0.585
           ID01_open_pyrone        remove_feature             False       0.750
2026-09-07 16:24:57,208 | INFO | === XAI reproducibility (section 13) ===
2026-09-07 16:24:57,273 | INFO | Top fingerprint bits by Gini: fp_423(0.0718), fp_1602(0.0657), fp_501(0.0226), fp_2028(0.0216), fp_1057(0.0206), fp_532(0.0206), fp_80(0.0184), fp_1405(0.0163), fp_516(0.0160), fp_1389(0.0156)
2026-09-07 16:24:57,554 | INFO | Top fingerprint bits by Gini: fp_423(0.1370), fp_1883(0.0623), fp_1602(0.0465), fp_2028(0.0407), fp_257(0.0281), fp_1096(0.0277), fp_532(0.0238), fp_695(0.0226), fp_1670(0.0206), fp_1389(0.0188)
2026-09-07 16:24:57,874 | INFO | Top fingerprint bits by Gini: fp_423(0.0982), fp_2028(0.0291), fp_1602(0.0284), fp_486(0.0272), fp_501(0.0253), fp_1883(0.0220), fp_532(0.0200), fp_1699(0.0190), fp_1395(0.0189), fp_2022(0.0189)
2026-09-07 16:24:58,164 | INFO | Top fingerprint bits by Gini: fp_423(0.0817), fp_1883(0.0407), fp_532(0.0279), fp_1602(0.0275), fp_2028(0.0270), fp_74(0.0252), fp_798(0.0196), fp_1096(0.0191), fp_974(0.0162), fp_794(0.0161)
2026-09-07 16:24:58,446 | INFO | Top fingerprint bits by Gini: fp_2028(0.0724), fp_532(0.0544), fp_423(0.0521), fp_926(0.0451), fp_227(0.0290), fp_1017(0.0245), fp_971(0.0240), fp_649(0.0238), fp_1043(0.0194), fp_1(0.0185)
2026-09-07 16:24:58,724 | INFO | Top fingerprint bits by Gini: fp_423(0.0978), fp_1883(0.0348), fp_1602(0.0342), fp_257(0.0335), fp_2028(0.0334), fp_1670(0.0216), fp_1389(0.0168), fp_1452(0.0167), fp_80(0.0137), fp_2022(0.0129)
2026-09-07 16:24:59,007 | INFO | Top fingerprint bits by Gini: fp_532(0.1008), fp_1096(0.0782), fp_2022(0.0594), fp_423(0.0494), fp_1883(0.0493), fp_486(0.0356), fp_1(0.0257), fp_1923(0.0201), fp_2028(0.0155), fp_1602(0.0145)
2026-09-07 16:24:59,289 | INFO | Top fingerprint bits by Gini: fp_423(0.0561), fp_2028(0.0354), fp_532(0.0317), fp_1883(0.0284), fp_1602(0.0254), fp_183(0.0237), fp_1306(0.0200), fp_1222(0.0193), fp_674(0.0166), fp_695(0.0165)
2026-09-07 16:24:59,570 | INFO | Top fingerprint bits by Gini: fp_423(0.0792), fp_532(0.0658), fp_210(0.0360), fp_2028(0.0291), fp_1222(0.0270), fp_501(0.0261), fp_486(0.0230), fp_971(0.0216), fp_1057(0.0199), fp_76(0.0185)
2026-09-07 16:24:59,851 | INFO | Top fingerprint bits by Gini: fp_423(0.0695), fp_1883(0.0580), fp_1602(0.0465), fp_516(0.0379), fp_1389(0.0342), fp_695(0.0322), fp_2028(0.0252), fp_257(0.0195), fp_80(0.0188), fp_1444(0.0187)
2026-09-07 16:25:00,131 | INFO | Top fingerprint bits by Gini: fp_423(0.0524), fp_257(0.0346), fp_2028(0.0242), fp_1(0.0197), fp_227(0.0180), fp_591(0.0170), fp_1883(0.0153), fp_971(0.0144), fp_1066(0.0138), fp_532(0.0130)
2026-09-07 16:25:00,414 | INFO | Top fingerprint bits by Gini: fp_486(0.0538), fp_971(0.0360), fp_222(0.0325), fp_423(0.0314), fp_1883(0.0273), fp_1699(0.0268), fp_257(0.0262), fp_2022(0.0249), fp_926(0.0187), fp_1602(0.0164)
2026-09-07 16:25:00,706 | INFO | Top fingerprint bits by Gini: fp_1096(0.1115), fp_423(0.0683), fp_532(0.0636), fp_1883(0.0627), fp_486(0.0498), fp_2022(0.0435), fp_971(0.0388), fp_926(0.0347), fp_695(0.0291), fp_2028(0.0234)
2026-09-07 16:25:00,984 | INFO | Top fingerprint bits by Gini: fp_532(0.0793), fp_423(0.0374), fp_1096(0.0368), fp_2022(0.0236), fp_486(0.0208), fp_915(0.0195), fp_2028(0.0192), fp_971(0.0192), fp_974(0.0189), fp_1883(0.0172)
2026-09-07 16:25:01,261 | INFO | Top fingerprint bits by Gini: fp_1883(0.0909), fp_423(0.0860), fp_695(0.0462), fp_1602(0.0412), fp_1405(0.0398), fp_1389(0.0318), fp_257(0.0279), fp_2028(0.0275), fp_1096(0.0274), fp_486(0.0237)
2026-09-07 16:25:01,538 | INFO | Top fingerprint bits by Gini: fp_423(0.0472), fp_1602(0.0353), fp_974(0.0318), fp_1883(0.0315), fp_2022(0.0289), fp_915(0.0275), fp_532(0.0242), fp_183(0.0211), fp_486(0.0201), fp_516(0.0201)
2026-09-07 16:25:01,817 | INFO | Top fingerprint bits by Gini: fp_423(0.0488), fp_486(0.0437), fp_2022(0.0375), fp_532(0.0320), fp_1602(0.0315), fp_1096(0.0252), fp_1389(0.0205), fp_1623(0.0190), fp_1699(0.0170), fp_516(0.0150)
2026-09-07 16:25:02,098 | INFO | Top fingerprint bits by Gini: fp_423(0.0610), fp_1883(0.0587), fp_1096(0.0534), fp_532(0.0397), fp_1602(0.0288), fp_486(0.0279), fp_2022(0.0270), fp_257(0.0181), fp_971(0.0169), fp_1(0.0166)
2026-09-07 16:25:02,367 | INFO | Top fingerprint bits by Gini: fp_423(0.1011), fp_1602(0.0623), fp_210(0.0359), fp_2028(0.0264), fp_1873(0.0239), fp_1405(0.0226), fp_1670(0.0222), fp_1057(0.0219), fp_1918(0.0209), fp_532(0.0203)
2026-09-07 16:25:02,642 | INFO | Top fingerprint bits by Gini: fp_423(0.1544), fp_2028(0.0807), fp_1883(0.0690), fp_1602(0.0573), fp_532(0.0523), fp_1405(0.0330), fp_1096(0.0282), fp_695(0.0268), fp_1389(0.0230), fp_1873(0.0225)
2026-09-07 16:25:02,918 | INFO | Top fingerprint bits by Gini: fp_423(0.0953), fp_1883(0.0528), fp_532(0.0413), fp_1602(0.0395), fp_915(0.0319), fp_550(0.0273), fp_2028(0.0251), fp_1395(0.0211), fp_1918(0.0204), fp_76(0.0202)
2026-09-07 16:25:03,197 | INFO | Top fingerprint bits by Gini: fp_423(0.0749), fp_532(0.0587), fp_1883(0.0481), fp_2028(0.0412), fp_1395(0.0302), fp_1371(0.0279), fp_1602(0.0252), fp_974(0.0247), fp_1096(0.0230), fp_251(0.0230)
2026-09-07 16:25:03,480 | INFO | Top fingerprint bits by Gini: fp_926(0.0708), fp_423(0.0648), fp_2028(0.0639), fp_532(0.0628), fp_1819(0.0353), fp_1(0.0343), fp_227(0.0306), fp_2022(0.0293), fp_649(0.0286), fp_486(0.0281)
2026-09-07 16:25:03,756 | INFO | Top fingerprint bits by Gini: fp_423(0.0939), fp_1883(0.0546), fp_257(0.0437), fp_1602(0.0408), fp_2028(0.0375), fp_532(0.0326), fp_1670(0.0249), fp_1405(0.0237), fp_717(0.0180), fp_745(0.0180)
2026-09-07 16:25:04,031 | INFO | Top fingerprint bits by Gini: fp_532(0.1347), fp_423(0.1017), fp_486(0.0806), fp_1096(0.0503), fp_1883(0.0455), fp_2022(0.0434), fp_2028(0.0393), fp_1(0.0332), fp_1819(0.0314), fp_649(0.0239)
2026-09-07 16:25:04,304 | INFO | Top fingerprint bits by Gini: fp_423(0.0791), fp_2028(0.0506), fp_532(0.0462), fp_1602(0.0381), fp_1883(0.0369), fp_1873(0.0325), fp_674(0.0271), fp_183(0.0234), fp_278(0.0210), fp_1306(0.0207)
2026-09-07 16:25:04,637 | INFO | Top fingerprint bits by Gini: fp_423(0.1162), fp_2028(0.0522), fp_1222(0.0448), fp_532(0.0410), fp_257(0.0388), fp_501(0.0347), fp_278(0.0335), fp_1883(0.0292), fp_1602(0.0284), fp_1405(0.0260)
2026-09-07 16:25:04,919 | INFO | Top fingerprint bits by Gini: fp_1883(0.0792), fp_423(0.0646), fp_1602(0.0518), fp_516(0.0420), fp_1389(0.0388), fp_1444(0.0372), fp_257(0.0365), fp_2028(0.0302), fp_695(0.0267), fp_1057(0.0188)
2026-09-07 16:25:05,199 | INFO | Top fingerprint bits by Gini: fp_423(0.0750), fp_257(0.0639), fp_2028(0.0315), fp_1405(0.0256), fp_1699(0.0240), fp_1883(0.0229), fp_1670(0.0228), fp_532(0.0228), fp_1(0.0226), fp_2042(0.0200)
2026-09-07 16:25:05,471 | INFO | Top fingerprint bits by Gini: fp_257(0.0560), fp_423(0.0535), fp_1699(0.0517), fp_2022(0.0431), fp_486(0.0398), fp_926(0.0277), fp_2028(0.0268), fp_1602(0.0267), fp_694(0.0257), fp_1883(0.0255)
2026-09-07 16:25:05,755 | INFO | Top fingerprint bits by Gini: fp_1096(0.1102), fp_423(0.0896), fp_1883(0.0803), fp_532(0.0734), fp_926(0.0557), fp_971(0.0496), fp_2022(0.0358), fp_695(0.0302), fp_1819(0.0274), fp_1057(0.0258)
2026-09-07 16:25:06,039 | INFO | Top fingerprint bits by Gini: fp_532(0.1004), fp_423(0.0727), fp_1096(0.0424), fp_915(0.0376), fp_486(0.0328), fp_550(0.0306), fp_1918(0.0303), fp_2028(0.0294), fp_974(0.0278), fp_1602(0.0277)
2026-09-07 16:25:06,310 | INFO | Top fingerprint bits by Gini: fp_423(0.1560), fp_1883(0.1443), fp_695(0.0566), fp_2028(0.0532), fp_1602(0.0463), fp_278(0.0415), fp_516(0.0410), fp_1389(0.0365), fp_1405(0.0311), fp_1670(0.0281)
2026-09-07 16:25:06,580 | INFO | Top fingerprint bits by Gini: fp_423(0.0819), fp_1602(0.0571), fp_532(0.0493), fp_1623(0.0396), fp_674(0.0337), fp_1883(0.0277), fp_1699(0.0257), fp_1918(0.0257), fp_941(0.0251), fp_550(0.0223)
2026-09-07 16:25:06,891 | INFO | Top fingerprint bits by Gini: fp_423(0.0648), fp_2022(0.0475), fp_1602(0.0438), fp_532(0.0366), fp_1883(0.0270), fp_1395(0.0227), fp_926(0.0225), fp_486(0.0223), fp_1623(0.0220), fp_183(0.0206)
2026-09-07 16:25:07,171 | INFO | Top fingerprint bits by Gini: fp_1883(0.0627), fp_1096(0.0557), fp_423(0.0544), fp_532(0.0423), fp_2022(0.0349), fp_1602(0.0311), fp_486(0.0275), fp_1389(0.0255), fp_926(0.0241), fp_516(0.0220)
2026-09-07 16:25:07,426 | INFO | Top fingerprint bits by Gini: fp_423(0.6049), fp_183(0.0670), fp_550(0.0527), fp_1137(0.0355), fp_674(0.0351), fp_1918(0.0309), fp_1523(0.0282), fp_1722(0.0234), fp_658(0.0211), fp_1904(0.0172)
2026-09-07 16:25:07,463 | INFO | Top fingerprint bits by Gini: fp_423(1.0000), fp_18(0.0000), fp_1(0.0000), fp_1345(0.0000), fp_1366(0.0000), fp_1371(0.0000), fp_1380(0.0000), fp_1384(0.0000), fp_1387(0.0000), fp_1389(0.0000)
2026-09-07 16:25:07,504 | INFO | Top fingerprint bits by Gini: fp_423(0.7600), fp_974(0.0934), fp_1395(0.0708), fp_1918(0.0450), fp_915(0.0220), fp_550(0.0088), fp_1(0.0000), fp_1366(0.0000), fp_1371(0.0000), fp_1380(0.0000)
2026-09-07 16:25:07,547 | INFO | Top fingerprint bits by Gini: fp_423(0.6049), fp_1395(0.0793), fp_1918(0.0513), fp_974(0.0454), fp_1722(0.0362), fp_915(0.0311), fp_832(0.0282), fp_802(0.0189), fp_334(0.0151), fp_1137(0.0136)
2026-09-07 16:25:07,588 | INFO | Top fingerprint bits by Gini: fp_532(0.8333), fp_926(0.0000), fp_1(0.0000), fp_1345(0.0000), fp_1366(0.0000), fp_1371(0.0000), fp_1380(0.0000), fp_1384(0.0000), fp_1387(0.0000), fp_1389(0.0000)
2026-09-07 16:25:07,630 | INFO | Top fingerprint bits by Gini: fp_423(0.7600), fp_1(0.0000), fp_1345(0.0000), fp_1366(0.0000), fp_1371(0.0000), fp_1380(0.0000), fp_1384(0.0000), fp_1387(0.0000), fp_1389(0.0000), fp_1394(0.0000)
2026-09-07 16:25:07,667 | INFO | Top fingerprint bits by Gini: fp_532(1.0000), fp_1(0.0000), fp_1345(0.0000), fp_1366(0.0000), fp_1371(0.0000), fp_1380(0.0000), fp_1384(0.0000), fp_1387(0.0000), fp_1389(0.0000), fp_1394(0.0000)
2026-09-07 16:25:07,709 | INFO | Top fingerprint bits by Gini: fp_423(0.4900), fp_550(0.0600), fp_1395(0.0592), fp_974(0.0460), fp_1623(0.0358), fp_915(0.0340), fp_1143(0.0302), fp_183(0.0294), fp_591(0.0252), fp_1523(0.0225)
2026-09-07 16:25:07,749 | INFO | Top fingerprint bits by Gini: fp_423(0.7143), fp_1904(0.0778), fp_1921(0.0464), fp_658(0.0438), fp_334(0.0344), fp_1911(0.0081), fp_832(0.0046), fp_660(0.0031), fp_1137(0.0016), fp_125(0.0011)
2026-09-07 16:25:07,793 | INFO | Top fingerprint bits by Gini: fp_1883(0.2994), fp_423(0.2591), fp_591(0.0553), fp_1722(0.0309), fp_832(0.0295), fp_1143(0.0200), fp_1137(0.0126), fp_802(0.0091), fp_1904(0.0051), fp_294(0.0015)
2026-09-07 16:25:07,837 | INFO | Top fingerprint bits by Gini: fp_423(0.4734), fp_832(0.0506), fp_125(0.0260), fp_802(0.0210), fp_1523(0.0080), fp_1921(0.0040), fp_660(0.0030), fp_591(0.0012), fp_658(0.0010), fp_1143(0.0002)
2026-09-07 16:25:07,881 | INFO | Top fingerprint bits by Gini: fp_1699(0.2840), fp_486(0.1520), fp_2022(0.0724), fp_1671(0.0386), fp_694(0.0376), fp_1366(0.0359), fp_1670(0.0342), fp_1003(0.0264), fp_1955(0.0236), fp_931(0.0202)
2026-09-07 16:25:07,918 | INFO | Top fingerprint bits by Gini: fp_532(0.6628), fp_1096(0.3372), fp_222(0.0000), fp_1(0.0000), fp_1366(0.0000), fp_1371(0.0000), fp_1380(0.0000), fp_1384(0.0000), fp_1387(0.0000), fp_1389(0.0000)
2026-09-07 16:25:07,961 | INFO | Top fingerprint bits by Gini: fp_532(0.7600), fp_974(0.0914), fp_1395(0.0655), fp_1918(0.0647), fp_550(0.0108), fp_915(0.0077), fp_1(0.0000), fp_1366(0.0000), fp_1371(0.0000), fp_1380(0.0000)
2026-09-07 16:25:07,998 | INFO | Top fingerprint bits by Gini: fp_1883(0.7499), fp_423(0.2501), fp_1(0.0000), fp_1345(0.0000), fp_1366(0.0000), fp_1371(0.0000), fp_1380(0.0000), fp_1384(0.0000), fp_1387(0.0000), fp_1389(0.0000)
2026-09-07 16:25:08,039 | INFO | Top fingerprint bits by Gini: fp_694(0.5333), fp_1(0.0000), fp_1345(0.0000), fp_1366(0.0000), fp_1371(0.0000), fp_1380(0.0000), fp_1384(0.0000), fp_1387(0.0000), fp_1389(0.0000), fp_1394(0.0000)
2026-09-07 16:25:08,088 | INFO | Top fingerprint bits by Gini: fp_423(0.4073), fp_532(0.0919), fp_674(0.0846), fp_1426(0.0435), fp_974(0.0323), fp_183(0.0316), fp_832(0.0211), fp_1623(0.0211), fp_1523(0.0180), fp_550(0.0080)
2026-09-07 16:25:08,138 | INFO | Top fingerprint bits by Gini: fp_532(0.3619), fp_1096(0.1236), fp_1883(0.1031), fp_80(0.0407), fp_423(0.0270), fp_658(0.0213), fp_1444(0.0195), fp_832(0.0134), fp_1670(0.0122), fp_125(0.0085)
2026-09-07 16:25:08,445 | INFO |                  dimension  spearman_rank_corr_mean  topk_overlap_mean  jaccard_topk_similarity  sign_consistency classification
across_models_seeds_splits                 0.566105           1.499651                 0.375472          0.577315       MARGINAL
  across_seeds_fixed_model                 0.878788           1.666667                 0.400000          1.000000         STABLE
  across_models_fixed_seed                 0.892705           1.666667                 0.400000          0.866667         STABLE
method_gini_vs_permutation                 0.200156           1.000000                 0.416667          0.192490       UNSTABLE
   method_gini_vs_ablation                 0.266342           1.000000                 0.414815          0.179321       UNSTABLE
2026-09-07 16:25:08,445 | INFO | === Explanation-preservation analysis (section 26) ===
2026-09-07 16:25:08,447 | INFO | top_generic_descriptor top_specific_descriptor  generic_descriptor_gini_frac  specific_descriptor_gini_frac  fragment_experimental_support_frac               shap_top3_features  shap_includes_specific  generic_dominated_flag  weak_experimental_fragment_support_flag  flag_artifact_exploitation                                                                            interpretation
  FractionCSP3,LogP,MW                 HBD,HBA                         0.938                          0.062                                 1.0 FractionCSP3,LogP,HeavyAtomCount                       0                    True                                    False                       False Model top features retain experimental specificity; artifact-exploitation flag NOT raised
2026-09-07 16:29:43,564 | INFO | Fingerprint features used (non-degenerate bits): 183/2048
2026-09-07 16:29:43,632 | INFO | Top fingerprint bits by Gini: fp_423(0.0738), fp_532(0.0428), fp_1602(0.0374), fp_1096(0.0298), fp_1883(0.0235), fp_1699(0.0210), fp_486(0.0200), fp_2022(0.0177), fp_1(0.0140), fp_1670(0.0130)
2026-09-07 16:29:52,154 | INFO | === Counterfactual analysis (section 14) ===
2026-09-07 16:29:52,223 | INFO |                       probe              category  predicted_active  confidence
    ID01_break_lactone_ring        remove_feature              True       0.665
     ID01_remove_primary_OH         change_h_bond              True       0.750
 ID01_move_primary_OH_chain      move_substituent              True       0.600
             ID25_remove_Br        remove_feature              True       0.845
              ID25_Br_to_Cl       replace_feature              True       0.865
             ID25_Br_to_CF3       replace_feature              True       0.770
         ID25_remove_stereo alter_stereochemistry              True       0.915
         ID12_remove_stereo alter_stereochemistry              True       0.645
      ID12_flip_core_stereo alter_stereochemistry              True       0.645
         ID12_remove_alkyne        remove_feature             False       0.930
 ID12_alkyne_to_small_chain       replace_feature             False       0.895
 ID18_ester_to_ether_linker          alter_linker              True       0.520
ID18_benzyl_to_ortho_methyl     alter_hydrophobic             False       0.545
        ID24_remove_alcohol        remove_feature             False       0.585
           ID01_open_pyrone        remove_feature             False       0.750
2026-09-07 16:29:52,223 | INFO | === XAI reproducibility (section 13) ===
2026-09-07 16:29:52,288 | INFO | Top fingerprint bits by Gini: fp_423(0.0718), fp_1602(0.0657), fp_501(0.0226), fp_2028(0.0216), fp_1057(0.0206), fp_532(0.0206), fp_80(0.0184), fp_1405(0.0163), fp_516(0.0160), fp_1389(0.0156)
2026-09-07 16:29:52,579 | INFO | Top fingerprint bits by Gini: fp_423(0.1370), fp_1883(0.0623), fp_1602(0.0465), fp_2028(0.0407), fp_257(0.0281), fp_1096(0.0277), fp_532(0.0238), fp_695(0.0226), fp_1670(0.0206), fp_1389(0.0188)
2026-09-07 16:29:52,864 | INFO | Top fingerprint bits by Gini: fp_423(0.0982), fp_2028(0.0291), fp_1602(0.0284), fp_486(0.0272), fp_501(0.0253), fp_1883(0.0220), fp_532(0.0200), fp_1699(0.0190), fp_1395(0.0189), fp_2022(0.0189)
2026-09-07 16:29:53,150 | INFO | Top fingerprint bits by Gini: fp_423(0.0817), fp_1883(0.0407), fp_532(0.0279), fp_1602(0.0275), fp_2028(0.0270), fp_74(0.0252), fp_798(0.0196), fp_1096(0.0191), fp_974(0.0162), fp_794(0.0161)
2026-09-07 16:29:53,435 | INFO | Top fingerprint bits by Gini: fp_2028(0.0724), fp_532(0.0544), fp_423(0.0521), fp_926(0.0451), fp_227(0.0290), fp_1017(0.0245), fp_971(0.0240), fp_649(0.0238), fp_1043(0.0194), fp_1(0.0185)
2026-09-07 16:29:53,733 | INFO | Top fingerprint bits by Gini: fp_423(0.0978), fp_1883(0.0348), fp_1602(0.0342), fp_257(0.0335), fp_2028(0.0334), fp_1670(0.0216), fp_1389(0.0168), fp_1452(0.0167), fp_80(0.0137), fp_2022(0.0129)
2026-09-07 16:29:54,018 | INFO | Top fingerprint bits by Gini: fp_532(0.1008), fp_1096(0.0782), fp_2022(0.0594), fp_423(0.0494), fp_1883(0.0493), fp_486(0.0356), fp_1(0.0257), fp_1923(0.0201), fp_2028(0.0155), fp_1602(0.0145)
2026-09-07 16:29:54,301 | INFO | Top fingerprint bits by Gini: fp_423(0.0561), fp_2028(0.0354), fp_532(0.0317), fp_1883(0.0284), fp_1602(0.0254), fp_183(0.0237), fp_1306(0.0200), fp_1222(0.0193), fp_674(0.0166), fp_695(0.0165)
2026-09-07 16:29:54,589 | INFO | Top fingerprint bits by Gini: fp_423(0.0792), fp_532(0.0658), fp_210(0.0360), fp_2028(0.0291), fp_1222(0.0270), fp_501(0.0261), fp_486(0.0230), fp_971(0.0216), fp_1057(0.0199), fp_76(0.0185)
2026-09-07 16:29:54,875 | INFO | Top fingerprint bits by Gini: fp_423(0.0695), fp_1883(0.0580), fp_1602(0.0465), fp_516(0.0379), fp_1389(0.0342), fp_695(0.0322), fp_2028(0.0252), fp_257(0.0195), fp_80(0.0188), fp_1444(0.0187)
2026-09-07 16:29:55,161 | INFO | Top fingerprint bits by Gini: fp_423(0.0524), fp_257(0.0346), fp_2028(0.0242), fp_1(0.0197), fp_227(0.0180), fp_591(0.0170), fp_1883(0.0153), fp_971(0.0144), fp_1066(0.0138), fp_532(0.0130)
2026-09-07 16:29:55,447 | INFO | Top fingerprint bits by Gini: fp_486(0.0538), fp_971(0.0360), fp_222(0.0325), fp_423(0.0314), fp_1883(0.0273), fp_1699(0.0268), fp_257(0.0262), fp_2022(0.0249), fp_926(0.0187), fp_1602(0.0164)
2026-09-07 16:29:55,738 | INFO | Top fingerprint bits by Gini: fp_1096(0.1115), fp_423(0.0683), fp_532(0.0636), fp_1883(0.0627), fp_486(0.0498), fp_2022(0.0435), fp_971(0.0388), fp_926(0.0347), fp_695(0.0291), fp_2028(0.0234)
2026-09-07 16:29:56,022 | INFO | Top fingerprint bits by Gini: fp_532(0.0793), fp_423(0.0374), fp_1096(0.0368), fp_2022(0.0236), fp_486(0.0208), fp_915(0.0195), fp_2028(0.0192), fp_971(0.0192), fp_974(0.0189), fp_1883(0.0172)
2026-09-07 16:29:56,323 | INFO | Top fingerprint bits by Gini: fp_1883(0.0909), fp_423(0.0860), fp_695(0.0462), fp_1602(0.0412), fp_1405(0.0398), fp_1389(0.0318), fp_257(0.0279), fp_2028(0.0275), fp_1096(0.0274), fp_486(0.0237)
2026-09-07 16:29:56,608 | INFO | Top fingerprint bits by Gini: fp_423(0.0472), fp_1602(0.0353), fp_974(0.0318), fp_1883(0.0315), fp_2022(0.0289), fp_915(0.0275), fp_532(0.0242), fp_183(0.0211), fp_486(0.0201), fp_516(0.0201)
2026-09-07 16:29:56,895 | INFO | Top fingerprint bits by Gini: fp_423(0.0488), fp_486(0.0437), fp_2022(0.0375), fp_532(0.0320), fp_1602(0.0315), fp_1096(0.0252), fp_1389(0.0205), fp_1623(0.0190), fp_1699(0.0170), fp_516(0.0150)
2026-09-07 16:29:57,183 | INFO | Top fingerprint bits by Gini: fp_423(0.0610), fp_1883(0.0587), fp_1096(0.0534), fp_532(0.0397), fp_1602(0.0288), fp_486(0.0279), fp_2022(0.0270), fp_257(0.0181), fp_971(0.0169), fp_1(0.0166)
2026-09-07 16:29:57,459 | INFO | Top fingerprint bits by Gini: fp_423(0.1011), fp_1602(0.0623), fp_210(0.0359), fp_2028(0.0264), fp_1873(0.0239), fp_1405(0.0226), fp_1670(0.0222), fp_1057(0.0219), fp_1918(0.0209), fp_532(0.0203)
2026-09-07 16:29:57,736 | INFO | Top fingerprint bits by Gini: fp_423(0.1544), fp_2028(0.0807), fp_1883(0.0690), fp_1602(0.0573), fp_532(0.0523), fp_1405(0.0330), fp_1096(0.0282), fp_695(0.0268), fp_1389(0.0230), fp_1873(0.0225)
2026-09-07 16:29:58,013 | INFO | Top fingerprint bits by Gini: fp_423(0.0953), fp_1883(0.0528), fp_532(0.0413), fp_1602(0.0395), fp_915(0.0319), fp_550(0.0273), fp_2028(0.0251), fp_1395(0.0211), fp_1918(0.0204), fp_76(0.0202)
2026-09-07 16:29:58,289 | INFO | Top fingerprint bits by Gini: fp_423(0.0749), fp_532(0.0587), fp_1883(0.0481), fp_2028(0.0412), fp_1395(0.0302), fp_1371(0.0279), fp_1602(0.0252), fp_974(0.0247), fp_1096(0.0230), fp_251(0.0230)
2026-09-07 16:29:58,566 | INFO | Top fingerprint bits by Gini: fp_926(0.0708), fp_423(0.0648), fp_2028(0.0639), fp_532(0.0628), fp_1819(0.0353), fp_1(0.0343), fp_227(0.0306), fp_2022(0.0293), fp_649(0.0286), fp_486(0.0281)
2026-09-07 16:29:58,842 | INFO | Top fingerprint bits by Gini: fp_423(0.0939), fp_1883(0.0546), fp_257(0.0437), fp_1602(0.0408), fp_2028(0.0375), fp_532(0.0326), fp_1670(0.0249), fp_1405(0.0237), fp_717(0.0180), fp_745(0.0180)
2026-09-07 16:29:59,135 | INFO | Top fingerprint bits by Gini: fp_532(0.1347), fp_423(0.1017), fp_486(0.0806), fp_1096(0.0503), fp_1883(0.0455), fp_2022(0.0434), fp_2028(0.0393), fp_1(0.0332), fp_1819(0.0314), fp_649(0.0239)
2026-09-07 16:29:59,410 | INFO | Top fingerprint bits by Gini: fp_423(0.0791), fp_2028(0.0506), fp_532(0.0462), fp_1602(0.0381), fp_1883(0.0369), fp_1873(0.0325), fp_674(0.0271), fp_183(0.0234), fp_278(0.0210), fp_1306(0.0207)
2026-09-07 16:29:59,687 | INFO | Top fingerprint bits by Gini: fp_423(0.1162), fp_2028(0.0522), fp_1222(0.0448), fp_532(0.0410), fp_257(0.0388), fp_501(0.0347), fp_278(0.0335), fp_1883(0.0292), fp_1602(0.0284), fp_1405(0.0260)
2026-09-07 16:29:59,969 | INFO | Top fingerprint bits by Gini: fp_1883(0.0792), fp_423(0.0646), fp_1602(0.0518), fp_516(0.0420), fp_1389(0.0388), fp_1444(0.0372), fp_257(0.0365), fp_2028(0.0302), fp_695(0.0267), fp_1057(0.0188)
2026-09-07 16:30:00,246 | INFO | Top fingerprint bits by Gini: fp_423(0.0750), fp_257(0.0639), fp_2028(0.0315), fp_1405(0.0256), fp_1699(0.0240), fp_1883(0.0229), fp_1670(0.0228), fp_532(0.0228), fp_1(0.0226), fp_2042(0.0200)
2026-09-07 16:30:00,523 | INFO | Top fingerprint bits by Gini: fp_257(0.0560), fp_423(0.0535), fp_1699(0.0517), fp_2022(0.0431), fp_486(0.0398), fp_926(0.0277), fp_2028(0.0268), fp_1602(0.0267), fp_694(0.0257), fp_1883(0.0255)
2026-09-07 16:30:00,800 | INFO | Top fingerprint bits by Gini: fp_1096(0.1102), fp_423(0.0896), fp_1883(0.0803), fp_532(0.0734), fp_926(0.0557), fp_971(0.0496), fp_2022(0.0358), fp_695(0.0302), fp_1819(0.0274), fp_1057(0.0258)
2026-09-07 16:30:01,077 | INFO | Top fingerprint bits by Gini: fp_532(0.1004), fp_423(0.0727), fp_1096(0.0424), fp_915(0.0376), fp_486(0.0328), fp_550(0.0306), fp_1918(0.0303), fp_2028(0.0294), fp_974(0.0278), fp_1602(0.0277)
2026-09-07 16:30:01,355 | INFO | Top fingerprint bits by Gini: fp_423(0.1560), fp_1883(0.1443), fp_695(0.0566), fp_2028(0.0532), fp_1602(0.0463), fp_278(0.0415), fp_516(0.0410), fp_1389(0.0365), fp_1405(0.0311), fp_1670(0.0281)
2026-09-07 16:30:01,632 | INFO | Top fingerprint bits by Gini: fp_423(0.0819), fp_1602(0.0571), fp_532(0.0493), fp_1623(0.0396), fp_674(0.0337), fp_1883(0.0277), fp_1699(0.0257), fp_1918(0.0257), fp_941(0.0251), fp_550(0.0223)
2026-09-07 16:30:01,922 | INFO | Top fingerprint bits by Gini: fp_423(0.0648), fp_2022(0.0475), fp_1602(0.0438), fp_532(0.0366), fp_1883(0.0270), fp_1395(0.0227), fp_926(0.0225), fp_486(0.0223), fp_1623(0.0220), fp_183(0.0206)
2026-09-07 16:30:02,206 | INFO | Top fingerprint bits by Gini: fp_1883(0.0627), fp_1096(0.0557), fp_423(0.0544), fp_532(0.0423), fp_2022(0.0349), fp_1602(0.0311), fp_486(0.0275), fp_1389(0.0255), fp_926(0.0241), fp_516(0.0220)
2026-09-07 16:30:02,466 | INFO | Top fingerprint bits by Gini: fp_423(0.6049), fp_183(0.0670), fp_550(0.0527), fp_1137(0.0355), fp_674(0.0351), fp_1918(0.0309), fp_1523(0.0282), fp_1722(0.0234), fp_658(0.0211), fp_1904(0.0172)
2026-09-07 16:30:02,504 | INFO | Top fingerprint bits by Gini: fp_423(1.0000), fp_18(0.0000), fp_1(0.0000), fp_1345(0.0000), fp_1366(0.0000), fp_1371(0.0000), fp_1380(0.0000), fp_1384(0.0000), fp_1387(0.0000), fp_1389(0.0000)
2026-09-07 16:30:02,546 | INFO | Top fingerprint bits by Gini: fp_423(0.7600), fp_974(0.0934), fp_1395(0.0708), fp_1918(0.0450), fp_915(0.0220), fp_550(0.0088), fp_1(0.0000), fp_1366(0.0000), fp_1371(0.0000), fp_1380(0.0000)
2026-09-07 16:30:02,590 | INFO | Top fingerprint bits by Gini: fp_423(0.6049), fp_1395(0.0793), fp_1918(0.0513), fp_974(0.0454), fp_1722(0.0362), fp_915(0.0311), fp_832(0.0282), fp_802(0.0189), fp_334(0.0151), fp_1137(0.0136)
2026-09-07 16:30:02,632 | INFO | Top fingerprint bits by Gini: fp_532(0.8333), fp_926(0.0000), fp_1(0.0000), fp_1345(0.0000), fp_1366(0.0000), fp_1371(0.0000), fp_1380(0.0000), fp_1384(0.0000), fp_1387(0.0000), fp_1389(0.0000)
2026-09-07 16:30:02,674 | INFO | Top fingerprint bits by Gini: fp_423(0.7600), fp_1(0.0000), fp_1345(0.0000), fp_1366(0.0000), fp_1371(0.0000), fp_1380(0.0000), fp_1384(0.0000), fp_1387(0.0000), fp_1389(0.0000), fp_1394(0.0000)
2026-09-07 16:30:02,711 | INFO | Top fingerprint bits by Gini: fp_532(1.0000), fp_1(0.0000), fp_1345(0.0000), fp_1366(0.0000), fp_1371(0.0000), fp_1380(0.0000), fp_1384(0.0000), fp_1387(0.0000), fp_1389(0.0000), fp_1394(0.0000)
2026-09-07 16:30:02,755 | INFO | Top fingerprint bits by Gini: fp_423(0.4900), fp_550(0.0600), fp_1395(0.0592), fp_974(0.0460), fp_1623(0.0358), fp_915(0.0340), fp_1143(0.0302), fp_183(0.0294), fp_591(0.0252), fp_1523(0.0225)
2026-09-07 16:30:02,795 | INFO | Top fingerprint bits by Gini: fp_423(0.7143), fp_1904(0.0778), fp_1921(0.0464), fp_658(0.0438), fp_334(0.0344), fp_1911(0.0081), fp_832(0.0046), fp_660(0.0031), fp_1137(0.0016), fp_125(0.0011)
2026-09-07 16:30:02,840 | INFO | Top fingerprint bits by Gini: fp_1883(0.2994), fp_423(0.2591), fp_591(0.0553), fp_1722(0.0309), fp_832(0.0295), fp_1143(0.0200), fp_1137(0.0126), fp_802(0.0091), fp_1904(0.0051), fp_294(0.0015)
2026-09-07 16:30:02,884 | INFO | Top fingerprint bits by Gini: fp_423(0.4734), fp_832(0.0506), fp_125(0.0260), fp_802(0.0210), fp_1523(0.0080), fp_1921(0.0040), fp_660(0.0030), fp_591(0.0012), fp_658(0.0010), fp_1143(0.0002)
2026-09-07 16:30:02,930 | INFO | Top fingerprint bits by Gini: fp_1699(0.2840), fp_486(0.1520), fp_2022(0.0724), fp_1671(0.0386), fp_694(0.0376), fp_1366(0.0359), fp_1670(0.0342), fp_1003(0.0264), fp_1955(0.0236), fp_931(0.0202)
2026-09-07 16:30:02,968 | INFO | Top fingerprint bits by Gini: fp_532(0.6628), fp_1096(0.3372), fp_222(0.0000), fp_1(0.0000), fp_1366(0.0000), fp_1371(0.0000), fp_1380(0.0000), fp_1384(0.0000), fp_1387(0.0000), fp_1389(0.0000)
2026-09-07 16:30:03,011 | INFO | Top fingerprint bits by Gini: fp_532(0.7600), fp_974(0.0914), fp_1395(0.0655), fp_1918(0.0647), fp_550(0.0108), fp_915(0.0077), fp_1(0.0000), fp_1366(0.0000), fp_1371(0.0000), fp_1380(0.0000)
2026-09-07 16:30:03,049 | INFO | Top fingerprint bits by Gini: fp_1883(0.7499), fp_423(0.2501), fp_1(0.0000), fp_1345(0.0000), fp_1366(0.0000), fp_1371(0.0000), fp_1380(0.0000), fp_1384(0.0000), fp_1387(0.0000), fp_1389(0.0000)
2026-09-07 16:30:03,089 | INFO | Top fingerprint bits by Gini: fp_694(0.5333), fp_1(0.0000), fp_1345(0.0000), fp_1366(0.0000), fp_1371(0.0000), fp_1380(0.0000), fp_1384(0.0000), fp_1387(0.0000), fp_1389(0.0000), fp_1394(0.0000)
2026-09-07 16:30:03,140 | INFO | Top fingerprint bits by Gini: fp_423(0.4073), fp_532(0.0919), fp_674(0.0846), fp_1426(0.0435), fp_974(0.0323), fp_183(0.0316), fp_832(0.0211), fp_1623(0.0211), fp_1523(0.0180), fp_550(0.0080)
2026-09-07 16:30:03,190 | INFO | Top fingerprint bits by Gini: fp_532(0.3619), fp_1096(0.1236), fp_1883(0.1031), fp_80(0.0407), fp_423(0.0270), fp_658(0.0213), fp_1444(0.0195), fp_832(0.0134), fp_1670(0.0122), fp_125(0.0085)
2026-09-07 16:30:03,518 | INFO |                  dimension  spearman_rank_corr_mean  topk_overlap_mean  jaccard_topk_similarity  sign_consistency classification
across_models_seeds_splits                 0.566105           1.499651                 0.375472          0.577315       MARGINAL
  across_seeds_fixed_model                 0.878788           1.666667                 0.400000          1.000000         STABLE
  across_models_fixed_seed                 0.892705           1.666667                 0.400000          0.866667         STABLE
method_gini_vs_permutation                 0.200156           1.000000                 0.416667          0.192490       UNSTABLE
   method_gini_vs_ablation                 0.266342           1.000000                 0.414815          0.179321       UNSTABLE
2026-09-07 16:30:03,518 | INFO | === Explanation-preservation analysis (section 26) ===
2026-09-07 16:30:03,520 | INFO | top_generic_descriptor top_specific_descriptor  generic_descriptor_gini_frac  specific_descriptor_gini_frac  fragment_experimental_support_frac               shap_top3_features  shap_includes_specific  generic_dominated_flag  weak_experimental_fragment_support_flag  flag_artifact_exploitation                                                                            interpretation
  FractionCSP3,LogP,MW                 HBD,HBA                         0.938                          0.062                                 1.0 FractionCSP3,LogP,HeavyAtomCount                       0                    True                                    False                       False Model top features retain experimental specificity; artifact-exploitation flag NOT raised
2026-09-07 16:50:29,245 | INFO | Fingerprint features used (non-degenerate bits): 183/2048
2026-09-07 16:50:29,323 | INFO | Top fingerprint bits by Gini: fp_423(0.0738), fp_532(0.0428), fp_1602(0.0374), fp_1096(0.0298), fp_1883(0.0235), fp_1699(0.0210), fp_486(0.0200), fp_2022(0.0177), fp_1(0.0140), fp_1670(0.0130)
2026-09-07 16:50:39,360 | INFO | === Counterfactual analysis (section 14) ===
2026-09-07 16:50:39,443 | INFO |                       probe              category  predicted_active  confidence
    ID01_break_lactone_ring        remove_feature              True       0.665
     ID01_remove_primary_OH         change_h_bond              True       0.750
 ID01_move_primary_OH_chain      move_substituent              True       0.600
             ID25_remove_Br        remove_feature              True       0.845
              ID25_Br_to_Cl       replace_feature              True       0.865
             ID25_Br_to_CF3       replace_feature              True       0.770
         ID25_remove_stereo alter_stereochemistry              True       0.915
         ID12_remove_stereo alter_stereochemistry              True       0.645
      ID12_flip_core_stereo alter_stereochemistry              True       0.645
         ID12_remove_alkyne        remove_feature             False       0.930
 ID12_alkyne_to_small_chain       replace_feature             False       0.895
 ID18_ester_to_ether_linker          alter_linker              True       0.520
ID18_benzyl_to_ortho_methyl     alter_hydrophobic             False       0.545
        ID24_remove_alcohol        remove_feature             False       0.585
           ID01_open_pyrone        remove_feature             False       0.750
2026-09-07 16:50:39,443 | INFO | === XAI reproducibility (section 13) ===
2026-09-07 16:50:39,521 | INFO | Top fingerprint bits by Gini: fp_423(0.0718), fp_1602(0.0657), fp_501(0.0226), fp_2028(0.0216), fp_1057(0.0206), fp_532(0.0206), fp_80(0.0184), fp_1405(0.0163), fp_516(0.0160), fp_1389(0.0156)
2026-09-07 16:50:39,864 | INFO | Top fingerprint bits by Gini: fp_423(0.1370), fp_1883(0.0623), fp_1602(0.0465), fp_2028(0.0407), fp_257(0.0281), fp_1096(0.0277), fp_532(0.0238), fp_695(0.0226), fp_1670(0.0206), fp_1389(0.0188)
2026-09-07 16:50:40,207 | INFO | Top fingerprint bits by Gini: fp_423(0.0982), fp_2028(0.0291), fp_1602(0.0284), fp_486(0.0272), fp_501(0.0253), fp_1883(0.0220), fp_532(0.0200), fp_1699(0.0190), fp_1395(0.0189), fp_2022(0.0189)
2026-09-07 16:50:40,551 | INFO | Top fingerprint bits by Gini: fp_423(0.0817), fp_1883(0.0407), fp_532(0.0279), fp_1602(0.0275), fp_2028(0.0270), fp_74(0.0252), fp_798(0.0196), fp_1096(0.0191), fp_974(0.0162), fp_794(0.0161)
2026-09-07 16:50:40,891 | INFO | Top fingerprint bits by Gini: fp_2028(0.0724), fp_532(0.0544), fp_423(0.0521), fp_926(0.0451), fp_227(0.0290), fp_1017(0.0245), fp_971(0.0240), fp_649(0.0238), fp_1043(0.0194), fp_1(0.0185)
2026-09-07 16:50:41,233 | INFO | Top fingerprint bits by Gini: fp_423(0.0978), fp_1883(0.0348), fp_1602(0.0342), fp_257(0.0335), fp_2028(0.0334), fp_1670(0.0216), fp_1389(0.0168), fp_1452(0.0167), fp_80(0.0137), fp_2022(0.0129)
2026-09-07 16:50:41,581 | INFO | Top fingerprint bits by Gini: fp_532(0.1008), fp_1096(0.0782), fp_2022(0.0594), fp_423(0.0494), fp_1883(0.0493), fp_486(0.0356), fp_1(0.0257), fp_1923(0.0201), fp_2028(0.0155), fp_1602(0.0145)
2026-09-07 16:50:41,935 | INFO | Top fingerprint bits by Gini: fp_423(0.0561), fp_2028(0.0354), fp_532(0.0317), fp_1883(0.0284), fp_1602(0.0254), fp_183(0.0237), fp_1306(0.0200), fp_1222(0.0193), fp_674(0.0166), fp_695(0.0165)
2026-09-07 16:50:42,317 | INFO | Top fingerprint bits by Gini: fp_423(0.0792), fp_532(0.0658), fp_210(0.0360), fp_2028(0.0291), fp_1222(0.0270), fp_501(0.0261), fp_486(0.0230), fp_971(0.0216), fp_1057(0.0199), fp_76(0.0185)
2026-09-07 16:50:42,686 | INFO | Top fingerprint bits by Gini: fp_423(0.0695), fp_1883(0.0580), fp_1602(0.0465), fp_516(0.0379), fp_1389(0.0342), fp_695(0.0322), fp_2028(0.0252), fp_257(0.0195), fp_80(0.0188), fp_1444(0.0187)
2026-09-07 16:50:43,056 | INFO | Top fingerprint bits by Gini: fp_423(0.0524), fp_257(0.0346), fp_2028(0.0242), fp_1(0.0197), fp_227(0.0180), fp_591(0.0170), fp_1883(0.0153), fp_971(0.0144), fp_1066(0.0138), fp_532(0.0130)
2026-09-07 16:50:43,427 | INFO | Top fingerprint bits by Gini: fp_486(0.0538), fp_971(0.0360), fp_222(0.0325), fp_423(0.0314), fp_1883(0.0273), fp_1699(0.0268), fp_257(0.0262), fp_2022(0.0249), fp_926(0.0187), fp_1602(0.0164)
2026-09-07 16:50:43,847 | INFO | Top fingerprint bits by Gini: fp_1096(0.1115), fp_423(0.0683), fp_532(0.0636), fp_1883(0.0627), fp_486(0.0498), fp_2022(0.0435), fp_971(0.0388), fp_926(0.0347), fp_695(0.0291), fp_2028(0.0234)
2026-09-07 16:50:44,262 | INFO | Top fingerprint bits by Gini: fp_532(0.0793), fp_423(0.0374), fp_1096(0.0368), fp_2022(0.0236), fp_486(0.0208), fp_915(0.0195), fp_2028(0.0192), fp_971(0.0192), fp_974(0.0189), fp_1883(0.0172)
2026-09-07 16:50:44,661 | INFO | Top fingerprint bits by Gini: fp_1883(0.0909), fp_423(0.0860), fp_695(0.0462), fp_1602(0.0412), fp_1405(0.0398), fp_1389(0.0318), fp_257(0.0279), fp_2028(0.0275), fp_1096(0.0274), fp_486(0.0237)
2026-09-07 16:50:45,036 | INFO | Top fingerprint bits by Gini: fp_423(0.0472), fp_1602(0.0353), fp_974(0.0318), fp_1883(0.0315), fp_2022(0.0289), fp_915(0.0275), fp_532(0.0242), fp_183(0.0211), fp_486(0.0201), fp_516(0.0201)
2026-09-07 16:50:45,404 | INFO | Top fingerprint bits by Gini: fp_423(0.0488), fp_486(0.0437), fp_2022(0.0375), fp_532(0.0320), fp_1602(0.0315), fp_1096(0.0252), fp_1389(0.0205), fp_1623(0.0190), fp_1699(0.0170), fp_516(0.0150)
2026-09-07 16:50:45,773 | INFO | Top fingerprint bits by Gini: fp_423(0.0610), fp_1883(0.0587), fp_1096(0.0534), fp_532(0.0397), fp_1602(0.0288), fp_486(0.0279), fp_2022(0.0270), fp_257(0.0181), fp_971(0.0169), fp_1(0.0166)
2026-09-07 16:50:46,126 | INFO | Top fingerprint bits by Gini: fp_423(0.1011), fp_1602(0.0623), fp_210(0.0359), fp_2028(0.0264), fp_1873(0.0239), fp_1405(0.0226), fp_1670(0.0222), fp_1057(0.0219), fp_1918(0.0209), fp_532(0.0203)
2026-09-07 16:50:46,475 | INFO | Top fingerprint bits by Gini: fp_423(0.1544), fp_2028(0.0807), fp_1883(0.0690), fp_1602(0.0573), fp_532(0.0523), fp_1405(0.0330), fp_1096(0.0282), fp_695(0.0268), fp_1389(0.0230), fp_1873(0.0225)
2026-09-07 16:50:46,811 | INFO | Top fingerprint bits by Gini: fp_423(0.0953), fp_1883(0.0528), fp_532(0.0413), fp_1602(0.0395), fp_915(0.0319), fp_550(0.0273), fp_2028(0.0251), fp_1395(0.0211), fp_1918(0.0204), fp_76(0.0202)
2026-09-07 16:50:47,163 | INFO | Top fingerprint bits by Gini: fp_423(0.0749), fp_532(0.0587), fp_1883(0.0481), fp_2028(0.0412), fp_1395(0.0302), fp_1371(0.0279), fp_1602(0.0252), fp_974(0.0247), fp_1096(0.0230), fp_251(0.0230)
2026-09-07 16:50:47,535 | INFO | Top fingerprint bits by Gini: fp_926(0.0708), fp_423(0.0648), fp_2028(0.0639), fp_532(0.0628), fp_1819(0.0353), fp_1(0.0343), fp_227(0.0306), fp_2022(0.0293), fp_649(0.0286), fp_486(0.0281)
2026-09-07 16:50:47,882 | INFO | Top fingerprint bits by Gini: fp_423(0.0939), fp_1883(0.0546), fp_257(0.0437), fp_1602(0.0408), fp_2028(0.0375), fp_532(0.0326), fp_1670(0.0249), fp_1405(0.0237), fp_717(0.0180), fp_745(0.0180)
2026-09-07 16:50:48,231 | INFO | Top fingerprint bits by Gini: fp_532(0.1347), fp_423(0.1017), fp_486(0.0806), fp_1096(0.0503), fp_1883(0.0455), fp_2022(0.0434), fp_2028(0.0393), fp_1(0.0332), fp_1819(0.0314), fp_649(0.0239)
2026-09-07 16:50:48,589 | INFO | Top fingerprint bits by Gini: fp_423(0.0791), fp_2028(0.0506), fp_532(0.0462), fp_1602(0.0381), fp_1883(0.0369), fp_1873(0.0325), fp_674(0.0271), fp_183(0.0234), fp_278(0.0210), fp_1306(0.0207)
2026-09-07 16:50:48,931 | INFO | Top fingerprint bits by Gini: fp_423(0.1162), fp_2028(0.0522), fp_1222(0.0448), fp_532(0.0410), fp_257(0.0388), fp_501(0.0347), fp_278(0.0335), fp_1883(0.0292), fp_1602(0.0284), fp_1405(0.0260)
2026-09-07 16:50:49,273 | INFO | Top fingerprint bits by Gini: fp_1883(0.0792), fp_423(0.0646), fp_1602(0.0518), fp_516(0.0420), fp_1389(0.0388), fp_1444(0.0372), fp_257(0.0365), fp_2028(0.0302), fp_695(0.0267), fp_1057(0.0188)
2026-09-07 16:50:49,609 | INFO | Top fingerprint bits by Gini: fp_423(0.0750), fp_257(0.0639), fp_2028(0.0315), fp_1405(0.0256), fp_1699(0.0240), fp_1883(0.0229), fp_1670(0.0228), fp_532(0.0228), fp_1(0.0226), fp_2042(0.0200)
2026-09-07 16:50:49,952 | INFO | Top fingerprint bits by Gini: fp_257(0.0560), fp_423(0.0535), fp_1699(0.0517), fp_2022(0.0431), fp_486(0.0398), fp_926(0.0277), fp_2028(0.0268), fp_1602(0.0267), fp_694(0.0257), fp_1883(0.0255)
2026-09-07 16:50:50,296 | INFO | Top fingerprint bits by Gini: fp_1096(0.1102), fp_423(0.0896), fp_1883(0.0803), fp_532(0.0734), fp_926(0.0557), fp_971(0.0496), fp_2022(0.0358), fp_695(0.0302), fp_1819(0.0274), fp_1057(0.0258)
2026-09-07 16:50:50,642 | INFO | Top fingerprint bits by Gini: fp_532(0.1004), fp_423(0.0727), fp_1096(0.0424), fp_915(0.0376), fp_486(0.0328), fp_550(0.0306), fp_1918(0.0303), fp_2028(0.0294), fp_974(0.0278), fp_1602(0.0277)
2026-09-07 16:50:50,985 | INFO | Top fingerprint bits by Gini: fp_423(0.1560), fp_1883(0.1443), fp_695(0.0566), fp_2028(0.0532), fp_1602(0.0463), fp_278(0.0415), fp_516(0.0410), fp_1389(0.0365), fp_1405(0.0311), fp_1670(0.0281)
2026-09-07 16:50:51,334 | INFO | Top fingerprint bits by Gini: fp_423(0.0819), fp_1602(0.0571), fp_532(0.0493), fp_1623(0.0396), fp_674(0.0337), fp_1883(0.0277), fp_1699(0.0257), fp_1918(0.0257), fp_941(0.0251), fp_550(0.0223)
2026-09-07 16:50:51,680 | INFO | Top fingerprint bits by Gini: fp_423(0.0648), fp_2022(0.0475), fp_1602(0.0438), fp_532(0.0366), fp_1883(0.0270), fp_1395(0.0227), fp_926(0.0225), fp_486(0.0223), fp_1623(0.0220), fp_183(0.0206)
2026-09-07 16:50:52,041 | INFO | Top fingerprint bits by Gini: fp_1883(0.0627), fp_1096(0.0557), fp_423(0.0544), fp_532(0.0423), fp_2022(0.0349), fp_1602(0.0311), fp_486(0.0275), fp_1389(0.0255), fp_926(0.0241), fp_516(0.0220)
2026-09-07 16:50:52,372 | INFO | Top fingerprint bits by Gini: fp_423(0.6049), fp_183(0.0670), fp_550(0.0527), fp_1137(0.0355), fp_674(0.0351), fp_1918(0.0309), fp_1523(0.0282), fp_1722(0.0234), fp_658(0.0211), fp_1904(0.0172)
2026-09-07 16:50:52,420 | INFO | Top fingerprint bits by Gini: fp_423(1.0000), fp_18(0.0000), fp_1(0.0000), fp_1345(0.0000), fp_1366(0.0000), fp_1371(0.0000), fp_1380(0.0000), fp_1384(0.0000), fp_1387(0.0000), fp_1389(0.0000)
2026-09-07 16:50:52,472 | INFO | Top fingerprint bits by Gini: fp_423(0.7600), fp_974(0.0934), fp_1395(0.0708), fp_1918(0.0450), fp_915(0.0220), fp_550(0.0088), fp_1(0.0000), fp_1366(0.0000), fp_1371(0.0000), fp_1380(0.0000)
2026-09-07 16:50:52,528 | INFO | Top fingerprint bits by Gini: fp_423(0.6049), fp_1395(0.0793), fp_1918(0.0513), fp_974(0.0454), fp_1722(0.0362), fp_915(0.0311), fp_832(0.0282), fp_802(0.0189), fp_334(0.0151), fp_1137(0.0136)
2026-09-07 16:50:52,581 | INFO | Top fingerprint bits by Gini: fp_532(0.8333), fp_926(0.0000), fp_1(0.0000), fp_1345(0.0000), fp_1366(0.0000), fp_1371(0.0000), fp_1380(0.0000), fp_1384(0.0000), fp_1387(0.0000), fp_1389(0.0000)
2026-09-07 16:50:52,635 | INFO | Top fingerprint bits by Gini: fp_423(0.7600), fp_1(0.0000), fp_1345(0.0000), fp_1366(0.0000), fp_1371(0.0000), fp_1380(0.0000), fp_1384(0.0000), fp_1387(0.0000), fp_1389(0.0000), fp_1394(0.0000)
2026-09-07 16:50:52,683 | INFO | Top fingerprint bits by Gini: fp_532(1.0000), fp_1(0.0000), fp_1345(0.0000), fp_1366(0.0000), fp_1371(0.0000), fp_1380(0.0000), fp_1384(0.0000), fp_1387(0.0000), fp_1389(0.0000), fp_1394(0.0000)
2026-09-07 16:50:52,736 | INFO | Top fingerprint bits by Gini: fp_423(0.4900), fp_550(0.0600), fp_1395(0.0592), fp_974(0.0460), fp_1623(0.0358), fp_915(0.0340), fp_1143(0.0302), fp_183(0.0294), fp_591(0.0252), fp_1523(0.0225)
2026-09-07 16:50:52,786 | INFO | Top fingerprint bits by Gini: fp_423(0.7143), fp_1904(0.0778), fp_1921(0.0464), fp_658(0.0438), fp_334(0.0344), fp_1911(0.0081), fp_832(0.0046), fp_660(0.0031), fp_1137(0.0016), fp_125(0.0011)
2026-09-07 16:50:52,840 | INFO | Top fingerprint bits by Gini: fp_1883(0.2994), fp_423(0.2591), fp_591(0.0553), fp_1722(0.0309), fp_832(0.0295), fp_1143(0.0200), fp_1137(0.0126), fp_802(0.0091), fp_1904(0.0051), fp_294(0.0015)
2026-09-07 16:50:52,894 | INFO | Top fingerprint bits by Gini: fp_423(0.4734), fp_832(0.0506), fp_125(0.0260), fp_802(0.0210), fp_1523(0.0080), fp_1921(0.0040), fp_660(0.0030), fp_591(0.0012), fp_658(0.0010), fp_1143(0.0002)
2026-09-07 16:50:52,950 | INFO | Top fingerprint bits by Gini: fp_1699(0.2840), fp_486(0.1520), fp_2022(0.0724), fp_1671(0.0386), fp_694(0.0376), fp_1366(0.0359), fp_1670(0.0342), fp_1003(0.0264), fp_1955(0.0236), fp_931(0.0202)
2026-09-07 16:50:52,998 | INFO | Top fingerprint bits by Gini: fp_532(0.6628), fp_1096(0.3372), fp_222(0.0000), fp_1(0.0000), fp_1366(0.0000), fp_1371(0.0000), fp_1380(0.0000), fp_1384(0.0000), fp_1387(0.0000), fp_1389(0.0000)
2026-09-07 16:50:53,050 | INFO | Top fingerprint bits by Gini: fp_532(0.7600), fp_974(0.0914), fp_1395(0.0655), fp_1918(0.0647), fp_550(0.0108), fp_915(0.0077), fp_1(0.0000), fp_1366(0.0000), fp_1371(0.0000), fp_1380(0.0000)
2026-09-07 16:50:53,096 | INFO | Top fingerprint bits by Gini: fp_1883(0.7499), fp_423(0.2501), fp_1(0.0000), fp_1345(0.0000), fp_1366(0.0000), fp_1371(0.0000), fp_1380(0.0000), fp_1384(0.0000), fp_1387(0.0000), fp_1389(0.0000)
2026-09-07 16:50:53,145 | INFO | Top fingerprint bits by Gini: fp_694(0.5333), fp_1(0.0000), fp_1345(0.0000), fp_1366(0.0000), fp_1371(0.0000), fp_1380(0.0000), fp_1384(0.0000), fp_1387(0.0000), fp_1389(0.0000), fp_1394(0.0000)
2026-09-07 16:50:53,206 | INFO | Top fingerprint bits by Gini: fp_423(0.4073), fp_532(0.0919), fp_674(0.0846), fp_1426(0.0435), fp_974(0.0323), fp_183(0.0316), fp_832(0.0211), fp_1623(0.0211), fp_1523(0.0180), fp_550(0.0080)
2026-09-07 16:50:53,267 | INFO | Top fingerprint bits by Gini: fp_532(0.3619), fp_1096(0.1236), fp_1883(0.1031), fp_80(0.0407), fp_423(0.0270), fp_658(0.0213), fp_1444(0.0195), fp_832(0.0134), fp_1670(0.0122), fp_125(0.0085)
2026-09-07 16:50:53,644 | INFO |                  dimension  spearman_rank_corr_mean  topk_overlap_mean  jaccard_topk_similarity  sign_consistency classification
across_models_seeds_splits                 0.566105           1.499651                 0.375472          0.577315       MARGINAL
  across_seeds_fixed_model                 0.878788           1.666667                 0.400000          1.000000         STABLE
  across_models_fixed_seed                 0.892705           1.666667                 0.400000          0.866667         STABLE
method_gini_vs_permutation                 0.200156           1.000000                 0.416667          0.192490       UNSTABLE
   method_gini_vs_ablation                 0.266342           1.000000                 0.414815          0.179321       UNSTABLE
2026-09-07 16:50:53,644 | INFO | === Explanation-preservation analysis (section 26) ===
2026-09-07 16:50:53,647 | INFO | top_generic_descriptor top_specific_descriptor  generic_descriptor_gini_frac  specific_descriptor_gini_frac  fragment_experimental_support_frac               shap_top3_features  shap_includes_specific  generic_dominated_flag  weak_experimental_fragment_support_flag  flag_artifact_exploitation                                                                            interpretation
  FractionCSP3,LogP,MW                 HBD,HBA                         0.938                          0.062                                 1.0 FractionCSP3,LogP,HeavyAtomCount                       0                    True                                    False                       False Model top features retain experimental specificity; artifact-exploitation flag NOT raised
2026-09-07 16:58:39,207 | INFO | Fingerprint features used (non-degenerate bits): 183/2048
2026-09-07 16:58:39,287 | INFO | Top fingerprint bits by Gini: fp_423(0.0738), fp_532(0.0428), fp_1602(0.0374), fp_1096(0.0298), fp_1883(0.0235), fp_1699(0.0210), fp_486(0.0200), fp_2022(0.0177), fp_1(0.0140), fp_1670(0.0130)
2026-09-07 16:58:49,781 | INFO | === Counterfactual analysis (section 14) ===
2026-09-07 16:58:49,866 | INFO |                       probe              category  predicted_active  confidence
    ID01_break_lactone_ring        remove_feature              True       0.665
     ID01_remove_primary_OH         change_h_bond              True       0.750
 ID01_move_primary_OH_chain      move_substituent              True       0.600
             ID25_remove_Br        remove_feature              True       0.845
              ID25_Br_to_Cl       replace_feature              True       0.865
             ID25_Br_to_CF3       replace_feature              True       0.770
         ID25_remove_stereo alter_stereochemistry              True       0.915
         ID12_remove_stereo alter_stereochemistry              True       0.645
      ID12_flip_core_stereo alter_stereochemistry              True       0.645
         ID12_remove_alkyne        remove_feature             False       0.930
 ID12_alkyne_to_small_chain       replace_feature             False       0.895
 ID18_ester_to_ether_linker          alter_linker              True       0.520
ID18_benzyl_to_ortho_methyl     alter_hydrophobic             False       0.545
        ID24_remove_alcohol        remove_feature             False       0.585
           ID01_open_pyrone        remove_feature             False       0.750
2026-09-07 16:58:49,866 | INFO | === XAI reproducibility (section 13) ===
2026-09-07 16:58:49,947 | INFO | Top fingerprint bits by Gini: fp_423(0.0718), fp_1602(0.0657), fp_501(0.0226), fp_2028(0.0216), fp_1057(0.0206), fp_532(0.0206), fp_80(0.0184), fp_1405(0.0163), fp_516(0.0160), fp_1389(0.0156)
2026-09-07 16:58:50,311 | INFO | Top fingerprint bits by Gini: fp_423(0.1370), fp_1883(0.0623), fp_1602(0.0465), fp_2028(0.0407), fp_257(0.0281), fp_1096(0.0277), fp_532(0.0238), fp_695(0.0226), fp_1670(0.0206), fp_1389(0.0188)
2026-09-07 16:58:50,667 | INFO | Top fingerprint bits by Gini: fp_423(0.0982), fp_2028(0.0291), fp_1602(0.0284), fp_486(0.0272), fp_501(0.0253), fp_1883(0.0220), fp_532(0.0200), fp_1699(0.0190), fp_1395(0.0189), fp_2022(0.0189)
2026-09-07 16:58:51,029 | INFO | Top fingerprint bits by Gini: fp_423(0.0817), fp_1883(0.0407), fp_532(0.0279), fp_1602(0.0275), fp_2028(0.0270), fp_74(0.0252), fp_798(0.0196), fp_1096(0.0191), fp_974(0.0162), fp_794(0.0161)
2026-09-07 16:58:51,392 | INFO | Top fingerprint bits by Gini: fp_2028(0.0724), fp_532(0.0544), fp_423(0.0521), fp_926(0.0451), fp_227(0.0290), fp_1017(0.0245), fp_971(0.0240), fp_649(0.0238), fp_1043(0.0194), fp_1(0.0185)
2026-09-07 16:58:51,751 | INFO | Top fingerprint bits by Gini: fp_423(0.0978), fp_1883(0.0348), fp_1602(0.0342), fp_257(0.0335), fp_2028(0.0334), fp_1670(0.0216), fp_1389(0.0168), fp_1452(0.0167), fp_80(0.0137), fp_2022(0.0129)
2026-09-07 16:58:52,119 | INFO | Top fingerprint bits by Gini: fp_532(0.1008), fp_1096(0.0782), fp_2022(0.0594), fp_423(0.0494), fp_1883(0.0493), fp_486(0.0356), fp_1(0.0257), fp_1923(0.0201), fp_2028(0.0155), fp_1602(0.0145)
2026-09-07 16:58:52,484 | INFO | Top fingerprint bits by Gini: fp_423(0.0561), fp_2028(0.0354), fp_532(0.0317), fp_1883(0.0284), fp_1602(0.0254), fp_183(0.0237), fp_1306(0.0200), fp_1222(0.0193), fp_674(0.0166), fp_695(0.0165)
2026-09-07 16:58:52,858 | INFO | Top fingerprint bits by Gini: fp_423(0.0792), fp_532(0.0658), fp_210(0.0360), fp_2028(0.0291), fp_1222(0.0270), fp_501(0.0261), fp_486(0.0230), fp_971(0.0216), fp_1057(0.0199), fp_76(0.0185)
2026-09-07 16:58:53,219 | INFO | Top fingerprint bits by Gini: fp_423(0.0695), fp_1883(0.0580), fp_1602(0.0465), fp_516(0.0379), fp_1389(0.0342), fp_695(0.0322), fp_2028(0.0252), fp_257(0.0195), fp_80(0.0188), fp_1444(0.0187)
2026-09-07 16:58:53,586 | INFO | Top fingerprint bits by Gini: fp_423(0.0524), fp_257(0.0346), fp_2028(0.0242), fp_1(0.0197), fp_227(0.0180), fp_591(0.0170), fp_1883(0.0153), fp_971(0.0144), fp_1066(0.0138), fp_532(0.0130)
2026-09-07 16:58:53,951 | INFO | Top fingerprint bits by Gini: fp_486(0.0538), fp_971(0.0360), fp_222(0.0325), fp_423(0.0314), fp_1883(0.0273), fp_1699(0.0268), fp_257(0.0262), fp_2022(0.0249), fp_926(0.0187), fp_1602(0.0164)
2026-09-07 16:58:54,319 | INFO | Top fingerprint bits by Gini: fp_1096(0.1115), fp_423(0.0683), fp_532(0.0636), fp_1883(0.0627), fp_486(0.0498), fp_2022(0.0435), fp_971(0.0388), fp_926(0.0347), fp_695(0.0291), fp_2028(0.0234)
2026-09-07 16:58:54,676 | INFO | Top fingerprint bits by Gini: fp_532(0.0793), fp_423(0.0374), fp_1096(0.0368), fp_2022(0.0236), fp_486(0.0208), fp_915(0.0195), fp_2028(0.0192), fp_971(0.0192), fp_974(0.0189), fp_1883(0.0172)
2026-09-07 16:58:55,038 | INFO | Top fingerprint bits by Gini: fp_1883(0.0909), fp_423(0.0860), fp_695(0.0462), fp_1602(0.0412), fp_1405(0.0398), fp_1389(0.0318), fp_257(0.0279), fp_2028(0.0275), fp_1096(0.0274), fp_486(0.0237)
2026-09-07 16:58:55,399 | INFO | Top fingerprint bits by Gini: fp_423(0.0472), fp_1602(0.0353), fp_974(0.0318), fp_1883(0.0315), fp_2022(0.0289), fp_915(0.0275), fp_532(0.0242), fp_183(0.0211), fp_486(0.0201), fp_516(0.0201)
2026-09-07 16:58:55,761 | INFO | Top fingerprint bits by Gini: fp_423(0.0488), fp_486(0.0437), fp_2022(0.0375), fp_532(0.0320), fp_1602(0.0315), fp_1096(0.0252), fp_1389(0.0205), fp_1623(0.0190), fp_1699(0.0170), fp_516(0.0150)
2026-09-07 16:58:56,124 | INFO | Top fingerprint bits by Gini: fp_423(0.0610), fp_1883(0.0587), fp_1096(0.0534), fp_532(0.0397), fp_1602(0.0288), fp_486(0.0279), fp_2022(0.0270), fp_257(0.0181), fp_971(0.0169), fp_1(0.0166)
2026-09-07 16:58:56,476 | INFO | Top fingerprint bits by Gini: fp_423(0.1011), fp_1602(0.0623), fp_210(0.0359), fp_2028(0.0264), fp_1873(0.0239), fp_1405(0.0226), fp_1670(0.0222), fp_1057(0.0219), fp_1918(0.0209), fp_532(0.0203)
2026-09-07 16:58:56,830 | INFO | Top fingerprint bits by Gini: fp_423(0.1544), fp_2028(0.0807), fp_1883(0.0690), fp_1602(0.0573), fp_532(0.0523), fp_1405(0.0330), fp_1096(0.0282), fp_695(0.0268), fp_1389(0.0230), fp_1873(0.0225)
2026-09-07 16:58:57,187 | INFO | Top fingerprint bits by Gini: fp_423(0.0953), fp_1883(0.0528), fp_532(0.0413), fp_1602(0.0395), fp_915(0.0319), fp_550(0.0273), fp_2028(0.0251), fp_1395(0.0211), fp_1918(0.0204), fp_76(0.0202)
2026-09-07 16:58:57,579 | INFO | Top fingerprint bits by Gini: fp_423(0.0749), fp_532(0.0587), fp_1883(0.0481), fp_2028(0.0412), fp_1395(0.0302), fp_1371(0.0279), fp_1602(0.0252), fp_974(0.0247), fp_1096(0.0230), fp_251(0.0230)
2026-09-07 16:58:57,936 | INFO | Top fingerprint bits by Gini: fp_926(0.0708), fp_423(0.0648), fp_2028(0.0639), fp_532(0.0628), fp_1819(0.0353), fp_1(0.0343), fp_227(0.0306), fp_2022(0.0293), fp_649(0.0286), fp_486(0.0281)
2026-09-07 16:58:58,301 | INFO | Top fingerprint bits by Gini: fp_423(0.0939), fp_1883(0.0546), fp_257(0.0437), fp_1602(0.0408), fp_2028(0.0375), fp_532(0.0326), fp_1670(0.0249), fp_1405(0.0237), fp_717(0.0180), fp_745(0.0180)
2026-09-07 16:58:58,661 | INFO | Top fingerprint bits by Gini: fp_532(0.1347), fp_423(0.1017), fp_486(0.0806), fp_1096(0.0503), fp_1883(0.0455), fp_2022(0.0434), fp_2028(0.0393), fp_1(0.0332), fp_1819(0.0314), fp_649(0.0239)
2026-09-07 16:58:59,020 | INFO | Top fingerprint bits by Gini: fp_423(0.0791), fp_2028(0.0506), fp_532(0.0462), fp_1602(0.0381), fp_1883(0.0369), fp_1873(0.0325), fp_674(0.0271), fp_183(0.0234), fp_278(0.0210), fp_1306(0.0207)
2026-09-07 16:58:59,388 | INFO | Top fingerprint bits by Gini: fp_423(0.1162), fp_2028(0.0522), fp_1222(0.0448), fp_532(0.0410), fp_257(0.0388), fp_501(0.0347), fp_278(0.0335), fp_1883(0.0292), fp_1602(0.0284), fp_1405(0.0260)
2026-09-07 16:58:59,754 | INFO | Top fingerprint bits by Gini: fp_1883(0.0792), fp_423(0.0646), fp_1602(0.0518), fp_516(0.0420), fp_1389(0.0388), fp_1444(0.0372), fp_257(0.0365), fp_2028(0.0302), fp_695(0.0267), fp_1057(0.0188)
2026-09-07 16:59:00,101 | INFO | Top fingerprint bits by Gini: fp_423(0.0750), fp_257(0.0639), fp_2028(0.0315), fp_1405(0.0256), fp_1699(0.0240), fp_1883(0.0229), fp_1670(0.0228), fp_532(0.0228), fp_1(0.0226), fp_2042(0.0200)
2026-09-07 16:59:00,429 | INFO | Top fingerprint bits by Gini: fp_257(0.0560), fp_423(0.0535), fp_1699(0.0517), fp_2022(0.0431), fp_486(0.0398), fp_926(0.0277), fp_2028(0.0268), fp_1602(0.0267), fp_694(0.0257), fp_1883(0.0255)
2026-09-07 16:59:00,743 | INFO | Top fingerprint bits by Gini: fp_1096(0.1102), fp_423(0.0896), fp_1883(0.0803), fp_532(0.0734), fp_926(0.0557), fp_971(0.0496), fp_2022(0.0358), fp_695(0.0302), fp_1819(0.0274), fp_1057(0.0258)
2026-09-07 16:59:01,054 | INFO | Top fingerprint bits by Gini: fp_532(0.1004), fp_423(0.0727), fp_1096(0.0424), fp_915(0.0376), fp_486(0.0328), fp_550(0.0306), fp_1918(0.0303), fp_2028(0.0294), fp_974(0.0278), fp_1602(0.0277)
2026-09-07 16:59:01,358 | INFO | Top fingerprint bits by Gini: fp_423(0.1560), fp_1883(0.1443), fp_695(0.0566), fp_2028(0.0532), fp_1602(0.0463), fp_278(0.0415), fp_516(0.0410), fp_1389(0.0365), fp_1405(0.0311), fp_1670(0.0281)
2026-09-07 16:59:01,662 | INFO | Top fingerprint bits by Gini: fp_423(0.0819), fp_1602(0.0571), fp_532(0.0493), fp_1623(0.0396), fp_674(0.0337), fp_1883(0.0277), fp_1699(0.0257), fp_1918(0.0257), fp_941(0.0251), fp_550(0.0223)
2026-09-07 16:59:01,967 | INFO | Top fingerprint bits by Gini: fp_423(0.0648), fp_2022(0.0475), fp_1602(0.0438), fp_532(0.0366), fp_1883(0.0270), fp_1395(0.0227), fp_926(0.0225), fp_486(0.0223), fp_1623(0.0220), fp_183(0.0206)
2026-09-07 16:59:02,275 | INFO | Top fingerprint bits by Gini: fp_1883(0.0627), fp_1096(0.0557), fp_423(0.0544), fp_532(0.0423), fp_2022(0.0349), fp_1602(0.0311), fp_486(0.0275), fp_1389(0.0255), fp_926(0.0241), fp_516(0.0220)
2026-09-07 16:59:02,553 | INFO | Top fingerprint bits by Gini: fp_423(0.6049), fp_183(0.0670), fp_550(0.0527), fp_1137(0.0355), fp_674(0.0351), fp_1918(0.0309), fp_1523(0.0282), fp_1722(0.0234), fp_658(0.0211), fp_1904(0.0172)
2026-09-07 16:59:02,594 | INFO | Top fingerprint bits by Gini: fp_423(1.0000), fp_18(0.0000), fp_1(0.0000), fp_1345(0.0000), fp_1366(0.0000), fp_1371(0.0000), fp_1380(0.0000), fp_1384(0.0000), fp_1387(0.0000), fp_1389(0.0000)
2026-09-07 16:59:02,639 | INFO | Top fingerprint bits by Gini: fp_423(0.7600), fp_974(0.0934), fp_1395(0.0708), fp_1918(0.0450), fp_915(0.0220), fp_550(0.0088), fp_1(0.0000), fp_1366(0.0000), fp_1371(0.0000), fp_1380(0.0000)
2026-09-07 16:59:02,687 | INFO | Top fingerprint bits by Gini: fp_423(0.6049), fp_1395(0.0793), fp_1918(0.0513), fp_974(0.0454), fp_1722(0.0362), fp_915(0.0311), fp_832(0.0282), fp_802(0.0189), fp_334(0.0151), fp_1137(0.0136)
2026-09-07 16:59:02,732 | INFO | Top fingerprint bits by Gini: fp_532(0.8333), fp_926(0.0000), fp_1(0.0000), fp_1345(0.0000), fp_1366(0.0000), fp_1371(0.0000), fp_1380(0.0000), fp_1384(0.0000), fp_1387(0.0000), fp_1389(0.0000)
2026-09-07 16:59:02,778 | INFO | Top fingerprint bits by Gini: fp_423(0.7600), fp_1(0.0000), fp_1345(0.0000), fp_1366(0.0000), fp_1371(0.0000), fp_1380(0.0000), fp_1384(0.0000), fp_1387(0.0000), fp_1389(0.0000), fp_1394(0.0000)
2026-09-07 16:59:02,819 | INFO | Top fingerprint bits by Gini: fp_532(1.0000), fp_1(0.0000), fp_1345(0.0000), fp_1366(0.0000), fp_1371(0.0000), fp_1380(0.0000), fp_1384(0.0000), fp_1387(0.0000), fp_1389(0.0000), fp_1394(0.0000)
2026-09-07 16:59:02,866 | INFO | Top fingerprint bits by Gini: fp_423(0.4900), fp_550(0.0600), fp_1395(0.0592), fp_974(0.0460), fp_1623(0.0358), fp_915(0.0340), fp_1143(0.0302), fp_183(0.0294), fp_591(0.0252), fp_1523(0.0225)
2026-09-07 16:59:02,909 | INFO | Top fingerprint bits by Gini: fp_423(0.7143), fp_1904(0.0778), fp_1921(0.0464), fp_658(0.0438), fp_334(0.0344), fp_1911(0.0081), fp_832(0.0046), fp_660(0.0031), fp_1137(0.0016), fp_125(0.0011)
2026-09-07 16:59:02,957 | INFO | Top fingerprint bits by Gini: fp_1883(0.2994), fp_423(0.2591), fp_591(0.0553), fp_1722(0.0309), fp_832(0.0295), fp_1143(0.0200), fp_1137(0.0126), fp_802(0.0091), fp_1904(0.0051), fp_294(0.0015)
2026-09-07 16:59:03,003 | INFO | Top fingerprint bits by Gini: fp_423(0.4734), fp_832(0.0506), fp_125(0.0260), fp_802(0.0210), fp_1523(0.0080), fp_1921(0.0040), fp_660(0.0030), fp_591(0.0012), fp_658(0.0010), fp_1143(0.0002)
2026-09-07 16:59:03,051 | INFO | Top fingerprint bits by Gini: fp_1699(0.2840), fp_486(0.1520), fp_2022(0.0724), fp_1671(0.0386), fp_694(0.0376), fp_1366(0.0359), fp_1670(0.0342), fp_1003(0.0264), fp_1955(0.0236), fp_931(0.0202)
2026-09-07 16:59:03,091 | INFO | Top fingerprint bits by Gini: fp_532(0.6628), fp_1096(0.3372), fp_222(0.0000), fp_1(0.0000), fp_1366(0.0000), fp_1371(0.0000), fp_1380(0.0000), fp_1384(0.0000), fp_1387(0.0000), fp_1389(0.0000)
2026-09-07 16:59:03,136 | INFO | Top fingerprint bits by Gini: fp_532(0.7600), fp_974(0.0914), fp_1395(0.0655), fp_1918(0.0647), fp_550(0.0108), fp_915(0.0077), fp_1(0.0000), fp_1366(0.0000), fp_1371(0.0000), fp_1380(0.0000)
2026-09-07 16:59:03,175 | INFO | Top fingerprint bits by Gini: fp_1883(0.7499), fp_423(0.2501), fp_1(0.0000), fp_1345(0.0000), fp_1366(0.0000), fp_1371(0.0000), fp_1380(0.0000), fp_1384(0.0000), fp_1387(0.0000), fp_1389(0.0000)
2026-09-07 16:59:03,218 | INFO | Top fingerprint bits by Gini: fp_694(0.5333), fp_1(0.0000), fp_1345(0.0000), fp_1366(0.0000), fp_1371(0.0000), fp_1380(0.0000), fp_1384(0.0000), fp_1387(0.0000), fp_1389(0.0000), fp_1394(0.0000)
2026-09-07 16:59:03,270 | INFO | Top fingerprint bits by Gini: fp_423(0.4073), fp_532(0.0919), fp_674(0.0846), fp_1426(0.0435), fp_974(0.0323), fp_183(0.0316), fp_832(0.0211), fp_1623(0.0211), fp_1523(0.0180), fp_550(0.0080)
2026-09-07 16:59:03,322 | INFO | Top fingerprint bits by Gini: fp_532(0.3619), fp_1096(0.1236), fp_1883(0.1031), fp_80(0.0407), fp_423(0.0270), fp_658(0.0213), fp_1444(0.0195), fp_832(0.0134), fp_1670(0.0122), fp_125(0.0085)
2026-09-07 16:59:03,653 | INFO |                  dimension  spearman_rank_corr_mean  topk_overlap_mean  jaccard_topk_similarity  sign_consistency classification
across_models_seeds_splits                 0.566105           1.499651                 0.375472          0.577315       MARGINAL
  across_seeds_fixed_model                 0.878788           1.666667                 0.400000          1.000000         STABLE
  across_models_fixed_seed                 0.892705           1.666667                 0.400000          0.866667         STABLE
method_gini_vs_permutation                 0.200156           1.000000                 0.416667          0.192490       UNSTABLE
   method_gini_vs_ablation                 0.266342           1.000000                 0.414815          0.179321       UNSTABLE
2026-09-07 16:59:03,653 | INFO | === Explanation-preservation analysis (section 26) ===
2026-09-07 16:59:03,655 | INFO | top_generic_descriptor top_specific_descriptor  generic_descriptor_gini_frac  specific_descriptor_gini_frac  fragment_experimental_support_frac               shap_top3_features  shap_includes_specific  generic_dominated_flag  weak_experimental_fragment_support_flag  flag_artifact_exploitation                                                                            interpretation
  FractionCSP3,LogP,MW                 HBD,HBA                         0.938                          0.062                                 1.0 FractionCSP3,LogP,HeavyAtomCount                       0                    True                                    False                       False Model top features retain experimental specificity; artifact-exploitation flag NOT raised
2026-09-08 22:57:12,538 | INFO | Fingerprint features used (non-degenerate bits): 183/2048
2026-09-08 22:57:12,609 | INFO | Top fingerprint bits by Gini: fp_423(0.0738), fp_532(0.0428), fp_1602(0.0374), fp_1096(0.0298), fp_1883(0.0235), fp_1699(0.0210), fp_486(0.0200), fp_2022(0.0177), fp_1(0.0140), fp_1670(0.0130)
2026-09-08 22:57:21,973 | INFO | === Counterfactual analysis (section 14) ===
2026-09-08 22:57:22,068 | INFO |                       probe              category  predicted_active  confidence
    ID01_break_lactone_ring        remove_feature              True       0.665
     ID01_remove_primary_OH         change_h_bond              True       0.750
 ID01_move_primary_OH_chain      move_substituent              True       0.600
             ID25_remove_Br        remove_feature              True       0.845
              ID25_Br_to_Cl       replace_feature              True       0.865
             ID25_Br_to_CF3       replace_feature              True       0.770
         ID25_remove_stereo alter_stereochemistry              True       0.915
         ID12_remove_stereo alter_stereochemistry              True       0.645
      ID12_flip_core_stereo alter_stereochemistry              True       0.645
         ID12_remove_alkyne        remove_feature             False       0.930
 ID12_alkyne_to_small_chain       replace_feature             False       0.895
 ID18_ester_to_ether_linker          alter_linker              True       0.520
ID18_benzyl_to_ortho_methyl     alter_hydrophobic             False       0.545
        ID24_remove_alcohol        remove_feature             False       0.585
           ID01_open_pyrone        remove_feature             False       0.750
2026-09-08 22:57:22,068 | INFO | === XAI reproducibility (section 13) ===
2026-09-08 22:57:22,144 | INFO | Top fingerprint bits by Gini: fp_423(0.0718), fp_1602(0.0657), fp_501(0.0226), fp_2028(0.0216), fp_1057(0.0206), fp_532(0.0206), fp_80(0.0184), fp_1405(0.0163), fp_516(0.0160), fp_1389(0.0156)
2026-09-08 22:57:22,466 | INFO | Top fingerprint bits by Gini: fp_423(0.1370), fp_1883(0.0623), fp_1602(0.0465), fp_2028(0.0407), fp_257(0.0281), fp_1096(0.0277), fp_532(0.0238), fp_695(0.0226), fp_1670(0.0206), fp_1389(0.0188)
2026-09-08 22:57:22,783 | INFO | Top fingerprint bits by Gini: fp_423(0.0982), fp_2028(0.0291), fp_1602(0.0284), fp_486(0.0272), fp_501(0.0253), fp_1883(0.0220), fp_532(0.0200), fp_1699(0.0190), fp_1395(0.0189), fp_2022(0.0189)
2026-09-08 22:57:23,104 | INFO | Top fingerprint bits by Gini: fp_423(0.0817), fp_1883(0.0407), fp_532(0.0279), fp_1602(0.0275), fp_2028(0.0270), fp_74(0.0252), fp_798(0.0196), fp_1096(0.0191), fp_974(0.0162), fp_794(0.0161)
2026-09-08 22:57:23,423 | INFO | Top fingerprint bits by Gini: fp_2028(0.0724), fp_532(0.0544), fp_423(0.0521), fp_926(0.0451), fp_227(0.0290), fp_1017(0.0245), fp_971(0.0240), fp_649(0.0238), fp_1043(0.0194), fp_1(0.0185)
2026-09-08 22:57:23,732 | INFO | Top fingerprint bits by Gini: fp_423(0.0978), fp_1883(0.0348), fp_1602(0.0342), fp_257(0.0335), fp_2028(0.0334), fp_1670(0.0216), fp_1389(0.0168), fp_1452(0.0167), fp_80(0.0137), fp_2022(0.0129)
2026-09-08 22:57:24,059 | INFO | Top fingerprint bits by Gini: fp_532(0.1008), fp_1096(0.0782), fp_2022(0.0594), fp_423(0.0494), fp_1883(0.0493), fp_486(0.0356), fp_1(0.0257), fp_1923(0.0201), fp_2028(0.0155), fp_1602(0.0145)
2026-09-08 22:57:24,372 | INFO | Top fingerprint bits by Gini: fp_423(0.0561), fp_2028(0.0354), fp_532(0.0317), fp_1883(0.0284), fp_1602(0.0254), fp_183(0.0237), fp_1306(0.0200), fp_1222(0.0193), fp_674(0.0166), fp_695(0.0165)
2026-09-08 22:57:24,684 | INFO | Top fingerprint bits by Gini: fp_423(0.0792), fp_532(0.0658), fp_210(0.0360), fp_2028(0.0291), fp_1222(0.0270), fp_501(0.0261), fp_486(0.0230), fp_971(0.0216), fp_1057(0.0199), fp_76(0.0185)
2026-09-08 22:57:24,997 | INFO | Top fingerprint bits by Gini: fp_423(0.0695), fp_1883(0.0580), fp_1602(0.0465), fp_516(0.0379), fp_1389(0.0342), fp_695(0.0322), fp_2028(0.0252), fp_257(0.0195), fp_80(0.0188), fp_1444(0.0187)
2026-09-08 22:57:25,312 | INFO | Top fingerprint bits by Gini: fp_423(0.0524), fp_257(0.0346), fp_2028(0.0242), fp_1(0.0197), fp_227(0.0180), fp_591(0.0170), fp_1883(0.0153), fp_971(0.0144), fp_1066(0.0138), fp_532(0.0130)
2026-09-08 22:57:25,627 | INFO | Top fingerprint bits by Gini: fp_486(0.0538), fp_971(0.0360), fp_222(0.0325), fp_423(0.0314), fp_1883(0.0273), fp_1699(0.0268), fp_257(0.0262), fp_2022(0.0249), fp_926(0.0187), fp_1602(0.0164)
2026-09-08 22:57:25,946 | INFO | Top fingerprint bits by Gini: fp_1096(0.1115), fp_423(0.0683), fp_532(0.0636), fp_1883(0.0627), fp_486(0.0498), fp_2022(0.0435), fp_971(0.0388), fp_926(0.0347), fp_695(0.0291), fp_2028(0.0234)
2026-09-08 22:57:26,284 | INFO | Top fingerprint bits by Gini: fp_532(0.0793), fp_423(0.0374), fp_1096(0.0368), fp_2022(0.0236), fp_486(0.0208), fp_915(0.0195), fp_2028(0.0192), fp_971(0.0192), fp_974(0.0189), fp_1883(0.0172)
2026-09-08 22:57:26,596 | INFO | Top fingerprint bits by Gini: fp_1883(0.0909), fp_423(0.0860), fp_695(0.0462), fp_1602(0.0412), fp_1405(0.0398), fp_1389(0.0318), fp_257(0.0279), fp_2028(0.0275), fp_1096(0.0274), fp_486(0.0237)
2026-09-08 22:57:26,911 | INFO | Top fingerprint bits by Gini: fp_423(0.0472), fp_1602(0.0353), fp_974(0.0318), fp_1883(0.0315), fp_2022(0.0289), fp_915(0.0275), fp_532(0.0242), fp_183(0.0211), fp_486(0.0201), fp_516(0.0201)
2026-09-08 22:57:27,226 | INFO | Top fingerprint bits by Gini: fp_423(0.0488), fp_486(0.0437), fp_2022(0.0375), fp_532(0.0320), fp_1602(0.0315), fp_1096(0.0252), fp_1389(0.0205), fp_1623(0.0190), fp_1699(0.0170), fp_516(0.0150)
2026-09-08 22:57:27,554 | INFO | Top fingerprint bits by Gini: fp_423(0.0610), fp_1883(0.0587), fp_1096(0.0534), fp_532(0.0397), fp_1602(0.0288), fp_486(0.0279), fp_2022(0.0270), fp_257(0.0181), fp_971(0.0169), fp_1(0.0166)
2026-09-08 22:57:27,856 | INFO | Top fingerprint bits by Gini: fp_423(0.1011), fp_1602(0.0623), fp_210(0.0359), fp_2028(0.0264), fp_1873(0.0239), fp_1405(0.0226), fp_1670(0.0222), fp_1057(0.0219), fp_1918(0.0209), fp_532(0.0203)
2026-09-08 22:57:28,163 | INFO | Top fingerprint bits by Gini: fp_423(0.1544), fp_2028(0.0807), fp_1883(0.0690), fp_1602(0.0573), fp_532(0.0523), fp_1405(0.0330), fp_1096(0.0282), fp_695(0.0268), fp_1389(0.0230), fp_1873(0.0225)
2026-09-08 22:57:28,479 | INFO | Top fingerprint bits by Gini: fp_423(0.0953), fp_1883(0.0528), fp_532(0.0413), fp_1602(0.0395), fp_915(0.0319), fp_550(0.0273), fp_2028(0.0251), fp_1395(0.0211), fp_1918(0.0204), fp_76(0.0202)
2026-09-08 22:57:28,825 | INFO | Top fingerprint bits by Gini: fp_423(0.0749), fp_532(0.0587), fp_1883(0.0481), fp_2028(0.0412), fp_1395(0.0302), fp_1371(0.0279), fp_1602(0.0252), fp_974(0.0247), fp_1096(0.0230), fp_251(0.0230)
2026-09-08 22:57:29,195 | INFO | Top fingerprint bits by Gini: fp_926(0.0708), fp_423(0.0648), fp_2028(0.0639), fp_532(0.0628), fp_1819(0.0353), fp_1(0.0343), fp_227(0.0306), fp_2022(0.0293), fp_649(0.0286), fp_486(0.0281)
2026-09-08 22:57:29,516 | INFO | Top fingerprint bits by Gini: fp_423(0.0939), fp_1883(0.0546), fp_257(0.0437), fp_1602(0.0408), fp_2028(0.0375), fp_532(0.0326), fp_1670(0.0249), fp_1405(0.0237), fp_717(0.0180), fp_745(0.0180)
2026-09-08 22:57:29,839 | INFO | Top fingerprint bits by Gini: fp_532(0.1347), fp_423(0.1017), fp_486(0.0806), fp_1096(0.0503), fp_1883(0.0455), fp_2022(0.0434), fp_2028(0.0393), fp_1(0.0332), fp_1819(0.0314), fp_649(0.0239)
2026-09-08 22:57:30,158 | INFO | Top fingerprint bits by Gini: fp_423(0.0791), fp_2028(0.0506), fp_532(0.0462), fp_1602(0.0381), fp_1883(0.0369), fp_1873(0.0325), fp_674(0.0271), fp_183(0.0234), fp_278(0.0210), fp_1306(0.0207)
2026-09-08 22:57:30,475 | INFO | Top fingerprint bits by Gini: fp_423(0.1162), fp_2028(0.0522), fp_1222(0.0448), fp_532(0.0410), fp_257(0.0388), fp_501(0.0347), fp_278(0.0335), fp_1883(0.0292), fp_1602(0.0284), fp_1405(0.0260)
2026-09-08 22:57:30,787 | INFO | Top fingerprint bits by Gini: fp_1883(0.0792), fp_423(0.0646), fp_1602(0.0518), fp_516(0.0420), fp_1389(0.0388), fp_1444(0.0372), fp_257(0.0365), fp_2028(0.0302), fp_695(0.0267), fp_1057(0.0188)
2026-09-08 22:57:31,104 | INFO | Top fingerprint bits by Gini: fp_423(0.0750), fp_257(0.0639), fp_2028(0.0315), fp_1405(0.0256), fp_1699(0.0240), fp_1883(0.0229), fp_1670(0.0228), fp_532(0.0228), fp_1(0.0226), fp_2042(0.0200)
2026-09-08 22:57:31,436 | INFO | Top fingerprint bits by Gini: fp_257(0.0560), fp_423(0.0535), fp_1699(0.0517), fp_2022(0.0431), fp_486(0.0398), fp_926(0.0277), fp_2028(0.0268), fp_1602(0.0267), fp_694(0.0257), fp_1883(0.0255)
2026-09-08 22:57:31,801 | INFO | Top fingerprint bits by Gini: fp_1096(0.1102), fp_423(0.0896), fp_1883(0.0803), fp_532(0.0734), fp_926(0.0557), fp_971(0.0496), fp_2022(0.0358), fp_695(0.0302), fp_1819(0.0274), fp_1057(0.0258)
2026-09-08 22:57:32,119 | INFO | Top fingerprint bits by Gini: fp_532(0.1004), fp_423(0.0727), fp_1096(0.0424), fp_915(0.0376), fp_486(0.0328), fp_550(0.0306), fp_1918(0.0303), fp_2028(0.0294), fp_974(0.0278), fp_1602(0.0277)
2026-09-08 22:57:32,442 | INFO | Top fingerprint bits by Gini: fp_423(0.1560), fp_1883(0.1443), fp_695(0.0566), fp_2028(0.0532), fp_1602(0.0463), fp_278(0.0415), fp_516(0.0410), fp_1389(0.0365), fp_1405(0.0311), fp_1670(0.0281)
2026-09-08 22:57:32,768 | INFO | Top fingerprint bits by Gini: fp_423(0.0819), fp_1602(0.0571), fp_532(0.0493), fp_1623(0.0396), fp_674(0.0337), fp_1883(0.0277), fp_1699(0.0257), fp_1918(0.0257), fp_941(0.0251), fp_550(0.0223)
2026-09-08 22:57:33,113 | INFO | Top fingerprint bits by Gini: fp_423(0.0648), fp_2022(0.0475), fp_1602(0.0438), fp_532(0.0366), fp_1883(0.0270), fp_1395(0.0227), fp_926(0.0225), fp_486(0.0223), fp_1623(0.0220), fp_183(0.0206)
2026-09-08 22:57:33,444 | INFO | Top fingerprint bits by Gini: fp_1883(0.0627), fp_1096(0.0557), fp_423(0.0544), fp_532(0.0423), fp_2022(0.0349), fp_1602(0.0311), fp_486(0.0275), fp_1389(0.0255), fp_926(0.0241), fp_516(0.0220)
2026-09-08 22:57:33,745 | INFO | Top fingerprint bits by Gini: fp_423(0.6049), fp_183(0.0670), fp_550(0.0527), fp_1137(0.0355), fp_674(0.0351), fp_1918(0.0309), fp_1523(0.0282), fp_1722(0.0234), fp_658(0.0211), fp_1904(0.0172)
2026-09-08 22:57:33,786 | INFO | Top fingerprint bits by Gini: fp_423(1.0000), fp_18(0.0000), fp_1(0.0000), fp_1345(0.0000), fp_1366(0.0000), fp_1371(0.0000), fp_1380(0.0000), fp_1384(0.0000), fp_1387(0.0000), fp_1389(0.0000)
2026-09-08 22:57:33,834 | INFO | Top fingerprint bits by Gini: fp_423(0.7600), fp_974(0.0934), fp_1395(0.0708), fp_1918(0.0450), fp_915(0.0220), fp_550(0.0088), fp_1(0.0000), fp_1366(0.0000), fp_1371(0.0000), fp_1380(0.0000)
2026-09-08 22:57:33,887 | INFO | Top fingerprint bits by Gini: fp_423(0.6049), fp_1395(0.0793), fp_1918(0.0513), fp_974(0.0454), fp_1722(0.0362), fp_915(0.0311), fp_832(0.0282), fp_802(0.0189), fp_334(0.0151), fp_1137(0.0136)
2026-09-08 22:57:33,934 | INFO | Top fingerprint bits by Gini: fp_532(0.8333), fp_926(0.0000), fp_1(0.0000), fp_1345(0.0000), fp_1366(0.0000), fp_1371(0.0000), fp_1380(0.0000), fp_1384(0.0000), fp_1387(0.0000), fp_1389(0.0000)
2026-09-08 22:57:33,982 | INFO | Top fingerprint bits by Gini: fp_423(0.7600), fp_1(0.0000), fp_1345(0.0000), fp_1366(0.0000), fp_1371(0.0000), fp_1380(0.0000), fp_1384(0.0000), fp_1387(0.0000), fp_1389(0.0000), fp_1394(0.0000)
2026-09-08 22:57:34,024 | INFO | Top fingerprint bits by Gini: fp_532(1.0000), fp_1(0.0000), fp_1345(0.0000), fp_1366(0.0000), fp_1371(0.0000), fp_1380(0.0000), fp_1384(0.0000), fp_1387(0.0000), fp_1389(0.0000), fp_1394(0.0000)
2026-09-08 22:57:34,072 | INFO | Top fingerprint bits by Gini: fp_423(0.4900), fp_550(0.0600), fp_1395(0.0592), fp_974(0.0460), fp_1623(0.0358), fp_915(0.0340), fp_1143(0.0302), fp_183(0.0294), fp_591(0.0252), fp_1523(0.0225)
2026-09-08 22:57:34,115 | INFO | Top fingerprint bits by Gini: fp_423(0.7143), fp_1904(0.0778), fp_1921(0.0464), fp_658(0.0438), fp_334(0.0344), fp_1911(0.0081), fp_832(0.0046), fp_660(0.0031), fp_1137(0.0016), fp_125(0.0011)
2026-09-08 22:57:34,165 | INFO | Top fingerprint bits by Gini: fp_1883(0.2994), fp_423(0.2591), fp_591(0.0553), fp_1722(0.0309), fp_832(0.0295), fp_1143(0.0200), fp_1137(0.0126), fp_802(0.0091), fp_1904(0.0051), fp_294(0.0015)
2026-09-08 22:57:34,215 | INFO | Top fingerprint bits by Gini: fp_423(0.4734), fp_832(0.0506), fp_125(0.0260), fp_802(0.0210), fp_1523(0.0080), fp_1921(0.0040), fp_660(0.0030), fp_591(0.0012), fp_658(0.0010), fp_1143(0.0002)
2026-09-08 22:57:34,271 | INFO | Top fingerprint bits by Gini: fp_1699(0.2840), fp_486(0.1520), fp_2022(0.0724), fp_1671(0.0386), fp_694(0.0376), fp_1366(0.0359), fp_1670(0.0342), fp_1003(0.0264), fp_1955(0.0236), fp_931(0.0202)
2026-09-08 22:57:34,313 | INFO | Top fingerprint bits by Gini: fp_532(0.6628), fp_1096(0.3372), fp_222(0.0000), fp_1(0.0000), fp_1366(0.0000), fp_1371(0.0000), fp_1380(0.0000), fp_1384(0.0000), fp_1387(0.0000), fp_1389(0.0000)
2026-09-08 22:57:34,358 | INFO | Top fingerprint bits by Gini: fp_532(0.7600), fp_974(0.0914), fp_1395(0.0655), fp_1918(0.0647), fp_550(0.0108), fp_915(0.0077), fp_1(0.0000), fp_1366(0.0000), fp_1371(0.0000), fp_1380(0.0000)
2026-09-08 22:57:34,401 | INFO | Top fingerprint bits by Gini: fp_1883(0.7499), fp_423(0.2501), fp_1(0.0000), fp_1345(0.0000), fp_1366(0.0000), fp_1371(0.0000), fp_1380(0.0000), fp_1384(0.0000), fp_1387(0.0000), fp_1389(0.0000)
2026-09-08 22:57:34,447 | INFO | Top fingerprint bits by Gini: fp_694(0.5333), fp_1(0.0000), fp_1345(0.0000), fp_1366(0.0000), fp_1371(0.0000), fp_1380(0.0000), fp_1384(0.0000), fp_1387(0.0000), fp_1389(0.0000), fp_1394(0.0000)
2026-09-08 22:57:34,506 | INFO | Top fingerprint bits by Gini: fp_423(0.4073), fp_532(0.0919), fp_674(0.0846), fp_1426(0.0435), fp_974(0.0323), fp_183(0.0316), fp_832(0.0211), fp_1623(0.0211), fp_1523(0.0180), fp_550(0.0080)
2026-09-08 22:57:34,564 | INFO | Top fingerprint bits by Gini: fp_532(0.3619), fp_1096(0.1236), fp_1883(0.1031), fp_80(0.0407), fp_423(0.0270), fp_658(0.0213), fp_1444(0.0195), fp_832(0.0134), fp_1670(0.0122), fp_125(0.0085)
2026-09-08 22:57:34,923 | INFO |                  dimension  spearman_rank_corr_mean  topk_overlap_mean  jaccard_topk_similarity  sign_consistency classification
across_models_seeds_splits                 0.566105           1.499651                 0.375472          0.577315       MARGINAL
  across_seeds_fixed_model                 0.878788           1.666667                 0.400000          1.000000         STABLE
  across_models_fixed_seed                 0.892705           1.666667                 0.400000          0.866667         STABLE
method_gini_vs_permutation                 0.200156           1.000000                 0.416667          0.192490       UNSTABLE
   method_gini_vs_ablation                 0.266342           1.000000                 0.414815          0.179321       UNSTABLE
2026-09-08 22:57:34,923 | INFO | === Explanation-preservation analysis (section 26) ===
2026-09-08 22:57:34,925 | INFO | top_generic_descriptor top_specific_descriptor  generic_descriptor_gini_frac  specific_descriptor_gini_frac  fragment_experimental_support_frac               shap_top3_features  shap_includes_specific  generic_dominated_flag  weak_experimental_fragment_support_flag  flag_artifact_exploitation                                                                            interpretation
  FractionCSP3,LogP,MW                 HBD,HBA                         0.938                          0.062                                 1.0 FractionCSP3,LogP,HeavyAtomCount                       0                    True                                    False                       False Model top features retain experimental specificity; artifact-exploitation flag NOT raised
