2026-09-07 12:23:56,598 | INFO | === Leave-one-compound-out (LOCO) ===
2026-09-07 12:24:03,865 | INFO |             model                representation    n  n_correct  accuracy  balanced_accuracy
      extra_trees              descriptors_only 30.0       21.0    0.7000             0.5559
      extra_trees        fingerprints_morgan_r2 30.0       25.0    0.8333             0.6925
      extra_trees fingerprints_plus_descriptors 30.0       26.0    0.8667             0.7143
gradient_boosting              descriptors_only 30.0       22.0    0.7333             0.6770
gradient_boosting        fingerprints_morgan_r2 30.0       24.0    0.8000             0.6708
gradient_boosting fingerprints_plus_descriptors 30.0       24.0    0.8000             0.6708
      logreg_desc              descriptors_only 30.0       23.0    0.7667             0.6988
      logreg_desc        fingerprints_morgan_r2 30.0       24.0    0.8000             0.7205
      logreg_desc fingerprints_plus_descriptors 30.0       23.0    0.7667             0.6491
         majority              descriptors_only 30.0       23.0    0.7667             0.5000
         majority        fingerprints_morgan_r2 30.0       23.0    0.7667             0.5000
         majority fingerprints_plus_descriptors 30.0       23.0    0.7667             0.5000
           random              descriptors_only 30.0       23.0    0.7667             0.5000
           random        fingerprints_morgan_r2 30.0       23.0    0.7667             0.5000
           random fingerprints_plus_descriptors 30.0       23.0    0.7667             0.5000
    random_forest              descriptors_only 30.0       23.0    0.7667             0.6491
    random_forest        fingerprints_morgan_r2 30.0       25.0    0.8333             0.6925
    random_forest fingerprints_plus_descriptors 30.0       26.0    0.8667             0.7143
            ridge              descriptors_only 30.0       24.0    0.8000             0.7702
            ridge        fingerprints_morgan_r2 30.0       21.0    0.7000             0.6056
            ridge fingerprints_plus_descriptors 30.0       21.0    0.7000             0.6056
2026-09-07 12:24:03,865 | INFO | === Leave-murcko_scaffold-out ===
2026-09-07 12:24:07,972 | INFO | scaffold-out summary (accuracy): {'extra_trees': model
extra_trees    0.7000
extra_trees    0.7333
extra_trees    0.7667
Name: accuracy, dtype: float64, 'gradient_boosting': model
gradient_boosting    0.7333
gradient_boosting    0.7000
gradient_boosting    0.8000
Name: accuracy, dtype: float64, 'logreg_desc': model
logreg_desc    0.7667
logreg_desc    0.7667
logreg_desc    0.7667
Name: accuracy, dtype: float64, 'majority': model
majority    0.7667
majority    0.7667
majority    0.7667
Name: accuracy, dtype: float64, 'random': model
random    0.7333
random    0.7333
random    0.7333
Name: accuracy, dtype: float64, 'random_forest': model
random_forest    0.7333
random_forest    0.7333
random_forest    0.7667
Name: accuracy, dtype: float64, 'ridge': model
ridge    0.7667
ridge    0.7000
ridge    0.7000
Name: accuracy, dtype: float64}
2026-09-07 12:24:07,972 | INFO | === Chemical-distance validation ===
2026-09-07 12:24:08,933 | INFO | === Bootstrap performance uncertainty ===
2026-09-07 12:25:30,574 | INFO |             model   mean    std  ci_low  ci_high
      extra_trees 0.9305 0.0411  0.8333   1.0000
gradient_boosting 0.9230 0.0451  0.8000   1.0000
      logreg_desc 0.9191 0.0406  0.8333   1.0000
    random_forest 0.9308 0.0434  0.8333   1.0000
            ridge 0.9118 0.0400  0.8333   0.9667
2026-09-07 12:25:30,575 | INFO | === Permutation test (chance-level null) ===
2026-09-07 12:25:37,800 | INFO |         model  observed_accuracy  perm_mean  perm_std  perm_p_value  n_permutations
random_forest                1.0      0.988     0.016          0.64             200
2026-09-07 12:25:37,800 | INFO | === Applicability domain (section 10) ===
2026-09-07 12:25:37,802 | INFO | applicability_domain
IN-DOMAIN    30
2026-09-07 12:31:06,907 | INFO | === Leave-one-compound-out (LOCO) ===
2026-09-07 12:31:14,168 | INFO |             model                representation    n  n_correct  accuracy  balanced_accuracy
      extra_trees              descriptors_only 30.0       21.0    0.7000             0.5559
      extra_trees        fingerprints_morgan_r2 30.0       25.0    0.8333             0.6925
      extra_trees fingerprints_plus_descriptors 30.0       26.0    0.8667             0.7143
gradient_boosting              descriptors_only 30.0       22.0    0.7333             0.6770
gradient_boosting        fingerprints_morgan_r2 30.0       24.0    0.8000             0.6708
gradient_boosting fingerprints_plus_descriptors 30.0       24.0    0.8000             0.6708
      logreg_desc              descriptors_only 30.0       23.0    0.7667             0.6988
      logreg_desc        fingerprints_morgan_r2 30.0       24.0    0.8000             0.7205
      logreg_desc fingerprints_plus_descriptors 30.0       23.0    0.7667             0.6491
         majority              descriptors_only 30.0       23.0    0.7667             0.5000
         majority        fingerprints_morgan_r2 30.0       23.0    0.7667             0.5000
         majority fingerprints_plus_descriptors 30.0       23.0    0.7667             0.5000
           random              descriptors_only 30.0       23.0    0.7667             0.5000
           random        fingerprints_morgan_r2 30.0       23.0    0.7667             0.5000
           random fingerprints_plus_descriptors 30.0       23.0    0.7667             0.5000
    random_forest              descriptors_only 30.0       23.0    0.7667             0.6491
    random_forest        fingerprints_morgan_r2 30.0       25.0    0.8333             0.6925
    random_forest fingerprints_plus_descriptors 30.0       26.0    0.8667             0.7143
            ridge              descriptors_only 30.0       24.0    0.8000             0.7702
            ridge        fingerprints_morgan_r2 30.0       21.0    0.7000             0.6056
            ridge fingerprints_plus_descriptors 30.0       21.0    0.7000             0.6056
2026-09-07 12:31:14,168 | INFO | === Leave-murcko_scaffold-out ===
2026-09-07 12:31:18,281 | INFO | scaffold-out summary (accuracy): {'extra_trees': model
extra_trees    0.7000
extra_trees    0.7333
extra_trees    0.7667
Name: accuracy, dtype: float64, 'gradient_boosting': model
gradient_boosting    0.7333
gradient_boosting    0.7000
gradient_boosting    0.8000
Name: accuracy, dtype: float64, 'logreg_desc': model
logreg_desc    0.7667
logreg_desc    0.7667
logreg_desc    0.7667
Name: accuracy, dtype: float64, 'majority': model
majority    0.7667
majority    0.7667
majority    0.7667
Name: accuracy, dtype: float64, 'random': model
random    0.7333
random    0.7333
random    0.7333
Name: accuracy, dtype: float64, 'random_forest': model
random_forest    0.7333
random_forest    0.7333
random_forest    0.7667
Name: accuracy, dtype: float64, 'ridge': model
ridge    0.7667
ridge    0.7000
ridge    0.7000
Name: accuracy, dtype: float64}
2026-09-07 12:31:18,282 | INFO | === Chemical-distance validation ===
2026-09-07 12:31:19,235 | INFO | === Bootstrap performance uncertainty ===
2026-09-07 12:32:42,105 | INFO |             model   mean    std  ci_low  ci_high
      extra_trees 0.9305 0.0411  0.8333   1.0000
gradient_boosting 0.9230 0.0451  0.8000   1.0000
      logreg_desc 0.9191 0.0406  0.8333   1.0000
    random_forest 0.9308 0.0434  0.8333   1.0000
            ridge 0.9118 0.0400  0.8333   0.9667
2026-09-07 12:32:42,110 | INFO | === Permutation test (chance-level null) ===
2026-09-07 12:32:49,329 | INFO |         model  observed_accuracy  perm_mean  perm_std  perm_p_value  n_permutations
random_forest                1.0      0.988     0.016          0.64             200
2026-09-07 12:32:49,329 | INFO | === Applicability domain (section 10) ===
2026-09-07 12:32:49,331 | INFO | applicability_domain
IN-DOMAIN    30
2026-09-07 13:04:19,877 | INFO | === Leave-one-compound-out (LOCO) ===
2026-09-07 13:04:27,061 | INFO |             model                representation    n  n_correct  accuracy  balanced_accuracy
      extra_trees              descriptors_only 30.0       21.0    0.7000             0.5559
      extra_trees        fingerprints_morgan_r2 30.0       25.0    0.8333             0.6925
      extra_trees fingerprints_plus_descriptors 30.0       26.0    0.8667             0.7143
gradient_boosting              descriptors_only 30.0       22.0    0.7333             0.6770
gradient_boosting        fingerprints_morgan_r2 30.0       24.0    0.8000             0.6708
gradient_boosting fingerprints_plus_descriptors 30.0       24.0    0.8000             0.6708
      logreg_desc              descriptors_only 30.0       23.0    0.7667             0.6988
      logreg_desc        fingerprints_morgan_r2 30.0       24.0    0.8000             0.7205
      logreg_desc fingerprints_plus_descriptors 30.0       23.0    0.7667             0.6491
         majority              descriptors_only 30.0       23.0    0.7667             0.5000
         majority        fingerprints_morgan_r2 30.0       23.0    0.7667             0.5000
         majority fingerprints_plus_descriptors 30.0       23.0    0.7667             0.5000
           random              descriptors_only 30.0       23.0    0.7667             0.5000
           random        fingerprints_morgan_r2 30.0       23.0    0.7667             0.5000
           random fingerprints_plus_descriptors 30.0       23.0    0.7667             0.5000
    random_forest              descriptors_only 30.0       23.0    0.7667             0.6491
    random_forest        fingerprints_morgan_r2 30.0       25.0    0.8333             0.6925
    random_forest fingerprints_plus_descriptors 30.0       26.0    0.8667             0.7143
            ridge              descriptors_only 30.0       24.0    0.8000             0.7702
            ridge        fingerprints_morgan_r2 30.0       21.0    0.7000             0.6056
            ridge fingerprints_plus_descriptors 30.0       21.0    0.7000             0.6056
2026-09-07 13:04:27,061 | INFO | === Leave-murcko_scaffold-out ===
2026-09-07 13:04:31,271 | INFO | scaffold-out summary (accuracy): {'extra_trees': model
extra_trees    0.7000
extra_trees    0.7333
extra_trees    0.7667
Name: accuracy, dtype: float64, 'gradient_boosting': model
gradient_boosting    0.7333
gradient_boosting    0.7000
gradient_boosting    0.8000
Name: accuracy, dtype: float64, 'logreg_desc': model
logreg_desc    0.7667
logreg_desc    0.7667
logreg_desc    0.7667
Name: accuracy, dtype: float64, 'majority': model
majority    0.7667
majority    0.7667
majority    0.7667
Name: accuracy, dtype: float64, 'random': model
random    0.7333
random    0.7333
random    0.7333
Name: accuracy, dtype: float64, 'random_forest': model
random_forest    0.7333
random_forest    0.7333
random_forest    0.7667
Name: accuracy, dtype: float64, 'ridge': model
ridge    0.7667
ridge    0.7000
ridge    0.7000
Name: accuracy, dtype: float64}
2026-09-07 13:04:31,271 | INFO | === Chemical-distance validation ===
2026-09-07 13:04:32,202 | INFO | === Bootstrap performance uncertainty ===
2026-09-07 13:05:52,067 | INFO |             model   mean    std  ci_low  ci_high
      extra_trees 0.9305 0.0411  0.8333   1.0000
gradient_boosting 0.9230 0.0451  0.8000   1.0000
      logreg_desc 0.9191 0.0406  0.8333   1.0000
    random_forest 0.9308 0.0434  0.8333   1.0000
            ridge 0.9118 0.0400  0.8333   0.9667
2026-09-07 13:05:52,068 | INFO | === Permutation test (chance-level null) ===
2026-09-07 13:05:59,153 | INFO |         model  observed_accuracy  perm_mean  perm_std  perm_p_value  n_permutations
random_forest                1.0      0.988     0.016          0.64             200
2026-09-07 13:05:59,154 | INFO | === Applicability domain (section 10) ===
2026-09-07 13:05:59,155 | INFO | applicability_domain
IN-DOMAIN    30
2026-09-07 13:05:59,155 | INFO | === Export frozen model artifact for prospective scoring ===
2026-09-07 13:05:59,323 | INFO | Exported frozen model artifact -> /Users/nb/Documents/ligand-based-modeling/project/models/classical/lbm_rf_fp_desc.joblib
2026-09-07 13:10:12,614 | INFO | === Leave-one-compound-out (LOCO) ===
2026-09-07 13:10:19,940 | INFO |             model                representation    n  n_correct  accuracy  balanced_accuracy
      extra_trees              descriptors_only 30.0       21.0    0.7000             0.5559
      extra_trees        fingerprints_morgan_r2 30.0       25.0    0.8333             0.6925
      extra_trees fingerprints_plus_descriptors 30.0       26.0    0.8667             0.7143
gradient_boosting              descriptors_only 30.0       22.0    0.7333             0.6770
gradient_boosting        fingerprints_morgan_r2 30.0       24.0    0.8000             0.6708
gradient_boosting fingerprints_plus_descriptors 30.0       24.0    0.8000             0.6708
      logreg_desc              descriptors_only 30.0       23.0    0.7667             0.6988
      logreg_desc        fingerprints_morgan_r2 30.0       24.0    0.8000             0.7205
      logreg_desc fingerprints_plus_descriptors 30.0       23.0    0.7667             0.6491
         majority              descriptors_only 30.0       23.0    0.7667             0.5000
         majority        fingerprints_morgan_r2 30.0       23.0    0.7667             0.5000
         majority fingerprints_plus_descriptors 30.0       23.0    0.7667             0.5000
           random              descriptors_only 30.0       23.0    0.7667             0.5000
           random        fingerprints_morgan_r2 30.0       23.0    0.7667             0.5000
           random fingerprints_plus_descriptors 30.0       23.0    0.7667             0.5000
    random_forest              descriptors_only 30.0       23.0    0.7667             0.6491
    random_forest        fingerprints_morgan_r2 30.0       25.0    0.8333             0.6925
    random_forest fingerprints_plus_descriptors 30.0       26.0    0.8667             0.7143
            ridge              descriptors_only 30.0       24.0    0.8000             0.7702
            ridge        fingerprints_morgan_r2 30.0       21.0    0.7000             0.6056
            ridge fingerprints_plus_descriptors 30.0       21.0    0.7000             0.6056
2026-09-07 13:10:19,940 | INFO | === Leave-murcko_scaffold-out ===
2026-09-07 13:10:24,150 | INFO | scaffold-out summary (accuracy): {'extra_trees': model
extra_trees    0.7000
extra_trees    0.7333
extra_trees    0.7667
Name: accuracy, dtype: float64, 'gradient_boosting': model
gradient_boosting    0.7333
gradient_boosting    0.7000
gradient_boosting    0.8000
Name: accuracy, dtype: float64, 'logreg_desc': model
logreg_desc    0.7667
logreg_desc    0.7667
logreg_desc    0.7667
Name: accuracy, dtype: float64, 'majority': model
majority    0.7667
majority    0.7667
majority    0.7667
Name: accuracy, dtype: float64, 'random': model
random    0.7333
random    0.7333
random    0.7333
Name: accuracy, dtype: float64, 'random_forest': model
random_forest    0.7333
random_forest    0.7333
random_forest    0.7667
Name: accuracy, dtype: float64, 'ridge': model
ridge    0.7667
ridge    0.7000
ridge    0.7000
Name: accuracy, dtype: float64}
2026-09-07 13:10:24,150 | INFO | === Chemical-distance validation ===
2026-09-07 13:10:25,077 | INFO | === Bootstrap performance uncertainty ===
2026-09-07 13:11:49,286 | INFO |             model   mean    std  ci_low  ci_high
      extra_trees 0.9305 0.0411  0.8333   1.0000
gradient_boosting 0.9230 0.0451  0.8000   1.0000
      logreg_desc 0.9191 0.0406  0.8333   1.0000
    random_forest 0.9308 0.0434  0.8333   1.0000
            ridge 0.9118 0.0400  0.8333   0.9667
2026-09-07 13:11:49,287 | INFO | === Permutation test (chance-level null) ===
2026-09-07 13:11:56,755 | INFO |         model  observed_accuracy  perm_mean  perm_std  perm_p_value  n_permutations
random_forest                1.0      0.988     0.016          0.64             200
2026-09-07 13:11:56,755 | INFO | === Applicability domain (section 10) ===
2026-09-07 13:11:56,757 | INFO | applicability_domain
IN-DOMAIN    30
2026-09-07 13:11:56,757 | INFO | === Export frozen model artifact for prospective scoring ===
2026-09-07 13:11:56,885 | INFO | Exported frozen model artifact -> /Users/nb/Documents/ligand-based-modeling/project/models/classical/lbm_rf_fp_desc.joblib
2026-09-07 14:10:29,663 | INFO | === Leave-one-compound-out (LOCO) ===
2026-09-07 14:10:36,777 | INFO |             model                representation    n  n_correct  accuracy  balanced_accuracy
      extra_trees              descriptors_only 30.0       21.0    0.7000             0.5559
      extra_trees        fingerprints_morgan_r2 30.0       25.0    0.8333             0.6925
      extra_trees fingerprints_plus_descriptors 30.0       26.0    0.8667             0.7143
gradient_boosting              descriptors_only 30.0       22.0    0.7333             0.6770
gradient_boosting        fingerprints_morgan_r2 30.0       24.0    0.8000             0.6708
gradient_boosting fingerprints_plus_descriptors 30.0       24.0    0.8000             0.6708
      logreg_desc              descriptors_only 30.0       23.0    0.7667             0.6988
      logreg_desc        fingerprints_morgan_r2 30.0       24.0    0.8000             0.7205
      logreg_desc fingerprints_plus_descriptors 30.0       23.0    0.7667             0.6491
         majority              descriptors_only 30.0       23.0    0.7667             0.5000
         majority        fingerprints_morgan_r2 30.0       23.0    0.7667             0.5000
         majority fingerprints_plus_descriptors 30.0       23.0    0.7667             0.5000
           random              descriptors_only 30.0       23.0    0.7667             0.5000
           random        fingerprints_morgan_r2 30.0       23.0    0.7667             0.5000
           random fingerprints_plus_descriptors 30.0       23.0    0.7667             0.5000
    random_forest              descriptors_only 30.0       23.0    0.7667             0.6491
    random_forest        fingerprints_morgan_r2 30.0       25.0    0.8333             0.6925
    random_forest fingerprints_plus_descriptors 30.0       26.0    0.8667             0.7143
            ridge              descriptors_only 30.0       24.0    0.8000             0.7702
            ridge        fingerprints_morgan_r2 30.0       21.0    0.7000             0.6056
            ridge fingerprints_plus_descriptors 30.0       21.0    0.7000             0.6056
2026-09-07 14:10:36,777 | INFO | === Leave-murcko_scaffold-out ===
2026-09-07 14:10:40,795 | INFO | scaffold-out summary (accuracy): {'extra_trees': model
extra_trees    0.7000
extra_trees    0.7333
extra_trees    0.7667
Name: accuracy, dtype: float64, 'gradient_boosting': model
gradient_boosting    0.7333
gradient_boosting    0.7000
gradient_boosting    0.8000
Name: accuracy, dtype: float64, 'logreg_desc': model
logreg_desc    0.7667
logreg_desc    0.7667
logreg_desc    0.7667
Name: accuracy, dtype: float64, 'majority': model
majority    0.7667
majority    0.7667
majority    0.7667
Name: accuracy, dtype: float64, 'random': model
random    0.7333
random    0.7333
random    0.7333
Name: accuracy, dtype: float64, 'random_forest': model
random_forest    0.7333
random_forest    0.7333
random_forest    0.7667
Name: accuracy, dtype: float64, 'ridge': model
ridge    0.7667
ridge    0.7000
ridge    0.7000
Name: accuracy, dtype: float64}
2026-09-07 14:10:40,795 | INFO | === Leave-one-series-out ===
2026-09-07 14:10:53,684 | INFO | === Leave-one-compound-out (LOCO) ===
2026-09-07 14:11:00,771 | INFO |             model                representation    n  n_correct  accuracy  balanced_accuracy
      extra_trees              descriptors_only 30.0       21.0    0.7000             0.5559
      extra_trees        fingerprints_morgan_r2 30.0       25.0    0.8333             0.6925
      extra_trees fingerprints_plus_descriptors 30.0       26.0    0.8667             0.7143
gradient_boosting              descriptors_only 30.0       22.0    0.7333             0.6770
gradient_boosting        fingerprints_morgan_r2 30.0       24.0    0.8000             0.6708
gradient_boosting fingerprints_plus_descriptors 30.0       24.0    0.8000             0.6708
      logreg_desc              descriptors_only 30.0       23.0    0.7667             0.6988
      logreg_desc        fingerprints_morgan_r2 30.0       24.0    0.8000             0.7205
      logreg_desc fingerprints_plus_descriptors 30.0       23.0    0.7667             0.6491
         majority              descriptors_only 30.0       23.0    0.7667             0.5000
         majority        fingerprints_morgan_r2 30.0       23.0    0.7667             0.5000
         majority fingerprints_plus_descriptors 30.0       23.0    0.7667             0.5000
           random              descriptors_only 30.0       23.0    0.7667             0.5000
           random        fingerprints_morgan_r2 30.0       23.0    0.7667             0.5000
           random fingerprints_plus_descriptors 30.0       23.0    0.7667             0.5000
    random_forest              descriptors_only 30.0       23.0    0.7667             0.6491
    random_forest        fingerprints_morgan_r2 30.0       25.0    0.8333             0.6925
    random_forest fingerprints_plus_descriptors 30.0       26.0    0.8667             0.7143
            ridge              descriptors_only 30.0       24.0    0.8000             0.7702
            ridge        fingerprints_morgan_r2 30.0       21.0    0.7000             0.6056
            ridge fingerprints_plus_descriptors 30.0       21.0    0.7000             0.6056
2026-09-07 14:11:00,771 | INFO | === Leave-murcko_scaffold-out ===
2026-09-07 14:11:04,768 | INFO | scaffold-out summary (accuracy): {'extra_trees': model
extra_trees    0.7000
extra_trees    0.7333
extra_trees    0.7667
Name: accuracy, dtype: float64, 'gradient_boosting': model
gradient_boosting    0.7333
gradient_boosting    0.7000
gradient_boosting    0.8000
Name: accuracy, dtype: float64, 'logreg_desc': model
logreg_desc    0.7667
logreg_desc    0.7667
logreg_desc    0.7667
Name: accuracy, dtype: float64, 'majority': model
majority    0.7667
majority    0.7667
majority    0.7667
Name: accuracy, dtype: float64, 'random': model
random    0.7333
random    0.7333
random    0.7333
Name: accuracy, dtype: float64, 'random_forest': model
random_forest    0.7333
random_forest    0.7333
random_forest    0.7667
Name: accuracy, dtype: float64, 'ridge': model
ridge    0.7667
ridge    0.7000
ridge    0.7000
Name: accuracy, dtype: float64}
2026-09-07 14:11:04,768 | INFO | === Leave-one-series-out ===
2026-09-07 14:11:08,804 | INFO | series-out summary written (n series = 17)
2026-09-07 14:11:08,804 | INFO | === Chemical-distance validation ===
2026-09-07 14:11:09,729 | INFO | === Bootstrap performance uncertainty ===
2026-09-07 14:12:29,622 | INFO |             model   mean    std  ci_low  ci_high
      extra_trees 0.9305 0.0411  0.8333   1.0000
gradient_boosting 0.9230 0.0451  0.8000   1.0000
      logreg_desc 0.9191 0.0406  0.8333   1.0000
    random_forest 0.9308 0.0434  0.8333   1.0000
            ridge 0.9118 0.0400  0.8333   0.9667
2026-09-07 14:12:29,623 | INFO | === Permutation test (chance-level null) ===
2026-09-07 14:12:36,642 | INFO |         model  observed_accuracy  perm_mean  perm_std  perm_p_value  n_permutations
random_forest                1.0      0.988     0.016          0.64             200
2026-09-07 14:12:36,642 | INFO | === Applicability domain (section 10) ===
2026-09-07 14:12:36,644 | INFO | applicability_domain
IN-DOMAIN    30
2026-09-07 14:12:36,644 | INFO | === Uncertainty axes (section 11) ===
2026-09-07 14:12:36,761 | INFO |  compound_id  predictive_uncertainty  model_disagreement  ad_uncertainty
           1                  0.2554              0.0325          0.0000
           2                  0.2554              0.0325          0.0000
           3                  0.4436              0.1266          0.0000
           4                  0.3521              0.0680          0.2333
           5                  0.2901              0.0439          0.0000
           6                  0.2514              0.0321          0.0029
           7                  0.2025              0.0203          0.0000
           8                  0.2073              0.0209          0.0000
           9                  0.0995              0.0044          0.0000
          10                  0.1561              0.0114          0.0000
          11                  0.0000              0.0007          0.0274
          12                  0.4779              0.1668          0.0000
          13                  0.0541              0.0016          0.1000
          14                  0.1326              0.0085          0.1591
          15                  0.1129              0.0062          0.1406
          16                  0.1561              0.0114          0.1206
          17                  0.2829              0.0415          0.0500
          18                  0.4578              0.1409          0.0000
          19                  0.3547              0.0698          0.0500
          20                  0.3521              0.0680          0.0136
          21                  0.3190              0.0538          0.0500
          22                  0.3778              0.0816          0.1250
          23                  0.1838              0.0161          0.4132
          24                  0.4386              0.1215          0.0000
          25                  0.2863              0.0419          0.0000
          26                  0.2932              0.0444          0.2611
          27                  0.2713              0.0373          0.1622
          28                  0.2280              0.0256          0.4068
          29                  0.2073              0.0209          0.4305
          30                  0.3000              0.0468          0.4326
2026-09-07 14:12:36,761 | INFO | === Export frozen model artifact for prospective scoring ===
2026-09-07 14:12:36,866 | INFO | Exported frozen model artifact -> /Users/nb/Documents/ligand-based-modeling/project/models/classical/lbm_rf_fp_desc.joblib
2026-09-07 14:21:51,009 | INFO | === Leave-one-compound-out (LOCO) ===
2026-09-07 14:21:58,322 | INFO |             model                representation    n  n_correct  accuracy  balanced_accuracy
      extra_trees              descriptors_only 30.0       21.0    0.7000             0.5559
      extra_trees        fingerprints_morgan_r2 30.0       25.0    0.8333             0.6925
      extra_trees fingerprints_plus_descriptors 30.0       26.0    0.8667             0.7143
gradient_boosting              descriptors_only 30.0       22.0    0.7333             0.6770
gradient_boosting        fingerprints_morgan_r2 30.0       24.0    0.8000             0.6708
gradient_boosting fingerprints_plus_descriptors 30.0       24.0    0.8000             0.6708
      logreg_desc              descriptors_only 30.0       23.0    0.7667             0.6988
      logreg_desc        fingerprints_morgan_r2 30.0       24.0    0.8000             0.7205
      logreg_desc fingerprints_plus_descriptors 30.0       23.0    0.7667             0.6491
         majority              descriptors_only 30.0       23.0    0.7667             0.5000
         majority        fingerprints_morgan_r2 30.0       23.0    0.7667             0.5000
         majority fingerprints_plus_descriptors 30.0       23.0    0.7667             0.5000
           random              descriptors_only 30.0       23.0    0.7667             0.5000
           random        fingerprints_morgan_r2 30.0       23.0    0.7667             0.5000
           random fingerprints_plus_descriptors 30.0       23.0    0.7667             0.5000
    random_forest              descriptors_only 30.0       23.0    0.7667             0.6491
    random_forest        fingerprints_morgan_r2 30.0       25.0    0.8333             0.6925
    random_forest fingerprints_plus_descriptors 30.0       26.0    0.8667             0.7143
            ridge              descriptors_only 30.0       24.0    0.8000             0.7702
            ridge        fingerprints_morgan_r2 30.0       21.0    0.7000             0.6056
            ridge fingerprints_plus_descriptors 30.0       21.0    0.7000             0.6056
2026-09-07 14:21:58,322 | INFO | === Leave-murcko_scaffold-out ===
2026-09-07 14:22:02,310 | INFO | scaffold-out summary (accuracy): {'extra_trees': model
extra_trees    0.7000
extra_trees    0.7333
extra_trees    0.7667
Name: accuracy, dtype: float64, 'gradient_boosting': model
gradient_boosting    0.7333
gradient_boosting    0.7000
gradient_boosting    0.8000
Name: accuracy, dtype: float64, 'logreg_desc': model
logreg_desc    0.7667
logreg_desc    0.7667
logreg_desc    0.7667
Name: accuracy, dtype: float64, 'majority': model
majority    0.7667
majority    0.7667
majority    0.7667
Name: accuracy, dtype: float64, 'random': model
random    0.7333
random    0.7333
random    0.7333
Name: accuracy, dtype: float64, 'random_forest': model
random_forest    0.7333
random_forest    0.7333
random_forest    0.7667
Name: accuracy, dtype: float64, 'ridge': model
ridge    0.7667
ridge    0.7000
ridge    0.7000
Name: accuracy, dtype: float64}
2026-09-07 14:22:02,311 | INFO | === Leave-one-series-out ===
2026-09-07 14:22:06,302 | INFO | series-out summary written (n series = 17)
2026-09-07 14:22:06,303 | INFO | === Chemical-distance validation ===
2026-09-07 14:22:07,212 | INFO | === Bootstrap performance uncertainty ===
2026-09-07 14:23:26,273 | INFO |             model   mean    std  ci_low  ci_high
      extra_trees 0.9305 0.0411  0.8333   1.0000
gradient_boosting 0.9230 0.0451  0.8000   1.0000
      logreg_desc 0.9191 0.0406  0.8333   1.0000
    random_forest 0.9308 0.0434  0.8333   1.0000
            ridge 0.9118 0.0400  0.8333   0.9667
2026-09-07 14:23:26,274 | INFO | === Permutation test (chance-level null) ===
2026-09-07 14:23:33,157 | INFO |         model  observed_accuracy  perm_mean  perm_std  perm_p_value  n_permutations
random_forest                1.0      0.988     0.016          0.64             200
2026-09-07 14:23:33,158 | INFO | === Applicability domain (section 10) ===
2026-09-07 14:23:33,159 | INFO | applicability_domain
IN-DOMAIN    30
2026-09-07 14:23:33,159 | INFO | === Uncertainty axes (section 11) ===
2026-09-07 14:23:33,274 | INFO |  compound_id  predictive_uncertainty  model_disagreement  ad_uncertainty
           1                  0.2554              0.0325          0.0000
           2                  0.2554              0.0325          0.0000
           3                  0.4436              0.1266          0.0000
           4                  0.3521              0.0680          0.2333
           5                  0.2901              0.0439          0.0000
           6                  0.2514              0.0321          0.0029
           7                  0.2025              0.0203          0.0000
           8                  0.2073              0.0209          0.0000
           9                  0.0995              0.0044          0.0000
          10                  0.1561              0.0114          0.0000
          11                  0.0000              0.0007          0.0274
          12                  0.4779              0.1668          0.0000
          13                  0.0541              0.0016          0.1000
          14                  0.1326              0.0085          0.1591
          15                  0.1129              0.0062          0.1406
          16                  0.1561              0.0114          0.1206
          17                  0.2829              0.0415          0.0500
          18                  0.4578              0.1409          0.0000
          19                  0.3547              0.0698          0.0500
          20                  0.3521              0.0680          0.0136
          21                  0.3190              0.0538          0.0500
          22                  0.3778              0.0816          0.1250
          23                  0.1838              0.0161          0.4132
          24                  0.4386              0.1215          0.0000
          25                  0.2863              0.0419          0.0000
          26                  0.2932              0.0444          0.2611
          27                  0.2713              0.0373          0.1622
          28                  0.2280              0.0256          0.4068
          29                  0.2073              0.0209          0.4305
          30                  0.3000              0.0468          0.4326
2026-09-07 14:23:33,275 | INFO | === Export frozen model artifact for prospective scoring ===
2026-09-07 14:23:33,386 | INFO | Exported frozen model artifact -> /Users/nb/Documents/ligand-based-modeling/project/models/classical/lbm_rf_fp_desc.joblib
2026-09-07 14:25:54,739 | INFO | === Leave-one-compound-out (LOCO) ===
2026-09-07 14:26:01,837 | INFO |             model                representation    n  n_correct  accuracy  balanced_accuracy
      extra_trees              descriptors_only 30.0       21.0    0.7000             0.5559
      extra_trees        fingerprints_morgan_r2 30.0       25.0    0.8333             0.6925
      extra_trees fingerprints_plus_descriptors 30.0       26.0    0.8667             0.7143
gradient_boosting              descriptors_only 30.0       22.0    0.7333             0.6770
gradient_boosting        fingerprints_morgan_r2 30.0       24.0    0.8000             0.6708
gradient_boosting fingerprints_plus_descriptors 30.0       24.0    0.8000             0.6708
      logreg_desc              descriptors_only 30.0       23.0    0.7667             0.6988
      logreg_desc        fingerprints_morgan_r2 30.0       24.0    0.8000             0.7205
      logreg_desc fingerprints_plus_descriptors 30.0       23.0    0.7667             0.6491
         majority              descriptors_only 30.0       23.0    0.7667             0.5000
         majority        fingerprints_morgan_r2 30.0       23.0    0.7667             0.5000
         majority fingerprints_plus_descriptors 30.0       23.0    0.7667             0.5000
           random              descriptors_only 30.0       23.0    0.7667             0.5000
           random        fingerprints_morgan_r2 30.0       23.0    0.7667             0.5000
           random fingerprints_plus_descriptors 30.0       23.0    0.7667             0.5000
    random_forest              descriptors_only 30.0       23.0    0.7667             0.6491
    random_forest        fingerprints_morgan_r2 30.0       25.0    0.8333             0.6925
    random_forest fingerprints_plus_descriptors 30.0       26.0    0.8667             0.7143
            ridge              descriptors_only 30.0       24.0    0.8000             0.7702
            ridge        fingerprints_morgan_r2 30.0       21.0    0.7000             0.6056
            ridge fingerprints_plus_descriptors 30.0       21.0    0.7000             0.6056
2026-09-07 14:26:01,837 | INFO | === Leave-murcko_scaffold-out ===
2026-09-07 14:26:05,863 | INFO | scaffold-out summary (accuracy): {'extra_trees': model
extra_trees    0.7000
extra_trees    0.7333
extra_trees    0.7667
Name: accuracy, dtype: float64, 'gradient_boosting': model
gradient_boosting    0.7333
gradient_boosting    0.7000
gradient_boosting    0.8000
Name: accuracy, dtype: float64, 'logreg_desc': model
logreg_desc    0.7667
logreg_desc    0.7667
logreg_desc    0.7667
Name: accuracy, dtype: float64, 'majority': model
majority    0.7667
majority    0.7667
majority    0.7667
Name: accuracy, dtype: float64, 'random': model
random    0.7333
random    0.7333
random    0.7333
Name: accuracy, dtype: float64, 'random_forest': model
random_forest    0.7333
random_forest    0.7333
random_forest    0.7667
Name: accuracy, dtype: float64, 'ridge': model
ridge    0.7667
ridge    0.7000
ridge    0.7000
Name: accuracy, dtype: float64}
2026-09-07 14:26:05,863 | INFO | === Leave-one-series-out ===
2026-09-07 14:26:09,864 | INFO | series-out summary written (n series = 17)
2026-09-07 14:26:09,864 | INFO | === Chemical-distance validation ===
2026-09-07 14:26:10,807 | INFO | === Bootstrap performance uncertainty ===
2026-09-07 14:27:30,774 | INFO |             model   mean    std  ci_low  ci_high
      extra_trees 0.9305 0.0411  0.8333   1.0000
gradient_boosting 0.9230 0.0451  0.8000   1.0000
      logreg_desc 0.9191 0.0406  0.8333   1.0000
    random_forest 0.9308 0.0434  0.8333   1.0000
            ridge 0.9118 0.0400  0.8333   0.9667
2026-09-07 14:27:30,774 | INFO | === Permutation test (chance-level null) ===
2026-09-07 14:27:37,749 | INFO |         model  observed_accuracy  perm_mean  perm_std  perm_p_value  n_permutations
random_forest                1.0      0.988     0.016          0.64             200
2026-09-07 14:27:37,749 | INFO | === Applicability domain (section 10) ===
2026-09-07 14:27:37,752 | INFO | applicability_domain
IN-DOMAIN    30
2026-09-07 14:27:37,752 | INFO | === Uncertainty axes (section 11) ===
2026-09-07 14:27:37,868 | INFO |  compound_id  predictive_uncertainty  model_disagreement  ad_uncertainty
           1                  0.2554              0.0325          0.0000
           2                  0.2554              0.0325          0.0000
           3                  0.4436              0.1266          0.0000
           4                  0.3521              0.0680          0.2333
           5                  0.2901              0.0439          0.0000
           6                  0.2514              0.0321          0.0029
           7                  0.2025              0.0203          0.0000
           8                  0.2073              0.0209          0.0000
           9                  0.0995              0.0044          0.0000
          10                  0.1561              0.0114          0.0000
          11                  0.0000              0.0007          0.0274
          12                  0.4779              0.1668          0.0000
          13                  0.0541              0.0016          0.1000
          14                  0.1326              0.0085          0.1591
          15                  0.1129              0.0062          0.1406
          16                  0.1561              0.0114          0.1206
          17                  0.2829              0.0415          0.0500
          18                  0.4578              0.1409          0.0000
          19                  0.3547              0.0698          0.0500
          20                  0.3521              0.0680          0.0136
          21                  0.3190              0.0538          0.0500
          22                  0.3778              0.0816          0.1250
          23                  0.1838              0.0161          0.4132
          24                  0.4386              0.1215          0.0000
          25                  0.2863              0.0419          0.0000
          26                  0.2932              0.0444          0.2611
          27                  0.2713              0.0373          0.1622
          28                  0.2280              0.0256          0.4068
          29                  0.2073              0.0209          0.4305
          30                  0.3000              0.0468          0.4326
2026-09-07 14:27:37,869 | INFO | === Export frozen model artifact for prospective scoring ===
2026-09-07 14:27:37,975 | INFO | Exported frozen model artifact -> /Users/nb/Documents/ligand-based-modeling/project/models/classical/lbm_rf_fp_desc.joblib
2026-09-07 14:43:15,182 | INFO | === Leave-one-compound-out (LOCO) ===
2026-09-07 14:43:22,182 | INFO |             model                representation    n  n_correct  accuracy  balanced_accuracy
      extra_trees              descriptors_only 30.0       21.0    0.7000             0.5559
      extra_trees        fingerprints_morgan_r2 30.0       25.0    0.8333             0.6925
      extra_trees fingerprints_plus_descriptors 30.0       26.0    0.8667             0.7143
gradient_boosting              descriptors_only 30.0       22.0    0.7333             0.6770
gradient_boosting        fingerprints_morgan_r2 30.0       24.0    0.8000             0.6708
gradient_boosting fingerprints_plus_descriptors 30.0       24.0    0.8000             0.6708
      logreg_desc              descriptors_only 30.0       23.0    0.7667             0.6988
      logreg_desc        fingerprints_morgan_r2 30.0       24.0    0.8000             0.7205
      logreg_desc fingerprints_plus_descriptors 30.0       23.0    0.7667             0.6491
         majority              descriptors_only 30.0       23.0    0.7667             0.5000
         majority        fingerprints_morgan_r2 30.0       23.0    0.7667             0.5000
         majority fingerprints_plus_descriptors 30.0       23.0    0.7667             0.5000
           random              descriptors_only 30.0       23.0    0.7667             0.5000
           random        fingerprints_morgan_r2 30.0       23.0    0.7667             0.5000
           random fingerprints_plus_descriptors 30.0       23.0    0.7667             0.5000
    random_forest              descriptors_only 30.0       23.0    0.7667             0.6491
    random_forest        fingerprints_morgan_r2 30.0       25.0    0.8333             0.6925
    random_forest fingerprints_plus_descriptors 30.0       26.0    0.8667             0.7143
            ridge              descriptors_only 30.0       24.0    0.8000             0.7702
            ridge        fingerprints_morgan_r2 30.0       21.0    0.7000             0.6056
            ridge fingerprints_plus_descriptors 30.0       21.0    0.7000             0.6056
2026-09-07 14:43:22,182 | INFO | === Leave-murcko_scaffold-out ===
2026-09-07 14:43:26,170 | INFO | scaffold-out summary (accuracy): {'extra_trees': model
extra_trees    0.7000
extra_trees    0.7333
extra_trees    0.7667
Name: accuracy, dtype: float64, 'gradient_boosting': model
gradient_boosting    0.7333
gradient_boosting    0.7000
gradient_boosting    0.8000
Name: accuracy, dtype: float64, 'logreg_desc': model
logreg_desc    0.7667
logreg_desc    0.7667
logreg_desc    0.7667
Name: accuracy, dtype: float64, 'majority': model
majority    0.7667
majority    0.7667
majority    0.7667
Name: accuracy, dtype: float64, 'random': model
random    0.7333
random    0.7333
random    0.7333
Name: accuracy, dtype: float64, 'random_forest': model
random_forest    0.7333
random_forest    0.7333
random_forest    0.7667
Name: accuracy, dtype: float64, 'ridge': model
ridge    0.7667
ridge    0.7000
ridge    0.7000
Name: accuracy, dtype: float64}
2026-09-07 14:43:26,170 | INFO | === Leave-one-series-out ===
2026-09-07 14:43:30,203 | INFO | series-out summary written (n series = 17)
2026-09-07 14:43:30,203 | INFO | === Chemical-distance validation ===
2026-09-07 14:43:31,116 | INFO | === Bootstrap performance uncertainty ===
2026-09-07 14:44:54,418 | INFO |             model   mean    std  ci_low  ci_high
      extra_trees 0.9305 0.0411  0.8333   1.0000
gradient_boosting 0.9230 0.0451  0.8000   1.0000
      logreg_desc 0.9191 0.0406  0.8333   1.0000
    random_forest 0.9308 0.0434  0.8333   1.0000
            ridge 0.9118 0.0400  0.8333   0.9667
2026-09-07 14:44:54,418 | INFO | === Permutation test (chance-level null) ===
2026-09-07 14:45:02,188 | INFO |         model  observed_accuracy  perm_mean  perm_std  perm_p_value  n_permutations
random_forest                1.0      0.988     0.016          0.64             200
2026-09-07 14:45:02,189 | INFO | === Applicability domain (section 10) ===
2026-09-07 14:45:02,190 | INFO | applicability_domain
IN-DOMAIN    30
2026-09-07 14:45:02,190 | INFO | === Uncertainty axes (section 11) ===
2026-09-07 14:45:02,305 | INFO |  compound_id  predictive_uncertainty  model_disagreement  ad_uncertainty
           1                  0.2554              0.0325          0.0000
           2                  0.2554              0.0325          0.0000
           3                  0.4436              0.1266          0.0000
           4                  0.3521              0.0680          0.2333
           5                  0.2901              0.0439          0.0000
           6                  0.2514              0.0321          0.0029
           7                  0.2025              0.0203          0.0000
           8                  0.2073              0.0209          0.0000
           9                  0.0995              0.0044          0.0000
          10                  0.1561              0.0114          0.0000
          11                  0.0000              0.0007          0.0274
          12                  0.4779              0.1668          0.0000
          13                  0.0541              0.0016          0.1000
          14                  0.1326              0.0085          0.1591
          15                  0.1129              0.0062          0.1406
          16                  0.1561              0.0114          0.1206
          17                  0.2829              0.0415          0.0500
          18                  0.4578              0.1409          0.0000
          19                  0.3547              0.0698          0.0500
          20                  0.3521              0.0680          0.0136
          21                  0.3190              0.0538          0.0500
          22                  0.3778              0.0816          0.1250
          23                  0.1838              0.0161          0.4132
          24                  0.4386              0.1215          0.0000
          25                  0.2863              0.0419          0.0000
          26                  0.2932              0.0444          0.2611
          27                  0.2713              0.0373          0.1622
          28                  0.2280              0.0256          0.4068
          29                  0.2073              0.0209          0.4305
          30                  0.3000              0.0468          0.4326
2026-09-07 14:45:02,305 | INFO | === Export frozen model artifact for prospective scoring ===
2026-09-07 14:45:02,414 | INFO | Exported frozen model artifact -> /Users/nb/Documents/ligand-based-modeling/project/models/classical/lbm_rf_fp_desc.joblib
2026-09-07 14:45:18,392 | INFO | === Leave-one-compound-out (LOCO) ===
2026-09-07 14:45:25,469 | INFO |             model                representation    n  n_correct  accuracy  balanced_accuracy
      extra_trees              descriptors_only 30.0       21.0    0.7000             0.5559
      extra_trees        fingerprints_morgan_r2 30.0       25.0    0.8333             0.6925
      extra_trees fingerprints_plus_descriptors 30.0       26.0    0.8667             0.7143
gradient_boosting              descriptors_only 30.0       22.0    0.7333             0.6770
gradient_boosting        fingerprints_morgan_r2 30.0       24.0    0.8000             0.6708
gradient_boosting fingerprints_plus_descriptors 30.0       24.0    0.8000             0.6708
      logreg_desc              descriptors_only 30.0       23.0    0.7667             0.6988
      logreg_desc        fingerprints_morgan_r2 30.0       24.0    0.8000             0.7205
      logreg_desc fingerprints_plus_descriptors 30.0       23.0    0.7667             0.6491
         majority              descriptors_only 30.0       23.0    0.7667             0.5000
         majority        fingerprints_morgan_r2 30.0       23.0    0.7667             0.5000
         majority fingerprints_plus_descriptors 30.0       23.0    0.7667             0.5000
           random              descriptors_only 30.0       23.0    0.7667             0.5000
           random        fingerprints_morgan_r2 30.0       23.0    0.7667             0.5000
           random fingerprints_plus_descriptors 30.0       23.0    0.7667             0.5000
    random_forest              descriptors_only 30.0       23.0    0.7667             0.6491
    random_forest        fingerprints_morgan_r2 30.0       25.0    0.8333             0.6925
    random_forest fingerprints_plus_descriptors 30.0       26.0    0.8667             0.7143
            ridge              descriptors_only 30.0       24.0    0.8000             0.7702
            ridge        fingerprints_morgan_r2 30.0       21.0    0.7000             0.6056
            ridge fingerprints_plus_descriptors 30.0       21.0    0.7000             0.6056
2026-09-07 14:45:25,469 | INFO | === Leave-murcko_scaffold-out ===
2026-09-07 14:45:29,501 | INFO | scaffold-out summary (accuracy): {'extra_trees': model
extra_trees    0.7000
extra_trees    0.7333
extra_trees    0.7667
Name: accuracy, dtype: float64, 'gradient_boosting': model
gradient_boosting    0.7333
gradient_boosting    0.7000
gradient_boosting    0.8000
Name: accuracy, dtype: float64, 'logreg_desc': model
logreg_desc    0.7667
logreg_desc    0.7667
logreg_desc    0.7667
Name: accuracy, dtype: float64, 'majority': model
majority    0.7667
majority    0.7667
majority    0.7667
Name: accuracy, dtype: float64, 'random': model
random    0.7333
random    0.7333
random    0.7333
Name: accuracy, dtype: float64, 'random_forest': model
random_forest    0.7333
random_forest    0.7333
random_forest    0.7667
Name: accuracy, dtype: float64, 'ridge': model
ridge    0.7667
ridge    0.7000
ridge    0.7000
Name: accuracy, dtype: float64}
2026-09-07 14:45:29,501 | INFO | === Leave-one-series-out ===
2026-09-07 14:45:33,532 | INFO | series-out summary written (n series = 17)
2026-09-07 14:45:33,532 | INFO | === Chemical-distance validation ===
2026-09-07 14:45:34,440 | INFO | === Bootstrap performance uncertainty ===
2026-09-07 14:47:16,171 | INFO |             model   mean    std  ci_low  ci_high
      extra_trees 0.9305 0.0411  0.8333   1.0000
gradient_boosting 0.9230 0.0451  0.8000   1.0000
      logreg_desc 0.9191 0.0406  0.8333   1.0000
    random_forest 0.9308 0.0434  0.8333   1.0000
            ridge 0.9118 0.0400  0.8333   0.9667
2026-09-07 14:47:16,175 | INFO | === Permutation test (chance-level null) ===
2026-09-07 14:47:25,448 | INFO |         model  observed_accuracy  perm_mean  perm_std  perm_p_value  n_permutations
random_forest                1.0      0.988     0.016          0.64             200
2026-09-07 14:47:25,448 | INFO | === Applicability domain (section 10) ===
2026-09-07 14:47:25,450 | INFO | applicability_domain
IN-DOMAIN    30
2026-09-07 14:47:25,450 | INFO | === Uncertainty axes (section 11) ===
2026-09-07 14:47:25,590 | INFO |  compound_id  predictive_uncertainty  model_disagreement  ad_uncertainty
           1                  0.2554              0.0325          0.0000
           2                  0.2554              0.0325          0.0000
           3                  0.4436              0.1266          0.0000
           4                  0.3521              0.0680          0.2333
           5                  0.2901              0.0439          0.0000
           6                  0.2514              0.0321          0.0029
           7                  0.2025              0.0203          0.0000
           8                  0.2073              0.0209          0.0000
           9                  0.0995              0.0044          0.0000
          10                  0.1561              0.0114          0.0000
          11                  0.0000              0.0007          0.0274
          12                  0.4779              0.1668          0.0000
          13                  0.0541              0.0016          0.1000
          14                  0.1326              0.0085          0.1591
          15                  0.1129              0.0062          0.1406
          16                  0.1561              0.0114          0.1206
          17                  0.2829              0.0415          0.0500
          18                  0.4578              0.1409          0.0000
          19                  0.3547              0.0698          0.0500
          20                  0.3521              0.0680          0.0136
          21                  0.3190              0.0538          0.0500
          22                  0.3778              0.0816          0.1250
          23                  0.1838              0.0161          0.4132
          24                  0.4386              0.1215          0.0000
          25                  0.2863              0.0419          0.0000
          26                  0.2932              0.0444          0.2611
          27                  0.2713              0.0373          0.1622
          28                  0.2280              0.0256          0.4068
          29                  0.2073              0.0209          0.4305
          30                  0.3000              0.0468          0.4326
2026-09-07 14:47:25,591 | INFO | === Export frozen model artifact for prospective scoring ===
2026-09-07 14:47:25,716 | INFO | Exported frozen model artifact -> /Users/nb/Documents/ligand-based-modeling/project/models/classical/lbm_rf_fp_desc.joblib
2026-09-07 14:51:04,093 | INFO | === Leave-one-compound-out (LOCO) ===
2026-09-07 14:51:11,698 | INFO |             model                representation    n  n_correct  accuracy  balanced_accuracy
      extra_trees              descriptors_only 30.0       21.0    0.7000             0.5559
      extra_trees        fingerprints_morgan_r2 30.0       25.0    0.8333             0.6925
      extra_trees fingerprints_plus_descriptors 30.0       26.0    0.8667             0.7143
gradient_boosting              descriptors_only 30.0       22.0    0.7333             0.6770
gradient_boosting        fingerprints_morgan_r2 30.0       24.0    0.8000             0.6708
gradient_boosting fingerprints_plus_descriptors 30.0       24.0    0.8000             0.6708
      logreg_desc              descriptors_only 30.0       23.0    0.7667             0.6988
      logreg_desc        fingerprints_morgan_r2 30.0       24.0    0.8000             0.7205
      logreg_desc fingerprints_plus_descriptors 30.0       23.0    0.7667             0.6491
         majority              descriptors_only 30.0       23.0    0.7667             0.5000
         majority        fingerprints_morgan_r2 30.0       23.0    0.7667             0.5000
         majority fingerprints_plus_descriptors 30.0       23.0    0.7667             0.5000
           random              descriptors_only 30.0       23.0    0.7667             0.5000
           random        fingerprints_morgan_r2 30.0       23.0    0.7667             0.5000
           random fingerprints_plus_descriptors 30.0       23.0    0.7667             0.5000
    random_forest              descriptors_only 30.0       23.0    0.7667             0.6491
    random_forest        fingerprints_morgan_r2 30.0       25.0    0.8333             0.6925
    random_forest fingerprints_plus_descriptors 30.0       26.0    0.8667             0.7143
            ridge              descriptors_only 30.0       24.0    0.8000             0.7702
            ridge        fingerprints_morgan_r2 30.0       21.0    0.7000             0.6056
            ridge fingerprints_plus_descriptors 30.0       21.0    0.7000             0.6056
2026-09-07 14:51:11,698 | INFO | === Leave-murcko_scaffold-out ===
2026-09-07 14:51:16,666 | INFO | scaffold-out summary (accuracy): {'extra_trees': model
extra_trees    0.7000
extra_trees    0.7333
extra_trees    0.7667
Name: accuracy, dtype: float64, 'gradient_boosting': model
gradient_boosting    0.7333
gradient_boosting    0.7000
gradient_boosting    0.8000
Name: accuracy, dtype: float64, 'logreg_desc': model
logreg_desc    0.7667
logreg_desc    0.7667
logreg_desc    0.7667
Name: accuracy, dtype: float64, 'majority': model
majority    0.7667
majority    0.7667
majority    0.7667
Name: accuracy, dtype: float64, 'random': model
random    0.7333
random    0.7333
random    0.7333
Name: accuracy, dtype: float64, 'random_forest': model
random_forest    0.7333
random_forest    0.7333
random_forest    0.7667
Name: accuracy, dtype: float64, 'ridge': model
ridge    0.7667
ridge    0.7000
ridge    0.7000
Name: accuracy, dtype: float64}
2026-09-07 14:51:16,666 | INFO | === Leave-one-series-out ===
2026-09-07 14:51:21,654 | INFO | series-out summary written (n series = 17)
2026-09-07 14:51:21,654 | INFO | === Chemical-distance validation ===
2026-09-07 14:51:22,748 | INFO | === Bootstrap performance uncertainty ===
2026-09-07 14:53:01,113 | INFO |             model   mean    std  ci_low  ci_high
      extra_trees 0.9305 0.0411  0.8333   1.0000
gradient_boosting 0.9230 0.0451  0.8000   1.0000
      logreg_desc 0.9191 0.0406  0.8333   1.0000
    random_forest 0.9308 0.0434  0.8333   1.0000
            ridge 0.9118 0.0400  0.8333   0.9667
2026-09-07 14:53:01,115 | INFO | === Permutation test (chance-level null) ===
2026-09-07 14:53:10,566 | INFO |         model  observed_accuracy  perm_mean  perm_std  perm_p_value  n_permutations
random_forest                1.0      0.988     0.016          0.64             200
2026-09-07 14:53:10,566 | INFO | === Applicability domain (section 10) ===
2026-09-07 14:53:10,568 | INFO | applicability_domain
IN-DOMAIN    30
2026-09-07 14:53:10,568 | INFO | === Uncertainty axes (section 11) ===
2026-09-07 14:53:10,712 | INFO |  compound_id  predictive_uncertainty  model_disagreement  ad_uncertainty
           1                  0.2554              0.0325          0.0000
           2                  0.2554              0.0325          0.0000
           3                  0.4436              0.1266          0.0000
           4                  0.3521              0.0680          0.2333
           5                  0.2901              0.0439          0.0000
           6                  0.2514              0.0321          0.0029
           7                  0.2025              0.0203          0.0000
           8                  0.2073              0.0209          0.0000
           9                  0.0995              0.0044          0.0000
          10                  0.1561              0.0114          0.0000
          11                  0.0000              0.0007          0.0274
          12                  0.4779              0.1668          0.0000
          13                  0.0541              0.0016          0.1000
          14                  0.1326              0.0085          0.1591
          15                  0.1129              0.0062          0.1406
          16                  0.1561              0.0114          0.1206
          17                  0.2829              0.0415          0.0500
          18                  0.4578              0.1409          0.0000
          19                  0.3547              0.0698          0.0500
          20                  0.3521              0.0680          0.0136
          21                  0.3190              0.0538          0.0500
          22                  0.3778              0.0816          0.1250
          23                  0.1838              0.0161          0.4132
          24                  0.4386              0.1215          0.0000
          25                  0.2863              0.0419          0.0000
          26                  0.2932              0.0444          0.2611
          27                  0.2713              0.0373          0.1622
          28                  0.2280              0.0256          0.4068
          29                  0.2073              0.0209          0.4305
          30                  0.3000              0.0468          0.4326
2026-09-07 14:53:10,712 | INFO | === Export frozen model artifact for prospective scoring ===
2026-09-07 14:53:10,840 | INFO | Exported frozen model artifact -> /Users/nb/Documents/ligand-based-modeling/project/models/classical/lbm_rf_fp_desc.joblib
2026-09-07 15:31:33,898 | INFO | === Leave-one-compound-out (LOCO) ===
2026-09-07 15:31:41,141 | INFO |             model                representation    n  n_correct  accuracy  balanced_accuracy
      extra_trees              descriptors_only 30.0       21.0    0.7000             0.5559
      extra_trees        fingerprints_morgan_r2 30.0       25.0    0.8333             0.6925
      extra_trees fingerprints_plus_descriptors 30.0       26.0    0.8667             0.7143
gradient_boosting              descriptors_only 30.0       22.0    0.7333             0.6770
gradient_boosting        fingerprints_morgan_r2 30.0       24.0    0.8000             0.6708
gradient_boosting fingerprints_plus_descriptors 30.0       24.0    0.8000             0.6708
      logreg_desc              descriptors_only 30.0       23.0    0.7667             0.6988
      logreg_desc        fingerprints_morgan_r2 30.0       24.0    0.8000             0.7205
      logreg_desc fingerprints_plus_descriptors 30.0       23.0    0.7667             0.6491
         majority              descriptors_only 30.0       23.0    0.7667             0.5000
         majority        fingerprints_morgan_r2 30.0       23.0    0.7667             0.5000
         majority fingerprints_plus_descriptors 30.0       23.0    0.7667             0.5000
           random              descriptors_only 30.0       23.0    0.7667             0.5000
           random        fingerprints_morgan_r2 30.0       23.0    0.7667             0.5000
           random fingerprints_plus_descriptors 30.0       23.0    0.7667             0.5000
    random_forest              descriptors_only 30.0       23.0    0.7667             0.6491
    random_forest        fingerprints_morgan_r2 30.0       25.0    0.8333             0.6925
    random_forest fingerprints_plus_descriptors 30.0       26.0    0.8667             0.7143
            ridge              descriptors_only 30.0       24.0    0.8000             0.7702
            ridge        fingerprints_morgan_r2 30.0       21.0    0.7000             0.6056
            ridge fingerprints_plus_descriptors 30.0       21.0    0.7000             0.6056
2026-09-07 15:31:41,141 | INFO | === Leave-murcko_scaffold-out ===
2026-09-07 15:31:45,351 | INFO | scaffold-out summary (accuracy): {'extra_trees': model
extra_trees    0.7000
extra_trees    0.7333
extra_trees    0.7667
Name: accuracy, dtype: float64, 'gradient_boosting': model
gradient_boosting    0.7333
gradient_boosting    0.7000
gradient_boosting    0.8000
Name: accuracy, dtype: float64, 'logreg_desc': model
logreg_desc    0.7667
logreg_desc    0.7667
logreg_desc    0.7667
Name: accuracy, dtype: float64, 'majority': model
majority    0.7667
majority    0.7667
majority    0.7667
Name: accuracy, dtype: float64, 'random': model
random    0.7333
random    0.7333
random    0.7333
Name: accuracy, dtype: float64, 'random_forest': model
random_forest    0.7333
random_forest    0.7333
random_forest    0.7667
Name: accuracy, dtype: float64, 'ridge': model
ridge    0.7667
ridge    0.7000
ridge    0.7000
Name: accuracy, dtype: float64}
2026-09-07 15:31:45,351 | INFO | === Leave-one-series-out ===
2026-09-07 15:31:49,316 | INFO | series-out summary written (n series = 17)
2026-09-07 15:31:49,316 | INFO | === Chemical-distance validation ===
2026-09-07 15:31:50,252 | INFO | === Bootstrap performance uncertainty ===
2026-09-07 15:33:14,620 | INFO |             model   mean    std  ci_low  ci_high
      extra_trees 0.9305 0.0411  0.8333   1.0000
gradient_boosting 0.9230 0.0451  0.8000   1.0000
      logreg_desc 0.9191 0.0406  0.8333   1.0000
    random_forest 0.9308 0.0434  0.8333   1.0000
            ridge 0.9118 0.0400  0.8333   0.9667
2026-09-07 15:33:14,621 | INFO | === Permutation test (chance-level null) ===
2026-09-07 15:33:22,634 | INFO |         model  observed_accuracy  perm_mean  perm_std  perm_p_value  n_permutations
random_forest                1.0      0.988     0.016          0.64             200
2026-09-07 15:33:22,634 | INFO | === Applicability domain (section 10) ===
2026-09-07 15:33:22,636 | INFO | applicability_domain
IN-DOMAIN    30
2026-09-07 15:33:22,636 | INFO | === Uncertainty axes (section 11) ===
2026-09-07 15:33:22,763 | INFO |  compound_id  predictive_uncertainty  model_disagreement  ad_uncertainty
           1                  0.2554              0.0325          0.0000
           2                  0.2554              0.0325          0.0000
           3                  0.4436              0.1266          0.0000
           4                  0.3521              0.0680          0.2333
           5                  0.2901              0.0439          0.0000
           6                  0.2514              0.0321          0.0029
           7                  0.2025              0.0203          0.0000
           8                  0.2073              0.0209          0.0000
           9                  0.0995              0.0044          0.0000
          10                  0.1561              0.0114          0.0000
          11                  0.0000              0.0007          0.0274
          12                  0.4779              0.1668          0.0000
          13                  0.0541              0.0016          0.1000
          14                  0.1326              0.0085          0.1591
          15                  0.1129              0.0062          0.1406
          16                  0.1561              0.0114          0.1206
          17                  0.2829              0.0415          0.0500
          18                  0.4578              0.1409          0.0000
          19                  0.3547              0.0698          0.0500
          20                  0.3521              0.0680          0.0136
          21                  0.3190              0.0538          0.0500
          22                  0.3778              0.0816          0.1250
          23                  0.1838              0.0161          0.4132
          24                  0.4386              0.1215          0.0000
          25                  0.2863              0.0419          0.0000
          26                  0.2932              0.0444          0.2611
          27                  0.2713              0.0373          0.1622
          28                  0.2280              0.0256          0.4068
          29                  0.2073              0.0209          0.4305
          30                  0.3000              0.0468          0.4326
2026-09-07 15:33:22,763 | INFO | === Export frozen model artifact for prospective scoring ===
2026-09-07 15:33:22,871 | INFO | Exported frozen model artifact -> /Users/nb/Documents/ligand-based-modeling/project/models/classical/lbm_rf_fp_desc.joblib
2026-09-07 15:55:55,376 | INFO | === Leave-one-compound-out (LOCO) ===
2026-09-07 15:56:02,557 | INFO |             model                representation    n  n_correct  accuracy  balanced_accuracy
      extra_trees              descriptors_only 30.0       21.0    0.7000             0.5559
      extra_trees        fingerprints_morgan_r2 30.0       25.0    0.8333             0.6925
      extra_trees fingerprints_plus_descriptors 30.0       26.0    0.8667             0.7143
gradient_boosting              descriptors_only 30.0       22.0    0.7333             0.6770
gradient_boosting        fingerprints_morgan_r2 30.0       24.0    0.8000             0.6708
gradient_boosting fingerprints_plus_descriptors 30.0       24.0    0.8000             0.6708
      logreg_desc              descriptors_only 30.0       23.0    0.7667             0.6988
      logreg_desc        fingerprints_morgan_r2 30.0       24.0    0.8000             0.7205
      logreg_desc fingerprints_plus_descriptors 30.0       23.0    0.7667             0.6491
         majority              descriptors_only 30.0       23.0    0.7667             0.5000
         majority        fingerprints_morgan_r2 30.0       23.0    0.7667             0.5000
         majority fingerprints_plus_descriptors 30.0       23.0    0.7667             0.5000
           random              descriptors_only 30.0       23.0    0.7667             0.5000
           random        fingerprints_morgan_r2 30.0       23.0    0.7667             0.5000
           random fingerprints_plus_descriptors 30.0       23.0    0.7667             0.5000
    random_forest              descriptors_only 30.0       23.0    0.7667             0.6491
    random_forest        fingerprints_morgan_r2 30.0       25.0    0.8333             0.6925
    random_forest fingerprints_plus_descriptors 30.0       26.0    0.8667             0.7143
            ridge              descriptors_only 30.0       24.0    0.8000             0.7702
            ridge        fingerprints_morgan_r2 30.0       21.0    0.7000             0.6056
            ridge fingerprints_plus_descriptors 30.0       21.0    0.7000             0.6056
2026-09-07 15:56:02,557 | INFO | === Leave-murcko_scaffold-out ===
2026-09-07 15:56:06,622 | INFO | scaffold-out summary (accuracy): {'extra_trees': model
extra_trees    0.7000
extra_trees    0.7333
extra_trees    0.7667
Name: accuracy, dtype: float64, 'gradient_boosting': model
gradient_boosting    0.7333
gradient_boosting    0.7000
gradient_boosting    0.8000
Name: accuracy, dtype: float64, 'logreg_desc': model
logreg_desc    0.7667
logreg_desc    0.7667
logreg_desc    0.7667
Name: accuracy, dtype: float64, 'majority': model
majority    0.7667
majority    0.7667
majority    0.7667
Name: accuracy, dtype: float64, 'random': model
random    0.7333
random    0.7333
random    0.7333
Name: accuracy, dtype: float64, 'random_forest': model
random_forest    0.7333
random_forest    0.7333
random_forest    0.7667
Name: accuracy, dtype: float64, 'ridge': model
ridge    0.7667
ridge    0.7000
ridge    0.7000
Name: accuracy, dtype: float64}
2026-09-07 15:56:06,622 | INFO | === Leave-one-series-out ===
2026-09-07 15:56:10,699 | INFO | series-out summary written (n series = 17)
2026-09-07 15:56:10,699 | INFO | === Chemical-distance validation ===
2026-09-07 15:56:11,627 | INFO | === Bootstrap performance uncertainty ===
2026-09-07 15:57:32,222 | INFO |             model   mean    std  ci_low  ci_high
      extra_trees 0.9305 0.0411  0.8333   1.0000
gradient_boosting 0.9230 0.0451  0.8000   1.0000
      logreg_desc 0.9191 0.0406  0.8333   1.0000
    random_forest 0.9308 0.0434  0.8333   1.0000
            ridge 0.9118 0.0400  0.8333   0.9667
2026-09-07 15:57:32,223 | INFO | === Permutation test (chance-level null) ===
2026-09-07 15:57:39,231 | INFO |         model  observed_accuracy  perm_mean  perm_std  perm_p_value  n_permutations
random_forest                1.0      0.988     0.016          0.64             200
2026-09-07 15:57:39,231 | INFO | === Applicability domain (section 10) ===
2026-09-07 15:57:39,232 | INFO | applicability_domain
IN-DOMAIN    30
2026-09-07 15:57:39,232 | INFO | === Uncertainty axes (section 11) ===
2026-09-07 15:57:39,350 | INFO |  compound_id  predictive_uncertainty  model_disagreement  ad_uncertainty
           1                  0.2554              0.0325          0.0000
           2                  0.2554              0.0325          0.0000
           3                  0.4436              0.1266          0.0000
           4                  0.3521              0.0680          0.2333
           5                  0.2901              0.0439          0.0000
           6                  0.2514              0.0321          0.0029
           7                  0.2025              0.0203          0.0000
           8                  0.2073              0.0209          0.0000
           9                  0.0995              0.0044          0.0000
          10                  0.1561              0.0114          0.0000
          11                  0.0000              0.0007          0.0274
          12                  0.4779              0.1668          0.0000
          13                  0.0541              0.0016          0.1000
          14                  0.1326              0.0085          0.1591
          15                  0.1129              0.0062          0.1406
          16                  0.1561              0.0114          0.1206
          17                  0.2829              0.0415          0.0500
          18                  0.4578              0.1409          0.0000
          19                  0.3547              0.0698          0.0500
          20                  0.3521              0.0680          0.0136
          21                  0.3190              0.0538          0.0500
          22                  0.3778              0.0816          0.1250
          23                  0.1838              0.0161          0.4132
          24                  0.4386              0.1215          0.0000
          25                  0.2863              0.0419          0.0000
          26                  0.2932              0.0444          0.2611
          27                  0.2713              0.0373          0.1622
          28                  0.2280              0.0256          0.4068
          29                  0.2073              0.0209          0.4305
          30                  0.3000              0.0468          0.4326
2026-09-07 15:57:39,350 | INFO | === Export frozen model artifact for prospective scoring ===
2026-09-07 15:57:39,461 | INFO | Exported frozen model artifact -> /Users/nb/Documents/ligand-based-modeling/project/models/classical/lbm_rf_fp_desc.joblib
2026-09-07 15:59:22,373 | INFO | === Leave-one-compound-out (LOCO) ===
2026-09-07 15:59:29,548 | INFO |             model                representation    n  n_correct  accuracy  balanced_accuracy
      extra_trees              descriptors_only 30.0       21.0    0.7000             0.5559
      extra_trees        fingerprints_morgan_r2 30.0       25.0    0.8333             0.6925
      extra_trees fingerprints_plus_descriptors 30.0       26.0    0.8667             0.7143
gradient_boosting              descriptors_only 30.0       22.0    0.7333             0.6770
gradient_boosting        fingerprints_morgan_r2 30.0       24.0    0.8000             0.6708
gradient_boosting fingerprints_plus_descriptors 30.0       24.0    0.8000             0.6708
      logreg_desc              descriptors_only 30.0       23.0    0.7667             0.6988
      logreg_desc        fingerprints_morgan_r2 30.0       24.0    0.8000             0.7205
      logreg_desc fingerprints_plus_descriptors 30.0       23.0    0.7667             0.6491
         majority              descriptors_only 30.0       23.0    0.7667             0.5000
         majority        fingerprints_morgan_r2 30.0       23.0    0.7667             0.5000
         majority fingerprints_plus_descriptors 30.0       23.0    0.7667             0.5000
           random              descriptors_only 30.0       23.0    0.7667             0.5000
           random        fingerprints_morgan_r2 30.0       23.0    0.7667             0.5000
           random fingerprints_plus_descriptors 30.0       23.0    0.7667             0.5000
    random_forest              descriptors_only 30.0       23.0    0.7667             0.6491
    random_forest        fingerprints_morgan_r2 30.0       25.0    0.8333             0.6925
    random_forest fingerprints_plus_descriptors 30.0       26.0    0.8667             0.7143
            ridge              descriptors_only 30.0       24.0    0.8000             0.7702
            ridge        fingerprints_morgan_r2 30.0       21.0    0.7000             0.6056
            ridge fingerprints_plus_descriptors 30.0       21.0    0.7000             0.6056
2026-09-07 15:59:29,549 | INFO | === Leave-murcko_scaffold-out ===
2026-09-07 15:59:33,603 | INFO | scaffold-out summary (accuracy): {'extra_trees': model
extra_trees    0.7000
extra_trees    0.7333
extra_trees    0.7667
Name: accuracy, dtype: float64, 'gradient_boosting': model
gradient_boosting    0.7333
gradient_boosting    0.7000
gradient_boosting    0.8000
Name: accuracy, dtype: float64, 'logreg_desc': model
logreg_desc    0.7667
logreg_desc    0.7667
logreg_desc    0.7667
Name: accuracy, dtype: float64, 'majority': model
majority    0.7667
majority    0.7667
majority    0.7667
Name: accuracy, dtype: float64, 'random': model
random    0.7333
random    0.7333
random    0.7333
Name: accuracy, dtype: float64, 'random_forest': model
random_forest    0.7333
random_forest    0.7333
random_forest    0.7667
Name: accuracy, dtype: float64, 'ridge': model
ridge    0.7667
ridge    0.7000
ridge    0.7000
Name: accuracy, dtype: float64}
2026-09-07 15:59:33,603 | INFO | === Leave-one-series-out ===
2026-09-07 15:59:37,678 | INFO | series-out summary written (n series = 17)
2026-09-07 15:59:37,678 | INFO | === Chemical-distance validation ===
2026-09-07 15:59:38,622 | INFO | === Bootstrap performance uncertainty ===
2026-09-07 16:00:59,163 | INFO |             model   mean    std  ci_low  ci_high
      extra_trees 0.9305 0.0411  0.8333   1.0000
gradient_boosting 0.9230 0.0451  0.8000   1.0000
      logreg_desc 0.9191 0.0406  0.8333   1.0000
    random_forest 0.9308 0.0434  0.8333   1.0000
            ridge 0.9118 0.0400  0.8333   0.9667
2026-09-07 16:00:59,164 | INFO | === Permutation test (chance-level null) ===
2026-09-07 16:01:06,189 | INFO |         model  observed_accuracy  perm_mean  perm_std  perm_p_value  n_permutations
random_forest                1.0      0.988     0.016          0.64             200
2026-09-07 16:01:06,189 | INFO | === Applicability domain (section 10) ===
2026-09-07 16:01:06,191 | INFO | applicability_domain
IN-DOMAIN    30
2026-09-07 16:01:06,191 | INFO | === Uncertainty axes (section 11) ===
2026-09-07 16:01:06,320 | INFO |  compound_id  predictive_uncertainty  model_disagreement  ad_uncertainty
           1                  0.2554              0.0325          0.0000
           2                  0.2554              0.0325          0.0000
           3                  0.4436              0.1266          0.0000
           4                  0.3521              0.0680          0.2333
           5                  0.2901              0.0439          0.0000
           6                  0.2514              0.0321          0.0029
           7                  0.2025              0.0203          0.0000
           8                  0.2073              0.0209          0.0000
           9                  0.0995              0.0044          0.0000
          10                  0.1561              0.0114          0.0000
          11                  0.0000              0.0007          0.0274
          12                  0.4779              0.1668          0.0000
          13                  0.0541              0.0016          0.1000
          14                  0.1326              0.0085          0.1591
          15                  0.1129              0.0062          0.1406
          16                  0.1561              0.0114          0.1206
          17                  0.2829              0.0415          0.0500
          18                  0.4578              0.1409          0.0000
          19                  0.3547              0.0698          0.0500
          20                  0.3521              0.0680          0.0136
          21                  0.3190              0.0538          0.0500
          22                  0.3778              0.0816          0.1250
          23                  0.1838              0.0161          0.4132
          24                  0.4386              0.1215          0.0000
          25                  0.2863              0.0419          0.0000
          26                  0.2932              0.0444          0.2611
          27                  0.2713              0.0373          0.1622
          28                  0.2280              0.0256          0.4068
          29                  0.2073              0.0209          0.4305
          30                  0.3000              0.0468          0.4326
2026-09-07 16:01:06,320 | INFO | === Export frozen model artifact for prospective scoring ===
2026-09-07 16:01:06,419 | INFO | Exported frozen model artifact -> /Users/nb/Documents/ligand-based-modeling/project/models/classical/lbm_rf_fp_desc.joblib
2026-09-07 16:23:04,869 | INFO | === Leave-one-compound-out (LOCO) ===
2026-09-07 16:23:11,928 | INFO |             model                representation    n  n_correct  accuracy  balanced_accuracy
      extra_trees              descriptors_only 30.0       21.0    0.7000             0.5559
      extra_trees        fingerprints_morgan_r2 30.0       25.0    0.8333             0.6925
      extra_trees fingerprints_plus_descriptors 30.0       26.0    0.8667             0.7143
gradient_boosting              descriptors_only 30.0       22.0    0.7333             0.6770
gradient_boosting        fingerprints_morgan_r2 30.0       24.0    0.8000             0.6708
gradient_boosting fingerprints_plus_descriptors 30.0       24.0    0.8000             0.6708
      logreg_desc              descriptors_only 30.0       23.0    0.7667             0.6988
      logreg_desc        fingerprints_morgan_r2 30.0       24.0    0.8000             0.7205
      logreg_desc fingerprints_plus_descriptors 30.0       23.0    0.7667             0.6491
         majority              descriptors_only 30.0       23.0    0.7667             0.5000
         majority        fingerprints_morgan_r2 30.0       23.0    0.7667             0.5000
         majority fingerprints_plus_descriptors 30.0       23.0    0.7667             0.5000
           random              descriptors_only 30.0       23.0    0.7667             0.5000
           random        fingerprints_morgan_r2 30.0       23.0    0.7667             0.5000
           random fingerprints_plus_descriptors 30.0       23.0    0.7667             0.5000
    random_forest              descriptors_only 30.0       23.0    0.7667             0.6491
    random_forest        fingerprints_morgan_r2 30.0       25.0    0.8333             0.6925
    random_forest fingerprints_plus_descriptors 30.0       26.0    0.8667             0.7143
            ridge              descriptors_only 30.0       24.0    0.8000             0.7702
            ridge        fingerprints_morgan_r2 30.0       21.0    0.7000             0.6056
            ridge fingerprints_plus_descriptors 30.0       21.0    0.7000             0.6056
2026-09-07 16:23:11,928 | INFO | === Leave-murcko_scaffold-out ===
2026-09-07 16:23:15,923 | INFO | scaffold-out summary (accuracy): {'extra_trees': model
extra_trees    0.7000
extra_trees    0.7333
extra_trees    0.7667
Name: accuracy, dtype: float64, 'gradient_boosting': model
gradient_boosting    0.7333
gradient_boosting    0.7000
gradient_boosting    0.8000
Name: accuracy, dtype: float64, 'logreg_desc': model
logreg_desc    0.7667
logreg_desc    0.7667
logreg_desc    0.7667
Name: accuracy, dtype: float64, 'majority': model
majority    0.7667
majority    0.7667
majority    0.7667
Name: accuracy, dtype: float64, 'random': model
random    0.7333
random    0.7333
random    0.7333
Name: accuracy, dtype: float64, 'random_forest': model
random_forest    0.7333
random_forest    0.7333
random_forest    0.7667
Name: accuracy, dtype: float64, 'ridge': model
ridge    0.7667
ridge    0.7000
ridge    0.7000
Name: accuracy, dtype: float64}
2026-09-07 16:23:15,923 | INFO | === Leave-one-series-out ===
2026-09-07 16:23:19,938 | INFO | series-out summary written (n series = 17)
2026-09-07 16:23:19,938 | INFO | === Chemical-distance validation ===
2026-09-07 16:23:20,859 | INFO | === Bootstrap performance uncertainty ===
2026-09-07 16:24:40,833 | INFO |             model   mean    std  ci_low  ci_high
      extra_trees 0.9305 0.0411  0.8333   1.0000
gradient_boosting 0.9230 0.0451  0.8000   1.0000
      logreg_desc 0.9191 0.0406  0.8333   1.0000
    random_forest 0.9308 0.0434  0.8333   1.0000
            ridge 0.9118 0.0400  0.8333   0.9667
2026-09-07 16:24:40,834 | INFO | === Permutation test (chance-level null) ===
2026-09-07 16:24:48,012 | INFO |         model  observed_accuracy  perm_mean  perm_std  perm_p_value  n_permutations
random_forest                1.0      0.988     0.016          0.64             200
2026-09-07 16:24:48,012 | INFO | === Applicability domain (section 10) ===
2026-09-07 16:24:48,014 | INFO | applicability_domain
IN-DOMAIN    30
2026-09-07 16:24:48,014 | INFO | === Uncertainty axes (section 11) ===
2026-09-07 16:24:48,134 | INFO |  compound_id  predictive_uncertainty  model_disagreement  ad_uncertainty
           1                  0.2554              0.0325          0.0000
           2                  0.2554              0.0325          0.0000
           3                  0.4436              0.1266          0.0000
           4                  0.3521              0.0680          0.2333
           5                  0.2901              0.0439          0.0000
           6                  0.2514              0.0321          0.0029
           7                  0.2025              0.0203          0.0000
           8                  0.2073              0.0209          0.0000
           9                  0.0995              0.0044          0.0000
          10                  0.1561              0.0114          0.0000
          11                  0.0000              0.0007          0.0274
          12                  0.4779              0.1668          0.0000
          13                  0.0541              0.0016          0.1000
          14                  0.1326              0.0085          0.1591
          15                  0.1129              0.0062          0.1406
          16                  0.1561              0.0114          0.1206
          17                  0.2829              0.0415          0.0500
          18                  0.4578              0.1409          0.0000
          19                  0.3547              0.0698          0.0500
          20                  0.3521              0.0680          0.0136
          21                  0.3190              0.0538          0.0500
          22                  0.3778              0.0816          0.1250
          23                  0.1838              0.0161          0.4132
          24                  0.4386              0.1215          0.0000
          25                  0.2863              0.0419          0.0000
          26                  0.2932              0.0444          0.2611
          27                  0.2713              0.0373          0.1622
          28                  0.2280              0.0256          0.4068
          29                  0.2073              0.0209          0.4305
          30                  0.3000              0.0468          0.4326
2026-09-07 16:24:48,134 | INFO | === Export frozen model artifact for prospective scoring ===
2026-09-07 16:24:48,234 | INFO | Exported frozen model artifact -> /Users/nb/Documents/ligand-based-modeling/project/models/classical/lbm_rf_fp_desc.joblib
2026-09-07 16:27:56,089 | INFO | === Leave-one-compound-out (LOCO) ===
2026-09-07 16:28:03,627 | INFO |             model                representation    n  n_correct  accuracy  balanced_accuracy
      extra_trees              descriptors_only 30.0       21.0    0.7000             0.5559
      extra_trees        fingerprints_morgan_r2 30.0       25.0    0.8333             0.6925
      extra_trees fingerprints_plus_descriptors 30.0       26.0    0.8667             0.7143
gradient_boosting              descriptors_only 30.0       22.0    0.7333             0.6770
gradient_boosting        fingerprints_morgan_r2 30.0       24.0    0.8000             0.6708
gradient_boosting fingerprints_plus_descriptors 30.0       24.0    0.8000             0.6708
      logreg_desc              descriptors_only 30.0       23.0    0.7667             0.6988
      logreg_desc        fingerprints_morgan_r2 30.0       24.0    0.8000             0.7205
      logreg_desc fingerprints_plus_descriptors 30.0       23.0    0.7667             0.6491
         majority              descriptors_only 30.0       23.0    0.7667             0.5000
         majority        fingerprints_morgan_r2 30.0       23.0    0.7667             0.5000
         majority fingerprints_plus_descriptors 30.0       23.0    0.7667             0.5000
           random              descriptors_only 30.0       23.0    0.7667             0.5000
           random        fingerprints_morgan_r2 30.0       23.0    0.7667             0.5000
           random fingerprints_plus_descriptors 30.0       23.0    0.7667             0.5000
    random_forest              descriptors_only 30.0       23.0    0.7667             0.6491
    random_forest        fingerprints_morgan_r2 30.0       25.0    0.8333             0.6925
    random_forest fingerprints_plus_descriptors 30.0       26.0    0.8667             0.7143
            ridge              descriptors_only 30.0       24.0    0.8000             0.7702
            ridge        fingerprints_morgan_r2 30.0       21.0    0.7000             0.6056
            ridge fingerprints_plus_descriptors 30.0       21.0    0.7000             0.6056
2026-09-07 16:28:03,628 | INFO | === Leave-murcko_scaffold-out ===
2026-09-07 16:28:07,645 | INFO | scaffold-out summary (accuracy): {'extra_trees': model
extra_trees    0.7000
extra_trees    0.7333
extra_trees    0.7667
Name: accuracy, dtype: float64, 'gradient_boosting': model
gradient_boosting    0.7333
gradient_boosting    0.7000
gradient_boosting    0.8000
Name: accuracy, dtype: float64, 'logreg_desc': model
logreg_desc    0.7667
logreg_desc    0.7667
logreg_desc    0.7667
Name: accuracy, dtype: float64, 'majority': model
majority    0.7667
majority    0.7667
majority    0.7667
Name: accuracy, dtype: float64, 'random': model
random    0.7333
random    0.7333
random    0.7333
Name: accuracy, dtype: float64, 'random_forest': model
random_forest    0.7333
random_forest    0.7333
random_forest    0.7667
Name: accuracy, dtype: float64, 'ridge': model
ridge    0.7667
ridge    0.7000
ridge    0.7000
Name: accuracy, dtype: float64}
2026-09-07 16:28:07,645 | INFO | === Leave-one-series-out ===
2026-09-07 16:28:11,752 | INFO | series-out summary written (n series = 17)
2026-09-07 16:28:11,752 | INFO | === Chemical-distance validation ===
2026-09-07 16:28:12,713 | INFO | === Bootstrap performance uncertainty ===
2026-09-07 16:29:36,289 | INFO |             model   mean    std  ci_low  ci_high
      extra_trees 0.9305 0.0411  0.8333   1.0000
gradient_boosting 0.9230 0.0451  0.8000   1.0000
      logreg_desc 0.9191 0.0406  0.8333   1.0000
    random_forest 0.9308 0.0434  0.8333   1.0000
            ridge 0.9118 0.0400  0.8333   0.9667
2026-09-07 16:29:36,289 | INFO | === Permutation test (chance-level null) ===
2026-09-07 16:29:43,316 | INFO |         model  observed_accuracy  perm_mean  perm_std  perm_p_value  n_permutations
random_forest                1.0      0.988     0.016          0.64             200
2026-09-07 16:29:43,316 | INFO | === Applicability domain (section 10) ===
2026-09-07 16:29:43,318 | INFO | applicability_domain
IN-DOMAIN    30
2026-09-07 16:29:43,318 | INFO | === Uncertainty axes (section 11) ===
2026-09-07 16:29:43,434 | INFO |  compound_id  predictive_uncertainty  model_disagreement  ad_uncertainty
           1                  0.2554              0.0325          0.0000
           2                  0.2554              0.0325          0.0000
           3                  0.4436              0.1266          0.0000
           4                  0.3521              0.0680          0.2333
           5                  0.2901              0.0439          0.0000
           6                  0.2514              0.0321          0.0029
           7                  0.2025              0.0203          0.0000
           8                  0.2073              0.0209          0.0000
           9                  0.0995              0.0044          0.0000
          10                  0.1561              0.0114          0.0000
          11                  0.0000              0.0007          0.0274
          12                  0.4779              0.1668          0.0000
          13                  0.0541              0.0016          0.1000
          14                  0.1326              0.0085          0.1591
          15                  0.1129              0.0062          0.1406
          16                  0.1561              0.0114          0.1206
          17                  0.2829              0.0415          0.0500
          18                  0.4578              0.1409          0.0000
          19                  0.3547              0.0698          0.0500
          20                  0.3521              0.0680          0.0136
          21                  0.3190              0.0538          0.0500
          22                  0.3778              0.0816          0.1250
          23                  0.1838              0.0161          0.4132
          24                  0.4386              0.1215          0.0000
          25                  0.2863              0.0419          0.0000
          26                  0.2932              0.0444          0.2611
          27                  0.2713              0.0373          0.1622
          28                  0.2280              0.0256          0.4068
          29                  0.2073              0.0209          0.4305
          30                  0.3000              0.0468          0.4326
2026-09-07 16:29:43,435 | INFO | === Export frozen model artifact for prospective scoring ===
2026-09-07 16:29:43,540 | INFO | Exported frozen model artifact -> /Users/nb/Documents/ligand-based-modeling/project/models/classical/lbm_rf_fp_desc.joblib
2026-09-07 16:48:29,928 | INFO | === Leave-one-compound-out (LOCO) ===
2026-09-07 16:48:36,972 | INFO |             model                representation    n  n_correct  accuracy  balanced_accuracy
      extra_trees              descriptors_only 30.0       21.0    0.7000             0.5559
      extra_trees        fingerprints_morgan_r2 30.0       25.0    0.8333             0.6925
      extra_trees fingerprints_plus_descriptors 30.0       26.0    0.8667             0.7143
gradient_boosting              descriptors_only 30.0       22.0    0.7333             0.6770
gradient_boosting        fingerprints_morgan_r2 30.0       24.0    0.8000             0.6708
gradient_boosting fingerprints_plus_descriptors 30.0       24.0    0.8000             0.6708
      logreg_desc              descriptors_only 30.0       23.0    0.7667             0.6988
      logreg_desc        fingerprints_morgan_r2 30.0       24.0    0.8000             0.7205
      logreg_desc fingerprints_plus_descriptors 30.0       23.0    0.7667             0.6491
         majority              descriptors_only 30.0       23.0    0.7667             0.5000
         majority        fingerprints_morgan_r2 30.0       23.0    0.7667             0.5000
         majority fingerprints_plus_descriptors 30.0       23.0    0.7667             0.5000
           random              descriptors_only 30.0       23.0    0.7667             0.5000
           random        fingerprints_morgan_r2 30.0       23.0    0.7667             0.5000
           random fingerprints_plus_descriptors 30.0       23.0    0.7667             0.5000
    random_forest              descriptors_only 30.0       23.0    0.7667             0.6491
    random_forest        fingerprints_morgan_r2 30.0       25.0    0.8333             0.6925
    random_forest fingerprints_plus_descriptors 30.0       26.0    0.8667             0.7143
            ridge              descriptors_only 30.0       24.0    0.8000             0.7702
            ridge        fingerprints_morgan_r2 30.0       21.0    0.7000             0.6056
            ridge fingerprints_plus_descriptors 30.0       21.0    0.7000             0.6056
2026-09-07 16:48:36,972 | INFO | === Leave-murcko_scaffold-out ===
2026-09-07 16:48:40,966 | INFO | scaffold-out summary (accuracy): {'extra_trees': model
extra_trees    0.7000
extra_trees    0.7333
extra_trees    0.7667
Name: accuracy, dtype: float64, 'gradient_boosting': model
gradient_boosting    0.7333
gradient_boosting    0.7000
gradient_boosting    0.8000
Name: accuracy, dtype: float64, 'logreg_desc': model
logreg_desc    0.7667
logreg_desc    0.7667
logreg_desc    0.7667
Name: accuracy, dtype: float64, 'majority': model
majority    0.7667
majority    0.7667
majority    0.7667
Name: accuracy, dtype: float64, 'random': model
random    0.7333
random    0.7333
random    0.7333
Name: accuracy, dtype: float64, 'random_forest': model
random_forest    0.7333
random_forest    0.7333
random_forest    0.7667
Name: accuracy, dtype: float64, 'ridge': model
ridge    0.7667
ridge    0.7000
ridge    0.7000
Name: accuracy, dtype: float64}
2026-09-07 16:48:40,967 | INFO | === Leave-one-series-out ===
2026-09-07 16:48:44,952 | INFO | series-out summary written (n series = 17)
2026-09-07 16:48:44,952 | INFO | === Chemical-distance validation ===
2026-09-07 16:48:45,866 | INFO | === Bootstrap performance uncertainty ===
2026-09-07 16:50:20,954 | INFO |             model   mean    std  ci_low  ci_high
      extra_trees 0.9305 0.0411  0.8333   1.0000
gradient_boosting 0.9230 0.0451  0.8000   1.0000
      logreg_desc 0.9191 0.0406  0.8333   1.0000
    random_forest 0.9308 0.0434  0.8333   1.0000
            ridge 0.9118 0.0400  0.8333   0.9667
2026-09-07 16:50:20,954 | INFO | === Permutation test (chance-level null) ===
2026-09-07 16:50:28,965 | INFO |         model  observed_accuracy  perm_mean  perm_std  perm_p_value  n_permutations
random_forest                1.0      0.988     0.016          0.64             200
2026-09-07 16:50:28,965 | INFO | === Applicability domain (section 10) ===
2026-09-07 16:50:28,967 | INFO | applicability_domain
IN-DOMAIN    30
2026-09-07 16:50:28,967 | INFO | === Uncertainty axes (section 11) ===
2026-09-07 16:50:29,104 | INFO |  compound_id  predictive_uncertainty  model_disagreement  ad_uncertainty
           1                  0.2554              0.0325          0.0000
           2                  0.2554              0.0325          0.0000
           3                  0.4436              0.1266          0.0000
           4                  0.3521              0.0680          0.2333
           5                  0.2901              0.0439          0.0000
           6                  0.2514              0.0321          0.0029
           7                  0.2025              0.0203          0.0000
           8                  0.2073              0.0209          0.0000
           9                  0.0995              0.0044          0.0000
          10                  0.1561              0.0114          0.0000
          11                  0.0000              0.0007          0.0274
          12                  0.4779              0.1668          0.0000
          13                  0.0541              0.0016          0.1000
          14                  0.1326              0.0085          0.1591
          15                  0.1129              0.0062          0.1406
          16                  0.1561              0.0114          0.1206
          17                  0.2829              0.0415          0.0500
          18                  0.4578              0.1409          0.0000
          19                  0.3547              0.0698          0.0500
          20                  0.3521              0.0680          0.0136
          21                  0.3190              0.0538          0.0500
          22                  0.3778              0.0816          0.1250
          23                  0.1838              0.0161          0.4132
          24                  0.4386              0.1215          0.0000
          25                  0.2863              0.0419          0.0000
          26                  0.2932              0.0444          0.2611
          27                  0.2713              0.0373          0.1622
          28                  0.2280              0.0256          0.4068
          29                  0.2073              0.0209          0.4305
          30                  0.3000              0.0468          0.4326
2026-09-07 16:50:29,105 | INFO | === Export frozen model artifact for prospective scoring ===
2026-09-07 16:50:29,218 | INFO | Exported frozen model artifact -> /Users/nb/Documents/ligand-based-modeling/project/models/classical/lbm_rf_fp_desc.joblib
2026-09-07 16:56:35,017 | INFO | === Leave-one-compound-out (LOCO) ===
2026-09-07 16:56:42,927 | INFO |             model                representation    n  n_correct  accuracy  balanced_accuracy
      extra_trees              descriptors_only 30.0       21.0    0.7000             0.5559
      extra_trees        fingerprints_morgan_r2 30.0       25.0    0.8333             0.6925
      extra_trees fingerprints_plus_descriptors 30.0       26.0    0.8667             0.7143
gradient_boosting              descriptors_only 30.0       22.0    0.7333             0.6770
gradient_boosting        fingerprints_morgan_r2 30.0       24.0    0.8000             0.6708
gradient_boosting fingerprints_plus_descriptors 30.0       24.0    0.8000             0.6708
      logreg_desc              descriptors_only 30.0       23.0    0.7667             0.6988
      logreg_desc        fingerprints_morgan_r2 30.0       24.0    0.8000             0.7205
      logreg_desc fingerprints_plus_descriptors 30.0       23.0    0.7667             0.6491
         majority              descriptors_only 30.0       23.0    0.7667             0.5000
         majority        fingerprints_morgan_r2 30.0       23.0    0.7667             0.5000
         majority fingerprints_plus_descriptors 30.0       23.0    0.7667             0.5000
           random              descriptors_only 30.0       23.0    0.7667             0.5000
           random        fingerprints_morgan_r2 30.0       23.0    0.7667             0.5000
           random fingerprints_plus_descriptors 30.0       23.0    0.7667             0.5000
    random_forest              descriptors_only 30.0       23.0    0.7667             0.6491
    random_forest        fingerprints_morgan_r2 30.0       25.0    0.8333             0.6925
    random_forest fingerprints_plus_descriptors 30.0       26.0    0.8667             0.7143
            ridge              descriptors_only 30.0       24.0    0.8000             0.7702
            ridge        fingerprints_morgan_r2 30.0       21.0    0.7000             0.6056
            ridge fingerprints_plus_descriptors 30.0       21.0    0.7000             0.6056
2026-09-07 16:56:42,927 | INFO | === Leave-murcko_scaffold-out ===
2026-09-07 16:56:47,635 | INFO | scaffold-out summary (accuracy): {'extra_trees': model
extra_trees    0.7000
extra_trees    0.7333
extra_trees    0.7667
Name: accuracy, dtype: float64, 'gradient_boosting': model
gradient_boosting    0.7333
gradient_boosting    0.7000
gradient_boosting    0.8000
Name: accuracy, dtype: float64, 'logreg_desc': model
logreg_desc    0.7667
logreg_desc    0.7667
logreg_desc    0.7667
Name: accuracy, dtype: float64, 'majority': model
majority    0.7667
majority    0.7667
majority    0.7667
Name: accuracy, dtype: float64, 'random': model
random    0.7333
random    0.7333
random    0.7333
Name: accuracy, dtype: float64, 'random_forest': model
random_forest    0.7333
random_forest    0.7333
random_forest    0.7667
Name: accuracy, dtype: float64, 'ridge': model
ridge    0.7667
ridge    0.7000
ridge    0.7000
Name: accuracy, dtype: float64}
2026-09-07 16:56:47,635 | INFO | === Leave-one-series-out ===
2026-09-07 16:56:52,391 | INFO | series-out summary written (n series = 17)
2026-09-07 16:56:52,391 | INFO | === Chemical-distance validation ===
2026-09-07 16:56:53,504 | INFO | === Bootstrap performance uncertainty ===
2026-09-07 16:58:30,391 | INFO |             model   mean    std  ci_low  ci_high
      extra_trees 0.9305 0.0411  0.8333   1.0000
gradient_boosting 0.9230 0.0451  0.8000   1.0000
      logreg_desc 0.9191 0.0406  0.8333   1.0000
    random_forest 0.9308 0.0434  0.8333   1.0000
            ridge 0.9118 0.0400  0.8333   0.9667
2026-09-07 16:58:30,392 | INFO | === Permutation test (chance-level null) ===
2026-09-07 16:58:38,914 | INFO |         model  observed_accuracy  perm_mean  perm_std  perm_p_value  n_permutations
random_forest                1.0      0.988     0.016          0.64             200
2026-09-07 16:58:38,914 | INFO | === Applicability domain (section 10) ===
2026-09-07 16:58:38,916 | INFO | applicability_domain
IN-DOMAIN    30
2026-09-07 16:58:38,916 | INFO | === Uncertainty axes (section 11) ===
2026-09-07 16:58:39,058 | INFO |  compound_id  predictive_uncertainty  model_disagreement  ad_uncertainty
           1                  0.2554              0.0325          0.0000
           2                  0.2554              0.0325          0.0000
           3                  0.4436              0.1266          0.0000
           4                  0.3521              0.0680          0.2333
           5                  0.2901              0.0439          0.0000
           6                  0.2514              0.0321          0.0029
           7                  0.2025              0.0203          0.0000
           8                  0.2073              0.0209          0.0000
           9                  0.0995              0.0044          0.0000
          10                  0.1561              0.0114          0.0000
          11                  0.0000              0.0007          0.0274
          12                  0.4779              0.1668          0.0000
          13                  0.0541              0.0016          0.1000
          14                  0.1326              0.0085          0.1591
          15                  0.1129              0.0062          0.1406
          16                  0.1561              0.0114          0.1206
          17                  0.2829              0.0415          0.0500
          18                  0.4578              0.1409          0.0000
          19                  0.3547              0.0698          0.0500
          20                  0.3521              0.0680          0.0136
          21                  0.3190              0.0538          0.0500
          22                  0.3778              0.0816          0.1250
          23                  0.1838              0.0161          0.4132
          24                  0.4386              0.1215          0.0000
          25                  0.2863              0.0419          0.0000
          26                  0.2932              0.0444          0.2611
          27                  0.2713              0.0373          0.1622
          28                  0.2280              0.0256          0.4068
          29                  0.2073              0.0209          0.4305
          30                  0.3000              0.0468          0.4326
2026-09-07 16:58:39,059 | INFO | === Export frozen model artifact for prospective scoring ===
2026-09-07 16:58:39,179 | INFO | Exported frozen model artifact -> /Users/nb/Documents/ligand-based-modeling/project/models/classical/lbm_rf_fp_desc.joblib
2026-09-08 22:55:20,370 | INFO | === Leave-one-compound-out (LOCO) ===
2026-09-08 22:55:28,244 | INFO |             model                representation    n  n_correct  accuracy  balanced_accuracy
      extra_trees              descriptors_only 30.0       21.0    0.7000             0.5559
      extra_trees        fingerprints_morgan_r2 30.0       25.0    0.8333             0.6925
      extra_trees fingerprints_plus_descriptors 30.0       26.0    0.8667             0.7143
gradient_boosting              descriptors_only 30.0       22.0    0.7333             0.6770
gradient_boosting        fingerprints_morgan_r2 30.0       24.0    0.8000             0.6708
gradient_boosting fingerprints_plus_descriptors 30.0       24.0    0.8000             0.6708
      logreg_desc              descriptors_only 30.0       23.0    0.7667             0.6988
      logreg_desc        fingerprints_morgan_r2 30.0       24.0    0.8000             0.7205
      logreg_desc fingerprints_plus_descriptors 30.0       23.0    0.7667             0.6491
         majority              descriptors_only 30.0       23.0    0.7667             0.5000
         majority        fingerprints_morgan_r2 30.0       23.0    0.7667             0.5000
         majority fingerprints_plus_descriptors 30.0       23.0    0.7667             0.5000
           random              descriptors_only 30.0       23.0    0.7667             0.5000
           random        fingerprints_morgan_r2 30.0       23.0    0.7667             0.5000
           random fingerprints_plus_descriptors 30.0       23.0    0.7667             0.5000
    random_forest              descriptors_only 30.0       23.0    0.7667             0.6491
    random_forest        fingerprints_morgan_r2 30.0       25.0    0.8333             0.6925
    random_forest fingerprints_plus_descriptors 30.0       26.0    0.8667             0.7143
            ridge              descriptors_only 30.0       24.0    0.8000             0.7702
            ridge        fingerprints_morgan_r2 30.0       21.0    0.7000             0.6056
            ridge fingerprints_plus_descriptors 30.0       21.0    0.7000             0.6056
2026-09-08 22:55:28,244 | INFO | === Leave-murcko_scaffold-out ===
2026-09-08 22:55:32,642 | INFO | scaffold-out summary (accuracy): {'extra_trees': model
extra_trees    0.7000
extra_trees    0.7333
extra_trees    0.7667
Name: accuracy, dtype: float64, 'gradient_boosting': model
gradient_boosting    0.7333
gradient_boosting    0.7000
gradient_boosting    0.8000
Name: accuracy, dtype: float64, 'logreg_desc': model
logreg_desc    0.7667
logreg_desc    0.7667
logreg_desc    0.7667
Name: accuracy, dtype: float64, 'majority': model
majority    0.7667
majority    0.7667
majority    0.7667
Name: accuracy, dtype: float64, 'random': model
random    0.7333
random    0.7333
random    0.7333
Name: accuracy, dtype: float64, 'random_forest': model
random_forest    0.7333
random_forest    0.7333
random_forest    0.7667
Name: accuracy, dtype: float64, 'ridge': model
ridge    0.7667
ridge    0.7000
ridge    0.7000
Name: accuracy, dtype: float64}
2026-09-08 22:55:32,642 | INFO | === Leave-one-series-out ===
2026-09-08 22:55:37,039 | INFO | series-out summary written (n series = 17)
2026-09-08 22:55:37,039 | INFO | === Chemical-distance validation ===
2026-09-08 22:55:38,038 | INFO | === Bootstrap performance uncertainty ===
2026-09-08 22:57:04,305 | INFO |             model   mean    std  ci_low  ci_high
      extra_trees 0.9305 0.0411  0.8333   1.0000
gradient_boosting 0.9230 0.0451  0.8000   1.0000
      logreg_desc 0.9191 0.0406  0.8333   1.0000
    random_forest 0.9308 0.0434  0.8333   1.0000
            ridge 0.9118 0.0400  0.8333   0.9667
2026-09-08 22:57:04,307 | INFO | === Permutation test (chance-level null) ===
2026-09-08 22:57:12,258 | INFO |         model  observed_accuracy  perm_mean  perm_std  perm_p_value  n_permutations
random_forest                1.0      0.988     0.016          0.64             200
2026-09-08 22:57:12,258 | INFO | === Applicability domain (section 10) ===
2026-09-08 22:57:12,259 | INFO | applicability_domain
IN-DOMAIN    30
2026-09-08 22:57:12,259 | INFO | === Uncertainty axes (section 11) ===
2026-09-08 22:57:12,386 | INFO |  compound_id  predictive_uncertainty  model_disagreement  ad_uncertainty
           1                  0.2554              0.0325          0.0000
           2                  0.2554              0.0325          0.0000
           3                  0.4436              0.1266          0.0000
           4                  0.3521              0.0680          0.2333
           5                  0.2901              0.0439          0.0000
           6                  0.2514              0.0321          0.0029
           7                  0.2025              0.0203          0.0000
           8                  0.2073              0.0209          0.0000
           9                  0.0995              0.0044          0.0000
          10                  0.1561              0.0114          0.0000
          11                  0.0000              0.0007          0.0274
          12                  0.4779              0.1668          0.0000
          13                  0.0541              0.0016          0.1000
          14                  0.1326              0.0085          0.1591
          15                  0.1129              0.0062          0.1406
          16                  0.1561              0.0114          0.1206
          17                  0.2829              0.0415          0.0500
          18                  0.4578              0.1409          0.0000
          19                  0.3547              0.0698          0.0500
          20                  0.3521              0.0680          0.0136
          21                  0.3190              0.0538          0.0500
          22                  0.3778              0.0816          0.1250
          23                  0.1838              0.0161          0.4132
          24                  0.4386              0.1215          0.0000
          25                  0.2863              0.0419          0.0000
          26                  0.2932              0.0444          0.2611
          27                  0.2713              0.0373          0.1622
          28                  0.2280              0.0256          0.4068
          29                  0.2073              0.0209          0.4305
          30                  0.3000              0.0468          0.4326
2026-09-08 22:57:12,386 | INFO | === Export frozen model artifact for prospective scoring ===
2026-09-08 22:57:12,507 | INFO | Exported frozen model artifact -> /Users/nb/Documents/ligand-based-modeling/project/models/classical/lbm_rf_fp_desc.joblib
2026-09-09 00:20:17,060 | INFO | === Leave-one-compound-out (LOCO) ===
2026-09-09 00:20:24,532 | INFO |             model                representation    n  n_correct  accuracy  balanced_accuracy
      extra_trees              descriptors_only 30.0       21.0    0.7000             0.5559
      extra_trees        fingerprints_morgan_r2 30.0       25.0    0.8333             0.6925
      extra_trees fingerprints_plus_descriptors 30.0       26.0    0.8667             0.7143
gradient_boosting              descriptors_only 30.0       22.0    0.7333             0.6770
gradient_boosting        fingerprints_morgan_r2 30.0       24.0    0.8000             0.6708
gradient_boosting fingerprints_plus_descriptors 30.0       24.0    0.8000             0.6708
      logreg_desc              descriptors_only 30.0       23.0    0.7667             0.6988
      logreg_desc        fingerprints_morgan_r2 30.0       24.0    0.8000             0.7205
      logreg_desc fingerprints_plus_descriptors 30.0       23.0    0.7667             0.6491
         majority              descriptors_only 30.0       23.0    0.7667             0.5000
         majority        fingerprints_morgan_r2 30.0       23.0    0.7667             0.5000
         majority fingerprints_plus_descriptors 30.0       23.0    0.7667             0.5000
           random              descriptors_only 30.0       23.0    0.7667             0.5000
           random        fingerprints_morgan_r2 30.0       23.0    0.7667             0.5000
           random fingerprints_plus_descriptors 30.0       23.0    0.7667             0.5000
    random_forest              descriptors_only 30.0       23.0    0.7667             0.6491
    random_forest        fingerprints_morgan_r2 30.0       25.0    0.8333             0.6925
    random_forest fingerprints_plus_descriptors 30.0       26.0    0.8667             0.7143
            ridge              descriptors_only 30.0       24.0    0.8000             0.7702
            ridge        fingerprints_morgan_r2 30.0       21.0    0.7000             0.6056
            ridge fingerprints_plus_descriptors 30.0       21.0    0.7000             0.6056
2026-09-09 00:20:24,532 | INFO | === Leave-murcko_scaffold-out ===
2026-09-09 00:20:28,740 | INFO | scaffold-out summary (accuracy): {'extra_trees': model
extra_trees    0.7000
extra_trees    0.7333
extra_trees    0.7667
Name: accuracy, dtype: float64, 'gradient_boosting': model
gradient_boosting    0.7333
gradient_boosting    0.7000
gradient_boosting    0.8000
Name: accuracy, dtype: float64, 'logreg_desc': model
logreg_desc    0.7667
logreg_desc    0.7667
logreg_desc    0.7667
Name: accuracy, dtype: float64, 'majority': model
majority    0.7667
majority    0.7667
majority    0.7667
Name: accuracy, dtype: float64, 'random': model
random    0.7333
random    0.7333
random    0.7333
Name: accuracy, dtype: float64, 'random_forest': model
random_forest    0.7333
random_forest    0.7333
random_forest    0.7667
Name: accuracy, dtype: float64, 'ridge': model
ridge    0.7667
ridge    0.7000
ridge    0.7000
Name: accuracy, dtype: float64}
2026-09-09 00:20:28,740 | INFO | === Leave-one-series-out ===
2026-09-09 00:20:32,953 | INFO | series-out summary written (n series = 17)
2026-09-09 00:20:32,953 | INFO | === Chemical-distance validation ===
2026-09-09 00:20:33,916 | INFO | === Bootstrap performance uncertainty ===
2026-09-09 00:21:57,699 | INFO |             model   mean    std  ci_low  ci_high
      extra_trees 0.9305 0.0411  0.8333   1.0000
gradient_boosting 0.9230 0.0451  0.8000   1.0000
      logreg_desc 0.9191 0.0406  0.8333   1.0000
    random_forest 0.9308 0.0434  0.8333   1.0000
            ridge 0.9118 0.0400  0.8333   0.9667
2026-09-09 00:21:57,700 | INFO | === Permutation test (chance-level null) ===
2026-09-09 00:22:05,003 | INFO |         model  observed_accuracy  perm_mean  perm_std  perm_p_value  n_permutations
random_forest                1.0      0.988     0.016          0.64             200
2026-09-09 00:22:05,003 | INFO | === Applicability domain (section 10) ===
2026-09-09 00:22:05,005 | INFO | applicability_domain
IN-DOMAIN    30
2026-09-09 00:22:05,005 | INFO | === Uncertainty axes (section 11) ===
2026-09-09 00:22:05,129 | INFO |  compound_id  predictive_uncertainty  model_disagreement  ad_uncertainty
           1                  0.2554              0.0325          0.0000
           2                  0.2554              0.0325          0.0000
           3                  0.4436              0.1266          0.0000
           4                  0.3521              0.0680          0.2333
           5                  0.2901              0.0439          0.0000
           6                  0.2514              0.0321          0.0029
           7                  0.2025              0.0203          0.0000
           8                  0.2073              0.0209          0.0000
           9                  0.0995              0.0044          0.0000
          10                  0.1561              0.0114          0.0000
          11                  0.0000              0.0007          0.0274
          12                  0.4779              0.1668          0.0000
          13                  0.0541              0.0016          0.1000
          14                  0.1326              0.0085          0.1591
          15                  0.1129              0.0062          0.1406
          16                  0.1561              0.0114          0.1206
          17                  0.2829              0.0415          0.0500
          18                  0.4578              0.1409          0.0000
          19                  0.3547              0.0698          0.0500
          20                  0.3521              0.0680          0.0136
          21                  0.3190              0.0538          0.0500
          22                  0.3778              0.0816          0.1250
          23                  0.1838              0.0161          0.4132
          24                  0.4386              0.1215          0.0000
          25                  0.2863              0.0419          0.0000
          26                  0.2932              0.0444          0.2611
          27                  0.2713              0.0373          0.1622
          28                  0.2280              0.0256          0.4068
          29                  0.2073              0.0209          0.4305
          30                  0.3000              0.0468          0.4326
2026-09-09 00:22:05,130 | INFO | === Export frozen model artifact for prospective scoring ===
2026-09-09 00:22:05,232 | INFO | Exported frozen model artifact -> /Users/nb/Documents/ligand-based-modeling/project/models/classical/lbm_rf_fp_desc.joblib
2026-09-09 12:54:16,288 | INFO | === Leave-one-compound-out (LOCO) ===
2026-09-09 12:54:23,615 | INFO |             model                representation    n  n_correct  accuracy  balanced_accuracy
      extra_trees              descriptors_only 30.0       21.0    0.7000             0.5559
      extra_trees        fingerprints_morgan_r2 30.0       25.0    0.8333             0.6925
      extra_trees fingerprints_plus_descriptors 30.0       26.0    0.8667             0.7143
gradient_boosting              descriptors_only 30.0       22.0    0.7333             0.6770
gradient_boosting        fingerprints_morgan_r2 30.0       24.0    0.8000             0.6708
gradient_boosting fingerprints_plus_descriptors 30.0       24.0    0.8000             0.6708
      logreg_desc              descriptors_only 30.0       23.0    0.7667             0.6988
      logreg_desc        fingerprints_morgan_r2 30.0       24.0    0.8000             0.7205
      logreg_desc fingerprints_plus_descriptors 30.0       23.0    0.7667             0.6491
         majority              descriptors_only 30.0       23.0    0.7667             0.5000
         majority        fingerprints_morgan_r2 30.0       23.0    0.7667             0.5000
         majority fingerprints_plus_descriptors 30.0       23.0    0.7667             0.5000
           random              descriptors_only 30.0       23.0    0.7667             0.5000
           random        fingerprints_morgan_r2 30.0       23.0    0.7667             0.5000
           random fingerprints_plus_descriptors 30.0       23.0    0.7667             0.5000
    random_forest              descriptors_only 30.0       23.0    0.7667             0.6491
    random_forest        fingerprints_morgan_r2 30.0       25.0    0.8333             0.6925
    random_forest fingerprints_plus_descriptors 30.0       26.0    0.8667             0.7143
            ridge              descriptors_only 30.0       24.0    0.8000             0.7702
            ridge        fingerprints_morgan_r2 30.0       21.0    0.7000             0.6056
            ridge fingerprints_plus_descriptors 30.0       21.0    0.7000             0.6056
2026-09-09 12:54:23,616 | INFO | === Leave-murcko_scaffold-out ===
2026-09-09 12:54:27,770 | INFO | scaffold-out summary (accuracy): {'extra_trees': model
extra_trees    0.7000
extra_trees    0.7333
extra_trees    0.7667
Name: accuracy, dtype: float64, 'gradient_boosting': model
gradient_boosting    0.7333
gradient_boosting    0.7000
gradient_boosting    0.8000
Name: accuracy, dtype: float64, 'logreg_desc': model
logreg_desc    0.7667
logreg_desc    0.7667
logreg_desc    0.7667
Name: accuracy, dtype: float64, 'majority': model
majority    0.7667
majority    0.7667
majority    0.7667
Name: accuracy, dtype: float64, 'random': model
random    0.7333
random    0.7333
random    0.7333
Name: accuracy, dtype: float64, 'random_forest': model
random_forest    0.7333
random_forest    0.7333
random_forest    0.7667
Name: accuracy, dtype: float64, 'ridge': model
ridge    0.7667
ridge    0.7000
ridge    0.7000
Name: accuracy, dtype: float64}
2026-09-09 12:54:27,770 | INFO | === Leave-one-series-out ===
2026-09-09 12:54:31,924 | INFO | series-out summary written (n series = 17)
2026-09-09 12:54:31,924 | INFO | === Chemical-distance validation ===
2026-09-09 12:54:32,866 | INFO | === Bootstrap performance uncertainty ===
2026-09-09 12:55:57,026 | INFO |             model   mean    std  ci_low  ci_high
      extra_trees 0.9305 0.0411  0.8333   1.0000
gradient_boosting 0.9230 0.0451  0.8000   1.0000
      logreg_desc 0.9191 0.0406  0.8333   1.0000
    random_forest 0.9308 0.0434  0.8333   1.0000
            ridge 0.9118 0.0400  0.8333   0.9667
2026-09-09 12:55:57,027 | INFO | === Permutation test (chance-level null) ===
2026-09-09 12:56:04,161 | INFO |         model  observed_accuracy  perm_mean  perm_std  perm_p_value  n_permutations
random_forest                1.0      0.988     0.016          0.64             200
2026-09-09 12:56:04,161 | INFO | === Applicability domain (section 10) ===
2026-09-09 12:56:04,163 | INFO | applicability_domain
IN-DOMAIN    30
2026-09-09 12:56:04,163 | INFO | === Uncertainty axes (section 11) ===
2026-09-09 12:56:04,282 | INFO |  compound_id  predictive_uncertainty  model_disagreement  ad_uncertainty
           1                  0.2554              0.0325          0.0000
           2                  0.2554              0.0325          0.0000
           3                  0.4436              0.1266          0.0000
           4                  0.3521              0.0680          0.2333
           5                  0.2901              0.0439          0.0000
           6                  0.2514              0.0321          0.0029
           7                  0.2025              0.0203          0.0000
           8                  0.2073              0.0209          0.0000
           9                  0.0995              0.0044          0.0000
          10                  0.1561              0.0114          0.0000
          11                  0.0000              0.0007          0.0274
          12                  0.4779              0.1668          0.0000
          13                  0.0541              0.0016          0.1000
          14                  0.1326              0.0085          0.1591
          15                  0.1129              0.0062          0.1406
          16                  0.1561              0.0114          0.1206
          17                  0.2829              0.0415          0.0500
          18                  0.4578              0.1409          0.0000
          19                  0.3547              0.0698          0.0500
          20                  0.3521              0.0680          0.0136
          21                  0.3190              0.0538          0.0500
          22                  0.3778              0.0816          0.1250
          23                  0.1838              0.0161          0.4132
          24                  0.4386              0.1215          0.0000
          25                  0.2863              0.0419          0.0000
          26                  0.2932              0.0444          0.2611
          27                  0.2713              0.0373          0.1622
          28                  0.2280              0.0256          0.4068
          29                  0.2073              0.0209          0.4305
          30                  0.3000              0.0468          0.4326
2026-09-09 12:56:04,282 | INFO | === Export frozen model artifact for prospective scoring ===
2026-09-09 12:56:04,383 | INFO | Exported frozen model artifact -> /Users/nb/Documents/ligand-based-modeling/project/models/classical/lbm_rf_fp_desc.joblib
2026-09-09 13:41:06,080 | INFO | === Leave-one-compound-out (LOCO) ===
2026-09-09 13:41:13,468 | INFO |             model                representation    n  n_correct  accuracy  balanced_accuracy
      extra_trees              descriptors_only 30.0       21.0    0.7000             0.5559
      extra_trees        fingerprints_morgan_r2 30.0       25.0    0.8333             0.6925
      extra_trees fingerprints_plus_descriptors 30.0       26.0    0.8667             0.7143
gradient_boosting              descriptors_only 30.0       22.0    0.7333             0.6770
gradient_boosting        fingerprints_morgan_r2 30.0       24.0    0.8000             0.6708
gradient_boosting fingerprints_plus_descriptors 30.0       24.0    0.8000             0.6708
      logreg_desc              descriptors_only 30.0       23.0    0.7667             0.6988
      logreg_desc        fingerprints_morgan_r2 30.0       24.0    0.8000             0.7205
      logreg_desc fingerprints_plus_descriptors 30.0       23.0    0.7667             0.6491
         majority              descriptors_only 30.0       23.0    0.7667             0.5000
         majority        fingerprints_morgan_r2 30.0       23.0    0.7667             0.5000
         majority fingerprints_plus_descriptors 30.0       23.0    0.7667             0.5000
           random              descriptors_only 30.0       23.0    0.7667             0.5000
           random        fingerprints_morgan_r2 30.0       23.0    0.7667             0.5000
           random fingerprints_plus_descriptors 30.0       23.0    0.7667             0.5000
    random_forest              descriptors_only 30.0       23.0    0.7667             0.6491
    random_forest        fingerprints_morgan_r2 30.0       25.0    0.8333             0.6925
    random_forest fingerprints_plus_descriptors 30.0       26.0    0.8667             0.7143
            ridge              descriptors_only 30.0       24.0    0.8000             0.7702
            ridge        fingerprints_morgan_r2 30.0       21.0    0.7000             0.6056
            ridge fingerprints_plus_descriptors 30.0       21.0    0.7000             0.6056
2026-09-09 13:41:13,468 | INFO | === Leave-murcko_scaffold-out ===
2026-09-09 13:41:17,627 | INFO | scaffold-out summary (accuracy): {'extra_trees': model
extra_trees    0.7000
extra_trees    0.7333
extra_trees    0.7667
Name: accuracy, dtype: float64, 'gradient_boosting': model
gradient_boosting    0.7333
gradient_boosting    0.7000
gradient_boosting    0.8000
Name: accuracy, dtype: float64, 'logreg_desc': model
logreg_desc    0.7667
logreg_desc    0.7667
logreg_desc    0.7667
Name: accuracy, dtype: float64, 'majority': model
majority    0.7667
majority    0.7667
majority    0.7667
Name: accuracy, dtype: float64, 'random': model
random    0.7333
random    0.7333
random    0.7333
Name: accuracy, dtype: float64, 'random_forest': model
random_forest    0.7333
random_forest    0.7333
random_forest    0.7667
Name: accuracy, dtype: float64, 'ridge': model
ridge    0.7667
ridge    0.7000
ridge    0.7000
Name: accuracy, dtype: float64}
2026-09-09 13:41:17,627 | INFO | === Leave-one-series-out ===
2026-09-09 13:41:21,761 | INFO | series-out summary written (n series = 17)
2026-09-09 13:41:21,761 | INFO | === Chemical-distance validation ===
2026-09-09 13:41:22,712 | INFO | === Bootstrap performance uncertainty ===
2026-09-09 13:42:43,117 | INFO |             model   mean    std  ci_low  ci_high
      extra_trees 0.9305 0.0411  0.8333   1.0000
gradient_boosting 0.9230 0.0451  0.8000   1.0000
      logreg_desc 0.9191 0.0406  0.8333   1.0000
    random_forest 0.9308 0.0434  0.8333   1.0000
            ridge 0.9118 0.0400  0.8333   0.9667
2026-09-09 13:42:43,118 | INFO | === Permutation test (chance-level null) ===
2026-09-09 13:42:50,090 | INFO |         model  observed_accuracy  perm_mean  perm_std  perm_p_value  n_permutations
random_forest                1.0      0.988     0.016          0.64             200
2026-09-09 13:42:50,090 | INFO | === Applicability domain (section 10) ===
2026-09-09 13:42:50,091 | INFO | applicability_domain
IN-DOMAIN    30
2026-09-09 13:42:50,091 | INFO | === Uncertainty axes (section 11) ===
2026-09-09 13:42:50,215 | INFO |  compound_id  predictive_uncertainty  model_disagreement  ad_uncertainty
           1                  0.2554              0.0325          0.0000
           2                  0.2554              0.0325          0.0000
           3                  0.4436              0.1266          0.0000
           4                  0.3521              0.0680          0.2333
           5                  0.2901              0.0439          0.0000
           6                  0.2514              0.0321          0.0029
           7                  0.2025              0.0203          0.0000
           8                  0.2073              0.0209          0.0000
           9                  0.0995              0.0044          0.0000
          10                  0.1561              0.0114          0.0000
          11                  0.0000              0.0007          0.0274
          12                  0.4779              0.1668          0.0000
          13                  0.0541              0.0016          0.1000
          14                  0.1326              0.0085          0.1591
          15                  0.1129              0.0062          0.1406
          16                  0.1561              0.0114          0.1206
          17                  0.2829              0.0415          0.0500
          18                  0.4578              0.1409          0.0000
          19                  0.3547              0.0698          0.0500
          20                  0.3521              0.0680          0.0136
          21                  0.3190              0.0538          0.0500
          22                  0.3778              0.0816          0.1250
          23                  0.1838              0.0161          0.4132
          24                  0.4386              0.1215          0.0000
          25                  0.2863              0.0419          0.0000
          26                  0.2932              0.0444          0.2611
          27                  0.2713              0.0373          0.1622
          28                  0.2280              0.0256          0.4068
          29                  0.2073              0.0209          0.4305
          30                  0.3000              0.0468          0.4326
2026-09-09 13:42:50,215 | INFO | === Export frozen model artifact for prospective scoring ===
2026-09-09 13:42:50,326 | INFO | Exported frozen model artifact -> /Users/nb/Documents/ligand-based-modeling/project/models/classical/lbm_rf_fp_desc.joblib
2026-09-09 13:43:40,615 | INFO | === Leave-one-compound-out (LOCO) ===
2026-09-09 13:43:47,671 | INFO |             model                representation    n  n_correct  accuracy  balanced_accuracy
      extra_trees              descriptors_only 30.0       21.0    0.7000             0.5559
      extra_trees        fingerprints_morgan_r2 30.0       25.0    0.8333             0.6925
      extra_trees fingerprints_plus_descriptors 30.0       26.0    0.8667             0.7143
gradient_boosting              descriptors_only 30.0       22.0    0.7333             0.6770
gradient_boosting        fingerprints_morgan_r2 30.0       24.0    0.8000             0.6708
gradient_boosting fingerprints_plus_descriptors 30.0       24.0    0.8000             0.6708
      logreg_desc              descriptors_only 30.0       23.0    0.7667             0.6988
      logreg_desc        fingerprints_morgan_r2 30.0       24.0    0.8000             0.7205
      logreg_desc fingerprints_plus_descriptors 30.0       23.0    0.7667             0.6491
         majority              descriptors_only 30.0       23.0    0.7667             0.5000
         majority        fingerprints_morgan_r2 30.0       23.0    0.7667             0.5000
         majority fingerprints_plus_descriptors 30.0       23.0    0.7667             0.5000
           random              descriptors_only 30.0       23.0    0.7667             0.5000
           random        fingerprints_morgan_r2 30.0       23.0    0.7667             0.5000
           random fingerprints_plus_descriptors 30.0       23.0    0.7667             0.5000
    random_forest              descriptors_only 30.0       23.0    0.7667             0.6491
    random_forest        fingerprints_morgan_r2 30.0       25.0    0.8333             0.6925
    random_forest fingerprints_plus_descriptors 30.0       26.0    0.8667             0.7143
            ridge              descriptors_only 30.0       24.0    0.8000             0.7702
            ridge        fingerprints_morgan_r2 30.0       21.0    0.7000             0.6056
            ridge fingerprints_plus_descriptors 30.0       21.0    0.7000             0.6056
2026-09-09 13:43:47,671 | INFO | === Leave-murcko_scaffold-out ===
2026-09-09 13:43:51,697 | INFO | scaffold-out summary (accuracy): {'extra_trees': model
extra_trees    0.7000
extra_trees    0.7333
extra_trees    0.7667
Name: accuracy, dtype: float64, 'gradient_boosting': model
gradient_boosting    0.7333
gradient_boosting    0.7000
gradient_boosting    0.8000
Name: accuracy, dtype: float64, 'logreg_desc': model
logreg_desc    0.7667
logreg_desc    0.7667
logreg_desc    0.7667
Name: accuracy, dtype: float64, 'majority': model
majority    0.7667
majority    0.7667
majority    0.7667
Name: accuracy, dtype: float64, 'random': model
random    0.7333
random    0.7333
random    0.7333
Name: accuracy, dtype: float64, 'random_forest': model
random_forest    0.7333
random_forest    0.7333
random_forest    0.7667
Name: accuracy, dtype: float64, 'ridge': model
ridge    0.7667
ridge    0.7000
ridge    0.7000
Name: accuracy, dtype: float64}
2026-09-09 13:43:51,697 | INFO | === Leave-one-series-out ===
2026-09-09 13:43:55,700 | INFO | series-out summary written (n series = 17)
2026-09-09 13:43:55,700 | INFO | === Chemical-distance validation ===
2026-09-09 13:43:56,621 | INFO | === Bootstrap performance uncertainty ===
2026-09-09 13:45:16,096 | INFO |             model   mean    std  ci_low  ci_high
      extra_trees 0.9305 0.0411  0.8333   1.0000
gradient_boosting 0.9230 0.0451  0.8000   1.0000
      logreg_desc 0.9191 0.0406  0.8333   1.0000
    random_forest 0.9308 0.0434  0.8333   1.0000
            ridge 0.9118 0.0400  0.8333   0.9667
2026-09-09 13:45:16,097 | INFO | === Permutation test (chance-level null) ===
2026-09-09 13:45:23,013 | INFO |         model  observed_accuracy  perm_mean  perm_std  perm_p_value  n_permutations
random_forest                1.0      0.988     0.016          0.64             200
2026-09-09 13:45:23,013 | INFO | === Applicability domain (section 10) ===
2026-09-09 13:45:23,015 | INFO | applicability_domain
IN-DOMAIN    30
2026-09-09 13:45:23,015 | INFO | === Uncertainty axes (section 11) ===
2026-09-09 13:45:23,133 | INFO |  compound_id  predictive_uncertainty  model_disagreement  ad_uncertainty
           1                  0.2554              0.0325          0.0000
           2                  0.2554              0.0325          0.0000
           3                  0.4436              0.1266          0.0000
           4                  0.3521              0.0680          0.2333
           5                  0.2901              0.0439          0.0000
           6                  0.2514              0.0321          0.0029
           7                  0.2025              0.0203          0.0000
           8                  0.2073              0.0209          0.0000
           9                  0.0995              0.0044          0.0000
          10                  0.1561              0.0114          0.0000
          11                  0.0000              0.0007          0.0274
          12                  0.4779              0.1668          0.0000
          13                  0.0541              0.0016          0.1000
          14                  0.1326              0.0085          0.1591
          15                  0.1129              0.0062          0.1406
          16                  0.1561              0.0114          0.1206
          17                  0.2829              0.0415          0.0500
          18                  0.4578              0.1409          0.0000
          19                  0.3547              0.0698          0.0500
          20                  0.3521              0.0680          0.0136
          21                  0.3190              0.0538          0.0500
          22                  0.3778              0.0816          0.1250
          23                  0.1838              0.0161          0.4132
          24                  0.4386              0.1215          0.0000
          25                  0.2863              0.0419          0.0000
          26                  0.2932              0.0444          0.2611
          27                  0.2713              0.0373          0.1622
          28                  0.2280              0.0256          0.4068
          29                  0.2073              0.0209          0.4305
          30                  0.3000              0.0468          0.4326
2026-09-09 13:45:23,133 | INFO | === Export frozen model artifact for prospective scoring ===
2026-09-09 13:45:23,237 | INFO | Exported frozen model artifact -> /Users/nb/Documents/ligand-based-modeling/project/models/classical/lbm_rf_fp_desc.joblib
2026-09-09 15:55:22,012 | INFO | === Leave-one-compound-out (LOCO) ===
2026-09-09 15:55:43,031 | INFO |             model                representation    n  n_correct  accuracy  balanced_accuracy
      extra_trees              descriptors_only 30.0       21.0    0.7000             0.5559
      extra_trees        fingerprints_morgan_r2 30.0       25.0    0.8333             0.6925
      extra_trees fingerprints_plus_descriptors 30.0       26.0    0.8667             0.7143
gradient_boosting              descriptors_only 30.0       22.0    0.7333             0.6770
gradient_boosting        fingerprints_morgan_r2 30.0       24.0    0.8000             0.6708
gradient_boosting fingerprints_plus_descriptors 30.0       24.0    0.8000             0.6708
      logreg_desc              descriptors_only 30.0       23.0    0.7667             0.6988
      logreg_desc        fingerprints_morgan_r2 30.0       24.0    0.8000             0.7205
      logreg_desc fingerprints_plus_descriptors 30.0       23.0    0.7667             0.6491
         majority              descriptors_only 30.0       23.0    0.7667             0.5000
         majority        fingerprints_morgan_r2 30.0       23.0    0.7667             0.5000
         majority fingerprints_plus_descriptors 30.0       23.0    0.7667             0.5000
           random              descriptors_only 30.0       23.0    0.7667             0.5000
           random        fingerprints_morgan_r2 30.0       23.0    0.7667             0.5000
           random fingerprints_plus_descriptors 30.0       23.0    0.7667             0.5000
    random_forest              descriptors_only 30.0       23.0    0.7667             0.6491
    random_forest        fingerprints_morgan_r2 30.0       25.0    0.8333             0.6925
    random_forest fingerprints_plus_descriptors 30.0       26.0    0.8667             0.7143
            ridge              descriptors_only 30.0       24.0    0.8000             0.7702
            ridge        fingerprints_morgan_r2 30.0       21.0    0.7000             0.6056
            ridge fingerprints_plus_descriptors 30.0       21.0    0.7000             0.6056
2026-09-09 15:55:43,032 | INFO | === Leave-murcko_scaffold-out ===
2026-09-09 15:55:52,699 | INFO | scaffold-out summary (accuracy): {'extra_trees': model
extra_trees    0.7000
extra_trees    0.7333
extra_trees    0.7667
Name: accuracy, dtype: float64, 'gradient_boosting': model
gradient_boosting    0.7333
gradient_boosting    0.7000
gradient_boosting    0.8000
Name: accuracy, dtype: float64, 'logreg_desc': model
logreg_desc    0.7667
logreg_desc    0.7667
logreg_desc    0.7667
Name: accuracy, dtype: float64, 'majority': model
majority    0.7667
majority    0.7667
majority    0.7667
Name: accuracy, dtype: float64, 'random': model
random    0.7333
random    0.7333
random    0.7333
Name: accuracy, dtype: float64, 'random_forest': model
random_forest    0.7333
random_forest    0.7333
random_forest    0.7667
Name: accuracy, dtype: float64, 'ridge': model
ridge    0.7667
ridge    0.7000
ridge    0.7000
Name: accuracy, dtype: float64}
2026-09-09 15:55:52,699 | INFO | === Leave-one-series-out ===
2026-09-09 15:56:00,869 | INFO | series-out summary written (n series = 17)
2026-09-09 15:56:00,870 | INFO | === Chemical-distance validation ===
2026-09-09 15:56:02,597 | INFO | === Bootstrap performance uncertainty ===
2026-09-09 15:58:55,635 | INFO |             model   mean    std  ci_low  ci_high
      extra_trees 0.9305 0.0411  0.8333   1.0000
gradient_boosting 0.9230 0.0451  0.8000   1.0000
      logreg_desc 0.9191 0.0406  0.8333   1.0000
    random_forest 0.9308 0.0434  0.8333   1.0000
            ridge 0.9118 0.0400  0.8333   0.9667
2026-09-09 15:58:55,636 | INFO | === Permutation test (chance-level null) ===
2026-09-09 15:59:11,467 | INFO |         model  observed_accuracy  perm_mean  perm_std  perm_p_value  n_permutations
random_forest                1.0      0.988     0.016          0.64             200
2026-09-09 15:59:11,468 | INFO | === Applicability domain (section 10) ===
2026-09-09 15:59:11,471 | INFO | applicability_domain
IN-DOMAIN    30
2026-09-09 15:59:11,471 | INFO | === Uncertainty axes (section 11) ===
2026-09-09 15:59:11,773 | INFO |  compound_id  predictive_uncertainty  model_disagreement  ad_uncertainty
           1                  0.2554              0.0325          0.0000
           2                  0.2554              0.0325          0.0000
           3                  0.4436              0.1266          0.0000
           4                  0.3521              0.0680          0.2333
           5                  0.2901              0.0439          0.0000
           6                  0.2514              0.0321          0.0029
           7                  0.2025              0.0203          0.0000
           8                  0.2073              0.0209          0.0000
           9                  0.0995              0.0044          0.0000
          10                  0.1561              0.0114          0.0000
          11                  0.0000              0.0007          0.0274
          12                  0.4779              0.1668          0.0000
          13                  0.0541              0.0016          0.1000
          14                  0.1326              0.0085          0.1591
          15                  0.1129              0.0062          0.1406
          16                  0.1561              0.0114          0.1206
          17                  0.2829              0.0415          0.0500
          18                  0.4578              0.1409          0.0000
          19                  0.3547              0.0698          0.0500
          20                  0.3521              0.0680          0.0136
          21                  0.3190              0.0538          0.0500
          22                  0.3778              0.0816          0.1250
          23                  0.1838              0.0161          0.4132
          24                  0.4386              0.1215          0.0000
          25                  0.2863              0.0419          0.0000
          26                  0.2932              0.0444          0.2611
          27                  0.2713              0.0373          0.1622
          28                  0.2280              0.0256          0.4068
          29                  0.2073              0.0209          0.4305
          30                  0.3000              0.0468          0.4326
2026-09-09 15:59:11,774 | INFO | === Export frozen model artifact for prospective scoring ===
2026-09-09 15:59:12,015 | INFO | Exported frozen model artifact -> /Users/nb/Documents/ligand-based-modeling/project/models/classical/lbm_rf_fp_desc.joblib
2026-09-10 13:39:32,529 | INFO | === Leave-one-compound-out (LOCO) ===
2026-09-10 13:39:39,867 | INFO |             model                representation    n  n_correct  accuracy  balanced_accuracy
      extra_trees              descriptors_only 30.0       21.0    0.7000             0.5559
      extra_trees        fingerprints_morgan_r2 30.0       25.0    0.8333             0.6925
      extra_trees fingerprints_plus_descriptors 30.0       26.0    0.8667             0.7143
gradient_boosting              descriptors_only 30.0       22.0    0.7333             0.6770
gradient_boosting        fingerprints_morgan_r2 30.0       24.0    0.8000             0.6708
gradient_boosting fingerprints_plus_descriptors 30.0       24.0    0.8000             0.6708
      logreg_desc              descriptors_only 30.0       23.0    0.7667             0.6988
      logreg_desc        fingerprints_morgan_r2 30.0       24.0    0.8000             0.7205
      logreg_desc fingerprints_plus_descriptors 30.0       23.0    0.7667             0.6491
         majority              descriptors_only 30.0       23.0    0.7667             0.5000
         majority        fingerprints_morgan_r2 30.0       23.0    0.7667             0.5000
         majority fingerprints_plus_descriptors 30.0       23.0    0.7667             0.5000
           random              descriptors_only 30.0       23.0    0.7667             0.5000
           random        fingerprints_morgan_r2 30.0       23.0    0.7667             0.5000
           random fingerprints_plus_descriptors 30.0       23.0    0.7667             0.5000
    random_forest              descriptors_only 30.0       23.0    0.7667             0.6491
    random_forest        fingerprints_morgan_r2 30.0       25.0    0.8333             0.6925
    random_forest fingerprints_plus_descriptors 30.0       26.0    0.8667             0.7143
            ridge              descriptors_only 30.0       24.0    0.8000             0.7702
            ridge        fingerprints_morgan_r2 30.0       21.0    0.7000             0.6056
            ridge fingerprints_plus_descriptors 30.0       21.0    0.7000             0.6056
2026-09-10 13:39:39,867 | INFO | === Leave-murcko_scaffold-out ===
2026-09-10 13:39:44,009 | INFO | scaffold-out summary (accuracy): {'extra_trees': model
extra_trees    0.7000
extra_trees    0.7333
extra_trees    0.7667
Name: accuracy, dtype: float64, 'gradient_boosting': model
gradient_boosting    0.7333
gradient_boosting    0.7000
gradient_boosting    0.8000
Name: accuracy, dtype: float64, 'logreg_desc': model
logreg_desc    0.7667
logreg_desc    0.7667
logreg_desc    0.7667
Name: accuracy, dtype: float64, 'majority': model
majority    0.7667
majority    0.7667
majority    0.7667
Name: accuracy, dtype: float64, 'random': model
random    0.7333
random    0.7333
random    0.7333
Name: accuracy, dtype: float64, 'random_forest': model
random_forest    0.7333
random_forest    0.7333
random_forest    0.7667
Name: accuracy, dtype: float64, 'ridge': model
ridge    0.7667
ridge    0.7000
ridge    0.7000
Name: accuracy, dtype: float64}
2026-09-10 13:39:44,009 | INFO | === Leave-one-series-out ===
2026-09-10 13:39:48,048 | INFO | series-out summary written (n series = 17)
2026-09-10 13:39:48,048 | INFO | === Chemical-distance validation ===
2026-09-10 13:39:48,969 | INFO | === Bootstrap performance uncertainty ===
2026-09-10 13:41:10,356 | INFO |             model   mean    std  ci_low  ci_high
      extra_trees 0.9305 0.0411  0.8333   1.0000
gradient_boosting 0.9230 0.0451  0.8000   1.0000
      logreg_desc 0.9191 0.0406  0.8333   1.0000
    random_forest 0.9308 0.0434  0.8333   1.0000
            ridge 0.9118 0.0400  0.8333   0.9667
2026-09-10 13:41:10,357 | INFO | === Permutation test (chance-level null) ===
2026-09-10 13:41:17,418 | INFO |         model  observed_accuracy  perm_mean  perm_std  perm_p_value  n_permutations
random_forest                1.0      0.988     0.016          0.64             200
2026-09-10 13:41:17,418 | INFO | === Applicability domain (section 10) ===
2026-09-10 13:41:17,420 | INFO | applicability_domain
IN-DOMAIN    30
2026-09-10 13:41:17,420 | INFO | === Uncertainty axes (section 11) ===
2026-09-10 13:41:17,543 | INFO |  compound_id  predictive_uncertainty  model_disagreement  ad_uncertainty
           1                  0.2554              0.0325          0.0000
           2                  0.2554              0.0325          0.0000
           3                  0.4436              0.1266          0.0000
           4                  0.3521              0.0680          0.2333
           5                  0.2901              0.0439          0.0000
           6                  0.2514              0.0321          0.0029
           7                  0.2025              0.0203          0.0000
           8                  0.2073              0.0209          0.0000
           9                  0.0995              0.0044          0.0000
          10                  0.1561              0.0114          0.0000
          11                  0.0000              0.0007          0.0274
          12                  0.4779              0.1668          0.0000
          13                  0.0541              0.0016          0.1000
          14                  0.1326              0.0085          0.1591
          15                  0.1129              0.0062          0.1406
          16                  0.1561              0.0114          0.1206
          17                  0.2829              0.0415          0.0500
          18                  0.4578              0.1409          0.0000
          19                  0.3547              0.0698          0.0500
          20                  0.3521              0.0680          0.0136
          21                  0.3190              0.0538          0.0500
          22                  0.3778              0.0816          0.1250
          23                  0.1838              0.0161          0.4132
          24                  0.4386              0.1215          0.0000
          25                  0.2863              0.0419          0.0000
          26                  0.2932              0.0444          0.2611
          27                  0.2713              0.0373          0.1622
          28                  0.2280              0.0256          0.4068
          29                  0.2073              0.0209          0.4305
          30                  0.3000              0.0468          0.4326
2026-09-10 13:41:17,543 | INFO | === Export frozen model artifact for prospective scoring ===
2026-09-10 13:41:17,654 | INFO | Exported frozen model artifact -> /Users/nb/Documents/ligand-based-modeling/project/models/classical/lbm_rf_fp_desc.joblib
2026-09-10 14:10:48,434 | INFO | === Leave-one-compound-out (LOCO) ===
2026-09-10 14:10:55,524 | INFO |             model                representation    n  n_correct  accuracy  balanced_accuracy
      extra_trees              descriptors_only 30.0       21.0    0.7000             0.5559
      extra_trees        fingerprints_morgan_r2 30.0       25.0    0.8333             0.6925
      extra_trees fingerprints_plus_descriptors 30.0       26.0    0.8667             0.7143
gradient_boosting              descriptors_only 30.0       22.0    0.7333             0.6770
gradient_boosting        fingerprints_morgan_r2 30.0       24.0    0.8000             0.6708
gradient_boosting fingerprints_plus_descriptors 30.0       24.0    0.8000             0.6708
      logreg_desc              descriptors_only 30.0       23.0    0.7667             0.6988
      logreg_desc        fingerprints_morgan_r2 30.0       24.0    0.8000             0.7205
      logreg_desc fingerprints_plus_descriptors 30.0       23.0    0.7667             0.6491
         majority              descriptors_only 30.0       23.0    0.7667             0.5000
         majority        fingerprints_morgan_r2 30.0       23.0    0.7667             0.5000
         majority fingerprints_plus_descriptors 30.0       23.0    0.7667             0.5000
           random              descriptors_only 30.0       23.0    0.7667             0.5000
           random        fingerprints_morgan_r2 30.0       23.0    0.7667             0.5000
           random fingerprints_plus_descriptors 30.0       23.0    0.7667             0.5000
    random_forest              descriptors_only 30.0       23.0    0.7667             0.6491
    random_forest        fingerprints_morgan_r2 30.0       25.0    0.8333             0.6925
    random_forest fingerprints_plus_descriptors 30.0       26.0    0.8667             0.7143
            ridge              descriptors_only 30.0       24.0    0.8000             0.7702
            ridge        fingerprints_morgan_r2 30.0       21.0    0.7000             0.6056
            ridge fingerprints_plus_descriptors 30.0       21.0    0.7000             0.6056
2026-09-10 14:10:55,524 | INFO | === Leave-murcko_scaffold-out ===
2026-09-10 14:10:59,545 | INFO | scaffold-out summary (accuracy): {'extra_trees': model
extra_trees    0.7000
extra_trees    0.7333
extra_trees    0.7667
Name: accuracy, dtype: float64, 'gradient_boosting': model
gradient_boosting    0.7333
gradient_boosting    0.7000
gradient_boosting    0.8000
Name: accuracy, dtype: float64, 'logreg_desc': model
logreg_desc    0.7667
logreg_desc    0.7667
logreg_desc    0.7667
Name: accuracy, dtype: float64, 'majority': model
majority    0.7667
majority    0.7667
majority    0.7667
Name: accuracy, dtype: float64, 'random': model
random    0.7333
random    0.7333
random    0.7333
Name: accuracy, dtype: float64, 'random_forest': model
random_forest    0.7333
random_forest    0.7333
random_forest    0.7667
Name: accuracy, dtype: float64, 'ridge': model
ridge    0.7667
ridge    0.7000
ridge    0.7000
Name: accuracy, dtype: float64}
2026-09-10 14:10:59,545 | INFO | === Leave-one-series-out ===
2026-09-10 14:11:03,546 | INFO | series-out summary written (n series = 17)
2026-09-10 14:11:03,546 | INFO | === Chemical-distance validation ===
2026-09-10 14:11:04,461 | INFO | === Bootstrap performance uncertainty ===
2026-09-10 14:12:24,068 | INFO |             model   mean    std  ci_low  ci_high
      extra_trees 0.9305 0.0411  0.8333   1.0000
gradient_boosting 0.9230 0.0451  0.8000   1.0000
      logreg_desc 0.9191 0.0406  0.8333   1.0000
    random_forest 0.9308 0.0434  0.8333   1.0000
            ridge 0.9118 0.0400  0.8333   0.9667
2026-09-10 14:12:24,069 | INFO | === Permutation test (chance-level null) ===
2026-09-10 14:12:30,999 | INFO |         model  observed_accuracy  perm_mean  perm_std  perm_p_value  n_permutations
random_forest                1.0      0.988     0.016          0.64             200
2026-09-10 14:12:30,999 | INFO | === Applicability domain (section 10) ===
2026-09-10 14:12:31,001 | INFO | applicability_domain
IN-DOMAIN    30
2026-09-10 14:12:31,001 | INFO | === Uncertainty axes (section 11) ===
2026-09-10 14:12:31,117 | INFO |  compound_id  predictive_uncertainty  model_disagreement  ad_uncertainty
           1                  0.2554              0.0325          0.0000
           2                  0.2554              0.0325          0.0000
           3                  0.4436              0.1266          0.0000
           4                  0.3521              0.0680          0.2333
           5                  0.2901              0.0439          0.0000
           6                  0.2514              0.0321          0.0029
           7                  0.2025              0.0203          0.0000
           8                  0.2073              0.0209          0.0000
           9                  0.0995              0.0044          0.0000
          10                  0.1561              0.0114          0.0000
          11                  0.0000              0.0007          0.0274
          12                  0.4779              0.1668          0.0000
          13                  0.0541              0.0016          0.1000
          14                  0.1326              0.0085          0.1591
          15                  0.1129              0.0062          0.1406
          16                  0.1561              0.0114          0.1206
          17                  0.2829              0.0415          0.0500
          18                  0.4578              0.1409          0.0000
          19                  0.3547              0.0698          0.0500
          20                  0.3521              0.0680          0.0136
          21                  0.3190              0.0538          0.0500
          22                  0.3778              0.0816          0.1250
          23                  0.1838              0.0161          0.4132
          24                  0.4386              0.1215          0.0000
          25                  0.2863              0.0419          0.0000
          26                  0.2932              0.0444          0.2611
          27                  0.2713              0.0373          0.1622
          28                  0.2280              0.0256          0.4068
          29                  0.2073              0.0209          0.4305
          30                  0.3000              0.0468          0.4326
2026-09-10 14:12:31,117 | INFO | === Export frozen model artifact for prospective scoring ===
2026-09-10 14:12:31,220 | INFO | Exported frozen model artifact -> /Users/nb/Documents/ligand-based-modeling/project/models/classical/lbm_rf_fp_desc.joblib
2026-09-10 14:17:53,645 | INFO | === Leave-one-compound-out (LOCO) ===
2026-09-10 14:18:00,776 | INFO |             model                representation    n  n_correct  accuracy  balanced_accuracy
      extra_trees              descriptors_only 30.0       21.0    0.7000             0.5559
      extra_trees        fingerprints_morgan_r2 30.0       25.0    0.8333             0.6925
      extra_trees fingerprints_plus_descriptors 30.0       26.0    0.8667             0.7143
gradient_boosting              descriptors_only 30.0       22.0    0.7333             0.6770
gradient_boosting        fingerprints_morgan_r2 30.0       24.0    0.8000             0.6708
gradient_boosting fingerprints_plus_descriptors 30.0       24.0    0.8000             0.6708
      logreg_desc              descriptors_only 30.0       23.0    0.7667             0.6988
      logreg_desc        fingerprints_morgan_r2 30.0       24.0    0.8000             0.7205
      logreg_desc fingerprints_plus_descriptors 30.0       23.0    0.7667             0.6491
         majority              descriptors_only 30.0       23.0    0.7667             0.5000
         majority        fingerprints_morgan_r2 30.0       23.0    0.7667             0.5000
         majority fingerprints_plus_descriptors 30.0       23.0    0.7667             0.5000
           random              descriptors_only 30.0       23.0    0.7667             0.5000
           random        fingerprints_morgan_r2 30.0       23.0    0.7667             0.5000
           random fingerprints_plus_descriptors 30.0       23.0    0.7667             0.5000
    random_forest              descriptors_only 30.0       23.0    0.7667             0.6491
    random_forest        fingerprints_morgan_r2 30.0       25.0    0.8333             0.6925
    random_forest fingerprints_plus_descriptors 30.0       26.0    0.8667             0.7143
            ridge              descriptors_only 30.0       24.0    0.8000             0.7702
            ridge        fingerprints_morgan_r2 30.0       21.0    0.7000             0.6056
            ridge fingerprints_plus_descriptors 30.0       21.0    0.7000             0.6056
2026-09-10 14:18:00,776 | INFO | === Leave-murcko_scaffold-out ===
2026-09-10 14:18:04,839 | INFO | scaffold-out summary (accuracy): {'extra_trees': model
extra_trees    0.7000
extra_trees    0.7333
extra_trees    0.7667
Name: accuracy, dtype: float64, 'gradient_boosting': model
gradient_boosting    0.7333
gradient_boosting    0.7000
gradient_boosting    0.8000
Name: accuracy, dtype: float64, 'logreg_desc': model
logreg_desc    0.7667
logreg_desc    0.7667
logreg_desc    0.7667
Name: accuracy, dtype: float64, 'majority': model
majority    0.7667
majority    0.7667
majority    0.7667
Name: accuracy, dtype: float64, 'random': model
random    0.7333
random    0.7333
random    0.7333
Name: accuracy, dtype: float64, 'random_forest': model
random_forest    0.7333
random_forest    0.7333
random_forest    0.7667
Name: accuracy, dtype: float64, 'ridge': model
ridge    0.7667
ridge    0.7000
ridge    0.7000
Name: accuracy, dtype: float64}
2026-09-10 14:18:04,839 | INFO | === Leave-one-series-out ===
2026-09-10 14:18:08,889 | INFO | series-out summary written (n series = 17)
2026-09-10 14:18:08,889 | INFO | === Chemical-distance validation ===
2026-09-10 14:18:09,811 | INFO | === Bootstrap performance uncertainty ===
2026-09-10 14:19:29,698 | INFO |             model   mean    std  ci_low  ci_high
      extra_trees 0.9305 0.0411  0.8333   1.0000
gradient_boosting 0.9230 0.0451  0.8000   1.0000
      logreg_desc 0.9191 0.0406  0.8333   1.0000
    random_forest 0.9308 0.0434  0.8333   1.0000
            ridge 0.9118 0.0400  0.8333   0.9667
2026-09-10 14:19:29,698 | INFO | === Permutation test (chance-level null) ===
2026-09-10 14:19:36,673 | INFO |         model  observed_accuracy  perm_mean  perm_std  perm_p_value  n_permutations
random_forest                1.0      0.988     0.016          0.64             200
2026-09-10 14:19:36,673 | INFO | === Applicability domain (section 10) ===
2026-09-10 14:19:36,674 | INFO | applicability_domain
IN-DOMAIN    30
2026-09-10 14:19:36,674 | INFO | === Uncertainty axes (section 11) ===
2026-09-10 14:19:36,791 | INFO |  compound_id  predictive_uncertainty  model_disagreement  ad_uncertainty
           1                  0.2554              0.0325          0.0000
           2                  0.2554              0.0325          0.0000
           3                  0.4436              0.1266          0.0000
           4                  0.3521              0.0680          0.2333
           5                  0.2901              0.0439          0.0000
           6                  0.2514              0.0321          0.0029
           7                  0.2025              0.0203          0.0000
           8                  0.2073              0.0209          0.0000
           9                  0.0995              0.0044          0.0000
          10                  0.1561              0.0114          0.0000
          11                  0.0000              0.0007          0.0274
          12                  0.4779              0.1668          0.0000
          13                  0.0541              0.0016          0.1000
          14                  0.1326              0.0085          0.1591
          15                  0.1129              0.0062          0.1406
          16                  0.1561              0.0114          0.1206
          17                  0.2829              0.0415          0.0500
          18                  0.4578              0.1409          0.0000
          19                  0.3547              0.0698          0.0500
          20                  0.3521              0.0680          0.0136
          21                  0.3190              0.0538          0.0500
          22                  0.3778              0.0816          0.1250
          23                  0.1838              0.0161          0.4132
          24                  0.4386              0.1215          0.0000
          25                  0.2863              0.0419          0.0000
          26                  0.2932              0.0444          0.2611
          27                  0.2713              0.0373          0.1622
          28                  0.2280              0.0256          0.4068
          29                  0.2073              0.0209          0.4305
          30                  0.3000              0.0468          0.4326
2026-09-10 14:19:36,791 | INFO | === Export frozen model artifact for prospective scoring ===
2026-09-10 14:19:36,890 | INFO | Exported frozen model artifact -> /Users/nb/Documents/ligand-based-modeling/project/models/classical/lbm_rf_fp_desc.joblib
