20:46:25 <INFO> Started REINVENT 4.8.24 (C) AstraZeneca 2017, 2023 on 2026-09-14
20:46:25 <INFO> Command line: /cluster/home/nbhatt04/Low-data-alpah9alpah10-r01-ligand-based/project/venvs/reinvent312/bin/reinvent /cluster/home/nbhatt04/Low-data-alpah9alpah10-r01-ligand-based/project/reinvent/configs/de_novo_staged_learning.toml
20:46:25 <INFO> Reading run configuration from /cluster/home/nbhatt04/Low-data-alpah9alpah10-r01-ligand-based/project/reinvent/configs/de_novo_staged_learning.toml using format toml
20:46:25 <INFO> User nbhatt04 on host pax063
20:46:25 <INFO> Python version 3.11.16
20:46:25 <INFO> PyTorch version 2.12.0+cu126 git 7661cd9c6b841b62b7f411aa52ec51f05457263b
20:46:25 <INFO> PyTorch compiled with CUDA version 12.6
20:46:25 <INFO> RDKit version 2026.03.6
20:46:25 <INFO> Platform Linux-5.14.0-570.60.1+21.1.el9_6_ciq.x86_64-x86_64-with-glibc2.34
20:46:26 <INFO> CUDA driver version 575.57.08
20:46:26 <INFO> Number of PyTorch CUDA devices 1
20:46:26 <INFO> Using GPU device:0 NVIDIA H100 PCIe
20:46:26 <INFO> GPU memory: 80622 MiB free, 81079 MiB total
20:46:26 <INFO> Writing TensorBoard summary to /cluster/home/nbhatt04/Low-data-alpah9alpah10-r01-ligand-based/project/reinvent/out/de_novo/tb_logs
20:46:26 <INFO> Writing JSON config file to /cluster/home/nbhatt04/Low-data-alpah9alpah10-r01-ligand-based/project/reinvent/out/de_novo/_de_novo.json
20:46:26 <INFO> Starting 1 stage of Reinforcement Learning
20:46:26 <ERRO> /cluster/home/nbhatt04/Low-data-alpah9alpah10-r01-ligand-based/project/priors/reinvent_pubchem.prior has invalid hash:
{ 'comments': ['test small batch size', 'TL'],
  'creation_date': 1741157561.98086,
  'date_format': 'UNIX epoch',
  'hash_id': 'cb6c8ae795fefcc07c366041382b353d',
  'hash_id_format': 'xxhash.xxh3_128_hex 3.4.1',
  'model_id': UUID('4178afaa-e86f-4baf-a5e1-2c324c401e7f'),
  'model_id_format': 'uuid.uuid4 3.10.16',
  'origina_data_source': 'PubChem 2024-06-03',
  'updates': [1741606576.2719467]}
20:46:26 <INFO> Number of network parameters: 5,880,195
20:46:26 <INFO> Network architecture:
RNN(
  (_embedding): Embedding(131, 256)
  (_rnn): LSTM(256, 512, num_layers=3, batch_first=True)
  (_linear): Linear(in_features=512, out_features=131, bias=True)
)
20:46:26 <ERRO> /cluster/home/nbhatt04/Low-data-alpah9alpah10-r01-ligand-based/project/priors/reinvent_pubchem.prior has invalid hash:
{ 'comments': ['test small batch size', 'TL'],
  'creation_date': 1741157561.98086,
  'date_format': 'UNIX epoch',
  'hash_id': 'cb6c8ae795fefcc07c366041382b353d',
  'hash_id_format': 'xxhash.xxh3_128_hex 3.4.1',
  'model_id': UUID('4178afaa-e86f-4baf-a5e1-2c324c401e7f'),
  'model_id_format': 'uuid.uuid4 3.10.16',
  'origina_data_source': 'PubChem 2024-06-03',
  'updates': [1741606576.2719467]}
20:46:26 <INFO> Number of network parameters: 5,880,195
20:46:26 <INFO> Network architecture:
RNN(
  (_embedding): Embedding(131, 256)
  (_rnn): LSTM(256, 512, num_layers=3, batch_first=True)
  (_linear): Linear(in_features=512, out_features=131, bias=True)
)
20:46:26 <INFO> Using generator Reinvent
20:46:26 <INFO> Prior read from /cluster/home/nbhatt04/Low-data-alpah9alpah10-r01-ligand-based/project/priors/reinvent_pubchem.prior
20:46:26 <INFO> Agent read from /cluster/home/nbhatt04/Low-data-alpah9alpah10-r01-ligand-based/project/priors/reinvent_pubchem.prior
20:46:26 <INFO> Using reward strategy dap
20:46:26 <INFO> Using diversity filter IdenticalMurckoScaffold
20:46:26 <INFO> Diversity filter memories are retained between stages
20:46:26 <WARN> Inception disabled but may speed up convergence
20:46:26 <ERRO> Component reinvent_plugins.components.OpenEye.comp_rocs could not be imported: No module named 'openeye'
20:46:26 <INFO> Registered scoring component GroupCount
20:46:26 <INFO> Registered scoring component FragmentQed
20:46:26 <INFO> Registered scoring component FragmentSlogP
20:46:26 <INFO> Registered scoring component FragmentMolecularWeight
20:46:26 <INFO> Registered scoring component FragmentTPSA
20:46:26 <INFO> Registered scoring component FragmentDistanceMatrix
20:46:26 <INFO> Registered scoring component FragmentNumAtomStereoCenters
20:46:26 <INFO> Registered scoring component FragmentHBondAcceptors
20:46:26 <INFO> Registered scoring component FragmentHBondDonors
20:46:26 <INFO> Registered scoring component FragmentNumRotBond
20:46:26 <INFO> Registered scoring component FragmentCsp3
20:46:26 <INFO> Registered scoring component Fragmentnumsp
20:46:26 <INFO> Registered scoring component Fragmentnumsp2
20:46:26 <INFO> Registered scoring component Fragmentnumsp3
20:46:26 <INFO> Registered scoring component FragmentEffectiveLength
20:46:26 <INFO> Registered scoring component FragmentGraphLength
20:46:26 <INFO> Registered scoring component FragmentLengthRatio
20:46:26 <INFO> Registered scoring component FragmentNumHeavyAtoms
20:46:26 <INFO> Registered scoring component FragmentNumHeteroAtoms
20:46:26 <INFO> Registered scoring component FragmentNumRings
20:46:26 <INFO> Registered scoring component FragmentNumAromaticRings
20:46:26 <INFO> Registered scoring component FragmentNumAliphaticRings
20:46:26 <INFO> Registered scoring component FragmentSlogP
20:46:26 <INFO> Registered scoring component MatchingSubstructure
20:46:26 <INFO> Registered scoring component MolVolume
20:46:26 <INFO> Registered scoring component Qed
20:46:26 <INFO> Registered scoring component LargestRingSize
20:46:26 <INFO> Registered scoring component MolecularWeight
20:46:26 <INFO> Registered scoring component GraphLength
20:46:26 <INFO> Registered scoring component NumAtomStereoCenters
20:46:26 <INFO> Registered scoring component HBondAcceptors
20:46:26 <INFO> Registered scoring component HBondDonors
20:46:26 <INFO> Registered scoring component NumRotBond
20:46:26 <INFO> Registered scoring component Csp3
20:46:26 <INFO> Registered scoring component numsp
20:46:26 <INFO> Registered scoring component numsp2
20:46:26 <INFO> Registered scoring component numsp3
20:46:26 <INFO> Registered scoring component NumHeavyAtoms
20:46:26 <INFO> Registered scoring component NumHeteroAtoms
20:46:26 <INFO> Registered scoring component NumRings
20:46:26 <INFO> Registered scoring component NumAromaticRings
20:46:26 <INFO> Registered scoring component NumAliphaticRings
20:46:26 <INFO> Registered scoring component SlogP
20:46:26 <INFO> Registered scoring component LargestRingSize
20:46:26 <INFO> Registered scoring component PMI
20:46:26 <INFO> Registered scoring component RDKitDescriptors
20:46:26 <INFO> Registered scoring component TanimotoSimilarity
20:46:26 <INFO> Registered scoring component TanimotoDistance
20:46:26 <INFO> Registered scoring component TPSA
20:46:26 <INFO> Registered scoring component SAScore
20:46:26 <ERRO> Component reinvent_plugins.components.comp_chemprop could not be imported: No module named 'chemprop'
20:46:26 <ERRO> Component reinvent_plugins.components.comp_chemprop2 could not be imported: No module named 'chemprop'
20:46:26 <INFO> Registered scoring component CustomAlerts
20:46:26 <INFO> Registered scoring component DockStream
20:46:26 <INFO> Registered scoring component ExternalProcess
20:46:26 <INFO> Registered scoring component REST
20:46:26 <INFO> Registered scoring component Icolos
20:46:26 <INFO> Registered scoring component MMP
20:46:26 <INFO> Registered scoring component Qptuna
20:46:26 <INFO> Registered scoring component ReactionFilter
20:46:27 <INFO> Registered scoring component RingPrecedence
20:46:27 <INFO> Registered scoring component Maize
20:46:27 <INFO> Registered scoring component SynthSense
20:46:27 <INFO> Registered scoring component CAZP
20:46:27 <INFO> Creating scoring component ExternalProcess
20:46:27 <INFO> Creating scoring component MolecularWeight
20:46:27 <INFO> Creating scoring component SAScore
20:46:27 <INFO> Creating filter component custom_alerts
20:46:27 <INFO> Writing tabular data for stage to de_novo_1.csv
20:46:27 <INFO> Starting stage 1 <<<
20:46:27 <INFO> Sampled SMILES N1C(=O)c2cc3C(=O)C4=C(c3cc2C1=O)C1N(c2c(C1c1c(C=2)cc(cc1C)OC)C)cccc4 failed to sanitize.
20:46:33 <INFO> Score: 0.29 Agent NLL: 34.79 Valid:  98% Step: 1
 | Agent Prior Target Score SMILES SMILES_state Scaffold predicted_activity predicted_activity (raw) training_similarity training_similarity (raw) taf_consistency taf_consistency (raw) novelty novelty (raw) stereo_validity stereo_validity (raw) MW_window MW_window (raw) synthetic_feasibility synthetic_feasibility (raw) curated alerts filter curated alerts filter (raw) taf_disrupted (predicted_activity) scaffold_novelty (predicted_activity) uncertainty (predicted_activity) matchting_patterns (curated alerts filter)
 | 30.5929 30.5929 -15.6703 0.1165828 N#CC(C(=O)c1ccccc1)C(=O)c1ccc(CCBr)cc1 1 O=C(CC(=O)c1ccccc1)c1ccccc1 0.2800000 0.2800 0.3148001 0.3148 0.3333333 0.3333 0.6851999 0.6852 0.0000000 0.0000 1.0000000 356.2190 0.5372670 2.6215 1.0000000 1.0000 0.6666666666666667 1.0 0.44899888641287294 []
 | 53.0993 53.0993 15.0813 0.5326603 C#C[C@@]1(C(=O)COC(C)=O)C[C@]2(C)[C@H](CC[C@H]3[C@@H]4CCC5=CC(=N)C=C[C@]5(C)C4[C@@H](O)C[C@@]32C)O1 1 N=C1C=CC2C(=C1)CCC1C2CCC2C3CCOC3CCC21 0.2100000 0.2100 0.3196189 0.3196 1.0000000 1.0000 0.6803811 0.6804 0.8888889 0.8889 1.0000000 479.6170 0.5123299 5.4644 1.0000000 1.0000 0.0 1.0 0.40730823708832603 []
 | 26.4617 26.4617 -12.1839 0.1115457 O=C(O)CC(CO)C1=CCCC=C1 1 C1=CCCC=C1 0.2150000 0.2150 0.3194383 0.3194 0.3333333 0.3333 0.6893151 0.6893 0.0000000 0.0000 1.0000000 182.2190 0.5556915 3.5713 1.0000000 1.0000 0.6666666666666667 1.0 0.41082234603292944 []
 | 22.9377 22.9377 33.4156 0.4402602 COc1cccc(CN2CC(N)C2)c1 1 c1ccc(CN2CCC2)cc1 0.1800000 0.1800 0.3036867 0.3037 0.3333333 0.3333 0.7384428 0.7384 1.0000000 1.0000 1.0000000 192.2620 0.5179157 1.7784 1.0000000 1.0000 0.6666666666666667 1.0 0.38418745424597095 []
 | 35.0755 35.0755 27.2175 0.4866639 O=C(Cc1cncnc1Cc1ccc2ccccc2c1)OCc1ccccc1 1 O=C(Cc1cncnc1Cc1ccc2ccccc2c1)OCc1ccccc1 0.2700000 0.2700 0.3635896 0.3636 0.3333333 0.3333 0.6364104 0.6364 1.0000000 1.0000 1.0000000 368.4360 0.5283107 2.2308 1.0000000 1.0000 0.6666666666666667 1.0 0.4439594576084622 []
 | 37.5988 37.5988 -23.7617 0.1081023 C[N+]([O-])(O)C(=O)NC1C=CC(=O)CC1 1 O=C1C=CCCC1 0.2350000 0.2350 0.2388326 0.2388 0.3333333 0.3333 0.7775254 0.7775 0.0000000 0.0000 1.0000000 200.1940 0.5324037 4.5907 1.0000000 1.0000 0.6666666666666667 1.0 0.4239988207530771 []
 | 26.8647 26.8647 28.4266 0.4319628 C[C@H]1CCC[C@H](OC(=O)CCC(C)(C)C)C1 1 C1CCCCC1 0.1750000 0.1750 0.2635232 0.2635 0.3333333 0.3333 0.8063508 0.8064 1.0000000 1.0000 1.0000000 226.3600 0.5467622 3.0368 1.0000000 1.0000 0.6666666666666667 1.0 0.3799671038392666 []
 | 36.7365 36.7365 21.3408 0.4537288 Cc1cc(OC(=O)[C@@H](O)C(C)(C)N)cc(C)c1Cl 1 c1ccccc1 0.2300000 0.2300 0.2626129 0.2626 0.3333333 0.3333 0.7812500 0.7812 1.0000000 1.0000 1.0000000 271.7440 0.5485277 3.1142 1.0000000 1.0000 0.6666666666666667 1.0 0.4208325082500163 []
 | 50.9446 50.9446 -46.8959 0.0316307 CCCc1cc(Cl)cc(Cl)c1-c1cccc([C@@H]2CC(=O)C3(CC3)C2)n1 1 O=C1CC(c2cccc(-c3ccccc3)n2)CC12CC2 0.2100000 0.2100 0.2930426 0.2930 0.0000000 0.0000 0.7627105 0.7627 1.0000000 1.0000 1.0000000 374.3110 0.5501426 3.8150 1.0000000 1.0000 1.0 1.0 0.40730823708832603 []
 | 24.7601 24.7601 29.4619 0.4236093 CCN1CCC(CN(C)Cc2cccc(CN)c2)CC1 1 c1ccc(CNCC2CCNCC2)cc1 0.1700000 0.1700 0.2533473 0.2533 0.3333333 0.3333 0.7866477 0.7866 1.0000000 1.0000 1.0000000 275.4400 0.5244745 2.0638 1.0000000 1.0000 0.6666666666666667 1.0 0.375632799419859 []
20:46:33 <INFO> Sampled SMILES N1C(=C(C(c2ccccc2OCC(=O)N2CCCCC2)c2c1oc(C)c(CN(C)C)c2C)C(=O)N)C failed to sanitize.
20:46:37 <INFO> Score: 0.23 Agent NLL: 32.82 Valid:  98% Step: 2
 | Agent Prior Target Score SMILES SMILES_state Scaffold predicted_activity predicted_activity (raw) training_similarity training_similarity (raw) taf_consistency taf_consistency (raw) novelty novelty (raw) stereo_validity stereo_validity (raw) MW_window MW_window (raw) synthetic_feasibility synthetic_feasibility (raw) curated alerts filter curated alerts filter (raw) taf_disrupted (predicted_activity) scaffold_novelty (predicted_activity) uncertainty (predicted_activity) matchting_patterns (curated alerts filter)
 | 28.2484 28.3781 30.3532 0.4588379 CCCCc1ccc(-c2cc(C(N)=O)c(=O)[nH]n2)cc1 1 O=c1ccc(-c2ccccc2)n[nH]1 0.2100000 0.2100 0.3207135 0.3207 0.3333333 0.3333 0.7400624 0.7401 1.0000000 1.0000 1.0000000 271.3200 0.5232500 2.0105 1.0000000 1.0000 0.6666666666666667 1.0 0.4073082370883261 []
 | 29.9886 30.2112 21.5245 0.4041853 CCNC(=NCC1(NS(C)(=O)=O)CCOCC1)NC1CCN(S(=O)(=O)C(F)(F)F)CC1 1 C(=NCC1CCOCC1)NC1CCNCC1 0.1600000 0.1600 0.2028602 0.2029 0.3333333 0.3333 0.8012384 0.8012 1.0000000 1.0000 1.0000000 493.5740 0.5564622 3.4626 1.0000000 1.0000 0.6666666666666667 1.0 0.36660605559646714 []
 | 25.3513 25.3643 -11.2413 0.1103353 Cc1cccc(C(=O)NCC2CCNC2)c1F 1 O=C(NCC1CCNC1)c1ccccc1 0.2300000 0.2300 0.2716256 0.2716 0.3333333 0.3333 0.7689267 0.7689 0.0000000 0.0000 1.0000000 236.2900 0.5374541 2.6297 1.0000000 1.0000 0.6666666666666667 1.0 0.4208325082500163 []
 | 28.3566 28.5282 -24.7646 0.0294033 CCN(CC)C(=O)c1ccc2nnn(CC)c2c1 1 c1ccc2[nH]nnc2c1 0.2100000 0.2100 0.1972027 0.1972 0.0000000 0.0000 0.8232233 0.8232 1.0000000 1.0000 1.0000000 246.3140 0.5266602 2.1589 1.0000000 1.0000 1.0 1.0 0.4073082370883261 []
 | 25.3974 25.3405 31.9185 0.4473361 CCCOc1ccc(NC(=O)C(Cl)(Cl)Cl)cc1Cl 1 c1ccccc1 0.1800000 0.1800 0.3487429 0.3487 0.3333333 0.3333 0.6512571 0.6513 1.0000000 1.0000 1.0000000 331.0260 0.5256283 2.1140 1.0000000 1.0000 0.6666666666666667 1.0 0.38418745424597095 []
 | 28.8100 28.8604 32.8005 0.4817256 N#Cc1ccc(OCC(=O)NCCC2=CCCCC2)c2ccccc12 1 O=C(COc1cccc2ccccc12)NCCC1=CCCCC1 0.2050000 0.2050 0.2372321 0.2372 0.6666667 0.6667 0.7675047 0.7675 1.0000000 1.0000 1.0000000 334.4190 0.5295752 2.2859 1.0000000 1.0000 0.33333333333333337 1.0 0.403701622488689 []
 | 25.7668 25.7780 -21.8495 0.0306915 Cc1nsc(=O)n1Cc1ccc(F)cc1 1 O=c1sncn1Cc1ccccc1 0.2250000 0.2250 0.2330866 0.2331 0.0000000 0.0000 0.7933115 0.7933 1.0000000 1.0000 1.0000000 224.2600 0.5322874 2.4042 1.0000000 1.0000 1.0 1.0 0.41758232721225164 []
 | 35.3914 35.5016 -22.4828 0.1017089 COc1cncc(C(O)(c2cn[nH]c2C(C)C)C(F)(F)F)c1 1 c1cncc(Cc2cn[nH]c2)c1 0.1600000 0.1600 0.2381653 0.2382 0.3333333 0.3333 0.8554112 0.8554 0.0000000 0.0000 1.0000000 315.2950 0.5568734 3.5193 1.0000000 1.0000 0.6666666666666667 1.0 0.36660605559646714 []
 | 28.6698 28.5120 -15.1153 0.1046612 CCC(C)c1ccnc(Oc2ccc(N)cc2Cl)n1 1 c1ccc(Oc2ncccn2)cc1 0.2100000 0.2100 0.2236068 0.2236 0.3333333 0.3333 0.7763932 0.7764 0.0000000 0.0000 1.0000000 277.7550 0.5440946 2.9200 1.0000000 1.0000 0.6666666666666667 1.0 0.40730823708832603 []
 | 37.2709 37.3436 -33.5766 0.0294303 C=C/C=C(/C)N=C(C)C(=C)P(c1ccccc1)c1ccccc1 1 c1ccc(Pc2ccccc2)cc1 0.1700000 0.1700 0.2426238 0.2426 0.0000000 0.0000 0.7965666 0.7966 1.0000000 1.0000 1.0000000 319.3880 0.5539595 3.3526 1.0000000 1.0000 1.0 1.0 0.375632799419859 []
20:46:41 <INFO> Score: 0.25 Agent NLL: 36.27 Valid:  98% Step: 3
 | Agent Prior Target Score SMILES SMILES_state Scaffold predicted_activity predicted_activity (raw) training_similarity training_similarity (raw) taf_consistency taf_consistency (raw) novelty novelty (raw) stereo_validity stereo_validity (raw) MW_window MW_window (raw) synthetic_feasibility synthetic_feasibility (raw) curated alerts filter curated alerts filter (raw) taf_disrupted (predicted_activity) scaffold_novelty (predicted_activity) uncertainty (predicted_activity) matchting_patterns (curated alerts filter)
 | 51.7213 51.5356 5.0958 0.4424331 CCC(F)C[C@@H]1C(NCc2cnc3cc[nH]c(=O)c3c2)CCN1C(=O)OC(C)(C)C 1 O=c1[nH]ccc2ncc(CNC3CCNC3)cc12 0.1700000 0.1700 0.2861950 0.2862 0.6666667 0.6667 0.7389010 0.7389 0.3333333 0.3333 1.0000000 418.5130 0.5463234 3.9824 1.0000000 1.0000 0.33333333333333337 1.0 0.375632799419859 []
 | 26.8105 26.8305 -25.9085 0.0072031 CC1CCN(C(C)C(=O)N2CCCCC2)C(C)C1 1 O=C(CN1CCCCC1)N1CCCCC1 0.2050000 0.2050 0.2108185 0.2108 0.0000000 0.0000 0.8063508 0.8064 0.0000000 0.0000 1.0000000 252.4020 0.5499611 3.1771 1.0000000 1.0000 1.0 1.0 0.40370162248868907 []
 | 28.5187 28.3080 -14.5754 0.1072858 CNC(CCC(F)(F)F)Cc1ncccc1N 1 c1ccncc1 0.2500000 0.2500 0.2082317 0.2082 0.3333333 0.3333 0.8082012 0.8082 0.0000000 0.0000 1.0000000 247.2640 0.5502266 3.1887 1.0000000 1.0000 0.6666666666666667 1.0 0.4330127018922193 []
 | 25.1440 25.1935 29.9381 0.4307161 Cc1ccccc1Cc1ncc(C)c(N)n1 1 c1ccc(Cc2ncccn2)cc1 0.2050000 0.2050 0.2281064 0.2281 0.3333333 0.3333 0.7898949 0.7899 1.0000000 1.0000 1.0000000 213.2840 0.5267800 2.1642 1.0000000 1.0000 0.6666666666666667 1.0 0.403701622488689 []
 | 33.5974 33.3109 31.2800 0.5046170 O=C(NCC[C@H](O)c1ncc[nH]1)c1ncccc1Cl 1 O=C(NCCCc1ncc[nH]1)c1ccccn1 0.3850000 0.3850 0.2835466 0.2835 0.3333333 0.3333 0.7242233 0.7242 1.0000000 1.0000 1.0000000 280.7150 0.5472109 3.0565 1.0000000 1.0000 0.6666666666666667 1.0 0.4865953144040744 []
 | 37.2698 37.3150 -33.4704 0.0300359 CCc1nc(SCC(=O)c2c[nH]c3ccc(Cl)cc23)c2cc(CC)sc2n1 1 O=C(CSc1ncnc2sccc12)c1c[nH]c2ccccc12 0.2250000 0.2250 0.2051290 0.2051 0.0000000 0.0000 0.8093075 0.8093 1.0000000 1.0000 1.0000000 415.9710 0.5381820 2.6615 1.0000000 1.0000 1.0 1.0 0.41758232721225164 []
 | 27.0526 27.5784 25.3208 0.4132755 CCNS(=O)(=O)c1cc(C(=O)N2CCCCCC2)ccc1C 1 O=C(c1ccccc1)N1CCCCCC1 0.1800000 0.1800 0.2051957 0.2052 0.3333333 0.3333 0.8322949 0.8323 1.0000000 1.0000 1.0000000 324.4460 0.5213484 1.9277 1.0000000 1.0000 0.6666666666666667 1.0 0.38418745424597095 []
 | 30.3274 30.6915 20.7870 0.4021765 Cn1nnnc1SCc1ccc(CC(N)=S)s1 1 c1csc(CSc2nnn[nH]2)c1 0.1600000 0.1600 0.1953545 0.1954 0.3333333 0.3333 0.8420506 0.8421 1.0000000 1.0000 1.0000000 285.4230 0.5421284 2.8340 1.0000000 1.0000 0.6666666666666667 1.0 0.36660605559646714 []
 | 25.0578 25.3381 33.3448 0.4584604 C[C@H](O)CNC(=O)Cn1ncnn1 1 c1nn[nH]n1 0.2750000 0.2750 0.2297863 0.2298 0.3333333 0.3333 0.7919874 0.7920 1.0000000 1.0000 1.0000000 185.1870 0.5506822 3.2087 1.0000000 1.0000 0.6666666666666667 1.0 0.44651427748729383 []
 | 25.5221 25.9191 33.0397 0.4606157 CCNC(=NCc1ccnc(OC(C)C)c1)NCCOc1ccccc1 1 C(=NCc1ccncc1)NCCOc1ccccc1 0.2400000 0.2400 0.2871220 0.2871 0.3333333 0.3333 0.7210057 0.7210 1.0000000 1.0000 1.0000000 356.4700 0.5341005 2.4833 1.0000000 1.0000 0.6666666666666667 1.0 0.4270831300812524 []
20:46:45 <INFO> Score: 0.22 Agent NLL: 32.82 Valid: 100% Step: 4
 | Agent Prior Target Score SMILES SMILES_state Scaffold predicted_activity predicted_activity (raw) training_similarity training_similarity (raw) taf_consistency taf_consistency (raw) novelty novelty (raw) stereo_validity stereo_validity (raw) MW_window MW_window (raw) synthetic_feasibility synthetic_feasibility (raw) curated alerts filter curated alerts filter (raw) taf_disrupted (predicted_activity) scaffold_novelty (predicted_activity) uncertainty (predicted_activity) matchting_patterns (curated alerts filter)
 | 46.9358 47.2083 7.3704 0.4263962 CS(=O)(=O)N(c1ncc(-c2cc3c(N)c(C(=O)O)sc3cc2F)s1)S(C)(=O)=O 1 c1ncc(-c2ccc3sccc3c2)s1 0.2500000 0.2500 0.1690308 0.1690 0.3333333 0.3333 0.8356010 0.8356 1.0000000 1.0000 1.0000000 465.5310 0.5490878 3.1387 1.0000000 1.0000 0.6666666666666667 1.0 0.4330127018922193 []
 | 37.9462 37.3771 -36.3220 0.0082428 Oc1ccc(C(CCc2ccccc2)OC2CCC(c3cccc(O)c3)CC2)cc1 1 c1ccc(CCC(OC2CCC(c3ccccc3)CC2)c2ccccc2)cc1 0.2700000 0.2700 0.3676073 0.3676 0.0000000 0.0000 0.6323927 0.6324 0.0000000 0.0000 1.0000000 402.5340 0.5403733 2.7572 1.0000000 1.0000 1.0 1.0 0.4439594576084623 []
 | 26.4335 26.6633 -12.7804 0.1084602 COc1ccc2c(c1)C(CN)N(C(C)C)CCO2 1 c1ccc2c(c1)CNCCO2 0.1750000 0.1750 0.3190081 0.3190 0.3333333 0.3333 0.7946015 0.7946 0.0000000 0.0000 1.0000000 250.3420 0.5449775 2.9586 1.0000000 1.0000 0.6666666666666667 1.0 0.3799671038392666 []
 | 21.4729 21.5150 38.1074 0.4658000 CC(C)CCOc1ccc(CO)cc1Cl 1 c1ccccc1 0.2500000 0.2500 0.2988072 0.2988 0.3333333 0.3333 0.7093809 0.7094 1.0000000 1.0000 1.0000000 228.7190 0.5189515 1.8234 1.0000000 1.0000 0.6666666666666667 1.0 0.4330127018922193 []
 | 29.8749 30.0744 -26.2946 0.0295299 COc1ccc(Cn2cnc3cc(C(=O)O)sc32)cn1 1 c1cncc(Cn2cnc3ccsc32)c1 0.1750000 0.1750 0.2500646 0.2501 0.0000000 0.0000 0.7549285 0.7549 1.0000000 1.0000 1.0000000 289.3160 0.5378305 2.6461 1.0000000 1.0000 1.0 1.0 0.3799671038392666 []
 | 28.1450 28.2184 -24.1044 0.0321407 Cc1ccc(C2=C(N(C)C)C(=O)N(CCc3ccccc3)C2=O)cc1C 1 O=C1C=C(c2ccccc2)C(=O)N1CCc1ccccc1 0.2400000 0.2400 0.2926829 0.2927 0.0000000 0.0000 0.7175771 0.7176 1.0000000 1.0000 1.0000000 348.4460 0.5300184 2.3053 1.0000000 1.0000 1.0 1.0 0.4270831300812525 []
 | 33.6650 33.6821 32.7947 0.5193504 CC(=O)Nc1ccnn1CC(=O)NC(C)(C)C#N 1 c1cn[nH]c1 0.2750000 0.2750 0.2531849 0.2532 0.6666667 0.6667 0.8024541 0.8025 1.0000000 1.0000 1.0000000 249.2740 0.5402237 2.7507 1.0000000 1.0000 0.33333333333333337 1.0 0.4465142774872938 []
 | 35.9756 36.0490 -32.1591 0.0303895 CC(/C=C/c1c(C(C)(C)C)cccc1C(C)(C)C)=P(c1ccccc1)(c1ccccc1)c1ccccc1 1 C(=Cc1ccccc1)C=P(c1ccccc1)(c1ccccc1)c1ccccc1 0.2000000 0.2000 0.2465060 0.2465 0.0000000 0.0000 0.7933115 0.7933 1.0000000 1.0000 1.0000000 504.6980 0.5434656 2.8925 1.0000000 1.0000 1.0 1.0 0.4 []
 | 24.8512 24.8730 -24.8730 0.0000000 NNc1ncc(Br)c(N(CCO)C2CC2)n1 1 c1cc(NC2CC2)ncn1 0.0000000 0.0000 0.0000000 0.0000 0.0000000 0.0000 0.0000000 0.0000 0.0000000 0.0000 0.0000000 0.0000 0.0000000 0.0000 0.0000000 0.0000 None None None ['[#7;!n][#7;!n]']
 | 31.2915 31.6594 24.2125 0.4364992 CCC(C)(C)NS(=O)(=O)c1c(F)ccc(C(=O)O)c1OC 1 c1ccccc1 0.1900000 0.1900 0.2610067 0.2610 0.3333333 0.3333 0.7946015 0.7946 1.0000000 1.0000 1.0000000 319.3540 0.5348877 2.5176 1.0000000 1.0000 0.6666666666666667 1.0 0.39230090491866065 []
20:46:45 <INFO> Sampled SMILES c1c(S(NC(c2c(cc(C3=C(C)c4c5C(CCCC5(C)C)Oc3c(c(c4)Cl)C)cc2)=O)(=O)=O)=O)ccc(C(C)(C)C)c1 failed to sanitize.
20:46:49 <INFO> Score: 0.23 Agent NLL: 36.78 Valid:  98% Step: 5
 | Agent Prior Target Score SMILES SMILES_state Scaffold predicted_activity predicted_activity (raw) training_similarity training_similarity (raw) taf_consistency taf_consistency (raw) novelty novelty (raw) stereo_validity stereo_validity (raw) MW_window MW_window (raw) synthetic_feasibility synthetic_feasibility (raw) curated alerts filter curated alerts filter (raw) taf_disrupted (predicted_activity) scaffold_novelty (predicted_activity) uncertainty (predicted_activity) matchting_patterns (curated alerts filter)
 | 26.7906 27.1304 26.3276 0.4176407 CCNC(=O)C(C)N[C@H](CO)C(=O)O 1  0.1950000 0.1950 0.2773501 0.2774 0.3333333 0.3333 0.7226499 0.7226 0.5000000 0.5000 1.0000000 204.2260 0.5438927 2.9112 1.0000000 1.0000 0.6666666666666667 1.0 0.3962007067131506 []
 | 47.9379 47.3566 -45.4429 0.0149508 CCc1ccc(C[C@@H](NC(=O)OC(C)(C)C)C(=O)N[C@@H](Cc2ccccc2)C(=O)NC(CC(C)C)C(=O)O[C@H]2CCCO2)cc1 1 O=C(CCc1ccccc1)NC(Cc1ccccc1)C(=O)NCC(=O)OC1CCCO1 0.2450000 0.2450 0.3319325 0.3319 0.6666667 0.6667 0.6842630 0.6843 0.7500000 0.7500 0.0000000 623.7910 0.5527785 3.6993 1.0000000 1.0000 0.33333333333333337 1.0 0.4300872004605578 []
 | 29.3293 29.6107 -13.5404 0.1255489 Cc1cccc(C(O)Cc2ccc(Br)cc2)c1OC(C)C 1 c1ccc(CCc2ccccc2)cc1 0.2600000 0.2600 0.2785430 0.2785 0.6666667 0.6667 0.7260017 0.7260 0.0000000 0.0000 1.0000000 349.2680 0.5354670 2.5429 1.0000000 1.0000 0.33333333333333337 1.0 0.4386342439892262 []
 | 29.5350 29.2892 -25.0992 0.0327349 O=C(CSc1ccc(F)cc1)N1CCC2(CCN(Cc3ccccc3)CC2)CC1 1 O=C(CSc1ccccc1)N1CCC2(CCN(Cc3ccccc3)CC2)CC1 0.2550000 0.2550 0.2988703 0.2989 0.0000000 0.0000 0.7273751 0.7274 1.0000000 1.0000 1.0000000 412.5740 0.5374162 2.6280 1.0000000 1.0000 1.0 1.0 0.43586121644395015 []
 | 43.7595 43.6888 -42.7889 0.0070305 C=C(C)c1ccc(C(F)(F)F)cc1C(CC(C)C)c1sc(C)nc1C 1 c1ccc(Cc2cncs2)cc1 0.2100000 0.2100 0.1779536 0.1780 0.0000000 0.0000 0.8321396 0.8321 0.0000000 0.0000 1.0000000 367.4800 0.5538371 3.3472 1.0000000 1.0000 1.0 1.0 0.40730823708832603 []
 | 54.0753 54.3169 3.9935 0.4555498 CCOc1ccc(N2C(=O)[C@H](C(=O)c3ccc4c(c3)OCCO4)C3(CC3)C[C@@]23C(=O)Nc2ccccc23)cc1 1 O=C(c1ccc2c(c1)OCCO2)C1C(=O)N(c2ccccc2)C2(CC13CC3)C(=O)Nc1ccccc12 0.2100000 0.2100 0.3097561 0.3098 0.3333333 0.3333 0.7188165 0.7188 1.0000000 1.0000 1.0000000 524.5730 0.5358835 4.4389 1.0000000 1.0000 0.6666666666666667 1.0 0.40730823708832603 []
 | 31.9772 32.6232 19.5960 0.4079624 COc1cc(CNCc2cn(C)c3c(F)cccc23)ccn1 1 c1ccc2c(CNCc3ccncc3)c[nH]c2c1 0.1600000 0.1600 0.2166916 0.2167 0.3333333 0.3333 0.8081596 0.8082 1.0000000 1.0000 1.0000000 299.3490 0.5326256 2.4189 1.0000000 1.0000 0.6666666666666667 1.0 0.36660605559646714 []
 | 28.0678 28.1721 25.1034 0.4162146 Cc1ccc(NC(=O)NCCc2ccnn2C)c(C)c1 1 O=C(NCCc1ccn[nH]1)Nc1ccccc1 0.1900000 0.1900 0.2020305 0.2020 0.3333333 0.3333 0.8224288 0.8224 1.0000000 1.0000 1.0000000 272.3520 0.5258419 2.1233 1.0000000 1.0000 0.6666666666666667 1.0 0.39230090491866065 []
 | 39.7368 40.8334 17.6881 0.4571993 CN[C@@H](CO)C(=O)COCC[C@@H]1NC(=O)NC1=O 1 O=C1CNC(=O)N1 0.2000000 0.2000 0.3396831 0.3397 0.3333333 0.3333 0.6603169 0.6603 1.0000000 1.0000 1.0000000 259.2620 0.5553054 3.5882 1.0000000 1.0000 0.6666666666666667 1.0 0.4 []
 | 35.4498 35.4734 19.2139 0.4272443 COc1ccccc1-c1ncc(Cl)c2sc(C(N)=O)cc12 1 c1ccc(-c2nccc3sccc23)cc1 0.1800000 0.1800 0.2491364 0.2491 0.3333333 0.3333 0.7794356 0.7794 1.0000000 1.0000 1.0000000 318.7850 0.5336150 2.4621 1.0000000 1.0000 0.6666666666666667 1.0 0.38418745424597095 []
20:46:49 <INFO> Sampled SMILES c1(ccccc1)[C@@H]1C[C@@H](c2cc(Cl)ccc2)N(c2ccccc2)N=1 failed to sanitize.
20:46:52 <INFO> Score: 0.25 Agent NLL: 35.48 Valid:  95% Step: 6
 | Agent Prior Target Score SMILES SMILES_state Scaffold predicted_activity predicted_activity (raw) training_similarity training_similarity (raw) taf_consistency taf_consistency (raw) novelty novelty (raw) stereo_validity stereo_validity (raw) MW_window MW_window (raw) synthetic_feasibility synthetic_feasibility (raw) curated alerts filter curated alerts filter (raw) taf_disrupted (predicted_activity) scaffold_novelty (predicted_activity) uncertainty (predicted_activity) matchting_patterns (curated alerts filter)
 | 24.4761 23.7929 32.9355 0.4431901 c1cnc(NCCc2ccc3c(c2)OCO3)nc1 1 c1cnc(NCCc2ccc3c(c2)OCO3)nc1 0.2050000 0.2050 0.2678358 0.2678 0.3333333 0.3333 0.7744465 0.7744 1.0000000 1.0000 1.0000000 243.2660 0.5244377 2.0622 1.0000000 1.0000 0.6666666666666667 1.0 0.403701622488689 []
 | 84.2615 82.4484 -82.4484 0.0000000 C([C@@H](C(=O)N[C@@H](Cc1[nH]cnc1)C(=O)N[C@H](C(N[C@@H](CC(=O)O)C(=O)N[C@@H](CCC(=O)O)C(N[C@@H](Cc1ccccc1)C(N[C@@H]([C@@H](C)CC)C(=O)O)=O)=O)=O)CCCCN)NC(=O)[C@@H](NC([C@H]([C@@H](C)O) 0 -- 0.0000000 0.0000 0.0000000 0.0000 0.0000000 0.0000 0.0000000 0.0000 0.0000000 0.0000 0.0000000 0.0000 0.0000000 0.0000 0.0000000 0.0000 None None None None
 | 33.2772 33.2010 19.7609 0.4137649 COc1ccc(Cl)cc1S(=O)(=O)NCC1(n2ccnc2C)CCOCC1 1 O=S(=O)(NCC1(n2ccnc2)CCOCC1)c1ccccc1 0.1550000 0.1550 0.2383657 0.2384 0.3333333 0.3333 0.8104738 0.8105 1.0000000 1.0000 1.0000000 399.9000 0.5416791 2.8143 1.0000000 1.0000 0.6666666666666667 1.0 0.36190468358395134 []
 | 36.4835 36.8598 15.7528 0.4110359 Cc1ccccc1C1C[C@H]1C(=O)N[C@@H](C)[C@@H]1CC2CCC1C2 1 O=C(NCC1CC2CCC1C2)C1CC1c1ccccc1 0.2100000 0.2100 0.2299002 0.2299 0.3333333 0.3333 0.7769433 0.7769 0.5000000 0.5000 1.0000000 297.4420 0.5378501 4.3530 1.0000000 1.0000 0.6666666666666667 1.0 0.4073082370883261 []
 | 29.2062 29.1372 36.6634 0.5140673 O=C(Nc1ccc2ccccc2c1)c1cnccc1OCc1ccccc1 1 O=C(Nc1ccc2ccccc2c1)c1cnccc1OCc1ccccc1 0.3300000 0.3300 0.4166216 0.4166 0.3333333 0.3333 0.5833784 0.5834 1.0000000 1.0000 1.0000000 354.4090 0.5194457 1.8449 1.0000000 1.0000 0.6666666666666667 1.0 0.4702127178203499 []
 | 28.2451 28.2981 -24.2845 0.0313568 CC=CC(C)=NOCc1cccc2ccccc12 1 c1ccc2ccccc2c1 0.1950000 0.1950 0.3093235 0.3093 0.0000000 0.0000 0.7499035 0.7499 1.0000000 1.0000 1.0000000 239.3180 0.5320400 2.3934 1.0000000 1.0000 1.0 1.0 0.3962007067131506 []
 | 32.2642 32.0173 -28.1129 0.0305031 CC(=O)C(=O)N(C)Cc1ccc(-c2cccc(C(F)(F)F)c2)cc1 1 c1ccc(-c2ccccc2)cc1 0.2100000 0.2100 0.2441931 0.2442 0.0000000 0.0000 0.7894007 0.7894 1.0000000 1.0000 1.0000000 335.3250 0.5247849 2.0773 1.0000000 1.0000 1.0 1.0 0.4073082370883261 []
 | 26.0263 26.8973 -26.8973 0.0000000 COc1ccccc1OCC(=O)NNC(=O)Cc1ccccc1C 1 O=C(COc1ccccc1)NNC(=O)Cc1ccccc1 0.0000000 0.0000 0.0000000 0.0000 0.0000000 0.0000 0.0000000 0.0000 0.0000000 0.0000 0.0000000 0.0000 0.0000000 0.0000 0.0000000 0.0000 None None None ['[#7;!n][#7;!n]']
 | 30.2999 31.3968 29.5329 0.4760136 CCOC(=O)C1(C)CCN(C(=O)NCc2ccc(OC)nc2)CC1 1 O=C(NCc1cccnc1)N1CCCCC1 0.1600000 0.1600 0.2832116 0.2832 0.6666667 0.6667 0.7768946 0.7769 1.0000000 1.0000 1.0000000 335.4040 0.5323080 2.4051 1.0000000 1.0000 0.33333333333333337 1.0 0.36660605559646714 []
 | 28.1546 27.7321 23.0015 0.3963565 Nc1ccnc(-c2ccc(Oc3ccncc3)cc2)n1 1 c1cnc(-c2ccc(Oc3ccncc3)cc2)nc1 0.1900000 0.1900 0.1543033 0.1543 0.3333333 0.3333 0.8499250 0.8499 1.0000000 1.0000 1.0000000 264.2880 0.5246261 2.0704 1.0000000 1.0000 0.6666666666666667 1.0 0.39230090491866065 []
20:46:56 <INFO> Score: 0.24 Agent NLL: 32.18 Valid: 100% Step: 7
 | Agent Prior Target Score SMILES SMILES_state Scaffold predicted_activity predicted_activity (raw) training_similarity training_similarity (raw) taf_consistency taf_consistency (raw) novelty novelty (raw) stereo_validity stereo_validity (raw) MW_window MW_window (raw) synthetic_feasibility synthetic_feasibility (raw) curated alerts filter curated alerts filter (raw) taf_disrupted (predicted_activity) scaffold_novelty (predicted_activity) uncertainty (predicted_activity) matchting_patterns (curated alerts filter)
 | 32.7152 33.4848 -29.8773 0.0281831 Cc1nc2nc(-c3ccc(C(C)C)cc3)nn2c2c1C(=O)CC(C)(C)CC2 1 O=C1CCCCc2c1cnc1nc(-c3ccccc3)nn21 0.1600000 0.1600 0.2058791 0.2059 0.0000000 0.0000 0.8174258 0.8174 1.0000000 1.0000 1.0000000 362.4770 0.5394773 2.7181 1.0000000 1.0000 1.0 1.0 0.36660605559646714 []
 | 23.9014 24.6953 -22.9445 0.0136781 Cc1c(CO)c(=O)on1C 1 O=c1cc[nH]o1 0.2450000 0.2450 0.3185110 0.3185 0.3333333 0.3333 0.7051161 0.7051 1.0000000 1.0000 0.0000000 143.1420 0.5561771 3.4501 1.0000000 1.0000 0.6666666666666667 1.0 0.4300872004605578 []
 | 24.4953 24.6092 27.3433 0.4058784 Nc1cnc(NCC2CCC(F)(F)CC2)nc1 1 c1cnc(NCC2CCCCC2)nc1 0.1200000 0.1200 0.2795085 0.2795 0.3333333 0.3333 0.8067448 0.8067 1.0000000 1.0000 1.0000000 242.2730 0.5405335 2.7642 1.0000000 1.0000 0.6666666666666667 1.0 0.3249615361854384 []
 | 38.3944 37.8911 -34.0630 0.0299071 COc1cc(/C=N\n2nc3ccccc3[n+]2C)ccc1OC(=O)c1ccco1 1 O=C(Oc1ccc(C=Nn2nc3ccccc3[nH+]2)cc1)c1ccco1 0.1750000 0.1750 0.2649202 0.2649 0.0000000 0.0000 0.7583439 0.7583 1.0000000 1.0000 1.0000000 377.3800 0.5443600 2.9316 1.0000000 1.0000 1.0 1.0 0.3799671038392666 []
 | 27.9584 28.9030 23.3676 0.4083637 CCCC[C@@H](CC)c1nnc(CN)n1C(C)C 1 c1nnc[nH]1 0.1450000 0.1450 0.2353960 0.2354 0.3333333 0.3333 0.8153628 0.8154 1.0000000 1.0000 1.0000000 238.3790 0.5503001 3.1919 1.0000000 1.0000 0.6666666666666667 1.0 0.35210083782916507 []
 | 22.4869 22.6280 38.7109 0.4792107 N#CNC(=O)Nc1cccc(Cl)c1 1 c1ccccc1 0.2550000 0.2550 0.1800901 0.1801 0.6666667 0.6667 0.8199099 0.8199 1.0000000 1.0000 1.0000000 195.6090 0.5264969 2.1518 1.0000000 1.0000 0.33333333333333337 1.0 0.43586121644395015 []
 | 24.8732 25.8479 -13.0900 0.0996709 CC(c1cccc(OC(C)(C)C)c1)N1CCNCC1 1 c1ccc(CN2CCNCC2)cc1 0.1900000 0.1900 0.1856953 0.1857 0.3333333 0.3333 0.8356010 0.8356 0.0000000 0.0000 1.0000000 262.3970 0.5387641 2.6869 1.0000000 1.0000 0.6666666666666667 1.0 0.39230090491866065 []
 | 30.9351 32.3963 23.2258 0.4345474 CSc1cccc(C(=O)Nc2ccc(C)c(S(=O)(=O)NC3CCCCC3)c2)c1 1 O=C(Nc1cccc(S(=O)(=O)NC2CCCCC2)c1)c1ccccc1 0.2100000 0.2100 0.2296156 0.2296 0.3333333 0.3333 0.8158363 0.8158 1.0000000 1.0000 1.0000000 418.5840 0.5259404 2.1276 1.0000000 1.0000 0.6666666666666667 1.0 0.4073082370883261 []
 | 37.9228 36.7104 21.1318 0.4518921 COc1ccc(NC(=O)c2csc(CN3CCN(c4noc5ccccc45)CC3)n2)c(OC)c1 1 O=C(Nc1ccccc1)c1csc(CN2CCN(c3noc4ccccc34)CC2)n1 0.2050000 0.2050 0.2971477 0.2971 0.3333333 0.3333 0.7571666 0.7572 1.0000000 1.0000 1.0000000 479.5620 0.5334715 2.4558 1.0000000 1.0000 0.6666666666666667 1.0 0.40370162248868907 []
 | 25.2887 26.5986 25.0012 0.4031233 COCCOCCCNC(N)=NC1CCC(C(C)(C)C)CC1 1 C1CCCCC1 0.1500000 0.1500 0.2165328 0.2165 0.3333333 0.3333 0.8018515 0.8019 1.0000000 1.0000 1.0000000 313.4860 0.5402864 2.7534 1.0000000 1.0000 0.6666666666666667 1.0 0.3570714214271425 []
20:46:56 <INFO> Sampled SMILES c12c[nH]c3ccccc3c2nc([nH]c1=O)SCC(=O)N1CCOCC1 failed to sanitize.
20:47:00 <INFO> Score: 0.24 Agent NLL: 35.87 Valid:  98% Step: 8
 | Agent Prior Target Score SMILES SMILES_state Scaffold predicted_activity predicted_activity (raw) training_similarity training_similarity (raw) taf_consistency taf_consistency (raw) novelty novelty (raw) stereo_validity stereo_validity (raw) MW_window MW_window (raw) synthetic_feasibility synthetic_feasibility (raw) curated alerts filter curated alerts filter (raw) taf_disrupted (predicted_activity) scaffold_novelty (predicted_activity) uncertainty (predicted_activity) matchting_patterns (curated alerts filter)
 | 28.7309 29.6333 -15.3128 0.1118792 CCC(C)NC(=O)C1CC(=O)N(c2ccccc2I)C1 1 O=C1CCCN1c1ccccc1 0.2450000 0.2450 0.2803060 0.2803 0.3333333 0.3333 0.7273751 0.7274 0.0000000 0.0000 1.0000000 386.2330 0.5432910 2.8848 1.0000000 1.0000 0.6666666666666667 1.0 0.4300872004605578 []
 | 45.2896 44.1395 9.0840 0.4158089 Cc1ccc(C2=C[C@H](c3cccc(OCC(=O)Nc4cc(Cl)cc(Cl)c4)c3)C3CCCCC3=N2)cc1 1 O=C(COc1cccc(C2C=C(c3ccccc3)N=C3CCCCC32)c1)Nc1ccccc1 0.2100000 0.2100 0.2403701 0.2404 0.3333333 0.3333 0.7756970 0.7757 0.5000000 0.5000 1.0000000 519.4720 0.5556757 3.4280 1.0000000 1.0000 0.6666666666666667 1.0 0.40730823708832603 []
 | 26.4148 26.3085 -22.4268 0.0303258 C=CCCn1c(C)c(C(=O)O)c2ccccc21 1 c1ccc2[nH]ccc2c1 0.1950000 0.1950 0.2602896 0.2603 0.0000000 0.0000 0.7534015 0.7534 1.0000000 1.0000 1.0000000 229.2790 0.5282415 2.2278 1.0000000 1.0000 1.0 1.0 0.3962007067131506 []
 | 55.8673 56.4322 -53.2945 0.0245131 Cc1nnn(C[C@@H]2CC[C@@H](COCC3(C)C=C(Cl)C=NC3)OC2)n1 1 C1=CC(COCC2CCC(Cn3ncnn3)CO2)CN=C1 0.0650000 0.0650 0.2958040 0.2958 0.0000000 0.0000 0.7913040 0.7913 0.6666667 0.6667 1.0000000 353.8540 0.5302048 4.6866 1.0000000 1.0000 1.0 1.0 0.24652586071242102 []
 | 30.8151 31.6868 -18.8245 0.1004868 C/C(N)=C(/N)OC1CCOC(C)(C)C1 1 C1CCOCC1 0.1300000 0.1300 0.3006689 0.3007 0.3333333 0.3333 0.7239738 0.7240 0.0000000 0.0000 1.0000000 200.2820 0.5514976 3.7555 1.0000000 1.0000 0.6666666666666667 1.0 0.33630343441600474 []
 | 24.1129 26.1583 -13.6639 0.0976124 CCC1(N(CCOC)C(C)C)CCCCNC1 1 C1CCCNCC1 0.1550000 0.1550 0.2062395 0.2062 0.3333333 0.3333 0.7937605 0.7938 0.0000000 0.0000 1.0000000 242.4070 0.5560979 3.4466 1.0000000 1.0000 0.6666666666666667 1.0 0.36190468358395134 []
 | 30.6627 30.3994 32.1264 0.4884828 COc1ccc(CNc2ccccc2-c2ccc(Br)cc2)cc1Br 1 c1ccc(CNc2ccccc2-c2ccccc2)cc1 0.2000000 0.2000 0.2642491 0.2642 0.6666667 0.6667 0.7660561 0.7661 1.0000000 1.0000 1.0000000 447.1700 0.5193154 1.8393 1.0000000 1.0000 0.33333333333333337 1.0 0.4000000000000001 []
 | 36.0710 37.5727 -33.5053 0.0317767 O=C(c1cnccn1)N1CCO[C@H](Cn2c3c(c(=O)[nH]c2=O)CSCC3)C1 1 O=C(c1cnccn1)N1CCOC(Cn2c3c(c(=O)[nH]c2=O)CSCC3)C1 0.2600000 0.2600 0.2419433 0.2419 0.0000000 0.0000 0.7580567 0.7581 1.0000000 1.0000 1.0000000 389.4370 0.5557135 3.4297 1.0000000 1.0000 1.0 1.0 0.4386342439892262 []
 | 32.4811 34.3203 23.3981 0.4509245 COCCNC(=O)CN=C(C)N(C)c1ccc(C)cc1 1 c1ccccc1 0.2250000 0.2250 0.2642491 0.2642 0.3333333 0.3333 0.7763932 0.7764 1.0000000 1.0000 1.0000000 277.3680 0.5340731 2.4821 1.0000000 1.0000 0.6666666666666667 1.0 0.4175823272122517 []
 | 23.0842 23.7041 -11.4386 0.0958243 CCNC(c1cnn(C)c1)C1CCCOC1 1 c1n[nH]cc1CC1CCCOC1 0.1300000 0.1300 0.2222392 0.2222 0.3333333 0.3333 0.8043441 0.8043 0.0000000 0.0000 1.0000000 223.3200 0.5543342 3.3691 1.0000000 1.0000 0.6666666666666667 1.0 0.33630343441600474 []
20:47:04 <INFO> Score: 0.28 Agent NLL: 34.37 Valid: 100% Step: 9
 | Agent Prior Target Score SMILES SMILES_state Scaffold predicted_activity predicted_activity (raw) training_similarity training_similarity (raw) taf_consistency taf_consistency (raw) novelty novelty (raw) stereo_validity stereo_validity (raw) MW_window MW_window (raw) synthetic_feasibility synthetic_feasibility (raw) curated alerts filter curated alerts filter (raw) taf_disrupted (predicted_activity) scaffold_novelty (predicted_activity) uncertainty (predicted_activity) matchting_patterns (curated alerts filter)
 | 33.6864 32.9498 -18.4277 0.1134535 CCc1ccc(Nc2ccnc(NC3CCN(C(=O)OC(C)(C)C)C3)n2)cc1 1 c1ccc(Nc2ccnc(NC3CCNC3)n2)cc1 0.1550000 0.1550 0.2649202 0.2649 0.6666667 0.6667 0.7803126 0.7803 0.0000000 0.0000 1.0000000 383.4960 0.5403675 2.7570 1.0000000 1.0000 0.33333333333333337 1.0 0.36190468358395134 []
 | 28.0032 28.4909 26.6060 0.4304445 Cc1ccc(NC(=O)Cn2nnc3ccccc32)cc1NS(C)(=O)=O 1 O=C(Cn1nnc2ccccc21)Nc1ccccc1 0.2350000 0.2350 0.1960696 0.1961 0.3333333 0.3333 0.8121154 0.8121 1.0000000 1.0000 1.0000000 359.4110 0.5242746 2.0551 1.0000000 1.0000 0.6666666666666667 1.0 0.4239988207530771 []
 | 25.2337 25.4738 24.7841 0.3926402 Nc1c(C(F)(F)F)cc(C(F)(F)F)nc1C(F)F 1 c1ccncc1 0.2300000 0.2300 0.1154701 0.1155 0.3333333 0.3333 0.9050842 0.9051 1.0000000 1.0000 1.0000000 280.1180 0.5443228 2.9300 1.0000000 1.0000 0.6666666666666667 1.0 0.4208325082500163 []
 | 27.3124 26.6146 27.9205 0.4260560 COc1ccccc1N1C(=O)C(Cl)=C(Nc2ccc(Cl)cc2)C1=O 1 O=C1C=C(Nc2ccccc2)C(=O)N1c1ccccc1 0.1550000 0.1550 0.2867697 0.2868 0.3333333 0.3333 0.7866477 0.7866 1.0000000 1.0000 1.0000000 363.2000 0.5228016 1.9909 1.0000000 1.0000 0.6666666666666667 1.0 0.36190468358395134 []
 | 33.8921 35.7760 -31.9319 0.0300327 Cc1nn(C)c(C)c1CC(=O)Oc1cc(C)c2ccc(=O)oc2c1 1 O=C(Cc1cn[nH]c1)Oc1ccc2ccc(=O)oc2c1 0.1950000 0.1950 0.2412253 0.2412 0.0000000 0.0000 0.7864395 0.7864 1.0000000 1.0000 1.0000000 326.3520 0.5326057 2.4181 1.0000000 1.0000 1.0 1.0 0.3962007067131506 []
 | 26.2015 25.4824 -21.4322 0.0316415 CC(C)(Oc1c(F)cccc1Cl)C(=O)O 1 c1ccccc1 0.2550000 0.2550 0.2465060 0.2465 0.0000000 0.0000 0.7637846 0.7638 1.0000000 1.0000 1.0000000 232.6380 0.5284095 2.2351 1.0000000 1.0000 1.0 1.0 0.43586121644395015 []
 | 25.8770 26.7296 27.9103 0.4268741 CCN1CCN(C(=O)NCc2ccc(C(C)=O)cc2)CC1 1 O=C(NCc1ccccc1)N1CCNCC1 0.1750000 0.1750 0.2541643 0.2542 0.3333333 0.3333 0.8082012 0.8082 1.0000000 1.0000 1.0000000 289.3790 0.5184269 1.8006 1.0000000 1.0000 0.6666666666666667 1.0 0.3799671038392666 []
 | 30.0639 29.8771 25.3905 0.4317781 Cc1ccc(NC(=O)[C@H]2CC(=O)N(c3ccc(Cl)cc3)C2)c(F)c1 1 O=C(Nc1ccccc1)C1CC(=O)N(c2ccccc2)C1 0.2100000 0.2100 0.2251408 0.2251 0.3333333 0.3333 0.7869506 0.7870 1.0000000 1.0000 1.0000000 346.7890 0.5306530 2.3329 1.0000000 1.0000 0.6666666666666667 1.0 0.4073082370883261 []
 | 49.9671 49.9267 16.5505 0.5193529 CCCCc1cc(NC(=O)c2ccn(OC(=O)OCCC(C)C)n2)n(Cc2ccc(F)cc2)n1 1 O=C(Nc1ccnn1Cc1ccccc1)c1cc[nH]n1 0.2400000 0.2400 0.2981424 0.2981 0.6666667 0.6667 0.7550105 0.7550 1.0000000 1.0000 1.0000000 471.5330 0.5436679 2.9013 1.0000000 1.0000 0.33333333333333337 1.0 0.4270831300812524 []
 | 47.5447 49.0066 10.2994 0.4633276 Cc1cc(C#N)c2cc3ncsc3nc2c1-c1cccc(S(N)(=O)=O)c1 1 c1ccc(-c2cccc3cc4ncsc4nc23)cc1 0.2100000 0.2100 0.1759623 0.1760 0.6666667 0.6667 0.8645084 0.8645 1.0000000 1.0000 1.0000000 380.4540 0.5431697 2.8795 1.0000000 1.0000 0.33333333333333337 1.0 0.40730823708832603 []
20:47:04 <INFO> Sampled SMILES c1cc(C)c(C)cc1S(n1c2C(=O)CCCc2c(c1=O)C(O)=O)(=O)=O failed to sanitize.
20:47:07 <INFO> Score: 0.24 Agent NLL: 31.92 Valid:  95% Step: 10
 | Agent Prior Target Score SMILES SMILES_state Scaffold predicted_activity predicted_activity (raw) training_similarity training_similarity (raw) taf_consistency taf_consistency (raw) novelty novelty (raw) stereo_validity stereo_validity (raw) MW_window MW_window (raw) synthetic_feasibility synthetic_feasibility (raw) curated alerts filter curated alerts filter (raw) taf_disrupted (predicted_activity) scaffold_novelty (predicted_activity) uncertainty (predicted_activity) matchting_patterns (curated alerts filter)
 | 49.3954 47.2745 -43.1675 0.0320858 Cc1ccc(COc2ccc(/C=N/n3c(=O)n(C)n4c5c6ccccc6n(C)c5nc34)cc2)cc1 1 O=c1[nH]n2c3c(nc2n1N=Cc1ccc(OCc2ccccc2)cc1)[nH]c1ccccc13 0.2300000 0.2300 0.3024292 0.3024 0.0000000 0.0000 0.7028666 0.7029 1.0000000 1.0000 1.0000000 464.5290 0.5420905 2.8323 1.0000000 1.0000 1.0 1.0 0.4208325082500163 []
 | 67.8529 70.9992 -70.9992 0.0000000 C1(=O)N2[C@H](C(N[C@@H](CCCN=C(N)N)C(=O)N[C@H](CCC(OC(C)(C)C)=O)COC(NCC3CCCCC3OC)=O)=O)N(CC(N)=O)CCC2 0 -- 0.0000000 0.0000 0.0000000 0.0000 0.0000000 0.0000 0.0000000 0.0000 0.0000000 0.0000 0.0000000 0.0000 0.0000000 0.0000 0.0000000 0.0000 None None None None
 | 26.8097 26.0507 -25.1479 0.0070528 CC1CN(c2ccc(CCl)cc2F)CCN1C 1 c1ccc(N2CCNCC2)cc1 0.1900000 0.1900 0.2053985 0.2054 0.0000000 0.0000 0.8108108 0.8108 0.0000000 0.0000 1.0000000 256.7520 0.5386615 2.6824 1.0000000 1.0000 1.0 1.0 0.39230090491866065 []
 | 37.4125 40.4179 17.9949 0.4563502 CC(C)C[C@@H](NC(=O)CN(C)Cc1nnc(-c2ccco2)o1)C(=O)Nc1ccccc1 1 O=C(CNCc1nnc(-c2ccco2)o1)NCC(=O)Nc1ccccc1 0.2650000 0.2650 0.2395270 0.2395 0.3333333 0.3333 0.7604730 0.7605 1.0000000 1.0000 1.0000000 425.4890 0.5417662 2.8181 1.0000000 1.0000 0.6666666666666667 1.0 0.4413332074521472 []
 | 27.2431 28.3172 23.1155 0.4018175 CCOc1cc(C)ccc1-n1cnnc1CN 1 c1ccc(-n2cnnc2)cc1 0.1650000 0.1650 0.1919430 0.1919 0.3333333 0.3333 0.8279382 0.8279 1.0000000 1.0000 1.0000000 232.2870 0.5320890 2.3955 1.0000000 1.0000 0.6666666666666667 1.0 0.37118054905934933 []
 | 29.0999 30.5494 -16.7499 0.1078087 CNC(C)C(OC)(c1ccccc1)C(C)(C)C 1 c1ccccc1 0.1950000 0.1950 0.2881952 0.2882 0.3333333 0.3333 0.7203836 0.7204 0.0000000 0.0000 1.0000000 235.3710 0.5571719 3.4938 1.0000000 1.0000 0.6666666666666667 1.0 0.3962007067131506 []
 | 50.4513 50.9887 1.7516 0.4120330 COc1cc2cnn(-c3ccnc(Nc4cc(F)c(N)c(F)c4)n3)c2cc1OCCCN1CCOCC1 1 c1ccc(Nc2nccc(-n3ncc4ccc(OCCCN5CCOCC5)cc43)n2)cc1 0.1550000 0.1550 0.2306839 0.2307 0.3333333 0.3333 0.8269871 0.8270 1.0000000 1.0000 1.0000000 511.5330 0.5426123 2.8551 1.0000000 1.0000 0.6666666666666667 1.0 0.36190468358395134 []
 | 24.3761 24.2533 -9.5066 0.1152081 CCCC(C)NC(=O)c1ccc(F)cc1F 1 c1ccccc1 0.2800000 0.2800 0.2898855 0.2899 0.3333333 0.3333 0.7271474 0.7271 0.0000000 0.0000 1.0000000 227.2540 0.5277461 2.2062 1.0000000 1.0000 0.6666666666666667 1.0 0.44899888641287294 []
 | 26.0956 24.7014 -20.7608 0.0307857 O=c1[nH]c2nnc(CCl)n2c2ccccc12 1 O=c1[nH]c2nncn2c2ccccc12 0.2150000 0.2150 0.2537477 0.2537 0.0000000 0.0000 0.7462523 0.7463 1.0000000 1.0000 1.0000000 234.6460 0.5398434 2.7341 1.0000000 1.0000 1.0 1.0 0.41082234603292944 []
 | 27.7163 27.8898 -26.9349 0.0074598 CCC1CCCCC1OCc1cc(F)cc(C(=O)O)c1 1 c1ccc(COC2CCCCC2)cc1 0.1900000 0.1900 0.2857953 0.2858 0.0000000 0.0000 0.7432519 0.7433 0.0000000 0.0000 1.0000000 280.3390 0.5440131 2.9164 1.0000000 1.0000 1.0 1.0 0.39230090491866065 []
20:47:07 <INFO> Sampled SMILES c1(c(cc(C)n([nH]1)CC1CCN(CC1)C(=O)CCC(Nc1sccn1)=O)=O)C(F)(F)F failed to sanitize.
20:47:07 <INFO> Sampled SMILES n1c2[nH]cc(-c3ccc(F)c(c3)C=N)c(NC(=O)OC)c2c(cc1C1CC1)Nc1ccccc1 failed to sanitize.
20:47:11 <INFO> Score: 0.21 Agent NLL: 35.03 Valid:  97% Step: 11
 | Agent Prior Target Score SMILES SMILES_state Scaffold predicted_activity predicted_activity (raw) training_similarity training_similarity (raw) taf_consistency taf_consistency (raw) novelty novelty (raw) stereo_validity stereo_validity (raw) MW_window MW_window (raw) synthetic_feasibility synthetic_feasibility (raw) curated alerts filter curated alerts filter (raw) taf_disrupted (predicted_activity) scaffold_novelty (predicted_activity) uncertainty (predicted_activity) matchting_patterns (curated alerts filter)
 | 38.4168 38.8322 -25.0089 0.1079949 C=CNC(C(C=C)N1C(=O)c2ccccc2C1=O)C(C)(C)C 1 O=C1NC(=O)c2ccccc21 0.2400000 0.2400 0.2285714 0.2286 0.3333333 0.3333 0.7776920 0.7777 0.0000000 0.0000 1.0000000 298.3860 0.5514606 3.7572 1.0000000 1.0000 0.6666666666666667 1.0 0.4270831300812525 []
 | 25.0804 24.9425 -8.3307 0.1297799 COC(C#N)CNCc1ccccc1 1 c1ccccc1 0.2700000 0.2700 0.3301651 0.3302 0.6666667 0.6667 0.6698349 0.6698 0.0000000 0.0000 1.0000000 190.2460 0.5406854 2.7709 1.0000000 1.0000 0.33333333333333337 1.0 0.4439594576084623 []
 | 31.3097 31.4173 23.6712 0.4303791 Cc1ccc(S(=O)(=O)N(CC(=O)Nc2cc(C)ccc2C(C)C)c2ccc(Cl)cc2)cc1 1 O=C(CN(c1ccccc1)S(=O)(=O)c1ccccc1)Nc1ccccc1 0.2450000 0.2450 0.1856954 0.1857 0.3333333 0.3333 0.8285714 0.8286 1.0000000 1.0000 1.0000000 471.0220 0.5262382 2.1406 1.0000000 1.0000 0.6666666666666667 1.0 0.4300872004605578 []
 | 36.8871 38.8824 21.4543 0.4713806 CC(=O)O[C@H](C)CC(=O)Nc1ncc(-c2ccc(S(C)(=O)=O)cc2)s1 1 c1ccc(-c2cncs2)cc1 0.1750000 0.1750 0.2465568 0.2466 0.6666667 0.6667 0.7601994 0.7602 1.0000000 1.0000 1.0000000 382.4630 0.5419686 2.8270 1.0000000 1.0000 0.33333333333333337 1.0 0.3799671038392666 []
 | 32.4873 34.2043 -18.1892 0.1251178 COc1ccccc1NC(=O)C(C#N)C(=O)Nc1ccc(CN2CCCCCC2)cc1 1 O=C(CC(=O)Nc1ccc(CN2CCCCCC2)cc1)Nc1ccccc1 0.2450000 0.2450 0.2860281 0.2860 0.6666667 0.6667 0.7467749 0.7468 0.0000000 0.0000 1.0000000 420.5130 0.5364445 2.5856 1.0000000 1.0000 0.33333333333333337 1.0 0.4300872004605578 []
 | 32.1817 33.5499 23.1831 0.4432264 CC1CCc2c(nc(SCC(=O)N[C@H](C)c3ccccc3)n(Cc3ccccc3)c2=O)C1 1 O=C(CSc1nc2c(c(=O)n1Cc1ccccc1)CCCC2)NCc1ccccc1 0.2450000 0.2450 0.3049814 0.3050 0.3333333 0.3333 0.7003590 0.7004 0.5000000 0.5000 1.0000000 447.6040 0.5456641 2.9887 1.0000000 1.0000 0.6666666666666667 1.0 0.43008720046055776 []
 | 27.2157 27.4578 25.9115 0.4169474 COc1ccc(-c2cc(C(=O)OC(C)(C)C)ncn2)cc1 1 c1ccc(-c2ccncn2)cc1 0.1600000 0.1600 0.2442250 0.2442 0.3333333 0.3333 0.8108108 0.8108 1.0000000 1.0000 1.0000000 286.3310 0.5242035 2.0520 1.0000000 1.0000 0.6666666666666667 1.0 0.36660605559646714 []
 | 53.7304 53.9813 -53.9570 0.0001896 CCN1C(C(C)(C)C)COC(C)(CCCC(F)(F)C(F)(F)C(F)(F)C(F)(F)C(F)(F)C(F)(F)F)C1(C)C 1 C1COCCN1 0.1050000 0.1050 0.2619790 0.2620 0.0000000 0.0000 0.7618372 0.7618 0.0000000 0.0000 0.0000000 573.4780 0.5363472 4.4187 1.0000000 1.0000 1.0 1.0 0.3065534211193866 []
 | 26.8919 28.7461 -17.0313 0.0915221 CC(C)Cn1ccnc1CN1CCCC(N)CC1 1 c1c[nH]c(CN2CCCCCC2)n1 0.1200000 0.1200 0.1885618 0.1886 0.3333333 0.3333 0.8322949 0.8323 0.0000000 0.0000 1.0000000 250.3900 0.5416454 2.8128 1.0000000 1.0000 0.6666666666666667 1.0 0.3249615361854384 []
 | 27.8724 28.0687 -13.6034 0.1130100 CNC(CCC1CCCCO1)Cc1ccc(OC)cc1Br 1 c1ccc(CCCCC2CCCCO2)cc1 0.1450000 0.1450 0.2708645 0.2709 0.6666667 0.6667 0.8081596 0.8082 0.0000000 0.0000 1.0000000 356.3040 0.5475526 3.0714 1.0000000 1.0000 0.33333333333333337 1.0 0.352100837829165 []
20:47:15 <INFO> Score: 0.27 Agent NLL: 32.31 Valid: 100% Step: 12
 | Agent Prior Target Score SMILES SMILES_state Scaffold predicted_activity predicted_activity (raw) training_similarity training_similarity (raw) taf_consistency taf_consistency (raw) novelty novelty (raw) stereo_validity stereo_validity (raw) MW_window MW_window (raw) synthetic_feasibility synthetic_feasibility (raw) curated alerts filter curated alerts filter (raw) taf_disrupted (predicted_activity) scaffold_novelty (predicted_activity) uncertainty (predicted_activity) matchting_patterns (curated alerts filter)
 | 26.2271 26.8800 34.2722 0.4777516 CC(C)Oc1cc(C(=O)Nc2ccccc2)cc(N)n1 1 O=C(Nc1ccccc1)c1ccncc1 0.2900000 0.2900 0.2933594 0.2934 0.3333333 0.3333 0.7066406 0.7066 1.0000000 1.0000 1.0000000 271.3200 0.5227589 1.9891 1.0000000 1.0000 0.6666666666666667 1.0 0.4537620521815371 []
 | 27.1369 28.1569 -28.1569 0.0000000 CC(=O)Nc1ccc(NCCCF)c(N)c1 1 c1ccccc1 0.2200000 0.2200 0.2082317 0.2082 0.3333333 0.3333 0.8356010 0.8356 1.0000000 1.0000 1.0000000 225.2670 0.5273135 2.1874 1.0000000 1.0000 0.6666666666666667 1.0 0.41424630354415964 []
 | 25.3206 25.3213 -21.3123 0.0313204 CCOP(=O)(OCC)c1c[nH]ccc1=O 1 O=c1cc[nH]cc1 0.2100000 0.2100 0.2824942 0.2825 0.0000000 0.0000 0.7373871 0.7374 1.0000000 1.0000 1.0000000 231.1880 0.5526462 3.2949 1.0000000 1.0000 1.0 1.0 0.40730823708832603 []
 | 34.0086 36.4373 16.6191 0.4145033 COc1c(C(=O)N2CCC[C@@H](C(=O)NC(C)(C)C)C2)ccc2c1OCCCO2 1 O=C(c1ccc2c(c1)OCCCO2)N1CCCCC1 0.1450000 0.1450 0.2567180 0.2567 0.3333333 0.3333 0.8087270 0.8087 1.0000000 1.0000 1.0000000 390.4800 0.5447961 2.9507 1.0000000 1.0000 0.6666666666666667 1.0 0.352100837829165 []
 | 21.7044 23.1009 -9.2905 0.1078934 CC(C)NC(=O)C(C)NC(C)(C)CO 1  0.2450000 0.2450 0.2228344 0.2228 0.3333333 0.3333 0.7878680 0.7879 0.0000000 0.0000 1.0000000 202.2980 0.5442413 2.9264 1.0000000 1.0000 0.6666666666666667 1.0 0.4300872004605578 []
 | 34.4707 34.9675 -34.9675 0.0000000 C[N+](C)=c1ccc2cccc3ccc4cc(cc1)c4c23 1 [N+]=c1ccc2cccc3ccc4cc(cc1)c4c23 0.0000000 0.0000 0.0000000 0.0000 0.0000000 0.0000 0.0000000 0.0000 0.0000000 0.0000 0.0000000 0.0000 0.0000000 0.0000 0.0000000 0.0000 None None None ['[*;r{8-17}]']
 | 23.5521 24.8358 -11.2095 0.1064551 CCC(CC)NC(=O)C(C)(N)CO 1  0.2100000 0.2100 0.2474874 0.2475 0.3333333 0.3333 0.7525126 0.7525 0.0000000 0.0000 1.0000000 188.2710 0.5468483 3.0406 1.0000000 1.0000 0.6666666666666667 1.0 0.4073082370883261 []
 | 30.6755 32.2578 -31.2614 0.0077844 CCCN(Cc1nc(SC)no1)C(=O)C(CC)c1ccccc1 1 O=C(Cc1ccccc1)NCc1ncno1 0.2400000 0.2400 0.2877607 0.2878 0.0000000 0.0000 0.7122393 0.7122 0.0000000 0.0000 1.0000000 333.4570 0.5465782 3.0287 1.0000000 1.0000 1.0 1.0 0.4270831300812525 []
 | 28.0659 30.1873 21.0361 0.4001828 NC(=O)CN1CCN(C(=O)CSC[C@@H](N)C(=O)O)CC1 1 C1CNCCN1 0.1850000 0.1850 0.1657484 0.1657 0.3333333 0.3333 0.8342516 0.8343 1.0000000 1.0000 1.0000000 304.3720 0.5399361 2.7381 1.0000000 1.0000 0.6666666666666667 1.0 0.38829756630707846 []
 | 34.4950 37.2613 19.5014 0.4434586 CC(C)CN(Cc1ccccn1)C(=O)c1cccc(S(=O)(=O)Nc2cc(F)ccc2F)c1 1 O=C(NCc1ccccn1)c1cccc(S(=O)(=O)Nc2ccccc2)c1 0.2500000 0.2500 0.2175793 0.2176 0.3333333 0.3333 0.7859708 0.7860 1.0000000 1.0000 1.0000000 459.5180 0.5298396 2.2975 1.0000000 1.0000 0.6666666666666667 1.0 0.4330127018922193 []
20:47:19 <INFO> Score: 0.26 Agent NLL: 30.83 Valid:  98% Step: 13
 | Agent Prior Target Score SMILES SMILES_state Scaffold predicted_activity predicted_activity (raw) training_similarity training_similarity (raw) taf_consistency taf_consistency (raw) novelty novelty (raw) stereo_validity stereo_validity (raw) MW_window MW_window (raw) synthetic_feasibility synthetic_feasibility (raw) curated alerts filter curated alerts filter (raw) taf_disrupted (predicted_activity) scaffold_novelty (predicted_activity) uncertainty (predicted_activity) matchting_patterns (curated alerts filter)
 | 25.3857 26.7976 -26.7976 0.0000000 COCCNC(=O)c1cc(S(N)(=O)=O)ccc1OC 1 c1ccccc1 0.2400000 0.2400 0.3012376 0.3012 0.3333333 0.3333 0.7705843 0.7706 1.0000000 1.0000 1.0000000 288.3250 0.5195908 1.8513 1.0000000 1.0000 0.6666666666666667 1.0 0.4270831300812525 []
 | 22.4300 23.4163 -21.9756 0.0112554 CC(C)[C@H]1CCOC[C@H]1O 1 C1CCOCC1 0.1150000 0.1150 0.2359699 0.2360 0.3333333 0.3333 0.7664503 0.7665 1.0000000 1.0000 0.0000000 144.2140 0.5571271 3.4919 1.0000000 1.0000 0.6666666666666667 1.0 0.31902194281898544 []
 | 23.8756 22.9229 -8.9874 0.1088717 CC(CC1CC1)NCCc1ccco1 1 c1coc(CCNCCC2CC2)c1 0.2000000 0.2000 0.2898855 0.2899 0.3333333 0.3333 0.7744465 0.7744 0.0000000 0.0000 1.0000000 193.2900 0.5392671 2.7089 1.0000000 1.0000 0.6666666666666667 1.0 0.4 []
 | 31.8896 33.8170 -19.6645 0.1105670 COC(=O)C1CCCN1C(=O)C(C)N1CCCN(CCO)CC1 1 O=C(CN1CCCNCC1)N1CCCC1 0.1400000 0.1400 0.2548645 0.2549 0.6666667 0.6667 0.7843344 0.7843 0.0000000 0.0000 1.0000000 327.4250 0.5445986 2.9421 1.0000000 1.0000 0.33333333333333337 1.0 0.34698703145794946 []
 | 24.6010 27.3393 20.9860 0.3775416 C=CCN1CCC(NC(=NC)NCC(=O)N2CCCCCC2)CC1 1 N=C(NCC(=O)N1CCCCCC1)NC1CCNCC1 0.0950000 0.0950 0.2354408 0.2354 0.3333333 0.3333 0.8587355 0.8587 1.0000000 1.0000 1.0000000 335.4960 0.5379694 2.6522 1.0000000 1.0000 0.6666666666666667 1.0 0.29321493822791495 []
 | 37.1516 36.4381 25.7493 0.4858388 Cn1c(=O)n(-c2ncccn2)c(=O)n1CC(=O)Nc1ccc(O)cc1 1 O=C(Cn1[nH]c(=O)n(-c2ncccn2)c1=O)Nc1ccccc1 0.2950000 0.2950 0.3129843 0.3130 0.3333333 0.3333 0.6955922 0.6956 1.0000000 1.0000 1.0000000 342.3150 0.5368703 2.6042 1.0000000 1.0000 0.6666666666666667 1.0 0.4560427611529428 []
 | 26.5760 25.7100 38.2101 0.4993752 C[C@@H](Sc1nnc(-c2ccccc2)n1C)C(=O)Nc1ccccc1C#N 1 O=C(CSc1nnc(-c2ccccc2)[nH]1)Nc1ccccc1 0.2700000 0.2700 0.2135605 0.2136 0.6666667 0.6667 0.7864395 0.7864 1.0000000 1.0000 1.0000000 363.4460 0.5345050 2.5009 1.0000000 1.0000 0.33333333333333337 1.0 0.4439594576084622 []
 | 22.8921 24.1129 30.4828 0.4265286 CC(C)N(C)S(=O)(=O)Nc1nccs1 1 c1cscn1 0.2250000 0.2250 0.1936492 0.1936 0.3333333 0.3333 0.8063508 0.8064 1.0000000 1.0000 1.0000000 235.3340 0.5369508 2.6077 1.0000000 1.0000 0.6666666666666667 1.0 0.4175823272122517 []
 | 30.7944 31.8560 -18.4130 0.1050238 C=CCOC1CCCN(C(=O)Nc2cccc3cccnc23)C1 1 O=C(Nc1cccc2cccnc12)N1CCCCC1 0.1400000 0.1400 0.3432339 0.3432 0.3333333 0.3333 0.7741806 0.7742 0.0000000 0.0000 1.0000000 311.3850 0.5401416 2.7471 1.0000000 1.0000 0.6666666666666667 1.0 0.3469870314579494 []
 | 26.5347 25.2763 31.1088 0.4405084 Cc1cccc(OCCC(=O)NCC2(C(=O)O)CC2)c1 1 O=C(CCOc1ccccc1)NCC1CC1 0.1750000 0.1750 0.3096116 0.3096 0.3333333 0.3333 0.7432519 0.7433 1.0000000 1.0000 1.0000000 277.3200 0.5268312 2.1664 1.0000000 1.0000 0.6666666666666667 1.0 0.3799671038392666 []
20:47:22 <INFO> Score: 0.22 Agent NLL: 31.79 Valid: 100% Step: 14
 | Agent Prior Target Score SMILES SMILES_state Scaffold predicted_activity predicted_activity (raw) training_similarity training_similarity (raw) taf_consistency taf_consistency (raw) novelty novelty (raw) stereo_validity stereo_validity (raw) MW_window MW_window (raw) synthetic_feasibility synthetic_feasibility (raw) curated alerts filter curated alerts filter (raw) taf_disrupted (predicted_activity) scaffold_novelty (predicted_activity) uncertainty (predicted_activity) matchting_patterns (curated alerts filter)
 | 31.0170 32.3781 29.4482 0.4830183 CCOc1ccccc1NC(=O)c1c(C)[nH]c2cc(O)ccc12 1 O=C(Nc1ccccc1)c1c[nH]c2ccccc12 0.2900000 0.2900 0.3151110 0.3151 0.3333333 0.3333 0.6848890 0.6849 1.0000000 1.0000 1.0000000 310.3530 0.5239283 2.0400 1.0000000 1.0000 0.6666666666666667 1.0 0.4537620521815371 []
 | 29.3600 30.6763 -26.8352 0.0300086 COc1ccc(C)cc1S(=O)(=O)N1CCN(C(=O)CN2CCN(c3ncccn3)CC2)CC1 1 O=C(CN1CCN(c2ncccn2)CC1)N1CCN(S(=O)(=O)c2ccccc2)CC1 0.1700000 0.1700 0.2779693 0.2780 0.0000000 0.0000 0.7762813 0.7763 1.0000000 1.0000 1.0000000 474.5870 0.5302045 2.3134 1.0000000 1.0000 1.0 1.0 0.375632799419859 []
 | 45.1235 44.0262 16.9961 0.4767370 CCc1ccc2[nH]c(C(=O)OCC3CCNCC3)c(C(=O)c3cccs3)c2c1 1 O=C(OCC1CCNCC1)c1[nH]c2ccccc2c1C(=O)c1cccs1 0.1650000 0.1650 0.2746751 0.2747 0.6666667 0.6667 0.7803126 0.7803 1.0000000 1.0000 1.0000000 396.5120 0.5382339 2.6637 1.0000000 1.0000 0.33333333333333337 1.0 0.37118054905934933 []
 | 35.1429 34.9563 -31.1892 0.0294303 C/C=C(/CC)C(=NC)n1ccc(N(C)C)n1 1 c1cn[nH]c1 0.2300000 0.2300 0.1739313 0.1739 0.0000000 0.0000 0.8484152 0.8484 1.0000000 1.0000 1.0000000 220.3200 0.5528980 3.6940 1.0000000 1.0000 1.0 1.0 0.4208325082500163 []
 | 27.5467 28.1116 26.5820 0.4272939 Cc1ncsc1-c1ccc(NC(=O)c2c(C)nn(C)c2C)cc1 1 O=C(Nc1ccc(-c2cncs2)cc1)c1cn[nH]c1 0.2400000 0.2400 0.1825742 0.1826 0.3333333 0.3333 0.8224288 0.8224 1.0000000 1.0000 1.0000000 326.4250 0.5303367 2.3191 1.0000000 1.0000 0.6666666666666667 1.0 0.4270831300812525 []
 | 38.6523 39.0707 12.5862 0.4035691 CC(C)(C)OC(=O)N1CC=C(S(=O)(=O)N2CCCN(Cc3ccc(C(F)(F)F)cc3)CC2)CC1 1 O=S(=O)(C1=CCNCC1)N1CCCN(Cc2ccccc2)CC1 0.1450000 0.1450 0.2221882 0.2222 0.3333333 0.3333 0.8257986 0.8258 1.0000000 1.0000 1.0000000 503.5870 0.5393720 2.7135 1.0000000 1.0000 0.6666666666666667 1.0 0.352100837829165 []
 | 36.9864 34.5080 -33.6186 0.0069482 CCC(F)(F)CN1CCN(C)C1N1CCOCC1 1 C1CNC(N2CCOCC2)N1 0.1600000 0.1600 0.2262779 0.2263 0.0000000 0.0000 0.7845899 0.7846 0.0000000 0.0000 1.0000000 263.3320 0.5537601 3.6562 1.0000000 1.0000 1.0 1.0 0.36660605559646714 []
 | 24.5070 24.0458 -20.2507 0.0296495 CCc1cnc(-c2ccnn2C)s1 1 c1cc(-c2nccs2)[nH]n1 0.2000000 0.2000 0.2160247 0.2160 0.0000000 0.0000 0.8063508 0.8064 1.0000000 1.0000 1.0000000 193.2750 0.5387589 2.6867 1.0000000 1.0000 1.0 1.0 0.4 []
 | 29.2126 29.9153 -15.1925 0.1150215 Cc1sc2ncn(CC(O)c3csc4ccccc34)c(=O)c2c1C 1 O=c1c2ccsc2ncn1CCc1csc2ccccc12 0.2850000 0.2850 0.2789943 0.2790 0.3333333 0.3333 0.7210057 0.7210 0.0000000 0.0000 1.0000000 356.4720 0.5453540 2.9751 1.0000000 1.0000 0.6666666666666667 1.0 0.4514144437210666 []
 | 28.4824 29.5795 32.0094 0.4811633 Cc1nn(-c2ccc(F)cc2)c(Cl)c1C(=O)OCC(=O)NCc1ccc(C(C)C)cc1 1 O=C(COC(=O)c1cnn(-c2ccccc2)c1)NCc1ccccc1 0.2350000 0.2350 0.2021595 0.2022 0.6666667 0.6667 0.7986532 0.7987 1.0000000 1.0000 1.0000000 443.9060 0.5268731 2.1682 1.0000000 1.0000 0.33333333333333337 1.0 0.4239988207530771 []
20:47:23 <INFO> Sampled SMILES C(C)(=c1ccc2c(Br)=C(C(C2=O)=O)OC)c(cc1)=O failed to sanitize.
20:47:26 <INFO> Score: 0.29 Agent NLL: 31.97 Valid:  98% Step: 15
 | Agent Prior Target Score SMILES SMILES_state Scaffold predicted_activity predicted_activity (raw) training_similarity training_similarity (raw) taf_consistency taf_consistency (raw) novelty novelty (raw) stereo_validity stereo_validity (raw) MW_window MW_window (raw) synthetic_feasibility synthetic_feasibility (raw) curated alerts filter curated alerts filter (raw) taf_disrupted (predicted_activity) scaffold_novelty (predicted_activity) uncertainty (predicted_activity) matchting_patterns (curated alerts filter)
 | 28.4261 30.1868 33.8324 0.5001505 Cc1ccc(CN(C(=O)COc2ccc(Br)cc2Cl)[C@H](C)C(=O)NC(C)(C)C)cc1 1 O=C(COc1ccccc1)NCc1ccccc1 0.2400000 0.2400 0.2460905 0.2461 0.6666667 0.6667 0.7539095 0.7539 1.0000000 1.0000 1.0000000 495.8450 0.5400844 2.7446 1.0000000 1.0000 0.33333333333333337 1.0 0.4270831300812525 []
 | 71.6909 73.7802 -72.0744 0.0133264 Cc1c(N2CCC[C@@H](NC/C=C/c3ccc(F)c(F)c3)C2)c2cc(C(=O)OC(=O)NC(CO)C(=O)O)ccc2n1C 1 C(=Cc1ccccc1)CNC1CCCN(c2c[nH]c3ccccc23)C1 0.2150000 0.2150 0.2298160 0.2298 0.6666667 0.6667 0.7780440 0.7780 0.5000000 0.5000 0.0000000 570.5930 0.5507193 3.7897 1.0000000 1.0000 0.33333333333333337 1.0 0.41082234603292944 []
 | 30.1595 29.0271 30.2564 0.4631525 COc1ccc2c(c1)OC(=O)N(CO)C2 1 O=C1NCc2ccccc2O1 0.1900000 0.1900 0.3713907 0.3714 0.3333333 0.3333 0.7260017 0.7260 1.0000000 1.0000 1.0000000 209.2010 0.5355712 2.5474 1.0000000 1.0000 0.6666666666666667 1.0 0.39230090491866065 []
 | 29.7891 29.1857 25.5742 0.4278118 O=[N+]([O-])c1ccc2c(c1)O[C@](O)(C(F)(F)F)C=C2 1 C1=Cc2ccccc2OC1 0.2100000 0.2100 0.2053985 0.2054 0.3333333 0.3333 0.8199099 0.8199 1.0000000 1.0000 1.0000000 261.1550 0.5559341 3.5606 1.0000000 1.0000 0.6666666666666667 1.0 0.4073082370883261 []
 | 34.5755 37.8324 14.8532 0.4116063 Cn1nc(C(C)(C)C)c2cc(NS(=O)(=O)c3ccccc3F)ccc21 1 O=S(=O)(Nc1ccc2[nH]ncc2c1)c1ccccc1 0.2150000 0.2150 0.1648086 0.1648 0.3333333 0.3333 0.8512955 0.8513 1.0000000 1.0000 1.0000000 361.4420 0.5309951 2.3478 1.0000000 1.0000 0.6666666666666667 1.0 0.41082234603292944 []
 | 35.9090 36.1717 17.0380 0.4157009 COc1ccc(S(=O)(=O)N2CCC[C@H](C(=O)Nc3ccc4c(C(C)=O)c[nH]c4c3)C2)cc1 1 O=C(Nc1ccc2cc[nH]c2c1)C1CCCN(S(=O)(=O)c2ccccc2)C1 0.1550000 0.1550 0.2435441 0.2435 0.3333333 0.3333 0.8185425 0.8185 1.0000000 1.0000 1.0000000 455.5360 0.5393316 2.7117 1.0000000 1.0000 0.6666666666666667 1.0 0.36190468358395134 []
 | 26.3157 27.2948 40.1209 0.5266851 COCCNC(=O)c1cccc(NC(=O)c2ccc(Br)o2)c1 1 O=C(Nc1ccccc1)c1ccco1 0.2600000 0.2600 0.3079409 0.3079 0.6666667 0.6667 0.7273751 0.7274 1.0000000 1.0000 1.0000000 367.1990 0.5214793 1.9334 1.0000000 1.0000 0.33333333333333337 1.0 0.4386342439892262 []
 | 39.7948 40.5760 -36.7048 0.0302439 C[C@@H]1CN(Cc2cnc3[nH]c4oc5ccccc5c4c3n2)C[C@H](C)O1 1 c1ccc2c(c1)oc1[nH]c3ncc(CN4CCOCC4)nc3c12 0.1900000 0.1900 0.2587987 0.2588 0.0000000 0.0000 0.7442552 0.7443 1.0000000 1.0000 1.0000000 336.3950 0.5539713 3.6469 1.0000000 1.0000 1.0 1.0 0.39230090491866065 []
 | 24.5000 25.6404 32.3339 0.4529239 CCc1ccc(NC(=O)Nc2cccc3ccccc23)cc1 1 O=C(Nc1ccccc1)Nc1cccc2ccccc12 0.2450000 0.2450 0.2577696 0.2578 0.3333333 0.3333 0.7499035 0.7499 1.0000000 1.0000 1.0000000 290.3660 0.5131636 1.5718 1.0000000 1.0000 0.6666666666666667 1.0 0.4300872004605578 []
 | 28.2439 30.1056 -15.1710 0.1166769 CC(C(N)c1ccc(Br)cc1)N(C)CC(C)(C)O 1 c1ccccc1 0.2350000 0.2350 0.1939525 0.1940 0.6666667 0.6667 0.8282908 0.8283 0.0000000 0.0000 1.0000000 315.2550 0.5529401 3.3078 1.0000000 1.0000 0.33333333333333337 1.0 0.4239988207530771 []
20:47:30 <INFO> Score: 0.30 Agent NLL: 32.10 Valid: 100% Step: 16
 | Agent Prior Target Score SMILES SMILES_state Scaffold predicted_activity predicted_activity (raw) training_similarity training_similarity (raw) taf_consistency taf_consistency (raw) novelty novelty (raw) stereo_validity stereo_validity (raw) MW_window MW_window (raw) synthetic_feasibility synthetic_feasibility (raw) curated alerts filter curated alerts filter (raw) taf_disrupted (predicted_activity) scaffold_novelty (predicted_activity) uncertainty (predicted_activity) matchting_patterns (curated alerts filter)
 | 27.2478 28.7763 25.6746 0.4253976 CN(C)c1ccc(/C=C/C(=O)Nc2ccc(S(=O)(=O)Nc3ccccc3Cl)cc2)cc1 1 O=C(C=Cc1ccccc1)Nc1ccc(S(=O)(=O)Nc2ccccc2)cc1 0.2450000 0.2450 0.1742841 0.1743 0.3333333 0.3333 0.8356010 0.8356 1.0000000 1.0000 1.0000000 455.9670 0.5248271 2.0791 1.0000000 1.0000 0.6666666666666667 1.0 0.43008720046055776 []
 | 28.2928 27.8974 37.2619 0.5090569 O=C(CNC(=O)OCC1c2ccccc2-c2ccccc21)Nc1cnccc1C(=O)O 1 O=C(CNC(=O)OCC1c2ccccc2-c2ccccc21)Nc1cccnc1 0.2550000 0.2550 0.2583413 0.2583 0.6666667 0.6667 0.7416587 0.7417 1.0000000 1.0000 1.0000000 417.4210 0.5302052 2.3134 1.0000000 1.0000 0.33333333333333337 1.0 0.43586121644395015 []
 | 33.0349 33.4823 -33.0749 0.0031827 CCc1ccc(N(CC(=O)Nc2cccc(S(=O)(=O)NCC3CCCO3)c2)S(=O)(=O)c2ccccc2)cc1 1 O=C(CN(c1ccccc1)S(=O)(=O)c1ccccc1)Nc1cccc(S(=O)(=O)NCC2CCCO2)c1 0.2300000 0.2300 0.2689822 0.2690 0.3333333 0.3333 0.7514521 0.7515 0.0000000 0.0000 0.0000000 557.6940 0.5416621 2.8136 1.0000000 1.0000 0.6666666666666667 1.0 0.4208325082500163 []
 | 49.8440 50.9951 11.0549 0.4847654 CCOC(=O)Cc1c(C)n(CC)c2c(-c3ccc(-c4ccc(NS(C)(=O)=O)cc4)c(F)c3)cccc12 1 c1ccc(-c2ccc(-c3cccc4cc[nH]c34)cc2)cc1 0.2250000 0.2250 0.2182179 0.2182 0.6666667 0.6667 0.7946040 0.7946 1.0000000 1.0000 1.0000000 508.6150 0.5357698 2.5561 1.0000000 1.0000 0.33333333333333337 1.0 0.41758232721225164 []
 | 30.0684 32.5398 20.8330 0.4169747 C=CCN(CC(=O)N(CC)CC)S(=O)(=O)c1ccc2c(c1)CC(=O)N2 1 O=C1Cc2ccccc2N1 0.1450000 0.1450 0.2650357 0.2650 0.3333333 0.3333 0.8192608 0.8193 1.0000000 1.0000 1.0000000 365.4550 0.5367455 2.5987 1.0000000 1.0000 0.6666666666666667 1.0 0.352100837829165 []
 | 45.5222 48.0025 -48.0025 0.0000000 CC(=O)OC[C@H](OC(=O)CCC=C(C)CCC=C(C)C)[C@@H](OC(C)=O)C(=O)Nc1ccc(F)cc1Cl 1 c1ccccc1 0.1850000 0.1850 0.2019893 0.2020 0.6666667 0.6667 0.8257986 0.8258 1.0000000 1.0000 1.0000000 526.0010 0.5535366 3.6660 1.0000000 1.0000 0.33333333333333337 1.0 0.38829756630707846 []
 | 45.2799 42.5857 -27.9028 0.1147105 C=CC(=O)Sc1ccc(-c2ccc(N(C)CC(C)O)cc2F)cc1 1 c1ccc(-c2ccccc2)cc1 0.2850000 0.2850 0.2712125 0.2712 0.3333333 0.3333 0.7374430 0.7374 0.0000000 0.0000 1.0000000 345.4390 0.5485691 3.1160 1.0000000 1.0000 0.6666666666666667 1.0 0.4514144437210666 []
 | 27.5404 28.1363 23.8869 0.4064314 CCNc1cncc(NCCCn2cc(C)cn2)n1 1 c1cnn(CCCNc2cnccn2)c1 0.1950000 0.1950 0.1690308 0.1690 0.3333333 0.3333 0.8526861 0.8527 1.0000000 1.0000 1.0000000 260.3450 0.5371194 2.6150 1.0000000 1.0000 0.6666666666666667 1.0 0.3962007067131506 []
 | 25.3529 26.8825 28.9766 0.4363990 C/C=C/C(=O)OCC(=O)Nc1sc2c(c1C(=O)OCC)CCCCC2 1 c1cc2c(s1)CCCCC2 0.1450000 0.1450 0.1936492 0.1936 0.6666667 0.6667 0.8213914 0.8214 1.0000000 1.0000 1.0000000 365.4510 0.5311531 2.3547 1.0000000 1.0000 0.33333333333333337 1.0 0.352100837829165 []
 | 37.8978 39.4868 -39.4868 0.0000000 C=CCNC(=S)NNC(=O)/C=C/c1ccccc1C(=O)Nc1cc(C)cc(C)c1 1 O=C(Nc1ccccc1)c1ccccc1 0.0000000 0.0000 0.0000000 0.0000 0.0000000 0.0000 0.0000000 0.0000 0.0000000 0.0000 0.0000000 0.0000 0.0000000 0.0000 0.0000000 0.0000 None None None ['[#7;!n][#7;!n]']
20:47:34 <INFO> Score: 0.24 Agent NLL: 31.07 Valid: 100% Step: 17
 | Agent Prior Target Score SMILES SMILES_state Scaffold predicted_activity predicted_activity (raw) training_similarity training_similarity (raw) taf_consistency taf_consistency (raw) novelty novelty (raw) stereo_validity stereo_validity (raw) MW_window MW_window (raw) synthetic_feasibility synthetic_feasibility (raw) curated alerts filter curated alerts filter (raw) taf_disrupted (predicted_activity) scaffold_novelty (predicted_activity) uncertainty (predicted_activity) matchting_patterns (curated alerts filter)
 | 35.3206 33.3815 25.8374 0.4626480 O=C(Cc1cnn(-c2ccccc2)c1)N1CCCC[C@@H]1c1cc(CCO)[nH]n1 1 O=C(Cc1cnn(-c2ccccc2)c1)N1CCCCC1c1cc[nH]n1 0.2650000 0.2650 0.2590397 0.2590 0.3333333 0.3333 0.7409603 0.7410 1.0000000 1.0000 1.0000000 379.4640 0.5482539 3.1022 1.0000000 1.0000 0.6666666666666667 1.0 0.4413332074521472 []
 | 23.6598 24.8832 34.0075 0.4600842 COCCCNc1cnc(C(=O)Nc2ccccc2F)cn1 1 O=C(Nc1ccccc1)c1cnccn1 0.2300000 0.2300 0.3026531 0.3027 0.3333333 0.3333 0.7101245 0.7101 1.0000000 1.0000 1.0000000 304.3250 0.5250757 2.0899 1.0000000 1.0000 0.6666666666666667 1.0 0.4208325082500163 []
 | 35.6153 37.1696 -37.1696 0.0000000 Cc1noc(C)c1COc1cccc(/C=N\NC(=O)c2ccc(CS(=O)(=O)c3ccccc3)cc2)c1 1 O=C(NN=Cc1cccc(OCc2cnoc2)c1)c1ccc(CS(=O)(=O)c2ccccc2)cc1 0.0000000 0.0000 0.0000000 0.0000 0.0000000 0.0000 0.0000000 0.0000 0.0000000 0.0000 0.0000000 0.0000 0.0000000 0.0000 0.0000000 0.0000 None None None ['[#7;!n][#7;!n]']
 | 29.4905 30.6847 -17.7516 0.1010397 CCCCC(C)(Nc1nc(C(C)C)ns1)C(N)=O 1 c1ncsn1 0.1450000 0.1450 0.2672612 0.2673 0.3333333 0.3333 0.7763932 0.7764 0.0000000 0.0000 1.0000000 270.4020 0.5538862 3.3494 1.0000000 1.0000 0.6666666666666667 1.0 0.352100837829165 []
 | 27.4212 29.0728 -13.9513 0.1181373 Cc1cccc(NC(=O)NC(C)(C#N)c2ccccc2)c1 1 O=C(NCc1ccccc1)Nc1ccccc1 0.2300000 0.2300 0.2197738 0.2198 0.6666667 0.6667 0.7894007 0.7894 0.0000000 0.0000 1.0000000 279.3430 0.5368662 2.6040 1.0000000 1.0000 0.33333333333333337 1.0 0.4208325082500163 []
 | 28.7087 29.1003 -14.0488 0.1175905 CC(C)(C)NCCCC(C)(C)C(O)c1ccccc1 1 c1ccccc1 0.2850000 0.2850 0.3247962 0.3248 0.3333333 0.3333 0.6752038 0.6752 0.0000000 0.0000 1.0000000 263.4250 0.5406529 2.7694 1.0000000 1.0000 0.6666666666666667 1.0 0.4514144437210666 []
 | 33.7799 32.0594 23.8516 0.4368046 Cc1c(CCC(=O)Nc2nnc(C3CCCC3)s2)c(=O)oc2ccccc12 1 O=C(CCc1cc2ccccc2oc1=O)Nc1nnc(C2CCCC2)s1 0.1900000 0.1900 0.2697816 0.2698 0.3333333 0.3333 0.7539095 0.7539 1.0000000 1.0000 1.0000000 383.4730 0.5315332 2.3713 1.0000000 1.0000 0.6666666666666667 1.0 0.39230090491866065 []
 | 23.8588 25.1597 -25.1597 0.0000000 CCNC(=NCCCCOCCOC)NCCOc1ccc(C)cc1 1 c1ccccc1 0.1800000 0.1800 0.3023716 0.3024 0.3333333 0.3333 0.7628292 0.7628 1.0000000 1.0000 1.0000000 351.4910 0.5311593 2.3550 1.0000000 1.0000 0.6666666666666667 1.0 0.38418745424597095 []
 | 39.8027 40.3880 20.3080 0.4741874 CC(=O)Nc1cnc(O[C@@H]2CCCN(C(=O)NCc3ccccc3)C2)n1C 1 O=C(NCc1ccccc1)N1CCCC(Oc2ncc[nH]2)C1 0.2300000 0.2300 0.3527913 0.3528 0.3333333 0.3333 0.6867938 0.6868 1.0000000 1.0000 1.0000000 371.4410 0.5469612 3.0455 1.0000000 1.0000 0.6666666666666667 1.0 0.4208325082500163 []
 | 29.5367 29.5970 -25.6960 0.0304760 CC(C)Cn1c(SCC(=O)c2cccs2)nnc1C1CCCCC1 1 O=C(CSc1nnc(C2CCCCC2)[nH]1)c1cccs1 0.2000000 0.2000 0.2529822 0.2530 0.0000000 0.0000 0.7907543 0.7908 1.0000000 1.0000 1.0000000 363.5520 0.5331873 2.4434 1.0000000 1.0000 1.0 1.0 0.4000000000000001 []
20:47:34 <INFO> Sampled SMILES c1ccc(N(c2ccc3c(-c4c(cccc4)C34C3CC(CC(C2)CC43)C)CCC(=O)NC2CCC(CC2)NC(=O)C)CC)cc1 failed to sanitize.
20:47:37 <INFO> Score: 0.25 Agent NLL: 33.44 Valid:  97% Step: 18
 | Agent Prior Target Score SMILES SMILES_state Scaffold predicted_activity predicted_activity (raw) training_similarity training_similarity (raw) taf_consistency taf_consistency (raw) novelty novelty (raw) stereo_validity stereo_validity (raw) MW_window MW_window (raw) synthetic_feasibility synthetic_feasibility (raw) curated alerts filter curated alerts filter (raw) taf_disrupted (predicted_activity) scaffold_novelty (predicted_activity) uncertainty (predicted_activity) matchting_patterns (curated alerts filter)
 | 24.3039 26.1624 28.9360 0.4304562 CC(C)(C)NC(=O)N1CCN(S(=O)(=O)c2cccc([N+](=O)[O-])c2)CC1 1 O=S(=O)(c1ccccc1)N1CCNCC1 0.2250000 0.2250 0.2045983 0.2046 0.3333333 0.3333 0.8094841 0.8095 1.0000000 1.0000 1.0000000 370.4310 0.5270821 2.1773 1.0000000 1.0000 0.6666666666666667 1.0 0.4175823272122517 []
 | 32.5114 37.4138 19.8951 0.4477258 CCOC(=O)c1sc(NC(=O)CCS(=O)(=O)CC(N)=O)c(C)c1C 1 c1ccsc1 0.1700000 0.1700 0.1887074 0.1887 0.6666667 0.6667 0.8112926 0.8113 1.0000000 1.0000 1.0000000 376.4560 0.5377978 2.6447 1.0000000 1.0000 0.33333333333333337 1.0 0.375632799419859 []
 | 42.4790 41.6271 -28.4266 0.1031290 COc1c(C)cc(Br)cc1/C(O)=C1/C(=O)C(=O)N(c2ccc(C)cc2)C1c1cccc([N+](=O)[O-])c1 1 O=C1C(=O)N(c2ccccc2)C(c2ccccc2)C1=Cc1ccccc1 0.1500000 0.1500 0.2876780 0.2877 0.3333333 0.3333 0.7877618 0.7878 0.0000000 0.0000 1.0000000 537.3660 0.5447093 2.9469 1.0000000 1.0000 0.6666666666666667 1.0 0.3570714214271425 []
 | 31.5909 34.5020 20.6182 0.4306262 CCNC(=NCC[S@@+]([O-])c1ccccc1)NC(C)c1ccsc1 1 C(=NCC[SH+]c1ccccc1)NCc1ccsc1 0.2600000 0.2600 0.2372895 0.2373 0.3333333 0.3333 0.7627105 0.7627 0.5000000 0.5000 1.0000000 349.5250 0.5445021 4.0622 1.0000000 1.0000 0.6666666666666667 1.0 0.4386342439892262 []
 | 34.3440 37.1503 21.3814 0.4572787 CCC(=O)Nc1ccc(NC(=O)c2cc3ccccc3n2NC(=O)c2ccc(Cl)cc2)cc1 1 O=C(Nn1c(C(=O)Nc2ccccc2)cc2ccccc21)c1ccccc1 0.2900000 0.2900 0.2201127 0.2201 0.3333333 0.3333 0.7864395 0.7864 1.0000000 1.0000 1.0000000 460.9210 0.5290842 2.2645 1.0000000 1.0000 0.6666666666666667 1.0 0.4537620521815371 []
 | 30.7972 34.7379 23.8782 0.4579382 CCN(C(=O)C(Cc1ccccc1)NC(=O)COc1ccccc1)[C@H](Cc1ccccc1)C(=O)NC(C)C 1 O=C(COc1ccccc1)NC(Cc1ccccc1)C(=O)NCCc1ccccc1 0.2750000 0.2750 0.3287980 0.3288 0.3333333 0.3333 0.6712020 0.6712 0.5000000 0.5000 1.0000000 515.6540 0.5460504 3.0056 1.0000000 1.0000 0.6666666666666667 1.0 0.44651427748729383 []
 | 33.8006 36.9530 17.3102 0.4239309 Cc1nn(-c2ccc(C(C)C)cc2)c(C)c1N=Nc1c(C)nn(-c2ccccc2)c1N 1 c1ccc(-n2cc(N=Nc3cnn(-c4ccccc4)c3)cn2)cc1 0.2300000 0.2300 0.1819563 0.1820 0.3333333 0.3333 0.8180437 0.8180 1.0000000 1.0000 1.0000000 413.5290 0.5383888 2.6705 1.0000000 1.0000 0.6666666666666667 1.0 0.4208325082500163 []
 | 24.2551 23.0240 33.3007 0.4400361 OCCN1CCN(CCc2ccc(F)cc2)CC1 1 c1ccc(CCN2CCNCC2)cc1 0.2400000 0.2400 0.2214702 0.2215 0.3333333 0.3333 0.7785298 0.7785 1.0000000 1.0000 1.0000000 252.3330 0.5168251 1.7310 1.0000000 1.0000 0.6666666666666667 1.0 0.4270831300812525 []
 | 32.9875 32.4270 -32.4270 0.0000000 CC(=O)Oc1ccc(OCCO)cc1[C@H](C)O 1 c1ccccc1 0.2550000 0.2550 0.3714285 0.3714 0.3333333 0.3333 0.6713121 0.6713 1.0000000 1.0000 1.0000000 240.2550 0.5355002 2.5444 1.0000000 1.0000 0.6666666666666667 1.0 0.43586121644395015 []
 | 26.9534 28.6344 30.5065 0.4620380 C[C@@H]1C(=O)NCCN1C(=O)c1ccccc1S(C)(=O)=O 1 O=C1CN(C(=O)c2ccccc2)CCN1 0.2550000 0.2550 0.2652335 0.2652 0.3333333 0.3333 0.7660561 0.7661 1.0000000 1.0000 1.0000000 296.3480 0.5388210 2.6894 1.0000000 1.0000 0.6666666666666667 1.0 0.43586121644395015 []
20:47:38 <INFO> Sampled SMILES c12c([nH]c(cc2-c2ccc(cc2)F)[C@@H](NC(=O)c2cccc(S(=O)(=O)N(C)C)c2)C)cccc1 failed to sanitize.
20:47:41 <INFO> Score: 0.28 Agent NLL: 31.73 Valid:  98% Step: 19
 | Agent Prior Target Score SMILES SMILES_state Scaffold predicted_activity predicted_activity (raw) training_similarity training_similarity (raw) taf_consistency taf_consistency (raw) novelty novelty (raw) stereo_validity stereo_validity (raw) MW_window MW_window (raw) synthetic_feasibility synthetic_feasibility (raw) curated alerts filter curated alerts filter (raw) taf_disrupted (predicted_activity) scaffold_novelty (predicted_activity) uncertainty (predicted_activity) matchting_patterns (curated alerts filter)
 | 26.7994 26.8391 -22.7969 0.0315802 CC(C)(C)C(=O)[C@H]1CCCCN1c1ccccc1 1 c1ccc(N2CCCCC2)cc1 0.2150000 0.2150 0.2920125 0.2920 0.0000000 0.0000 0.7424363 0.7424 1.0000000 1.0000 1.0000000 245.3660 0.5340412 2.4807 1.0000000 1.0000 1.0 1.0 0.41082234603292944 []
 | 22.4927 27.5025 -27.5025 0.0000000 CCNC(=NCC(=O)NCc1ccccc1CC)NC(C)(C)C 1 c1ccccc1 0.2650000 0.2650 0.2197738 0.2198 0.3333333 0.3333 0.7894007 0.7894 1.0000000 1.0000 1.0000000 318.4650 0.5360649 2.5690 1.0000000 1.0000 0.6666666666666667 1.0 0.4413332074521472 []
 | 28.7877 30.1350 -15.3565 0.1154570 Cc1ccc(Br)cc1CNC(=O)C1CCCNCC1 1 O=C(NCc1ccccc1)C1CCCNCC1 0.2100000 0.2100 0.2117794 0.2118 0.6666667 0.6667 0.8072149 0.8072 0.0000000 0.0000 1.0000000 325.2500 0.5342232 2.4886 1.0000000 1.0000 0.33333333333333337 1.0 0.4073082370883261 []
 | 28.4437 29.0689 24.5189 0.4186550 CCCc1nnc(Nc2cc(-n3cccn3)ncn2)s1 1 c1cnn(-c2cc(Nc3nncs3)ncn2)c1 0.1950000 0.1950 0.2015810 0.2016 0.3333333 0.3333 0.8155338 0.8155 1.0000000 1.0000 1.0000000 287.3520 0.5373895 2.6268 1.0000000 1.0000 0.6666666666666667 1.0 0.3962007067131506 []
 | 25.0668 27.1896 29.7595 0.4449146 O=C(CSc1nnc(Cn2ccccc2=O)o1)Nc1nccs1 1 O=C(CSc1nnc(Cn2ccccc2=O)o1)Nc1nccs1 0.2250000 0.2250 0.2507784 0.2508 0.3333333 0.3333 0.7492216 0.7492 1.0000000 1.0000 1.0000000 349.3970 0.5344605 2.4990 1.0000000 1.0000 0.6666666666666667 1.0 0.41758232721225164 []
 | 40.9956 46.7503 -33.0674 0.1068970 CCOC(=O)C1CC2(C(=O)NCCc3nc(C(=O)N4CCOCC4)cs3)CCC1C2 1 O=C(c1csc(CCNC(=O)C23CCC(CC2)C3)n1)N1CCOCC1 0.1200000 0.1200 0.2537824 0.2538 0.6666667 0.6667 0.7717823 0.7718 0.0000000 0.0000 1.0000000 435.5460 0.5348182 4.4854 1.0000000 1.0000 0.33333333333333337 1.0 0.3249615361854384 []
 | 31.6938 30.2190 27.9261 0.4542584 COc1ccc(OC)c(C(=O)Nc2ncc(-c3ccccc3)o2)c1 1 O=C(Nc1ncc(-c2ccccc2)o1)c1ccccc1 0.2150000 0.2150 0.3045001 0.3045 0.3333333 0.3333 0.7059142 0.7059 1.0000000 1.0000 1.0000000 324.3360 0.5230474 2.0016 1.0000000 1.0000 0.6666666666666667 1.0 0.4108223460329294 []
 | 25.3083 26.0819 24.8802 0.3981416 CC(C)(C)c1nc(CNC(=O)CCC2CCNCC2)cs1 1 O=C(CCC1CCNCC1)NCc1cscn1 0.1200000 0.1200 0.2500646 0.2501 0.3333333 0.3333 0.8329462 0.8329 1.0000000 1.0000 1.0000000 309.4790 0.5354271 2.5412 1.0000000 1.0000 0.6666666666666667 1.0 0.3249615361854384 []
 | 25.3939 26.1468 25.2221 0.4013197 Cc1cncc(C(=O)N2CCN(C(=O)OC(C)(C)C)CC2)c1 1 O=C(c1cccnc1)N1CCNCC1 0.1550000 0.1550 0.2053985 0.2054 0.3333333 0.3333 0.8202763 0.8203 1.0000000 1.0000 1.0000000 305.3780 0.5246586 2.0718 1.0000000 1.0000 0.6666666666666667 1.0 0.36190468358395134 []
 | 42.6567 42.9651 13.4621 0.4408375 CC/C=C\c1ccccc1-c1ccc(CCC(=O)Nc2ccc(CC)cc2)s1 1 O=C(CCc1ccc(-c2ccccc2)s1)Nc1ccccc1 0.2250000 0.2250 0.2372321 0.2372 0.3333333 0.3333 0.7675047 0.7675 1.0000000 1.0000 1.0000000 389.5640 0.5297825 2.2950 1.0000000 1.0000 0.6666666666666667 1.0 0.41758232721225164 []
20:47:41 <INFO> Sampled SMILES O1CCN(S(=O)(N2[C@@H]3CN([C@H](C(N[C@@H](C(=O)N)C(C)(C)C)=O)CC3CC2)=O)=O)CC1 failed to sanitize.
20:47:45 <INFO> Score: 0.27 Agent NLL: 31.35 Valid:  98% Step: 20
 | Agent Prior Target Score SMILES SMILES_state Scaffold predicted_activity predicted_activity (raw) training_similarity training_similarity (raw) taf_consistency taf_consistency (raw) novelty novelty (raw) stereo_validity stereo_validity (raw) MW_window MW_window (raw) synthetic_feasibility synthetic_feasibility (raw) curated alerts filter curated alerts filter (raw) taf_disrupted (predicted_activity) scaffold_novelty (predicted_activity) uncertainty (predicted_activity) matchting_patterns (curated alerts filter)
 | 30.0468 30.3168 -16.6512 0.1067624 COCc1cc(C(N)c2ccc(OC)c(OC)c2)ccc1OC 1 c1ccc(Cc2ccccc2)cc1 0.1950000 0.1950 0.2668149 0.2668 0.3333333 0.3333 0.7933115 0.7933 0.0000000 0.0000 1.0000000 317.3850 0.5333469 2.4504 1.0000000 1.0000 0.6666666666666667 1.0 0.3962007067131506 []
 | 30.1901 35.1658 -35.1658 0.0000000 CCCCC(=O)Oc1ccc(SCC(=O)NC(=O)NCC(C)C)cc1 1 c1ccccc1 0.1900000 0.1900 0.3275692 0.3276 0.3333333 0.3333 0.7628292 0.7628 1.0000000 1.0000 1.0000000 366.4830 0.5262927 2.1429 1.0000000 1.0000 0.6666666666666667 1.0 0.39230090491866065 []
 | 26.8849 28.4181 24.6038 0.4142333 CCNC(=NCC(=O)N(C)C1CCCCC1)NCC(=O)NC(C)(C)C 1 C1CCCCC1 0.1500000 0.1500 0.2472066 0.2472 0.3333333 0.3333 0.8134494 0.8134 1.0000000 1.0000 1.0000000 353.5110 0.5421370 2.8343 1.0000000 1.0000 0.6666666666666667 1.0 0.3570714214271425 []
 | 29.7923 28.6788 28.6288 0.4477158 O=C(c1cnc2ccccn2c1=O)N1CCC(Nc2ccccc2)CC1 1 O=C(c1cnc2ccccn2c1=O)N1CCC(Nc2ccccc2)CC1 0.2200000 0.2200 0.2698162 0.2698 0.3333333 0.3333 0.7333676 0.7334 1.0000000 1.0000 1.0000000 348.4060 0.5266421 2.1582 1.0000000 1.0000 0.6666666666666667 1.0 0.41424630354415964 []
 | 27.7770 28.6990 32.1865 0.4756675 COCCN(Cc1ccccc1)C(=O)c1ccc(Br)cc1[N+](=O)[O-] 1 O=C(NCc1ccccc1)c1ccccc1 0.2700000 0.2700 0.3117407 0.3117 0.3333333 0.3333 0.6882593 0.6883 1.0000000 1.0000 1.0000000 393.2370 0.5239419 2.0406 1.0000000 1.0000 0.6666666666666667 1.0 0.4439594576084623 []
 | 43.9623 44.4115 11.4051 0.4360673 CCN1C(=O)CC[C@@]2(NCCN(CCSc3ccccc3)C2=O)C1=O 1 O=C1CCC2(NCCN(CCSc3ccccc3)C2=O)C(=O)N1 0.1800000 0.1800 0.2705009 0.2705 0.3333333 0.3333 0.7864395 0.7864 1.0000000 1.0000 1.0000000 361.4670 0.5548849 3.6067 1.0000000 1.0000 0.6666666666666667 1.0 0.38418745424597095 []
 | 25.9090 25.3377 -21.3996 0.0307666 O=C(O)c1cncnc1Oc1cccc(F)c1 1 c1ccc(Oc2ccncn2)cc1 0.2250000 0.2250 0.2432432 0.2432 0.0000000 0.0000 0.7567568 0.7568 1.0000000 1.0000 1.0000000 234.1860 0.5255650 2.1112 1.0000000 1.0000 1.0 1.0 0.41758232721225164 []
 | 36.2435 35.8658 22.4794 0.4558216 O=C(Cn1ncc2ccccc21)NC[C@@H]1CCC[C@H]1Cc1ccccc1 1 O=C(Cn1ncc2ccccc21)NCC1CCCC1Cc1ccccc1 0.2250000 0.2250 0.2891746 0.2892 0.3333333 0.3333 0.7122393 0.7122 1.0000000 1.0000 1.0000000 347.4620 0.5439382 2.9131 1.0000000 1.0000 0.6666666666666667 1.0 0.41758232721225164 []
 | 24.4336 25.8134 34.9794 0.4749438 OCCCNc1cccc(Nc2ccccc2)n1 1 c1ccc(Nc2ccccn2)cc1 0.3050000 0.3050 0.2657424 0.2657 0.3333333 0.3333 0.7342576 0.7343 1.0000000 1.0000 1.0000000 243.3100 0.5213194 1.9265 1.0000000 1.0000 0.6666666666666667 1.0 0.4604074282632721 []
 | 25.7126 26.5835 -22.6010 0.0311132 COc1cc(C=Nn2c(-c3ccccc3)nc3ccccc3c2=O)ccc1O 1 O=c1c2ccccc2nc(-c2ccccc2)n1N=Cc1ccccc1 0.2100000 0.2100 0.2832116 0.2832 0.0000000 0.0000 0.7181732 0.7182 1.0000000 1.0000 1.0000000 371.3960 0.5269070 2.1697 1.0000000 1.0000 1.0 1.0 0.4073082370883261 []
20:47:49 <INFO> Score: 0.28 Agent NLL: 30.71 Valid:  98% Step: 21
 | Agent Prior Target Score SMILES SMILES_state Scaffold predicted_activity predicted_activity (raw) training_similarity training_similarity (raw) taf_consistency taf_consistency (raw) novelty novelty (raw) stereo_validity stereo_validity (raw) MW_window MW_window (raw) synthetic_feasibility synthetic_feasibility (raw) curated alerts filter curated alerts filter (raw) taf_disrupted (predicted_activity) scaffold_novelty (predicted_activity) uncertainty (predicted_activity) matchting_patterns (curated alerts filter)
 | 30.1856 31.2019 22.0475 0.4160115 COc1ccc(S(=O)(=O)NCc2nccn2C)cc1NS(C)(=O)=O 1 O=S(=O)(NCc1ncc[nH]1)c1ccccc1 0.1750000 0.1750 0.2166916 0.2167 0.3333333 0.3333 0.8321396 0.8321 1.0000000 1.0000 1.0000000 374.4440 0.5298256 2.2968 1.0000000 1.0000 0.6666666666666667 1.0 0.3799671038392666 []
 | 27.4174 28.7747 30.0349 0.4594505 Cc1nn(C)c(C)c1CNC(=O)c1c(-c2ccccc2Cl)noc1C 1 O=C(NCc1cn[nH]c1)c1conc1-c1ccccc1 0.2800000 0.2800 0.2363516 0.2364 0.3333333 0.3333 0.7675047 0.7675 1.0000000 1.0000 1.0000000 358.8290 0.5298625 2.2985 1.0000000 1.0000 0.6666666666666667 1.0 0.44899888641287294 []
 | 31.0273 31.1650 18.8444 0.3906982 CCn1ncc(CN2CCC[C@@H](c3nccnc3N)C2)c1C 1 c1cnc(C2CCCN(Cc3cn[nH]c3)C2)cn1 0.1450000 0.1450 0.1842125 0.1842 0.3333333 0.3333 0.8436142 0.8436 1.0000000 1.0000 1.0000000 300.4100 0.5483106 3.1047 1.0000000 1.0000 0.6666666666666667 1.0 0.352100837829165 []
 | 25.0690 25.4492 30.9541 0.4406508 Nc1ccccc1NC[C@H]1CCCN1 1 c1ccc(NCC2CCCN2)cc1 0.2350000 0.2350 0.2208630 0.2209 0.3333333 0.3333 0.7965666 0.7966 1.0000000 1.0000 1.0000000 191.2780 0.5374945 2.6314 1.0000000 1.0000 0.6666666666666667 1.0 0.4239988207530771 []
 | 27.3299 28.4614 24.2805 0.4120458 CCc1ccc(NC(=O)CSc2nc(CC)nc3sc(C)c(C)c23)cc1 1 O=C(CSc1ncnc2sccc12)Nc1ccccc1 0.2000000 0.2000 0.1803339 0.1803 0.3333333 0.3333 0.8338974 0.8339 1.0000000 1.0000 1.0000000 385.5580 0.5290530 2.2632 1.0000000 1.0000 0.6666666666666667 1.0 0.4000000000000001 []
 | 28.0002 28.5825 -15.4168 0.1028567 Cc1ccc(NC(=O)COC2CCOC(C)C2)cc1 1 O=C(COC1CCOCC1)Nc1ccccc1 0.1650000 0.1650 0.2619790 0.2620 0.3333333 0.3333 0.7689267 0.7689 0.0000000 0.0000 1.0000000 263.3370 0.5410396 2.7863 1.0000000 1.0000 0.6666666666666667 1.0 0.37118054905934933 []
 | 27.6486 31.4850 -19.3987 0.0944245 CC(C)(C)NCc1ccnc(NC2CCC3CCCCC32)c1 1 c1ccc(NC2CCC3CCCCC32)nc1 0.1150000 0.1150 0.2300219 0.2300 0.3333333 0.3333 0.8224288 0.8224 0.0000000 0.0000 1.0000000 301.4780 0.5549355 3.3955 1.0000000 1.0000 0.6666666666666667 1.0 0.31902194281898544 []
 | 25.2019 27.2671 32.8208 0.4694368 N=C(N)c1cnc(OCc2ccc(Cl)cc2)cn1 1 c1ccc(COc2cnccn2)cc1 0.2300000 0.2300 0.3399928 0.3400 0.3333333 0.3333 0.6898639 0.6899 1.0000000 1.0000 1.0000000 262.7000 0.5280046 2.2175 1.0000000 1.0000 0.6666666666666667 1.0 0.4208325082500163 []
 | 24.5032 23.7832 27.6880 0.4021188 C1CCC(NCc2noc(C3CC3)n2)CC1 1 C1CCC(NCc2noc(C3CC3)n2)CC1 0.1300000 0.1300 0.2409658 0.2410 0.3333333 0.3333 0.8563158 0.8563 1.0000000 1.0000 1.0000000 221.3040 0.5299667 2.3030 1.0000000 1.0000 0.6666666666666667 1.0 0.33630343441600474 []
 | 21.5005 26.4653 30.8805 0.4480142 CC(C)(C)NC(N)=NCc1ccc(C(N)=O)s1 1 c1ccsc1 0.2550000 0.2550 0.2197177 0.2197 0.3333333 0.3333 0.8054805 0.8055 1.0000000 1.0000 1.0000000 254.3590 0.5419554 2.8264 1.0000000 1.0000 0.6666666666666667 1.0 0.43586121644395015 []
20:47:49 <INFO> Sampled SMILES O=c1[nH]c(=O)cc(n1)NC(=O)Cn1c(cc(c2c1cccc2)CC)=O failed to sanitize.
20:47:52 <INFO> Score: 0.32 Agent NLL: 30.69 Valid:  97% Step: 22
 | Agent Prior Target Score SMILES SMILES_state Scaffold predicted_activity predicted_activity (raw) training_similarity training_similarity (raw) taf_consistency taf_consistency (raw) novelty novelty (raw) stereo_validity stereo_validity (raw) MW_window MW_window (raw) synthetic_feasibility synthetic_feasibility (raw) curated alerts filter curated alerts filter (raw) taf_disrupted (predicted_activity) scaffold_novelty (predicted_activity) uncertainty (predicted_activity) matchting_patterns (curated alerts filter)
 | 34.3518 35.2910 26.2250 0.4805942 COC(=O)C(C)(C)Nc1cc(-c2ccccc2C)nc(N)n1 1 c1ccc(-c2ccncn2)cc1 0.2050000 0.2050 0.2292273 0.2292 0.6666667 0.6667 0.7970615 0.7971 1.0000000 1.0000 1.0000000 300.3620 0.5329793 2.4344 1.0000000 1.0000 0.33333333333333337 1.0 0.403701622488689 []
 | 30.8663 31.9996 38.4152 0.5501150 Cn1nc(C(=O)NCc2cccnc2)c(Br)c1C(=O)O 1 O=C(NCc1cccnc1)c1cc[nH]n1 0.3400000 0.3400 0.2974089 0.2974 0.6666667 0.6667 0.7025911 0.7026 1.0000000 1.0000 1.0000000 339.1490 0.5322236 2.4014 1.0000000 1.0000 0.33333333333333337 1.0 0.4737087712930804 []
 | 30.6845 30.1603 -30.1603 0.0000000 COC(=O)[C@H](CO)NC(=O)CCOc1ccc(C(F)(F)F)cc1 1 c1ccccc1 0.2450000 0.2450 0.3431764 0.3432 0.6666667 0.6667 0.6963133 0.6963 1.0000000 1.0000 1.0000000 335.2780 0.5338139 2.4708 1.0000000 1.0000 0.33333333333333337 1.0 0.4300872004605578 []
 | 25.5910 26.3530 -26.3530 0.0000000 COC(=O)c1ccc(C=NNC(=O)C(=O)N2CCCCC2)cc1 1 O=C(NN=Cc1ccccc1)C(=O)N1CCCCC1 0.0000000 0.0000 0.0000000 0.0000 0.0000000 0.0000 0.0000000 0.0000 0.0000000 0.0000 0.0000000 0.0000 0.0000000 0.0000 0.0000000 0.0000 None None None ['[#7;!n][#7;!n]']
 | 31.3661 36.7119 27.1635 0.4990262 COc1cc(NC(=O)NC(=O)COC(=O)c2cccnc2)cc(C(C)C)c1 1 O=C(COC(=O)c1cccnc1)NC(=O)Nc1ccccc1 0.2050000 0.2050 0.2805794 0.2806 0.6666667 0.6667 0.7967626 0.7968 1.0000000 1.0000 1.0000000 371.3930 0.5263576 2.1458 1.0000000 1.0000 0.33333333333333337 1.0 0.403701622488689 []
 | 26.9107 28.6215 -12.1935 0.1283437 CCNC(=NCC(C)Oc1ccccc1F)NCCNC(=O)OC 1 c1ccccc1 0.2650000 0.2650 0.3011721 0.3012 0.6666667 0.6667 0.7333676 0.7334 0.0000000 0.0000 1.0000000 340.3990 0.5487811 3.1253 1.0000000 1.0000 0.33333333333333337 1.0 0.4413332074521472 []
 | 33.0094 31.9078 -15.4096 0.1288916 COC(=O)CC(C)Sc1c(N)ccc2ncccc12 1 c1ccc2ncccc2c1 0.2900000 0.2900 0.2831827 0.2832 0.6666667 0.6667 0.7304181 0.7304 0.0000000 0.0000 1.0000000 276.3610 0.5439792 2.9149 1.0000000 1.0000 0.33333333333333337 1.0 0.4537620521815371 []
 | 24.5993 23.3253 29.1470 0.4099402 COc1cc(F)ccc1NC1CCN(C)CC1 1 c1ccc(NC2CCNCC2)cc1 0.1450000 0.1450 0.2425356 0.2425 0.3333333 0.3333 0.8434439 0.8434 1.0000000 1.0000 1.0000000 238.3060 0.5216082 1.9390 1.0000000 1.0000 0.6666666666666667 1.0 0.352100837829165 []
 | 32.0481 31.7979 -27.8064 0.0311832 Cc1ccc(N(C)c2cc(F)cc(C(=O)O)c2)nc1 1 c1ccc(Nc2ccccn2)cc1 0.2850000 0.2850 0.1979083 0.1979 0.0000000 0.0000 0.8133167 0.8133 1.0000000 1.0000 1.0000000 260.2680 0.5295333 2.2841 1.0000000 1.0000 1.0 1.0 0.4514144437210666 []
 | 30.2430 33.2529 24.4634 0.4509080 Cc1cccc2c1C(=O)N(C(=O)NC(=O)C(C)C)C2 1 O=C1NCc2ccccc21 0.2450000 0.2450 0.2409901 0.2410 0.3333333 0.3333 0.7866477 0.7866 1.0000000 1.0000 1.0000000 260.2930 0.5343161 2.4927 1.0000000 1.0000 0.6666666666666667 1.0 0.4300872004605578 []
20:47:53 <INFO> Sampled SMILES C1[C@@]23C[C@@]4(C)CC[C@@]2(CC3)C(=C[C@H]2C3[C@@](C(=O)CC3)(C)CC[C@H]4C(=C)C=2)[C@H](C1=C)O failed to sanitize.
20:47:56 <INFO> Score: 0.30 Agent NLL: 31.52 Valid:  98% Step: 23
 | Agent Prior Target Score SMILES SMILES_state Scaffold predicted_activity predicted_activity (raw) training_similarity training_similarity (raw) taf_consistency taf_consistency (raw) novelty novelty (raw) stereo_validity stereo_validity (raw) MW_window MW_window (raw) synthetic_feasibility synthetic_feasibility (raw) curated alerts filter curated alerts filter (raw) taf_disrupted (predicted_activity) scaffold_novelty (predicted_activity) uncertainty (predicted_activity) matchting_patterns (curated alerts filter)
 | 35.4077 35.2258 -21.9537 0.1036885 N#Cc1ccc2[nH]c(C3CCCN3C(=O)c3ccc(=O)[nH]n3)nc2c1 1 O=C(c1ccc(=O)[nH]n1)N1CCCC1c1nc2ccccc2[nH]1 0.2350000 0.2350 0.1823369 0.1823 0.3333333 0.3333 0.8413342 0.8413 0.0000000 0.0000 1.0000000 334.3390 0.5471935 3.0557 1.0000000 1.0000 0.6666666666666667 1.0 0.4239988207530771 []
 | 24.3225 26.3918 32.0414 0.4565096 NC(=O)c1cc(NCCc2cccc(Cl)c2)ccn1 1 c1ccc(CCNc2ccncc2)cc1 0.2550000 0.2550 0.2567481 0.2567 0.3333333 0.3333 0.7432519 0.7433 1.0000000 1.0000 1.0000000 275.7390 0.5229287 1.9965 1.0000000 1.0000 0.6666666666666667 1.0 0.43586121644395015 []
 | 26.2818 28.4105 -28.4105 0.0000000 Cc1cccc(C)c1N(C(N)=O)C(=O)O 1 c1ccccc1 0.2500000 0.2500 0.2439977 0.2440 0.3333333 0.3333 0.7698414 0.7698 1.0000000 1.0000 1.0000000 208.2170 0.5313603 2.3637 1.0000000 1.0000 0.6666666666666667 1.0 0.4330127018922193 []
 | 33.6238 41.3854 23.9396 0.5103513 CC[C@H](C)C(=O)N1CCC[C@H]1CNC(=O)c1cccc(NC(=O)OC(C)(C)C)c1 1 O=C(NCC1CCCN1)c1ccccc1 0.2450000 0.2450 0.2682129 0.2682 0.6666667 0.6667 0.7446689 0.7447 1.0000000 1.0000 1.0000000 403.5230 0.5449181 2.9560 1.0000000 1.0000 0.33333333333333337 1.0 0.43008720046055776 []
 | 27.6680 30.6066 -26.7398 0.0302099 Cc1cc(Cl)ccc1O[C@H](C)C(=O)N(C)CC(=O)N(C)C 1 c1ccccc1 0.2050000 0.2050 0.2348881 0.2349 0.0000000 0.0000 0.7920499 0.7920 1.0000000 1.0000 1.0000000 312.7970 0.5365090 2.5884 1.0000000 1.0000 1.0 1.0 0.403701622488689 []
 | 24.1312 25.9941 23.8018 0.3890303 Cc1c(N)c(CN(C)CCS(C)(=O)=O)nn1C 1 c1cn[nH]c1 0.1850000 0.1850 0.1391037 0.1391 0.3333333 0.3333 0.8787322 0.8787 1.0000000 1.0000 1.0000000 260.3630 0.5424305 2.8472 1.0000000 1.0000 0.6666666666666667 1.0 0.38829756630707846 []
 | 32.4899 36.2886 16.8233 0.4149366 CCCN1CCC(NC(=NC)NCc2cc(OC)cc3c2NC(=O)C3)CC1 1 N=C(NCc1cccc2c1NC(=O)C2)NC1CCNCC1 0.1250000 0.1250 0.3075993 0.3076 0.3333333 0.3333 0.7678808 0.7679 1.0000000 1.0000 1.0000000 373.5010 0.5436503 2.9005 1.0000000 1.0000 0.6666666666666667 1.0 0.33071891388307384 []
 | 26.2881 27.6675 -14.0127 0.1066781 CC(Sc1nnnn1-c1ccccc1F)C(=O)NC(C)(C)C 1 c1ccc(-n2cnnn2)cc1 0.2350000 0.2350 0.2214546 0.2215 0.3333333 0.3333 0.7794356 0.7794 0.0000000 0.0000 1.0000000 323.3970 0.5381364 2.6595 1.0000000 1.0000 0.6666666666666667 1.0 0.4239988207530771 []
 | 29.9011 33.6694 25.9639 0.4658856 CNC(=O)NCCn1ccc(NC(=O)NCc2cccs2)n1 1 O=C(NCc1cccs1)Nc1cc[nH]n1 0.3150000 0.3150 0.2224420 0.2224 0.3333333 0.3333 0.7869506 0.7870 1.0000000 1.0000 1.0000000 322.3940 0.5327172 2.4229 1.0000000 1.0000 0.6666666666666667 1.0 0.46451587701606073 []
 | 24.8181 25.4890 32.4025 0.4522776 O=C(O)c1ccccc1NC(=O)N1Cc2ccccc2C1 1 O=C(Nc1ccccc1)N1Cc2ccccc2C1 0.2300000 0.2300 0.2738955 0.2739 0.3333333 0.3333 0.7342576 0.7343 1.0000000 1.0000 1.0000000 282.2990 0.5189594 1.8238 1.0000000 1.0000 0.6666666666666667 1.0 0.4208325082500162 []
20:47:56 <INFO> Sampled SMILES O=[N+]([O-])c1cc(/C=N\Nc2oc(c(C)n2)C)c(OCC(=O)Nc2cc(ccc2)OC)c1 failed to sanitize.
20:48:00 <INFO> Score: 0.26 Agent NLL: 31.32 Valid:  98% Step: 24
 | Agent Prior Target Score SMILES SMILES_state Scaffold predicted_activity predicted_activity (raw) training_similarity training_similarity (raw) taf_consistency taf_consistency (raw) novelty novelty (raw) stereo_validity stereo_validity (raw) MW_window MW_window (raw) synthetic_feasibility synthetic_feasibility (raw) curated alerts filter curated alerts filter (raw) taf_disrupted (predicted_activity) scaffold_novelty (predicted_activity) uncertainty (predicted_activity) matchting_patterns (curated alerts filter)
 | 26.9977 28.5209 28.2030 0.4431555 CC(=O)Nc1cccc(NC(=O)c2ccc(C)c(S(=O)(=O)N3CCCCCC3)c2)c1 1 O=C(Nc1ccccc1)c1cccc(S(=O)(=O)N2CCCCCC2)c1 0.2400000 0.2400 0.2275748 0.2276 0.3333333 0.3333 0.7846473 0.7846 1.0000000 1.0000 1.0000000 429.5420 0.5226761 1.9855 1.0000000 1.0000 0.6666666666666667 1.0 0.4270831300812525 []
 | 31.4351 32.8851 18.8147 0.4039052 C=C(C)O[C@H]1O[C@@H](COC(C)=O)[C@H](OC(C)=O)[C@@H](OC(C)=O)[C@@H]1OC(C)=O 1 C1CCOCC1 0.1300000 0.1300 0.2586033 0.2586 0.3333333 0.3333 0.7538170 0.7538 1.0000000 1.0000 1.0000000 388.3690 0.5473684 3.9366 1.0000000 1.0000 0.6666666666666667 1.0 0.33630343441600474 []
 | 36.6904 38.5937 24.6591 0.4941621 Cc1cc(S(=O)(=O)Nc2ccccc2C)ccc1NS(=O)(=O)Cc1cccc(Br)c1 1 O=S(=O)(Cc1ccccc1)Nc1ccc(S(=O)(=O)Nc2ccccc2)cc1 0.2350000 0.2350 0.2354408 0.2354 0.6666667 0.6667 0.7769433 0.7769 1.0000000 1.0000 1.0000000 509.4470 0.5268654 2.1679 1.0000000 1.0000 0.33333333333333337 1.0 0.4239988207530771 []
 | 29.5722 33.7040 -33.7040 0.0000000 CCOc1cc(C)ccc1CNC(=S)NC(=O)C(C)C 1 c1ccccc1 0.2250000 0.2250 0.2639818 0.2640 0.3333333 0.3333 0.7515291 0.7515 1.0000000 1.0000 1.0000000 294.4200 0.5259364 2.1274 1.0000000 1.0000 0.6666666666666667 1.0 0.4175823272122517 []
 | 23.1479 25.1980 -25.1980 0.0000000 CCN(CC)CCOC(=O)c1ccc(Cl)c(N)c1 1 c1ccccc1 0.1950000 0.1950 0.2500965 0.2501 0.6666667 0.6667 0.7675047 0.7675 1.0000000 1.0000 1.0000000 270.7600 0.5234433 2.0189 1.0000000 1.0000 0.33333333333333337 1.0 0.3962007067131506 []
 | 32.9700 35.3407 21.2827 0.4423702 COc1ccccc1Nc1ncnc(NC(=O)c2cc3c(s2)CCCC3)c1N 1 O=C(Nc1cc(Nc2ccccc2)ncn1)c1cc2c(s1)CCCC2 0.2150000 0.2150 0.2503915 0.2504 0.3333333 0.3333 0.7783244 0.7783 1.0000000 1.0000 1.0000000 395.4880 0.5324644 2.4119 1.0000000 1.0000 0.6666666666666667 1.0 0.41082234603292944 []
 | 25.1013 27.5895 29.1840 0.4435428 O=C(NCCSc1ncc[nH]1)c1ccc(-n2cccc2)cc1 1 O=C(NCCSc1ncc[nH]1)c1ccc(-n2cccc2)cc1 0.2450000 0.2450 0.2230567 0.2231 0.3333333 0.3333 0.7769433 0.7769 1.0000000 1.0000 1.0000000 312.3980 0.5320730 2.3948 1.0000000 1.0000 0.6666666666666667 1.0 0.4300872004605578 []
 | 37.7494 39.2340 -39.2340 0.0000000 CC(=O)Oc1ccc(CNCCNCC(=O)OCC(C)(C)C)cc1OC(C)=O 1 c1ccccc1 0.1750000 0.1750 0.2325582 0.2326 0.6666667 0.6667 0.7994351 0.7994 1.0000000 1.0000 1.0000000 394.4680 0.5342827 2.4912 1.0000000 1.0000 0.33333333333333337 1.0 0.3799671038392666 []
 | 35.5709 38.4280 16.3989 0.4283349 C=CCN(C(=O)Cn1ccc(=O)c(NC(=O)CC)c1)c1cccc(Cl)c1 1 O=C(Cn1ccc(=O)cc1)Nc1ccccc1 0.1900000 0.1900 0.2337781 0.2338 0.3333333 0.3333 0.8075499 0.8075 1.0000000 1.0000 1.0000000 373.8400 0.5390857 2.7009 1.0000000 1.0000 0.6666666666666667 1.0 0.39230090491866065 []
 | 22.6262 22.6013 -22.6013 0.0000000 Cc1cc(C)cc(NCC(=O)OC(C)(C)C)c1 1 c1ccccc1 0.2000000 0.2000 0.2413793 0.2414 0.6666667 0.6667 0.8030403 0.8030 1.0000000 1.0000 1.0000000 235.3270 0.5226793 1.9856 1.0000000 1.0000 0.33333333333333337 1.0 0.4 []
20:48:00 <INFO> Sampled SMILES C(C)(C)Cn1c2n(nc(c2[nH]c(c1=O)N)C)=O failed to sanitize.
20:48:04 <INFO> Score: 0.33 Agent NLL: 30.42 Valid:  98% Step: 25
 | Agent Prior Target Score SMILES SMILES_state Scaffold predicted_activity predicted_activity (raw) training_similarity training_similarity (raw) taf_consistency taf_consistency (raw) novelty novelty (raw) stereo_validity stereo_validity (raw) MW_window MW_window (raw) synthetic_feasibility synthetic_feasibility (raw) curated alerts filter curated alerts filter (raw) taf_disrupted (predicted_activity) scaffold_novelty (predicted_activity) uncertainty (predicted_activity) matchting_patterns (curated alerts filter)
 | 23.1623 27.1878 36.0116 0.4937449 O=C(NC(=O)c1ccco1)Nc1ccc(-c2ccccc2)cc1 1 O=C(NC(=O)c1ccco1)Nc1ccc(-c2ccccc2)cc1 0.3100000 0.3100 0.3383303 0.3383 0.3333333 0.3333 0.6616697 0.6617 1.0000000 1.0000 1.0000000 306.3210 0.5173382 1.7533 1.0000000 1.0000 0.6666666666666667 1.0 0.462493243193887 []
 | 35.1787 34.6347 -34.6347 0.0000000 Cc1ccccc1S(=O)(=O)NN=CCCCC(F)(F)F 1 c1ccccc1 0.0000000 0.0000 0.0000000 0.0000 0.0000000 0.0000 0.0000000 0.0000 0.0000000 0.0000 0.0000000 0.0000 0.0000000 0.0000 0.0000000 0.0000 None None None ['[#7;!n][#7;!n]']
 | 31.7757 32.3883 -28.3769 0.0313389 Cc1ccccc1[C@@H]1OC(C)(C)O[C@H]1[C@@H]1COC(C)(C)O1 1 c1ccc(C2OCOC2C2COCO2)cc1 0.1100000 0.1100 0.6776452 0.6776 0.0000000 0.0000 0.4677094 0.4677 1.0000000 1.0000 1.0000000 292.3750 0.5552657 3.5900 1.0000000 1.0000 1.0 1.0 0.31288975694324034 []
 | 18.2931 21.0685 -6.5133 0.1137120 CC(NC(=O)OC(C)(C)C)C(=O)NC(C)(C)C 1  0.1900000 0.1900 0.2185071 0.2185 0.6666667 0.6667 0.7919874 0.7920 0.0000000 0.0000 1.0000000 244.3350 0.5333048 2.4486 1.0000000 1.0000 0.33333333333333337 1.0 0.39230090491866065 []
 | 28.3794 27.6451 25.7180 0.4168991 C=CCC(=O)OCC(F)(F)C(F)(F)C(F)(F)C(F)(F)F 1  0.1450000 0.1450 0.2555506 0.2556 0.3333333 0.3333 0.8663694 0.8664 1.0000000 1.0000 1.0000000 318.1350 0.5449082 2.9556 1.0000000 1.0000 0.6666666666666667 1.0 0.352100837829165 []
 | 22.7111 24.3886 28.6401 0.4142862 C=CCN(CC)Cc1ccc(CNCCC)o1 1 c1ccoc1 0.1650000 0.1650 0.2253745 0.2254 0.3333333 0.3333 0.8232233 0.8232 1.0000000 1.0000 1.0000000 236.3590 0.5333641 2.4511 1.0000000 1.0000 0.6666666666666667 1.0 0.37118054905934933 []
 | 49.4733 48.6739 -48.5597 0.0008920 c1ccc(-n2c3ccccc3c3cc4c5c(-c6cccc(-c7cnc(-c8ncccn8)s7)c6)cccc5n(-c5ccccc5)c4cc32)cc1 1 c1ccc(-n2c3ccccc3c3cc4c5c(-c6cccc(-c7cnc(-c8ncccn8)s7)c6)cccc5n(-c5ccccc5)c4cc32)cc1 0.2600000 0.2600 0.2032374 0.2032 0.0000000 0.0000 0.7967626 0.7968 1.0000000 1.0000 0.0000000 645.7910 0.5449759 2.9586 1.0000000 1.0000 1.0 1.0 0.4386342439892262 []
 | 26.6375 28.3332 31.8848 0.4704533 Nc1cccc(S(=O)(=O)Nc2cc(O)cc(F)c2)c1 1 O=S(=O)(Nc1ccccc1)c1ccccc1 0.3400000 0.3400 0.2191987 0.2192 0.3333333 0.3333 0.7808013 0.7808 1.0000000 1.0000 1.0000000 282.2960 0.5252810 2.0989 1.0000000 1.0000 0.6666666666666667 1.0 0.4737087712930804 []
 | 27.8877 27.8003 -27.8002 0.0000000 O=C(Cc1ccccc1[N+](=O)[O-])NN=Cc1ccc(-c2cccc([N+](=O)[O-])c2)o1 1 O=C(Cc1ccccc1)NN=Cc1ccc(-c2ccccc2)o1 0.0000000 0.0000 0.0000000 0.0000 0.0000000 0.0000 0.0000000 0.0000 0.0000000 0.0000 0.0000000 0.0000 0.0000000 0.0000 0.0000000 0.0000 None None None ['[#7;!n][#7;!n]']
 | 29.5117 30.8470 25.0583 0.4367597 Cc1cccc(NS(=O)(=O)c2cccc(C(=O)Nc3ccc(C)cc3Cl)c2)c1 1 O=C(Nc1ccccc1)c1cccc(S(=O)(=O)Nc2ccccc2)c1 0.2550000 0.2550 0.1937728 0.1938 0.3333333 0.3333 0.8284499 0.8284 1.0000000 1.0000 1.0000000 414.9140 0.5199770 1.8681 1.0000000 1.0000 0.6666666666666667 1.0 0.43586121644395015 []
20:48:04 <INFO> Sampled SMILES C(O)[C@@]1(C2[C@@](C3C(CC2)=C2CCC(CC=2)(C(OCC)=O)C)(CCC3)C)CCSC(=N1)N failed to sanitize.
20:48:07 <INFO> Score: 0.31 Agent NLL: 30.48 Valid:  98% Step: 26
 | Agent Prior Target Score SMILES SMILES_state Scaffold predicted_activity predicted_activity (raw) training_similarity training_similarity (raw) taf_consistency taf_consistency (raw) novelty novelty (raw) stereo_validity stereo_validity (raw) MW_window MW_window (raw) synthetic_feasibility synthetic_feasibility (raw) curated alerts filter curated alerts filter (raw) taf_disrupted (predicted_activity) scaffold_novelty (predicted_activity) uncertainty (predicted_activity) matchting_patterns (curated alerts filter)
 | 26.6851 29.4137 28.7660 0.4545295 COc1ccc(Cn2cccc(C(=O)Nc3ccc(C)c(F)c3)c2=O)cc1 1 O=C(Nc1ccccc1)c1cccn(Cc2ccccc2)c1=O 0.2050000 0.2050 0.3120306 0.3120 0.3333333 0.3333 0.7467749 0.7468 1.0000000 1.0000 1.0000000 366.3920 0.5211323 1.9183 1.0000000 1.0000 0.6666666666666667 1.0 0.403701622488689 []
 | 36.4180 38.6499 19.1158 0.4512942 CCc1nnc2nccc(NCCNC(=O)c3oc4ccccc4c3C)n12 1 O=C(NCCNc1ccnc2nncn12)c1cc2ccccc2o1 0.2400000 0.2400 0.2507133 0.2507 0.3333333 0.3333 0.7561569 0.7562 1.0000000 1.0000 1.0000000 364.4090 0.5399907 2.7405 1.0000000 1.0000 0.6666666666666667 1.0 0.4270831300812525 []
 | 29.6848 32.8951 22.8784 0.4357308 N=C(N)I=NC(=O)c1cccs1 1 c1ccsc1 0.2650000 0.2650 0.1800901 0.1801 0.3333333 0.3333 0.8199099 0.8199 1.0000000 1.0000 1.0000000 295.1050 0.5495742 3.8399 1.0000000 1.0000 0.6666666666666667 1.0 0.4413332074521472 []
 | 26.8365 26.6567 -26.6567 0.0000000 COc1cc(NCC(O)CO)nc(NN)n1 1 c1cncnc1 0.0000000 0.0000 0.0000000 0.0000 0.0000000 0.0000 0.0000000 0.0000 0.0000000 0.0000 0.0000000 0.0000 0.0000000 0.0000 0.0000000 0.0000 None None None ['[#7;!n][#7;!n]']
 | 29.6985 34.8312 24.2139 0.4612895 CNC(=O)c1cc(NC(=O)NCC(=N)N)ccn1 1 c1ccncc1 0.3100000 0.3100 0.2138090 0.2138 0.3333333 0.3333 0.7920499 0.7920 1.0000000 1.0000 1.0000000 250.2620 0.5335701 2.4601 1.0000000 1.0000 0.6666666666666667 1.0 0.46249324319388707 []
 | 31.8455 34.8430 -33.0828 0.0137517 O=C(CSc1cccc(NC(=O)/C(=C\c2ccccc2F)NC(=O)c2ccccc2)c1)NCc1ccc(Cl)cc1 1 O=C(CSc1cccc(NC(=O)C(=Cc2ccccc2)NC(=O)c2ccccc2)c1)NCc1ccccc1 0.3200000 0.3200 0.2485479 0.2485 0.3333333 0.3333 0.7514521 0.7515 1.0000000 1.0000 0.0000000 574.0770 0.5312091 2.3572 1.0000000 1.0000 0.6666666666666667 1.0 0.466476151587624 []
 | 26.0854 29.3760 -29.3760 0.0000000 CN(Cc1cccc(F)c1)C(=O)NC(C)(C)C(N)=O 1 c1ccccc1 0.2650000 0.2650 0.2441931 0.2442 0.3333333 0.3333 0.7630758 0.7631 1.0000000 1.0000 1.0000000 267.3040 0.5278119 2.2091 1.0000000 1.0000 0.6666666666666667 1.0 0.4413332074521472 []
 | 24.7220 28.1787 -28.1787 0.0000000 CCC(C)(C)NC(=O)[C@H](CCc1ccccc1)NC(C)=O 1 c1ccccc1 0.2750000 0.2750 0.3216010 0.3216 0.3333333 0.3333 0.6799715 0.6800 1.0000000 1.0000 1.0000000 290.4070 0.5325308 2.4148 1.0000000 1.0000 0.6666666666666667 1.0 0.44651427748729383 []
 | 34.6696 34.4693 21.6043 0.4380748 Cc1ncccc1/C=C/C(=O)NC[C@H]1NCCC[C@H]1C 1 O=C(C=Cc1cccnc1)NCC1CCCCN1 0.1900000 0.1900 0.2641353 0.2641 0.3333333 0.3333 0.7745826 0.7746 1.0000000 1.0000 1.0000000 273.3800 0.5562478 3.4532 1.0000000 1.0000 0.6666666666666667 1.0 0.39230090491866065 []
 | 52.2961 56.4251 -56.4251 0.0000000 C(O)[C@@]1(C2[C@@](C3C(CC2)=C2CCC(CC=2)(C(OCC)=O)C)(CCC3)C)CCSC(=N1)N 0 -- 0.0000000 0.0000 0.0000000 0.0000 0.0000000 0.0000 0.0000000 0.0000 0.0000000 0.0000 0.0000000 0.0000 0.0000000 0.0000 0.0000000 0.0000 None None None None
20:48:07 <INFO> Sampled SMILES s1c([pH]c2p1[o+]2CC(OCC)=C)C failed to sanitize.
20:48:11 <INFO> Score: 0.33 Agent NLL: 30.08 Valid:  98% Step: 27
 | Agent Prior Target Score SMILES SMILES_state Scaffold predicted_activity predicted_activity (raw) training_similarity training_similarity (raw) taf_consistency taf_consistency (raw) novelty novelty (raw) stereo_validity stereo_validity (raw) MW_window MW_window (raw) synthetic_feasibility synthetic_feasibility (raw) curated alerts filter curated alerts filter (raw) taf_disrupted (predicted_activity) scaffold_novelty (predicted_activity) uncertainty (predicted_activity) matchting_patterns (curated alerts filter)
 | 35.6824 37.6491 15.4041 0.4144786 CN(Cc1cc(Br)cn1C)C(=O)c1ccc(Cl)cc1C1CC1 1 O=C(NCc1ccc[nH]1)c1ccccc1C1CC1 0.1850000 0.1850 0.2001978 0.2002 0.3333333 0.3333 0.8283611 0.8284 1.0000000 1.0000 1.0000000 381.7010 0.5369506 2.6077 1.0000000 1.0000 0.6666666666666667 1.0 0.38829756630707846 []
 | 30.1715 31.7358 -17.3040 0.1127484 Cc1cccc(Nc2sc3c(c2C#N)CCC(C)C3)c1C#N 1 c1ccc(Nc2cc3c(s2)CCCC3)cc1 0.1950000 0.1950 0.1931218 0.1931 0.6666667 0.6667 0.8587355 0.8587 0.0000000 0.0000 1.0000000 307.4220 0.5471459 3.0536 1.0000000 1.0000 0.33333333333333337 1.0 0.3962007067131506 []
 | 47.3842 52.9178 10.3580 0.4943422 C=CCn1c(NCCN=C(N)N)c(C#N)c(-c2ccccc2)cc1=NC(=O)c1cccnc1N 1 O=C(N=c1cc(-c2ccccc2)cc[nH]1)c1cccnc1 0.2400000 0.2400 0.2254780 0.2255 0.6666667 0.6667 0.7807006 0.7807 1.0000000 1.0000 1.0000000 455.5260 0.5501979 3.1874 1.0000000 1.0000 0.33333333333333337 1.0 0.4270831300812525 []
 | 32.7663 37.7555 15.9731 0.4197545 COc1cccc(-n2nc(NC(=O)C(C)(C)C)c([N+](=O)[O-])c2N)c1 1 c1ccc(-n2cccn2)cc1 0.1650000 0.1650 0.2387512 0.2388 0.3333333 0.3333 0.8356010 0.8356 1.0000000 1.0000 1.0000000 333.3480 0.5366462 2.5944 1.0000000 1.0000 0.6666666666666667 1.0 0.37118054905934933 []
 | 28.0223 28.8617 25.3256 0.4233386 O=c1[nH]c2cc(Br)ccc2c(=O)n1N=Cc1ccccc1Cl 1 O=c1[nH]c2ccccc2c(=O)n1N=Cc1ccccc1 0.2350000 0.2350 0.1775712 0.1776 0.3333333 0.3333 0.8224288 0.8224 1.0000000 1.0000 1.0000000 378.6130 0.5308462 2.3413 1.0000000 1.0000 0.6666666666666667 1.0 0.4239988207530771 []
 | 32.8721 33.9620 28.0062 0.4841259 COCc1c(C(=O)NCc2ccccc2)nnn1-c1cc(C)ccc1F 1 O=C(NCc1ccccc1)c1cn(-c2ccccc2)nn1 0.2750000 0.2750 0.3419706 0.3420 0.3333333 0.3333 0.6580294 0.6580 1.0000000 1.0000 1.0000000 354.3850 0.5273173 2.1876 1.0000000 1.0000 0.6666666666666667 1.0 0.44651427748729383 []
 | 25.3907 27.7203 -26.7643 0.0074689 COc1ccc(/C(O)=C2/C(=O)C(=O)N(c3ccc(OC)cc3)C2c2ccccc2)cc1 1 O=C1C(=O)N(c2ccccc2)C(c2ccccc2)C1=Cc1ccccc1 0.1600000 0.1600 0.3523321 0.3523 0.0000000 0.0000 0.7140686 0.7141 0.0000000 0.0000 1.0000000 415.4450 0.5321236 2.3970 1.0000000 1.0000 1.0 1.0 0.36660605559646714 []
 | 26.6271 27.3436 -27.3436 0.0000000 COc1cc(/C=N/NC(=O)c2ccc([N+](=O)[O-])cc2)ccc1OC(=O)c1ccc(Cl)cc1 1 O=C(NN=Cc1ccc(OC(=O)c2ccccc2)cc1)c1ccccc1 0.0000000 0.0000 0.0000000 0.0000 0.0000000 0.0000 0.0000000 0.0000 0.0000000 0.0000 0.0000000 0.0000 0.0000000 0.0000 0.0000000 0.0000 None None None ['[#7;!n][#7;!n]']
 | 29.6644 33.6829 25.9041 0.4655239 CCCN(Cc1ccccc1)C(=O)NCCOc1ccc(CN)cc1 1 O=C(NCCOc1ccccc1)NCc1ccccc1 0.2250000 0.2250 0.3431002 0.3431 0.3333333 0.3333 0.6568998 0.6569 1.0000000 1.0000 1.0000000 341.4550 0.5215360 1.9359 1.0000000 1.0000 0.6666666666666667 1.0 0.41758232721225164 []
 | 28.4253 30.1843 30.2675 0.4722803 CCOC(=O)Nc1ccc(SCC(=O)Nc2cccc(C)c2)nn1 1 O=C(CSc1cccnn1)Nc1ccccc1 0.1950000 0.1950 0.2219011 0.2219 0.6666667 0.6667 0.7937158 0.7937 1.0000000 1.0000 1.0000000 346.4120 0.5264668 2.1505 1.0000000 1.0000 0.33333333333333337 1.0 0.3962007067131506 []
20:48:11 <INFO> Sampled SMILES C(#N)C[C@@]1(C(OC)=O)[C@@H]([C@@H]1S(=O)(C)=O)(C)C failed to sanitize.
20:48:11 <INFO> Sampled SMILES c1c(ccc(F)c1)-c1c(nc2cc(ccn2c1=O)=O)C failed to sanitize.
20:48:14 <INFO> Score: 0.25 Agent NLL: 31.66 Valid:  97% Step: 28
 | Agent Prior Target Score SMILES SMILES_state Scaffold predicted_activity predicted_activity (raw) training_similarity training_similarity (raw) taf_consistency taf_consistency (raw) novelty novelty (raw) stereo_validity stereo_validity (raw) MW_window MW_window (raw) synthetic_feasibility synthetic_feasibility (raw) curated alerts filter curated alerts filter (raw) taf_disrupted (predicted_activity) scaffold_novelty (predicted_activity) uncertainty (predicted_activity) matchting_patterns (curated alerts filter)
 | 32.1495 31.9209 20.2578 0.4076458 Cc1ccc(F)c(NS(=O)(=O)c2cc(Cl)c3c(c2)OCCCO3)c1 1 O=S(=O)(Nc1ccccc1)c1ccc2c(c1)OCCCO2 0.2050000 0.2050 0.1642757 0.1643 0.3333333 0.3333 0.8545641 0.8546 1.0000000 1.0000 1.0000000 371.8170 0.5295880 2.2865 1.0000000 1.0000 0.6666666666666667 1.0 0.403701622488689 []
 | 30.3828 29.8588 22.1950 0.4066708 CCCC(=O)NC(C)(C)C[S+](C)C 1  0.1600000 0.1600 0.2121320 0.2121 0.3333333 0.3333 0.7878680 0.7879 1.0000000 1.0000 1.0000000 204.3590 0.5515881 3.2484 1.0000000 1.0000 0.6666666666666667 1.0 0.36660605559646714 []
 | 32.1277 31.1195 -27.2867 0.0299440 Cn1cc(-c2ccc(OCF)cc2)c(C(F)(F)F)n1 1 c1ccc(-c2cn[nH]c2)cc1 0.2000000 0.2000 0.2285714 0.2286 0.0000000 0.0000 0.8054805 0.8055 1.0000000 1.0000 1.0000000 274.2170 0.5339064 2.4748 1.0000000 1.0000 1.0 1.0 0.4 []
 | 35.8164 40.4105 19.6347 0.4691032 N#C/C(C=Nc1ccccc1)=C(/C#N)N1C(=O)C(=O)N(Cc2ccccc2)C1=O 1 O=C1C(=O)N(Cc2ccccc2)C(=O)N1C=CC=Nc1ccccc1 0.2550000 0.2550 0.2974089 0.2974 0.3333333 0.3333 0.7025911 0.7026 1.0000000 1.0000 1.0000000 383.3670 0.5471348 3.0531 1.0000000 1.0000 0.6666666666666667 1.0 0.43586121644395015 []
 | 24.3987 23.7425 34.4442 0.4545835 O=c1c2c(ncn1CCCO)CCNC2 1 O=c1[nH]cnc2c1CNCC2 0.2450000 0.2450 0.2500965 0.2501 0.3333333 0.3333 0.7837838 0.7838 1.0000000 1.0000 1.0000000 209.2490 0.5417915 2.8192 1.0000000 1.0000 0.6666666666666667 1.0 0.43008720046055776 []
 | 24.9056 25.2972 -12.1723 0.1025384 CNC(c1ccc(I)cc1)c1cccc(C)c1C 1 c1ccc(Cc2ccccc2)cc1 0.2400000 0.2400 0.1695159 0.1695 0.3333333 0.3333 0.8499250 0.8499 0.0000000 0.0000 1.0000000 351.2310 0.5350463 2.5245 1.0000000 1.0000 0.6666666666666667 1.0 0.4270831300812525 []
 | 29.1230 31.9604 27.0276 0.4608435 CCN(Cc1ccccc1)C(=O)c1cn(-c2ccc(S(N)(=O)=O)cc2)nn1 1 O=C(NCc1ccccc1)c1cn(-c2ccccc2)nn1 0.2600000 0.2600 0.2641353 0.2641 0.3333333 0.3333 0.7389815 0.7390 1.0000000 1.0000 1.0000000 385.4490 0.5273721 2.1899 1.0000000 1.0000 0.6666666666666667 1.0 0.43863424398922624 []
 | 29.3884 29.2617 -29.2617 0.0000000 CCOCCOC(=O)C[C@@H](C)C[N+](=O)[O-] 1  0.1750000 0.1750 0.2500000 0.2500 0.3333333 0.3333 0.7500000 0.7500 1.0000000 1.0000 1.0000000 219.2370 0.5477715 3.0810 1.0000000 1.0000 0.6666666666666667 1.0 0.3799671038392666 []
 | 29.7010 34.2896 20.8579 0.4308401 CSc1ccc(Cl)c(C(=O)Nc2c(C(=O)N3CCOCC3)cnn2C)c1 1 O=C(Nc1[nH]ncc1C(=O)N1CCOCC1)c1ccccc1 0.2250000 0.2250 0.2065591 0.2066 0.3333333 0.3333 0.7934409 0.7934 1.0000000 1.0000 1.0000000 394.8840 0.5324920 2.4131 1.0000000 1.0000 0.6666666666666667 1.0 0.41758232721225164 []
 | 27.1579 29.3792 -29.3792 0.0000000 COc1c(C)cc(C=NNC(=O)c2ccccc2O)cc1O 1 O=C(NN=Cc1ccccc1)c1ccccc1 0.0000000 0.0000 0.0000000 0.0000 0.0000000 0.0000 0.0000000 0.0000 0.0000000 0.0000 0.0000000 0.0000 0.0000000 0.0000 0.0000000 0.0000 None None None ['[#7;!n][#7;!n]']
20:48:15 <INFO> Sampled SMILES Brc1cnc2c(c1)c(=O)c(C(=O)NCC(=O)N(C)c1ccccc1)cc2 failed to sanitize.
20:48:15 <INFO> Sampled SMILES O(c1cc(ccc1OCC)-c1nc(S[C@@H](C)C(=O)N[C@H]2[C@H](CCCC2)C)nn1)C failed to sanitize.
20:48:18 <INFO> Score: 0.29 Agent NLL: 30.13 Valid:  97% Step: 29
 | Agent Prior Target Score SMILES SMILES_state Scaffold predicted_activity predicted_activity (raw) training_similarity training_similarity (raw) taf_consistency taf_consistency (raw) novelty novelty (raw) stereo_validity stereo_validity (raw) MW_window MW_window (raw) synthetic_feasibility synthetic_feasibility (raw) curated alerts filter curated alerts filter (raw) taf_disrupted (predicted_activity) scaffold_novelty (predicted_activity) uncertainty (predicted_activity) matchting_patterns (curated alerts filter)
 | 35.9745 40.0389 16.5946 0.4424491 CCNC(=O)N[C@H](Oc1ccc(OC)cc1)C1(C)CC1 1 c1ccc(OCC2CC2)cc1 0.1750000 0.1750 0.3060282 0.3060 0.3333333 0.3333 0.7705843 0.7706 1.0000000 1.0000 1.0000000 278.3520 0.5444438 2.9353 1.0000000 1.0000 0.6666666666666667 1.0 0.3799671038392666 []
 | 31.5888 32.3454 -28.2226 0.0322091 CCN(Cc1cccnc1)C(=O)c1cc(OC(C)C)ccn1 1 O=C(NCc1cccnc1)c1ccccn1 0.2450000 0.2450 0.2923009 0.2923 0.0000000 0.0000 0.7091283 0.7091 1.0000000 1.0000 1.0000000 299.3740 0.5275424 2.1974 1.0000000 1.0000 1.0 1.0 0.4300872004605578 []
 | 27.5197 27.9902 28.3552 0.4401987 CCOCc1ccccc1CNC[C@H]1CCOC1 1 c1ccc(CNCC2CCOC2)cc1 0.1600000 0.1600 0.3418704 0.3419 0.3333333 0.3333 0.7104260 0.7104 1.0000000 1.0000 1.0000000 249.3540 0.5368583 2.6036 1.0000000 1.0000 0.6666666666666667 1.0 0.36660605559646714 []
 | 35.3102 39.5115 -25.9175 0.1062030 Cc1cc(C2CCCCO2)c(NC(=O)c2ccc(N)cc2)cn1 1 O=C(Nc1cnccc1C1CCCCO1)c1ccccc1 0.2050000 0.2050 0.2465568 0.2466 0.3333333 0.3333 0.7841795 0.7842 0.0000000 0.0000 1.0000000 311.3850 0.5413288 2.7990 1.0000000 1.0000 0.6666666666666667 1.0 0.40370162248868907 []
 | 29.4338 32.5935 28.0024 0.4734061 O=C(Nc1cccc(CNC(=O)C2(N3CCCCC3)CCCCC2)c1)c1ccccc1 1 O=C(Nc1cccc(CNC(=O)C2(N3CCCCC3)CCCCC2)c1)c1ccccc1 0.2800000 0.2800 0.2861466 0.2861 0.3333333 0.3333 0.7152526 0.7153 1.0000000 1.0000 1.0000000 419.5690 0.5295091 2.2831 1.0000000 1.0000 0.6666666666666667 1.0 0.44899888641287294 []
 | 30.7055 33.0437 22.2505 0.4319863 COc1ccc(C(=O)Nc2cc(-c3ccc(C(=O)N(C)C)cc3)ccc2C)cc1 1 O=C(Nc1cccc(-c2ccccc2)c1)c1ccccc1 0.1800000 0.1800 0.2610067 0.2610 0.3333333 0.3333 0.8202763 0.8203 1.0000000 1.0000 1.0000000 388.4670 0.5181720 1.7895 1.0000000 1.0000 0.6666666666666667 1.0 0.38418745424597095 []
 | 25.3371 28.3895 -11.3813 0.1328767 NC(=O)C(NC(=O)c1ccc(N)c(Br)c1)c1ccccc1 1 O=C(NCc1ccccc1)c1ccccc1 0.3600000 0.3600 0.2702702 0.2703 0.6666667 0.6667 0.7297298 0.7297 0.0000000 0.0000 1.0000000 348.2000 0.5324166 2.4098 1.0000000 1.0000 0.33333333333333337 1.0 0.48 []
 | 31.0019 33.2611 -33.2611 0.0000000 COc1c(Br)cccc1/C=N/NC(=O)[C@H](C)O 1 c1ccccc1 0.0000000 0.0000 0.0000000 0.0000 0.0000000 0.0000 0.0000000 0.0000 0.0000000 0.0000 0.0000000 0.0000 0.0000000 0.0000 0.0000000 0.0000 None None None ['[#7;!n][#7;!n]']
 | 23.6200 25.8929 -25.8929 0.0000000 COCC(=O)N1CCOC(C(=O)NN)C1 1 C1COCCN1 0.0000000 0.0000 0.0000000 0.0000 0.0000000 0.0000 0.0000000 0.0000 0.0000000 0.0000 0.0000000 0.0000 0.0000000 0.0000 0.0000000 0.0000 None None None ['[#7;!n][#7;!n]']
 | 23.1083 26.6844 33.3423 0.4689586 CCOc1ccc(S(=O)(=O)N[C@@H](CC)C(=O)Nc2ccccc2)cc1 1 O=C(CNS(=O)(=O)c1ccccc1)Nc1ccccc1 0.2450000 0.2450 0.3167782 0.3168 0.3333333 0.3333 0.6919023 0.6919 1.0000000 1.0000 1.0000000 362.4510 0.5288169 2.2529 1.0000000 1.0000 0.6666666666666667 1.0 0.4300872004605578 []
20:48:22 <INFO> Score: 0.28 Agent NLL: 28.02 Valid: 100% Step: 30
 | Agent Prior Target Score SMILES SMILES_state Scaffold predicted_activity predicted_activity (raw) training_similarity training_similarity (raw) taf_consistency taf_consistency (raw) novelty novelty (raw) stereo_validity stereo_validity (raw) MW_window MW_window (raw) synthetic_feasibility synthetic_feasibility (raw) curated alerts filter curated alerts filter (raw) taf_disrupted (predicted_activity) scaffold_novelty (predicted_activity) uncertainty (predicted_activity) matchting_patterns (curated alerts filter)
 | 31.1134 32.7243 25.7128 0.4565392 O=C(O)C1CCC[C@H](NCc2ccc(Br)cc2Cl)C1 1 c1ccc(CNC2CCCCC2)cc1 0.2200000 0.2200 0.2143465 0.2143 0.6666667 0.6667 0.7946015 0.7946 0.5000000 0.5000 1.0000000 346.6520 0.5418946 2.8237 1.0000000 1.0000 0.33333333333333337 1.0 0.4142463035441596 []
 | 23.8980 23.7156 -23.7156 0.0000000 C[C@H](C=O)CC(=O)OCc1ccccc1 1 c1ccccc1 0.2950000 0.2950 0.4429039 0.4429 0.3333333 0.3333 0.5570961 0.5571 1.0000000 1.0000 1.0000000 206.2410 0.5327151 2.4228 1.0000000 1.0000 0.6666666666666667 1.0 0.45604276115294273 []
 | 23.9369 25.5998 32.8423 0.4565783 C[C@H](N)c1cn(Cc2cccs2)nn1 1 c1csc(Cn2ccnn2)c1 0.2650000 0.2650 0.2390457 0.2390 0.3333333 0.3333 0.7609543 0.7610 1.0000000 1.0000 1.0000000 208.2900 0.5464380 3.0226 1.0000000 1.0000 0.6666666666666667 1.0 0.4413332074521472 []
 | 28.6678 34.8895 20.2693 0.4309275 CNCc1cc(=O)c(OC)cn1CC(=O)N1CCc2ccccc2C1 1 O=C(Cn1ccc(=O)cc1)N1CCc2ccccc2C1 0.1650000 0.1650 0.2860281 0.2860 0.3333333 0.3333 0.7697954 0.7698 1.0000000 1.0000 1.0000000 341.4110 0.5333802 2.4518 1.0000000 1.0000 0.6666666666666667 1.0 0.37118054905934933 []
 | 25.8617 26.4482 30.7779 0.4470792 O=S(=O)(Nc1ccccc1Cl)c1cccc(S(=O)(=O)N2CCOCC2)c1 1 O=S(=O)(Nc1ccccc1)c1cccc(S(=O)(=O)N2CCOCC2)c1 0.2550000 0.2550 0.2222392 0.2222 0.3333333 0.3333 0.7979274 0.7979 1.0000000 1.0000 1.0000000 416.9080 0.5232480 2.0104 1.0000000 1.0000 0.6666666666666667 1.0 0.43586121644395015 []
 | 26.1709 27.7492 24.5211 0.4083616 CNCC1(CN2CCN(C(N)=O)CC2)CCOCC1 1 C1CN(CC2CCOCC2)CCN1 0.1650000 0.1650 0.2130032 0.2130 0.3333333 0.3333 0.7869968 0.7870 1.0000000 1.0000 1.0000000 270.3770 0.5377095 2.6408 1.0000000 1.0000 0.6666666666666667 1.0 0.37118054905934933 []
 | 28.4158 33.0602 22.4124 0.4333796 CC(C)(C)c1ccc(NC(=O)Nc2cc(C(C)(C)C)nn2Cc2ccccc2Cl)cc1 1 O=C(Nc1ccccc1)Nc1ccnn1Cc1ccccc1 0.2400000 0.2400 0.1981015 0.1981 0.3333333 0.3333 0.8101684 0.8102 1.0000000 1.0000 1.0000000 439.0030 0.5297275 2.2926 1.0000000 1.0000 0.6666666666666667 1.0 0.4270831300812525 []
 | 28.0314 29.2728 24.9737 0.4238009 COc1ccc(CCNC(=O)CN(C)C(=O)CCc2c(C)noc2C)cc1 1 O=C(CCc1cnoc1)NCC(=O)NCCc1ccccc1 0.1650000 0.1650 0.2600255 0.2600 0.3333333 0.3333 0.7928158 0.7928 1.0000000 1.0000 1.0000000 373.4530 0.5268722 2.1682 1.0000000 1.0000 0.6666666666666667 1.0 0.37118054905934933 []
 | 23.3409 25.8270 -24.0467 0.0139086 Nc1ccc(N)c([C@H](N)CO)c1 1 c1ccccc1 0.3150000 0.3150 0.2684624 0.2685 0.3333333 0.3333 0.7315376 0.7315 1.0000000 1.0000 0.0000000 167.2120 0.5431286 2.8777 1.0000000 1.0000 0.6666666666666667 1.0 0.46451587701606073 []
 | 23.4001 25.3515 39.1258 0.5037295 O=C(COC(=O)c1ccccn1)Nc1ccc(Oc2ccccc2)cc1 1 O=C(COC(=O)c1ccccn1)Nc1ccc(Oc2ccccc2)cc1 0.2250000 0.2250 0.2859314 0.2859 0.6666667 0.6667 0.7140686 0.7141 1.0000000 1.0000 1.0000000 348.3580 0.5175713 1.7634 1.0000000 1.0000 0.33333333333333337 1.0 0.41758232721225164 []
20:48:22 <INFO> Sampled SMILES c1ccc(cc1)-c1nc(-c2ccccc2)nc(n1)-n1c2cc3c4c(c2c(c1)-c1ccc(C(=C)c2ccccc2)cc1)ccc1cc(-c2ccccc2)cc1c4ccc3 failed to sanitize.
20:48:22 <INFO> Sampled SMILES Cc1c(=O)c(c(NCCOC)nn1CCO)CNCc1ccc(Cl)c(c1)Cl failed to sanitize.
20:48:25 <INFO> Score: 0.30 Agent NLL: 31.43 Valid:  97% Step: 31
 | Agent Prior Target Score SMILES SMILES_state Scaffold predicted_activity predicted_activity (raw) training_similarity training_similarity (raw) taf_consistency taf_consistency (raw) novelty novelty (raw) stereo_validity stereo_validity (raw) MW_window MW_window (raw) synthetic_feasibility synthetic_feasibility (raw) curated alerts filter curated alerts filter (raw) taf_disrupted (predicted_activity) scaffold_novelty (predicted_activity) uncertainty (predicted_activity) matchting_patterns (curated alerts filter)
 | 37.4476 40.5642 16.0988 0.4426794 CC(=O)Nc1cccc(NC(=O)c2nc(Oc3ccccc3Cl)sc2C)c1 1 O=C(Nc1ccccc1)c1csc(Oc2ccccc2)n1 0.2450000 0.2450 0.2201127 0.2201 0.3333333 0.3333 0.7864395 0.7864 1.0000000 1.0000 1.0000000 401.8750 0.5289754 2.2598 1.0000000 1.0000 0.6666666666666667 1.0 0.43008720046055776 []
 | 29.5497 35.1135 31.1118 0.5173851 O=C(NCCCc1nc(-c2ccc(Cl)cn2)no1)c1ccccc1Br 1 O=C(NCCCc1nc(-c2ccccn2)no1)c1ccccc1 0.2850000 0.2850 0.2507784 0.2508 0.6666667 0.6667 0.7492216 0.7492 1.0000000 1.0000 1.0000000 421.6820 0.5278742 2.2118 1.0000000 1.0000 0.33333333333333337 1.0 0.4514144437210666 []
 | 28.7927 30.0470 36.5626 0.5203874 O=C(Nc1ccccc1C(=O)Nc1cccc2ccccc12)c1ccccc1Br 1 O=C(Nc1ccccc1C(=O)Nc1cccc2ccccc12)c1ccccc1 0.2900000 0.2900 0.2575637 0.2576 0.6666667 0.6667 0.7424363 0.7424 1.0000000 1.0000 1.0000000 445.3160 0.5179887 1.7816 1.0000000 1.0000 0.33333333333333337 1.0 0.4537620521815371 []
 | 27.0021 28.6567 26.0574 0.4274545 COC(=O)c1n[nH]c2c1CN(C(=O)c1ccc(-c3ccccc3)cc1)CC2 1 O=C(c1ccc(-c2ccccc2)cc1)N1CCc2[nH]ncc2C1 0.1800000 0.1800 0.2505831 0.2506 0.3333333 0.3333 0.7841795 0.7842 1.0000000 1.0000 1.0000000 361.4010 0.5269688 2.1724 1.0000000 1.0000 0.6666666666666667 1.0 0.38418745424597095 []
 | 31.1695 35.0446 29.4435 0.5038135 CCOc1ccccc1C(=O)OCC(=O)Nc1ccc(OCCOC)c([N+](=O)[O-])c1 1 O=C(COC(=O)c1ccccc1)Nc1ccccc1 0.2300000 0.2300 0.2735054 0.2735 0.6666667 0.6667 0.7377978 0.7378 1.0000000 1.0000 1.0000000 418.4020 0.5248399 2.0797 1.0000000 1.0000 0.33333333333333337 1.0 0.4208325082500163 []
 | 26.4200 28.8214 25.8848 0.4273926 Nc1ccc([N+](=O)[O-])cc1CNC1=NCCN1 1 c1ccc(CNC2=NCCN2)cc1 0.2450000 0.2450 0.1728527 0.1729 0.3333333 0.3333 0.8700312 0.8700 1.0000000 1.0000 1.0000000 235.2470 0.5379918 2.6531 1.0000000 1.0000 0.6666666666666667 1.0 0.4300872004605578 []
 | 30.1570 29.9105 -26.0966 0.0297963 Cc1ccc(C(=O)N2CCSC23CCN(Cc2ccsc2)CC3)cc1 1 O=C(c1ccccc1)N1CCSC12CCN(Cc1ccsc1)CC2 0.1950000 0.1950 0.2224420 0.2224 0.0000000 0.0000 0.8321396 0.8321 1.0000000 1.0000 1.0000000 372.5590 0.5452341 2.9699 1.0000000 1.0000 1.0 1.0 0.3962007067131506 []
 | 30.0326 30.0834 26.1512 0.4393325 O=C(CC(=O)Nc1ccccc1F)Nc1nc2ccccc2s1 1 O=C(CC(=O)Nc1nc2ccccc2s1)Nc1ccccc1 0.2450000 0.2450 0.2133523 0.2134 0.3333333 0.3333 0.7866477 0.7866 1.0000000 1.0000 1.0000000 329.3560 0.5201604 1.8760 1.0000000 1.0000 0.6666666666666667 1.0 0.4300872004605578 []
 | 31.9139 29.6170 -25.9337 0.0287756 CC(C)c1ccc2c(Cl)c(C(=O)N3CCCCC3)sc2c1 1 O=C(c1cc2ccccc2s1)N1CCCCC1 0.2100000 0.2100 0.1740044 0.1740 0.0000000 0.0000 0.8459512 0.8460 1.0000000 1.0000 1.0000000 321.8730 0.5259528 2.1281 1.0000000 1.0000 1.0 1.0 0.40730823708832603 []
 | 29.1640 27.6727 -23.7451 0.0306848 CN(C)c1cc2c(cc1C(=O)O)OC(C)(C)O2 1 c1ccc2c(c1)OCO2 0.1900000 0.1900 0.2866184 0.2866 0.0000000 0.0000 0.7287746 0.7288 1.0000000 1.0000 1.0000000 237.2550 0.5361584 2.5731 1.0000000 1.0000 1.0 1.0 0.39230090491866065 []
20:48:29 <INFO> Score: 0.34 Agent NLL: 28.48 Valid: 100% Step: 32
 | Agent Prior Target Score SMILES SMILES_state Scaffold predicted_activity predicted_activity (raw) training_similarity training_similarity (raw) taf_consistency taf_consistency (raw) novelty novelty (raw) stereo_validity stereo_validity (raw) MW_window MW_window (raw) synthetic_feasibility synthetic_feasibility (raw) curated alerts filter curated alerts filter (raw) taf_disrupted (predicted_activity) scaffold_novelty (predicted_activity) uncertainty (predicted_activity) matchting_patterns (curated alerts filter)
 | 30.9689 32.0274 -17.9920 0.1096517 CCC(Oc1ccc(Cl)cc1Cl)C(=O)Nc1nc(-c2ccc3ccccc3c2)cs1 1 O=C(COc1ccccc1)Nc1nc(-c2ccc3ccccc3c2)cs1 0.2550000 0.2550 0.2383657 0.2384 0.3333333 0.3333 0.7616343 0.7616 0.0000000 0.0000 1.0000000 457.3820 0.5373275 2.6241 1.0000000 1.0000 0.6666666666666667 1.0 0.43586121644395015 []
 | 39.0178 40.1870 16.4555 0.4425193 C[C@@H](Nc1ccc(NC(=O)N[C@H]2C=CS(=O)(=O)C2)cn1)C1CC1 1 O=C(Nc1ccc(NCC2CC2)nc1)NC1C=CS(=O)(=O)C1 0.2400000 0.2400 0.2178551 0.2179 0.3333333 0.3333 0.7913438 0.7913 1.0000000 1.0000 1.0000000 336.4170 0.5571415 3.5075 1.0000000 1.0000 0.6666666666666667 1.0 0.4270831300812524 []
 | 29.2267 28.5490 -24.6287 0.0306269 CON=C(C(=O)O)c1ccoc1Cl 1 c1ccoc1 0.1950000 0.1950 0.2668149 0.2668 0.0000000 0.0000 0.7637846 0.7638 1.0000000 1.0000 1.0000000 203.5810 0.5495480 3.1589 1.0000000 1.0000 1.0 1.0 0.3962007067131506 []
 | 33.4184 36.0564 30.2899 0.5183305 CNC[C@H](N)[C@@H](O)CNc1ccc(OCc2ccccc2)cc1 1 c1ccc(COc2ccccc2)cc1 0.3250000 0.3250 0.4418940 0.4419 0.3333333 0.3333 0.5581060 0.5581 1.0000000 1.0000 1.0000000 315.4170 0.5422316 2.8385 1.0000000 1.0000 0.6666666666666667 1.0 0.4683748498798799 []
 | 23.7403 26.8412 -26.8412 0.0000000 O=C(Nc1ccccc1C(=O)N/N=C/c1cccc2ccccc12)c1ccccc1 1 O=C(Nc1ccccc1C(=O)NN=Cc1cccc2ccccc12)c1ccccc1 0.0000000 0.0000 0.0000000 0.0000 0.0000000 0.0000 0.0000000 0.0000 0.0000000 0.0000 0.0000000 0.0000 0.0000000 0.0000 0.0000000 0.0000 None None None ['[#7;!n][#7;!n]']
 | 30.2625 31.6103 25.8536 0.4489368 O=C1C=CC=C2C1=N[C@H](Nc1ccccc1)c1cccn12 1 O=C1C=CC=C2C1=NC(Nc1ccccc1)c1cccn12 0.2450000 0.2450 0.2339439 0.2339 0.3333333 0.3333 0.7660561 0.7661 1.0000000 1.0000 1.0000000 275.3110 0.5562938 3.4552 1.0000000 1.0000 0.6666666666666667 1.0 0.4300872004605578 []
 | 34.1704 34.5614 21.9666 0.4416254 Cc1ccc(-c2nc3ccc(NC(=O)Nc4c(C)n(C)n(-c5ccccc5)c4=O)cc3s2)cc1 1 O=C(Nc1ccc2nc(-c3ccccc3)sc2c1)Nc1c[nH]n(-c2ccccc2)c1=O 0.2400000 0.2400 0.2221882 0.2222 0.3333333 0.3333 0.7822482 0.7822 1.0000000 1.0000 1.0000000 469.5700 0.5305751 2.3295 1.0000000 1.0000 0.6666666666666667 1.0 0.4270831300812524 []
 | 24.7022 26.9440 31.7852 0.4588219 Cn1ncc(NCc2ccco2)c(C(=O)O)c1=O 1 O=c1cc(NCc2ccco2)cn[nH]1 0.2350000 0.2350 0.2823725 0.2824 0.3333333 0.3333 0.7463269 0.7463 1.0000000 1.0000 1.0000000 249.2260 0.5342979 2.4919 1.0000000 1.0000 0.6666666666666667 1.0 0.4239988207530771 []
 | 23.0857 23.6852 24.1716 0.3738813 CSCCNC(=NCC(=O)N(C)C)NCC1(SC)CCCC1 1 C1CCCC1 0.1300000 0.1300 0.1610153 0.1610 0.3333333 0.3333 0.8554112 0.8554 1.0000000 1.0000 1.0000000 346.5660 0.5572232 3.5039 1.0000000 1.0000 0.6666666666666667 1.0 0.33630343441600474 []
 | 25.4267 27.0197 28.3170 0.4323176 O=C(Oc1ccc(-c2cccnc2)cc1)N1CCNCC1 1 O=C(Oc1ccc(-c2cccnc2)cc1)N1CCNCC1 0.1900000 0.1900 0.2500781 0.2501 0.3333333 0.3333 0.7999375 0.7999 1.0000000 1.0000 1.0000000 283.3310 0.5236360 2.0273 1.0000000 1.0000 0.6666666666666667 1.0 0.39230090491866065 []
20:48:32 <INFO> Score: 0.31 Agent NLL: 30.43 Valid: 100% Step: 33
 | Agent Prior Target Score SMILES SMILES_state Scaffold predicted_activity predicted_activity (raw) training_similarity training_similarity (raw) taf_consistency taf_consistency (raw) novelty novelty (raw) stereo_validity stereo_validity (raw) MW_window MW_window (raw) synthetic_feasibility synthetic_feasibility (raw) curated alerts filter curated alerts filter (raw) taf_disrupted (predicted_activity) scaffold_novelty (predicted_activity) uncertainty (predicted_activity) matchting_patterns (curated alerts filter)
 | 23.2603 25.3566 28.5448 0.4211053 CC(C)(C)C(=O)Nc1ccc(NC(=O)N2CCCCCC2)cc1 1 O=C(Nc1ccccc1)N1CCCCCC1 0.1900000 0.1900 0.2141918 0.2142 0.3333333 0.3333 0.8360436 0.8360 1.0000000 1.0000 1.0000000 317.4330 0.5196553 1.8541 1.0000000 1.0000 0.6666666666666667 1.0 0.39230090491866065 []
 | 25.5530 30.5447 22.5137 0.4145187 CCNC(=NCc1cc(OC)c(OC)cc1CC)NCC(C)(C)N1CCOCC1 1 C(=NCc1ccccc1)NCCN1CCOCC1 0.1400000 0.1400 0.2694978 0.2695 0.3333333 0.3333 0.7913438 0.7913 1.0000000 1.0000 1.0000000 406.5710 0.5421518 2.8350 1.0000000 1.0000 0.6666666666666667 1.0 0.34698703145794946 []
 | 29.0033 29.7001 -25.9681 0.0291559 c1cncc(CN2CCN([C@@H]3C[C@H]4CC[C@H]3C4)CC2)c1 1 c1cncc(CN2CCN(C3CC4CCC3C4)CC2)c1 0.1600000 0.1600 0.2469324 0.2469 0.0000000 0.0000 0.7920499 0.7920 1.0000000 1.0000 1.0000000 271.4080 0.5508145 3.7855 1.0000000 1.0000 1.0 1.0 0.36660605559646714 []
 | 20.7366 23.3961 33.5112 0.4445886 CNc1ccc(C(=O)NCc2ccncc2)nn1 1 O=C(NCc1ccncc1)c1cccnn1 0.2500000 0.2500 0.2223080 0.2223 0.3333333 0.3333 0.7776920 0.7777 1.0000000 1.0000 1.0000000 243.2700 0.5266994 2.1606 1.0000000 1.0000 0.6666666666666667 1.0 0.4330127018922193 []
 | 23.8604 25.4006 -25.4006 0.0000000 CN(Cc1ccccc1)C(=O)[C@@H](N)CC(C)(C)C 1 c1ccccc1 0.2900000 0.2900 0.3434183 0.3434 0.3333333 0.3333 0.6565817 0.6566 1.0000000 1.0000 1.0000000 248.3700 0.5339729 2.4777 1.0000000 1.0000 0.6666666666666667 1.0 0.4537620521815371 []
 | 26.4381 28.1020 30.0852 0.4545874 COc1ccc2c(C(=O)NCc3ccc(C)cc3)cc(=O)oc2c1 1 O=C(NCc1ccccc1)c1cc(=O)oc2ccccc12 0.1950000 0.1950 0.3321819 0.3322 0.3333333 0.3333 0.7304213 0.7304 1.0000000 1.0000 1.0000000 323.3480 0.5202602 1.8804 1.0000000 1.0000 0.6666666666666667 1.0 0.3962007067131506 []
 | 38.2617 40.3935 -25.3129 0.1178173 CC(C)N1CCCC(OC(=O)Cc2cccc3ncnc(N)c23)C1 1 O=C(Cc1cccc2ncncc12)OC1CCCNC1 0.2000000 0.2000 0.2530240 0.2530 0.6666667 0.6667 0.7539095 0.7539 0.0000000 0.0000 1.0000000 328.4160 0.5452767 2.9717 1.0000000 1.0000 0.33333333333333337 1.0 0.4 []
 | 29.4408 33.7982 21.1053 0.4289335 CN(C(=O)Cn1nc(C(N)=O)c2c1CCCC2)c1cccc(F)c1 1 O=C(Cn1ncc2c1CCCC2)Nc1ccccc1 0.2300000 0.2300 0.1940990 0.1941 0.3333333 0.3333 0.8192608 0.8193 1.0000000 1.0000 1.0000000 330.3630 0.5337343 2.4673 1.0000000 1.0000 0.6666666666666667 1.0 0.4208325082500163 []
 | 43.0714 45.6952 11.2378 0.4447896 CCN(Cc1ccco1)c1nc(N)c2ncccc2c1NC(C)=O 1 c1coc(CNc2cc3cccnc3cn2)c1 0.2100000 0.2100 0.2664694 0.2665 0.3333333 0.3333 0.7548548 0.7549 1.0000000 1.0000 1.0000000 325.3720 0.5377815 2.6440 1.0000000 1.0000 0.6666666666666667 1.0 0.4073082370883261 []
 | 24.3385 26.0617 -22.4882 0.0279185 C=CCN(c1cccc2ccccc12)S(=O)(=O)c1ccc(OC)cc1 1 O=S(=O)(Nc1cccc2ccccc12)c1ccccc1 0.1250000 0.1250 0.2578807 0.2579 0.0000000 0.0000 0.7970615 0.7971 1.0000000 1.0000 1.0000000 353.4430 0.5237651 2.0329 1.0000000 1.0000 1.0 1.0 0.33071891388307384 []
20:48:36 <INFO> Score: 0.32 Agent NLL: 29.73 Valid: 100% Step: 34
 | Agent Prior Target Score SMILES SMILES_state Scaffold predicted_activity predicted_activity (raw) training_similarity training_similarity (raw) taf_consistency taf_consistency (raw) novelty novelty (raw) stereo_validity stereo_validity (raw) MW_window MW_window (raw) synthetic_feasibility synthetic_feasibility (raw) curated alerts filter curated alerts filter (raw) taf_disrupted (predicted_activity) scaffold_novelty (predicted_activity) uncertainty (predicted_activity) matchting_patterns (curated alerts filter)
 | 22.9734 24.1643 -10.1603 0.1094062 O=C(NCC1CCN(Cc2ccccc2)CC1)C1CCCCN1 1 O=C(NCC1CCN(Cc2ccccc2)CC1)C1CCCCN1 0.2100000 0.2100 0.2988703 0.2989 0.3333333 0.3333 0.7025911 0.7026 0.0000000 0.0000 1.0000000 315.4610 0.5337300 2.4671 1.0000000 1.0000 0.6666666666666667 1.0 0.4073082370883261 []
 | 27.7671 28.7203 -28.7203 0.0000000 CCOC(=O)OCc1ccc(Br)c(C#N)c1 1 c1ccccc1 0.2500000 0.2500 0.2541643 0.2542 0.6666667 0.6667 0.7534015 0.7534 1.0000000 1.0000 1.0000000 284.1090 0.5299553 2.3025 1.0000000 1.0000 0.33333333333333337 1.0 0.4330127018922193 []
 | 25.3390 26.8354 28.8052 0.4346923 O=C(Nc1nnc(-c2ccc(Cl)cc2Cl)o1)c1ccc(Cl)cc1 1 O=C(Nc1nnc(-c2ccccc2)o1)c1ccccc1 0.2600000 0.2600 0.1866833 0.1867 0.3333333 0.3333 0.8133167 0.8133 1.0000000 1.0000 1.0000000 368.6070 0.5224794 1.9769 1.0000000 1.0000 0.6666666666666667 1.0 0.4386342439892262 []
 | 28.2910 29.5355 -15.9050 0.1064884 CC(NC(=O)c1ccc(N)s1)c1cnn(C)c1 1 O=C(NCc1cn[nH]c1)c1cccs1 0.2350000 0.2350 0.2165328 0.2165 0.3333333 0.3333 0.7894007 0.7894 0.0000000 0.0000 1.0000000 250.3270 0.5455766 2.9849 1.0000000 1.0000 0.6666666666666667 1.0 0.4239988207530771 []
 | 25.0769 26.8020 32.3460 0.4620942 CN(c1ccc(C(=O)Nc2ccccc2Cl)cc1)S(=O)(=O)c1ccccc1 1 O=C(Nc1ccccc1)c1ccc(NS(=O)(=O)c2ccccc2)cc1 0.2950000 0.2950 0.2339439 0.2339 0.3333333 0.3333 0.7660561 0.7661 1.0000000 1.0000 1.0000000 400.8870 0.5181591 1.7890 1.0000000 1.0000 0.6666666666666667 1.0 0.4560427611529428 []
 | 34.5538 38.5148 18.8980 0.4485375 Cc1ccc(OCc2ccn[nH]2)c(CNC(=O)c2ccc(Cl)cc2)c1 1 O=C(NCc1ccccc1OCc1ccn[nH]1)c1ccccc1 0.2450000 0.2450 0.2396406 0.2396 0.3333333 0.3333 0.7651443 0.7651 1.0000000 1.0000 1.0000000 355.8250 0.5259019 2.1259 1.0000000 1.0000 0.6666666666666667 1.0 0.43008720046055776 []
 | 23.4181 24.1631 -24.1631 0.0000000 Cc1cccc(OCCNC(=O)[C@@H](N)CC(C)C)c1 1 c1ccccc1 0.2400000 0.2400 0.2903800 0.2904 0.3333333 0.3333 0.7239212 0.7239 1.0000000 1.0000 1.0000000 264.3690 0.5301949 2.3129 1.0000000 1.0000 0.6666666666666667 1.0 0.4270831300812524 []
 | 29.1966 31.2104 25.5546 0.4434769 COc1cccc2c1cc(C(=O)Nc1ncccc1C)n2C 1 O=C(Nc1ccccn1)c1cc2ccccc2[nH]1 0.2000000 0.2000 0.2737928 0.2738 0.3333333 0.3333 0.7818462 0.7818 1.0000000 1.0000 1.0000000 295.3420 0.5258079 2.1218 1.0000000 1.0000 0.6666666666666667 1.0 0.4 []
 | 23.1841 25.6563 -25.6563 0.0000000 C[C@@H](CO)N[C@@H](C)COc1ccccc1 1 c1ccccc1 0.2850000 0.2850 0.4038903 0.4039 0.3333333 0.3333 0.5961097 0.5961 1.0000000 1.0000 1.0000000 209.2890 0.5383071 2.6669 1.0000000 1.0000 0.6666666666666667 1.0 0.4514144437210666 []
 | 30.9116 34.8325 22.9757 0.4516267 CCOc1cccc(NC(=O)CCSc2ccc(NC(=O)c3ccccc3[N+](=O)[O-])cc2)c1 1 O=C(CCSc1ccc(NC(=O)c2ccccc2)cc1)Nc1ccccc1 0.2300000 0.2300 0.2686642 0.2687 0.3333333 0.3333 0.7424389 0.7424 1.0000000 1.0000 1.0000000 465.5310 0.5254921 2.1081 1.0000000 1.0000 0.6666666666666667 1.0 0.4208325082500163 []
20:48:36 <INFO> Sampled SMILES O=C(Nc1cccc2c(S(=O)(=O)N(C)C)ccc21)c1ccc(cc1)CS(=O)(=O)C failed to sanitize.
20:48:40 <INFO> Score: 0.30 Agent NLL: 30.76 Valid:  98% Step: 35
 | Agent Prior Target Score SMILES SMILES_state Scaffold predicted_activity predicted_activity (raw) training_similarity training_similarity (raw) taf_consistency taf_consistency (raw) novelty novelty (raw) stereo_validity stereo_validity (raw) MW_window MW_window (raw) synthetic_feasibility synthetic_feasibility (raw) curated alerts filter curated alerts filter (raw) taf_disrupted (predicted_activity) scaffold_novelty (predicted_activity) uncertainty (predicted_activity) matchting_patterns (curated alerts filter)
 | 28.6478 34.0718 -34.0718 0.0000000 Cc1c(NC(=O)C2=NNC(=O)C2)cccc1NC(=O)C(C)C 1 O=C1CC(C(=O)Nc2ccccc2)=NN1 0.0000000 0.0000 0.0000000 0.0000 0.0000000 0.0000 0.0000000 0.0000 0.0000000 0.0000 0.0000000 0.0000 0.0000000 0.0000 0.0000000 0.0000 None None None ['[#7;!n][#7;!n]']
 | 22.9588 22.5858 -8.2931 0.1116622 COC(=O)NC1CCS(=O)(=O)C1 1 O=S1(=O)CCCC1 0.1400000 0.1400 0.2690691 0.2691 0.6666667 0.6667 0.7851655 0.7852 0.0000000 0.0000 1.0000000 193.2240 0.5407870 2.7753 1.0000000 1.0000 0.33333333333333337 1.0 0.3469870314579494 []
 | 48.2557 47.5531 2.1995 0.3886917 C=CCCCC1CCC(c2cc3sc(NS(=O)(=O)c4ccc(C)cc4)nc3c(F)c2F)CC1 1 O=S(=O)(Nc1nc2ccc(C3CCCCC3)cc2s1)c1ccccc1 0.1150000 0.1150 0.2255254 0.2255 0.3333333 0.3333 0.8597426 0.8597 1.0000000 1.0000 1.0000000 490.6410 0.5409206 2.7811 1.0000000 1.0000 0.6666666666666667 1.0 0.31902194281898544 []
 | 27.4209 30.5058 18.9320 0.3862326 Cc1ccc(Nc2ncnc(Nc3ccc(N4CCN(C)CC4)c(Cl)c3)c2[N+](=O)[O-])cc1 1 c1ccc(Nc2cc(Nc3ccc(N4CCNCC4)cc3)ncn2)cc1 0.1600000 0.1600 0.1561738 0.1562 0.3333333 0.3333 0.8825722 0.8826 1.0000000 1.0000 1.0000000 453.9340 0.5313944 2.3652 1.0000000 1.0000 0.6666666666666667 1.0 0.36660605559646714 []
 | 29.5372 31.7722 19.4207 0.3999449 Cn1c(SCc2cc(Br)co2)nnc1-c1ccc(Cl)cc1 1 c1ccc(-c2nnc(SCc3ccco3)[nH]2)cc1 0.1800000 0.1800 0.1667139 0.1667 0.3333333 0.3333 0.8746469 0.8746 1.0000000 1.0000 1.0000000 384.6860 0.5344099 2.4968 1.0000000 1.0000 0.6666666666666667 1.0 0.38418745424597095 []
 | 27.0598 28.8761 -14.9255 0.1089887 Cc1ccc(C(NC(=O)c2ccncc2)C(=O)N(C)C)cc1 1 O=C(NCc1ccccc1)c1ccncc1 0.2650000 0.2650 0.2166446 0.2166 0.3333333 0.3333 0.8082012 0.8082 0.0000000 0.0000 1.0000000 297.3580 0.5329117 2.4314 1.0000000 1.0000 0.6666666666666667 1.0 0.4413332074521472 []
 | 27.7508 30.0679 30.8168 0.4756618 C[C@@H](c1ccccn1)N1CCN(CCCNC(=O)c2ccccc2)CC1 1 O=C(NCCCN1CCN(Cc2ccccn2)CC1)c1ccccc1 0.2850000 0.2850 0.2877607 0.2878 0.3333333 0.3333 0.7122393 0.7122 1.0000000 1.0000 1.0000000 352.4820 0.5332339 2.4455 1.0000000 1.0000 0.6666666666666667 1.0 0.4514144437210666 []
 | 35.2929 35.1782 19.3622 0.4260965 O=S(=O)(NCC1CCN(Cc2cccc(Oc3cccnc3)c2)CC1)c1cccc(F)c1 1 O=S(=O)(NCC1CCN(Cc2cccc(Oc3cccnc3)c2)CC1)c1ccccc1 0.1800000 0.1800 0.2460794 0.2461 0.3333333 0.3333 0.7841336 0.7841 1.0000000 1.0000 1.0000000 455.5550 0.5286785 2.2469 1.0000000 1.0000 0.6666666666666667 1.0 0.38418745424597095 []
 | 27.2363 31.9689 30.2186 0.4858401 COc1cc(C[C@H](NC(=O)c2ccccc2)C(N)=O)ccc1OC(C)C 1 O=C(NCCc1ccccc1)c1ccccc1 0.2850000 0.2850 0.3285514 0.3286 0.3333333 0.3333 0.6848890 0.6849 1.0000000 1.0000 1.0000000 356.4220 0.5301615 2.3115 1.0000000 1.0000 0.6666666666666667 1.0 0.4514144437210666 []
 | 26.4213 26.1595 -10.5819 0.1216996 Cc1ccccc1NC(=O)C(C)OC(=O)c1cccc(N(C)C)c1 1 O=C(COC(=O)c1ccccc1)Nc1ccccc1 0.2650000 0.2650 0.2265462 0.2265 0.6666667 0.6667 0.7743645 0.7744 0.0000000 0.0000 1.0000000 326.3960 0.5284470 2.2368 1.0000000 1.0000 0.33333333333333337 1.0 0.4413332074521472 []
20:48:43 <INFO> Score: 0.36 Agent NLL: 29.61 Valid: 100% Step: 36
 | Agent Prior Target Score SMILES SMILES_state Scaffold predicted_activity predicted_activity (raw) training_similarity training_similarity (raw) taf_consistency taf_consistency (raw) novelty novelty (raw) stereo_validity stereo_validity (raw) MW_window MW_window (raw) synthetic_feasibility synthetic_feasibility (raw) curated alerts filter curated alerts filter (raw) taf_disrupted (predicted_activity) scaffold_novelty (predicted_activity) uncertainty (predicted_activity) matchting_patterns (curated alerts filter)
 | 36.5913 39.5368 11.0990 0.3955920 Cc1ccc(Nc2cc(N3CCN(C(=O)NCC(=O)Nc4ccc(C)cc4C)CC3)nc(C)n2)cc1 1 O=C(CNC(=O)N1CCN(c2cc(Nc3ccccc3)ncn2)CC1)Nc1ccccc1 0.1750000 0.1750 0.1630278 0.1630 0.3333333 0.3333 0.8681876 0.8682 1.0000000 1.0000 1.0000000 487.6080 0.5315636 2.3726 1.0000000 1.0000 0.6666666666666667 1.0 0.3799671038392666 []
 | 29.8472 25.9028 -24.9102 0.0077545 CC(C)c1cc(C(C)CI)ccc1O 1 c1ccccc1 0.2850000 0.2850 0.2277100 0.2277 0.0000000 0.0000 0.7785298 0.7785 0.0000000 0.0000 1.0000000 304.1710 0.5440297 2.9171 1.0000000 1.0000 1.0 1.0 0.4514144437210666 []
 | 24.1068 27.5869 30.8648 0.4566541 CCc1ccc(OCc2ccc(C(=O)Nc3ccc(NC(C)=O)cc3)o2)cc1 1 O=C(Nc1ccccc1)c1ccc(COc2ccccc2)o1 0.2150000 0.2150 0.3167782 0.3168 0.3333333 0.3333 0.6919023 0.6919 1.0000000 1.0000 1.0000000 378.4280 0.5207994 1.9038 1.0000000 1.0000 0.6666666666666667 1.0 0.4108223460329294 []
 | 32.7725 36.4098 21.1063 0.4493439 Cc1ccc(CNC(=O)CSc2nc3sc(-c4ccccc4)cc3c(=O)n2-c2ccccc2)s1 1 O=C(CSc1nc2sc(-c3ccccc3)cc2c(=O)n1-c1ccccc1)NCc1cccs1 0.2300000 0.2300 0.2603126 0.2603 0.3333333 0.3333 0.7409603 0.7410 1.0000000 1.0000 1.0000000 503.6740 0.5320759 2.3950 1.0000000 1.0000 0.6666666666666667 1.0 0.4208325082500163 []
 | 24.3625 26.1834 27.2185 0.4172022 CC(C)(C)c1nc(CNCc2ccsc2)co1 1 c1nc(CNCc2ccsc2)co1 0.1850000 0.1850 0.2053985 0.2054 0.3333333 0.3333 0.8378379 0.8378 1.0000000 1.0000 1.0000000 250.3670 0.5398844 2.7358 1.0000000 1.0000 0.6666666666666667 1.0 0.3882975663070784 []
 | 23.4468 25.3722 -25.3722 0.0000000 CC(C)(CC(N)=O)NC(=O)NCCCN 1  0.1950000 0.1950 0.1569412 0.1569 0.3333333 0.3333 0.8686936 0.8687 1.0000000 1.0000 1.0000000 216.2850 0.5355808 2.5479 1.0000000 1.0000 0.6666666666666667 1.0 0.3962007067131506 []
 | 31.8995 27.7966 -13.0984 0.1148293 CC1CC(Nc2nn[nH]n2)CN1Cc1ccccc1 1 c1ccc(CN2CCC(Nc3nn[nH]n3)C2)cc1 0.2550000 0.2550 0.3132758 0.3133 0.3333333 0.3333 0.6955922 0.6956 0.0000000 0.0000 1.0000000 258.3290 0.5503685 3.1949 1.0000000 1.0000 0.6666666666666667 1.0 0.43586121644395015 []
 | 25.3189 29.6398 -29.6398 0.0000000 C[C@@H](NC(=O)OCc1ccccc1)C(=O)NCCOCC(=O)O 1 c1ccccc1 0.3450000 0.3450 0.3851221 0.3851 0.6666667 0.6667 0.6148779 0.6149 1.0000000 1.0000 1.0000000 324.3330 0.5321189 2.3968 1.0000000 1.0000 0.33333333333333337 1.0 0.4753682782853732 []
 | 23.4992 27.2173 28.3158 0.4338527 COc1ccccc1CNC(=O)[C@H]1CCCN(Cc2ccccc2F)C1 1 O=C(NCc1ccccc1)C1CCCN(Cc2ccccc2)C1 0.1700000 0.1700 0.2888741 0.2889 0.3333333 0.3333 0.7675047 0.7675 1.0000000 1.0000 1.0000000 356.4410 0.5301005 2.3088 1.0000000 1.0000 0.6666666666666667 1.0 0.375632799419859 []
 | 44.0455 42.1627 18.8781 0.4768813 COC(=O)/C(=C(\Cl)SCCC(=O)Nc1cc(C)ccc1OC)c1ccccc1 1 O=C(CCSC=Cc1ccccc1)Nc1ccccc1 0.1750000 0.1750 0.2626129 0.2626 0.6666667 0.6667 0.7675047 0.7675 1.0000000 1.0000 1.0000000 419.9300 0.5338560 2.4726 1.0000000 1.0000 0.33333333333333337 1.0 0.3799671038392666 []
20:48:44 <INFO> Sampled SMILES C(C)O[N+](c1cc(cc(c1)C(C)(C)C)C=O)(=O)[O-] failed to sanitize.
20:48:47 <INFO> Score: 0.35 Agent NLL: 29.36 Valid:  98% Step: 37
 | Agent Prior Target Score SMILES SMILES_state Scaffold predicted_activity predicted_activity (raw) training_similarity training_similarity (raw) taf_consistency taf_consistency (raw) novelty novelty (raw) stereo_validity stereo_validity (raw) MW_window MW_window (raw) synthetic_feasibility synthetic_feasibility (raw) curated alerts filter curated alerts filter (raw) taf_disrupted (predicted_activity) scaffold_novelty (predicted_activity) uncertainty (predicted_activity) matchting_patterns (curated alerts filter)
 | 40.3993 41.5399 14.7525 0.4397843 Cc1nn(-c2ccc(F)cc2)c(-c2ccccc2Cl)c1Cc1ccccc1CCO 1 c1ccc(Cc2cnn(-c3ccccc3)c2-c2ccccc2)cc1 0.2700000 0.2700 0.1898316 0.1898 0.3333333 0.3333 0.8101684 0.8102 1.0000000 1.0000 1.0000000 420.9150 0.5309417 2.3455 1.0000000 1.0000 0.6666666666666667 1.0 0.4439594576084623 []
 | 42.2191 46.6056 13.1797 0.4670725 CN=C(N)N=C1Cc2ccc(NC(=O)Cc3ccccc3)cc2N=CN1 1 N=C1Cc2ccc(NC(=O)Cc3ccccc3)cc2N=CN1 0.2650000 0.2650 0.2697816 0.2698 0.3333333 0.3333 0.7539095 0.7539 1.0000000 1.0000 1.0000000 348.4100 0.5484735 3.1118 1.0000000 1.0000 0.6666666666666667 1.0 0.4413332074521472 []
 | 30.9016 35.1898 -20.5926 0.1140402 Cc1cc(C(CNC(=O)c2cccc(S(N)(=O)=O)c2)N(C)C)ccc1Cl 1 O=C(NCCc1ccccc1)c1ccccc1 0.3100000 0.3100 0.2363516 0.2364 0.3333333 0.3333 0.7907543 0.7908 0.0000000 0.0000 1.0000000 395.9120 0.5356898 2.5526 1.0000000 1.0000 0.6666666666666667 1.0 0.462493243193887 []
 | 32.1022 35.0578 24.9506 0.4688156 Cc1ccc(NCCNC(=O)Nc2ccc(F)c(Br)c2)cc1C 1 O=C(NCCNc1ccccc1)Nc1ccccc1 0.2300000 0.2300 0.1761661 0.1762 0.6666667 0.6667 0.8440374 0.8440 1.0000000 1.0000 1.0000000 380.2610 0.5230045 1.9998 1.0000000 1.0000 0.33333333333333337 1.0 0.4208325082500163 []
 | 25.2148 31.3697 30.3983 0.4825623 COCCCNC(=O)N[C@@H](C(=O)Nc1ccccc1OC)c1ccccc1 1 O=C(Cc1ccccc1)Nc1ccccc1 0.2700000 0.2700 0.3285514 0.3286 0.3333333 0.3333 0.7091283 0.7091 1.0000000 1.0000 1.0000000 371.4370 0.5317292 2.3798 1.0000000 1.0000 0.6666666666666667 1.0 0.4439594576084622 []
 | 27.1979 27.1720 -22.8581 0.0337023 CCCOc1nnc(Cc2ccccc2)c(=O)[nH]1 1 O=c1[nH]cnnc1Cc1ccccc1 0.2400000 0.2400 0.4124790 0.4125 0.0000000 0.0000 0.5875210 0.5875 1.0000000 1.0000 1.0000000 245.2820 0.5338452 2.4721 1.0000000 1.0000 1.0 1.0 0.4270831300812524 []
 | 29.9439 37.1156 16.9349 0.4222698 Cc1cc(-c2ccc3ccccc3c2)ccc1NC(=S)NCc1ccccn1 1 S=C(NCc1ccccn1)Nc1ccc(-c2ccc3ccccc3c2)cc1 0.2050000 0.2050 0.2045983 0.2046 0.3333333 0.3333 0.8039428 0.8039 1.0000000 1.0000 1.0000000 383.5200 0.5235921 2.0254 1.0000000 1.0000 0.6666666666666667 1.0 0.40370162248868907 []
 | 24.3107 25.9597 27.7703 0.4197651 C[C@@H]1CCCCN1C(=O)Nc1ccc2c(c1)OCCCO2 1 O=C(Nc1ccc2c(c1)OCCCO2)N1CCCCC1 0.1750000 0.1750 0.2300219 0.2300 0.3333333 0.3333 0.8027973 0.8028 1.0000000 1.0000 1.0000000 290.3630 0.5351056 2.5271 1.0000000 1.0000 0.6666666666666667 1.0 0.3799671038392666 []
 | 31.6885 35.3972 21.5599 0.4449769 CCN(CC)S(=O)(=O)c1cccc(C(=O)Nc2ccccc2NS(=O)(=O)c2cccc(Cl)c2)c1 1 O=C(Nc1ccccc1NS(=O)(=O)c1ccccc1)c1ccccc1 0.2550000 0.2550 0.2173254 0.2173 0.3333333 0.3333 0.7886299 0.7886 1.0000000 1.0000 1.0000000 522.0480 0.5271437 2.1800 1.0000000 1.0000 0.6666666666666667 1.0 0.43586121644395015 []
 | 31.6895 33.0533 -16.5086 0.1292559 COc1cc(CC(=O)NCC(O)c2ccccc2Br)ccc1C 1 O=C(Cc1ccccc1)NCCc1ccccc1 0.2600000 0.2600 0.3285514 0.3286 0.6666667 0.6667 0.7091283 0.7091 0.0000000 0.0000 1.0000000 378.2660 0.5332744 2.4472 1.0000000 1.0000 0.33333333333333337 1.0 0.43863424398922624 []
20:48:47 <INFO> Sampled SMILES C1(CNCCN1Cc1cc(oc2cc(ccc21)=O)=O)C failed to sanitize.
20:48:47 <INFO> Sampled SMILES c1(cc2n(c(C(F)(F)F)cc(C(OCC)=O)c2c1)C(C)C)=O failed to sanitize.
20:48:47 <INFO> Sampled SMILES C1CCCN(C(/C=C\C[N+](CC(N)N)(=O)=O)=O)C1 failed to sanitize.
20:48:51 <INFO> Score: 0.33 Agent NLL: 29.70 Valid:  95% Step: 38
 | Agent Prior Target Score SMILES SMILES_state Scaffold predicted_activity predicted_activity (raw) training_similarity training_similarity (raw) taf_consistency taf_consistency (raw) novelty novelty (raw) stereo_validity stereo_validity (raw) MW_window MW_window (raw) synthetic_feasibility synthetic_feasibility (raw) curated alerts filter curated alerts filter (raw) taf_disrupted (predicted_activity) scaffold_novelty (predicted_activity) uncertainty (predicted_activity) matchting_patterns (curated alerts filter)
 | 24.2230 28.8676 34.8420 0.4977315 Cc1cccc(NC(=O)c2ccc(NC(=O)NCc3ccccc3)cc2)c1C 1 O=C(NCc1ccccc1)Nc1ccc(C(=O)Nc2ccccc2)cc1 0.3300000 0.3300 0.3297751 0.3298 0.3333333 0.3333 0.6702249 0.6702 1.0000000 1.0000 1.0000000 373.4560 0.5157735 1.6853 1.0000000 1.0000 0.6666666666666667 1.0 0.4702127178203499 []
 | 19.8748 24.3369 38.5463 0.4912750 O=C(NCc1cccnc1)Nc1ccc(OCc2ccccc2)cc1 1 O=C(NCc1cccnc1)Nc1ccc(OCc2ccccc2)cc1 0.2550000 0.2550 0.4235588 0.4236 0.3333333 0.3333 0.5941230 0.5941 1.0000000 1.0000 1.0000000 333.3910 0.5156869 1.6815 1.0000000 1.0000 0.6666666666666667 1.0 0.43586121644395015 []
 | 29.9546 27.8384 -27.8384 0.0000000 Cc1cc(F)c(C(NN)c2ccccc2Br)cc1F 1 c1ccc(Cc2ccccc2)cc1 0.0000000 0.0000 0.0000000 0.0000 0.0000000 0.0000 0.0000000 0.0000 0.0000000 0.0000 0.0000000 0.0000 0.0000000 0.0000 0.0000000 0.0000 None None None ['[#7;!n][#7;!n]']
 | 27.1601 30.7323 28.5037 0.4627808 Cc1cc(C)c(C(=O)NC(=S)Nc2ccc(NC(=O)c3ccccc3)cc2)cc1C 1 O=C(NC(=S)Nc1ccc(NC(=O)c2ccccc2)cc1)c1ccccc1 0.2900000 0.2900 0.2400213 0.2400 0.3333333 0.3333 0.7599787 0.7600 1.0000000 1.0000 1.0000000 417.5340 0.5214358 1.9315 1.0000000 1.0000 0.6666666666666667 1.0 0.4537620521815371 []
 | 22.5598 25.2135 -21.5948 0.0282714 COc1ccccc1C=Nc1ccc(N=Nc2ccccc2)cc1 1 C(=Nc1ccc(N=Nc2ccccc2)cc1)c1ccccc1 0.1450000 0.1450 0.2373222 0.2373 0.0000000 0.0000 0.7898949 0.7899 1.0000000 1.0000 1.0000000 315.3760 0.5284753 2.2380 1.0000000 1.0000 1.0 1.0 0.352100837829165 []
 | 31.8706 32.4868 -32.4868 0.0000000 COc1cc(OC)c(/C(C)=N/NC(=O)Cc2ccccc2)cc1Br 1 O=C(Cc1ccccc1)NN=Cc1ccccc1 0.0000000 0.0000 0.0000000 0.0000 0.0000000 0.0000 0.0000000 0.0000 0.0000000 0.0000 0.0000000 0.0000 0.0000000 0.0000 0.0000000 0.0000 None None None ['[#7;!n][#7;!n]']
 | 27.1965 31.4965 35.5534 0.5238276 Cc1cc(Br)ccc1C(=O)NC1CCN(S(=O)(=O)Cc2ccccc2)CC1 1 O=C(NC1CCN(S(=O)(=O)Cc2ccccc2)CC1)c1ccccc1 0.2600000 0.2600 0.3053124 0.3053 0.6666667 0.6667 0.6946876 0.6947 1.0000000 1.0000 1.0000000 451.3860 0.5249044 2.0825 1.0000000 1.0000 0.33333333333333337 1.0 0.43863424398922624 []
 | 23.2661 26.8801 36.8710 0.4980560 O=C(NCCNC(=O)c1ccco1)NCc1ccccc1F 1 O=C(NCCNC(=O)c1ccco1)NCc1ccccc1 0.3400000 0.3400 0.3158989 0.3159 0.3333333 0.3333 0.6841011 0.6841 1.0000000 1.0000 1.0000000 305.3090 0.5222911 1.9687 1.0000000 1.0000 0.6666666666666667 1.0 0.4737087712930804 []
 | 28.8017 34.1087 26.4149 0.4728403 CCOc1ccc(-c2ccc(C[C@H](NC(C)=O)C(=O)Nc3ccc(CO)cc3)cc2)cc1 1 O=C(CCc1ccc(-c2ccccc2)cc1)Nc1ccccc1 0.2600000 0.2600 0.3023716 0.3024 0.3333333 0.3333 0.7304213 0.7304 1.0000000 1.0000 1.0000000 432.5200 0.5318909 2.3869 1.0000000 1.0000 0.6666666666666667 1.0 0.4386342439892262 []
 | 42.0922 43.8793 -39.8624 0.0313821 CCc1ccccc1N=c1oc2ccc(C)cc2cc1C(=O)N(C)[C@@H](C)COC 1 c1ccc(N=c2ccc3ccccc3o2)cc1 0.2200000 0.2200 0.2729604 0.2730 0.0000000 0.0000 0.7401494 0.7401 1.0000000 1.0000 1.0000000 392.4990 0.5484490 3.1107 1.0000000 1.0000 1.0 1.0 0.41424630354415964 []
20:48:51 <INFO> Sampled SMILES C(=C)CN1C(S/C(=c2/ccc(n2[C@H]2CCS(=O)(C2)=O)N)C1=O)=S failed to sanitize.
20:48:55 <INFO> Score: 0.39 Agent NLL: 29.68 Valid:  98% Step: 39
 | Agent Prior Target Score SMILES SMILES_state Scaffold predicted_activity predicted_activity (raw) training_similarity training_similarity (raw) taf_consistency taf_consistency (raw) novelty novelty (raw) stereo_validity stereo_validity (raw) MW_window MW_window (raw) synthetic_feasibility synthetic_feasibility (raw) curated alerts filter curated alerts filter (raw) taf_disrupted (predicted_activity) scaffold_novelty (predicted_activity) uncertainty (predicted_activity) matchting_patterns (curated alerts filter)
 | 26.5045 30.7418 28.4071 0.4621009 CCc1nc(NCc2ccc(Br)cc2)cc(NC2CCCCC2)n1 1 c1ccc(CNc2cc(NC3CCCCC3)ncn2)cc1 0.1800000 0.1800 0.2070197 0.2070 0.6666667 0.6667 0.8477961 0.8478 1.0000000 1.0000 1.0000000 389.3410 0.5298458 2.2977 1.0000000 1.0000 0.33333333333333337 1.0 0.38418745424597095 []
 | 29.7848 31.4220 24.8167 0.4393653 Cc1cnc(NC(=O)CN(c2ccc(Cl)cc2C)S(=O)(=O)c2ccccc2)c(C)c1 1 O=C(CN(c1ccccc1)S(=O)(=O)c1ccccc1)Nc1ccccn1 0.2250000 0.2250 0.2326252 0.2326 0.3333333 0.3333 0.7720196 0.7720 1.0000000 1.0000 1.0000000 443.9560 0.5290229 2.2619 1.0000000 1.0000 0.6666666666666667 1.0 0.4175823272122517 []
 | 39.6517 44.1494 19.6499 0.4984324 CCCCCOC1C[C@@H](C(=O)N[C@H](CO)c2ccccc2)N(C(=O)[C@@H](NC(=O)OCC)C(C)(C)C)C1 1 O=C(NCc1ccccc1)C1CCCN1 0.1900000 0.1900 0.3591906 0.3592 0.6666667 0.6667 0.6685437 0.6685 0.7500000 0.7500 1.0000000 505.6560 0.5540078 3.6453 1.0000000 1.0000 0.33333333333333337 1.0 0.39230090491866065 []
 | 25.8775 27.8604 30.9596 0.4595311 CC(C)Oc1cccc(NC(=O)c2cnc(NCCN(C)C)nc2)c1 1 O=C(Nc1ccccc1)c1cncnc1 0.2500000 0.2500 0.2712125 0.2712 0.3333333 0.3333 0.7362194 0.7362 1.0000000 1.0000 1.0000000 343.4310 0.5271847 2.1818 1.0000000 1.0000 0.6666666666666667 1.0 0.4330127018922193 []
 | 28.5208 33.6218 -19.6573 0.1090972 O=C1NC2(CCNCC2)C(=O)N1CC1CCCCN1S(=O)(=O)c1ccccc1 1 O=C1NC2(CCNCC2)C(=O)N1CC1CCCCN1S(=O)(=O)c1ccccc1 0.2150000 0.2150 0.2705009 0.2705 0.3333333 0.3333 0.7627105 0.7627 0.0000000 0.0000 1.0000000 406.5080 0.5560113 3.4428 1.0000000 1.0000 0.6666666666666667 1.0 0.41082234603292944 []
 | 28.2669 30.1292 24.7803 0.4289804 CCCCCO[C@@H](C)c1noc(CN)n1 1 c1ncon1 0.1500000 0.1500 0.3188741 0.3189 0.3333333 0.3333 0.6968305 0.6968 1.0000000 1.0000 1.0000000 213.2810 0.5472629 3.0587 1.0000000 1.0000 0.6666666666666667 1.0 0.3570714214271425 []
 | 26.7725 29.2226 32.7378 0.4840658 C=CCOC(=O)Nc1cccc(CN2CCN(Cc3ccccc3)CC2)c1 1 c1ccc(CN2CCN(Cc3ccccc3)CC2)cc1 0.1700000 0.1700 0.3096116 0.3096 0.6666667 0.6667 0.6991527 0.6992 1.0000000 1.0000 1.0000000 365.4770 0.5219724 1.9549 1.0000000 1.0000 0.33333333333333337 1.0 0.375632799419859 []
 | 24.5253 26.3357 33.4896 0.4673850 CCNC(=O)N1CCC[C@H](C(=O)NCCc2ccccc2)C1 1 O=C(NCCc1ccccc1)C1CCCNC1 0.2350000 0.2350 0.3218603 0.3219 0.3333333 0.3333 0.7025911 0.7026 1.0000000 1.0000 1.0000000 303.4060 0.5294662 2.2812 1.0000000 1.0000 0.6666666666666667 1.0 0.4239988207530771 []
 | 37.7161 39.3748 24.8125 0.5014628 CC(C)(C)OC(=O)N1CCCC[C@@H]1Cc1c(C(N)=O)ncc2ccccc12 1 c1ccc2c(CC3CCCCN3)cncc2c1 0.2100000 0.2100 0.2840043 0.2840 0.6666667 0.6667 0.7539095 0.7539 1.0000000 1.0000 1.0000000 369.4650 0.5442786 2.9280 1.0000000 1.0000 0.33333333333333337 1.0 0.4073082370883261 []
 | 25.3581 27.7708 30.4566 0.4549016 O[C@]1(CNCc2ccc3c(c2)OCO3)CCN(Cc2ccccc2)C1 1 c1ccc(CN2CCC(CNCc3ccc4c(c3)OCO4)C2)cc1 0.2200000 0.2200 0.2891746 0.2892 0.3333333 0.3333 0.7362194 0.7362 1.0000000 1.0000 1.0000000 340.4230 0.5389674 2.6958 1.0000000 1.0000 0.6666666666666667 1.0 0.4142463035441596 []
20:48:55 <INFO> Sampled SMILES B12c3c(Oc4c2ccc2c(-c5c6c7ccc(cc7oc6N(c6ccc(cc6)C)c6ccccc65)cc5c(C)ccc25)cccc4)cccc3N(c2ccccc2)c2ccccc21 failed to sanitize.
20:48:58 <INFO> Score: 0.31 Agent NLL: 29.28 Valid:  98% Step: 40
 | Agent Prior Target Score SMILES SMILES_state Scaffold predicted_activity predicted_activity (raw) training_similarity training_similarity (raw) taf_consistency taf_consistency (raw) novelty novelty (raw) stereo_validity stereo_validity (raw) MW_window MW_window (raw) synthetic_feasibility synthetic_feasibility (raw) curated alerts filter curated alerts filter (raw) taf_disrupted (predicted_activity) scaffold_novelty (predicted_activity) uncertainty (predicted_activity) matchting_patterns (curated alerts filter)
 | 33.3338 35.7864 18.4116 0.4234219 COc1ccccc1N(CCC(=O)NC1CCCCC1)C(=O)Nc1cccc2ccccc12 1 O=C(CCN(C(=O)Nc1cccc2ccccc12)c1ccccc1)NC1CCCCC1 0.1550000 0.1550 0.2779693 0.2780 0.3333333 0.3333 0.7762813 0.7763 1.0000000 1.0000 1.0000000 445.5630 0.5286410 2.2452 1.0000000 1.0000 0.6666666666666667 1.0 0.36190468358395134 []
 | 25.9885 29.4409 19.6694 0.3836740 Cc1ccc2ncc(N)c(Nc3ccc(Cl)cc3Cl)c2c1 1 c1ccc(Nc2ccnc3ccccc23)cc1 0.1950000 0.1950 0.1234662 0.1235 0.3333333 0.3333 0.8960249 0.8960 1.0000000 1.0000 1.0000000 318.2070 0.5261600 2.1372 1.0000000 1.0000 0.6666666666666667 1.0 0.3962007067131506 []
 | 23.2975 26.7161 34.2063 0.4759562 O=C(/C=C/c1ccc(Cl)cc1)Nc1ccc(C(=O)NCCc2ccccc2)cc1 1 O=C(C=Cc1ccccc1)Nc1ccc(C(=O)NCCc2ccccc2)cc1 0.2850000 0.2850 0.2940858 0.2941 0.3333333 0.3333 0.7059142 0.7059 1.0000000 1.0000 1.0000000 404.8970 0.5184424 1.8013 1.0000000 1.0000 0.6666666666666667 1.0 0.4514144437210666 []
 | 29.6132 36.2561 19.8993 0.4387137 CCCCNCc1ccc(-c2ccccc2)n(Cc2ccccc2F)c1=O 1 O=c1cccc(-c2ccccc2)n1Cc1ccccc1 0.1900000 0.1900 0.2771739 0.2772 0.3333333 0.3333 0.7549285 0.7549 1.0000000 1.0000 1.0000000 364.4640 0.5262125 2.1394 1.0000000 1.0000 0.6666666666666667 1.0 0.39230090491866065 []
 | 23.6344 26.0586 -25.6865 0.0029077 CCCCCCC/C=C\C/C=C\CCCCCCCCOCC(COC(=O)CCCCCCC/C=C\CCCCCCCC)OC(C)=O 1  0.1250000 0.1250 0.3093235 0.3093 0.3333333 0.3333 0.7304181 0.7304 0.0000000 0.0000 0.0000000 675.0920 0.5572318 3.5035 1.0000000 1.0000 0.6666666666666667 1.0 0.33071891388307384 []
 | 26.1171 30.9438 30.3034 0.4784939 CC(=O)Nc1cccc(S(=O)(=O)N[C@H](Cc2ccccc2)C(=O)NC2CCCCC2)c1 1 O=C(NC1CCCCC1)C(Cc1ccccc1)NS(=O)(=O)c1ccccc1 0.2700000 0.2700 0.3142093 0.3142 0.3333333 0.3333 0.7064348 0.7064 1.0000000 1.0000 1.0000000 443.5690 0.5344054 2.4966 1.0000000 1.0000 0.6666666666666667 1.0 0.4439594576084623 []
 | 31.3443 33.6610 22.4702 0.4385246 CCOC(=O)[C@@H]1CCCN(C(=O)c2cc(-c3ccccc3)nc3c2cnn3C)C1 1 O=C(c1cc(-c2ccccc2)nc2[nH]ncc12)N1CCCCC1 0.2000000 0.2000 0.2580971 0.2581 0.3333333 0.3333 0.7645678 0.7646 1.0000000 1.0000 1.0000000 392.4590 0.5383803 2.6701 1.0000000 1.0000 0.6666666666666667 1.0 0.4000000000000001 []
 | 27.8269 30.5490 27.2219 0.4513353 COc1cc(C(=O)NCC(=O)Nc2ccc(NS(C)(=O)=O)cc2)cc(OC)c1OC 1 O=C(CNC(=O)c1ccccc1)Nc1ccccc1 0.2100000 0.2100 0.2831827 0.2832 0.3333333 0.3333 0.7994351 0.7994 1.0000000 1.0000 1.0000000 437.4740 0.5233974 2.0169 1.0000000 1.0000 0.6666666666666667 1.0 0.40730823708832603 []
 | 36.2751 37.4495 19.3616 0.4438368 Cc1ccc(NC(=O)c2ccc(F)c(F)c2)cc1-c1ncnc2ncccc12 1 O=C(Nc1cccc(-c2ncnc3ncccc23)c1)c1ccccc1 0.2550000 0.2550 0.2135407 0.2135 0.3333333 0.3333 0.7928158 0.7928 1.0000000 1.0000 1.0000000 376.3660 0.5288133 2.2527 1.0000000 1.0000 0.6666666666666667 1.0 0.43586121644395015 []
 | 26.8314 29.9533 30.2209 0.4701109 COc1ccc(S(=O)(=O)Nc2cccc(S(=O)(=O)N(C)C)c2)cc1Br 1 O=S(=O)(Nc1ccccc1)c1ccccc1 0.1800000 0.1800 0.2292273 0.2292 0.6666667 0.6667 0.8363366 0.8363 1.0000000 1.0000 1.0000000 449.3480 0.5238059 2.0347 1.0000000 1.0000 0.33333333333333337 1.0 0.38418745424597095 []
20:49:02 <INFO> Score: 0.36 Agent NLL: 30.07 Valid: 100% Step: 41
 | Agent Prior Target Score SMILES SMILES_state Scaffold predicted_activity predicted_activity (raw) training_similarity training_similarity (raw) taf_consistency taf_consistency (raw) novelty novelty (raw) stereo_validity stereo_validity (raw) MW_window MW_window (raw) synthetic_feasibility synthetic_feasibility (raw) curated alerts filter curated alerts filter (raw) taf_disrupted (predicted_activity) scaffold_novelty (predicted_activity) uncertainty (predicted_activity) matchting_patterns (curated alerts filter)
 | 37.5643 40.0179 -39.9097 0.0008450 c1ccc(-c2cc(-c3cccc(-c4cc5c(ccc6oc7ccc8ccccc8c7c65)c5ccccc45)c3)nc(-c3ccccc3)n2)cc1 1 c1ccc(-c2cc(-c3cccc(-c4cc5c(ccc6oc7ccc8ccccc8c7c65)c5ccccc45)c3)nc(-c3ccccc3)n2)cc1 0.2200000 0.2200 0.1797237 0.1797 0.0000000 0.0000 0.8202763 0.8203 1.0000000 1.0000 0.0000000 624.7430 0.5384976 2.6752 1.0000000 1.0000 1.0 1.0 0.41424630354415964 []
 | 24.0512 28.5227 35.1571 0.4974989 Oc1ccc(NCc2cc(F)ccc2Br)c2ccccc12 1 c1ccc(CNc2cccc3ccccc23)cc1 0.2650000 0.2650 0.2162162 0.2162 0.6666667 0.6667 0.7837838 0.7838 1.0000000 1.0000 1.0000000 346.1990 0.5223001 1.9691 1.0000000 1.0000 0.33333333333333337 1.0 0.4413332074521472 []
 | 24.2430 29.1965 33.6499 0.4909872 Cc1cccc(NC(=O)N[C@H]2CC(=O)N(c3ccc(Br)cc3)C2)c1 1 O=C(Nc1ccccc1)NC1CC(=O)N(c2ccccc2)C1 0.2150000 0.2150 0.2501564 0.2502 0.6666667 0.6667 0.7603194 0.7603 1.0000000 1.0000 1.0000000 388.2650 0.5328191 2.4274 1.0000000 1.0000 0.33333333333333337 1.0 0.41082234603292944 []
 | 24.1057 28.7000 43.9504 0.5675810 O=C(CNC(=O)c1ccccc1)OCc1ccc(Br)cc1Cl 1 O=C(CNC(=O)c1ccccc1)OCc1ccccc1 0.2850000 0.2850 0.3080977 0.3081 1.0000000 1.0000 0.6919023 0.6919 1.0000000 1.0000 1.0000000 382.6410 0.5185354 1.8054 1.0000000 1.0000 0.0 1.0 0.4514144437210666 []
 | 21.2834 23.2794 -21.7286 0.0121159 CCNCc1occc1CNC 1 c1ccoc1 0.2000000 0.2000 0.1951800 0.1952 0.3333333 0.3333 0.8298965 0.8299 1.0000000 1.0000 0.0000000 168.2400 0.5349600 2.5208 1.0000000 1.0000 0.6666666666666667 1.0 0.4000000000000001 []
 | 36.3793 36.5852 9.4214 0.3594265 CN(CCN1CCCC1)C(=O)O[C@H]1CCC2C3CCC4=CC(=O)CCC4=C3CC[C@@]21C 1 O=C1C=C2CCC3C(=C2CC1)CCC1C(OC(=O)NCCN2CCCC2)CCC31 0.0900000 0.0900 0.2656845 0.2657 0.3333333 0.3333 0.7782186 0.7782 0.5000000 0.5000 1.0000000 426.6010 0.5423051 4.1583 1.0000000 1.0000 0.6666666666666667 1.0 0.2861817604250837 []
 | 27.1776 28.1448 -14.7594 0.1045737 COc1ccc(CCNC(=O)C2CCCN(S(=O)(=O)c3ccc4ccccc4c3)C2)cc1 1 O=C(NCCc1ccccc1)C1CCCN(S(=O)(=O)c2ccc3ccccc3c2)C1 0.1750000 0.1750 0.2729604 0.2730 0.3333333 0.3333 0.7583439 0.7583 0.0000000 0.0000 1.0000000 452.5760 0.5336357 2.4630 1.0000000 1.0000 0.6666666666666667 1.0 0.3799671038392666 []
 | 29.4988 38.3991 22.0536 0.4722869 Cc1cc(N2CCCCC2)ccc1NC(=O)[C@H](Cc1cccc(Cl)c1)NC(=O)c1ccccc1 1 O=C(NC(Cc1ccccc1)C(=O)Nc1ccc(N2CCCCC2)cc1)c1ccccc1 0.2800000 0.2800 0.2806264 0.2806 0.3333333 0.3333 0.7193736 0.7194 1.0000000 1.0000 1.0000000 476.0200 0.5340817 2.4824 1.0000000 1.0000 0.6666666666666667 1.0 0.44899888641287294 []
 | 24.4221 28.8855 26.5533 0.4331155 Cn1nccc1CNc1cccc(Nc2ccccc2)c1 1 c1ccc(Nc2cccc(NCc3ccn[nH]3)c2)cc1 0.2050000 0.2050 0.2375836 0.2376 0.3333333 0.3333 0.7776920 0.7777 1.0000000 1.0000 1.0000000 278.3590 0.5225456 1.9798 1.0000000 1.0000 0.6666666666666667 1.0 0.40370162248868907 []
 | 30.6779 35.8066 21.1280 0.4448016 COc1ccc(CNC(=O)c2cccc3nc(NC[C@@H]4CCCO4)nn23)cc1 1 O=C(NCc1ccccc1)c1cccc2nc(NCC3CCCO3)nn12 0.1800000 0.1800 0.3116511 0.3117 0.3333333 0.3333 0.7453142 0.7453 1.0000000 1.0000 1.0000000 381.4360 0.5421280 2.8339 1.0000000 1.0000 0.6666666666666667 1.0 0.38418745424597095 []
20:49:02 <INFO> Sampled SMILES c12c(c(cn(c2cc(cc1)CC)CC(NCc1occc1)=O)=O)C(=O)N[C@H](CC)C failed to sanitize.
20:49:06 <INFO> Score: 0.31 Agent NLL: 29.71 Valid:  98% Step: 42
 | Agent Prior Target Score SMILES SMILES_state Scaffold predicted_activity predicted_activity (raw) training_similarity training_similarity (raw) taf_consistency taf_consistency (raw) novelty novelty (raw) stereo_validity stereo_validity (raw) MW_window MW_window (raw) synthetic_feasibility synthetic_feasibility (raw) curated alerts filter curated alerts filter (raw) taf_disrupted (predicted_activity) scaffold_novelty (predicted_activity) uncertainty (predicted_activity) matchting_patterns (curated alerts filter)
 | 23.8814 28.0190 36.7358 0.5058965 NCc1ccccc1NC(=O)NCc1sccc1Br 1 O=C(NCc1cccs1)Nc1ccccc1 0.2850000 0.2850 0.2170093 0.2170 0.6666667 0.6667 0.7920499 0.7920 1.0000000 1.0000 1.0000000 340.2460 0.5279448 2.2149 1.0000000 1.0000 0.33333333333333337 1.0 0.4514144437210666 []
 | 27.2961 32.8252 27.1347 0.4684368 COc1cncc(-c2cc(NC(=O)Cc3ccccc3)on2)c1 1 O=C(Cc1ccccc1)Nc1cc(-c2cccnc2)no1 0.2350000 0.2350 0.3357208 0.3357 0.3333333 0.3333 0.6642792 0.6643 1.0000000 1.0000 1.0000000 309.3250 0.5268922 2.1690 1.0000000 1.0000 0.6666666666666667 1.0 0.4239988207530771 []
 | 25.9051 26.6321 -26.6321 0.0000000 CC(CO)N(C)c1ccc([C@@H](C)N)c(Cl)c1 1 c1ccccc1 0.2750000 0.2750 0.2586033 0.2586 0.3333333 0.3333 0.7562913 0.7563 0.5000000 0.5000 1.0000000 242.7500 0.5518261 3.2589 1.0000000 1.0000 0.6666666666666667 1.0 0.44651427748729383 []
 | 27.5650 30.9804 -30.9804 0.0000000 CCCCc1ccc(NC(=O)CSc2nnc(N/N=C/c3cccc(Br)c3)n2N)cc1 1 O=C(CSc1nnc(NN=Cc2ccccc2)[nH]1)Nc1ccccc1 0.0000000 0.0000 0.0000000 0.0000 0.0000000 0.0000 0.0000000 0.0000 0.0000000 0.0000 0.0000000 0.0000 0.0000000 0.0000 0.0000000 0.0000 None None None ['[#7;!n][#7;!n]']
 | 29.6066 35.4795 28.8387 0.5024853 Cc1cccc(CC(=O)Nc2cccc([C@H](C)NC(=O)c3ccccc3)c2)c1 1 O=C(Cc1ccccc1)Nc1cccc(CNC(=O)c2ccccc2)c1 0.3550000 0.3550 0.3151110 0.3151 0.3333333 0.3333 0.6848890 0.6849 1.0000000 1.0000 1.0000000 372.4680 0.5273179 2.1876 1.0000000 1.0000 0.6666666666666667 1.0 0.478513322698543 []
 | 25.6852 26.7552 32.7366 0.4647796 NC1(C(=O)Nc2ccccc2CN2CCOCC2)CCCCC1 1 O=C(Nc1ccccc1CN1CCOCC1)C1CCCCC1 0.2400000 0.2400 0.3023256 0.3023 0.3333333 0.3333 0.7215770 0.7216 1.0000000 1.0000 1.0000000 317.4330 0.5285770 2.2424 1.0000000 1.0000 0.6666666666666667 1.0 0.4270831300812525 []
 | 31.2841 31.6608 -17.4300 0.1111782 CC(C(=O)NCc1ccccc1)N1CCCC(CN2CCCCCC2)C1 1 O=C(CN1CCCC(CN2CCCCCC2)C1)NCc1ccccc1 0.2200000 0.2200 0.3117407 0.3117 0.3333333 0.3333 0.6882593 0.6883 0.0000000 0.0000 1.0000000 357.5420 0.5392781 2.7093 1.0000000 1.0000 0.6666666666666667 1.0 0.4142463035441596 []
 | 28.5881 30.5692 -26.6211 0.0308451 C=CCN(Cc1nc2ccccc2c(=O)[nH]1)C(=O)c1ccc([N+](=O)[O-])o1 1 O=C(NCc1nc2ccccc2c(=O)[nH]1)c1ccco1 0.1850000 0.1850 0.3103458 0.3103 0.0000000 0.0000 0.6896542 0.6897 1.0000000 1.0000 1.0000000 354.3220 0.5381056 2.6581 1.0000000 1.0000 1.0 1.0 0.38829756630707846 []
 | 33.3363 38.7594 17.2040 0.4372143 CC=COc1ccc(NCCCNC(=O)c2ccc(Cl)cc2)cc1 1 O=C(NCCCNc1ccccc1)c1ccccc1 0.1950000 0.1950 0.2577696 0.2578 0.3333333 0.3333 0.7994351 0.7994 1.0000000 1.0000 1.0000000 344.8420 0.5263805 2.1468 1.0000000 1.0000 0.6666666666666667 1.0 0.39620070671315055 []
 | 27.1477 27.3927 -13.6679 0.1072248 CNC(c1c(F)cc(F)cc1OC)c1ccnn1C 1 c1ccc(Cc2ccn[nH]2)cc1 0.2200000 0.2200 0.2348881 0.2349 0.3333333 0.3333 0.8180437 0.8180 0.0000000 0.0000 1.0000000 267.2790 0.5484315 3.1100 1.0000000 1.0000 0.6666666666666667 1.0 0.4142463035441596 []
20:49:09 <INFO> Score: 0.35 Agent NLL: 29.11 Valid: 100% Step: 43
 | Agent Prior Target Score SMILES SMILES_state Scaffold predicted_activity predicted_activity (raw) training_similarity training_similarity (raw) taf_consistency taf_consistency (raw) novelty novelty (raw) stereo_validity stereo_validity (raw) MW_window MW_window (raw) synthetic_feasibility synthetic_feasibility (raw) curated alerts filter curated alerts filter (raw) taf_disrupted (predicted_activity) scaffold_novelty (predicted_activity) uncertainty (predicted_activity) matchting_patterns (curated alerts filter)
 | 32.0108 32.8385 17.2922 0.3916463 COc1ccc(CNc2nc(Nc3ccccc3C)nc(N3CCCCC3)n2)c(OC)c1 1 c1ccc(CNc2nc(Nc3ccccc3)nc(N3CCCCC3)n2)cc1 0.1350000 0.1350 0.2040577 0.2041 0.3333333 0.3333 0.8419264 0.8419 1.0000000 1.0000 1.0000000 434.5440 0.5297173 2.2921 1.0000000 1.0000 0.6666666666666667 1.0 0.34172357249683555 []
 | 28.9818 33.2454 18.7825 0.4064682 CSCC[C@H](NCC(C)(F)F)C(=O)N1CCOCC1 1 C1COCCN1 0.1650000 0.1650 0.2046469 0.2046 0.3333333 0.3333 0.7953531 0.7954 1.0000000 1.0000 1.0000000 296.3830 0.5492020 3.1438 1.0000000 1.0000 0.6666666666666667 1.0 0.37118054905934933 []
 | 26.7370 32.4099 24.2852 0.4429311 COc1cccc(Oc2ccccc2)c1CNC(=O)NCc1ccccc1Cl 1 O=C(NCc1ccccc1)NCc1ccccc1Oc1ccccc1 0.1950000 0.1950 0.2865341 0.2865 0.3333333 0.3333 0.7463269 0.7463 1.0000000 1.0000 1.0000000 396.8740 0.5223230 1.9701 1.0000000 1.0000 0.6666666666666667 1.0 0.3962007067131506 []
 | 27.8380 30.9411 -26.8703 0.0318034 COCCCN(CCCCN1C(=O)c2ccccc2C1=O)C(C)=O 1 O=C1NC(=O)c2ccccc21 0.2050000 0.2050 0.3270856 0.3271 0.0000000 0.0000 0.7104260 0.7104 1.0000000 1.0000 1.0000000 332.4000 0.5264803 2.1511 1.0000000 1.0000 1.0 1.0 0.403701622488689 []
 | 31.7922 34.2751 -34.2751 0.0000000 Cc1ccc(Oc2ccc(/C=N\N=C(N)SCc3ccccc3)cc2)c([N+](=O)[O-])c1 1 C(=NN=Cc1ccc(Oc2ccccc2)cc1)SCc1ccccc1 0.0000000 0.0000 0.0000000 0.0000 0.0000000 0.0000 0.0000000 0.0000 0.0000000 0.0000 0.0000000 0.0000 0.0000000 0.0000 0.0000000 0.0000 None None None ['[#7;!n][#7;!n]']
 | 24.7699 27.9656 31.1156 0.4615718 O=C(NCCNc1ncccc1[N+](=O)[O-])NCc1ccc(Cl)cc1 1 O=C(NCCNc1ccccn1)NCc1ccccc1 0.2500000 0.2500 0.2698162 0.2698 0.3333333 0.3333 0.7818462 0.7818 1.0000000 1.0000 1.0000000 349.7780 0.5252242 2.0964 1.0000000 1.0000 0.6666666666666667 1.0 0.4330127018922193 []
 | 29.7096 30.0895 -16.6006 0.1053816 CC(Oc1ccc(Br)cc1)Oc1ccccc1C#N 1 c1ccc(OCOc2ccccc2)cc1 0.2350000 0.2350 0.2059715 0.2060 0.3333333 0.3333 0.7996727 0.7997 0.0000000 0.0000 1.0000000 318.1700 0.5339327 2.4759 1.0000000 1.0000 0.6666666666666667 1.0 0.4239988207530771 []
 | 30.6240 32.7365 -28.7282 0.0313147 CCCn1c2c(c(=O)[nH]c1=O)CN(C(=O)c1ccc3ccccc3c1)CC2 1 O=C(c1ccc2ccccc2c1)N1CCc2[nH]c(=O)[nH]c(=O)c2C1 0.2200000 0.2200 0.2776029 0.2776 0.0000000 0.0000 0.7237544 0.7238 1.0000000 1.0000 1.0000000 363.4170 0.5302757 2.3165 1.0000000 1.0000 1.0 1.0 0.41424630354415964 []
 | 27.5146 25.6265 -9.4250 0.1265747 CC(CO)C(C)NCc1cc(F)cc(Br)c1 1 c1ccccc1 0.2800000 0.2800 0.2586033 0.2586 0.6666667 0.6667 0.7710545 0.7711 0.0000000 0.0000 1.0000000 290.1760 0.5488888 3.1300 1.0000000 1.0000 0.33333333333333337 1.0 0.44899888641287294 []
 | 30.9149 36.3806 -32.7388 0.0284522 COc1ccc(Cl)cc1S(=O)(=O)N(C)Cc1cc(C)cc(C)c1C 1 O=S(=O)(NCc1ccccc1)c1ccccc1 0.1500000 0.1500 0.2292273 0.2292 0.0000000 0.0000 0.8477961 0.8478 1.0000000 1.0000 1.0000000 367.8980 0.5269890 2.1733 1.0000000 1.0000 1.0 1.0 0.3570714214271425 []
20:49:10 <INFO> Sampled SMILES c1cc(cc(Nc2ccc(NC(=O)c3c(NC(=O)c4cccc(c4)C)sc3)cc2)c1)Cl failed to sanitize.
20:49:13 <INFO> Score: 0.36 Agent NLL: 29.39 Valid:  98% Step: 44
 | Agent Prior Target Score SMILES SMILES_state Scaffold predicted_activity predicted_activity (raw) training_similarity training_similarity (raw) taf_consistency taf_consistency (raw) novelty novelty (raw) stereo_validity stereo_validity (raw) MW_window MW_window (raw) synthetic_feasibility synthetic_feasibility (raw) curated alerts filter curated alerts filter (raw) taf_disrupted (predicted_activity) scaffold_novelty (predicted_activity) uncertainty (predicted_activity) matchting_patterns (curated alerts filter)
 | 22.6566 27.3071 -23.5301 0.0295077 COc1cccc(-n2c(C)nnc2SCCOc2ccccc2)c1 1 c1ccc(OCCSc2nncn2-c2ccccc2)cc1 0.1650000 0.1650 0.2650795 0.2651 0.0000000 0.0000 0.7716942 0.7717 1.0000000 1.0000 1.0000000 341.4360 0.5225980 1.9821 1.0000000 1.0000 1.0 1.0 0.37118054905934933 []
 | 26.9438 26.9811 26.0303 0.4141520 CCNc1nc(NC)ccc1S(=O)(=O)N(C)C 1 c1ccncc1 0.2100000 0.2100 0.1739313 0.1739 0.3333333 0.3333 0.8484152 0.8484 1.0000000 1.0000 1.0000000 258.3470 0.5346300 2.5064 1.0000000 1.0000 0.6666666666666667 1.0 0.4073082370883261 []
 | 29.4642 35.5373 23.9542 0.4647769 COCCNc1ccc(OC)cc1C(=O)NCc1ccc(NC(=O)c2ccccc2)cc1 1 O=C(NCc1ccc(NC(=O)c2ccccc2)cc1)c1ccccc1 0.2550000 0.2550 0.2860281 0.2860 0.3333333 0.3333 0.7237544 0.7238 1.0000000 1.0000 1.0000000 433.5080 0.5214923 1.9340 1.0000000 1.0000 0.6666666666666667 1.0 0.43586121644395015 []
 | 25.6907 27.7318 29.7911 0.4493976 Cc1ccc(S(=O)(=O)NC2CCN(C(=O)COc3ccccc3C)CC2)cc1 1 O=C(COc1ccccc1)N1CCC(NS(=O)(=O)c2ccccc2)CC1 0.2150000 0.2150 0.2861466 0.2861 0.3333333 0.3333 0.7152526 0.7153 1.0000000 1.0000 1.0000000 402.5160 0.5226854 1.9859 1.0000000 1.0000 0.6666666666666667 1.0 0.41082234603292944 []
 | 29.3342 32.4826 16.2248 0.3805262 CCCCCN(CC)C(=O)NC1(C(N)=O)CCCCC1 1 C1CCCCC1 0.0900000 0.0900 0.2703690 0.2704 0.3333333 0.3333 0.7937605 0.7938 1.0000000 1.0000 1.0000000 283.4160 0.5337096 2.4662 1.0000000 1.0000 0.6666666666666667 1.0 0.2861817604250837 []
 | 25.6921 26.9533 39.5831 0.5198154 N#Cc1cccc(CN=C(N)NCc2ccco2)c1 1 C(=NCc1ccccc1)NCc1ccco1 0.2850000 0.2850 0.2558140 0.2558 0.6666667 0.6667 0.7492939 0.7493 1.0000000 1.0000 1.0000000 254.2930 0.5325820 2.4170 1.0000000 1.0000 0.33333333333333337 1.0 0.4514144437210666 []
 | 31.5628 38.6143 17.9870 0.4421974 COc1ccc(Cn2nccc2CNC(=O)c2cc(N)ccc2C)cc1 1 O=C(NCc1ccnn1Cc1ccccc1)c1ccccc1 0.1900000 0.1900 0.2860281 0.2860 0.3333333 0.3333 0.7697954 0.7698 1.0000000 1.0000 1.0000000 350.4220 0.5261417 2.1364 1.0000000 1.0000 0.6666666666666667 1.0 0.39230090491866065 []
 | 23.6484 28.2827 33.4420 0.4822245 CC(C)[C@]1(C)NC(=O)N(C[C@@H](O)COc2ccccc2)C1=O 1 O=C1CNC(=O)N1CCCOc1ccccc1 0.2550000 0.2550 0.3594473 0.3594 0.3333333 0.3333 0.6405527 0.6406 1.0000000 1.0000 1.0000000 306.3620 0.5473704 3.0635 1.0000000 1.0000 0.6666666666666667 1.0 0.43586121644395015 []
 | 27.9573 32.4457 -30.7441 0.0132937 O=c1c2ccccc2nc(C2CCCCC2)n1N=Cc1cc(OCc2ccc(Br)cc2)ccc1I 1 O=c1c2ccccc2nc(C2CCCCC2)n1N=Cc1cccc(OCc2ccccc2)c1 0.2100000 0.2100 0.3344927 0.3345 0.3333333 0.3333 0.6686028 0.6686 1.0000000 1.0000 0.0000000 642.3350 0.5381911 2.6619 1.0000000 1.0000 0.6666666666666667 1.0 0.4073082370883261 []
 | 27.2943 29.6574 34.5294 0.5014592 COCC1=C(C(=O)OC)[C@H](c2ccc3ccccc3c2)NC(=O)N1 1 O=C1NC=CC(c2ccc3ccccc3c2)N1 0.1800000 0.1800 0.3448504 0.3449 0.6666667 0.6667 0.7025911 0.7026 1.0000000 1.0000 1.0000000 326.3520 0.5391226 2.7026 1.0000000 1.0000 0.33333333333333337 1.0 0.38418745424597095 []
20:49:13 <INFO> Sampled SMILES N#C[C@@]12[C@@H]([C@]3(C)CCC[C@](C(OC)=O)(C)[C@H]3CC1)CC[C@@H]1C[C@@H](=O)C(=CC[C@@H](C(=O)OC)C)[C@]12C failed to sanitize.
20:49:17 <INFO> Score: 0.36 Agent NLL: 29.30 Valid:  98% Step: 45
 | Agent Prior Target Score SMILES SMILES_state Scaffold predicted_activity predicted_activity (raw) training_similarity training_similarity (raw) taf_consistency taf_consistency (raw) novelty novelty (raw) stereo_validity stereo_validity (raw) MW_window MW_window (raw) synthetic_feasibility synthetic_feasibility (raw) curated alerts filter curated alerts filter (raw) taf_disrupted (predicted_activity) scaffold_novelty (predicted_activity) uncertainty (predicted_activity) matchting_patterns (curated alerts filter)
 | 34.3370 34.9748 28.2202 0.4937113 CC[C@@H](NC(=O)c1oc2ncccc2c(=O)c1C)c1ccccc1 1 O=C(NCc1ccccc1)c1cc(=O)c2cccnc2o1 0.3050000 0.3050 0.3357208 0.3357 0.3333333 0.3333 0.6642792 0.6643 1.0000000 1.0000 1.0000000 322.3640 0.5402657 2.7525 1.0000000 1.0000 0.6666666666666667 1.0 0.460407428263272 []
 | 38.7560 35.9259 -23.1847 0.0995408 CC(CN)Oc1cncc(Nc2ncncc2F)c1 1 c1cncc(Nc2ccncn2)c1 0.1900000 0.1900 0.1825742 0.1826 0.3333333 0.3333 0.8363366 0.8363 0.0000000 0.0000 1.0000000 263.2760 0.5493350 3.1496 1.0000000 1.0000 0.6666666666666667 1.0 0.39230090491866065 []
 | 25.7979 34.0463 30.9709 0.5079463 CCC(=O)Nc1ccc(S(=O)(=O)Nc2ccccc2C(=O)NCc2ccccc2Br)cc1 1 O=C(NCc1ccccc1)c1ccccc1NS(=O)(=O)c1ccccc1 0.2950000 0.2950 0.2151411 0.2151 0.6666667 0.6667 0.7907543 0.7908 1.0000000 1.0000 1.0000000 516.4170 0.5237439 2.0320 1.0000000 1.0000 0.33333333333333337 1.0 0.45604276115294273 []
 | 42.4557 44.0541 -30.8536 0.1031294 CCOc1ccc(CC(=O)N(C)C2CN=CN2)c(C)c1 1 O=C(Cc1ccccc1)NC1CN=CN1 0.1450000 0.1450 0.2993453 0.2993 0.3333333 0.3333 0.7654213 0.7654 0.0000000 0.0000 1.0000000 275.3520 0.5541056 3.3590 1.0000000 1.0000 0.6666666666666667 1.0 0.352100837829165 []
 | 22.3735 26.0461 36.6016 0.4894350 O=C(NCCNC(=O)c1cccnc1Cl)Nc1ccccc1 1 O=C(NCCNC(=O)c1cccnc1)Nc1ccccc1 0.3300000 0.3300 0.2933594 0.2934 0.3333333 0.3333 0.7066406 0.7066 1.0000000 1.0000 1.0000000 318.7640 0.5190340 1.8270 1.0000000 1.0000 0.6666666666666667 1.0 0.4702127178203499 []
 | 33.4471 34.0944 23.2354 0.4478890 CCOc1cc(N)nc(NCCOc2ccc(Br)cc2C)n1 1 c1ccc(OCCNc2ncccn2)cc1 0.1600000 0.1600 0.2015810 0.2016 0.6666667 0.6667 0.8155338 0.8155 1.0000000 1.0000 1.0000000 367.2470 0.5312964 2.3610 1.0000000 1.0000 0.33333333333333337 1.0 0.36660605559646714 []
 | 30.4351 34.3881 -30.4047 0.0311207 CCOc1cc(OCc2ccccn2)ccc1CN1CCC[C@H](C(=O)O)C1 1 c1ccc(COc2ccc(CN3CCCCC3)cc2)nc1 0.1950000 0.1950 0.3029840 0.3030 0.0000000 0.0000 0.7169227 0.7169 1.0000000 1.0000 1.0000000 370.4490 0.5362123 2.5754 1.0000000 1.0000 1.0 1.0 0.3962007067131506 []
 | 33.8870 33.3429 -19.3424 0.1093786 NC1C(=O)NCCN(c2ccc3ccccc3n2)C1=O 1 O=C1CC(=O)N(c2ccc3ccccc3n2)CCN1 0.2600000 0.2600 0.2250703 0.2251 0.3333333 0.3333 0.7894007 0.7894 0.0000000 0.0000 1.0000000 270.2920 0.5450150 2.9603 1.0000000 1.0000 0.6666666666666667 1.0 0.43863424398922624 []
 | 25.1762 31.4546 27.3115 0.4591105 COc1ccc(S(=O)(=O)Nc2ccccc2C(=O)Nc2ccc(NC(=O)c3ccccc3)cc2)cc1 1 O=C(Nc1ccc(NC(=O)c2ccccc2NS(=O)(=O)c2ccccc2)cc1)c1ccccc1 0.2400000 0.2400 0.2799463 0.2799 0.3333333 0.3333 0.7521592 0.7522 1.0000000 1.0000 1.0000000 501.5640 0.5205374 1.8924 1.0000000 1.0000 0.6666666666666667 1.0 0.4270831300812525 []
 | 28.6828 33.4359 29.8281 0.4942498 CSc1cccc(NC(=O)C[C@@H]2CCCN2Cc2ccc(Br)cc2)c1 1 O=C(CC1CCCN1Cc1ccccc1)Nc1ccccc1 0.2350000 0.2350 0.2348948 0.2349 0.6666667 0.6667 0.7697954 0.7698 1.0000000 1.0000 1.0000000 419.3880 0.5352190 2.5321 1.0000000 1.0000 0.33333333333333337 1.0 0.4239988207530771 []
20:49:20 <INFO> Score: 0.35 Agent NLL: 29.49 Valid: 100% Step: 46
 | Agent Prior Target Score SMILES SMILES_state Scaffold predicted_activity predicted_activity (raw) training_similarity training_similarity (raw) taf_consistency taf_consistency (raw) novelty novelty (raw) stereo_validity stereo_validity (raw) MW_window MW_window (raw) synthetic_feasibility synthetic_feasibility (raw) curated alerts filter curated alerts filter (raw) taf_disrupted (predicted_activity) scaffold_novelty (predicted_activity) uncertainty (predicted_activity) matchting_patterns (curated alerts filter)
 | 30.5558 35.1486 20.3078 0.4332528 Clc1ccc(-n2c(Cl)cnc2CNCCOc2ccccc2)cc1 1 c1ccc(OCCNCc2nccn2-c2ccccc2)cc1 0.2000000 0.2000 0.2439024 0.2439 0.3333333 0.3333 0.7689267 0.7689 1.0000000 1.0000 1.0000000 362.2600 0.5286005 2.2435 1.0000000 1.0000 0.6666666666666667 1.0 0.4000000000000001 []
 | 23.3294 27.8937 32.8385 0.4744704 COc1c(Cl)cccc1NCc1cc(Br)ccc1N 1 c1ccc(CNc2ccccc2)cc1 0.1850000 0.1850 0.2348881 0.2349 0.6666667 0.6667 0.8271473 0.8271 1.0000000 1.0000 1.0000000 341.6360 0.5256211 2.1137 1.0000000 1.0000 0.33333333333333337 1.0 0.38829756630707846 []
 | 22.1427 22.5409 -22.5409 0.0000000 C=C(Br)CSc1ccccc1N 1 c1ccccc1 0.2700000 0.2700 0.2353394 0.2353 0.6666667 0.6667 0.7646606 0.7647 1.0000000 1.0000 1.0000000 244.1570 0.5327426 2.4240 1.0000000 1.0000 0.33333333333333337 1.0 0.4439594576084623 []
 | 27.7679 30.7618 28.2301 0.4608742 Cc1cccc(C(=O)Nc2snc(C)c2C(=O)N2CCOCC2)c1 1 O=C(Nc1sncc1C(=O)N1CCOCC1)c1ccccc1 0.2800000 0.2800 0.2412253 0.2412 0.3333333 0.3333 0.7628292 0.7628 1.0000000 1.0000 1.0000000 345.4240 0.5285203 2.2400 1.0000000 1.0000 0.6666666666666667 1.0 0.44899888641287294 []
 | 32.9778 37.6235 19.5880 0.4469644 Cc1ccc(NC(=O)CSc2cccc(NC(=O)c3cccc(C(=O)c4ccccc4)c3)c2)c(C)c1 1 O=C(CSc1cccc(NC(=O)c2cccc(C(=O)c3ccccc3)c2)c1)Nc1ccccc1 0.2500000 0.2500 0.2302046 0.2302 0.3333333 0.3333 0.7697954 0.7698 1.0000000 1.0000 1.0000000 494.6160 0.5245041 2.0651 1.0000000 1.0000 0.6666666666666667 1.0 0.4330127018922193 []
 | 36.6964 40.3758 20.1258 0.4726686 C[C@H]1C[C@H](C(=O)Nc2cccc(SCCc3ccccc3)c2)CCN1C 1 O=C(Nc1cccc(SCCc2ccccc2)c1)C1CCNCC1 0.2650000 0.2650 0.2992660 0.2993 0.3333333 0.3333 0.7007340 0.7007 1.0000000 1.0000 1.0000000 368.5460 0.5427809 2.8625 1.0000000 1.0000 0.6666666666666667 1.0 0.4413332074521472 []
 | 29.9060 36.4931 22.2377 0.4588342 CCc1ccc(CNc2cnc(CN)c(Br)c2)s1 1 c1cncc(NCc2cccs2)c1 0.1900000 0.1900 0.1894662 0.1895 0.6666667 0.6667 0.8301584 0.8302 1.0000000 1.0000 1.0000000 326.2630 0.5385603 2.6780 1.0000000 1.0000 0.33333333333333337 1.0 0.39230090491866065 []
 | 25.3697 27.9058 31.3706 0.4630965 Cc1cccc(NS(=O)(=O)c2ccc(OCC(=O)N[C@@H](C)c3ccccc3)cc2)c1 1 O=C(COc1ccc(S(=O)(=O)Nc2ccccc2)cc1)NCc1ccccc1 0.2550000 0.2550 0.2789943 0.2790 0.3333333 0.3333 0.7210057 0.7210 1.0000000 1.0000 1.0000000 424.5220 0.5298682 2.2987 1.0000000 1.0000 0.6666666666666667 1.0 0.43586121644395015 []
 | 20.9778 25.8174 40.9199 0.5213853 O=C(N[C@@H](Cc1ccccc1)[C@@H](O)CNCc1ccccc1)c1ccccc1 1 O=C(NC(CCNCc1ccccc1)Cc1ccccc1)c1ccccc1 0.3700000 0.3700 0.3835976 0.3836 0.3333333 0.3333 0.6164024 0.6164 1.0000000 1.0000 1.0000000 374.4840 0.5343503 2.4942 1.0000000 1.0000 0.6666666666666667 1.0 0.4828043081829324 []
 | 24.4964 29.4142 29.8638 0.4631087 Cc1cc(C(=O)Nc2nc(CC(N)=O)cs2)c(C)n1-c1ccccc1 1 O=C(Nc1nccs1)c1ccn(-c2ccccc2)c1 0.2950000 0.2950 0.2348557 0.2349 0.3333333 0.3333 0.7651443 0.7651 1.0000000 1.0000 1.0000000 354.4350 0.5266321 2.1577 1.0000000 1.0000 0.6666666666666667 1.0 0.4560427611529428 []
20:49:24 <INFO> Score: 0.37 Agent NLL: 29.10 Valid: 100% Step: 47
 | Agent Prior Target Score SMILES SMILES_state Scaffold predicted_activity predicted_activity (raw) training_similarity training_similarity (raw) taf_consistency taf_consistency (raw) novelty novelty (raw) stereo_validity stereo_validity (raw) MW_window MW_window (raw) synthetic_feasibility synthetic_feasibility (raw) curated alerts filter curated alerts filter (raw) taf_disrupted (predicted_activity) scaffold_novelty (predicted_activity) uncertainty (predicted_activity) matchting_patterns (curated alerts filter)
 | 24.9998 34.5531 29.3213 0.4990187 NCc1cncc(COc2cccc(C(=O)Nc3ccccc3)c2)c1 1 O=C(Nc1ccccc1)c1cccc(OCc2cccnc2)c1 0.3050000 0.3050 0.3717612 0.3718 0.3333333 0.3333 0.6282388 0.6282 1.0000000 1.0000 1.0000000 333.3910 0.5206630 1.8979 1.0000000 1.0000 0.6666666666666667 1.0 0.460407428263272 []
 | 26.7141 28.9612 28.3708 0.4479057 CCOc1cc(CNCC(=O)Nc2cccc(OC)c2)ccc1OC(F)F 1 O=C(CNCc1ccccc1)Nc1ccccc1 0.2100000 0.2100 0.2805794 0.2806 0.3333333 0.3333 0.7515987 0.7516 1.0000000 1.0000 1.0000000 380.3910 0.5238396 2.0361 1.0000000 1.0000 0.6666666666666667 1.0 0.40730823708832603 []
 | 27.3168 33.4916 26.0770 0.4653799 COCc1ccccc1NC(=O)c1cccc(NS(=O)(=O)c2ccc(NC(C)=O)cc2)c1 1 O=C(Nc1ccccc1)c1cccc(NS(=O)(=O)c2ccccc2)c1 0.2600000 0.2600 0.2776029 0.2776 0.3333333 0.3333 0.7467749 0.7468 1.0000000 1.0000 1.0000000 453.5200 0.5231292 2.0052 1.0000000 1.0000 0.6666666666666667 1.0 0.4386342439892262 []
 | 23.5828 28.2711 31.3111 0.4654856 COCc1cccc(NC(=O)/C=C/c2ccc(-c3ccccc3)o2)c1 1 O=C(C=Cc1ccc(-c2ccccc2)o1)Nc1ccccc1 0.2300000 0.2300 0.3322053 0.3322 0.3333333 0.3333 0.6677947 0.6678 1.0000000 1.0000 1.0000000 333.3870 0.5232481 2.0104 1.0000000 1.0000 0.6666666666666667 1.0 0.4208325082500163 []
 | 34.6993 39.7034 -36.2145 0.0272573 COc1ccc(OC)c(Cn2c(C)c(C)c(-c3ccc(C)cc3C)c2C)c1 1 c1ccc(Cn2ccc(-c3ccccc3)c2)cc1 0.1350000 0.1350 0.2005739 0.2006 0.0000000 0.0000 0.8731634 0.8732 1.0000000 1.0000 1.0000000 363.5010 0.5280884 2.2211 1.0000000 1.0000 1.0 1.0 0.34172357249683555 []
 | 24.3527 27.8431 29.3788 0.4470466 CCc1ccccc1NC(=O)C1CCN(C(=O)Nc2ccc(F)cc2)CC1 1 O=C(Nc1ccccc1)C1CCN(C(=O)Nc2ccccc2)CC1 0.2300000 0.2300 0.2500646 0.2501 0.3333333 0.3333 0.7794356 0.7794 1.0000000 1.0000 1.0000000 369.4400 0.5196647 1.8545 1.0000000 1.0000 0.6666666666666667 1.0 0.4208325082500163 []
 | 26.1239 29.2589 -15.5937 0.1067597 [O-][S+](CCNCc1cccc(F)c1Cl)Cc1ccccc1 1 c1ccc(CNCC[SH+]Cc2ccccc2)cc1 0.2200000 0.2200 0.2369242 0.2369 0.3333333 0.3333 0.7630758 0.7631 0.0000000 0.0000 1.0000000 325.8360 0.5523314 3.2811 1.0000000 1.0000 0.6666666666666667 1.0 0.41424630354415964 []
 | 29.1619 29.0510 -25.1221 0.0306943 Cc1nn(C)c(Cl)c1C(=O)/C=C/c1ccc(OCc2ccccc2Cl)cc1 1 O=C(C=Cc1ccc(OCc2ccccc2)cc1)c1cn[nH]c1 0.2100000 0.2100 0.2587987 0.2588 0.0000000 0.0000 0.7442552 0.7443 1.0000000 1.0000 1.0000000 401.2930 0.5288267 2.2533 1.0000000 1.0000 1.0 1.0 0.40730823708832603 []
 | 28.7209 27.3679 -26.9293 0.0034261 CCCCCCCCCCC/C=C/C(O)C(CO)NC(=O)CCCCCCCCCCCCCCOC(=O)CCCCCCCCCCCCCCCCC 1  0.1550000 0.1550 0.3567530 0.3568 0.6666667 0.6667 0.6535488 0.6535 0.0000000 0.0000 0.0000000 778.3010 0.5533841 3.6727 1.0000000 1.0000 0.33333333333333337 1.0 0.36190468358395134 []
 | 26.3844 32.6727 30.0703 0.4901796 COCCOc1ccc(Br)cc1CNC(=O)[C@H]1CCCCN1 1 O=C(NCc1ccccc1)C1CCCCN1 0.1950000 0.1950 0.2740641 0.2741 0.6666667 0.6667 0.7500000 0.7500 1.0000000 1.0000 1.0000000 371.2750 0.5377813 2.6440 1.0000000 1.0000 0.33333333333333337 1.0 0.3962007067131506 []
20:49:28 <INFO> Score: 0.40 Agent NLL: 29.48 Valid: 100% Step: 48
 | Agent Prior Target Score SMILES SMILES_state Scaffold predicted_activity predicted_activity (raw) training_similarity training_similarity (raw) taf_consistency taf_consistency (raw) novelty novelty (raw) stereo_validity stereo_validity (raw) MW_window MW_window (raw) synthetic_feasibility synthetic_feasibility (raw) curated alerts filter curated alerts filter (raw) taf_disrupted (predicted_activity) scaffold_novelty (predicted_activity) uncertainty (predicted_activity) matchting_patterns (curated alerts filter)
 | 25.4244 27.5167 45.0816 0.5671740 O=C(NCc1ccccc1CO)c1cccnc1Br 1 O=C(NCc1ccccc1)c1cccnc1 0.3500000 0.3500 0.3561978 0.3562 0.6666667 0.6667 0.6438022 0.6438 1.0000000 1.0000 1.0000000 321.1740 0.5249581 2.0848 1.0000000 1.0000 0.33333333333333337 1.0 0.47696960070847283 []
 | 24.5757 26.0917 30.4503 0.4417343 Cc1cccc(C(=O)NCC(=O)N2CCN(c3ccccc3F)CC2)c1 1 O=C(NCC(=O)N1CCN(c2ccccc2)CC1)c1ccccc1 0.2400000 0.2400 0.2248469 0.2248 0.3333333 0.3333 0.7818462 0.7818 1.0000000 1.0000 1.0000000 355.4130 0.5196992 1.8560 1.0000000 1.0000 0.6666666666666667 1.0 0.4270831300812525 []
 | 34.7691 38.2432 19.6121 0.4519948 CCn1c(SCc2ccc(C(=O)NC(C)C)o2)nnc1[C@@H](C)NC(=O)c1ccc(Cl)cc1 1 O=C(NCc1nnc(SCc2ccco2)[nH]1)c1ccccc1 0.2450000 0.2450 0.2462755 0.2463 0.3333333 0.3333 0.7604730 0.7605 1.0000000 1.0000 1.0000000 476.0020 0.5426540 2.8570 1.0000000 1.0000 0.6666666666666667 1.0 0.43008720046055776 []
 | 35.3106 39.0859 -39.0859 0.0000000 CC[C@H](C)CN(CCNCc1cc(Cl)ccc1O)CC(=O)O 1 c1ccccc1 0.2900000 0.2900 0.2288518 0.2289 0.3333333 0.3333 0.7711482 0.7711 1.0000000 1.0000 1.0000000 328.8400 0.5414625 2.8048 1.0000000 1.0000 0.6666666666666667 1.0 0.4537620521815371 []
 | 32.1570 34.0972 19.8002 0.4210736 O=S(=O)(Nc1ccccc1F)c1ccc(NC(=S)Nc2ccccc2N2CCCCC2)cc1 1 O=S(=O)(Nc1ccccc1)c1ccc(NC(=S)Nc2ccccc2N2CCCCC2)cc1 0.2300000 0.2300 0.1760902 0.1761 0.3333333 0.3333 0.8338974 0.8339 1.0000000 1.0000 1.0000000 484.6220 0.5256283 2.1140 1.0000000 1.0000 0.6666666666666667 1.0 0.4208325082500162 []
 | 30.3477 31.0807 26.8735 0.4527670 Cc1ccc(I)cc1NC(=O)c1cccc(S(=O)(=O)N(C)c2ccccc2)c1 1 O=C(Nc1ccccc1)c1cccc(S(=O)(=O)Nc2ccccc2)c1 0.2800000 0.2800 0.2181538 0.2182 0.3333333 0.3333 0.7818462 0.7818 1.0000000 1.0000 1.0000000 506.3650 0.5242388 2.0535 1.0000000 1.0000 0.6666666666666667 1.0 0.44899888641287294 []
 | 25.8668 31.6500 30.2919 0.4839210 Cn1ccc(C(=O)NCc2cccc(NS(=O)(=O)c3ccccc3)c2)cc1=O 1 O=C(NCc1cccc(NS(=O)(=O)c2ccccc2)c1)c1cc[nH]c(=O)c1 0.3000000 0.3000 0.3053124 0.3053 0.3333333 0.3333 0.6946876 0.6947 1.0000000 1.0000 1.0000000 397.4560 0.5242370 2.0534 1.0000000 1.0000 0.6666666666666667 1.0 0.458257569495584 []
 | 36.2829 37.5822 22.5423 0.4697227 CNC(=O)[C@H]1CC[C@@H](C(=O)NCc2cccc(C)c2)CN1Cc1ccncc1 1 O=C(NCc1ccccc1)C1CCCN(Cc2ccncc2)C1 0.2600000 0.2600 0.2935652 0.2936 0.3333333 0.3333 0.7064348 0.7064 1.0000000 1.0000 1.0000000 380.4920 0.5446507 2.9443 1.0000000 1.0000 0.6666666666666667 1.0 0.4386342439892262 []
 | 39.6075 41.3064 6.7567 0.3754931 CN(CCNC(=O)[C@]12CCC[C@@H](CC1)C2)C(=O)N1CCCCC1 1 O=C(NCCNC(=O)C12CCCC(CC1)C2)N1CCCCC1 0.0900000 0.0900 0.2472066 0.2472 0.3333333 0.3333 0.8116474 0.8116 1.0000000 1.0000 1.0000000 321.4650 0.5436034 4.1015 1.0000000 1.0000 0.6666666666666667 1.0 0.2861817604250837 []
 | 35.7922 43.6078 14.9164 0.4572202 C[C@@H](NCc1sc2ccccc2c1Oc1ccccc1NC(=O)Nc1ccccc1)c1ccccc1 1 O=C(Nc1ccccc1)Nc1ccccc1Oc1c(CNCc2ccccc2)sc2ccccc12 0.2600000 0.2600 0.2484013 0.2484 0.3333333 0.3333 0.7515987 0.7516 1.0000000 1.0000 1.0000000 493.6320 0.5400801 2.7444 1.0000000 1.0000 0.6666666666666667 1.0 0.43863424398922624 []
20:49:31 <INFO> Score: 0.39 Agent NLL: 29.86 Valid: 100% Step: 49
 | Agent Prior Target Score SMILES SMILES_state Scaffold predicted_activity predicted_activity (raw) training_similarity training_similarity (raw) taf_consistency taf_consistency (raw) novelty novelty (raw) stereo_validity stereo_validity (raw) MW_window MW_window (raw) synthetic_feasibility synthetic_feasibility (raw) curated alerts filter curated alerts filter (raw) taf_disrupted (predicted_activity) scaffold_novelty (predicted_activity) uncertainty (predicted_activity) matchting_patterns (curated alerts filter)
 | 32.2256 40.8868 23.3600 0.5019278 CCNc1ncc(S(=O)(=O)N(C(C)C)C(C)C)cc1C(=O)NCc1ccccc1 1 O=C(NCc1ccccc1)c1cccnc1 0.3400000 0.3400 0.3287980 0.3288 0.3333333 0.3333 0.6712020 0.6712 1.0000000 1.0000 1.0000000 418.5630 0.5325907 2.4174 1.0000000 1.0000 0.6666666666666667 1.0 0.4737087712930804 []
 | 22.0688 27.8987 27.0954 0.4296416 COCCNc1ncnc(NCc2ccccc2OC)c1OC 1 c1ccc(CNc2ccncn2)cc1 0.1750000 0.1750 0.2676155 0.2676 0.3333333 0.3333 0.7630758 0.7631 1.0000000 1.0000 1.0000000 318.3770 0.5297046 2.2916 1.0000000 1.0000 0.6666666666666667 1.0 0.3799671038392666 []
 | 24.8659 26.5242 28.5447 0.4302252 c1coc(-c2ccc(NCC3CCCC3)nc2)c1 1 c1coc(-c2ccc(NCC3CCCC3)nc2)c1 0.1400000 0.1400 0.3385556 0.3386 0.3333333 0.3333 0.7599787 0.7600 1.0000000 1.0000 1.0000000 242.3220 0.5266395 2.1580 1.0000000 1.0000 0.6666666666666667 1.0 0.34698703145794946 []
 | 39.0053 44.6741 15.1869 0.4676643 CCN1C[C@@H]2CCC[C@H]3[C@H]2[C@@H]1[C@@H](C(=O)Nc1ccccc1)N3Cc1ccccc1 1 O=C(Nc1ccccc1)C1C2NCC3CCCC(C32)N1Cc1ccccc1 0.2450000 0.2450 0.3053124 0.3053 0.3333333 0.3333 0.6946876 0.6947 1.0000000 1.0000 1.0000000 389.5430 0.5509341 3.7803 1.0000000 1.0000 0.6666666666666667 1.0 0.43008720046055776 []
 | 25.4391 33.7834 29.2715 0.4926170 O=C(COc1ccccc1)NCc1csc(C(=O)NCc2ccco2)c1 1 O=C(COc1ccccc1)NCc1csc(C(=O)NCc2ccco2)c1 0.2950000 0.2950 0.3522835 0.3523 0.3333333 0.3333 0.6477165 0.6477 1.0000000 1.0000 1.0000000 370.4300 0.5256272 2.1140 1.0000000 1.0000 0.6666666666666667 1.0 0.45604276115294284 []
 | 24.4022 26.0264 33.2904 0.4634128 O=C(CCCc1ccccc1)Nc1ccc(N2CCNCC2)cn1 1 O=C(CCCc1ccccc1)Nc1ccc(N2CCNCC2)cn1 0.2300000 0.2300 0.3147856 0.3148 0.3333333 0.3333 0.7091283 0.7091 1.0000000 1.0000 1.0000000 324.4280 0.5239029 2.0389 1.0000000 1.0000 0.6666666666666667 1.0 0.4208325082500163 []
 | 25.6475 31.8152 36.3843 0.5328086 CC(=O)Nc1ccc(S(=O)(=O)NC/C=C/C(=O)OCc2ccccc2)cc1 1 O=C(C=CCNS(=O)(=O)c1ccccc1)OCc1ccccc1 0.2450000 0.2450 0.3637303 0.3637 0.6666667 0.6667 0.6568998 0.6569 1.0000000 1.0000 1.0000000 388.4450 0.5256498 2.1149 1.0000000 1.0000 0.33333333333333337 1.0 0.4300872004605578 []
 | 28.6920 35.9523 26.0130 0.4841039 CCCCn1nc(CNCc2ccccc2)c(Br)c1CSc1ccccc1 1 c1ccc(CNCc2cc(CSc3ccccc3)[nH]n2)cc1 0.2050000 0.2050 0.2450715 0.2451 0.6666667 0.6667 0.7549285 0.7549 1.0000000 1.0000 1.0000000 444.4420 0.5310161 2.3487 1.0000000 1.0000 0.33333333333333337 1.0 0.403701622488689 []
 | 38.2180 40.7647 21.6327 0.4874791 C[C@H](OC(=O)c1cc(S(=O)(=O)N2CCCCCC2)ccc1Br)C(=O)n1ccc2ccccc21 1 O=C(OCC(=O)n1ccc2ccccc21)c1cccc(S(=O)(=O)N2CCCCCC2)c1 0.2450000 0.2450 0.2037848 0.2038 0.6666667 0.6667 0.8022814 0.8023 1.0000000 1.0000 1.0000000 533.4440 0.5438591 2.9097 1.0000000 1.0000 0.33333333333333337 1.0 0.4300872004605578 []
 | 29.6174 34.3164 18.1437 0.4098447 CNCc1ccc(-c2cccc3ccc(OC)cc23)cn1 1 c1cncc(-c2cccc3ccccc23)c1 0.1400000 0.1400 0.2578807 0.2579 0.3333333 0.3333 0.7970615 0.7971 1.0000000 1.0000 1.0000000 278.3550 0.5224562 1.9759 1.0000000 1.0000 0.6666666666666667 1.0 0.34698703145794946 []
20:49:32 <INFO> Sampled SMILES O=c1n2c(CCNC(Nc3cc(ccc4OCCC4)C(=O)NCCOC)c3CC2)nc(c1)C failed to sanitize.
20:49:35 <INFO> Score: 0.37 Agent NLL: 28.49 Valid:  98% Step: 50
 | Agent Prior Target Score SMILES SMILES_state Scaffold predicted_activity predicted_activity (raw) training_similarity training_similarity (raw) taf_consistency taf_consistency (raw) novelty novelty (raw) stereo_validity stereo_validity (raw) MW_window MW_window (raw) synthetic_feasibility synthetic_feasibility (raw) curated alerts filter curated alerts filter (raw) taf_disrupted (predicted_activity) scaffold_novelty (predicted_activity) uncertainty (predicted_activity) matchting_patterns (curated alerts filter)
 | 22.1090 27.9991 31.8943 0.4679173 COc1ccc(NC(=O)CSc2nnc([C@H](C)NC(=O)c3ccccc3)n2C)cc1OC 1 O=C(CSc1nnc(CNC(=O)c2ccccc2)[nH]1)Nc1ccccc1 0.2500000 0.2500 0.2951514 0.2952 0.3333333 0.3333 0.7386979 0.7387 1.0000000 1.0000 1.0000000 455.5400 0.5354464 2.5420 1.0000000 1.0000 0.6666666666666667 1.0 0.4330127018922193 []
 | 30.0394 35.2001 22.7297 0.4525764 O=C(NCCN1CCSC[C@@H]1c1ccc(F)cc1)c1ccc(Cl)cc1 1 O=C(NCCN1CCSCC1c1ccccc1)c1ccccc1 0.2800000 0.2800 0.2144225 0.2144 0.3333333 0.3333 0.7864395 0.7864 1.0000000 1.0000 1.0000000 378.9000 0.5371155 2.6149 1.0000000 1.0000 0.6666666666666667 1.0 0.44899888641287294 []
 | 22.7601 30.1186 -30.1186 0.0000000 CCCCOCCCNc1nc(N)nc(NN)c1C 1 c1cncnc1 0.0000000 0.0000 0.0000000 0.0000 0.0000000 0.0000 0.0000000 0.0000 0.0000000 0.0000 0.0000000 0.0000 0.0000000 0.0000 0.0000000 0.0000 None None None ['[#7;!n][#7;!n]']
 | 20.8840 27.5197 28.7502 0.4396083 Nc1nc(CNCc2ccc(CO)cc2)cs1 1 c1ccc(CNCc2cscn2)cc1 0.2550000 0.2550 0.2034334 0.2034 0.3333333 0.3333 0.7965666 0.7966 1.0000000 1.0000 1.0000000 249.3390 0.5249677 2.0852 1.0000000 1.0000 0.6666666666666667 1.0 0.43586121644395015 []
 | 24.4641 30.0492 27.6516 0.4507880 COc1ccc(S(N)(=O)=O)cc1CNC(=O)NCCOc1ccccc1 1 O=C(NCCOc1ccccc1)NCc1ccccc1 0.2150000 0.2150 0.2861466 0.2861 0.3333333 0.3333 0.7389815 0.7390 1.0000000 1.0000 1.0000000 379.4380 0.5224189 1.9743 1.0000000 1.0000 0.6666666666666667 1.0 0.41082234603292944 []
 | 33.5209 36.7849 22.7487 0.4651067 O=C(NCc1cccc(Cl)c1)c1ccc(-c2ccncc2[N+](=O)[O-])o1 1 O=C(NCc1ccccc1)c1ccc(-c2ccncc2)o1 0.2850000 0.2850 0.2507784 0.2508 0.3333333 0.3333 0.7492216 0.7492 1.0000000 1.0000 1.0000000 357.7530 0.5285195 2.2399 1.0000000 1.0000 0.6666666666666667 1.0 0.4514144437210666 []
 | 26.2563 29.8761 28.2463 0.4540810 CCNC(=O)[C@@H](C)N(Cc1ccccc1C)C(=O)CCCN(c1cccc(C)c1)S(C)(=O)=O 1 O=C(CCCNc1ccccc1)NCc1ccccc1 0.2700000 0.2700 0.2219484 0.2219 0.3333333 0.3333 0.8057202 0.8057 1.0000000 1.0000 1.0000000 473.6390 0.5447101 2.9469 1.0000000 1.0000 0.6666666666666667 1.0 0.4439594576084623 []
 | 44.4120 47.1798 -46.2868 0.0069761 CCOc1ccccc1OCCOCCN1CC2(C)CCC3(CCC3C2)C1=O 1 O=C1N(CCOCCOc2ccccc2)CC2CCC13CCC3C2 0.1200000 0.1200 0.3280305 0.3280 0.0000000 0.0000 0.7277094 0.7277 0.0000000 0.0000 1.0000000 387.5200 0.5265117 4.8475 1.0000000 1.0000 1.0 1.0 0.3249615361854384 []
 | 25.0342 30.9319 28.2266 0.4621755 CC(=O)Nc1cccc(NC(=O)[C@@H]2CCCCCN2S(C)(=O)=O)c1 1 O=C(Nc1ccccc1)C1CCCCCN1 0.2500000 0.2500 0.2760262 0.2760 0.3333333 0.3333 0.7464537 0.7465 1.0000000 1.0000 1.0000000 353.4440 0.5328470 2.4286 1.0000000 1.0000 0.6666666666666667 1.0 0.4330127018922193 []
 | 29.4094 34.5106 24.1816 0.4585329 Cc1ccc(NC(=O)c2ccccc2NC(=O)CSc2nnc(COc3ccccc3C)o2)cc1 1 O=C(CSc1nnc(COc2ccccc2)o1)Nc1ccccc1C(=O)Nc1ccccc1 0.2400000 0.2400 0.2830773 0.2831 0.3333333 0.3333 0.7169227 0.7169 1.0000000 1.0000 1.0000000 488.5690 0.5271600 2.1807 1.0000000 1.0000 0.6666666666666667 1.0 0.4270831300812525 []
20:49:35 <INFO> Sampled SMILES C[C@@H]1Cc(c(C(Nc2ccc(NC(=O)OC(C)(C)C)cc2)=O)CC)c(C)n1 failed to sanitize.
20:49:39 <INFO> Score: 0.41 Agent NLL: 29.85 Valid:  98% Step: 51
 | Agent Prior Target Score SMILES SMILES_state Scaffold predicted_activity predicted_activity (raw) training_similarity training_similarity (raw) taf_consistency taf_consistency (raw) novelty novelty (raw) stereo_validity stereo_validity (raw) MW_window MW_window (raw) synthetic_feasibility synthetic_feasibility (raw) curated alerts filter curated alerts filter (raw) taf_disrupted (predicted_activity) scaffold_novelty (predicted_activity) uncertainty (predicted_activity) matchting_patterns (curated alerts filter)
 | 28.1983 29.7980 22.6091 0.4094301 COc1ccc(-c2nc(COC(=O)c3ccccc3SC)cs2)cc1OC 1 O=C(OCc1csc(-c2ccccc2)n1)c1ccccc1 0.1400000 0.1400 0.2600255 0.2600 0.3333333 0.3333 0.7697954 0.7698 1.0000000 1.0000 1.0000000 401.5090 0.5265027 2.1521 1.0000000 1.0000 0.6666666666666667 1.0 0.34698703145794946 []
 | 34.6394 36.8100 25.7430 0.4886956 C=CCn1nc(C(=O)NCC2(CNC(=O)OC(C)(C)C)CCCC2)c2ccccc2c1=O 1 O=C(NCC1CCCC1)c1n[nH]c(=O)c2ccccc12 0.1800000 0.1800 0.2896001 0.2896 0.6666667 0.6667 0.7604730 0.7605 1.0000000 1.0000 1.0000000 440.5440 0.5401568 2.7478 1.0000000 1.0000 0.33333333333333337 1.0 0.38418745424597095 []
 | 28.2185 30.8592 28.5412 0.4640658 N#Cc1ccc(CNCc2coc(-c3cccc(Br)c3)n2)cc1 1 c1ccc(CNCc2coc(-c3ccccc3)n2)cc1 0.2250000 0.2250 0.1715501 0.1716 0.6666667 0.6667 0.8284499 0.8284 1.0000000 1.0000 1.0000000 368.2340 0.5281536 2.2240 1.0000000 1.0000 0.33333333333333337 1.0 0.41758232721225164 []
 | 29.3940 35.8856 17.7211 0.4188022 CCOc1cc(F)ccc1C#CCN=Cc1ccc([N+](=O)[O-])cc1 1 C(#Cc1ccccc1)CN=Cc1ccccc1 0.1800000 0.1800 0.2195775 0.2196 0.3333333 0.3333 0.8101684 0.8102 1.0000000 1.0000 1.0000000 326.3270 0.5370216 2.6108 1.0000000 1.0000 0.6666666666666667 1.0 0.38418745424597095 []
 | 27.4931 32.2057 33.4107 0.5126285 Cc1ccc(CCC(=O)NCCNC(=O)c2cccc(NC(=O)OC(C)(C)C)c2)cc1 1 O=C(CCc1ccccc1)NCCNC(=O)c1ccccc1 0.2850000 0.2850 0.2372321 0.2372 0.6666667 0.6667 0.7675047 0.7675 1.0000000 1.0000 1.0000000 425.5290 0.5230910 2.0035 1.0000000 1.0000 0.33333333333333337 1.0 0.4514144437210666 []
 | 31.9058 35.9595 21.0412 0.4453181 CN=C(NCc1ccc(Cn2cccn2)s1)N(C)CCOCCOC 1 c1csc(Cn2cccn2)c1 0.2200000 0.2200 0.2530240 0.2530 0.3333333 0.3333 0.7594374 0.7594 1.0000000 1.0000 1.0000000 365.5030 0.5468959 3.0427 1.0000000 1.0000 0.6666666666666667 1.0 0.41424630354415964 []
 | 32.1700 40.1444 16.3464 0.4413344 CCOc1ccccc1S(=O)(=O)N1CCC[C@H](C(=O)NCCCc2cccn2C)C1 1 O=C(NCCCc1ccc[nH]1)C1CCCN(S(=O)(=O)c2ccccc2)C1 0.1900000 0.1900 0.2836832 0.2837 0.3333333 0.3333 0.7453142 0.7453 1.0000000 1.0000 1.0000000 433.5740 0.5413339 2.7992 1.0000000 1.0000 0.6666666666666667 1.0 0.39230090491866065 []
 | 32.0940 39.0881 27.4689 0.5199764 CCCOC(=O)CCC(=O)Nc1ccccc1C(=O)NCCN(C)Cc1ccco1 1 O=C(NCCNCc1ccco1)c1ccccc1 0.2500000 0.2500 0.3043904 0.3044 0.6666667 0.6667 0.6956096 0.6956 1.0000000 1.0000 1.0000000 415.4900 0.5282850 2.2297 1.0000000 1.0000 0.33333333333333337 1.0 0.4330127018922193 []
 | 28.4256 34.2726 21.6646 0.4370096 O=C(Nc1nc2cccc(NS(=O)(=O)c3ccc(F)cc3)c2s1)c1ccncc1 1 O=C(Nc1nc2cccc(NS(=O)(=O)c3ccccc3)c2s1)c1ccncc1 0.2950000 0.2950 0.1661026 0.1661 0.3333333 0.3333 0.8338974 0.8339 1.0000000 1.0000 1.0000000 428.4700 0.5284334 2.2362 1.0000000 1.0000 0.6666666666666667 1.0 0.4560427611529428 []
 | 33.8830 33.9199 21.4567 0.4326302 Fc1cccc(CNC2CNCNC2)c1F 1 c1ccc(CNC2CNCNC2)cc1 0.2350000 0.2350 0.1969597 0.1970 0.3333333 0.3333 0.8256285 0.8256 1.0000000 1.0000 1.0000000 227.2580 0.5386846 2.6834 1.0000000 1.0000 0.6666666666666667 1.0 0.4239988207530771 []
20:49:39 <INFO> Sampled SMILES C1(c2cc(c(cc2)OC)O[C@H](Cc2ccccc2)C)n(c(nn1)CNc1ccccc1)C failed to sanitize.
20:49:42 <INFO> Score: 0.36 Agent NLL: 29.37 Valid:  98% Step: 52
 | Agent Prior Target Score SMILES SMILES_state Scaffold predicted_activity predicted_activity (raw) training_similarity training_similarity (raw) taf_consistency taf_consistency (raw) novelty novelty (raw) stereo_validity stereo_validity (raw) MW_window MW_window (raw) synthetic_feasibility synthetic_feasibility (raw) curated alerts filter curated alerts filter (raw) taf_disrupted (predicted_activity) scaffold_novelty (predicted_activity) uncertainty (predicted_activity) matchting_patterns (curated alerts filter)
 | 27.0333 31.6331 30.3968 0.4846083 O=C(CNC(=O)NCc1ccccc1)NCCn1ccnc1-c1ccccc1 1 O=C(CNC(=O)NCc1ccccc1)NCCn1ccnc1-c1ccccc1 0.2850000 0.2850 0.3218603 0.3219 0.3333333 0.3333 0.7025911 0.7026 1.0000000 1.0000 1.0000000 377.4480 0.5244828 2.0641 1.0000000 1.0000 0.6666666666666667 1.0 0.4514144437210666 []
 | 38.5680 40.0421 21.7984 0.4831290 COc1ccc(Cn2c(C)cc3nnc(C(=O)Nc4ccc(C(C)C)cc4)c(=O)n32)cc1 1 O=C(Nc1ccccc1)c1nnc2ccn(Cc3ccccc3)n2c1=O 0.2700000 0.2700 0.3225896 0.3226 0.3333333 0.3333 0.7363752 0.7364 1.0000000 1.0000 1.0000000 431.4960 0.5376785 2.6395 1.0000000 1.0000 0.6666666666666667 1.0 0.4439594576084623 []
 | 37.2605 45.7540 10.2051 0.4371810 COc1ccccc1CNC(=O)c1ccc2c(c1)CCc1ccc(Nc3ncccc3C)cc1C2 1 O=C(NCc1ccccc1)c1ccc2c(c1)CCc1ccc(Nc3ccccn3)cc1C2 0.1950000 0.1950 0.2615344 0.2615 0.3333333 0.3333 0.7684595 0.7685 1.0000000 1.0000 1.0000000 463.5810 0.5315251 2.3709 1.0000000 1.0000 0.6666666666666667 1.0 0.3962007067131506 []
 | 25.3436 29.1801 29.7748 0.4605850 CN=C(NCc1ccc(Br)s1)NCc1ccc(C)cc1C 1 N=C(NCc1ccccc1)NCc1cccs1 0.2050000 0.2050 0.1784103 0.1784 0.6666667 0.6667 0.8420506 0.8421 1.0000000 1.0000 1.0000000 366.3280 0.5351578 2.5294 1.0000000 1.0000 0.33333333333333337 1.0 0.403701622488689 []
 | 25.3595 29.2637 34.1441 0.4953731 NC(=O)CSCC(=O)Nc1ccc(COc2ccccc2)cc1 1 c1ccc(COc2ccccc2)cc1 0.2800000 0.2800 0.4000356 0.4000 0.3333333 0.3333 0.5999644 0.6000 1.0000000 1.0000 1.0000000 330.4090 0.5176699 1.7677 1.0000000 1.0000 0.6666666666666667 1.0 0.44899888641287294 []
 | 20.3137 21.9399 38.6021 0.4729844 O=C(Nc1ccccc1)Nc1ccc(CN2CCOCC2)cc1 1 O=C(Nc1ccccc1)Nc1ccc(CN2CCOCC2)cc1 0.2450000 0.2450 0.3351005 0.3351 0.3333333 0.3333 0.6943265 0.6943 1.0000000 1.0000 1.0000000 311.3850 0.5147008 1.6386 1.0000000 1.0000 0.6666666666666667 1.0 0.4300872004605578 []
 | 34.6234 39.7648 -24.0033 0.1231366 COCC(C)(Nc1ccc(S(=O)(=O)Nc2ccccc2)cc1Br)C(=O)O 1 O=S(=O)(Nc1ccccc1)c1ccccc1 0.2600000 0.2600 0.2446862 0.2447 0.6666667 0.6667 0.7601994 0.7602 0.0000000 0.0000 1.0000000 443.3190 0.5416005 2.8109 1.0000000 1.0000 0.33333333333333337 1.0 0.4386342439892262 []
 | 32.4130 38.5637 17.8337 0.4406046 COc1ccc(NC(=O)CN2CC[C@@H](O)[C@H](OCC(=O)Nc3ccccc3)C2)cc1 1 O=C(COC1CCCN(CC(=O)Nc2ccccc2)C1)Nc1ccccc1 0.1800000 0.1800 0.3019318 0.3019 0.3333333 0.3333 0.7210057 0.7210 1.0000000 1.0000 1.0000000 413.4740 0.5410067 2.7849 1.0000000 1.0000 0.6666666666666667 1.0 0.38418745424597095 []
 | 24.0457 24.2868 -20.3192 0.0309972 CN(C)c1cccc2c1oc(=O)c1ccccc12 1 O=c1oc2ccccc2c2ccccc12 0.2150000 0.2150 0.2656266 0.2656 0.0000000 0.0000 0.7514521 0.7515 1.0000000 1.0000 1.0000000 239.2740 0.5253360 2.1013 1.0000000 1.0000 1.0 1.0 0.41082234603292944 []
 | 27.4256 31.7414 26.8780 0.4579639 CCCCc1ccc(NC(=O)Nc2cccc(CN(c3ccccc3)S(C)(=O)=O)c2)cc1 1 O=C(Nc1ccccc1)Nc1cccc(CNc2ccccc2)c1 0.2400000 0.2400 0.2818268 0.2818 0.3333333 0.3333 0.7181732 0.7182 1.0000000 1.0000 1.0000000 451.5920 0.5241104 2.0479 1.0000000 1.0000 0.6666666666666667 1.0 0.4270831300812525 []
20:49:46 <INFO> Score: 0.39 Agent NLL: 29.09 Valid: 100% Step: 53
 | Agent Prior Target Score SMILES SMILES_state Scaffold predicted_activity predicted_activity (raw) training_similarity training_similarity (raw) taf_consistency taf_consistency (raw) novelty novelty (raw) stereo_validity stereo_validity (raw) MW_window MW_window (raw) synthetic_feasibility synthetic_feasibility (raw) curated alerts filter curated alerts filter (raw) taf_disrupted (predicted_activity) scaffold_novelty (predicted_activity) uncertainty (predicted_activity) matchting_patterns (curated alerts filter)
 | 27.6322 29.3425 26.7610 0.4383087 CCn1ncc(C(=O)Nc2ccncc2)c1C1CCCCC1 1 O=C(Nc1ccncc1)c1cn[nH]c1C1CCCCC1 0.2050000 0.2050 0.2500646 0.2501 0.3333333 0.3333 0.7843344 0.7843 1.0000000 1.0000 1.0000000 298.3900 0.5294113 2.2788 1.0000000 1.0000 0.6666666666666667 1.0 0.403701622488689 []
 | 34.1213 37.0318 22.4511 0.4647101 COCCn1cc(CNCc2cccc(N(C)C)c2)c(C(F)F)n1 1 c1ccc(CNCc2cn[nH]c2)cc1 0.2950000 0.2950 0.2363516 0.2364 0.3333333 0.3333 0.7675047 0.7675 1.0000000 1.0000 1.0000000 338.4020 0.5373359 2.6245 1.0000000 1.0000 0.6666666666666667 1.0 0.45604276115294284 []
 | 31.8257 36.5697 30.8996 0.5271036 CCCCc1ccc(NC(=O)c2cc(-n3cccc3)c3ccc(Br)cc3n2)cc1 1 O=C(Nc1ccccc1)c1cc(-n2cccc2)c2ccccc2n1 0.2600000 0.2600 0.3018362 0.3018 0.6666667 0.6667 0.7515987 0.7516 1.0000000 1.0000 1.0000000 448.3640 0.5296495 2.2892 1.0000000 1.0000 0.33333333333333337 1.0 0.43863424398922624 []
 | 22.0522 24.6273 34.8376 0.4645695 Cc1ccc(CNC(=O)Nc2ccc(-c3ccccc3)cc2)cc1 1 O=C(NCc1ccccc1)Nc1ccc(-c2ccccc2)cc1 0.2350000 0.2350 0.3138395 0.3138 0.3333333 0.3333 0.7180581 0.7181 1.0000000 1.0000 1.0000000 316.4040 0.5116947 1.5080 1.0000000 1.0000 0.6666666666666667 1.0 0.4239988207530771 []
 | 23.3123 26.5642 34.0807 0.4737882 CNC[C@H]1CCCCN1C(=O)COCc1ccccc1 1 O=C(COCc1ccccc1)N1CCCCC1 0.2050000 0.2050 0.4186047 0.4186 0.3333333 0.3333 0.6239408 0.6239 1.0000000 1.0000 1.0000000 276.3800 0.5335937 2.4612 1.0000000 1.0000 0.6666666666666667 1.0 0.40370162248868907 []
 | 20.7989 27.7973 41.2598 0.5395085 C[C@H](Cc1ccccc1)NC(=O)Nc1cccc(C#N)c1 1 O=C(NCCc1ccccc1)Nc1ccccc1 0.3000000 0.3000 0.3080977 0.3081 0.6666667 0.6667 0.6919023 0.6919 1.0000000 1.0000 1.0000000 279.3430 0.5282801 2.2295 1.0000000 1.0000 0.33333333333333337 1.0 0.45825756949558394 []
 | 25.0025 32.7506 22.8881 0.4346771 CO[C@H]1CN[C@H](C(=O)NCc2ccccc2Cn2ccccc2=O)C1 1 O=C(NCc1ccccc1Cn1ccccc1=O)C1CCCN1 0.1700000 0.1700 0.2918070 0.2918 0.3333333 0.3333 0.7416587 0.7417 1.0000000 1.0000 1.0000000 341.4110 0.5483214 3.1051 1.0000000 1.0000 0.6666666666666667 1.0 0.375632799419859 []
 | 23.6449 30.4030 29.2739 0.4662261 CS(=O)(=O)NCc1ccccc1NC(=O)[C@H]1CCCNC1 1 O=C(Nc1ccccc1)C1CCCNC1 0.2600000 0.2600 0.2727978 0.2728 0.3333333 0.3333 0.7671899 0.7672 1.0000000 1.0000 1.0000000 311.4070 0.5373626 2.6257 1.0000000 1.0000 0.6666666666666667 1.0 0.43863424398922624 []
 | 24.8709 31.1693 34.6736 0.5143980 N#Cc1ccc(CCNCc2ccc(NC(=O)Nc3ccccc3)cc2)cc1 1 O=C(Nc1ccccc1)Nc1ccc(CNCCc2ccccc2)cc1 0.2650000 0.2650 0.2666904 0.2667 0.6666667 0.6667 0.7333096 0.7333 1.0000000 1.0000 1.0000000 370.4560 0.5193559 1.8410 1.0000000 1.0000 0.33333333333333337 1.0 0.4413332074521472 []
 | 27.0971 33.5765 23.7332 0.4477324 C[C@H](NS(=O)(=O)c1ccc2ccccc2c1)C(=O)Nc1cccc(-c2ccccc2)c1 1 O=C(CNS(=O)(=O)c1ccc2ccccc2c1)Nc1cccc(-c2ccccc2)c1 0.2550000 0.2550 0.2256355 0.2256 0.3333333 0.3333 0.7743645 0.7744 1.0000000 1.0000 1.0000000 430.5290 0.5310625 2.3508 1.0000000 1.0000 0.6666666666666667 1.0 0.43586121644395015 []
20:49:46 <INFO> Sampled SMILES c1ccccc1-n1c(c(c1NC(=O)Nc1cc(ccc1)NC(=O)CC)C)C(=O)N failed to sanitize.
20:49:50 <INFO> Score: 0.39 Agent NLL: 28.66 Valid:  98% Step: 54
 | Agent Prior Target Score SMILES SMILES_state Scaffold predicted_activity predicted_activity (raw) training_similarity training_similarity (raw) taf_consistency taf_consistency (raw) novelty novelty (raw) stereo_validity stereo_validity (raw) MW_window MW_window (raw) synthetic_feasibility synthetic_feasibility (raw) curated alerts filter curated alerts filter (raw) taf_disrupted (predicted_activity) scaffold_novelty (predicted_activity) uncertainty (predicted_activity) matchting_patterns (curated alerts filter)
 | 22.7380 25.0466 -25.0466 0.0000000 CCN(CCNCCOCCO)c1ccccc1 1 c1ccccc1 0.2550000 0.2550 0.2857143 0.2857 0.3333333 0.3333 0.7221150 0.7221 1.0000000 1.0000 1.0000000 252.3580 0.5253669 2.1026 1.0000000 1.0000 0.6666666666666667 1.0 0.43586121644395015 []
 | 37.9023 47.3164 17.7865 0.5086168 CCOc1ccc(C(=O)OCC(=O)Nc2ccccc2C#N)cc1CC(=O)Nc1ccc(C)cc1 1 O=C(COC(=O)c1cccc(CC(=O)Nc2ccccc2)c1)Nc1ccccc1 0.2100000 0.2100 0.2200594 0.2201 1.0000000 1.0000 0.7859708 0.7860 1.0000000 1.0000 1.0000000 471.5130 0.5266696 2.1593 1.0000000 1.0000 0.0 1.0 0.4073082370883261 []
 | 22.9854 27.7470 32.0343 0.4670415 N[C@H]1CNCC[C@@H]1OCCc1ccccc1 1 c1ccc(CCOC2CCNCC2)cc1 0.2150000 0.2150 0.3481866 0.3482 0.3333333 0.3333 0.6898639 0.6899 1.0000000 1.0000 1.0000000 220.3160 0.5462937 3.0163 1.0000000 1.0000 0.6666666666666667 1.0 0.41082234603292944 []
 | 31.6796 33.8980 22.4376 0.4401224 Cc1ccc(C)c(C(=O)Nc2cc3c(cn2)CNC3)c1 1 O=C(Nc1cc2c(cn1)CNC2)c1ccccc1 0.2150000 0.2150 0.2411214 0.2411 0.3333333 0.3333 0.7979274 0.7979 1.0000000 1.0000 1.0000000 267.3320 0.5311857 2.3561 1.0000000 1.0000 0.6666666666666667 1.0 0.41082234603292944 []
 | 29.2158 32.7498 23.5153 0.4395708 Cc1nn(-c2ccccc2)cc1CC(=O)NCCNC1CCCCC1 1 O=C(Cc1cnn(-c2ccccc2)c1)NCCNC1CCCCC1 0.2000000 0.2000 0.2641353 0.2641 0.3333333 0.3333 0.7627105 0.7627 1.0000000 1.0000 1.0000000 340.4710 0.5282283 2.2272 1.0000000 1.0000 0.6666666666666667 1.0 0.4000000000000001 []
 | 37.0508 43.2161 22.7148 0.5150846 O=C(CBr)Nc1cccc([C@@H]2C[C@@H](NC(=O)c3cccc(F)c3)CCO2)c1 1 O=C(NC1CCOC(c2ccccc2)C1)c1ccccc1 0.2600000 0.2600 0.2668802 0.2669 0.6666667 0.6667 0.7331198 0.7331 1.0000000 1.0000 1.0000000 435.2930 0.5464224 3.0219 1.0000000 1.0000 0.33333333333333337 1.0 0.43863424398922624 []
 | 25.2566 33.6012 24.2230 0.4517512 Cc1cc(NC(=O)c2ccc(-n3ccnc3)cc2)ccc1NCc1cccnc1 1 O=C(Nc1ccc(NCc2cccnc2)cc1)c1ccc(-n2ccnc2)cc1 0.2650000 0.2650 0.2282767 0.2283 0.3333333 0.3333 0.7762813 0.7763 1.0000000 1.0000 1.0000000 383.4550 0.5259117 2.1263 1.0000000 1.0000 0.6666666666666667 1.0 0.4413332074521472 []
 | 31.1353 36.1342 20.2793 0.4407303 Cc1cccc(Cn2cccc2)c1CNC(=O)[C@@H]1CCCNC1 1 O=C(NCc1ccccc1Cn1cccc1)C1CCCNC1 0.2050000 0.2050 0.2549194 0.2549 0.3333333 0.3333 0.7768946 0.7769 1.0000000 1.0000 1.0000000 311.4290 0.5446491 2.9443 1.0000000 1.0000 0.6666666666666667 1.0 0.403701622488689 []
 | 30.2379 29.0006 -15.7471 0.1035434 CCC(C)(CN)C(=O)Nc1ccc(-c2ccncc2)cc1 1 c1ccc(-c2ccncc2)cc1 0.2200000 0.2200 0.1972027 0.1972 0.3333333 0.3333 0.8232233 0.8232 0.0000000 0.0000 1.0000000 283.3750 0.5376225 2.6370 1.0000000 1.0000 0.6666666666666667 1.0 0.4142463035441596 []
 | 27.1897 32.9734 33.7165 0.5210145 O=C(Nc1ccc(-c2nc(=O)n(-c3ccccc3)[nH]2)cc1)c1cccc(Br)c1 1 O=C(Nc1ccc(-c2nc(=O)n(-c3ccccc3)[nH]2)cc1)c1ccccc1 0.3100000 0.3100 0.2372895 0.2373 0.6666667 0.6667 0.7627105 0.7627 1.0000000 1.0000 1.0000000 435.2810 0.5264338 2.1491 1.0000000 1.0000 0.33333333333333337 1.0 0.462493243193887 []
20:49:54 <INFO> Score: 0.40 Agent NLL: 29.43 Valid: 100% Step: 55
 | Agent Prior Target Score SMILES SMILES_state Scaffold predicted_activity predicted_activity (raw) training_similarity training_similarity (raw) taf_consistency taf_consistency (raw) novelty novelty (raw) stereo_validity stereo_validity (raw) MW_window MW_window (raw) synthetic_feasibility synthetic_feasibility (raw) curated alerts filter curated alerts filter (raw) taf_disrupted (predicted_activity) scaffold_novelty (predicted_activity) uncertainty (predicted_activity) matchting_patterns (curated alerts filter)
 | 46.2891 45.8636 8.5250 0.4249110 Cc1cccc(COc2ccc(CCN3CCC(N[C@@H]4CCCC[C@H]4c4ccncc4)CC3)cc2)n1 1 c1ccc(COc2ccc(CCN3CCC(NC4CCCCC4c4ccncc4)CC3)cc2)nc1 0.1800000 0.1800 0.2399520 0.2400 0.3333333 0.3333 0.7684595 0.7685 1.0000000 1.0000 1.0000000 484.6880 0.5511612 3.2297 1.0000000 1.0000 0.6666666666666667 1.0 0.38418745424597095 []
 | 36.9418 42.4166 17.9061 0.4712714 CCOC(=O)CCC(=O)Nc1cc2ccccc2cc1C(=O)N(C)Cc1ccc(-n2cncn2)cc1 1 O=C(NCc1ccc(-n2cncn2)cc1)c1ccc2ccccc2c1 0.2000000 0.2000 0.2130407 0.2130 0.6666667 0.6667 0.7912131 0.7912 1.0000000 1.0000 1.0000000 485.5440 0.5327046 2.4224 1.0000000 1.0000 0.33333333333333337 1.0 0.4 []
 | 24.6842 28.8779 30.8701 0.4667810 CNC(=O)c1cccc(S(=O)(=O)NCc2ccc(Oc3ccccc3)cc2)c1 1 O=S(=O)(NCc1ccc(Oc2ccccc2)cc1)c1ccccc1 0.2550000 0.2550 0.2974089 0.2974 0.3333333 0.3333 0.7025911 0.7026 1.0000000 1.0000 1.0000000 396.4680 0.5196125 1.8522 1.0000000 1.0000 0.6666666666666667 1.0 0.43586121644395015 []
 | 28.8167 28.8929 30.0579 0.4605534 CCCCOCCCNC(=O)c1c(C)nn(Cc2cccc(C)c2)c1C 1 c1ccc(Cn2cccn2)cc1 0.1950000 0.1950 0.3550358 0.3550 0.3333333 0.3333 0.7237544 0.7238 1.0000000 1.0000 1.0000000 357.4980 0.5263818 2.1468 1.0000000 1.0000 0.6666666666666667 1.0 0.3962007067131506 []
 | 35.0963 41.2735 23.1383 0.5032173 O=C(NCc1ccco1)[C@H]1C[C@H]1C(=O)NCCc1cc(Br)co1 1 O=C(NCCc1ccco1)C1CC1C(=O)NCc1ccco1 0.2400000 0.2400 0.2500646 0.2501 0.6666667 0.6667 0.7549285 0.7549 1.0000000 1.0000 1.0000000 381.2260 0.5566363 3.4703 1.0000000 1.0000 0.33333333333333337 1.0 0.4270831300812525 []
 | 25.0006 28.2140 29.5262 0.4510954 COc1ccc(CN=C(NCc2ccccc2)NC(C)(C)C)cn1 1 C(=NCc1cccnc1)NCc1ccccc1 0.2100000 0.2100 0.2988703 0.2989 0.3333333 0.3333 0.7025911 0.7026 1.0000000 1.0000 1.0000000 326.4440 0.5317147 2.3792 1.0000000 1.0000 0.6666666666666667 1.0 0.40730823708832603 []
 | 25.4696 32.7956 24.1986 0.4452668 O=C(NC[C@@H]1CCCNC1)Nc1ccccc1-c1ccco1 1 O=C(NCC1CCCNC1)Nc1ccccc1-c1ccco1 0.2000000 0.2000 0.2797155 0.2797 0.3333333 0.3333 0.7627105 0.7627 1.0000000 1.0000 1.0000000 299.3740 0.5385088 2.6757 1.0000000 1.0000 0.6666666666666667 1.0 0.4 []
 | 27.8878 29.6137 -25.6654 0.0308462 O=C(Cn1ccc(=O)c2ccccc21)N1CCN(S(=O)(=O)c2ccccc2)CC1 1 O=C(Cn1ccc(=O)c2ccccc21)N1CCN(S(=O)(=O)c2ccccc2)CC1 0.2200000 0.2200 0.2528903 0.2529 0.0000000 0.0000 0.7521592 0.7522 1.0000000 1.0000 1.0000000 411.4830 0.5256301 2.1141 1.0000000 1.0000 1.0 1.0 0.41424630354415964 []
 | 30.2122 32.9623 27.5131 0.4724643 Cc1ccc2c(=O)n(Cc3ccccc3)c(=O)n(CC(=O)Nc3c(Cl)cccc3Cl)c2n1 1 O=C(Cn1c(=O)n(Cc2ccccc2)c(=O)c2cccnc21)Nc1ccccc1 0.2750000 0.2750 0.2891746 0.2892 0.3333333 0.3333 0.7122393 0.7122 1.0000000 1.0000 1.0000000 469.3280 0.5287132 2.2484 1.0000000 1.0000 0.6666666666666667 1.0 0.44651427748729383 []
 | 33.2950 36.7398 22.0818 0.4595440 O=C(/C=C/c1ccccc1Br)Nc1ccccc1NS(=O)(=O)c1ccc(F)cc1F 1 O=C(C=Cc1ccccc1)Nc1ccccc1NS(=O)(=O)c1ccccc1 0.2200000 0.2200 0.1661026 0.1661 0.6666667 0.6667 0.8338974 0.8339 1.0000000 1.0000 1.0000000 493.3290 0.5287333 2.2492 1.0000000 1.0000 0.33333333333333337 1.0 0.41424630354415964 []
20:49:54 <INFO> Sampled SMILES n1c2ccccc2n(CCOC2CCCCC2)nc1Oc1ccccc1 failed to sanitize.
20:49:54 <INFO> Sampled SMILES Cc1nc(c(CN[C@@H]2c3c(oc4ccccc4c3)CCC2)cc1)OC failed to sanitize.
20:49:58 <INFO> Score: 0.37 Agent NLL: 29.86 Valid:  95% Step: 56
 | Agent Prior Target Score SMILES SMILES_state Scaffold predicted_activity predicted_activity (raw) training_similarity training_similarity (raw) taf_consistency taf_consistency (raw) novelty novelty (raw) stereo_validity stereo_validity (raw) MW_window MW_window (raw) synthetic_feasibility synthetic_feasibility (raw) curated alerts filter curated alerts filter (raw) taf_disrupted (predicted_activity) scaffold_novelty (predicted_activity) uncertainty (predicted_activity) matchting_patterns (curated alerts filter)
 | 28.1436 32.6325 20.5573 0.4155452 CCc1ccc(NC(=O)N2CCN(c3cc(N4CCCNCC4)ncn3)CC2)cc1 1 O=C(Nc1ccccc1)N1CCN(c2cc(N3CCCNCC3)ncn2)CC1 0.1750000 0.1750 0.2178551 0.2179 0.3333333 0.3333 0.8121154 0.8121 1.0000000 1.0000 1.0000000 409.5380 0.5308787 2.3428 1.0000000 1.0000 0.6666666666666667 1.0 0.3799671038392666 []
 | 28.5571 35.9296 16.5108 0.4096904 CNC(C)(C)C(=O)NC1CCN(Cc2cc(C)ccc2C)CC1 1 c1ccc(CN2CCCCC2)cc1 0.1700000 0.1700 0.2069102 0.2069 0.3333333 0.3333 0.8265114 0.8265 1.0000000 1.0000 1.0000000 317.4770 0.5287173 2.2485 1.0000000 1.0000 0.6666666666666667 1.0 0.375632799419859 []
 | 39.8817 42.5856 10.6647 0.4160176 N=Cc1ccc(NCC2([C@@H]3CCCCN3)CCCCC2)cn1 1 c1cncc(NCC2(C3CCCCN3)CCCCC2)c1 0.1650000 0.1650 0.2222222 0.2222 0.3333333 0.3333 0.8529571 0.8530 1.0000000 1.0000 1.0000000 300.4500 0.5529505 3.6917 1.0000000 1.0000 0.6666666666666667 1.0 0.37118054905934933 []
 | 26.4244 29.6420 31.0418 0.4740922 CNC(=O)Nc1cccc(CNC(=O)Nc2ccccc2F)c1 1 O=C(NCc1ccccc1)Nc1ccccc1 0.2800000 0.2800 0.2857953 0.2858 0.3333333 0.3333 0.7432519 0.7433 1.0000000 1.0000 1.0000000 316.3360 0.5185667 1.8067 1.0000000 1.0000 0.6666666666666667 1.0 0.44899888641287294 []
 | 30.6997 35.9773 19.8195 0.4359128 Cc1cc(NC(=O)c2ccc(-c3ccccc3F)o2)ccc1NC(=O)N1CCCCCC1 1 O=C(Nc1ccc(NC(=O)N2CCCCCC2)cc1)c1ccc(-c2ccccc2)o1 0.2200000 0.2200 0.2282767 0.2283 0.3333333 0.3333 0.7762813 0.7763 1.0000000 1.0000 1.0000000 435.4990 0.5264560 2.1500 1.0000000 1.0000 0.6666666666666667 1.0 0.41424630354415964 []
 | 23.7797 26.6631 31.1419 0.4516010 COc1ccc(OC[C@H](O)Nc2ccc(Cl)cc2)cc1 1 c1ccc(NCCOc2ccccc2)cc1 0.1900000 0.1900 0.3232541 0.3233 0.3333333 0.3333 0.7424363 0.7424 1.0000000 1.0000 1.0000000 293.7500 0.5316070 2.3745 1.0000000 1.0000 0.6666666666666667 1.0 0.39230090491866065 []
 | 23.1063 26.9671 -26.9671 0.0000000 NC(CC(=O)NCc1cc(F)cc(Br)c1)=NO 1 c1ccccc1 0.2600000 0.2600 0.1666667 0.1667 0.6666667 0.6667 0.8356010 0.8356 1.0000000 1.0000 1.0000000 304.1190 0.5328119 2.4271 1.0000000 1.0000 0.33333333333333337 1.0 0.4386342439892262 []
 | 26.8745 34.2175 -20.9060 0.1039961 Cc1cc(Cl)ccc1OCC(=O)NCC(C)NC1CCCCCC1 1 O=C(COc1ccccc1)NCCNC1CCCCCC1 0.1650000 0.1650 0.2797155 0.2797 0.3333333 0.3333 0.7627105 0.7627 0.0000000 0.0000 1.0000000 352.9060 0.5365525 2.5903 1.0000000 1.0000 0.6666666666666667 1.0 0.37118054905934933 []
 | 31.4578 34.3332 22.3482 0.4428232 CCS(=O)(=O)c1ccc(Cc2ccc(NC(=O)c3ccc(Cl)cc3)cc2)cc1 1 O=C(Nc1ccc(Cc2ccccc2)cc1)c1ccccc1 0.2450000 0.2450 0.2226468 0.2226 0.3333333 0.3333 0.7866477 0.7866 1.0000000 1.0000 1.0000000 413.9260 0.5186142 1.8088 1.0000000 1.0000 0.6666666666666667 1.0 0.4300872004605578 []
 | 33.0143 39.9928 -39.9928 0.0000000 n1c2ccccc2n(CCOC2CCCCC2)nc1Oc1ccccc1 0 -- 0.0000000 0.0000 0.0000000 0.0000 0.0000000 0.0000 0.0000000 0.0000 0.0000000 0.0000 0.0000000 0.0000 0.0000000 0.0000 0.0000000 0.0000 None None None None
20:50:02 <INFO> Score: 0.42 Agent NLL: 28.27 Valid: 100% Step: 57
 | Agent Prior Target Score SMILES SMILES_state Scaffold predicted_activity predicted_activity (raw) training_similarity training_similarity (raw) taf_consistency taf_consistency (raw) novelty novelty (raw) stereo_validity stereo_validity (raw) MW_window MW_window (raw) synthetic_feasibility synthetic_feasibility (raw) curated alerts filter curated alerts filter (raw) taf_disrupted (predicted_activity) scaffold_novelty (predicted_activity) uncertainty (predicted_activity) matchting_patterns (curated alerts filter)
 | 27.7046 30.0903 23.0018 0.4147816 CC(=O)Nc1ccc(NC(=O)Nc2cc(C(C)(C)C)ccc2Cl)cc1 1 O=C(Nc1ccccc1)Nc1ccccc1 0.2100000 0.2100 0.1779150 0.1779 0.3333333 0.3333 0.8478549 0.8479 1.0000000 1.0000 1.0000000 359.8570 0.5194349 1.8445 1.0000000 1.0000 0.6666666666666667 1.0 0.4073082370883261 []
 | 24.3215 28.9852 39.3939 0.5342119 O=C(NCc1cccnc1)c1ccccc1NS(=O)(=O)c1ccc(Br)cc1 1 O=C(NCc1cccnc1)c1ccccc1NS(=O)(=O)c1ccccc1 0.3250000 0.3250 0.2637806 0.2638 0.6666667 0.6667 0.7362194 0.7362 1.0000000 1.0000 1.0000000 446.3260 0.5208437 1.9058 1.0000000 1.0000 0.33333333333333337 1.0 0.4683748498798799 []
 | 22.2567 29.8997 37.8912 0.5296167 C[C@@H](OC(=O)c1ccccc1NCc1ccccc1)C(=O)NCCCc1ccccc1 1 O=C(COC(=O)c1ccccc1NCc1ccccc1)NCCCc1ccccc1 0.2650000 0.2650 0.3185930 0.3186 0.6666667 0.6667 0.6814070 0.6814 1.0000000 1.0000 1.0000000 416.5210 0.5303670 2.3204 1.0000000 1.0000 0.33333333333333337 1.0 0.4413332074521472 []
 | 25.7640 32.5446 24.0792 0.4423733 COc1ccc(NC(=O)c2cc3ccccc3cc2OC)cc1NC(=O)c1cccc(C)c1 1 O=C(Nc1cccc(NC(=O)c2ccc3ccccc3c2)c1)c1ccccc1 0.2000000 0.2000 0.2708645 0.2709 0.3333333 0.3333 0.7841795 0.7842 1.0000000 1.0000 1.0000000 440.4990 0.5219384 1.9534 1.0000000 1.0000 0.6666666666666667 1.0 0.4 []
 | 24.6413 24.8690 -11.5582 0.1039901 O=C(Nc1ccc2c(c1)CCCC2)C1CCCNC1 1 O=C(Nc1ccc2c(c1)CCCC2)C1CCCNC1 0.2250000 0.2250 0.1979083 0.1979 0.3333333 0.3333 0.8222953 0.8223 0.0000000 0.0000 1.0000000 258.3650 0.5343062 2.4922 1.0000000 1.0000 0.6666666666666667 1.0 0.41758232721225164 []
 | 31.3810 37.5424 20.7617 0.4555010 CCCCCc1ccc(NC(=O)[C@H](C)Sc2cccc(NC(=O)COc3ccccc3)c2)cc1 1 O=C(COc1ccccc1)Nc1cccc(SCC(=O)Nc2ccccc2)c1 0.2100000 0.2100 0.3162278 0.3162 0.3333333 0.3333 0.6924377 0.6924 1.0000000 1.0000 1.0000000 476.6420 0.5331683 2.4426 1.0000000 1.0000 0.6666666666666667 1.0 0.4073082370883261 []
 | 37.8615 39.0039 -24.7538 0.1113286 COc1ccc(CNc2nc(NC(C)Cc3ccccc3)nc(C(=O)c3ccccc3)n2)cc1 1 O=C(c1ccccc1)c1nc(NCCc2ccccc2)nc(NCc2ccccc2)n1 0.2250000 0.2250 0.3053124 0.3053 0.3333333 0.3333 0.6946876 0.6947 0.0000000 0.0000 1.0000000 453.5460 0.5400839 2.7446 1.0000000 1.0000 0.6666666666666667 1.0 0.41758232721225164 []
 | 25.1850 28.3371 40.4958 0.5377574 C#CCOc1ccc(CNCCc2ccccc2OC)cc1OC 1 c1ccc(CCNCc2ccccc2)cc1 0.2950000 0.2950 0.3096116 0.3096 0.6666667 0.6667 0.6903884 0.6904 1.0000000 1.0000 1.0000000 325.4080 0.5241706 2.0505 1.0000000 1.0000 0.33333333333333337 1.0 0.45604276115294284 []
 | 33.9656 35.9597 19.1400 0.4304662 Cc1ccc(C)c(NC(=O)c2noc(C)c2CSc2cc(C(F)(F)F)ccn2)c1 1 O=C(Nc1ccccc1)c1nocc1CSc1ccccn1 0.2250000 0.2250 0.2037848 0.2038 0.3333333 0.3333 0.8022814 0.8023 1.0000000 1.0000 1.0000000 421.4440 0.5361980 2.5748 1.0000000 1.0000 0.6666666666666667 1.0 0.4175823272122517 []
 | 25.1412 34.2267 36.2330 0.5504666 CC(C)(C)OC(=O)Nc1ccc(N)c(Nc2ccc(OCc3ccccc3)cc2)c1 1 c1ccc(COc2ccc(Nc3ccccc3)cc2)cc1 0.2750000 0.2750 0.3962029 0.3962 0.6666667 0.6667 0.6203368 0.6203 1.0000000 1.0000 1.0000000 405.4980 0.5226610 1.9848 1.0000000 1.0000 0.33333333333333337 1.0 0.44651427748729383 []
20:50:02 <INFO> Sampled SMILES c1cc(ccc1C=c1sc2nc(=O)c(Cc3ccccc3)c(C)n2n1)C(C)C failed to sanitize.
20:50:06 <INFO> Score: 0.41 Agent NLL: 28.10 Valid:  98% Step: 58
 | Agent Prior Target Score SMILES SMILES_state Scaffold predicted_activity predicted_activity (raw) training_similarity training_similarity (raw) taf_consistency taf_consistency (raw) novelty novelty (raw) stereo_validity stereo_validity (raw) MW_window MW_window (raw) synthetic_feasibility synthetic_feasibility (raw) curated alerts filter curated alerts filter (raw) taf_disrupted (predicted_activity) scaffold_novelty (predicted_activity) uncertainty (predicted_activity) matchting_patterns (curated alerts filter)
 | 26.9106 32.0211 31.4998 0.4962568 COCCNC(=O)[C@H](Cc1ccccc1)NC(=O)COc1ccc(C)c(C)c1 1 O=C(COc1ccccc1)NCCc1ccccc1 0.3050000 0.3050 0.3522835 0.3523 0.3333333 0.3333 0.6477165 0.6477 1.0000000 1.0000 1.0000000 384.4760 0.5308504 2.3415 1.0000000 1.0000 0.6666666666666667 1.0 0.460407428263272 []
 | 27.7171 31.2591 27.0933 0.4558780 O=C(Nc1ccccc1C(=O)N1CCc2cccnc21)c1cccnc1 1 O=C(Nc1ccccc1C(=O)N1CCc2cccnc21)c1cccnc1 0.2400000 0.2400 0.2669304 0.2669 0.3333333 0.3333 0.7601994 0.7602 1.0000000 1.0000 1.0000000 344.3740 0.5263492 2.1454 1.0000000 1.0000 0.6666666666666667 1.0 0.4270831300812525 []
 | 27.5851 32.0249 24.3953 0.4407828 CCCCc1ccc(NC(=O)Nc2ccc3nc(-c4ccc(F)cc4)cn3c2)cc1 1 O=C(Nc1ccccc1)Nc1ccc2nc(-c3ccccc3)cn2c1 0.1900000 0.1900 0.2809757 0.2810 0.3333333 0.3333 0.7703603 0.7704 1.0000000 1.0000 1.0000000 402.4730 0.5269765 2.1727 1.0000000 1.0000 0.6666666666666667 1.0 0.39230090491866065 []
 | 27.8131 31.2541 25.2464 0.4414105 CCCCC(=O)Nc1ccc(C)c(-n2c(C)nnc2C)c1 1 c1ccc(-n2cnnc2)cc1 0.1950000 0.1950 0.2706660 0.2707 0.3333333 0.3333 0.8018515 0.8019 1.0000000 1.0000 1.0000000 286.3790 0.5256873 2.1166 1.0000000 1.0000 0.6666666666666667 1.0 0.3962007067131506 []
 | 29.4134 37.3266 20.6564 0.4529923 CCOc1cnc(NC(=O)NCCNC(=O)c2ccc(CC)cc2)nc1 1 O=C(NCCNC(=O)c1ccccc1)Nc1ncccn1 0.2400000 0.2400 0.2608203 0.2608 0.3333333 0.3333 0.7463269 0.7463 1.0000000 1.0000 1.0000000 357.4140 0.5256588 2.1153 1.0000000 1.0000 0.6666666666666667 1.0 0.4270831300812525 []
 | 49.3247 52.1942 2.7156 0.4289828 N#Cc1cc(CN2CC[C@H]3CCN(Cc4ccc(-n5cccc5)c(C(F)(F)F)c4)C[C@@H]32)ccc1F 1 c1ccc(CN2CCC3CCN(Cc4ccc(-n5cccc5)cc4)CC32)cc1 0.2300000 0.2300 0.1892327 0.1892 0.3333333 0.3333 0.8273069 0.8273 1.0000000 1.0000 1.0000000 482.5250 0.5567419 3.5251 1.0000000 1.0000 0.6666666666666667 1.0 0.4208325082500163 []
 | 24.8683 26.6717 25.6665 0.4088924 Cc1cc(N)ccc1OCc1csc(C(C)(C)C)n1 1 c1ccc(OCc2cscn2)cc1 0.1750000 0.1750 0.2000625 0.2001 0.3333333 0.3333 0.8157257 0.8157 1.0000000 1.0000 1.0000000 276.4050 0.5298780 2.2991 1.0000000 1.0000 0.6666666666666667 1.0 0.3799671038392666 []
 | 20.2936 27.1387 31.9668 0.4617616 COc1ccc(COc2ccccc2C=C2C(=O)NC(=O)NC2=O)cc1 1 O=C1NC(=O)C(=Cc2ccccc2OCc2ccccc2)C(=O)N1 0.1800000 0.1800 0.4146341 0.4146 0.3333333 0.3333 0.6405527 0.6406 1.0000000 1.0000 1.0000000 352.3460 0.5259078 2.1262 1.0000000 1.0000 0.6666666666666667 1.0 0.38418745424597095 []
 | 20.1724 29.3003 31.4335 0.4744828 O=C(NCc1ccnc(Nc2ccccc2)c1)Nc1ccccc1 1 O=C(NCc1ccnc(Nc2ccccc2)c1)Nc1ccccc1 0.2750000 0.2750 0.3008473 0.3008 0.3333333 0.3333 0.7027027 0.7027 1.0000000 1.0000 1.0000000 318.3800 0.5175558 1.7628 1.0000000 1.0000 0.6666666666666667 1.0 0.4465142774872938 []
 | 22.5776 27.6779 37.0726 0.5058632 N#Cc1cccc(S(=O)(=O)Nc2ccc(SCc3ccccc3)cc2)c1 1 O=S(=O)(Nc1ccc(SCc2ccccc2)cc1)c1ccccc1 0.2550000 0.2550 0.2507061 0.2507 0.6666667 0.6667 0.7492939 0.7493 1.0000000 1.0000 1.0000000 380.4940 0.5219486 1.9538 1.0000000 1.0000 0.33333333333333337 1.0 0.43586121644395015 []
20:50:06 <INFO> Sampled SMILES c1(cc2c(CCC2)cc1)C(=O)Nc1sc2c(ccc(NC(=O)c3ccc(C(F)(F)F)cc3)c2)cc1 failed to sanitize.
20:50:09 <INFO> Score: 0.38 Agent NLL: 29.05 Valid:  98% Step: 59
 | Agent Prior Target Score SMILES SMILES_state Scaffold predicted_activity predicted_activity (raw) training_similarity training_similarity (raw) taf_consistency taf_consistency (raw) novelty novelty (raw) stereo_validity stereo_validity (raw) MW_window MW_window (raw) synthetic_feasibility synthetic_feasibility (raw) curated alerts filter curated alerts filter (raw) taf_disrupted (predicted_activity) scaffold_novelty (predicted_activity) uncertainty (predicted_activity) matchting_patterns (curated alerts filter)
 | 27.3044 33.2873 29.2784 0.4887945 O=C(NCc1ccccn1)c1cc2cc(CSCc3ccccc3)ccc2[nH]1 1 O=C(NCc1ccccn1)c1cc2cc(CSCc3ccccc3)ccc2[nH]1 0.3150000 0.3150 0.3053124 0.3053 0.3333333 0.3333 0.6946876 0.6947 1.0000000 1.0000 1.0000000 387.5080 0.5277255 2.2053 1.0000000 1.0000 0.6666666666666667 1.0 0.46451587701606073 []
 | 35.9334 45.8028 -31.9703 0.1080667 C=CCN1Cc2ccccc2NC(CNC(=O)c2ccc(CSc3ccccn3)cc2)C1 1 O=C(NCC1CNCc2ccccc2N1)c1ccc(CSc2ccccn2)cc1 0.2200000 0.2200 0.2555506 0.2556 0.3333333 0.3333 0.7514521 0.7515 0.0000000 0.0000 1.0000000 444.6040 0.5471302 3.0529 1.0000000 1.0000 0.6666666666666667 1.0 0.4142463035441596 []
 | 36.8718 44.8645 20.3207 0.5092595 C#CCOCCOCCNc1nc(NCC(C)(C)C)nc2c1[C@H](C)CC(=O)N2 1 O=C1CCc2cncnc2N1 0.2100000 0.2100 0.3217818 0.3218 0.6666667 0.6667 0.6782182 0.6782 1.0000000 1.0000 1.0000000 389.5000 0.5533272 3.6752 1.0000000 1.0000 0.33333333333333337 1.0 0.40730823708832603 []
 | 34.7824 36.7536 20.6781 0.4486850 CC1([C@H](CO)NC(=O)c2ccc(N3CCCCCC3)nc2)CCCC1 1 O=C(NCC1CCCC1)c1ccc(N2CCCCCC2)nc1 0.2150000 0.2150 0.2741446 0.2741 0.3333333 0.3333 0.7333676 0.7334 1.0000000 1.0000 1.0000000 345.4870 0.5462956 3.0164 1.0000000 1.0000 0.6666666666666667 1.0 0.41082234603292944 []
 | 51.5305 60.5563 -58.7565 0.0140611 CCCCC/C=C/C/C=C/C/C=C/CCCCCC(=O)O[C@H]1[C@H](O)C[C@@H](OCCCCCCNC(=O)Cc2ccc3ccccc3c2)O[C@H]1CO 1 O=C(Cc1ccc2ccccc2c1)NCCCCCCOC1CCCCO1 0.1650000 0.1650 0.3163372 0.3163 0.6666667 0.6667 0.7161125 0.7161 1.0000000 1.0000 0.0000000 705.9770 0.5381290 4.3409 1.0000000 1.0000 0.33333333333333337 1.0 0.37118054905934933 []
 | 41.3478 47.8720 8.4756 0.4402153 COCCOCCSc1cncc(NC(=O)c2[nH]cnc(=O)c2OC)c1 1 O=C(Nc1cccnc1)c1cc(=O)nc[nH]1 0.1750000 0.1750 0.3060866 0.3061 0.3333333 0.3333 0.7328964 0.7329 1.0000000 1.0000 1.0000000 380.4260 0.5428807 2.8669 1.0000000 1.0000 0.6666666666666667 1.0 0.3799671038392666 []
 | 29.7209 32.3536 -18.7054 0.1066267 Cc1cc(NS(=O)(=O)N2CCC(Oc3ccccc3)C2)no1 1 O=S(=O)(Nc1ccon1)N1CCC(Oc2ccccc2)C1 0.1900000 0.1900 0.2763188 0.2763 0.3333333 0.3333 0.7576069 0.7576 0.0000000 0.0000 1.0000000 323.3740 0.5412855 2.7971 1.0000000 1.0000 0.6666666666666667 1.0 0.39230090491866065 []
 | 23.5532 26.6046 29.7268 0.4400889 O=S(=O)(NCCCOc1ccccc1)c1cc(F)ccc1F 1 O=S(=O)(NCCCOc1ccccc1)c1ccccc1 0.2050000 0.2050 0.2666904 0.2667 0.3333333 0.3333 0.7333096 0.7333 1.0000000 1.0000 1.0000000 327.3520 0.5192838 1.8379 1.0000000 1.0000 0.6666666666666667 1.0 0.403701622488689 []
 | 25.0041 31.4820 22.8113 0.4241668 CCCn1cc(CNc2cc(C)ccc2C(=O)O)c(C)n1 1 c1ccc(NCc2cn[nH]c2)cc1 0.2100000 0.2100 0.2038589 0.2039 0.3333333 0.3333 0.8017274 0.8017 1.0000000 1.0000 1.0000000 287.3630 0.5280206 2.2182 1.0000000 1.0000 0.6666666666666667 1.0 0.40730823708832603 []
 | 24.0597 26.4199 -9.4145 0.1328549 C#CCOc1ccc(C(=O)NCC2CCCNC2)cc1 1 O=C(NCC1CCCNC1)c1ccccc1 0.2800000 0.2800 0.3724962 0.3725 0.6666667 0.6667 0.6275038 0.6275 0.0000000 0.0000 1.0000000 272.3480 0.5378927 2.6488 1.0000000 1.0000 0.33333333333333337 1.0 0.44899888641287294 []
20:50:13 <INFO> Score: 0.38 Agent NLL: 29.18 Valid: 100% Step: 60
 | Agent Prior Target Score SMILES SMILES_state Scaffold predicted_activity predicted_activity (raw) training_similarity training_similarity (raw) taf_consistency taf_consistency (raw) novelty novelty (raw) stereo_validity stereo_validity (raw) MW_window MW_window (raw) synthetic_feasibility synthetic_feasibility (raw) curated alerts filter curated alerts filter (raw) taf_disrupted (predicted_activity) scaffold_novelty (predicted_activity) uncertainty (predicted_activity) matchting_patterns (curated alerts filter)
 | 33.7782 37.2208 -22.5755 0.1144168 O=C(NCc1ccco1)c1ccc2c(c1)C1(c3ccccc3)CC1CN2 1 O=C(NCc1ccco1)c1ccc2c(c1)C1(c3ccccc3)CC1CN2 0.2650000 0.2650 0.2935652 0.2936 0.3333333 0.3333 0.7064348 0.7064 0.0000000 0.0000 1.0000000 344.4140 0.5504465 3.1983 1.0000000 1.0000 0.6666666666666667 1.0 0.4413332074521472 []
 | 25.3818 30.3754 28.8009 0.4623144 O=C(NCc1cccc(CN2CCNCC2)c1)c1cccnc1Cl 1 O=C(NCc1cccc(CN2CCNCC2)c1)c1cccnc1 0.2650000 0.2650 0.2641353 0.2641 0.3333333 0.3333 0.7389815 0.7390 1.0000000 1.0000 1.0000000 344.8460 0.5247657 2.0764 1.0000000 1.0000 0.6666666666666667 1.0 0.4413332074521472 []
 | 29.4417 34.8228 -34.8228 0.0000000 N#Cc1ccc(CNCCNCCCCN)c(Cl)c1 1 c1ccccc1 0.2200000 0.2200 0.1334401 0.1334 0.6666667 0.6667 0.8904007 0.8904 1.0000000 1.0000 1.0000000 280.8030 0.5288625 2.2549 1.0000000 1.0000 0.33333333333333337 1.0 0.41424630354415964 []
 | 25.8708 25.5546 32.3625 0.4524770 N#Cc1cccc(CN2CCN(C(=O)Cc3cccs3)CC2)c1 1 O=C(Cc1cccs1)N1CCN(Cc2ccccc2)CC1 0.2500000 0.2500 0.2473316 0.2473 0.3333333 0.3333 0.7576069 0.7576 1.0000000 1.0000 1.0000000 325.4370 0.5244630 2.0633 1.0000000 1.0000 0.6666666666666667 1.0 0.4330127018922193 []
 | 30.8677 35.6375 13.6119 0.3847611 Cc1cnc(CNCc2cc3c(nc2C)CCCC3)nc1 1 c1cnc(CNCc2cnc3c(c2)CCCC3)nc1 0.1550000 0.1550 0.1578947 0.1579 0.3333333 0.3333 0.8733263 0.8733 1.0000000 1.0000 1.0000000 282.3910 0.5380308 2.6549 1.0000000 1.0000 0.6666666666666667 1.0 0.36190468358395134 []
 | 35.2964 41.1322 18.6337 0.4669211 C[C@H]1CCc2cnc(NC(=O)COc3ccccc3)cc2N1Cc1ccc(F)cc1 1 O=C(COc1ccccc1)Nc1cc2c(cn1)CCCN2Cc1ccccc1 0.2300000 0.2300 0.3203847 0.3204 0.3333333 0.3333 0.7193736 0.7194 1.0000000 1.0000 1.0000000 405.4730 0.5392279 2.7072 1.0000000 1.0000 0.6666666666666667 1.0 0.4208325082500163 []
 | 33.7961 33.5344 -18.9754 0.1137422 O=C(Cn1c(=O)[nH]c2ccccc2c1=O)NC1CCCCS(=O)(=O)C1 1 O=C(Cn1c(=O)[nH]c2ccccc2c1=O)NC1CCCCS(=O)(=O)C1 0.2700000 0.2700 0.2789943 0.2790 0.3333333 0.3333 0.7210057 0.7210 0.0000000 0.0000 1.0000000 365.4110 0.5409058 2.7805 1.0000000 1.0000 0.6666666666666667 1.0 0.4439594576084623 []
 | 28.4559 30.5267 37.3963 0.5306490 Cc1ccc(NS(=O)(=O)c2cccc(C(=O)OCc3ccc(C#N)cc3)c2)c(C)c1 1 O=C(OCc1ccccc1)c1cccc(S(=O)(=O)Nc2ccccc2)c1 0.2350000 0.2350 0.2513675 0.2514 1.0000000 1.0000 0.7515987 0.7516 1.0000000 1.0000 1.0000000 420.4900 0.5239098 2.0392 1.0000000 1.0000 0.0 1.0 0.4239988207530771 []
 | 43.0699 50.3751 7.4410 0.4516882 CC(=O)Nc1cn2c(/C=C\CNCc3ccccc3CO)ccc2cn1 1 C(=Cc1ccc2cnccn12)CNCc1ccccc1 0.2350000 0.2350 0.2537730 0.2538 0.3333333 0.3333 0.7720196 0.7720 1.0000000 1.0000 1.0000000 350.4220 0.5433279 2.8864 1.0000000 1.0000 0.6666666666666667 1.0 0.4239988207530771 []
 | 25.0310 36.0219 27.1113 0.4932282 O=C(CCc1ccccc1)Nc1cccc(C(=O)Nc2ccc(N(c3ccccc3)c3ccccc3)cc2)c1 1 O=C(CCc1ccccc1)Nc1cccc(C(=O)Nc2ccc(N(c3ccccc3)c3ccccc3)cc2)c1 0.3350000 0.3350 0.3008473 0.3008 0.3333333 0.3333 0.6991527 0.6992 1.0000000 1.0000 1.0000000 511.6250 0.5244916 2.0645 1.0000000 1.0000 0.6666666666666667 1.0 0.4719904660054057 []
20:50:13 <INFO> Sampled SMILES c1c2CCN(S(c3ccc(OC)c(C(C(Nc4ccc(cc4)Cl)=O)(=O)=O)c3)(=O)=O)Cc2ccc1 failed to sanitize.
20:50:13 <INFO> Sampled SMILES O1CCC[C@H]1CN=c1c(c(=O)c2ccccc2c(=Nc2cccc(c2)OC)s1)OC failed to sanitize.
20:50:17 <INFO> Score: 0.38 Agent NLL: 29.02 Valid:  95% Step: 61
 | Agent Prior Target Score SMILES SMILES_state Scaffold predicted_activity predicted_activity (raw) training_similarity training_similarity (raw) taf_consistency taf_consistency (raw) novelty novelty (raw) stereo_validity stereo_validity (raw) MW_window MW_window (raw) synthetic_feasibility synthetic_feasibility (raw) curated alerts filter curated alerts filter (raw) taf_disrupted (predicted_activity) scaffold_novelty (predicted_activity) uncertainty (predicted_activity) matchting_patterns (curated alerts filter)
 | 26.1558 34.6293 27.0310 0.4817209 Cc1ccc(NS(=O)(=O)c2ccc(C(=O)Nc3ccccc3NC(=O)Cc3ccccc3)cc2)cc1 1 O=C(Cc1ccccc1)Nc1ccccc1NC(=O)c1ccc(S(=O)(=O)Nc2ccccc2)cc1 0.3050000 0.3050 0.2908717 0.2909 0.3333333 0.3333 0.7091283 0.7091 1.0000000 1.0000 1.0000000 499.5920 0.5220829 1.9597 1.0000000 1.0000 0.6666666666666667 1.0 0.460407428263272 []
 | 28.8444 27.6327 -13.0847 0.1136557 CC1CCNCC1NC(=O)c1ccc(OCc2ccc(F)cc2)cc1 1 O=C(NC1CCCNC1)c1ccc(OCc2ccccc2)cc1 0.2200000 0.2200 0.3559073 0.3559 0.3333333 0.3333 0.6642792 0.6643 0.0000000 0.0000 1.0000000 342.4140 0.5391034 2.7017 1.0000000 1.0000 0.6666666666666667 1.0 0.4142463035441596 []
 | 27.9054 31.6433 21.3970 0.4143776 COc1ccc(Cn2cc(NC(=O)Nc3ccc(Cl)cc3)cn2)cc1F 1 O=C(Nc1ccccc1)Nc1cnn(Cc2ccccc2)c1 0.1600000 0.1600 0.2363516 0.2364 0.3333333 0.3333 0.8140038 0.8140 1.0000000 1.0000 1.0000000 374.8030 0.5227960 1.9907 1.0000000 1.0000 0.6666666666666667 1.0 0.36660605559646714 []
 | 35.9325 33.5595 20.4784 0.4221709 COc1ccc(SCCCC(=O)NCCOc2ccc(CN3CCCC3=O)cc2)cc1 1 O=C(CCCSc1ccccc1)NCCOc1ccc(CN2CCCC2=O)cc1 0.1550000 0.1550 0.2737601 0.2738 0.3333333 0.3333 0.7783244 0.7783 1.0000000 1.0000 1.0000000 442.5810 0.5271188 2.1789 1.0000000 1.0000 0.6666666666666667 1.0 0.36190468358395134 []
 | 23.9810 27.3492 33.4296 0.4748348 COCCNC(=O)c1ccc(NCC(=O)Nc2ccccc2Cl)cc1 1 O=C(CNc1ccccc1)Nc1ccccc1 0.2650000 0.2650 0.3079409 0.3079 0.3333333 0.3333 0.7273751 0.7274 1.0000000 1.0000 1.0000000 361.8290 0.5179066 1.7780 1.0000000 1.0000 0.6666666666666667 1.0 0.4413332074521472 []
 | 39.6704 37.1186 21.7830 0.4601685 COc1cccc(CNC(=O)c2cc3ccccc3n2Cc2ccc(Cl)cc2)c1O 1 O=C(NCc1ccccc1)c1cc2ccccc2n1Cc1ccccc1 0.2450000 0.2450 0.2805794 0.2806 0.3333333 0.3333 0.7290168 0.7290 1.0000000 1.0000 1.0000000 420.8960 0.5254706 2.1071 1.0000000 1.0000 0.6666666666666667 1.0 0.43008720046055776 []
 | 29.2050 32.0694 26.8211 0.4600821 C[C@@H](COc1ccccc1)NC(=O)/C=C/c1ccc(-n2cccn2)cc1 1 O=C(C=Cc1ccc(-n2cccn2)cc1)NCCOc1ccccc1 0.2450000 0.2450 0.2789943 0.2790 0.3333333 0.3333 0.7210057 0.7210 1.0000000 1.0000 1.0000000 347.4180 0.5363156 2.5799 1.0000000 1.0000 0.6666666666666667 1.0 0.4300872004605578 []
 | 26.4269 34.6121 24.8573 0.4646046 CCOCCOc1ccccc1C(=O)Nc1cc2ccccc2cc1NC(=O)CC 1 O=C(Nc1ccc2ccccc2c1)c1ccccc1 0.2400000 0.2400 0.3057883 0.3058 0.3333333 0.3333 0.7068490 0.7068 1.0000000 1.0000 1.0000000 406.4820 0.5253779 2.1031 1.0000000 1.0000 0.6666666666666667 1.0 0.4270831300812525 []
 | 35.3979 44.2510 8.1411 0.4093133 COc1ccc(NCc2cn(Cc3ccccc3F)c(Nc3ccccc3)n2)c([N+](=O)[O-])c1 1 c1ccc(Cn2cc(CNc3ccccc3)nc2Nc2ccccc2)cc1 0.1600000 0.1600 0.2199560 0.2200 0.3333333 0.3333 0.8105578 0.8106 1.0000000 1.0000 1.0000000 447.4700 0.5334321 2.4541 1.0000000 1.0000 0.6666666666666667 1.0 0.36660605559646714 []
 | 36.0809 38.8551 20.9021 0.4668532 CCN(CC)c1cccc(NC(=O)c2ccc(NS(=O)(=O)c3ccc(NC)cc3)cc2)c1 1 O=C(Nc1ccccc1)c1ccc(NS(=O)(=O)c2ccccc2)cc1 0.3200000 0.3200 0.2219011 0.2219 0.3333333 0.3333 0.7937158 0.7937 1.0000000 1.0000 1.0000000 452.5800 0.5255150 2.1091 1.0000000 1.0000 0.6666666666666667 1.0 0.466476151587624 []
20:50:21 <INFO> Score: 0.42 Agent NLL: 28.22 Valid: 100% Step: 62
 | Agent Prior Target Score SMILES SMILES_state Scaffold predicted_activity predicted_activity (raw) training_similarity training_similarity (raw) taf_consistency taf_consistency (raw) novelty novelty (raw) stereo_validity stereo_validity (raw) MW_window MW_window (raw) synthetic_feasibility synthetic_feasibility (raw) curated alerts filter curated alerts filter (raw) taf_disrupted (predicted_activity) scaffold_novelty (predicted_activity) uncertainty (predicted_activity) matchting_patterns (curated alerts filter)
 | 28.5042 31.9321 -31.9321 0.0000000 CC[S+]([O-])NCC(=O)Nc1ccc(Br)cn1 1 c1ccncc1 0.0000000 0.0000 0.0000000 0.0000 0.0000000 0.0000 0.0000000 0.0000 0.0000000 0.0000 0.0000000 0.0000 0.0000000 0.0000 0.0000000 0.0000 None None None ['[#7;!n][S;!$(S(=O)=O)]']
 | 33.0262 37.7004 -36.0317 0.0130365 COc1ccc(NS(=O)(=O)c2cccc(NC(=O)c3cccc(S(=O)(=O)Nc4ccccc4Cl)c3)c2)cc1OC 1 O=C(Nc1cccc(S(=O)(=O)Nc2ccccc2)c1)c1cccc(S(=O)(=O)Nc2ccccc2)c1 0.2300000 0.2300 0.2550722 0.2551 0.3333333 0.3333 0.7967626 0.7968 1.0000000 1.0000 0.0000000 602.0900 0.5283936 2.2344 1.0000000 1.0000 0.6666666666666667 1.0 0.4208325082500163 []
 | 27.2423 32.1209 21.3415 0.4176744 C=CCN(CCC(=O)Nc1ccccc1CC)S(=O)(=O)c1ccc(OCC)cc1 1 O=C(CCNS(=O)(=O)c1ccccc1)Nc1ccccc1 0.1550000 0.1550 0.2598889 0.2599 0.3333333 0.3333 0.7720196 0.7720 1.0000000 1.0000 1.0000000 416.5430 0.5275225 2.1965 1.0000000 1.0000 0.6666666666666667 1.0 0.36190468358395134 []
 | 28.8097 32.9805 18.2332 0.4001073 COc1ccc(CNCc2ccc(N)c(F)c2)c(F)c1OC 1 c1ccc(CNCc2ccccc2)cc1 0.1500000 0.1500 0.2055271 0.2055 0.3333333 0.3333 0.8440374 0.8440 1.0000000 1.0000 1.0000000 308.3280 0.5269229 2.1704 1.0000000 1.0000 0.6666666666666667 1.0 0.3570714214271425 []
 | 34.5190 45.4902 12.1930 0.4506502 C=CCOCCOc1ccc(C(=O)Oc2ccccc2NC(=O)c2ccc(C)cc2Cl)cc1 1 O=C(Nc1ccccc1OC(=O)c1ccccc1)c1ccccc1 0.1950000 0.1950 0.3080832 0.3081 0.3333333 0.3333 0.7645678 0.7646 1.0000000 1.0000 1.0000000 465.9330 0.5278429 2.2105 1.0000000 1.0000 0.6666666666666667 1.0 0.3962007067131506 []
 | 26.9107 25.7977 -21.8773 0.0306281 O=C(c1cccc2cccnc12)N1CCN(c2ccccn2)CC1 1 O=C(c1cccc2cccnc12)N1CCN(c2ccccn2)CC1 0.2150000 0.2150 0.2441931 0.2442 0.0000000 0.0000 0.7894007 0.7894 1.0000000 1.0000 1.0000000 318.3800 0.5224002 1.9735 1.0000000 1.0000 1.0 1.0 0.41082234603292944 []
 | 28.0371 34.4424 21.6320 0.4380807 CCCCc1ccc(NCC(=O)N[C@H]2COC[C@H]2C)cc1 1 O=C(CNc1ccccc1)NC1CCOC1 0.1550000 0.1550 0.3390663 0.3391 0.3333333 0.3333 0.7209595 0.7210 1.0000000 1.0000 1.0000000 290.4070 0.5450206 2.9605 1.0000000 1.0000 0.6666666666666667 1.0 0.36190468358395134 []
 | 30.7030 28.1611 20.5375 0.3804584 Cc1c(Br)sc(S)c1Cl 1 c1ccsc1 0.2000000 0.2000 0.1116484 0.1116 0.3333333 0.3333 0.9100158 0.9100 1.0000000 1.0000 1.0000000 243.5780 0.5517907 3.7427 1.0000000 1.0000 0.6666666666666667 1.0 0.4 []
 | 28.8337 27.6552 35.4629 0.4931099 N#C[C@H]1CCCCN1CC(=O)Nc1ccc(C(F)(F)F)cc1 1 O=C(CN1CCCCC1)Nc1ccccc1 0.2350000 0.2350 0.2273315 0.2273 0.6666667 0.6667 0.7994351 0.7994 1.0000000 1.0000 1.0000000 311.3070 0.5371841 2.6179 1.0000000 1.0000 0.33333333333333337 1.0 0.4239988207530771 []
 | 29.6448 36.0019 20.2566 0.4395199 O=C(NCc1cc2ccccc2s1)Nc1ccccc1-c1cccc(Cl)c1 1 O=C(NCc1cc2ccccc2s1)Nc1ccccc1-c1ccccc1 0.2350000 0.2350 0.2224420 0.2224 0.3333333 0.3333 0.7841795 0.7842 1.0000000 1.0000 1.0000000 392.9110 0.5240666 2.0460 1.0000000 1.0000 0.6666666666666667 1.0 0.4239988207530771 []
20:50:24 <INFO> Score: 0.40 Agent NLL: 29.04 Valid: 100% Step: 63
 | Agent Prior Target Score SMILES SMILES_state Scaffold predicted_activity predicted_activity (raw) training_similarity training_similarity (raw) taf_consistency taf_consistency (raw) novelty novelty (raw) stereo_validity stereo_validity (raw) MW_window MW_window (raw) synthetic_feasibility synthetic_feasibility (raw) curated alerts filter curated alerts filter (raw) taf_disrupted (predicted_activity) scaffold_novelty (predicted_activity) uncertainty (predicted_activity) matchting_patterns (curated alerts filter)
 | 36.2964 41.1626 19.8722 0.4768348 N#Cc1c(C=CNc2ccc(F)cc2Cl)n[nH]c(=O)c1-c1ccccc1 1 O=c1[nH]nc(C=CNc2ccccc2)cc1-c1ccccc1 0.2150000 0.2150 0.2092457 0.2092 0.6666667 0.6667 0.7907543 0.7908 1.0000000 1.0000 1.0000000 366.7830 0.5401829 2.7489 1.0000000 1.0000 0.33333333333333337 1.0 0.41082234603292944 []
 | 24.2096 27.4728 33.7150 0.4780298 O=C(NCc1ccncc1)NCc1ccccc1C(=O)O 1 O=C(NCc1ccccc1)NCc1ccncc1 0.2950000 0.2950 0.2876862 0.2877 0.3333333 0.3333 0.7180581 0.7181 1.0000000 1.0000 1.0000000 285.3030 0.5200970 1.8733 1.0000000 1.0000 0.6666666666666667 1.0 0.45604276115294273 []
 | 21.5379 27.4212 32.6991 0.4696900 COc1ccc(CNC(=O)CNc2ccccc2C(=O)Nc2ccccc2)cc1 1 O=C(CNc1ccccc1C(=O)Nc1ccccc1)NCc1ccccc1 0.2400000 0.2400 0.3321819 0.3322 0.3333333 0.3333 0.6814070 0.6814 1.0000000 1.0000 1.0000000 389.4550 0.5171908 1.7469 1.0000000 1.0000 0.6666666666666667 1.0 0.4270831300812525 []
 | 37.6199 38.2588 -34.3269 0.0307175 CC1=C/C(=C\c2ccco2)C(=O)N1C(=O)c1cccc([N+](=O)[O-])c1C 1 O=C1C(=Cc2ccco2)C=CN1C(=O)c1ccccc1 0.2150000 0.2150 0.2425356 0.2425 0.0000000 0.0000 0.7934409 0.7934 1.0000000 1.0000 1.0000000 338.3190 0.5430931 2.8762 1.0000000 1.0000 1.0 1.0 0.41082234603292944 []
 | 35.0502 36.9271 27.7097 0.5049754 O=C(NCc1ccccc1)c1n[nH]c(NCc2cc3ccccc3s2)n1 1 O=C(NCc1ccccc1)c1n[nH]c(NCc2cc3ccccc3s2)n1 0.3650000 0.3650 0.3117407 0.3117 0.3333333 0.3333 0.6882593 0.6883 1.0000000 1.0000 1.0000000 363.4460 0.5339236 2.4755 1.0000000 1.0000 0.6666666666666667 1.0 0.4814301610825811 []
 | 44.5817 40.6016 16.0163 0.4423268 CCc1cc(C(=N)N)ccc1-c1ccc(C=CC(C)C)[nH]1 1 c1ccc(-c2ccc[nH]2)cc1 0.2300000 0.2300 0.2265462 0.2265 0.3333333 0.3333 0.8112926 0.8113 1.0000000 1.0000 1.0000000 281.4030 0.5447252 2.9476 1.0000000 1.0000 0.6666666666666667 1.0 0.4208325082500163 []
 | 26.3469 34.4344 24.9943 0.4642864 O=C(Nc1ccccc1NC(=O)c1ccc(-c2ccc(F)c(Cl)c2)o1)c1ccccc1 1 O=C(Nc1ccccc1NC(=O)c1ccc(-c2ccccc2)o1)c1ccccc1 0.2650000 0.2650 0.2726249 0.2726 0.3333333 0.3333 0.7273751 0.7274 1.0000000 1.0000 1.0000000 434.8540 0.5231023 2.0040 1.0000000 1.0000 0.6666666666666667 1.0 0.4413332074521472 []
 | 30.7584 34.6287 16.3402 0.3981947 Cc1cc(C)cc(NS(=O)(=O)c2ccc(NCCCN3CCNCC3)cc2)c1 1 O=S(=O)(Nc1ccccc1)c1ccc(NCCCN2CCNCC2)cc1 0.1750000 0.1750 0.1692778 0.1693 0.3333333 0.3333 0.8682384 0.8682 1.0000000 1.0000 1.0000000 402.5640 0.5278027 2.2087 1.0000000 1.0000 0.6666666666666667 1.0 0.3799671038392666 []
 | 35.0341 47.8704 4.5353 0.4094190 CC12CC3C[C@H](C1)C[C@@](COCCNCc1ccccc4cccc1-4)(C3)C2 1 c1ccc(CNCCOCC23CC4CC(CC(C4)C2)C3)c2cccc-2c1 0.1750000 0.1750 0.2705009 0.2705 0.3333333 0.3333 0.7864395 0.7864 0.5000000 0.5000 1.0000000 363.5450 0.5305006 4.6737 1.0000000 1.0000 0.6666666666666667 1.0 0.3799671038392666 []
 | 22.8790 26.9542 34.6628 0.4813833 CC(=O)Nc1ccsc1CNc1ccccc1O 1 c1ccc(NCc2cccs2)cc1 0.3050000 0.3050 0.2795807 0.2796 0.3333333 0.3333 0.7534015 0.7534 1.0000000 1.0000 1.0000000 262.3340 0.5280316 2.2187 1.0000000 1.0000 0.6666666666666667 1.0 0.460407428263272 []
20:50:28 <INFO> Score: 0.43 Agent NLL: 28.13 Valid: 100% Step: 64
 | Agent Prior Target Score SMILES SMILES_state Scaffold predicted_activity predicted_activity (raw) training_similarity training_similarity (raw) taf_consistency taf_consistency (raw) novelty novelty (raw) stereo_validity stereo_validity (raw) MW_window MW_window (raw) synthetic_feasibility synthetic_feasibility (raw) curated alerts filter curated alerts filter (raw) taf_disrupted (predicted_activity) scaffold_novelty (predicted_activity) uncertainty (predicted_activity) matchting_patterns (curated alerts filter)
 | 22.7118 28.9594 31.3167 0.4709071 O=C(Nc1ccc(NC(=O)c2cccc(=O)[nH]2)cc1)c1ccc(F)cc1 1 O=C(Nc1ccc(NC(=O)c2cccc(=O)[nH]2)cc1)c1ccccc1 0.3350000 0.3350 0.2255535 0.2256 0.3333333 0.3333 0.7744465 0.7744 1.0000000 1.0000 1.0000000 351.3370 0.5204038 1.8866 1.0000000 1.0000 0.6666666666666667 1.0 0.4719904660054057 []
 | 39.4693 43.0505 13.6229 0.4427607 O=C(NCc1ccc(Oc2cccc(CN3CCN(C4=NCCCCC4)CC3)c2)cc1)c1cccs1 1 O=C(NCc1ccc(Oc2cccc(CN3CCN(C4=NCCCCC4)CC3)c2)cc1)c1cccs1 0.2350000 0.2350 0.2305562 0.2306 0.3333333 0.3333 0.7721644 0.7722 1.0000000 1.0000 1.0000000 502.6840 0.5347528 2.5117 1.0000000 1.0000 0.6666666666666667 1.0 0.4239988207530771 []
 | 21.1697 25.8516 35.8954 0.4823979 Cc1ccccc1[C@@H](C)NC(=O)NCc1cccnc1 1 O=C(NCc1ccccc1)NCc1cccnc1 0.2850000 0.2850 0.3096116 0.3096 0.3333333 0.3333 0.7175771 0.7176 1.0000000 1.0000 1.0000000 269.3480 0.5291974 2.2695 1.0000000 1.0000 0.6666666666666667 1.0 0.4514144437210666 []
 | 22.2674 28.5862 40.9918 0.5435780 O=C(NCc1ccc(C(=O)Nc2ccccc2)cc1)Nc1ccc(Br)cc1 1 O=C(NCc1ccc(C(=O)Nc2ccccc2)cc1)Nc1ccccc1 0.3250000 0.3250 0.2972973 0.2973 0.6666667 0.6667 0.7027027 0.7027 1.0000000 1.0000 1.0000000 424.2980 0.5146945 1.6384 1.0000000 1.0000 0.33333333333333337 1.0 0.4683748498798799 []
 | 25.2014 27.5391 -23.4001 0.0323360 COc1cc(C=NCc2ccc(F)cc2)ccc1OCc1ccccc1 1 C(=NCc1ccccc1)c1ccc(OCc2ccccc2)cc1 0.2150000 0.2150 0.3572441 0.3572 0.0000000 0.0000 0.6490114 0.6490 1.0000000 1.0000 1.0000000 349.4050 0.5220169 1.9568 1.0000000 1.0000 1.0 1.0 0.41082234603292944 []
 | 31.7749 35.4757 20.7276 0.4390887 COc1ccc(Cl)c(C(=O)Nc2ccccc2N2CCNCC2)c1F 1 O=C(Nc1ccccc1N1CCNCC1)c1ccccc1 0.1950000 0.1950 0.2652791 0.2653 0.3333333 0.3333 0.7886299 0.7886 1.0000000 1.0000 1.0000000 363.8200 0.5267309 2.1620 1.0000000 1.0000 0.6666666666666667 1.0 0.3962007067131506 []
 | 24.8194 30.4735 39.5282 0.5468884 O=C(NCCNS(=O)(=O)Cc1ccccc1)c1cc(Br)ccc1Br 1 O=C(NCCNS(=O)(=O)Cc1ccccc1)c1ccccc1 0.3200000 0.3200 0.3119251 0.3119 0.6666667 0.6667 0.6880749 0.6881 1.0000000 1.0000 1.0000000 476.1900 0.5246338 2.0707 1.0000000 1.0000 0.33333333333333337 1.0 0.466476151587624 []
 | 34.3718 35.1824 27.9225 0.4930073 COC(=O)c1ccc2nc(-c3ccc(C(=O)Nc4ccccc4F)cc3)n(C)c2c1 1 O=C(Nc1ccccc1)c1ccc(-c2nc3ccccc3[nH]2)cc1 0.2300000 0.2300 0.2363516 0.2364 0.6666667 0.6667 0.7907543 0.7908 1.0000000 1.0000 1.0000000 403.4130 0.5233675 2.0156 1.0000000 1.0000 0.33333333333333337 1.0 0.4208325082500163 []
 | 25.0239 26.5372 26.6146 0.4152492 COc1ccc(-c2nnc(NC(=O)COc3cc(C)ccc3C)o2)cc1 1 O=C(COc1ccccc1)Nc1nnc(-c2ccccc2)o1 0.1450000 0.1450 0.2680281 0.2680 0.3333333 0.3333 0.7864395 0.7864 1.0000000 1.0000 1.0000000 353.3780 0.5236526 2.0280 1.0000000 1.0000 0.6666666666666667 1.0 0.35210083782916507 []
 | 26.9064 28.2391 38.3638 0.5203349 CC(C)COc1ccccc1C(=O)OCC(=O)NCc1ccc(F)cc1 1 O=C(COC(=O)c1ccccc1)NCc1ccccc1 0.2600000 0.2600 0.2940858 0.2941 0.6666667 0.6667 0.7059142 0.7059 1.0000000 1.0000 1.0000000 359.3970 0.5193283 1.8398 1.0000000 1.0000 0.33333333333333337 1.0 0.4386342439892262 []
20:50:28 <INFO> Sampled SMILES c1cc(ccc1[N+](=O)[O-])-c1oc(/C=c2\sc3=NC4c5ccccc5CCC=4[C@H](c4cc(c(cc4)F)C)NC3=O)cc2cc1 failed to sanitize.
20:50:32 <INFO> Score: 0.38 Agent NLL: 28.51 Valid:  98% Step: 65
 | Agent Prior Target Score SMILES SMILES_state Scaffold predicted_activity predicted_activity (raw) training_similarity training_similarity (raw) taf_consistency taf_consistency (raw) novelty novelty (raw) stereo_validity stereo_validity (raw) MW_window MW_window (raw) synthetic_feasibility synthetic_feasibility (raw) curated alerts filter curated alerts filter (raw) taf_disrupted (predicted_activity) scaffold_novelty (predicted_activity) uncertainty (predicted_activity) matchting_patterns (curated alerts filter)
 | 23.2569 25.9608 35.9328 0.4835435 O=C(NCCNC(=O)c1ccco1)c1ccc(-n2cccc2)cc1 1 O=C(NCCNC(=O)c1ccco1)c1ccc(-n2cccc2)cc1 0.3050000 0.3050 0.2972973 0.2973 0.3333333 0.3333 0.7027027 0.7027 1.0000000 1.0000 1.0000000 323.3520 0.5245307 2.0662 1.0000000 1.0000 0.6666666666666667 1.0 0.460407428263272 []
 | 24.3034 28.0124 32.0704 0.4693968 CC(C)(C)c1ccc(/C=C2\C(=O)NC(=O)N(Cc3ccccc3)C2=O)cc1 1 O=C1NC(=O)N(Cc2ccccc2)C(=O)C1=Cc1ccccc1 0.2250000 0.2250 0.3414634 0.3415 0.3333333 0.3333 0.7175771 0.7176 1.0000000 1.0000 1.0000000 362.4290 0.5253991 2.1040 1.0000000 1.0000 0.6666666666666667 1.0 0.4175823272122517 []
 | 26.5586 28.6585 26.7227 0.4326652 CCOc1cc(CN2CCC[C@H]2CO)c(Cl)cc1OC 1 c1ccc(CN2CCCC2)cc1 0.1600000 0.1600 0.3079409 0.3079 0.3333333 0.3333 0.7334991 0.7335 1.0000000 1.0000 1.0000000 299.7980 0.5355507 2.5466 1.0000000 1.0000 0.6666666666666667 1.0 0.36660605559646714 []
 | 23.4908 33.7467 31.7416 0.5116274 CCCC(=O)Nc1ccc(CNC(=O)c2cccc(OCc3ccccc3)n2)cc1 1 O=C(NCc1ccccc1)c1cccc(OCc2ccccc2)n1 0.3200000 0.3200 0.4184915 0.4185 0.3333333 0.3333 0.5815085 0.5815 1.0000000 1.0000 1.0000000 403.4820 0.5227379 1.9882 1.0000000 1.0000 0.6666666666666667 1.0 0.466476151587624 []
 | 30.1405 37.0407 21.3541 0.4562095 CCOc1ccccc1NC(=O)c1ccnc(N2CCCC(C)(C)O2)c1 1 O=C(Nc1ccccc1)c1ccnc(N2CCCCO2)c1 0.2100000 0.2100 0.3084435 0.3084 0.3333333 0.3333 0.7339893 0.7340 1.0000000 1.0000 1.0000000 355.4380 0.5373086 2.6233 1.0000000 1.0000 0.6666666666666667 1.0 0.40730823708832603 []
 | 25.2467 29.4349 29.1782 0.4579153 CCCOc1ccccc1N1C[C@H](C(=O)Nc2ccc3c(c2)OCO3)CC1=O 1 O=C(Nc1ccc2c(c1)OCO2)C1CC(=O)N(c2ccccc2)C1 0.1900000 0.1900 0.3779645 0.3780 0.3333333 0.3333 0.6220355 0.6220 1.0000000 1.0000 1.0000000 382.4160 0.5362099 2.5753 1.0000000 1.0000 0.6666666666666667 1.0 0.39230090491866065 []
 | 30.7043 35.2892 22.7231 0.4532205 CCc1ccccc1NC(=O)CSc1cccc(OCc2cccc(OC)c2)c1 1 O=C(CSc1cccc(OCc2ccccc2)c1)Nc1ccccc1 0.2000000 0.2000 0.3312946 0.3313 0.3333333 0.3333 0.6745066 0.6745 1.0000000 1.0000 1.0000000 407.5350 0.5218419 1.9492 1.0000000 1.0000 0.6666666666666667 1.0 0.4000000000000001 []
 | 24.7914 28.5409 35.3637 0.4992545 O=C(Nc1cccc(Br)c1F)c1ccc2cccnc2c1 1 O=C(Nc1ccccc1)c1ccc2cccnc2c1 0.2850000 0.2850 0.2029385 0.2029 0.6666667 0.6667 0.7970615 0.7971 1.0000000 1.0000 1.0000000 345.1710 0.5228581 1.9934 1.0000000 1.0000 0.33333333333333337 1.0 0.4514144437210666 []
 | 25.5717 28.3639 31.8612 0.4705086 COc1cc(NCc2cncc(Br)c2)ccc1NC(C)=O 1 c1ccc(NCc2cccnc2)cc1 0.1550000 0.1550 0.2768183 0.2768 0.6666667 0.6667 0.7794356 0.7794 1.0000000 1.0000 1.0000000 350.2160 0.5243437 2.0581 1.0000000 1.0000 0.33333333333333337 1.0 0.36190468358395134 []
 | 33.9291 33.0548 -29.2368 0.0298277 CC[N+](CC)=c1sc2ccccc2n1C=Cc1ccccc1 1 [N+]=c1sc2ccccc2n1C=Cc1ccccc1 0.2100000 0.2100 0.2111855 0.2112 0.0000000 0.0000 0.8054805 0.8055 1.0000000 1.0000 1.0000000 309.4580 0.5447794 2.9500 1.0000000 1.0000 1.0 1.0 0.4073082370883261 []
20:50:32 <INFO> Sampled SMILES c1(-c2[nH]c(-c3ccccc3)cc(NCc3ccccc3)c2=O)ccc(SC)cc1 failed to sanitize.
20:50:35 <INFO> Score: 0.39 Agent NLL: 29.38 Valid:  98% Step: 66
 | Agent Prior Target Score SMILES SMILES_state Scaffold predicted_activity predicted_activity (raw) training_similarity training_similarity (raw) taf_consistency taf_consistency (raw) novelty novelty (raw) stereo_validity stereo_validity (raw) MW_window MW_window (raw) synthetic_feasibility synthetic_feasibility (raw) curated alerts filter curated alerts filter (raw) taf_disrupted (predicted_activity) scaffold_novelty (predicted_activity) uncertainty (predicted_activity) matchting_patterns (curated alerts filter)
 | 28.0578 36.5445 28.0070 0.5043090 COc1ccc(NC(=O)c2ccc(Cn3ccnc3-c3cccc(Br)c3)o2)cc1 1 O=C(Nc1ccccc1)c1ccc(Cn2ccnc2-c2ccccc2)o1 0.2150000 0.2150 0.2925959 0.2926 0.6666667 0.6667 0.7409603 0.7410 1.0000000 1.0000 1.0000000 452.3080 0.5279390 2.2146 1.0000000 1.0000 0.33333333333333337 1.0 0.41082234603292944 []
 | 35.9916 46.1707 9.2588 0.4330424 Cc1cc(C)c([C@@H](NC(=O)[C@@H]2CCCC3CCCN32)c2ccccc2)c(C)c1 1 O=C(NC(c1ccccc1)c1ccccc1)C1CCCC2CCCN21 0.1950000 0.1950 0.2891746 0.2892 0.3333333 0.3333 0.7601994 0.7602 0.6666667 0.6667 1.0000000 376.5440 0.5506378 3.2067 1.0000000 1.0000 0.6666666666666667 1.0 0.3962007067131506 []
 | 34.2564 37.0657 22.7997 0.4676978 N#Cc1ccc(NC(=O)NCCc2ccc(F)c(Cl)c2)cc1[N+](=O)[O-] 1 O=C(NCCc1ccccc1)Nc1ccccc1 0.2500000 0.2500 0.1595863 0.1596 0.6666667 0.6667 0.8404137 0.8404 1.0000000 1.0000 1.0000000 362.7480 0.5284718 2.2379 1.0000000 1.0000 0.33333333333333337 1.0 0.4330127018922193 []
 | 35.0606 45.3777 -32.3870 0.1014899 CCCCCCc1ccc(C2=NCC(Nc3cccc4ccccc34)c3ccccc3N2)cc1 1 c1ccc(C2=NCC(Nc3cccc4ccccc34)c3ccccc3N2)cc1 0.1500000 0.1500 0.2624872 0.2625 0.3333333 0.3333 0.8004920 0.8005 0.0000000 0.0000 1.0000000 447.6260 0.5450504 2.9618 1.0000000 1.0000 0.6666666666666667 1.0 0.3570714214271425 []
 | 23.5142 28.5027 25.1015 0.4187831 COc1ccccc1CNc1nccc(Nc2ccc(F)cc2F)n1 1 c1ccc(CNc2nccc(Nc3ccccc3)n2)cc1 0.1650000 0.1650 0.2464136 0.2464 0.3333333 0.3333 0.7818462 0.7818 1.0000000 1.0000 1.0000000 342.3490 0.5256094 2.1132 1.0000000 1.0000 0.6666666666666667 1.0 0.37118054905934933 []
 | 20.9067 29.3834 29.2078 0.4577436 O=C(NCc1ccc(NCc2ccco2)cc1)Nc1ccc(Cl)cc1 1 O=C(NCc1ccc(NCc2ccco2)cc1)Nc1ccccc1 0.2500000 0.2500 0.2619790 0.2620 0.3333333 0.3333 0.7689267 0.7689 1.0000000 1.0000 1.0000000 355.8250 0.5194783 1.8464 1.0000000 1.0000 0.6666666666666667 1.0 0.4330127018922193 []
 | 28.5259 33.4164 20.4209 0.4206038 CCNc1nncc(NCCOCCNC)n1 1 c1cnncn1 0.1950000 0.1950 0.2091650 0.2092 0.3333333 0.3333 0.7908350 0.7908 1.0000000 1.0000 1.0000000 240.3110 0.5401844 2.7490 1.0000000 1.0000 0.6666666666666667 1.0 0.3962007067131506 []
 | 27.5090 29.8498 27.1272 0.4451326 O=c1oc(Nc2ccc(-c3cnc[nH]3)cc2)nc2ccccc12 1 O=c1oc(Nc2ccc(-c3cnc[nH]3)cc2)nc2ccccc12 0.2450000 0.2450 0.2283058 0.2283 0.3333333 0.3333 0.7716942 0.7717 1.0000000 1.0000 1.0000000 304.3090 0.5307291 2.3362 1.0000000 1.0000 0.6666666666666667 1.0 0.4300872004605578 []
 | 28.6333 37.6731 -20.8348 0.1315491 CCC(OC(=O)c1ccc(NCc2ccccc2)cc1)C(=O)Nc1cccc(C)c1C 1 O=C(COC(=O)c1ccc(NCc2ccccc2)cc1)Nc1ccccc1 0.2950000 0.2950 0.3254934 0.3255 0.6666667 0.6667 0.6745066 0.6745 0.0000000 0.0000 1.0000000 416.5210 0.5327780 2.4256 1.0000000 1.0000 0.33333333333333337 1.0 0.4560427611529428 []
 | 30.4463 36.0739 -36.0739 0.0000000 c1(-c2[nH]c(-c3ccccc3)cc(NCc3ccccc3)c2=O)ccc(SC)cc1 0 -- 0.0000000 0.0000 0.0000000 0.0000 0.0000000 0.0000 0.0000000 0.0000 0.0000000 0.0000 0.0000000 0.0000 0.0000000 0.0000 0.0000000 0.0000 None None None None
20:50:36 <INFO> Sampled SMILES c1c(Cn2c(cc(c2C)C(=O)Cn2nc(-c3ccccc3)oc2C)C)cccc1 failed to sanitize.
20:50:39 <INFO> Score: 0.40 Agent NLL: 27.17 Valid:  98% Step: 67
 | Agent Prior Target Score SMILES SMILES_state Scaffold predicted_activity predicted_activity (raw) training_similarity training_similarity (raw) taf_consistency taf_consistency (raw) novelty novelty (raw) stereo_validity stereo_validity (raw) MW_window MW_window (raw) synthetic_feasibility synthetic_feasibility (raw) curated alerts filter curated alerts filter (raw) taf_disrupted (predicted_activity) scaffold_novelty (predicted_activity) uncertainty (predicted_activity) matchting_patterns (curated alerts filter)
 | 24.5511 35.3844 24.9824 0.4716152 CCOc1ccc(NC(=O)c2cccc(NC(=O)Nc3ccc(OCC)cc3OCC)c2)cc1 1 O=C(Nc1ccccc1)Nc1cccc(C(=O)Nc2ccccc2)c1 0.2600000 0.2600 0.2990669 0.2991 0.3333333 0.3333 0.7393570 0.7394 1.0000000 1.0000 1.0000000 463.5340 0.5228407 1.9926 1.0000000 1.0000 0.6666666666666667 1.0 0.4386342439892262 []
 | 26.1902 28.8762 38.4598 0.5260627 CCN(c1ccccc1)S(=O)(=O)c1cccc(C(=O)OCc2ccc(C#N)cc2)c1 1 O=C(OCc1ccccc1)c1cccc(S(=O)(=O)Nc2ccccc2)c1 0.2700000 0.2700 0.2992660 0.2993 0.6666667 0.6667 0.7007340 0.7007 1.0000000 1.0000 1.0000000 420.4900 0.5249776 2.0857 1.0000000 1.0000 0.33333333333333337 1.0 0.4439594576084622 []
 | 25.2436 27.6869 32.9678 0.4738646 O=C(Nc1ccc2c(c1)OCCO2)[C@H](O)c1ccccc1 1 O=C(Cc1ccccc1)Nc1ccc2c(c1)OCCO2 0.2700000 0.2700 0.3013982 0.3014 0.3333333 0.3333 0.6986018 0.6986 1.0000000 1.0000 1.0000000 285.2990 0.5308361 2.3409 1.0000000 1.0000 0.6666666666666667 1.0 0.4439594576084623 []
 | 29.0351 31.3891 25.9283 0.4477926 Cc1ccccc1C(=O)N1CCC(C(=O)OCCOc2c(C)cccc2C)CC1 1 O=C(OCCOc1ccccc1)C1CCN(C(=O)c2ccccc2)CC1 0.2000000 0.2000 0.2988703 0.2989 0.3333333 0.3333 0.7273751 0.7274 1.0000000 1.0000 1.0000000 395.4990 0.5245777 2.0683 1.0000000 1.0000 0.6666666666666667 1.0 0.4 []
 | 25.2735 32.4289 23.5593 0.4374072 O=S(=O)(NCc1ccccc1OC(F)(F)F)Nc1ccc(-c2ccccc2)cc1 1 O=S(=O)(NCc1ccccc1)Nc1ccc(-c2ccccc2)cc1 0.2200000 0.2200 0.2339439 0.2339 0.3333333 0.3333 0.7660561 0.7661 1.0000000 1.0000 1.0000000 422.4280 0.5263552 2.1457 1.0000000 1.0000 0.6666666666666667 1.0 0.4142463035441596 []
 | 24.1944 32.2077 28.2381 0.4722334 O=C(NCc1coc(-c2ccc(Cl)cc2)n1)c1ccc(NC(=O)c2ccccc2)cc1 1 O=C(NCc1coc(-c2ccccc2)n1)c1ccc(NC(=O)c2ccccc2)cc1 0.2950000 0.2950 0.2666324 0.2666 0.3333333 0.3333 0.7333676 0.7334 1.0000000 1.0000 1.0000000 431.8790 0.5221948 1.9645 1.0000000 1.0000 0.6666666666666667 1.0 0.45604276115294284 []
 | 25.3099 30.1154 27.5037 0.4501491 Cc1cccc(CN2CCN(C(=O)Nc3ccccc3-n3cccc3)CC2)c1 1 O=C(Nc1ccccc1-n1cccc1)N1CCN(Cc2ccccc2)CC1 0.2250000 0.2250 0.2669304 0.2669 0.3333333 0.3333 0.7601994 0.7602 1.0000000 1.0000 1.0000000 374.4880 0.5250638 2.0894 1.0000000 1.0000 0.6666666666666667 1.0 0.4175823272122517 []
 | 29.7624 36.2661 26.0172 0.4865884 O=C(Nc1nsc(NCC2CCCCC2)n1)c1ccc(Br)cc1Cl 1 O=C(Nc1nsc(NCC2CCCCC2)n1)c1ccccc1 0.1850000 0.1850 0.2713639 0.2714 0.6666667 0.6667 0.7928158 0.7928 1.0000000 1.0000 1.0000000 429.7710 0.5340822 2.4825 1.0000000 1.0000 0.33333333333333337 1.0 0.3882975663070784 []
 | 29.1579 36.3640 -36.3640 0.0000000 CC(C)(C)c1ccc(COc2ccc(/C=N/NC(=O)c3ccc(NCc4ccccc4)cc3)cc2Br)cc1 1 O=C(NN=Cc1ccc(OCc2ccccc2)cc1)c1ccc(NCc2ccccc2)cc1 0.0000000 0.0000 0.0000000 0.0000 0.0000000 0.0000 0.0000000 0.0000 0.0000000 0.0000 0.0000000 0.0000 0.0000000 0.0000 0.0000000 0.0000 None None None ['[#7;!n][#7;!n]']
 | 24.1502 29.7379 32.6253 0.4872125 CCCNc1nc(C)cc(NCCNS(=O)(=O)c2ccccc2C#N)n1 1 O=S(=O)(NCCNc1ccncn1)c1ccccc1 0.2450000 0.2450 0.2062842 0.2063 0.6666667 0.6667 0.7937158 0.7937 1.0000000 1.0000 1.0000000 374.4700 0.5334437 2.4546 1.0000000 1.0000 0.33333333333333337 1.0 0.4300872004605578 []
20:50:39 <INFO> Sampled SMILES c1cccc2c(sc(NC(=O)c3nc(-c4cc(Br)ccc4)sc3)n2)c1 failed to sanitize.
20:50:43 <INFO> Score: 0.40 Agent NLL: 28.87 Valid:  98% Step: 68
 | Agent Prior Target Score SMILES SMILES_state Scaffold predicted_activity predicted_activity (raw) training_similarity training_similarity (raw) taf_consistency taf_consistency (raw) novelty novelty (raw) stereo_validity stereo_validity (raw) MW_window MW_window (raw) synthetic_feasibility synthetic_feasibility (raw) curated alerts filter curated alerts filter (raw) taf_disrupted (predicted_activity) scaffold_novelty (predicted_activity) uncertainty (predicted_activity) matchting_patterns (curated alerts filter)
 | 26.6591 29.9216 29.1168 0.4612368 COc1ccc(N(CC(=O)Nc2ccccc2C(=O)Nc2ccc(C)cc2)S(=O)(=O)c2ccccc2)cc1 1 O=C(CN(c1ccccc1)S(=O)(=O)c1ccccc1)Nc1ccccc1C(=O)Nc1ccccc1 0.2500000 0.2500 0.2779693 0.2780 0.3333333 0.3333 0.7315376 0.7315 1.0000000 1.0000 1.0000000 529.6180 0.5249196 2.0831 1.0000000 1.0000 0.6666666666666667 1.0 0.4330127018922193 []
 | 26.6868 32.3663 27.8904 0.4707557 CC(C)CC[C@H](Nc1cc(C(N)=O)ncn1)c1ccccc1 1 c1ccc(CNc2ccncn2)cc1 0.2750000 0.2750 0.2790405 0.2790 0.3333333 0.3333 0.7209595 0.7210 1.0000000 1.0000 1.0000000 298.3900 0.5402037 2.7498 1.0000000 1.0000 0.6666666666666667 1.0 0.44651427748729383 []
 | 25.5172 28.7956 32.2721 0.4770918 COc1cccc(Br)c1NS(=O)(=O)c1cccc([N+](=O)[O-])c1 1 O=S(=O)(Nc1ccccc1)c1ccccc1 0.1650000 0.1650 0.2678358 0.2678 0.6666667 0.6667 0.8459512 0.8460 1.0000000 1.0000 1.0000000 387.2110 0.5262061 2.1392 1.0000000 1.0000 0.33333333333333337 1.0 0.37118054905934933 []
 | 29.8130 33.8987 31.2463 0.5089455 C[C@@H](NC(=O)CN(c1cccc(C(C)(C)C)c1)S(C)(=O)=O)c1ccc(Br)cc1 1 O=C(CNc1ccccc1)NCc1ccccc1 0.2850000 0.2850 0.2241327 0.2241 0.6666667 0.6667 0.7758673 0.7759 1.0000000 1.0000 1.0000000 467.4290 0.5378230 2.6458 1.0000000 1.0000 0.33333333333333337 1.0 0.4514144437210666 []
 | 23.5390 26.5369 27.8895 0.4252070 Cc1c(CNc2ccc(N)cc2)cccc1[N+](=O)[O-] 1 c1ccc(CNc2ccccc2)cc1 0.2300000 0.2300 0.1856953 0.1857 0.3333333 0.3333 0.8356010 0.8356 1.0000000 1.0000 1.0000000 257.2930 0.5221336 1.9619 1.0000000 1.0000 0.6666666666666667 1.0 0.4208325082500163 []
 | 30.9256 36.4759 24.2583 0.4744858 COc1cc(C(=O)Nc2cccc(CNC(=O)c3cccnc3)c2)cc(Cl)c1OC(C)C 1 O=C(NCc1cccc(NC(=O)c2ccccc2)c1)c1cccnc1 0.2750000 0.2750 0.2901057 0.2901 0.3333333 0.3333 0.7431649 0.7432 1.0000000 1.0000 1.0000000 453.9260 0.5263229 2.1442 1.0000000 1.0000 0.6666666666666667 1.0 0.44651427748729383 []
 | 24.4207 30.4679 30.1480 0.4735612 CCNC(=NCc1ccnc(NC(=O)c2ccccc2)c1)NCCCOCC 1 O=C(Nc1ccccn1)c1ccccc1 0.2600000 0.2600 0.3084435 0.3084 0.3333333 0.3333 0.7118218 0.7118 1.0000000 1.0000 1.0000000 383.4960 0.5328879 2.4304 1.0000000 1.0000 0.6666666666666667 1.0 0.4386342439892262 []
 | 30.6223 34.8319 -34.8319 0.0000000 c1cccc2c(sc(NC(=O)c3nc(-c4cc(Br)ccc4)sc3)n2)c1 0 -- 0.0000000 0.0000 0.0000000 0.0000 0.0000000 0.0000 0.0000000 0.0000 0.0000000 0.0000 0.0000000 0.0000 0.0000000 0.0000 0.0000000 0.0000 None None None None
 | 27.6185 30.6419 -28.9357 0.0133299 N#CC(=Cc1cc(Br)c(OCc2cccc(Br)c2)c(Br)c1)c1ccc(Br)cc1 1 C(=Cc1ccc(OCc2ccccc2)cc1)c1ccccc1 0.2350000 0.2350 0.2974089 0.2974 0.3333333 0.3333 0.7025911 0.7026 1.0000000 1.0000 0.0000000 626.9680 0.5321664 2.3989 1.0000000 1.0000 0.6666666666666667 1.0 0.4239988207530771 []
 | 28.5012 28.5736 -28.5736 0.0000000 NNc1nc(N)nc2cc([N+](=O)[O-])ccc12 1 c1ccc2ncncc2c1 0.0000000 0.0000 0.0000000 0.0000 0.0000000 0.0000 0.0000000 0.0000 0.0000000 0.0000 0.0000000 0.0000 0.0000000 0.0000 0.0000000 0.0000 None None None ['[#7;!n][#7;!n]']
20:50:43 <INFO> Sampled SMILES c1(cc(ccc1)N=c1c(=O)nc(sc1N=Nc1ccc(cc1)N(CC)CC)N)OC failed to sanitize.
20:50:46 <INFO> Score: 0.38 Agent NLL: 27.67 Valid:  98% Step: 69
 | Agent Prior Target Score SMILES SMILES_state Scaffold predicted_activity predicted_activity (raw) training_similarity training_similarity (raw) taf_consistency taf_consistency (raw) novelty novelty (raw) stereo_validity stereo_validity (raw) MW_window MW_window (raw) synthetic_feasibility synthetic_feasibility (raw) curated alerts filter curated alerts filter (raw) taf_disrupted (predicted_activity) scaffold_novelty (predicted_activity) uncertainty (predicted_activity) matchting_patterns (curated alerts filter)
 | 29.1737 37.4193 29.7499 0.5247594 C[C@H](CNc1ccc(Br)c(C(N)=O)n1)Nc1ccccc1 1 c1ccc(NCCNc2ccccn2)cc1 0.3000000 0.3000 0.2536731 0.2537 0.6666667 0.6667 0.7463269 0.7463 1.0000000 1.0000 1.0000000 349.2320 0.5415167 2.8072 1.0000000 1.0000 0.33333333333333337 1.0 0.45825756949558394 []
 | 26.3293 31.0189 -26.6224 0.0343476 C[C@@H](Cc1ccccc1)N(Cc1ccccc1)C(=O)c1ccc(N(C)C)cc1 1 O=C(c1ccccc1)N(CCc1ccccc1)Cc1ccccc1 0.3150000 0.3150 0.3243243 0.3243 0.0000000 0.0000 0.6756757 0.6757 1.0000000 1.0000 1.0000000 372.5120 0.5308864 2.3431 1.0000000 1.0000 1.0 1.0 0.46451587701606073 []
 | 27.7127 30.0524 37.0928 0.5245717 N#Cc1ccc(OCCn2cc(NC(=O)c3cccc(Cl)c3)cn2)cc1 1 O=C(Nc1cnn(CCOc2ccccc2)c1)c1ccccc1 0.2750000 0.2750 0.2786181 0.2786 0.6666667 0.6667 0.7571785 0.7572 1.0000000 1.0000 1.0000000 366.8080 0.5246077 2.0696 1.0000000 1.0000 0.33333333333333337 1.0 0.4465142774872939 []
 | 31.5151 40.3075 23.9734 0.5021947 CCCn1c(C)cc2cc(C(=O)NCc3cccc(OCc4ccccc4)c3)cnc21 1 O=C(NCc1cccc(OCc2ccccc2)c1)c1cnc2[nH]ccc2c1 0.3000000 0.3000 0.3954373 0.3954 0.3333333 0.3333 0.6045627 0.6046 1.0000000 1.0000 1.0000000 413.5210 0.5279896 2.2168 1.0000000 1.0000 0.6666666666666667 1.0 0.45825756949558394 []
 | 30.0722 36.9490 20.1040 0.4457260 COCCNc1ccc([N+](=O)[O-])cc1C(=O)Nc1ccc(-c2oc(=O)oc2C)cc1 1 O=C(Nc1ccc(-c2coc(=O)o2)cc1)c1ccccc1 0.1900000 0.1900 0.2977750 0.2978 0.3333333 0.3333 0.7583439 0.7583 1.0000000 1.0000 1.0000000 413.3860 0.5352425 2.5331 1.0000000 1.0000 0.6666666666666667 1.0 0.39230090491866065 []
 | 25.7953 34.7313 26.7212 0.4800974 CC(=O)Nc1ccc(NCC(=O)Nc2ccccc2C(=O)Nc2ccccc2)c(F)c1 1 O=C(CNc1ccccc1)Nc1ccccc1C(=O)Nc1ccccc1 0.3000000 0.3000 0.2908717 0.2909 0.3333333 0.3333 0.7091283 0.7091 1.0000000 1.0000 1.0000000 420.4440 0.5210133 1.9131 1.0000000 1.0000 0.6666666666666667 1.0 0.45825756949558394 []
 | 24.2018 28.1501 34.9587 0.4930378 CN(C)CCOc1ccc(CNC(=O)Nc2cccc(C#N)c2)cc1 1 O=C(NCc1ccccc1)Nc1ccccc1 0.2050000 0.2050 0.2705009 0.2705 0.6666667 0.6667 0.7627105 0.7627 1.0000000 1.0000 1.0000000 338.4110 0.5217896 1.9469 1.0000000 1.0000 0.33333333333333337 1.0 0.403701622488689 []
 | 22.9259 27.7263 31.1736 0.4601558 COc1ccc(CCNC(=O)c2ccc(S(=O)(=O)Nc3ccccc3Cl)cc2)cc1 1 O=C(NCCc1ccccc1)c1ccc(S(=O)(=O)Nc2ccccc2)cc1 0.2350000 0.2350 0.2918070 0.2918 0.3333333 0.3333 0.7416587 0.7417 1.0000000 1.0000 1.0000000 444.9400 0.5188887 1.8207 1.0000000 1.0000 0.6666666666666667 1.0 0.4239988207530771 []
 | 25.3510 26.8133 -26.8133 0.0000000 C[C@H](NC(=O)c1cccc(C#N)c1)C(=O)OC(C)(C)C 1 c1ccccc1 0.3000000 0.3000 0.2672612 0.2673 1.0000000 1.0000 0.7484424 0.7484 1.0000000 1.0000 1.0000000 274.3200 0.5332391 2.4457 1.0000000 1.0000 0.0 1.0 0.45825756949558394 []
 | 28.5920 31.8465 26.4651 0.4555592 O=C(Cc1ccccc1)NCc1cccc(CN2CCCc3ccccc3C2)c1 1 O=C(Cc1ccccc1)NCc1cccc(CN2CCCc3ccccc3C2)c1 0.2400000 0.2400 0.2727978 0.2728 0.3333333 0.3333 0.7304213 0.7304 1.0000000 1.0000 1.0000000 384.5230 0.5206946 1.8993 1.0000000 1.0000 0.6666666666666667 1.0 0.4270831300812525 []
20:50:47 <INFO> Sampled SMILES c1(=O)n2c(sc1C(Nc1ccccc1C(NCc1ccccc1)=O)=O)nc(-c1ccco1)cc2C(C)(C)C failed to sanitize.
20:50:50 <INFO> Score: 0.40 Agent NLL: 28.12 Valid:  98% Step: 70
 | Agent Prior Target Score SMILES SMILES_state Scaffold predicted_activity predicted_activity (raw) training_similarity training_similarity (raw) taf_consistency taf_consistency (raw) novelty novelty (raw) stereo_validity stereo_validity (raw) MW_window MW_window (raw) synthetic_feasibility synthetic_feasibility (raw) curated alerts filter curated alerts filter (raw) taf_disrupted (predicted_activity) scaffold_novelty (predicted_activity) uncertainty (predicted_activity) matchting_patterns (curated alerts filter)
 | 24.2423 33.8232 24.2726 0.4538736 Nc1nnc(NCc2ccccc2)cc1-c1ccc2c(c1)OCCO2 1 c1ccc(CNc2cc(-c3ccc4c(c3)OCCO4)cnn2)cc1 0.2400000 0.2400 0.2619790 0.2620 0.3333333 0.3333 0.7492939 0.7493 1.0000000 1.0000 1.0000000 334.3790 0.5295534 2.2850 1.0000000 1.0000 0.6666666666666667 1.0 0.4270831300812524 []
 | 27.2085 32.3786 -16.0484 0.1275799 CNCC(NC(=O)c1cc(C)ccc1Br)C(=O)NC 1 c1ccccc1 0.3150000 0.3150 0.2409901 0.2410 0.6666667 0.6667 0.7773003 0.7773 0.0000000 0.0000 1.0000000 328.2100 0.5378671 2.6477 1.0000000 1.0000 0.33333333333333337 1.0 0.46451587701606073 []
 | 26.7034 37.8776 19.5506 0.4486573 COc1ccccc1Nc1nc(NCc2cnco2)cc(C(C)C)n1 1 c1ccc(Nc2nccc(NCc3cnco3)n2)cc1 0.2200000 0.2200 0.2600255 0.2600 0.3333333 0.3333 0.7928158 0.7928 1.0000000 1.0000 1.0000000 339.3990 0.5361153 2.5712 1.0000000 1.0000 0.6666666666666667 1.0 0.41424630354415964 []
 | 29.4680 34.9658 22.0797 0.4456680 CCCCCCCC(=O)Nc1ccccc1CN(Cc1ccccc1)C(=O)c1ccccc1 1 O=C(c1ccccc1)N(Cc1ccccc1)Cc1ccccc1 0.2000000 0.2000 0.2974089 0.2974 0.3333333 0.3333 0.7025911 0.7026 1.0000000 1.0000 1.0000000 442.6030 0.5219662 1.9546 1.0000000 1.0000 0.6666666666666667 1.0 0.4000000000000001 []
 | 28.3432 38.4394 27.9987 0.5190475 CCc1cc(Br)ccc1OCCC(=O)Nc1ccc(C(N)=O)o1 1 O=C(CCOc1ccccc1)Nc1ccco1 0.2500000 0.2500 0.2958682 0.2959 0.6666667 0.6667 0.7163592 0.7164 1.0000000 1.0000 1.0000000 381.2260 0.5329570 2.4334 1.0000000 1.0000 0.33333333333333337 1.0 0.4330127018922193 []
 | 32.5889 35.4766 22.7221 0.4546775 Cc1ccc(NC(=O)Nc2ccc(Cl)cc2)cc1[P+](O)(O)O 1 O=C(Nc1ccccc1)Nc1ccccc1 0.2700000 0.2700 0.2262779 0.2263 0.3333333 0.3333 0.7996727 0.7997 1.0000000 1.0000 1.0000000 341.7110 0.5352869 2.5350 1.0000000 1.0000 0.6666666666666667 1.0 0.4439594576084622 []
 | 29.8759 36.4906 26.0170 0.4883401 O=C(NCc1ccccc1F)c1ccccc1-c1ccc(S(=O)(=O)NCc2ccccc2)cc1 1 O=C(NCc1ccccc1)c1ccccc1-c1ccc(S(=O)(=O)NCc2ccccc2)cc1 0.3100000 0.3100 0.3117407 0.3117 0.3333333 0.3333 0.6882593 0.6883 1.0000000 1.0000 1.0000000 474.5570 0.5224499 1.9756 1.0000000 1.0000 0.6666666666666667 1.0 0.462493243193887 []
 | 27.3002 29.4861 35.1430 0.5049147 C[C@@H]1Cc2ccccc2N1C(=O)CN[C@H](C)c1ccccc1Br 1 O=C(CNCc1ccccc1)N1CCc2ccccc21 0.2450000 0.2450 0.2528903 0.2529 0.6666667 0.6667 0.7521592 0.7522 1.0000000 1.0000 1.0000000 373.2940 0.5428838 2.8670 1.0000000 1.0000 0.33333333333333337 1.0 0.4300872004605578 []
 | 22.3932 32.0319 31.0592 0.4928991 O=C(O)c1cc(NC(=O)c2ccccc2NCc2ccccc2)ccc1Cl 1 O=C(Nc1ccccc1)c1ccccc1NCc1ccccc1 0.3300000 0.3300 0.3080977 0.3081 0.3333333 0.3333 0.6919023 0.6919 1.0000000 1.0000 1.0000000 380.8310 0.5171635 1.7457 1.0000000 1.0000 0.6666666666666667 1.0 0.4702127178203499 []
 | 32.8111 41.6053 -41.6053 0.0000000 c1(=O)n2c(sc1C(Nc1ccccc1C(NCc1ccccc1)=O)=O)nc(-c1ccco1)cc2C(C)(C)C 0 -- 0.0000000 0.0000 0.0000000 0.0000 0.0000000 0.0000 0.0000000 0.0000 0.0000000 0.0000 0.0000000 0.0000 0.0000000 0.0000 0.0000000 0.0000 None None None None
20:50:50 <INFO> Sampled SMILES c1/c(=c2/c([nH]c(C=O)c/2)=C\c2ccccc2)cccc1 failed to sanitize.
20:50:54 <INFO> Score: 0.41 Agent NLL: 26.91 Valid:  98% Step: 71
 | Agent Prior Target Score SMILES SMILES_state Scaffold predicted_activity predicted_activity (raw) training_similarity training_similarity (raw) taf_consistency taf_consistency (raw) novelty novelty (raw) stereo_validity stereo_validity (raw) MW_window MW_window (raw) synthetic_feasibility synthetic_feasibility (raw) curated alerts filter curated alerts filter (raw) taf_disrupted (predicted_activity) scaffold_novelty (predicted_activity) uncertainty (predicted_activity) matchting_patterns (curated alerts filter)
 | 22.0059 26.7216 24.4090 0.3994574 CN=C(NCCSc1ccc(C)cc1)NCc1ccc(OC)cc1 1 N=C(NCCSc1ccccc1)NCc1ccccc1 0.1350000 0.1350 0.2292273 0.2292 0.3333333 0.3333 0.8224288 0.8224 1.0000000 1.0000 1.0000000 343.4960 0.5277021 2.2043 1.0000000 1.0000 0.6666666666666667 1.0 0.34172357249683555 []
 | 23.5292 29.5500 33.5434 0.4929170 O=C(NCc1ccccc1)Nc1ccccc1NC(=O)c1ccc2c(c1)OCO2 1 O=C(NCc1ccccc1)Nc1ccccc1NC(=O)c1ccc2c(c1)OCO2 0.3150000 0.3150 0.3259179 0.3259 0.3333333 0.3333 0.6740821 0.6741 1.0000000 1.0000 1.0000000 389.4110 0.5208246 1.9049 1.0000000 1.0000 0.6666666666666667 1.0 0.46451587701606073 []
 | 30.2157 36.2542 25.2678 0.4806405 Cc1cc(C)c(NC(=O)c2ccccc2C(=O)Oc2ccccc2Cc2ccccc2)c(C)c1 1 O=C(Nc1ccccc1)c1ccccc1C(=O)Oc1ccccc1Cc1ccccc1 0.2800000 0.2800 0.3185930 0.3186 0.3333333 0.3333 0.6814070 0.6814 1.0000000 1.0000 1.0000000 449.5500 0.5249652 2.0851 1.0000000 1.0000 0.6666666666666667 1.0 0.44899888641287294 []
 | 33.4972 36.9808 20.9179 0.4523340 Oc1cccc2c(NCc3ccc(Cl)cc3Cl)nc3ccccc3c12 1 c1ccc(CNc2nc3ccccc3c3ccccc23)cc1 0.2700000 0.2700 0.2256355 0.2256 0.3333333 0.3333 0.7743645 0.7744 1.0000000 1.0000 1.0000000 369.2510 0.5268443 2.1670 1.0000000 1.0000 0.6666666666666667 1.0 0.4439594576084623 []
 | 35.5056 35.5746 22.6075 0.4545476 NCCc1ccn(CC(=O)c2cccc(N)c2)c(=O)c1 1 O=C(Cn1ccccc1=O)c1ccccc1 0.2650000 0.2650 0.2369242 0.2369 0.3333333 0.3333 0.7630758 0.7631 1.0000000 1.0000 1.0000000 271.3200 0.5295920 2.2867 1.0000000 1.0000 0.6666666666666667 1.0 0.4413332074521472 []
 | 21.7559 24.3527 33.5508 0.4523709 CC[C@H](Oc1ccc(C)c(C)c1)C(=O)Nc1ccc(F)cc1 1 O=C(COc1ccccc1)Nc1ccccc1 0.2250000 0.2250 0.2706660 0.2707 0.3333333 0.3333 0.7735446 0.7735 1.0000000 1.0000 1.0000000 301.3610 0.5282272 2.2272 1.0000000 1.0000 0.6666666666666667 1.0 0.41758232721225164 []
 | 24.6592 27.1205 30.2046 0.4478526 COc1ccc(CC(=O)NC(C)(C)Cc2ccccc2)cc1OC 1 O=C(Cc1ccccc1)NCCc1ccccc1 0.1950000 0.1950 0.3174511 0.3175 0.3333333 0.3333 0.6841011 0.6841 1.0000000 1.0000 1.0000000 327.4240 0.5207819 1.9031 1.0000000 1.0000 0.6666666666666667 1.0 0.3962007067131506 []
 | 18.3708 25.7158 31.5558 0.4474348 CCOc1ccc(NCCCc2ccccc2)c(N)c1 1 c1ccc(CCCNc2ccccc2)cc1 0.2000000 0.2000 0.3040168 0.3040 0.3333333 0.3333 0.7066406 0.7066 1.0000000 1.0000 1.0000000 270.3760 0.5175228 1.7613 1.0000000 1.0000 0.6666666666666667 1.0 0.4000000000000001 []
 | 23.9892 30.5365 28.2429 0.4592136 COc1ccccc1CNC(=O)Nc1ccccc1-c1ccc(F)cc1 1 O=C(NCc1ccccc1)Nc1ccccc1-c1ccccc1 0.2150000 0.2150 0.3151875 0.3152 0.3333333 0.3333 0.7463269 0.7463 1.0000000 1.0000 1.0000000 350.3930 0.5168958 1.7341 1.0000000 1.0000 0.6666666666666667 1.0 0.41082234603292944 []
 | 30.2089 30.6270 22.2148 0.4128271 COc1ccc(NC(=O)Cn2cnc3onc(C4CCCCC4)c3c2=O)c(OC)c1 1 O=C(Cn1cnc2onc(C3CCCCC3)c2c1=O)Nc1ccccc1 0.1300000 0.1300 0.2911113 0.2911 0.3333333 0.3333 0.7645678 0.7646 1.0000000 1.0000 1.0000000 412.4460 0.5345178 2.5015 1.0000000 1.0000 0.6666666666666667 1.0 0.33630343441600474 []
20:50:57 <INFO> Score: 0.37 Agent NLL: 27.74 Valid: 100% Step: 72
 | Agent Prior Target Score SMILES SMILES_state Scaffold predicted_activity predicted_activity (raw) training_similarity training_similarity (raw) taf_consistency taf_consistency (raw) novelty novelty (raw) stereo_validity stereo_validity (raw) MW_window MW_window (raw) synthetic_feasibility synthetic_feasibility (raw) curated alerts filter curated alerts filter (raw) taf_disrupted (predicted_activity) scaffold_novelty (predicted_activity) uncertainty (predicted_activity) matchting_patterns (curated alerts filter)
 | 22.7400 30.1269 -14.5741 0.1215059 CCC(C)(NC(=O)NCc1ccc(Br)cc1Br)C(=O)O 1 c1ccccc1 0.2650000 0.2650 0.2197738 0.2198 0.6666667 0.6667 0.7894007 0.7894 0.0000000 0.0000 1.0000000 408.0900 0.5417731 2.8184 1.0000000 1.0000 0.33333333333333337 1.0 0.4413332074521472 []
 | 27.7369 36.5387 23.6810 0.4704665 CCOc1cc(C(N)=O)cc(O)c1NC(=O)Nc1ccccc1F 1 O=C(Nc1ccccc1)Nc1ccccc1 0.2800000 0.2800 0.2741446 0.2741 0.3333333 0.3333 0.7333676 0.7334 1.0000000 1.0000 1.0000000 333.3190 0.5273453 2.1888 1.0000000 1.0000 0.6666666666666667 1.0 0.44899888641287294 []
 | 25.0198 26.0682 -21.9786 0.0319495 O=C(c1cc2ccccc2oc1=O)N1CCN(Cc2cccc(Cl)c2)CC1 1 O=C(c1cc2ccccc2oc1=O)N1CCN(Cc2ccccc2)CC1 0.2400000 0.2400 0.2861466 0.2861 0.0000000 0.0000 0.7152526 0.7153 1.0000000 1.0000 1.0000000 382.8470 0.5228392 1.9926 1.0000000 1.0000 1.0 1.0 0.4270831300812524 []
 | 33.5372 34.4323 18.9288 0.4168841 O=C(CSc1cccc(NS(=O)(=O)c2ccc3c(c2)OCCO3)c1)Nc1ccc(F)c(Cl)c1 1 O=C(CSc1cccc(NS(=O)(=O)c2ccc3c(c2)OCCO3)c1)Nc1ccccc1 0.2100000 0.2100 0.1829888 0.1830 0.3333333 0.3333 0.8287766 0.8288 1.0000000 1.0000 1.0000000 508.9800 0.5294538 2.2806 1.0000000 1.0000 0.6666666666666667 1.0 0.4073082370883261 []
 | 24.0765 31.2850 28.3575 0.4659568 O=C(Nc1ccc(S(=O)(=O)Nc2ccc(Cl)cc2)cc1)c1cc(Br)ccc1Br 1 O=C(Nc1ccc(S(=O)(=O)Nc2ccccc2)cc1)c1ccccc1 0.2550000 0.2550 0.1540488 0.1540 0.6666667 0.6667 0.8459512 0.8460 1.0000000 1.0000 1.0000000 544.6520 0.5209532 1.9105 1.0000000 1.0000 0.33333333333333337 1.0 0.43586121644395015 []
 | 34.4850 41.9315 9.4872 0.4017084 CCOc1cc(CNC(C)(C)C)ccc1COc1ccc([O-])cc1 1 c1ccc(COc2ccccc2)cc1 0.1450000 0.1450 0.2222392 0.2222 0.3333333 0.3333 0.7920499 0.7920 1.0000000 1.0000 1.0000000 328.4320 0.5357197 2.5539 1.0000000 1.0000 0.6666666666666667 1.0 0.352100837829165 []
 | 19.7143 23.5163 -11.1961 0.0962511 NS(=O)(=O)NC1CCCNCC1 1 C1CCCNCC1 0.1900000 0.1900 0.1490712 0.1491 0.3333333 0.3333 0.8904555 0.8905 0.0000000 0.0000 1.0000000 193.2720 0.5456385 2.9876 1.0000000 1.0000 0.6666666666666667 1.0 0.39230090491866065 []
 | 27.2564 29.3082 -14.5272 0.1154771 O=C(Nc1ccc(Cl)cc1)Nc1ccccc1C(O)c1ccccc1 1 O=C(Nc1ccccc1)Nc1ccccc1Cc1ccccc1 0.3000000 0.3000 0.2739983 0.2740 0.3333333 0.3333 0.7260017 0.7260 0.0000000 0.0000 1.0000000 352.8210 0.5280513 2.2195 1.0000000 1.0000 0.6666666666666667 1.0 0.45825756949558394 []
 | 25.0617 30.8919 30.8792 0.4825862 COCC(=O)N[C@@H](c1ccccc1)[C@H](C)NCc1ccccc1 1 c1ccc(CCNCc2ccccc2)cc1 0.2650000 0.2650 0.3466975 0.3467 0.3333333 0.3333 0.6533025 0.6533 1.0000000 1.0000 1.0000000 312.4130 0.5383508 2.6688 1.0000000 1.0000 0.6666666666666667 1.0 0.4413332074521472 []
 | 28.1049 34.8190 23.1241 0.4526803 COc1ccc(CNC(=O)c2ccc(OC)cc2SCc2cccs2)cc1 1 O=C(NCc1ccccc1)c1ccccc1SCc1cccs1 0.1950000 0.1950 0.3216338 0.3216 0.3333333 0.3333 0.7389815 0.7390 1.0000000 1.0000 1.0000000 399.5370 0.5250494 2.0888 1.0000000 1.0000 0.6666666666666667 1.0 0.3962007067131506 []
20:51:02 <INFO> Score: 0.41 Agent NLL: 27.48 Valid: 100% Step: 73
 | Agent Prior Target Score SMILES SMILES_state Scaffold predicted_activity predicted_activity (raw) training_similarity training_similarity (raw) taf_consistency taf_consistency (raw) novelty novelty (raw) stereo_validity stereo_validity (raw) MW_window MW_window (raw) synthetic_feasibility synthetic_feasibility (raw) curated alerts filter curated alerts filter (raw) taf_disrupted (predicted_activity) scaffold_novelty (predicted_activity) uncertainty (predicted_activity) matchting_patterns (curated alerts filter)
 | 28.1505 30.9287 24.1228 0.4300904 Cc1ccc(C)c(-c2csc(NC(=O)c3ccc(NC(=O)C4CCCCC4)cc3)n2)c1 1 O=C(Nc1nc(-c2ccccc2)cs1)c1ccc(NC(=O)C2CCCCC2)cc1 0.2200000 0.2200 0.2047651 0.2048 0.3333333 0.3333 0.8419264 0.8419 1.0000000 1.0000 1.0000000 433.5770 0.5245472 2.0669 1.0000000 1.0000 0.6666666666666667 1.0 0.4142463035441596 []
 | 24.8254 33.0057 39.7041 0.5680451 COC(=O)c1ccc(NC(=O)c2cccc(NC(=O)CCc3ccccc3)c2)c(Br)c1 1 O=C(CCc1ccccc1)Nc1cccc(C(=O)Nc2ccccc2)c1 0.2900000 0.2900 0.3022439 0.3022 1.0000000 1.0000 0.6977561 0.6978 1.0000000 1.0000 1.0000000 481.3460 0.5204351 1.8880 1.0000000 1.0000 0.0 1.0 0.4537620521815371 []
 | 28.9046 34.1980 23.6783 0.4521586 CC[C@@H](Oc1cccc(OC)c1)C(=O)Nc1cc(OC)ccc1F 1 O=C(COc1ccccc1)Nc1ccccc1 0.1800000 0.1800 0.3480089 0.3480 0.3333333 0.3333 0.7239212 0.7239 1.0000000 1.0000 1.0000000 333.3590 0.5308859 2.3431 1.0000000 1.0000 0.6666666666666667 1.0 0.38418745424597095 []
 | 27.4710 37.1677 23.4890 0.4738804 CN=C(NCc1ccc(Br)cc1)Nc1cccc(OCOC)c1 1 N=C(NCc1ccccc1)Nc1ccccc1 0.1950000 0.1950 0.2273315 0.2273 0.6666667 0.6667 0.7794356 0.7794 1.0000000 1.0000 1.0000000 378.2700 0.5290933 2.2649 1.0000000 1.0000 0.33333333333333337 1.0 0.3962007067131506 []
 | 27.9182 29.5422 32.7447 0.4866161 N#Cc1cccc(S(=O)(=O)Nc2ccc(/C(N)=N\O)cc2)c1 1 O=S(=O)(Nc1ccccc1)c1ccccc1 0.2800000 0.2800 0.1750547 0.1751 0.6666667 0.6667 0.8459512 0.8460 1.0000000 1.0000 1.0000000 316.3420 0.5253831 2.1033 1.0000000 1.0000 0.33333333333333337 1.0 0.44899888641287294 []
 | 26.5097 30.4343 24.2408 0.4271492 CC(=O)Nc1ccc(C)c(S(=O)(=O)Nc2cccc([N+](=O)[O-])c2)c1 1 O=S(=O)(Nc1ccccc1)c1ccccc1 0.2100000 0.2100 0.2118967 0.2119 0.3333333 0.3333 0.8073314 0.8073 1.0000000 1.0000 1.0000000 349.3680 0.5220145 1.9567 1.0000000 1.0000 0.6666666666666667 1.0 0.4073082370883261 []
 | 30.1149 31.8473 22.4643 0.4243097 CCc1cccc(C)c1NCC(=O)Nc1ccc(S(=O)(=O)N2CCC[C@H](C)C2)cc1 1 O=C(CNc1ccccc1)Nc1ccc(S(=O)(=O)N2CCCCC2)cc1 0.1900000 0.1900 0.2258770 0.2259 0.3333333 0.3333 0.7873950 0.7874 1.0000000 1.0000 1.0000000 429.5860 0.5368505 2.6033 1.0000000 1.0000 0.6666666666666667 1.0 0.39230090491866065 []
 | 28.3978 32.2904 22.1045 0.4249606 CC(=O)Nc1ccc(CN2CCN(CC(=O)NC3CCCCC3)CC2)cn1 1 O=C(CN1CCN(Cc2cccnc2)CC1)NC1CCCCC1 0.1450000 0.1450 0.3044198 0.3044 0.3333333 0.3333 0.7721972 0.7722 1.0000000 1.0000 1.0000000 373.5010 0.5257876 2.1209 1.0000000 1.0000 0.6666666666666667 1.0 0.352100837829165 []
 | 22.4166 26.7612 33.0185 0.4670293 N#Cc1cc(F)cc(NCc2sccc2N)c1 1 c1ccc(NCc2cccs2)cc1 0.2450000 0.2450 0.1558573 0.1559 0.6666667 0.6667 0.8933238 0.8933 1.0000000 1.0000 1.0000000 247.2980 0.5347239 2.5105 1.0000000 1.0000 0.33333333333333337 1.0 0.43008720046055776 []
 | 21.6522 24.4869 30.6255 0.4305656 CCc1ccc(CNCCc2ccccc2F)cc1 1 c1ccc(CCNCc2ccccc2)cc1 0.2100000 0.2100 0.2243971 0.2244 0.3333333 0.3333 0.7933115 0.7933 1.0000000 1.0000 1.0000000 257.3520 0.5146195 1.6351 1.0000000 1.0000 0.6666666666666667 1.0 0.4073082370883261 []
20:51:02 <INFO> Sampled SMILES C(=C\c1c(c(ccc1)OC)OC(F)F)(=N/O)N failed to sanitize.
20:51:05 <INFO> Score: 0.42 Agent NLL: 26.80 Valid:  98% Step: 74
 | Agent Prior Target Score SMILES SMILES_state Scaffold predicted_activity predicted_activity (raw) training_similarity training_similarity (raw) taf_consistency taf_consistency (raw) novelty novelty (raw) stereo_validity stereo_validity (raw) MW_window MW_window (raw) synthetic_feasibility synthetic_feasibility (raw) curated alerts filter curated alerts filter (raw) taf_disrupted (predicted_activity) scaffold_novelty (predicted_activity) uncertainty (predicted_activity) matchting_patterns (curated alerts filter)
 | 24.8357 27.7572 39.5180 0.5255875 CC[C@H](C)C(=O)NCc1ncccc1Br 1 c1ccncc1 0.2750000 0.2750 0.2817181 0.2817 0.6666667 0.6667 0.7348349 0.7348 1.0000000 1.0000 1.0000000 271.1580 0.5394729 2.7179 1.0000000 1.0000 0.33333333333333337 1.0 0.44651427748729383 []
 | 22.8990 24.5561 33.7414 0.4554493 CCc1ccc(/C=C/C(=O)NCc2ccccn2)cc1 1 O=C(C=Cc1ccccc1)NCc1ccccn1 0.2450000 0.2450 0.2652335 0.2652 0.3333333 0.3333 0.7400624 0.7401 1.0000000 1.0000 1.0000000 266.3440 0.5203707 1.8852 1.0000000 1.0000 0.6666666666666667 1.0 0.4300872004605578 []
 | 22.1833 26.8921 27.4429 0.4244925 COc1ccccc1Nc1nc(Nc2ccccc2)nc(N2CCOCC2)n1 1 c1ccc(Nc2nc(Nc3ccccc3)nc(N3CCOCC3)n2)cc1 0.1600000 0.1600 0.2695819 0.2696 0.3333333 0.3333 0.7994351 0.7994 1.0000000 1.0000 1.0000000 378.4360 0.5258209 2.1224 1.0000000 1.0000 0.6666666666666667 1.0 0.36660605559646714 []
 | 23.5535 28.4823 31.8355 0.4712327 CC[C@H](C(=O)Nc1cc(Cl)ccc1C)N(C)Cc1ccccc1 1 O=C(CNCc1ccccc1)Nc1ccccc1 0.2650000 0.2650 0.2974089 0.2974 0.3333333 0.3333 0.7025911 0.7026 1.0000000 1.0000 1.0000000 330.8590 0.5310559 2.3505 1.0000000 1.0000 0.6666666666666667 1.0 0.4413332074521472 []
 | 26.0546 30.2452 27.3112 0.4496591 COc1ccccc1CNCCNC(=O)c1ccc(Cl)nn1 1 O=C(NCCNCc1ccccc1)c1cccnn1 0.1950000 0.1950 0.3079409 0.3079 0.3333333 0.3333 0.7521592 0.7522 1.0000000 1.0000 1.0000000 320.7800 0.5248897 2.0818 1.0000000 1.0000 0.6666666666666667 1.0 0.3962007067131506 []
 | 21.4292 26.7581 29.9231 0.4428216 Cc1cc(N2CCN(Cc3ccccc3)CC2)nc(Nc2ccccc2F)n1 1 c1ccc(CN2CCN(c3ccnc(Nc4ccccc4)n3)CC2)cc1 0.2150000 0.2150 0.2532922 0.2533 0.3333333 0.3333 0.7818462 0.7818 1.0000000 1.0000 1.0000000 377.4670 0.5235175 2.0221 1.0000000 1.0000 0.6666666666666667 1.0 0.4108223460329294 []
 | 23.2176 24.2473 -9.8056 0.1128253 CCCNC1CCCN(Cc2cccc(F)c2Br)CC1 1 c1ccc(CN2CCCCCC2)cc1 0.1850000 0.1850 0.2118967 0.2119 0.6666667 0.6667 0.8134494 0.8134 0.0000000 0.0000 1.0000000 343.2840 0.5368505 2.6033 1.0000000 1.0000 0.33333333333333337 1.0 0.3882975663070784 []
 | 33.1106 34.8679 20.4903 0.4324854 CCc1ccc(CC)c(Oc2c(CC#N)cccc2OC)c1 1 c1ccc(Oc2ccccc2)cc1 0.1800000 0.1800 0.2642491 0.2642 0.3333333 0.3333 0.7920499 0.7920 1.0000000 1.0000 1.0000000 295.3820 0.5298744 2.2990 1.0000000 1.0000 0.6666666666666667 1.0 0.38418745424597095 []
 | 31.9589 32.5688 18.4026 0.3982142 CN(Cc1ccc(Br)c(Cl)n1)Cc1occc1Br 1 c1ccc(CNCc2ccco2)nc1 0.1850000 0.1850 0.1583891 0.1584 0.3333333 0.3333 0.8610575 0.8611 1.0000000 1.0000 1.0000000 394.4940 0.5442301 2.9259 1.0000000 1.0000 0.6666666666666667 1.0 0.38829756630707846 []
 | 26.0442 31.7604 25.3338 0.4460486 Clc1ccc(OC2CCCCC2)c(CNCc2cncc(Br)c2)c1 1 c1cncc(CNCc2ccccc2OC2CCCCC2)c1 0.1600000 0.1600 0.1956984 0.1957 0.6666667 0.6667 0.8321396 0.8321 1.0000000 1.0000 1.0000000 409.7550 0.5293102 2.2744 1.0000000 1.0000 0.33333333333333337 1.0 0.36660605559646714 []
20:51:05 <INFO> Sampled SMILES c1c(cn(Cc2cc(CNC)ccc2)cc1)=O failed to sanitize.
20:51:09 <INFO> Score: 0.35 Agent NLL: 27.02 Valid:  98% Step: 75
 | Agent Prior Target Score SMILES SMILES_state Scaffold predicted_activity predicted_activity (raw) training_similarity training_similarity (raw) taf_consistency taf_consistency (raw) novelty novelty (raw) stereo_validity stereo_validity (raw) MW_window MW_window (raw) synthetic_feasibility synthetic_feasibility (raw) curated alerts filter curated alerts filter (raw) taf_disrupted (predicted_activity) scaffold_novelty (predicted_activity) uncertainty (predicted_activity) matchting_patterns (curated alerts filter)
 | 34.3703 35.0362 23.9002 0.4604404 O=C(Nc1ccc(OC(F)(F)F)cc1)c1ccc[n+](CCSc2ccccc2)c1 1 O=C(Nc1ccccc1)c1ccc[n+](CCSc2ccccc2)c1 0.2650000 0.2650 0.2557448 0.2557 0.3333333 0.3333 0.7442552 0.7443 1.0000000 1.0000 1.0000000 419.4480 0.5328073 2.4269 1.0000000 1.0000 0.6666666666666667 1.0 0.4413332074521472 []
 | 23.2151 25.5085 -25.5085 0.0000000 c1c(cn(Cc2cc(CNC)ccc2)cc1)=O 0 -- 0.0000000 0.0000 0.0000000 0.0000 0.0000000 0.0000 0.0000000 0.0000 0.0000000 0.0000 0.0000000 0.0000 0.0000000 0.0000 0.0000000 0.0000 None None None None
 | 26.0934 33.7242 35.3323 0.5395043 Cc1c(C(=O)Nc2cccc(C#N)c2)c(=O)n(Cc2ccccc2)c(=O)n1Cc1ccccc1 1 O=C(Nc1ccccc1)c1cn(Cc2ccccc2)c(=O)n(Cc2ccccc2)c1=O 0.3000000 0.3000 0.3084763 0.3085 0.6666667 0.6667 0.6915237 0.6915 1.0000000 1.0000 1.0000000 450.4980 0.5272295 2.1837 1.0000000 1.0000 0.33333333333333337 1.0 0.458257569495584 []
 | 27.1005 33.7412 27.2171 0.4762373 CC(C)(C)c1cc(NC(=O)c2ccc(F)cc2)ccc1NC(=O)c1ccc(Br)cc1 1 O=C(Nc1ccc(NC(=O)c2ccccc2)cc1)c1ccccc1 0.2500000 0.2500 0.1761661 0.1762 0.6666667 0.6667 0.8440374 0.8440 1.0000000 1.0000 1.0000000 469.3540 0.5212231 1.9223 1.0000000 1.0000 0.33333333333333337 1.0 0.4330127018922193 []
 | 25.4622 32.9643 28.5448 0.4805396 CCOc1ccc(CNCc2cccc(C(=O)Nc3ccccc3)c2)cn1 1 O=C(Nc1ccccc1)c1cccc(CNCc2cccnc2)c1 0.2700000 0.2700 0.3357208 0.3357 0.3333333 0.3333 0.6642792 0.6643 1.0000000 1.0000 1.0000000 361.4450 0.5204070 1.8868 1.0000000 1.0000 0.6666666666666667 1.0 0.4439594576084623 []
 | 38.1567 41.6911 -41.6911 0.0000000 CCOc1ccc(OCC)c(C(=O)N2N=C(CC)C[C@H]2C(=O)Nc2ccc(F)cc2)c1 1 O=C(Nc1ccccc1)C1CC=NN1C(=O)c1ccccc1 0.0000000 0.0000 0.0000000 0.0000 0.0000000 0.0000 0.0000000 0.0000 0.0000000 0.0000 0.0000000 0.0000 0.0000000 0.0000 0.0000000 0.0000 None None None ['[#7;!n][#7;!n]']
 | 23.8071 23.6841 -23.6841 0.0000000 CNCc1cc(Cl)ccc1N(C)CCC(C)C 1 c1ccccc1 0.2150000 0.2150 0.1569412 0.1569 0.3333333 0.3333 0.8610575 0.8611 1.0000000 1.0000 1.0000000 254.8050 0.5284901 2.2387 1.0000000 1.0000 0.6666666666666667 1.0 0.41082234603292944 []
 | 30.6234 34.7187 22.7603 0.4490552 CCCCCc1ccc(NC(=O)Cc2c(C)oc3c(C)cccc23)cc1 1 O=C(Cc1coc2ccccc12)Nc1ccccc1 0.1950000 0.1950 0.3076116 0.3076 0.3333333 0.3333 0.7421447 0.7421 1.0000000 1.0000 1.0000000 349.4740 0.5257126 2.1177 1.0000000 1.0000 0.6666666666666667 1.0 0.3962007067131506 []
 | 22.6366 27.9405 32.0789 0.4689015 CCc1cccc(CC)c1NC(=O)c1cc(Cl)cc(=O)[nH]1 1 O=C(Nc1ccccc1)c1cccc(=O)[nH]1 0.2700000 0.2700 0.2778850 0.2779 0.3333333 0.3333 0.7384428 0.7384 1.0000000 1.0000 1.0000000 304.7770 0.5295028 2.2828 1.0000000 1.0000 0.6666666666666667 1.0 0.4439594576084622 []
 | 22.4224 27.2313 32.0402 0.4630586 CC(=O)Nc1ccc(NC(=O)/C(=C\c2cccs2)NC(=O)c2ccccc2)cc1 1 O=C(Nc1ccccc1)C(=Cc1cccs1)NC(=O)c1ccccc1 0.2750000 0.2750 0.2548645 0.2549 0.3333333 0.3333 0.7492939 0.7493 1.0000000 1.0000 1.0000000 405.4790 0.5248941 2.0820 1.0000000 1.0000 0.6666666666666667 1.0 0.4465142774872939 []
20:51:13 <INFO> Score: 0.42 Agent NLL: 25.72 Valid: 100% Step: 76
 | Agent Prior Target Score SMILES SMILES_state Scaffold predicted_activity predicted_activity (raw) training_similarity training_similarity (raw) taf_consistency taf_consistency (raw) novelty novelty (raw) stereo_validity stereo_validity (raw) MW_window MW_window (raw) synthetic_feasibility synthetic_feasibility (raw) curated alerts filter curated alerts filter (raw) taf_disrupted (predicted_activity) scaffold_novelty (predicted_activity) uncertainty (predicted_activity) matchting_patterns (curated alerts filter)
 | 26.9704 33.3904 22.0347 0.4330089 Cc1ccc(CNC(=O)CNCc2sc(Cl)cc2Cl)cc1 1 O=C(CNCc1cccs1)NCc1ccccc1 0.2300000 0.2300 0.2079501 0.2080 0.3333333 0.3333 0.7920499 0.7920 1.0000000 1.0000 1.0000000 343.2790 0.5306820 2.3342 1.0000000 1.0000 0.6666666666666667 1.0 0.4208325082500163 []
 | 26.1397 39.4544 20.7549 0.4703856 O=C(Nc1cccc(Cl)c1C(=O)Nc1ccccc1)c1cccc(Nc2ccccc2)n1 1 O=C(Nc1ccccc1C(=O)Nc1ccccc1)c1cccc(Nc2ccccc2)n1 0.3250000 0.3250 0.2310733 0.2311 0.3333333 0.3333 0.7689267 0.7689 1.0000000 1.0000 1.0000000 442.9060 0.5245234 2.0659 1.0000000 1.0000 0.6666666666666667 1.0 0.4683748498798799 []
 | 28.8679 32.3884 29.3867 0.4826182 COC(=O)c1ccc(NC(=O)c2cc(-c3ccc(OC)cc3)no2)nc1 1 O=C(Nc1ccccn1)c1cc(-c2ccccc2)no1 0.1800000 0.1800 0.2751721 0.2752 0.6666667 0.6667 0.7601994 0.7602 1.0000000 1.0000 1.0000000 353.3340 0.5254639 2.1068 1.0000000 1.0000 0.33333333333333337 1.0 0.38418745424597095 []
 | 23.0878 29.8202 32.1189 0.4838987 CC(C)c1cccc(C(C)C)c1NC(=O)[C@H](NCc1ccccc1)c1ccccc1 1 O=C(Nc1ccccc1)C(NCc1ccccc1)c1ccccc1 0.2850000 0.2850 0.3216010 0.3216 0.3333333 0.3333 0.6799715 0.6800 1.0000000 1.0000 1.0000000 400.5660 0.5345954 2.5049 1.0000000 1.0000 0.6666666666666667 1.0 0.4514144437210666 []
 | 22.5933 25.9456 37.9116 0.4988849 C[C@H](NCc1ccc(F)c(Br)c1)c1ccccc1Br 1 c1ccc(CNCc2ccccc2)cc1 0.2600000 0.2600 0.2223080 0.2223 0.6666667 0.6667 0.7776920 0.7777 1.0000000 1.0000 1.0000000 387.0900 0.5324576 2.4116 1.0000000 1.0000 0.33333333333333337 1.0 0.43863424398922624 []
 | 32.1298 36.1252 18.2113 0.4245043 CC(C)(C)NC(=O)c1cncc(N2CCN(CCOC3CCCCC3)CC2)c1 1 c1cncc(N2CCN(CCOC3CCCCC3)CC2)c1 0.1400000 0.1400 0.3100868 0.3101 0.3333333 0.3333 0.7793694 0.7794 1.0000000 1.0000 1.0000000 388.5560 0.5326002 2.4178 1.0000000 1.0000 0.6666666666666667 1.0 0.34698703145794946 []
 | 22.1452 32.0419 31.5376 0.4967145 Cc1ccc(NC(=O)c2ccccc2NCc2ccccc2C#N)c(C)c1 1 O=C(Nc1ccccc1)c1ccccc1NCc1ccccc1 0.2600000 0.2600 0.2190343 0.2190 0.6666667 0.6667 0.7818462 0.7818 1.0000000 1.0000 1.0000000 355.4410 0.5213926 1.9296 1.0000000 1.0000 0.33333333333333337 1.0 0.4386342439892262 []
 | 21.0629 29.2782 39.2817 0.5356242 O=C(Nc1ccccc1)c1cccc(NCCOc2ccc(Br)cc2)c1 1 O=C(Nc1ccccc1)c1cccc(NCCOc2ccccc2)c1 0.2950000 0.2950 0.3044078 0.3044 0.6666667 0.6667 0.6955922 0.6956 1.0000000 1.0000 1.0000000 411.2990 0.5163943 1.7123 1.0000000 1.0000 0.33333333333333337 1.0 0.45604276115294284 []
 | 22.2340 29.9172 31.8249 0.4823598 C[C@@H](Nc1ccc(NC(=O)c2ccccc2)nc1)c1ccccc1 1 O=C(Nc1ccc(NCc2ccccc2)cn1)c1ccccc1 0.3000000 0.3000 0.2968624 0.2969 0.3333333 0.3333 0.7066406 0.7066 1.0000000 1.0000 1.0000000 317.3920 0.5271109 2.1786 1.0000000 1.0000 0.6666666666666667 1.0 0.458257569495584 []
 | 28.1860 35.5843 33.7779 0.5418925 NC(=O)N[C@@H](CCCc1ccccc1)C(=O)Nc1cccc(Br)c1 1 O=C(CCCCc1ccccc1)Nc1ccccc1 0.3150000 0.3150 0.2974089 0.2974 0.6666667 0.6667 0.7025911 0.7026 1.0000000 1.0000 1.0000000 390.2810 0.5301644 2.3116 1.0000000 1.0000 0.33333333333333337 1.0 0.46451587701606073 []
20:51:13 <INFO> Sampled SMILES c1ccc2SC3C(Nc4ccc(Br)cc34)NCC=c2c1 failed to sanitize.
20:51:16 <INFO> Score: 0.40 Agent NLL: 25.95 Valid:  98% Step: 77
 | Agent Prior Target Score SMILES SMILES_state Scaffold predicted_activity predicted_activity (raw) training_similarity training_similarity (raw) taf_consistency taf_consistency (raw) novelty novelty (raw) stereo_validity stereo_validity (raw) MW_window MW_window (raw) synthetic_feasibility synthetic_feasibility (raw) curated alerts filter curated alerts filter (raw) taf_disrupted (predicted_activity) scaffold_novelty (predicted_activity) uncertainty (predicted_activity) matchting_patterns (curated alerts filter)
 | 26.9076 32.2571 25.4473 0.4508150 COc1ccc(Nc2ncc(Cl)cc2C(=O)Nc2ccc(OC(C)C)cc2)c(OC)c1 1 O=C(Nc1ccccc1)c1cccnc1Nc1ccccc1 0.2100000 0.2100 0.2860281 0.2860 0.3333333 0.3333 0.7697954 0.7698 1.0000000 1.0000 1.0000000 441.9150 0.5264367 2.1492 1.0000000 1.0000 0.6666666666666667 1.0 0.40730823708832603 []
 | 21.0608 27.4198 32.2504 0.4661742 COc1ccc(CCNc2ccc(C(=O)NCc3ccccc3)cc2)cc1 1 O=C(NCc1ccccc1)c1ccc(NCCc2ccccc2)cc1 0.2350000 0.2350 0.3297751 0.3298 0.3333333 0.3333 0.6702249 0.6702 1.0000000 1.0000 1.0000000 360.4570 0.5146397 1.6360 1.0000000 1.0000 0.6666666666666667 1.0 0.4239988207530771 []
 | 22.6819 29.8122 37.2155 0.5236537 CN=C(NCCNC(=O)c1ccccc1Br)NCCc1ccco1 1 N=C(NCCNC(=O)c1ccccc1)NCCc1ccco1 0.3000000 0.3000 0.2519516 0.2520 0.6666667 0.6667 0.7521592 0.7522 1.0000000 1.0000 1.0000000 393.2850 0.5328670 2.4295 1.0000000 1.0000 0.33333333333333337 1.0 0.458257569495584 []
 | 21.2086 28.2747 27.4044 0.4349924 CCOc1ccccc1NC(=O)Nc1cccc(-c2csc(C)n2)c1 1 O=C(Nc1ccccc1)Nc1cccc(-c2cscn2)c1 0.2100000 0.2100 0.2390457 0.2390 0.3333333 0.3333 0.7675047 0.7675 1.0000000 1.0000 1.0000000 353.4470 0.5213407 1.9274 1.0000000 1.0000 0.6666666666666667 1.0 0.4073082370883261 []
 | 31.1518 37.7384 21.5122 0.4628954 CC(C)(C)c1cc(C(=O)Nc2cccc(N3C(=O)Cc4ccccc4C3=O)c2)on1 1 O=C(Nc1cccc(N2C(=O)Cc3ccccc3C2=O)c1)c1ccno1 0.2800000 0.2800 0.2467548 0.2468 0.3333333 0.3333 0.7561569 0.7562 1.0000000 1.0000 1.0000000 403.4380 0.5332819 2.4476 1.0000000 1.0000 0.6666666666666667 1.0 0.44899888641287294 []
 | 17.9981 26.1854 30.6353 0.4439118 COc1ccc(NC(=O)NCc2ccccc2CN)cc1 1 O=C(NCc1ccccc1)Nc1ccccc1 0.1850000 0.1850 0.3052813 0.3053 0.3333333 0.3333 0.7567568 0.7568 1.0000000 1.0000 1.0000000 285.3470 0.5159168 1.6915 1.0000000 1.0000 0.6666666666666667 1.0 0.38829756630707846 []
 | 29.7326 32.4033 27.8907 0.4710466 CC(C)(C)OC(=O)Nc1ccc(N2CCN(C(=O)c3ccc[nH]3)CC2)nc1 1 O=C(c1ccc[nH]1)N1CCN(c2ccccn2)CC1 0.1900000 0.1900 0.2208630 0.2209 0.6666667 0.6667 0.8140038 0.8140 1.0000000 1.0000 1.0000000 371.4410 0.5311670 2.3553 1.0000000 1.0000 0.33333333333333337 1.0 0.39230090491866065 []
 | 25.0768 31.5980 24.3760 0.4372965 CC(C)Oc1ccc(Nc2ccc(NC(=O)c3ccc4c(c3)CCC4)cn2)cc1 1 O=C(Nc1ccc(Nc2ccccc2)nc1)c1ccc2c(c1)CCC2 0.2100000 0.2100 0.2414726 0.2415 0.3333333 0.3333 0.7886299 0.7886 1.0000000 1.0000 1.0000000 387.4830 0.5253120 2.1002 1.0000000 1.0000 0.6666666666666667 1.0 0.4073082370883261 []
 | 23.9428 26.7864 -26.7864 0.0000000 COc1cc(N)cc(NCCC(=O)NC(C)(C)C)c1 1 c1ccccc1 0.1850000 0.1850 0.2747531 0.2748 0.3333333 0.3333 0.8256285 0.8256 1.0000000 1.0000 1.0000000 265.3570 0.5272347 2.1840 1.0000000 1.0000 0.6666666666666667 1.0 0.38829756630707846 []
 | 27.4611 30.5347 27.6875 0.4548612 Cc1ccc(C(=O)Nc2cccc(S(=O)(=O)N(C)c3ccccc3)c2)c(C)c1 1 O=C(Nc1cccc(S(=O)(=O)Nc2ccccc2)c1)c1ccccc1 0.2850000 0.2850 0.2205644 0.2206 0.3333333 0.3333 0.7794356 0.7794 1.0000000 1.0000 1.0000000 394.4960 0.5209472 1.9103 1.0000000 1.0000 0.6666666666666667 1.0 0.4514144437210666 []
20:51:17 <INFO> Sampled SMILES Clc1cccc(c1)NCc1c(Cl)nc(N(C)C)n1 failed to sanitize.
20:51:20 <INFO> Score: 0.43 Agent NLL: 26.33 Valid:  98% Step: 78
 | Agent Prior Target Score SMILES SMILES_state Scaffold predicted_activity predicted_activity (raw) training_similarity training_similarity (raw) taf_consistency taf_consistency (raw) novelty novelty (raw) stereo_validity stereo_validity (raw) MW_window MW_window (raw) synthetic_feasibility synthetic_feasibility (raw) curated alerts filter curated alerts filter (raw) taf_disrupted (predicted_activity) scaffold_novelty (predicted_activity) uncertainty (predicted_activity) matchting_patterns (curated alerts filter)
 | 23.6688 33.9280 31.6740 0.5125160 Brc1ccc(Nc2nccc(NCCCc3ccccc3)n2)c(Br)c1 1 c1ccc(CCCNc2ccnc(Nc3ccccc3)n2)cc1 0.2650000 0.2650 0.2560911 0.2561 0.6666667 0.6667 0.7549285 0.7549 1.0000000 1.0000 1.0000000 462.1890 0.5266432 2.1582 1.0000000 1.0000 0.33333333333333337 1.0 0.4413332074521472 []
 | 23.1389 24.9365 -24.9365 0.0000000 Cc1cc(Br)c(NC(=O)C(C)(C)CO)c(Br)c1 1 c1ccccc1 0.2450000 0.2450 0.2373222 0.2373 0.6666667 0.6667 0.8063508 0.8064 1.0000000 1.0000 1.0000000 365.0650 0.5345386 2.5024 1.0000000 1.0000 0.33333333333333337 1.0 0.4300872004605578 []
 | 25.2337 27.4409 31.6024 0.4612754 COc1ccc(NC(=O)c2coc(CN(Cc3ccccc3)Cc3ccco3)n2)cc1 1 O=C(Nc1ccccc1)c1coc(CN(Cc2ccccc2)Cc2ccco2)n1 0.2300000 0.2300 0.3103458 0.3103 0.3333333 0.3333 0.6896542 0.6897 1.0000000 1.0000 1.0000000 417.4650 0.5282050 2.2262 1.0000000 1.0000 0.6666666666666667 1.0 0.4208325082500163 []
 | 29.6689 30.0229 -30.0229 0.0000000 CCOc1ccc(C=NNC(=O)c2cc(C)oc2C)cc1OCC 1 O=C(NN=Cc1ccccc1)c1ccoc1 0.0000000 0.0000 0.0000000 0.0000 0.0000000 0.0000 0.0000000 0.0000 0.0000000 0.0000 0.0000000 0.0000 0.0000000 0.0000 0.0000000 0.0000 None None None ['[#7;!n][#7;!n]']
 | 27.4942 30.9557 29.4602 0.4719987 O=C(Nc1cccc(Cl)c1)Nc1ccc2c(c1)C(=O)N(Cc1ccccc1)C2=O 1 O=C(Nc1ccccc1)Nc1ccc2c(c1)C(=O)N(Cc1ccccc1)C2=O 0.2650000 0.2650 0.3044078 0.3044 0.3333333 0.3333 0.6955922 0.6956 1.0000000 1.0000 1.0000000 405.8410 0.5207397 1.9012 1.0000000 1.0000 0.6666666666666667 1.0 0.4413332074521472 []
 | 25.0890 28.1572 27.6821 0.4362438 CC(C)Oc1ccccc1CCNc1ncnc2ccccc12 1 c1ccc(CCNc2ncnc3ccccc23)cc1 0.2200000 0.2200 0.2310733 0.2311 0.3333333 0.3333 0.7689267 0.7689 1.0000000 1.0000 1.0000000 307.3970 0.5228161 1.9916 1.0000000 1.0000 0.6666666666666667 1.0 0.4142463035441596 []
 | 23.0163 31.0860 34.2531 0.5104616 O=C(Cc1ccccc1)Nc1cnc(NC(=O)c2ccco2)c(Cl)c1 1 O=C(Cc1ccccc1)Nc1ccc(NC(=O)c2ccco2)nc1 0.3450000 0.3450 0.3676073 0.3676 0.3333333 0.3333 0.6323927 0.6324 1.0000000 1.0000 1.0000000 355.7810 0.5233791 2.0161 1.0000000 1.0000 0.6666666666666667 1.0 0.4753682782853732 []
 | 34.4700 39.1679 -39.1679 0.0000000 Clc1cccc(c1)NCc1c(Cl)nc(N(C)C)n1 0 -- 0.0000000 0.0000 0.0000000 0.0000 0.0000000 0.0000 0.0000000 0.0000 0.0000000 0.0000 0.0000000 0.0000 0.0000000 0.0000 0.0000000 0.0000 None None None None
 | 24.5953 27.6739 33.6221 0.4788747 O=C(O)c1cc(Cl)cc(S(=O)(=O)Nc2cccc(Br)c2)c1 1 O=S(=O)(Nc1ccccc1)c1ccccc1 0.2500000 0.2500 0.1842743 0.1843 0.6666667 0.6667 0.8157257 0.8157 1.0000000 1.0000 1.0000000 390.6420 0.5220354 1.9576 1.0000000 1.0000 0.33333333333333337 1.0 0.4330127018922193 []
 | 25.2074 31.0842 28.5880 0.4661886 COc1cccc(CNC(=O)c2ccc(NC(=O)c3ccccc3)cc2C)c1 1 O=C(NCc1ccccc1)c1ccc(NC(=O)c2ccccc2)cc1 0.2450000 0.2450 0.3117407 0.3117 0.3333333 0.3333 0.6882593 0.6883 1.0000000 1.0000 1.0000000 374.4400 0.5161361 1.7010 1.0000000 1.0000 0.6666666666666667 1.0 0.43008720046055776 []
20:51:24 <INFO> Score: 0.45 Agent NLL: 27.11 Valid: 100% Step: 79
 | Agent Prior Target Score SMILES SMILES_state Scaffold predicted_activity predicted_activity (raw) training_similarity training_similarity (raw) taf_consistency taf_consistency (raw) novelty novelty (raw) stereo_validity stereo_validity (raw) MW_window MW_window (raw) synthetic_feasibility synthetic_feasibility (raw) curated alerts filter curated alerts filter (raw) taf_disrupted (predicted_activity) scaffold_novelty (predicted_activity) uncertainty (predicted_activity) matchting_patterns (curated alerts filter)
 | 23.8770 26.7257 37.5597 0.5022294 O=C(CSc1nnc(-c2cccs2)n1Cc1ccccc1)Nc1ccc(Br)cc1 1 O=C(CSc1nnc(-c2cccs2)n1Cc1ccccc1)Nc1ccccc1 0.2450000 0.2450 0.2507784 0.2508 0.6666667 0.6667 0.7492216 0.7492 1.0000000 1.0000 1.0000000 485.4320 0.5243312 2.0575 1.0000000 1.0000 0.33333333333333337 1.0 0.4300872004605578 []
 | 23.9761 31.6685 24.5517 0.4392203 COc1ccncc1NC(=O)NCc1cccc(N(C)C)n1 1 O=C(NCc1ccccn1)Nc1cccnc1 0.1900000 0.1900 0.2708645 0.2709 0.3333333 0.3333 0.7949774 0.7950 1.0000000 1.0000 1.0000000 301.3500 0.5295715 2.2858 1.0000000 1.0000 0.6666666666666667 1.0 0.39230090491866065 []
 | 27.0521 25.5847 35.0753 0.4739064 O=C(NCCc1ccccc1)C1(C(=O)NCc2ccco2)CC1 1 O=C(NCCc1ccccc1)C1(C(=O)NCc2ccco2)CC1 0.2300000 0.2300 0.3662897 0.3663 0.3333333 0.3333 0.6577762 0.6578 1.0000000 1.0000 1.0000000 312.3690 0.5265189 2.1528 1.0000000 1.0000 0.6666666666666667 1.0 0.4208325082500163 []
 | 25.4647 27.1156 28.8601 0.4373105 CCc1ccccc1NC(=O)N1CCN(C(=O)c2ccc(C(C)(C)C)cc2)CC1 1 O=C(Nc1ccccc1)N1CCN(C(=O)c2ccccc2)CC1 0.2150000 0.2150 0.2353104 0.2353 0.3333333 0.3333 0.7970615 0.7971 1.0000000 1.0000 1.0000000 393.5310 0.5223452 1.9711 1.0000000 1.0000 0.6666666666666667 1.0 0.41082234603292944 []
 | 23.5016 28.1314 30.2948 0.4564543 Cc1cc(NC(C)(C)CO)nc(Oc2ccccc2)n1 1 c1ccc(Oc2ncccn2)cc1 0.2450000 0.2450 0.2666904 0.2667 0.3333333 0.3333 0.7333096 0.7333 1.0000000 1.0000 1.0000000 273.3360 0.5314857 2.3692 1.0000000 1.0000 0.6666666666666667 1.0 0.4300872004605578 []
 | 28.3509 32.8394 -19.4801 0.1043695 Cc1ccsc1CNC(=O)NC1COC2(CCNC2)C1 1 O=C(NCc1cccs1)NC1COC2(CCNC2)C1 0.1700000 0.1700 0.2840188 0.2840 0.3333333 0.3333 0.7159812 0.7160 0.0000000 0.0000 1.0000000 295.4080 0.5420830 4.1680 1.0000000 1.0000 0.6666666666666667 1.0 0.375632799419859 []
 | 25.9644 31.6614 30.1691 0.4830509 COc1ccc(Br)cc1C(=O)Nc1ccc(-c2ccc(C)cc2)nn1 1 O=C(Nc1ccc(-c2ccccc2)nn1)c1ccccc1 0.1900000 0.1900 0.2519516 0.2520 0.6666667 0.6667 0.8265114 0.8265 1.0000000 1.0000 1.0000000 398.2600 0.5222537 1.9671 1.0000000 1.0000 0.33333333333333337 1.0 0.39230090491866065 []
 | 31.1787 35.6481 17.7385 0.4170832 Cc1nc(NCCNC(C)(C)C)c(-c2ccco2)nc1C 1 c1coc(-c2cnccn2)c1 0.2100000 0.2100 0.1807426 0.1807 0.3333333 0.3333 0.8399858 0.8400 1.0000000 1.0000 1.0000000 288.3950 0.5381199 2.6587 1.0000000 1.0000 0.6666666666666667 1.0 0.40730823708832603 []
 | 25.1733 28.9742 27.3828 0.4402892 O=C(Nc1ccc(Nc2cccc(F)c2)nn1)c1c(Cl)cccc1Cl 1 O=C(Nc1ccc(Nc2ccccc2)nn1)c1ccccc1 0.2800000 0.2800 0.1842743 0.1843 0.3333333 0.3333 0.8157257 0.8157 1.0000000 1.0000 1.0000000 377.2060 0.5265982 2.1562 1.0000000 1.0000 0.6666666666666667 1.0 0.44899888641287294 []
 | 24.4669 31.2234 33.3768 0.5046891 CC(C)CCOc1ccc(Cl)cc1C(=O)N[C@@H](Cc1ccccc1)C(N)=O 1 O=C(NCCc1ccccc1)c1ccccc1 0.3350000 0.3350 0.3487429 0.3487 0.3333333 0.3333 0.6512571 0.6513 1.0000000 1.0000 1.0000000 388.8950 0.5320957 2.3958 1.0000000 1.0000 0.6666666666666667 1.0 0.4719904660054057 []
20:51:28 <INFO> Score: 0.41 Agent NLL: 26.01 Valid: 100% Step: 80
 | Agent Prior Target Score SMILES SMILES_state Scaffold predicted_activity predicted_activity (raw) training_similarity training_similarity (raw) taf_consistency taf_consistency (raw) novelty novelty (raw) stereo_validity stereo_validity (raw) MW_window MW_window (raw) synthetic_feasibility synthetic_feasibility (raw) curated alerts filter curated alerts filter (raw) taf_disrupted (predicted_activity) scaffold_novelty (predicted_activity) uncertainty (predicted_activity) matchting_patterns (curated alerts filter)
 | 25.8173 32.1663 28.4664 0.4736933 CNCCOc1ccnc(NCc2ccccc2Br)c1 1 c1ccc(CNc2ccccn2)cc1 0.2000000 0.2000 0.2195122 0.2195 0.6666667 0.6667 0.7946015 0.7946 1.0000000 1.0000 1.0000000 336.2330 0.5269757 2.1727 1.0000000 1.0000 0.33333333333333337 1.0 0.4000000000000001 []
 | 37.3610 46.6894 6.0247 0.4118289 COc1ccc(CCn2cc(C(=O)N=C3CCCC(=O)N3)cc2C)cc1 1 O=C1CCCC(=NC(=O)c2ccn(CCc3ccccc3)c2)N1 0.1400000 0.1400 0.2591286 0.2591 0.3333333 0.3333 0.7967626 0.7968 1.0000000 1.0000 1.0000000 353.4220 0.5442935 2.9287 1.0000000 1.0000 0.6666666666666667 1.0 0.34698703145794946 []
 | 25.5037 28.9865 -25.3306 0.0285621 Cn1cccc1CN1CCN(c2ccc(Cl)nn2)CC1 1 c1cnnc(N2CCN(Cc3ccc[nH]3)CC2)c1 0.1950000 0.1950 0.1773431 0.1773 0.0000000 0.0000 0.8666548 0.8667 1.0000000 1.0000 1.0000000 291.7860 0.5304902 2.3258 1.0000000 1.0000 1.0 1.0 0.3962007067131506 []
 | 22.7846 29.4506 28.8677 0.4556113 COc1ccccc1NC(=O)Nc1cc(NC(=O)c2ccccc2)ccc1C 1 O=C(Nc1ccccc1)Nc1cccc(NC(=O)c2ccccc2)c1 0.2250000 0.2250 0.2900074 0.2900 0.3333333 0.3333 0.7432519 0.7433 1.0000000 1.0000 1.0000000 375.4280 0.5157717 1.6852 1.0000000 1.0000 0.6666666666666667 1.0 0.41758232721225164 []
 | 22.4063 32.5776 24.9448 0.4493937 NC(=O)c1ccccc1Nc1cncc(NC(=O)Nc2ccccc2)c1 1 O=C(Nc1ccccc1)Nc1cncc(Nc2ccccc2)c1 0.2750000 0.2750 0.2133523 0.2134 0.3333333 0.3333 0.7866477 0.7866 1.0000000 1.0000 1.0000000 347.3780 0.5224859 1.9772 1.0000000 1.0000 0.6666666666666667 1.0 0.4465142774872938 []
 | 23.7219 28.7277 37.5598 0.5178708 N#CN(Cc1ccccc1)Cc1cccc(N)c1 1 c1ccc(CNCc2ccccc2)cc1 0.2650000 0.2650 0.2747531 0.2748 0.6666667 0.6667 0.7252469 0.7252 1.0000000 1.0000 1.0000000 237.3060 0.5306232 2.3316 1.0000000 1.0000 0.33333333333333337 1.0 0.4413332074521472 []
 | 21.9359 27.9517 28.2157 0.4388077 Cc1ccc(NC(=O)NCc2ccnc(N(C)C)c2)c(Cl)c1 1 O=C(NCc1ccncc1)Nc1ccccc1 0.2250000 0.2250 0.2273315 0.2273 0.3333333 0.3333 0.8039428 0.8039 1.0000000 1.0000 1.0000000 318.8080 0.5249729 2.0855 1.0000000 1.0000 0.6666666666666667 1.0 0.41758232721225164 []
 | 21.1664 28.1846 29.2740 0.4488957 C/C=C/C(=O)Nc1ccc(NCc2ccccc2C)cc1 1 c1ccc(CNc2ccccc2)cc1 0.2350000 0.2350 0.2541643 0.2542 0.3333333 0.3333 0.7534015 0.7534 1.0000000 1.0000 1.0000000 280.3710 0.5203739 1.8853 1.0000000 1.0000 0.6666666666666667 1.0 0.4239988207530771 []
 | 25.8376 31.2262 26.9649 0.4546182 CC(=O)Nc1ccc(NCc2cc(Br)cc3c2OCC3)cc1C 1 c1ccc(NCc2cccc3c2OCC3)cc1 0.1600000 0.1600 0.2178551 0.2179 0.6666667 0.6667 0.8174258 0.8174 1.0000000 1.0000 1.0000000 375.2660 0.5299678 2.3030 1.0000000 1.0000 0.33333333333333337 1.0 0.36660605559646714 []
 | 23.0222 26.8544 -26.8544 0.0000000 N#Cc1ccccc1NC(=O)c1cc([N+](=O)[O-])ccc1Br 1 O=C(Nc1ccccc1)c1ccccc1 0.2950000 0.2950 0.2029385 0.2029 0.6666667 0.6667 0.7970615 0.7971 1.0000000 1.0000 1.0000000 346.1400 0.5226814 1.9857 1.0000000 1.0000 0.33333333333333337 1.0 0.45604276115294284 []
20:51:31 <INFO> Score: 0.43 Agent NLL: 25.95 Valid: 100% Step: 81
 | Agent Prior Target Score SMILES SMILES_state Scaffold predicted_activity predicted_activity (raw) training_similarity training_similarity (raw) taf_consistency taf_consistency (raw) novelty novelty (raw) stereo_validity stereo_validity (raw) MW_window MW_window (raw) synthetic_feasibility synthetic_feasibility (raw) curated alerts filter curated alerts filter (raw) taf_disrupted (predicted_activity) scaffold_novelty (predicted_activity) uncertainty (predicted_activity) matchting_patterns (curated alerts filter)
 | 22.4362 31.6700 24.5925 0.4395507 CCOc1ccc(CNC(=NC)NCc2ccc(NC(=O)NC(C)(C)C)cc2)cc1 1 N=C(NCc1ccccc1)NCc1ccccc1 0.2050000 0.2050 0.2548236 0.2548 0.3333333 0.3333 0.7769433 0.7769 1.0000000 1.0000 1.0000000 411.5500 0.5300432 2.3063 1.0000000 1.0000 0.6666666666666667 1.0 0.403701622488689 []
 | 25.0645 30.9776 34.2971 0.5099589 CCOC(=O)c1cccc(NC(=O)N(Cc2ccccc2)c2ccc(OC)cc2)c1 1 O=C(Nc1ccccc1)N(Cc1ccccc1)c1ccccc1 0.2200000 0.2200 0.3092082 0.3092 0.6666667 0.6667 0.7210057 0.7210 1.0000000 1.0000 1.0000000 404.4660 0.5209860 1.9119 1.0000000 1.0000 0.33333333333333337 1.0 0.4142463035441596 []
 | 22.2769 29.1725 32.2695 0.4800158 CN(C)C(=O)[C@H](Cc1ccccc1)NC(=O)NCc1ccccc1F 1 O=C(NCCc1ccccc1)NCc1ccccc1 0.2850000 0.2850 0.3059036 0.3059 0.3333333 0.3333 0.6955922 0.6956 1.0000000 1.0000 1.0000000 343.4020 0.5311757 2.3557 1.0000000 1.0000 0.6666666666666667 1.0 0.4514144437210666 []
 | 25.6559 31.4681 25.9375 0.4484813 Cc1nc(NC(=O)Nc2ccc(Cl)s2)sc1Br 1 O=C(Nc1cccs1)Nc1nccs1 0.2050000 0.2050 0.1526406 0.1526 0.6666667 0.6667 0.8648649 0.8649 1.0000000 1.0000 1.0000000 352.6660 0.5396233 2.7244 1.0000000 1.0000 0.33333333333333337 1.0 0.403701622488689 []
 | 22.2726 35.1677 25.0319 0.4703094 O=C(Nc1ccccc1)c1ccc(CNCc2ccc(Cl)cc2)n1-c1ccccc1 1 O=C(Nc1ccccc1)c1ccc(CNCc2ccccc2)n1-c1ccccc1 0.2800000 0.2800 0.2757767 0.2758 0.3333333 0.3333 0.7242233 0.7242 1.0000000 1.0000 1.0000000 415.9240 0.5258722 2.1246 1.0000000 1.0000 0.6666666666666667 1.0 0.44899888641287294 []
 | 25.6269 27.2003 -27.2003 0.0000000 COc1cc(CNCCCCN)c(Br)cc1OC(F)F 1 c1ccccc1 0.1850000 0.1850 0.2320059 0.2320 0.6666667 0.6667 0.8619606 0.8620 1.0000000 1.0000 1.0000000 353.2070 0.5297777 2.2948 1.0000000 1.0000 0.33333333333333337 1.0 0.3882975663070784 []
 | 26.8275 30.1997 35.1244 0.5103444 CN(C)S(=O)(=O)c1ccccc1CNC(=O)c1ccnc(Br)c1 1 O=C(NCc1ccccc1)c1ccncc1 0.2500000 0.2500 0.2695787 0.2696 0.6666667 0.6667 0.7304213 0.7304 1.0000000 1.0000 1.0000000 398.2820 0.5280803 2.2208 1.0000000 1.0000 0.33333333333333337 1.0 0.4330127018922193 []
 | 20.5448 27.9518 32.6380 0.4733576 COc1ccc(NC(=O)N[C@H](Cc2ccccc2)c2ccccc2)cc1 1 O=C(Nc1ccccc1)NC(Cc1ccccc1)c1ccccc1 0.2450000 0.2450 0.3422238 0.3422 0.3333333 0.3333 0.6577762 0.6578 1.0000000 1.0000 1.0000000 346.4300 0.5252097 2.0958 1.0000000 1.0000 0.6666666666666667 1.0 0.4300872004605578 []
 | 32.7171 44.1266 17.9882 0.4852719 CC(C)(C)c1cc(NC(=O)c2ccc(O)n2C(C)(C)C)cc(C(=O)Nc2ccccc2)c1 1 O=C(Nc1ccccc1)c1cccc(NC(=O)c2ccc[nH]2)c1 0.3300000 0.3300 0.2726249 0.2726 0.3333333 0.3333 0.7273751 0.7274 1.0000000 1.0000 1.0000000 433.5520 0.5342231 2.4886 1.0000000 1.0000 0.6666666666666667 1.0 0.4702127178203499 []
 | 22.0127 33.6919 26.6408 0.4713491 O=C1CN(Cc2cccc(NC(=O)Nc3ccccc3)n2)CCN1 1 O=C1CN(Cc2cccc(NC(=O)Nc3ccccc3)n2)CCN1 0.2900000 0.2900 0.2669304 0.2669 0.3333333 0.3333 0.7362194 0.7362 1.0000000 1.0000 1.0000000 325.3720 0.5266939 2.1604 1.0000000 1.0000 0.6666666666666667 1.0 0.4537620521815371 []
20:51:35 <INFO> Score: 0.42 Agent NLL: 26.54 Valid: 100% Step: 82
 | Agent Prior Target Score SMILES SMILES_state Scaffold predicted_activity predicted_activity (raw) training_similarity training_similarity (raw) taf_consistency taf_consistency (raw) novelty novelty (raw) stereo_validity stereo_validity (raw) MW_window MW_window (raw) synthetic_feasibility synthetic_feasibility (raw) curated alerts filter curated alerts filter (raw) taf_disrupted (predicted_activity) scaffold_novelty (predicted_activity) uncertainty (predicted_activity) matchting_patterns (curated alerts filter)
 | 26.3328 34.6979 29.8576 0.5043399 N#Cc1ccc(NC(=O)c2cnc(NS(=O)(=O)c3cccc([N+](=O)[O-])c3)s2)cc1 1 O=C(Nc1ccccc1)c1cnc(NS(=O)(=O)c2ccccc2)s1 0.3050000 0.3050 0.1977186 0.1977 0.6666667 0.6667 0.8022814 0.8023 1.0000000 1.0000 1.0000000 429.4390 0.5309418 2.3455 1.0000000 1.0000 0.33333333333333337 1.0 0.460407428263272 []
 | 23.9114 31.6546 36.5953 0.5332026 N#Cc1cccc(F)c1NC(=O)NCCCOCc1ccccc1 1 O=C(NCCCOCc1ccccc1)Nc1ccccc1 0.2650000 0.2650 0.3357208 0.3357 0.6666667 0.6667 0.6642792 0.6643 1.0000000 1.0000 1.0000000 327.3590 0.5255657 2.1113 1.0000000 1.0000 0.33333333333333337 1.0 0.4413332074521472 []
 | 28.2748 29.9331 30.1683 0.4695423 O=C(O)c1nccnc1CNc1cc(F)c(Br)cc1F 1 c1ccc(NCc2cnccn2)cc1 0.2200000 0.2200 0.1866833 0.1867 0.6666667 0.6667 0.8133167 0.8133 1.0000000 1.0000 1.0000000 344.1150 0.5368429 2.6030 1.0000000 1.0000 0.33333333333333337 1.0 0.41424630354415964 []
 | 27.6087 31.8281 31.2154 0.4925268 O=C(Cc1ccccc1)Nc1cccc(Cl)c1NC(=O)c1ccc(Cl)cc1 1 O=C(Cc1ccccc1)Nc1ccccc1NC(=O)c1ccccc1 0.3250000 0.3250 0.3119251 0.3119 0.3333333 0.3333 0.6880749 0.6881 1.0000000 1.0000 1.0000000 399.2770 0.5189927 1.8252 1.0000000 1.0000 0.6666666666666667 1.0 0.4683748498798799 []
 | 26.4190 30.3910 26.2703 0.4426664 C[C@@H](Nc1ccc(N2CCCCCC2)cc1)C(=O)Nc1c(Cl)cccc1Cl 1 O=C(CNc1ccc(N2CCCCCC2)cc1)Nc1ccccc1 0.2650000 0.2650 0.2005739 0.2006 0.3333333 0.3333 0.8027973 0.8028 1.0000000 1.0000 1.0000000 406.3570 0.5332653 2.4468 1.0000000 1.0000 0.6666666666666667 1.0 0.4413332074521472 []
 | 26.4443 27.3641 25.1164 0.4100033 C=CCCc1ccc(S(=O)(=O)Nc2ccccc2OC)cc1 1 O=S(=O)(Nc1ccccc1)c1ccccc1 0.1400000 0.1400 0.2642491 0.2642 0.3333333 0.3333 0.7660561 0.7661 1.0000000 1.0000 1.0000000 317.4100 0.5198034 1.8605 1.0000000 1.0000 0.6666666666666667 1.0 0.34698703145794946 []
 | 31.1502 35.4569 27.4476 0.4914414 O=C(NC[C@H]1CCCN1Cc1ccccc1)c1cc(Nc2ccccc2F)ccn1 1 O=C(NCC1CCCN1Cc1ccccc1)c1cc(Nc2ccccc2)ccn1 0.3050000 0.3050 0.3266277 0.3266 0.3333333 0.3333 0.6733723 0.6734 1.0000000 1.0000 1.0000000 404.4890 0.5367091 2.5971 1.0000000 1.0000 0.6666666666666667 1.0 0.460407428263272 []
 | 35.3938 39.0446 33.6313 0.5677802 N#Cc1nnc([C@@H](Cc2ccccc2)NC(=O)O)cc1-c1ccccc1 1 c1ccc(CCc2cc(-c3ccccc3)cnn2)cc1 0.3500000 0.3500 0.3509886 0.3510 0.6666667 0.6667 0.6490114 0.6490 1.0000000 1.0000 1.0000000 344.3740 0.5423079 2.8418 1.0000000 1.0000 0.33333333333333337 1.0 0.47696960070847283 []
 | 24.6018 26.0799 35.7071 0.4827111 Cc1cccc(N)c1C(=O)OCC(=O)Nc1ccc(Cl)cc1 1 O=C(COC(=O)c1ccccc1)Nc1ccccc1 0.2050000 0.2050 0.2381628 0.2382 0.6666667 0.6667 0.7946015 0.7946 1.0000000 1.0000 1.0000000 318.7600 0.5184284 1.8007 1.0000000 1.0000 0.33333333333333337 1.0 0.403701622488689 []
 | 18.3632 25.3277 34.6421 0.4685144 O=C(COc1ccccc1)Nc1cccc(NC(=O)Nc2ccccc2)c1 1 O=C(COc1ccccc1)Nc1cccc(NC(=O)Nc2ccccc2)c1 0.2500000 0.2500 0.3148001 0.3148 0.3333333 0.3333 0.6851999 0.6852 1.0000000 1.0000 1.0000000 361.4010 0.5142159 1.6176 1.0000000 1.0000 0.6666666666666667 1.0 0.4330127018922193 []
20:51:39 <INFO> Score: 0.43 Agent NLL: 27.01 Valid: 100% Step: 83
 | Agent Prior Target Score SMILES SMILES_state Scaffold predicted_activity predicted_activity (raw) training_similarity training_similarity (raw) taf_consistency taf_consistency (raw) novelty novelty (raw) stereo_validity stereo_validity (raw) MW_window MW_window (raw) synthetic_feasibility synthetic_feasibility (raw) curated alerts filter curated alerts filter (raw) taf_disrupted (predicted_activity) scaffold_novelty (predicted_activity) uncertainty (predicted_activity) matchting_patterns (curated alerts filter)
 | 26.1022 27.0335 27.7423 0.4279358 CCOc1ccc(S(=O)(=O)NCc2ccc(-c3cccnc3)nc2)cc1 1 O=S(=O)(NCc1ccc(-c2cccnc2)nc1)c1ccccc1 0.1650000 0.1650 0.2763188 0.2763 0.3333333 0.3333 0.7818462 0.7818 1.0000000 1.0000 1.0000000 369.4460 0.5233853 2.0164 1.0000000 1.0000 0.6666666666666667 1.0 0.37118054905934933 []
 | 22.6860 30.1102 29.4245 0.4651150 CCOc1ccccc1NC(=O)Nc1cccc(OCc2cccc(Cl)c2)c1 1 O=C(Nc1ccccc1)Nc1cccc(OCc2ccccc2)c1 0.2300000 0.2300 0.3322053 0.3322 0.3333333 0.3333 0.6677947 0.6678 1.0000000 1.0000 1.0000000 396.8740 0.5189314 1.8226 1.0000000 1.0000 0.6666666666666667 1.0 0.4208325082500163 []
 | 23.4823 29.2787 33.4832 0.4903273 CC(C)[C@@H](NCc1ccccc1)C(=O)NCc1ccccn1 1 O=C(CNCc1ccccc1)NCc1ccccn1 0.2900000 0.2900 0.3466975 0.3467 0.3333333 0.3333 0.6533025 0.6533 1.0000000 1.0000 1.0000000 297.4020 0.5304418 2.3237 1.0000000 1.0000 0.6666666666666667 1.0 0.4537620521815371 []
 | 23.0634 31.6864 28.0868 0.4669777 CN=C(NCC(=O)Nc1ccc(-n2ccnc2)cc1)NCc1ccccc1 1 N=C(NCC(=O)Nc1ccc(-n2ccnc2)cc1)NCc1ccccc1 0.2800000 0.2800 0.2614261 0.2614 0.3333333 0.3333 0.7416587 0.7417 1.0000000 1.0000 1.0000000 362.4370 0.5307084 2.3353 1.0000000 1.0000 0.6666666666666667 1.0 0.44899888641287294 []
 | 30.6203 32.5155 31.5023 0.5001393 Cc1ccc(CC(=O)NCc2ccccc2S(N)(=O)=O)cc1Br 1 O=C(Cc1ccccc1)NCc1ccccc1 0.2350000 0.2350 0.2558140 0.2558 0.6666667 0.6667 0.7492939 0.7493 1.0000000 1.0000 1.0000000 397.2940 0.5243917 2.0602 1.0000000 1.0000 0.33333333333333337 1.0 0.4239988207530771 []
 | 25.0845 36.4424 29.2932 0.5135598 N#Cc1ccccc1CNCc1ccc(C(=O)NC2CCCCC2)o1 1 O=C(NC1CCCCC1)c1ccc(CNCc2ccccc2)o1 0.2450000 0.2450 0.2877607 0.2878 0.6666667 0.6667 0.7122393 0.7122 1.0000000 1.0000 1.0000000 337.4230 0.5282890 2.2299 1.0000000 1.0000 0.33333333333333337 1.0 0.4300872004605578 []
 | 46.3774 49.8148 -48.1248 0.0132036 O=C(N[C@@H]1CC(CSc2nnc(COc3ccccc3)n2Cc2ccccc2)Oc2ccccc21)c1ccccc1 1 O=C(NC1CC(CSc2nnc(COc3ccccc3)n2Cc2ccccc2)Oc2ccccc21)c1ccccc1 0.2450000 0.2450 0.3728218 0.3728 0.3333333 0.3333 0.6271782 0.6272 0.5000000 0.5000 0.0000000 562.6950 0.5503988 3.1963 1.0000000 1.0000 0.6666666666666667 1.0 0.4300872004605578 []
 | 31.5450 36.3788 -32.3213 0.0316993 CCCCN(C(=O)c1cc(C)n(Cc2ccccc2)c1C)c1cccnc1 1 O=C(Nc1cccnc1)c1ccn(Cc2ccccc2)c1 0.2350000 0.2350 0.2776029 0.2776 0.0000000 0.0000 0.7237544 0.7238 1.0000000 1.0000 1.0000000 361.4890 0.5276510 2.2021 1.0000000 1.0000 1.0 1.0 0.4239988207530771 []
 | 23.2070 33.9629 26.7520 0.4743348 O=C(NC(=Nc1ccccc1)Nc1cccc(C(=O)Nc2ccccc2)c1)c1ccccc1 1 O=C(NC(=Nc1ccccc1)Nc1cccc(C(=O)Nc2ccccc2)c1)c1ccccc1 0.3250000 0.3250 0.2432432 0.2432 0.3333333 0.3333 0.7567568 0.7568 1.0000000 1.0000 1.0000000 434.4990 0.5246545 2.0716 1.0000000 1.0000 0.6666666666666667 1.0 0.4683748498798799 []
 | 25.3689 36.3376 26.3703 0.4899052 CC(C)(C)OC(=O)Nc1ccccc1Nc1nc(C(=O)Nc2ccccc2F)cs1 1 O=C(Nc1ccccc1)c1csc(Nc2ccccc2)n1 0.2450000 0.2450 0.2144225 0.2144 0.6666667 0.6667 0.7864395 0.7864 1.0000000 1.0000 1.0000000 428.4890 0.5276829 2.2035 1.0000000 1.0000 0.33333333333333337 1.0 0.4300872004605578 []
20:51:42 <INFO> Score: 0.44 Agent NLL: 26.53 Valid: 100% Step: 84
 | Agent Prior Target Score SMILES SMILES_state Scaffold predicted_activity predicted_activity (raw) training_similarity training_similarity (raw) taf_consistency taf_consistency (raw) novelty novelty (raw) stereo_validity stereo_validity (raw) MW_window MW_window (raw) synthetic_feasibility synthetic_feasibility (raw) curated alerts filter curated alerts filter (raw) taf_disrupted (predicted_activity) scaffold_novelty (predicted_activity) uncertainty (predicted_activity) matchting_patterns (curated alerts filter)
 | 22.2512 31.9529 29.3972 0.4792976 COc1ccccc1Nc1cc(=O)[nH]c(Nc2ccccc2Br)n1 1 O=c1cc(Nc2ccccc2)nc(Nc2ccccc2)[nH]1 0.1800000 0.1800 0.2578807 0.2579 0.6666667 0.6667 0.7970615 0.7971 1.0000000 1.0000 1.0000000 387.2370 0.5310875 2.3519 1.0000000 1.0000 0.33333333333333337 1.0 0.38418745424597095 []
 | 32.1888 35.6517 19.7796 0.4330570 CC(=O)Nc1cccc(-c2cc3nc(NC4CCCCC4)nc(N)n3n2)c1 1 c1ccc(-c2cc3nc(NC4CCCCC4)ncn3n2)cc1 0.1950000 0.1950 0.2434323 0.2434 0.3333333 0.3333 0.8012384 0.8012 1.0000000 1.0000 1.0000000 365.4410 0.5331815 2.4432 1.0000000 1.0000 0.6666666666666667 1.0 0.3962007067131506 []
 | 22.4331 26.7643 31.2283 0.4530670 COc1ccc(CNc2ccc(C(=O)NCc3ccccc3Cl)cn2)cc1 1 O=C(NCc1ccccc1)c1ccc(NCc2ccccc2)nc1 0.2200000 0.2200 0.2918070 0.2918 0.3333333 0.3333 0.7181732 0.7182 1.0000000 1.0000 1.0000000 381.8630 0.5202567 1.8802 1.0000000 1.0000 0.6666666666666667 1.0 0.41424630354415964 []
 | 25.2131 32.9930 34.9136 0.5305203 Cc1cccc(Br)c1NCC(=O)Nc1cccc(C(=O)Nc2ccccc2)c1 1 O=C(CNc1ccccc1)Nc1cccc(C(=O)Nc2ccccc2)c1 0.3050000 0.3050 0.2726249 0.2726 0.6666667 0.6667 0.7273751 0.7274 1.0000000 1.0000 1.0000000 438.3250 0.5213838 1.9293 1.0000000 1.0000 0.33333333333333337 1.0 0.460407428263272 []
 | 28.0175 32.5727 -32.5727 0.0000000 COC(=O)Nc1ccc(NC(=O)c2ccc(Cl)cc2Cl)c(OC)c1 1 O=C(Nc1ccccc1)c1ccccc1 0.1850000 0.1850 0.2900074 0.2900 0.6666667 0.6667 0.7946015 0.7946 1.0000000 1.0000 1.0000000 369.2040 0.5192376 1.8359 1.0000000 1.0000 0.33333333333333337 1.0 0.3882975663070784 []
 | 22.8240 26.8798 31.6407 0.4571918 O=C(CNc1ccccc1Cl)NCCc1ccncc1 1 O=C(CNc1ccccc1)NCCc1ccncc1 0.2500000 0.2500 0.2666904 0.2667 0.3333333 0.3333 0.7333096 0.7333 1.0000000 1.0000 1.0000000 289.7660 0.5190817 1.8291 1.0000000 1.0000 0.6666666666666667 1.0 0.4330127018922193 []
 | 29.1373 33.6980 24.0352 0.4510409 O=C1NCCO[C@@H]1CN(Cc1ccc(F)cc1)Cc1ccccc1F 1 O=C1NCCOC1CN(Cc1ccccc1)Cc1ccccc1 0.2200000 0.2200 0.2763188 0.2763 0.3333333 0.3333 0.7333676 0.7334 1.0000000 1.0000 1.0000000 346.3770 0.5423146 2.8421 1.0000000 1.0000 0.6666666666666667 1.0 0.41424630354415964 []
 | 31.9232 40.9871 18.2263 0.4626050 O=C(NCc1ccccc1F)Nc1sc2cccnc2c1Nc1ccccc1 1 O=C(NCc1ccccc1)Nc1sc2cccnc2c1Nc1ccccc1 0.2650000 0.2650 0.2587987 0.2588 0.3333333 0.3333 0.7675047 0.7675 1.0000000 1.0000 1.0000000 392.4590 0.5297664 2.2943 1.0000000 1.0000 0.6666666666666667 1.0 0.4413332074521472 []
 | 26.5470 36.4452 31.7932 0.5331117 N#CCNc1ccc(C(=O)Nc2ccc(Br)cc2)o1 1 O=C(Nc1ccccc1)c1ccco1 0.3100000 0.3100 0.2711139 0.2711 0.6666667 0.6667 0.7333096 0.7333 1.0000000 1.0000 1.0000000 320.1460 0.5325270 2.4146 1.0000000 1.0000 0.33333333333333337 1.0 0.462493243193887 []
 | 24.9571 30.9885 29.9751 0.4762781 CN(C)c1ncccc1CNC(=O)NCCNC(=O)c1cccc(Cl)c1 1 O=C(NCCNC(=O)c1ccccc1)NCc1cccnc1 0.3300000 0.3300 0.2421240 0.2421 0.3333333 0.3333 0.7703603 0.7704 1.0000000 1.0000 1.0000000 375.8600 0.5264382 2.1493 1.0000000 1.0000 0.6666666666666667 1.0 0.4702127178203499 []
20:51:46 <INFO> Score: 0.44 Agent NLL: 26.75 Valid: 100% Step: 85
 | Agent Prior Target Score SMILES SMILES_state Scaffold predicted_activity predicted_activity (raw) training_similarity training_similarity (raw) taf_consistency taf_consistency (raw) novelty novelty (raw) stereo_validity stereo_validity (raw) MW_window MW_window (raw) synthetic_feasibility synthetic_feasibility (raw) curated alerts filter curated alerts filter (raw) taf_disrupted (predicted_activity) scaffold_novelty (predicted_activity) uncertainty (predicted_activity) matchting_patterns (curated alerts filter)
 | 30.1125 36.1523 -32.1862 0.0309852 c1cncc(CN(C2=NCCCCC2)c2ccc(-n3ccnn3)cc2)c1 1 c1cncc(CN(C2=NCCCCC2)c2ccc(-n3ccnn3)cc2)c1 0.2200000 0.2200 0.2454159 0.2454 0.0000000 0.0000 0.8121154 0.8121 1.0000000 1.0000 1.0000000 346.4380 0.5416709 2.8140 1.0000000 1.0000 1.0 1.0 0.41424630354415964 []
 | 26.0930 31.2819 25.0446 0.4400512 CCOc1ccc(NC(=O)N2CC(=O)Nc3ccccc32)cc1F 1 O=C1CN(C(=O)Nc2ccccc2)c2ccccc2N1 0.1800000 0.1800 0.2989570 0.2990 0.3333333 0.3333 0.7467749 0.7468 1.0000000 1.0000 1.0000000 329.3310 0.5258659 2.1243 1.0000000 1.0000 0.6666666666666667 1.0 0.38418745424597095 []
 | 29.1884 40.2399 18.1364 0.4560655 Cc1cc(C)n(CC(N)=O)c(=O)c1CNCc1cccnc1N(C)C 1 O=c1[nH]cccc1CNCc1cccnc1 0.2650000 0.2650 0.2348948 0.2349 0.3333333 0.3333 0.7928158 0.7928 1.0000000 1.0000 1.0000000 343.4310 0.5368659 2.6040 1.0000000 1.0000 0.6666666666666667 1.0 0.4413332074521472 []
 | 28.3809 29.7198 33.3256 0.4925423 Cc1ccc(C(=O)Nc2ccc(Br)c(CBr)c2)cn1 1 O=C(Nc1ccccc1)c1cccnc1 0.2500000 0.2500 0.2170608 0.2171 0.6666667 0.6667 0.7829392 0.7829 1.0000000 1.0000 1.0000000 384.0710 0.5252767 2.0987 1.0000000 1.0000 0.33333333333333337 1.0 0.4330127018922193 []
 | 25.6261 29.3351 26.7585 0.4382317 CSc1ccc(NC(=O)ON=C(C)c2ccccc2)cc1 1 O=C(Nc1ccccc1)ON=Cc1ccccc1 0.1900000 0.1900 0.2757767 0.2758 0.3333333 0.3333 0.7567568 0.7568 1.0000000 1.0000 1.0000000 300.3830 0.5242457 2.0538 1.0000000 1.0000 0.6666666666666667 1.0 0.39230090491866065 []
 | 21.5651 24.1461 35.5910 0.4666959 CC(C)c1ccc(NCc2cc(F)cc(C#N)c2)cc1 1 c1ccc(CNc2ccccc2)cc1 0.2450000 0.2450 0.1621621 0.1622 0.6666667 0.6667 0.8378379 0.8378 1.0000000 1.0000 1.0000000 268.3350 0.5227675 1.9895 1.0000000 1.0000 0.33333333333333337 1.0 0.4300872004605578 []
 | 28.7224 33.9524 26.3701 0.4712697 CCOn1c(C(=O)Nc2cccc(Cl)c2)nc2ccccc2c1=O 1 O=C(Nc1ccccc1)c1nc2ccccc2c(=O)[nH]1 0.2600000 0.2600 0.3053124 0.3053 0.3333333 0.3333 0.6946876 0.6947 1.0000000 1.0000 1.0000000 343.7700 0.5298727 2.2989 1.0000000 1.0000 0.6666666666666667 1.0 0.4386342439892262 []
 | 24.7809 32.2640 30.8084 0.4927532 Fc1ccccc1Cn1cc(CNCc2ccccc2)c2cc(Br)ccc21 1 c1ccc(CNCc2cn(Cc3ccccc3)c3ccccc23)cc1 0.2450000 0.2450 0.2230567 0.2231 0.6666667 0.6667 0.7769433 0.7769 1.0000000 1.0000 1.0000000 423.3290 0.5242523 2.0541 1.0000000 1.0000 0.33333333333333337 1.0 0.43008720046055776 []
 | 26.5290 32.7181 24.9249 0.4503358 CCc1ccccc1Nc1cccc(C(=O)Nc2cccnc2OC)n1 1 O=C(Nc1cccnc1)c1cccc(Nc2ccccc2)n1 0.2050000 0.2050 0.2979509 0.2980 0.3333333 0.3333 0.7362194 0.7362 1.0000000 1.0000 1.0000000 348.4060 0.5264640 2.1504 1.0000000 1.0000 0.6666666666666667 1.0 0.403701622488689 []
 | 25.3241 28.1062 27.5748 0.4350080 CNC(=O)Nc1ccc(NS(=O)(=O)c2ccc(C3CCCCC3)cc2)cc1 1 O=S(=O)(Nc1ccccc1)c1ccc(C2CCCCC2)cc1 0.2050000 0.2050 0.2357023 0.2357 0.3333333 0.3333 0.8267949 0.8268 1.0000000 1.0000 1.0000000 387.5050 0.5225558 1.9803 1.0000000 1.0000 0.6666666666666667 1.0 0.403701622488689 []
20:51:50 <INFO> Score: 0.42 Agent NLL: 25.86 Valid: 100% Step: 86
 | Agent Prior Target Score SMILES SMILES_state Scaffold predicted_activity predicted_activity (raw) training_similarity training_similarity (raw) taf_consistency taf_consistency (raw) novelty novelty (raw) stereo_validity stereo_validity (raw) MW_window MW_window (raw) synthetic_feasibility synthetic_feasibility (raw) curated alerts filter curated alerts filter (raw) taf_disrupted (predicted_activity) scaffold_novelty (predicted_activity) uncertainty (predicted_activity) matchting_patterns (curated alerts filter)
 | 25.4191 33.1756 -33.1756 0.0000000 COC(=O)CNCc1cc(NC(=O)c2ccccc2)ccc1Br 1 O=C(Nc1ccccc1)c1ccccc1 0.2450000 0.2450 0.2865341 0.2865 1.0000000 1.0000 0.7209595 0.7210 1.0000000 1.0000 1.0000000 377.2380 0.5205097 1.8912 1.0000000 1.0000 0.0 1.0 0.4300872004605578 []
 | 24.8721 25.5528 -9.5201 0.1252552 CNCC(C)C(=O)NCCc1ccccc1Br 1 c1ccccc1 0.2800000 0.2800 0.2511059 0.2511 0.6666667 0.6667 0.7499035 0.7499 0.0000000 0.0000 1.0000000 299.2120 0.5367672 2.5997 1.0000000 1.0000 0.33333333333333337 1.0 0.44899888641287294 []
 | 21.5810 31.9035 25.5185 0.4486097 CCc1ccccc1NC(=O)CNC(=O)Nc1cccc(OC)c1OC 1 O=C(CNC(=O)Nc1ccccc1)Nc1ccccc1 0.2050000 0.2050 0.2865341 0.2865 0.3333333 0.3333 0.7716942 0.7717 1.0000000 1.0000 1.0000000 357.4100 0.5218222 1.9483 1.0000000 1.0000 0.6666666666666667 1.0 0.403701622488689 []
 | 22.3275 29.9665 32.1774 0.4854991 O=C(NCc1ccccc1OC(F)(F)F)c1cccnc1SCc1ccccc1 1 O=C(NCc1ccccc1)c1cccnc1SCc1ccccc1 0.2900000 0.2900 0.3254934 0.3255 0.3333333 0.3333 0.6745066 0.6745 1.0000000 1.0000 1.0000000 418.4400 0.5258810 2.1250 1.0000000 1.0000 0.6666666666666667 1.0 0.4537620521815371 []
 | 26.6707 31.0893 28.4827 0.4654062 CCCCCCCCCCCCCCCCCNC(=O)c1ccc(NCc2ccccc2)nc1 1 c1ccc(CNc2ccccn2)cc1 0.2200000 0.2200 0.3509886 0.3510 0.3333333 0.3333 0.6490114 0.6490 1.0000000 1.0000 1.0000000 465.7260 0.5262175 2.1397 1.0000000 1.0000 0.6666666666666667 1.0 0.41424630354415964 []
 | 20.2622 29.4080 33.8175 0.4939496 CCC(=O)N(c1ccccc1)[C@@H](C(=O)NCc1ccccc1)c1ccccc1 1 O=C(NCc1ccccc1)C(Nc1ccccc1)c1ccccc1 0.3200000 0.3200 0.3200285 0.3200 0.3333333 0.3333 0.6799715 0.6800 1.0000000 1.0000 1.0000000 372.4680 0.5303047 2.3177 1.0000000 1.0000 0.6666666666666667 1.0 0.46647615158762396 []
 | 30.9934 35.0115 18.2851 0.4163798 COc1ccc(C(=O)C(C)(C)Sc2ccc(N)cc2)cc1 1 O=C(CSc1ccccc1)c1ccccc1 0.1500000 0.1500 0.2547719 0.2548 0.3333333 0.3333 0.8308348 0.8308 1.0000000 1.0000 1.0000000 301.4110 0.5273341 2.1883 1.0000000 1.0000 0.6666666666666667 1.0 0.3570714214271425 []
 | 28.7419 38.4578 32.2682 0.5525468 O=C(Nc1nc2ccc(S(=O)(=O)Cc3cccc(Br)c3)cc2o1)c1ccccc1 1 O=C(Nc1nc2ccc(S(=O)(=O)Cc3ccccc3)cc2o1)c1ccccc1 0.3500000 0.3500 0.2963745 0.2964 0.6666667 0.6667 0.7036255 0.7036 1.0000000 1.0000 1.0000000 471.3320 0.5287197 2.2487 1.0000000 1.0000 0.33333333333333337 1.0 0.47696960070847283 []
 | 32.0746 34.3506 -34.3506 0.0000000 C=CCNC(=O)c1ccccc1NC(=O)c1cc(Cl)cc(I)c1 1 O=C(Nc1ccccc1)c1ccccc1 0.2450000 0.2450 0.2577696 0.2578 0.3333333 0.3333 0.7492939 0.7493 1.0000000 1.0000 1.0000000 440.6680 0.5271927 2.1821 1.0000000 1.0000 0.6666666666666667 1.0 0.4300872004605578 []
 | 23.4968 24.8368 -24.8368 0.0000000 CN(C#N)Cc1ccc([N+](=O)[O-])cc1 1 c1ccccc1 0.2300000 0.2300 0.2378804 0.2379 0.3333333 0.3333 0.8168312 0.8168 1.0000000 1.0000 1.0000000 191.1900 0.5335523 2.4594 1.0000000 1.0000 0.6666666666666667 1.0 0.4208325082500163 []
20:51:53 <INFO> Score: 0.44 Agent NLL: 26.04 Valid: 100% Step: 87
 | Agent Prior Target Score SMILES SMILES_state Scaffold predicted_activity predicted_activity (raw) training_similarity training_similarity (raw) taf_consistency taf_consistency (raw) novelty novelty (raw) stereo_validity stereo_validity (raw) MW_window MW_window (raw) synthetic_feasibility synthetic_feasibility (raw) curated alerts filter curated alerts filter (raw) taf_disrupted (predicted_activity) scaffold_novelty (predicted_activity) uncertainty (predicted_activity) matchting_patterns (curated alerts filter)
 | 31.0710 41.1206 -41.1206 0.0000000 COc1cccc(C=NNC(=O)c2cnc(NC(=O)OC(C)(C)C)nc2C)c1 1 O=C(NN=Cc1ccccc1)c1cncnc1 0.0000000 0.0000 0.0000000 0.0000 0.0000000 0.0000 0.0000000 0.0000 0.0000000 0.0000 0.0000000 0.0000 0.0000000 0.0000 0.0000000 0.0000 None None None ['[#7;!n][#7;!n]']
 | 21.3548 25.3171 33.3726 0.4585133 c1ccc(Cc2ccccc2NCc2cccnc2)cc1 1 c1ccc(Cc2ccccc2NCc2cccnc2)cc1 0.2450000 0.2450 0.2760788 0.2761 0.3333333 0.3333 0.7384428 0.7384 1.0000000 1.0000 1.0000000 274.3670 0.5161060 1.6997 1.0000000 1.0000 0.6666666666666667 1.0 0.4300872004605578 []
 | 30.1097 47.8329 11.3174 0.4621117 O=C(NCc1ccccc1)NC[C@H]1CCCCC[C@H]1[C@H]1CCCN1C(=O)Cc1ccccc1 1 O=C(NCc1ccccc1)NCC1CCCCCC1C1CCCN1C(=O)Cc1ccccc1 0.2250000 0.2250 0.3081578 0.3082 0.3333333 0.3333 0.7152526 0.7153 1.0000000 1.0000 1.0000000 447.6230 0.5500362 3.1803 1.0000000 1.0000 0.6666666666666667 1.0 0.4175823272122517 []
 | 22.7893 31.4656 27.3562 0.4595452 FC(F)(F)CNC(=NCc1ccccc1)Nc1cccc2ccccc12 1 C(=NCc1ccccc1)Nc1cccc2ccccc12 0.2600000 0.2600 0.2599376 0.2599 0.3333333 0.3333 0.7400624 0.7401 1.0000000 1.0000 1.0000000 357.3790 0.5280246 2.2184 1.0000000 1.0000 0.6666666666666667 1.0 0.4386342439892262 []
 | 18.1106 26.3019 35.7900 0.4850928 c1ccc(COc2ccc(Nc3cc(Nc4ccccc4)ncn3)cc2)cc1 1 c1ccc(COc2ccc(Nc3cc(Nc4ccccc4)ncn3)cc2)cc1 0.2500000 0.2500 0.4006547 0.4007 0.3333333 0.3333 0.5993453 0.5993 1.0000000 1.0000 1.0000000 368.4400 0.5210449 1.9145 1.0000000 1.0000 0.6666666666666667 1.0 0.4330127018922193 []
 | 29.6525 43.4446 24.0232 0.5270918 COc1ncc(Cn2c(Cl)ccc2NC(=O)c2ccccc2)cc1Br 1 O=C(Nc1cccn1Cc1cccnc1)c1ccccc1 0.2550000 0.2550 0.3222865 0.3223 0.6666667 0.6667 0.6777135 0.6777 1.0000000 1.0000 1.0000000 420.6940 0.5354913 2.5440 1.0000000 1.0000 0.33333333333333337 1.0 0.43586121644395015 []
 | 33.7778 45.0955 21.0165 0.5165000 Cc1cc(NCCNC(=O)OC(C)(C)C)nc2nc(C(F)(F)F)cc(C(=O)Nc3ccccc3)c12 1 O=C(Nc1ccccc1)c1ccnc2ncccc12 0.2950000 0.2950 0.2354322 0.2354 0.6666667 0.6667 0.7645678 0.7646 1.0000000 1.0000 1.0000000 489.4980 0.5381283 2.6591 1.0000000 1.0000 0.33333333333333337 1.0 0.4560427611529428 []
 | 29.4542 38.7978 24.9775 0.4982448 O=C(Nc1ccccc1Br)N(Cc1ccc(Br)cc1)Cc1cc(=O)n2ccccc2n1 1 O=C(Nc1ccccc1)N(Cc1ccccc1)Cc1cc(=O)n2ccccc2n1 0.2500000 0.2500 0.2304202 0.2304 0.6666667 0.6667 0.7741806 0.7742 1.0000000 1.0000 1.0000000 542.2310 0.5313588 2.3637 1.0000000 1.0000 0.33333333333333337 1.0 0.4330127018922193 []
 | 24.1845 28.1988 30.6656 0.4598778 COc1ccc(NC(=O)Nc2ccn(CCN)n2)cc1 1 O=C(Nc1ccccc1)Nc1cc[nH]n1 0.2500000 0.2500 0.2610067 0.2610 0.3333333 0.3333 0.8067448 0.8067 1.0000000 1.0000 1.0000000 275.3120 0.5235475 2.0234 1.0000000 1.0000 0.6666666666666667 1.0 0.4330127018922193 []
 | 23.7612 29.3397 30.8485 0.4702203 O=C(Nc1cccc(Nc2ccc(NC(=O)C3CCCCC3)cn2)c1)c1ccccc1 1 O=C(Nc1cccc(Nc2ccc(NC(=O)C3CCCCC3)cn2)c1)c1ccccc1 0.2900000 0.2900 0.2641353 0.2641 0.3333333 0.3333 0.7389815 0.7390 1.0000000 1.0000 1.0000000 414.5090 0.5226921 1.9862 1.0000000 1.0000 0.6666666666666667 1.0 0.4537620521815371 []
20:51:57 <INFO> Score: 0.44 Agent NLL: 25.97 Valid: 100% Step: 88
 | Agent Prior Target Score SMILES SMILES_state Scaffold predicted_activity predicted_activity (raw) training_similarity training_similarity (raw) taf_consistency taf_consistency (raw) novelty novelty (raw) stereo_validity stereo_validity (raw) MW_window MW_window (raw) synthetic_feasibility synthetic_feasibility (raw) curated alerts filter curated alerts filter (raw) taf_disrupted (predicted_activity) scaffold_novelty (predicted_activity) uncertainty (predicted_activity) matchting_patterns (curated alerts filter)
 | 26.1609 31.6168 19.4612 0.3990470 COc1ccc(Nc2cc(Nc3ccncc3)nc(-c3ccccn3)n2)cc1 1 c1ccc(Nc2cc(Nc3ccncc3)nc(-c3ccccn3)n2)cc1 0.1500000 0.1500 0.2055271 0.2055 0.3333333 0.3333 0.8180437 0.8180 1.0000000 1.0000 1.0000000 370.4160 0.5288675 2.2551 1.0000000 1.0000 0.6666666666666667 1.0 0.3570714214271425 []
 | 35.4011 39.7594 18.1131 0.4521288 Cc1cc(Nc2nc(C(N)=O)c(C(=O)Nc3cccc(C)c3C)s2)ccn1 1 O=C(Nc1ccccc1)c1cnc(Nc2ccncc2)s1 0.2800000 0.2800 0.2130215 0.2130 0.3333333 0.3333 0.7928158 0.7928 1.0000000 1.0000 1.0000000 381.4610 0.5342999 2.4920 1.0000000 1.0000 0.6666666666666667 1.0 0.44899888641287294 []
 | 24.0000 27.9899 30.5084 0.4570178 c1ccc(CCONCc2ccccc2Oc2ccccc2)cc1 1 c1ccc(CCONCc2ccccc2Oc2ccccc2)cc1 0.2350000 0.2350 0.2861819 0.2862 0.3333333 0.3333 0.7138181 0.7138 1.0000000 1.0000 1.0000000 319.4040 0.5220242 1.9571 1.0000000 1.0000 0.6666666666666667 1.0 0.4239988207530771 []
 | 20.6478 26.3504 36.0118 0.4872047 COc1ccc(C(=O)N[C@@H](CC(N)=O)c2ccccc2)cc1 1 O=C(NCc1ccccc1)c1ccccc1 0.2650000 0.2650 0.3614852 0.3615 0.3333333 0.3333 0.6799715 0.6800 1.0000000 1.0000 1.0000000 298.3420 0.5253271 2.1009 1.0000000 1.0000 0.6666666666666667 1.0 0.4413332074521472 []
 | 23.0523 32.1657 30.6272 0.4905696 Cc1onc(NC(=O)Nc2cccc(C#N)c2)c1Br 1 O=C(Nc1ccccc1)Nc1ccon1 0.2600000 0.2600 0.1982279 0.1982 0.6666667 0.6667 0.8205554 0.8206 1.0000000 1.0000 1.0000000 321.1340 0.5329035 2.4310 1.0000000 1.0000 0.33333333333333337 1.0 0.43863424398922624 []
 | 23.0467 33.6941 28.6289 0.4868986 Cc1ccccc1-n1cccc1CNC(=O)Nc1cccc(C#N)c1 1 O=C(NCc1cccn1-c1ccccc1)Nc1ccccc1 0.2300000 0.2300 0.2178551 0.2179 0.6666667 0.6667 0.8121154 0.8121 1.0000000 1.0000 1.0000000 330.3910 0.5268627 2.1678 1.0000000 1.0000 0.33333333333333337 1.0 0.4208325082500163 []
 | 27.5078 27.7191 26.2899 0.4219454 CCN(CC)c1ccc(NC(=O)Cc2ccc(F)cc2Cl)cc1 1 O=C(Cc1ccccc1)Nc1ccccc1 0.2200000 0.2200 0.1870829 0.1871 0.3333333 0.3333 0.8322949 0.8323 1.0000000 1.0000 1.0000000 334.8220 0.5210364 1.9141 1.0000000 1.0000 0.6666666666666667 1.0 0.4142463035441596 []
 | 24.5198 29.0231 30.1485 0.4622778 COc1ccccc1NC(=O)c1ccccc1NC(=O)CN1CCNCC1 1 O=C(CN1CCNCC1)Nc1ccccc1C(=O)Nc1ccccc1 0.2300000 0.2300 0.3079409 0.3079 0.3333333 0.3333 0.7273751 0.7274 1.0000000 1.0000 1.0000000 368.4370 0.5202796 1.8812 1.0000000 1.0000 0.6666666666666667 1.0 0.4208325082500162 []
 | 30.1695 32.2374 24.3234 0.4418813 CCN(C1=CC(=O)N(CCOCCO)C1=O)c1ccc(Cl)cc1 1 O=C1C=C(Nc2ccccc2)C(=O)N1 0.1950000 0.1950 0.2803060 0.2803 0.3333333 0.3333 0.7334991 0.7335 1.0000000 1.0000 1.0000000 338.7910 0.5418007 2.8196 1.0000000 1.0000 0.6666666666666667 1.0 0.3962007067131506 []
 | 31.2142 28.7466 32.9749 0.4821999 Cn1cc(N(Cc2ccccc2)C(N)=O)cn1 1 c1ccc(CNc2cn[nH]c2)cc1 0.2700000 0.2700 0.3304136 0.3304 0.3333333 0.3333 0.6986018 0.6986 1.0000000 1.0000 1.0000000 230.2710 0.5295205 2.2836 1.0000000 1.0000 0.6666666666666667 1.0 0.4439594576084622 []
20:52:01 <INFO> Score: 0.40 Agent NLL: 25.64 Valid: 100% Step: 89
 | Agent Prior Target Score SMILES SMILES_state Scaffold predicted_activity predicted_activity (raw) training_similarity training_similarity (raw) taf_consistency taf_consistency (raw) novelty novelty (raw) stereo_validity stereo_validity (raw) MW_window MW_window (raw) synthetic_feasibility synthetic_feasibility (raw) curated alerts filter curated alerts filter (raw) taf_disrupted (predicted_activity) scaffold_novelty (predicted_activity) uncertainty (predicted_activity) matchting_patterns (curated alerts filter)
 | 19.9044 29.4223 27.4100 0.4440023 Cc1cc(Nc2cccc(NC(=O)Nc3ccccc3)c2)nc(Nc2ccccc2)n1 1 O=C(Nc1ccccc1)Nc1cccc(Nc2ccnc(Nc3ccccc3)n2)c1 0.2500000 0.2500 0.2197738 0.2198 0.3333333 0.3333 0.7894007 0.7894 1.0000000 1.0000 1.0000000 410.4810 0.5236863 2.0295 1.0000000 1.0000 0.6666666666666667 1.0 0.4330127018922193 []
 | 26.8224 29.0813 -29.0813 0.0000000 CSCC[C@@H](NC(=O)Cc1ccc(N)cc1)C(N)=O 1 c1ccccc1 0.2900000 0.2900 0.2162162 0.2162 0.3333333 0.3333 0.7837838 0.7838 1.0000000 1.0000 1.0000000 281.3810 0.5344012 2.4964 1.0000000 1.0000 0.6666666666666667 1.0 0.4537620521815371 []
 | 28.8720 39.7529 12.2122 0.4059775 CCCNc1cc(Nc2ccc(CNC)cc2Cl)nc(NC)n1 1 c1ccc(Nc2ccncn2)cc1 0.2050000 0.2050 0.1617492 0.1617 0.3333333 0.3333 0.8382508 0.8383 1.0000000 1.0000 1.0000000 334.8550 0.5336399 2.4632 1.0000000 1.0000 0.6666666666666667 1.0 0.40370162248868907 []
 | 22.8776 28.0567 35.3221 0.4951462 O=C(Nc1ccc(N(Cc2ccccc2)C(=O)C(F)(F)F)cc1)c1ccccc1 1 O=C(Nc1ccc(NCc2ccccc2)cc1)c1ccccc1 0.3300000 0.3300 0.3158989 0.3159 0.3333333 0.3333 0.6841011 0.6841 1.0000000 1.0000 1.0000000 398.3840 0.5216486 1.9408 1.0000000 1.0000 0.6666666666666667 1.0 0.4702127178203499 []
 | 29.2047 45.0054 18.8924 0.4992015 N#Cc1c(Br)cccc1NC(=O)NCc1cnccc1C(N)=O 1 O=C(NCc1cccnc1)Nc1ccccc1 0.2750000 0.2750 0.2058791 0.2059 0.6666667 0.6667 0.8121154 0.8121 1.0000000 1.0000 1.0000000 374.1980 0.5349432 2.5200 1.0000000 1.0000 0.33333333333333337 1.0 0.44651427748729383 []
 | 17.3823 27.2843 37.1044 0.5030365 N#Cc1ccccc1Nc1ccc(NC(=O)Nc2ccccc2)cc1 1 O=C(Nc1ccccc1)Nc1ccc(Nc2ccccc2)cc1 0.2650000 0.2650 0.2324953 0.2325 0.6666667 0.6667 0.7675047 0.7675 1.0000000 1.0000 1.0000000 328.3750 0.5175830 1.7639 1.0000000 1.0000 0.33333333333333337 1.0 0.4413332074521472 []
 | 28.7504 32.0856 -32.0856 0.0000000 CCC(=O)Nc1cccc(NC(=O)c2cccc(CN)c2)c1C 1 O=C(Nc1ccccc1)c1ccccc1 0.3100000 0.3100 0.2632491 0.2632 0.3333333 0.3333 0.7367509 0.7368 1.0000000 1.0000 1.0000000 311.3850 0.5188583 1.8194 1.0000000 1.0000 0.6666666666666667 1.0 0.462493243193887 []
 | 21.3213 25.2178 35.8512 0.4771016 COC(=O)c1ccccc1Nc1cc(Nc2ccc(F)cc2)ncn1 1 c1ccc(Nc2cc(Nc3ccccc3)ncn2)cc1 0.1950000 0.1950 0.2381628 0.2382 0.6666667 0.6667 0.7689267 0.7689 1.0000000 1.0000 1.0000000 338.3420 0.5243211 2.0571 1.0000000 1.0000 0.33333333333333337 1.0 0.3962007067131506 []
 | 29.9101 37.1236 17.4510 0.4263635 CC1(I)CCN(c2cc(Nc3ccccn3)ncn2)CC1 1 c1ccc(Nc2cc(N3CCCCC3)ncn2)nc1 0.1750000 0.1750 0.2439024 0.2439 0.3333333 0.3333 0.8289202 0.8289 1.0000000 1.0000 1.0000000 395.2480 0.5421075 2.8330 1.0000000 1.0000 0.6666666666666667 1.0 0.3799671038392666 []
 | 20.7294 28.4351 29.5738 0.4531945 CCOc1ccccc1NC(=O)Nc1cccc(NC(C)=O)c1C 1 O=C(Nc1ccccc1)Nc1ccccc1 0.2100000 0.2100 0.3049971 0.3050 0.3333333 0.3333 0.7260017 0.7260 1.0000000 1.0000 1.0000000 327.3840 0.5185447 1.8058 1.0000000 1.0000 0.6666666666666667 1.0 0.40730823708832603 []
20:52:05 <INFO> Score: 0.43 Agent NLL: 25.62 Valid: 100% Step: 90
 | Agent Prior Target Score SMILES SMILES_state Scaffold predicted_activity predicted_activity (raw) training_similarity training_similarity (raw) taf_consistency taf_consistency (raw) novelty novelty (raw) stereo_validity stereo_validity (raw) MW_window MW_window (raw) synthetic_feasibility synthetic_feasibility (raw) curated alerts filter curated alerts filter (raw) taf_disrupted (predicted_activity) scaffold_novelty (predicted_activity) uncertainty (predicted_activity) matchting_patterns (curated alerts filter)
 | 25.9757 30.9075 33.6435 0.5043050 CCCOc1ccc(C(=O)N[C@@H](CSCc2ccccc2)C(N)=O)cc1 1 O=C(NCCSCc1ccccc1)c1ccccc1 0.3100000 0.3100 0.3867829 0.3868 0.3333333 0.3333 0.6132171 0.6132 1.0000000 1.0000 1.0000000 372.4900 0.5322697 2.4034 1.0000000 1.0000 0.6666666666666667 1.0 0.462493243193887 []
 | 24.2500 31.8418 31.9028 0.4980050 [C-]#[N+]/C=C/c1cccc(NC(=O)Nc2ccccc2)c1 1 O=C(Nc1ccccc1)Nc1ccccc1 0.2550000 0.2550 0.2255535 0.2256 0.6666667 0.6667 0.7744465 0.7744 1.0000000 1.0000 1.0000000 263.3000 0.5301584 2.3114 1.0000000 1.0000 0.33333333333333337 1.0 0.43586121644395015 []
 | 32.1883 38.7793 26.9848 0.5137825 CN(CCNC(=O)NCc1ccccc1)c1c(C#N)cccc1OC(F)(F)F 1 O=C(NCCNc1ccccc1)NCc1ccccc1 0.2350000 0.2350 0.2960685 0.2961 0.6666667 0.6667 0.7264236 0.7264 1.0000000 1.0000 1.0000000 392.3810 0.5342456 2.4896 1.0000000 1.0000 0.33333333333333337 1.0 0.4239988207530771 []
 | 24.6791 27.5335 27.4506 0.4295634 COc1ccccc1NC(=O)N[C@H]1CCCc2ccccc21 1 O=C(Nc1ccccc1)NC1CCCc2ccccc21 0.1600000 0.1600 0.2910909 0.2911 0.3333333 0.3333 0.7716942 0.7717 1.0000000 1.0000 1.0000000 296.3700 0.5286097 2.2439 1.0000000 1.0000 0.6666666666666667 1.0 0.36660605559646714 []
 | 23.0763 26.0577 28.5914 0.4269460 CC(C)CNCc1cnc(NCc2ccc(F)cc2)nc1 1 c1ccc(CNc2ncccn2)cc1 0.2250000 0.2250 0.1973594 0.1974 0.3333333 0.3333 0.8026406 0.8026 1.0000000 1.0000 1.0000000 288.3700 0.5246522 2.0715 1.0000000 1.0000 0.6666666666666667 1.0 0.4175823272122517 []
 | 21.5904 27.8076 30.2726 0.4537517 Nc1ccccc1CN(Cc1cccnc1)c1ncccn1 1 c1ccc(CN(Cc2cccnc2)c2ncccn2)cc1 0.2350000 0.2350 0.2678358 0.2678 0.3333333 0.3333 0.7462523 0.7463 1.0000000 1.0000 1.0000000 291.3580 0.5291095 2.2656 1.0000000 1.0000 0.6666666666666667 1.0 0.4239988207530771 []
 | 26.7050 33.5430 22.0183 0.4340727 CCN(CC)c1ccc(CNc2cc([N+](=O)[O-])c[nH]c2=O)cn1 1 O=c1[nH]cccc1NCc1cccnc1 0.1950000 0.1950 0.2479592 0.2480 0.3333333 0.3333 0.7864395 0.7864 1.0000000 1.0000 1.0000000 317.3490 0.5364746 2.5869 1.0000000 1.0000 0.6666666666666667 1.0 0.3962007067131506 []
 | 20.1594 22.5008 -22.5008 0.0000000 CN(C)c1ccc(NCc2c(F)cccc2F)cc1 1 c1ccc(CNc2ccccc2)cc1 0.2500000 0.2500 0.1740044 0.1740 0.3333333 0.3333 0.8473594 0.8474 1.0000000 1.0000 1.0000000 262.3030 0.5200894 1.8729 1.0000000 1.0000 0.6666666666666667 1.0 0.4330127018922193 []
 | 31.2837 30.9281 31.1708 0.4851474 Oc1cccc(CNc2nc(C(Cl)(Cl)Cl)nc3ccccc23)c1 1 c1ccc(CNc2ncnc3ccccc23)cc1 0.3000000 0.3000 0.3080977 0.3081 0.3333333 0.3333 0.6919023 0.6919 1.0000000 1.0000 1.0000000 368.6510 0.5306605 2.3332 1.0000000 1.0000 0.6666666666666667 1.0 0.45825756949558394 []
 | 36.7325 33.5453 18.2168 0.4043911 Cc1cc(C)c(CNc2cc(C(F)(F)F)ccc2Cl)c(N2CCOCC2)n1 1 c1ccc(NCc2cccnc2N2CCOCC2)cc1 0.1850000 0.1850 0.1749496 0.1749 0.3333333 0.3333 0.8466070 0.8466 1.0000000 1.0000 1.0000000 399.8440 0.5324503 2.4113 1.0000000 1.0000 0.6666666666666667 1.0 0.3882975663070784 []
20:52:05 <INFO> Sampled SMILES c1cccc2Oc3c(CN([C@H](C)C(N[C@H]4CCCC[C@H]4C)=O)CCC3)cc21 failed to sanitize.
20:52:09 <INFO> Score: 0.40 Agent NLL: 25.91 Valid:  98% Step: 91
 | Agent Prior Target Score SMILES SMILES_state Scaffold predicted_activity predicted_activity (raw) training_similarity training_similarity (raw) taf_consistency taf_consistency (raw) novelty novelty (raw) stereo_validity stereo_validity (raw) MW_window MW_window (raw) synthetic_feasibility synthetic_feasibility (raw) curated alerts filter curated alerts filter (raw) taf_disrupted (predicted_activity) scaffold_novelty (predicted_activity) uncertainty (predicted_activity) matchting_patterns (curated alerts filter)
 | 23.3539 27.5496 30.2211 0.4513337 C[C@@H](NS(C)(=O)=O)[C@H](Oc1ccccc1)c1ccccc1 1 c1ccc(COc2ccccc2)cc1 0.2300000 0.2300 0.2657424 0.2657 0.3333333 0.3333 0.7342576 0.7343 1.0000000 1.0000 1.0000000 305.3990 0.5394430 2.7166 1.0000000 1.0000 0.6666666666666667 1.0 0.4208325082500163 []
 | 23.1240 30.4927 36.1779 0.5208635 N#Cc1ccccc1NC(=O)CCN(Cc1ccccc1)c1cccnc1 1 O=C(CCN(Cc1ccccc1)c1cccnc1)Nc1ccccc1 0.2850000 0.2850 0.2614261 0.2614 0.6666667 0.6667 0.7416587 0.7417 1.0000000 1.0000 1.0000000 356.4290 0.5261184 2.1353 1.0000000 1.0000 0.33333333333333337 1.0 0.4514144437210666 []
 | 29.7467 34.2924 23.2832 0.4498094 C[C@H]1CCc2ccccc2[C@H]1NC(=O)NCCc1ccc(Cl)cc1 1 O=C(NCCc1ccccc1)NC1CCCc2ccccc21 0.2000000 0.2000 0.2955309 0.2955 0.3333333 0.3333 0.7549285 0.7549 1.0000000 1.0000 1.0000000 342.8700 0.5416504 2.8131 1.0000000 1.0000 0.6666666666666667 1.0 0.4 []
 | 25.8903 31.5773 23.8383 0.4329340 CCCn1c(CNc2ccc(F)cc2)nnc1SCC(=O)Nc1ccccc1Cl 1 O=C(CSc1nnc(CNc2ccccc2)[nH]1)Nc1ccccc1 0.2200000 0.2200 0.2167775 0.2168 0.3333333 0.3333 0.8022814 0.8023 1.0000000 1.0000 1.0000000 433.9400 0.5259927 2.1299 1.0000000 1.0000 0.6666666666666667 1.0 0.4142463035441596 []
 | 24.2369 29.3340 30.3672 0.4664156 CC(C)(C)n1nc(C(=O)NCCc2cccc(F)c2)ccc1=O 1 O=C(NCCc1ccccc1)c1ccc(=O)[nH]n1 0.2750000 0.2750 0.2666324 0.2666 0.3333333 0.3333 0.7333676 0.7334 1.0000000 1.0000 1.0000000 317.3640 0.5282279 2.2272 1.0000000 1.0000 0.6666666666666667 1.0 0.44651427748729383 []
 | 27.5847 29.0568 27.2348 0.4397783 O=C(Nc1cccc(S(=O)(=O)Nc2ccc(Cl)cc2)c1)c1ccccc1[N+](=O)[O-] 1 O=C(Nc1cccc(S(=O)(=O)Nc2ccccc2)c1)c1ccccc1 0.2700000 0.2700 0.1918404 0.1918 0.3333333 0.3333 0.8081596 0.8082 1.0000000 1.0000 1.0000000 431.8570 0.5210995 1.9169 1.0000000 1.0000 0.6666666666666667 1.0 0.4439594576084622 []
 | 25.6221 36.0546 24.4027 0.4723227 NC(=O)Nc1ccc(CN=C(Cl)Nc2ccccc2)cn1 1 C(=NCc1cccnc1)Nc1ccccc1 0.2750000 0.2750 0.2857953 0.2858 0.3333333 0.3333 0.7175771 0.7176 1.0000000 1.0000 1.0000000 303.7530 0.5355914 2.5483 1.0000000 1.0000 0.6666666666666667 1.0 0.44651427748729383 []
 | 23.9426 29.0125 31.4997 0.4727512 CC(C)(C)Oc1ccc(CNCc2cccnc2)c(Br)c1 1 c1ccc(CNCc2cccnc2)cc1 0.1800000 0.1800 0.2409814 0.2410 0.6666667 0.6667 0.7970615 0.7971 1.0000000 1.0000 1.0000000 349.2720 0.5271355 2.1796 1.0000000 1.0000 0.33333333333333337 1.0 0.38418745424597095 []
 | 27.2501 31.4819 22.4522 0.4213599 NC(=O)c1cc(N)ccc1Nc1cc(F)ccc1OC(F)F 1 c1ccc(Nc2ccccc2)cc1 0.2250000 0.2250 0.1819563 0.1820 0.3333333 0.3333 0.8180437 0.8180 1.0000000 1.0000 1.0000000 311.2630 0.5280937 2.2214 1.0000000 1.0000 0.6666666666666667 1.0 0.4175823272122517 []
 | 22.8012 32.7481 26.5517 0.4632791 CC(=O)Nc1ccccc1NC(=O)c1cccnc1Nc1ccccc1C 1 O=C(Nc1ccccc1)c1cccnc1Nc1ccccc1 0.2600000 0.2600 0.2686124 0.2686 0.3333333 0.3333 0.7630758 0.7631 1.0000000 1.0000 1.0000000 360.4170 0.5216648 1.9415 1.0000000 1.0000 0.6666666666666667 1.0 0.4386342439892262 []
20:52:09 <INFO> Sampled SMILES [C@H](NCc1cc(=O)[nH]c(Nc2ccccc2)n1)(C)(C)C failed to sanitize.
20:52:13 <INFO> Score: 0.40 Agent NLL: 25.97 Valid:  98% Step: 92
 | Agent Prior Target Score SMILES SMILES_state Scaffold predicted_activity predicted_activity (raw) training_similarity training_similarity (raw) taf_consistency taf_consistency (raw) novelty novelty (raw) stereo_validity stereo_validity (raw) MW_window MW_window (raw) synthetic_feasibility synthetic_feasibility (raw) curated alerts filter curated alerts filter (raw) taf_disrupted (predicted_activity) scaffold_novelty (predicted_activity) uncertainty (predicted_activity) matchting_patterns (curated alerts filter)
 | 24.1284 33.9292 27.5205 0.4800756 O=C(Nc1ccc(NC(=S)Nc2ccccc2)c(C(=O)Nc2ccccc2)c1)c1ccccc1 1 O=C(Nc1ccc(NC(=S)Nc2ccccc2)c(C(=O)Nc2ccccc2)c1)c1ccccc1 0.3150000 0.3150 0.2739983 0.2740 0.3333333 0.3333 0.7260017 0.7260 1.0000000 1.0000 1.0000000 466.5660 0.5199482 1.8668 1.0000000 1.0000 0.6666666666666667 1.0 0.46451587701606073 []
 | 23.8556 32.7298 -32.7298 0.0000000 COc1ccc(CNc2cc(C(N)=O)ccc2C#N)cc1Cl 1 c1ccc(CNc2ccccc2)cc1 0.1900000 0.1900 0.2437780 0.2438 0.6666667 0.6667 0.8081596 0.8082 1.0000000 1.0000 1.0000000 315.7600 0.5236028 2.0258 1.0000000 1.0000 0.33333333333333337 1.0 0.39230090491866065 []
 | 25.7493 35.7841 31.6109 0.5265241 CC(=O)N(Cc1cccc(NC(=O)OC(C)(C)C)c1)[C@@H](C)Cc1ccccc1 1 c1ccc(CCNCc2ccccc2)cc1 0.2600000 0.2600 0.3117407 0.3117 0.6666667 0.6667 0.6882593 0.6883 1.0000000 1.0000 1.0000000 382.5040 0.5360554 2.5686 1.0000000 1.0000 0.33333333333333337 1.0 0.43863424398922624 []
 | 19.7914 30.1361 27.3379 0.4490152 O=C(Nc1ccccc1)Nc1cncc(Nc2ccc(F)cc2)c1 1 O=C(Nc1ccccc1)Nc1cncc(Nc2ccccc2)c1 0.2650000 0.2650 0.2223080 0.2223 0.3333333 0.3333 0.7776920 0.7777 1.0000000 1.0000 1.0000000 322.3430 0.5196359 1.8532 1.0000000 1.0000 0.6666666666666667 1.0 0.4413332074521472 []
 | 30.4735 38.3351 20.6425 0.4607622 COc1ccc(N(C)CNCc2cccc(NC(=O)Nc3ccccc3)c2)cc1 1 O=C(Nc1ccccc1)Nc1cccc(CNCNc2ccccc2)c1 0.2400000 0.2400 0.2923009 0.2923 0.3333333 0.3333 0.7091283 0.7091 1.0000000 1.0000 1.0000000 390.4870 0.5257089 2.1175 1.0000000 1.0000 0.6666666666666667 1.0 0.4270831300812525 []
 | 29.0575 33.1322 22.7699 0.4367353 CCOc1ccccc1NS(=O)(=O)c1cccc(NC(=O)Nc2ccc(OC)cc2)c1 1 O=C(Nc1ccccc1)Nc1cccc(S(=O)(=O)Nc2ccccc2)c1 0.1950000 0.1950 0.2629503 0.2630 0.3333333 0.3333 0.7675047 0.7675 1.0000000 1.0000 1.0000000 441.5090 0.5209150 1.9089 1.0000000 1.0000 0.6666666666666667 1.0 0.3962007067131506 []
 | 19.8649 27.9152 28.3337 0.4394445 O=C(Nc1ccccc1)Nc1nnc(Sc2ccccc2Cl)s1 1 O=C(Nc1ccccc1)Nc1nnc(Sc2ccccc2)s1 0.2500000 0.2500 0.2079501 0.2080 0.3333333 0.3333 0.7920499 0.7920 1.0000000 1.0000 1.0000000 362.8670 0.5236548 2.0281 1.0000000 1.0000 0.6666666666666667 1.0 0.4330127018922193 []
 | 37.4310 43.1228 -43.1228 0.0000000 C=CN=C(N)SCCNc1ccc([N+](=O)[O-])c(F)c1F 1 c1ccccc1 0.1950000 0.1950 0.2038589 0.2039 0.3333333 0.3333 0.8265114 0.8265 1.0000000 1.0000 1.0000000 302.3060 0.5520543 3.2689 1.0000000 1.0000 0.6666666666666667 1.0 0.3962007067131506 []
 | 23.5060 33.9506 29.7959 0.4980195 CC(C)(C)OC(=O)Nc1ccc(CNC(=O)c2ccc(Cl)c(NC(=O)OC(C)(C)C)c2)cc1 1 O=C(NCc1ccccc1)c1ccccc1 0.2600000 0.2600 0.2214546 0.2215 0.6666667 0.6667 0.7794356 0.7794 1.0000000 1.0000 1.0000000 475.9730 0.5257891 2.1210 1.0000000 1.0000 0.33333333333333337 1.0 0.4386342439892262 []
 | 22.6414 26.3929 33.0435 0.4643465 CCOc1ccc(CCNC(=O)NCCOc2ccccc2)cc1OCC 1 O=C(NCCOc1ccccc1)NCCc1ccccc1 0.2400000 0.2400 0.3096116 0.3096 0.3333333 0.3333 0.6919023 0.6919 1.0000000 1.0000 1.0000000 372.4650 0.5205365 1.8924 1.0000000 1.0000 0.6666666666666667 1.0 0.4270831300812525 []
20:52:16 <INFO> Score: 0.38 Agent NLL: 26.11 Valid: 100% Step: 93
 | Agent Prior Target Score SMILES SMILES_state Scaffold predicted_activity predicted_activity (raw) training_similarity training_similarity (raw) taf_consistency taf_consistency (raw) novelty novelty (raw) stereo_validity stereo_validity (raw) MW_window MW_window (raw) synthetic_feasibility synthetic_feasibility (raw) curated alerts filter curated alerts filter (raw) taf_disrupted (predicted_activity) scaffold_novelty (predicted_activity) uncertainty (predicted_activity) matchting_patterns (curated alerts filter)
 | 34.0020 39.8584 18.9048 0.4590878 NC(=O)c1ccc(CN=C2NC/C(=N\O)N2)o1 1 N=C1CNC(=NCc2ccco2)N1 0.2450000 0.2450 0.2652335 0.2652 0.3333333 0.3333 0.7660561 0.7661 1.0000000 1.0000 1.0000000 237.2190 0.5460845 3.9929 1.0000000 1.0000 0.6666666666666667 1.0 0.4300872004605578 []
 | 25.8864 29.1353 32.2887 0.4798749 COC(=O)c1cc(NC(=O)c2ccc([N+](=O)[O-])cc2Cl)ccc1N1CCCCC1 1 O=C(Nc1ccc(N2CCCCC2)cc1)c1ccccc1 0.1950000 0.1950 0.2378258 0.2378 0.6666667 0.6667 0.8176157 0.8176 1.0000000 1.0000 1.0000000 417.8490 0.5252200 2.0962 1.0000000 1.0000 0.33333333333333337 1.0 0.3962007067131506 []
 | 25.3453 29.5674 31.0586 0.4736411 CNCc1cccc(OC(=O)CCOc2ccccc2)c1 1 O=C(CCOc1ccccc1)Oc1ccccc1 0.2450000 0.2450 0.3466975 0.3467 0.3333333 0.3333 0.6533025 0.6533 1.0000000 1.0000 1.0000000 285.3430 0.5184652 1.8023 1.0000000 1.0000 0.6666666666666667 1.0 0.4300872004605578 []
 | 24.2382 32.6213 -18.1104 0.1133658 O=C1CCC(NCc2ccccc2CNCc2ccccc2)CN1 1 O=C1CCC(NCc2ccccc2CNCc2ccccc2)CN1 0.2350000 0.2350 0.3251016 0.3251 0.3333333 0.3333 0.6841011 0.6841 0.0000000 0.0000 1.0000000 323.4400 0.5354420 2.5418 1.0000000 1.0000 0.6666666666666667 1.0 0.4239988207530771 []
 | 20.1767 24.3324 37.3321 0.4817540 Cc1ccccc1[C@@H](C)NCc1cc(Br)ccc1F 1 c1ccc(CNCc2ccccc2)cc1 0.2500000 0.2500 0.1891892 0.1892 0.6666667 0.6667 0.8108108 0.8108 1.0000000 1.0000 1.0000000 322.2210 0.5303187 2.3183 1.0000000 1.0000 0.33333333333333337 1.0 0.4330127018922193 []
 | 32.4986 42.5306 9.1406 0.4036807 CN=C1NCCC2=C(CCN(Cc3ccc(CNC)o3)C2)N1 1 N=C1NCCC2=C(CCN(Cc3ccco3)C2)N1 0.1550000 0.1550 0.2028757 0.2029 0.3333333 0.3333 0.8422078 0.8422 1.0000000 1.0000 1.0000000 303.4100 0.5567330 3.5255 1.0000000 1.0000 0.6666666666666667 1.0 0.36190468358395134 []
 | 25.6230 27.7991 32.7559 0.4730863 COc1cccc(NC(=O)c2cccc(C(=O)NCc3ccccc3)n2)c1 1 O=C(NCc1ccccc1)c1cccc(C(=O)Nc2ccccc2)n1 0.2550000 0.2550 0.3259179 0.3259 0.3333333 0.3333 0.6740821 0.6741 1.0000000 1.0000 1.0000000 361.4010 0.5185189 1.8046 1.0000000 1.0000 0.6666666666666667 1.0 0.43586121644395015 []
 | 19.9148 23.7452 37.0448 0.4749222 CN(C)c1ncccc1CNC(=O)[C@H]1CCCN1 1 O=C(NCc1cccnc1)C1CCCN1 0.2850000 0.2850 0.2758803 0.2759 0.3333333 0.3333 0.7522832 0.7523 1.0000000 1.0000 1.0000000 248.3300 0.5404501 2.7606 1.0000000 1.0000 0.6666666666666667 1.0 0.4514144437210666 []
 | 18.0539 27.5014 -27.5014 0.0000000 CC(=O)Nc1ccc(Br)c(NC(=O)Nc2ccccc2)c1 1 O=C(Nc1ccccc1)Nc1ccccc1 0.2400000 0.2400 0.2615329 0.2615 0.6666667 0.6667 0.7744465 0.7744 1.0000000 1.0000 1.0000000 348.2000 0.5162520 1.7061 1.0000000 1.0000 0.33333333333333337 1.0 0.4270831300812525 []
 | 27.9407 29.6708 23.6097 0.4162543 Cc1cc(F)ccc1CC(=O)Nc1ccc(Cc2ccncc2)cc1 1 O=C(Cc1ccccc1)Nc1ccc(Cc2ccncc2)cc1 0.2050000 0.2050 0.1882483 0.1882 0.3333333 0.3333 0.8224288 0.8224 1.0000000 1.0000 1.0000000 334.3940 0.5207822 1.9031 1.0000000 1.0000 0.6666666666666667 1.0 0.403701622488689 []
20:52:17 <INFO> Sampled SMILES c1(n(SSCCNC(Nc2cccc([N+](=O)[O-])c2)=O)ccn1N)C failed to sanitize.
20:52:20 <INFO> Score: 0.39 Agent NLL: 25.23 Valid:  98% Step: 94
 | Agent Prior Target Score SMILES SMILES_state Scaffold predicted_activity predicted_activity (raw) training_similarity training_similarity (raw) taf_consistency taf_consistency (raw) novelty novelty (raw) stereo_validity stereo_validity (raw) MW_window MW_window (raw) synthetic_feasibility synthetic_feasibility (raw) curated alerts filter curated alerts filter (raw) taf_disrupted (predicted_activity) scaffold_novelty (predicted_activity) uncertainty (predicted_activity) matchting_patterns (curated alerts filter)
 | 25.1060 37.1958 19.0900 0.4397328 CC(C)(C)c1cc(CNC(=O)Nc2nccc3c2CCNC3)on1 1 O=C(NCc1ccno1)Nc1nccc2c1CCNC2 0.2050000 0.2050 0.2490291 0.2490 0.3333333 0.3333 0.7986532 0.7987 1.0000000 1.0000 1.0000000 329.4040 0.5422403 2.8389 1.0000000 1.0000 0.6666666666666667 1.0 0.403701622488689 []
 | 20.2959 26.8728 36.8083 0.4975082 N#C/C(=C\c1ccccc1)C(=O)Nc1ccccc1C(N)=O 1 O=C(C=Cc1ccccc1)Nc1ccccc1 0.2400000 0.2400 0.2432432 0.2432 0.6666667 0.6667 0.7567568 0.7568 1.0000000 1.0000 1.0000000 291.3100 0.5212047 1.9215 1.0000000 1.0000 0.33333333333333337 1.0 0.4270831300812525 []
 | 30.4069 37.4753 18.4373 0.4368174 NC(=O)c1cccc2sc(CNCc3cncc(F)c3)nc12 1 c1cncc(CNCc2nc3ccccc3s2)c1 0.2600000 0.2600 0.1898316 0.1898 0.3333333 0.3333 0.8101684 0.8102 1.0000000 1.0000 1.0000000 316.3610 0.5336478 2.4635 1.0000000 1.0000 0.6666666666666667 1.0 0.43863424398922624 []
 | 22.4168 31.9320 35.1535 0.5241059 O=C(NCc1ccc(Cn2cccc2)cc1)c1ccccc1Br 1 O=C(NCc1ccc(Cn2cccc2)cc1)c1ccccc1 0.2850000 0.2850 0.2739983 0.2740 0.6666667 0.6667 0.7260017 0.7260 1.0000000 1.0000 1.0000000 369.2620 0.5218924 1.9514 1.0000000 1.0000 0.33333333333333337 1.0 0.4514144437210666 []
 | 21.5978 25.5588 -25.5588 0.0000000 CCOc1ccc(OC)c(NC(=O)c2ccc(N(C)C)cc2)c1 1 O=C(Nc1ccccc1)c1ccccc1 0.2100000 0.2100 0.2869023 0.2869 0.3333333 0.3333 0.7545049 0.7545 1.0000000 1.0000 1.0000000 314.3850 0.5163640 1.7109 1.0000000 1.0000 0.6666666666666667 1.0 0.4073082370883261 []
 | 22.2516 27.4352 31.1644 0.4578094 Cc1ccc(CNC(=O)Nc2cc(C(=O)O)ccn2)cc1 1 O=C(NCc1ccccc1)Nc1ccccn1 0.2450000 0.2450 0.2686124 0.2686 0.3333333 0.3333 0.7630758 0.7631 1.0000000 1.0000 1.0000000 285.3030 0.5192334 1.8357 1.0000000 1.0000 0.6666666666666667 1.0 0.4300872004605578 []
 | 19.7985 29.5108 31.0244 0.4729311 CCN(Cc1ccccc1)C(=O)Nc1cccc(NC(=O)Nc2ccccc2)c1 1 O=C(NCc1ccccc1)Nc1cccc(NC(=O)Nc2ccccc2)c1 0.2700000 0.2700 0.3008473 0.3008 0.3333333 0.3333 0.7027027 0.7027 1.0000000 1.0000 1.0000000 388.4710 0.5189203 1.8221 1.0000000 1.0000 0.6666666666666667 1.0 0.4439594576084623 []
 | 26.6819 29.6037 26.0076 0.4344636 Cc1cccc(NC(=O)Nc2ccccc2SC2CCCCC2)c1 1 O=C(Nc1ccccc1)Nc1ccccc1SC1CCCCC1 0.1950000 0.1950 0.2500646 0.2501 0.3333333 0.3333 0.7994351 0.7994 1.0000000 1.0000 1.0000000 340.4920 0.5237839 2.0337 1.0000000 1.0000 0.6666666666666667 1.0 0.3962007067131506 []
 | 31.0910 36.4014 18.5153 0.4290368 Cc1ccccc1NC(=O)[C@H]1CCCN(C(=O)Nc2cc(F)c(F)cc2F)C1 1 O=C(Nc1ccccc1)C1CCCN(C(=O)Nc2ccccc2)C1 0.1900000 0.1900 0.2366243 0.2366 0.3333333 0.3333 0.8081596 0.8082 1.0000000 1.0000 1.0000000 391.3930 0.5348289 2.5151 1.0000000 1.0000 0.6666666666666667 1.0 0.39230090491866065 []
 | 21.5607 29.5288 26.8042 0.4401015 NC(N)=Nc1ccc(Nc2nc(Nc3ccccc3)nc(Nc3ccccc3)n2)cc1 1 c1ccc(Nc2nc(Nc3ccccc3)nc(Nc3ccccc3)n2)cc1 0.2450000 0.2450 0.2136969 0.2137 0.3333333 0.3333 0.7863031 0.7863 1.0000000 1.0000 1.0000000 411.4730 0.5282323 2.2274 1.0000000 1.0000 0.6666666666666667 1.0 0.4300872004605578 []
20:52:20 <INFO> Sampled SMILES C(CCC(N[C@@H]1CNCCC1)=O)nccc1C2CCCCC2=Nc1=O failed to sanitize.
20:52:24 <INFO> Score: 0.41 Agent NLL: 26.23 Valid:  98% Step: 95
 | Agent Prior Target Score SMILES SMILES_state Scaffold predicted_activity predicted_activity (raw) training_similarity training_similarity (raw) taf_consistency taf_consistency (raw) novelty novelty (raw) stereo_validity stereo_validity (raw) MW_window MW_window (raw) synthetic_feasibility synthetic_feasibility (raw) curated alerts filter curated alerts filter (raw) taf_disrupted (predicted_activity) scaffold_novelty (predicted_activity) uncertainty (predicted_activity) matchting_patterns (curated alerts filter)
 | 25.5827 33.3687 25.2826 0.4582132 CC(C)(C)N(Cc1ccccc1)C(=O)CN1CCN(CCNc2ccccc2)CC1 1 O=C(CN1CCN(CCNc2ccccc2)CC1)NCc1ccccc1 0.2250000 0.2250 0.2988703 0.2989 0.3333333 0.3333 0.7273751 0.7274 1.0000000 1.0000 1.0000000 408.5900 0.5265122 2.1525 1.0000000 1.0000 0.6666666666666667 1.0 0.4175823272122517 []
 | 39.4024 44.0032 19.7402 0.4979953 COC(C)(C)C(=O)Oc1ccc(Br)cc1COC(=O)c1ccccc1Br 1 O=C(OCc1ccccc1)c1ccccc1 0.2150000 0.2150 0.2698162 0.2698 0.6666667 0.6667 0.7576069 0.7576 1.0000000 1.0000 1.0000000 486.1560 0.5326377 2.4195 1.0000000 1.0000 0.33333333333333337 1.0 0.41082234603292944 []
 | 26.5197 29.5415 34.1926 0.4979227 NC(=O)c1cccc(CNCc2cc(Br)cc3c2OCC3)c1 1 c1ccc(CNCc2cccc3c2OCC3)cc1 0.2350000 0.2350 0.2473316 0.2473 0.6666667 0.6667 0.7576069 0.7576 1.0000000 1.0000 1.0000000 361.2390 0.5297754 2.2947 1.0000000 1.0000 0.33333333333333337 1.0 0.4239988207530771 []
 | 30.3674 39.1202 26.6260 0.5136420 N#Cc1cccc(NC(=O)Cn2c(Cc3ccccc3)nc(N)cc2=O)c1 1 O=C(Cn1c(Cc2ccccc2)nccc1=O)Nc1ccccc1 0.2550000 0.2550 0.2735764 0.2736 0.6666667 0.6667 0.7264236 0.7264 1.0000000 1.0000 1.0000000 359.3890 0.5298931 2.2998 1.0000000 1.0000 0.33333333333333337 1.0 0.43586121644395015 []
 | 27.4284 33.6486 25.8996 0.4652206 O=C(Nc1ccc(F)cc1)Nc1cc(=O)[nH]n1Cc1ccccn1 1 O=C(Nc1ccccc1)Nc1cc(=O)[nH]n1Cc1ccccn1 0.2950000 0.2950 0.2398006 0.2398 0.3333333 0.3333 0.7601994 0.7602 1.0000000 1.0000 1.0000000 327.3190 0.5330582 2.4378 1.0000000 1.0000 0.6666666666666667 1.0 0.4560427611529428 []
 | 33.9036 35.6852 19.6689 0.4324534 CC(C)c1nnc(NC(=O)NC[C@H](CO)N2CCCCCC2)s1 1 O=C(NCCN1CCCCCC1)Nc1nncs1 0.1900000 0.1900 0.2519516 0.2520 0.3333333 0.3333 0.7587909 0.7588 1.0000000 1.0000 1.0000000 341.4810 0.5456308 2.9872 1.0000000 1.0000 0.6666666666666667 1.0 0.39230090491866065 []
 | 35.5039 39.1382 18.6725 0.4516460 O=C(NCc1ccnc(CNCCCl)c1)c1cccc(F)c1 1 O=C(NCc1ccncc1)c1ccccc1 0.2500000 0.2500 0.2450715 0.2451 0.3333333 0.3333 0.7549285 0.7549 1.0000000 1.0000 1.0000000 321.7830 0.5259248 2.1269 1.0000000 1.0000 0.6666666666666667 1.0 0.4330127018922193 []
 | 26.1857 30.7263 32.7559 0.4959552 Cc1c(C#N)cccc1NC(=O)N1CCO[C@H](c2ccccc2)C1 1 O=C(Nc1ccccc1)N1CCOC(c2ccccc2)C1 0.2150000 0.2150 0.2614261 0.2614 0.6666667 0.6667 0.7651443 0.7651 1.0000000 1.0000 1.0000000 321.3800 0.5383057 2.6669 1.0000000 1.0000 0.33333333333333337 1.0 0.41082234603292944 []
 | 27.5609 35.6341 23.5405 0.4623013 CN1CCC(=O)Nc2cccc(CCNCc3ccccc3)c21 1 O=C1CCNc2c(CCNCc3ccccc3)cccc2N1 0.2150000 0.2150 0.3259341 0.3259 0.3333333 0.3333 0.7304213 0.7304 1.0000000 1.0000 1.0000000 309.4130 0.5295479 2.2847 1.0000000 1.0000 0.6666666666666667 1.0 0.4108223460329294 []
 | 26.2861 32.2136 23.5228 0.4354404 CCC[C@@H]1CCCN(C(=O)Nc2ccc(OCCN3CCOCC3)cc2)C1 1 O=C(Nc1ccc(OCCN2CCOCC2)cc1)N1CCCCC1 0.1500000 0.1500 0.3448624 0.3449 0.3333333 0.3333 0.7113248 0.7113 1.0000000 1.0000 1.0000000 375.5130 0.5354403 2.5417 1.0000000 1.0000 0.6666666666666667 1.0 0.3570714214271425 []
20:52:27 <INFO> Score: 0.40 Agent NLL: 25.58 Valid: 100% Step: 96
 | Agent Prior Target Score SMILES SMILES_state Scaffold predicted_activity predicted_activity (raw) training_similarity training_similarity (raw) taf_consistency taf_consistency (raw) novelty novelty (raw) stereo_validity stereo_validity (raw) MW_window MW_window (raw) synthetic_feasibility synthetic_feasibility (raw) curated alerts filter curated alerts filter (raw) taf_disrupted (predicted_activity) scaffold_novelty (predicted_activity) uncertainty (predicted_activity) matchting_patterns (curated alerts filter)
 | 23.9732 32.7482 29.0638 0.4829064 C[C@@H](NCc1cc(OC(F)F)ccc1Br)c1ccccc1Br 1 c1ccc(CNCc2ccccc2)cc1 0.2250000 0.2250 0.2138090 0.2138 0.6666667 0.6667 0.7920499 0.7920 1.0000000 1.0000 1.0000000 435.1060 0.5379617 2.6518 1.0000000 1.0000 0.33333333333333337 1.0 0.4175823272122517 []
 | 24.5938 27.7680 29.8446 0.4500984 O=C(NCc1ccsc1)c1ccc(-c2ccc(Cl)cc2)o1 1 O=C(NCc1ccsc1)c1ccc(-c2ccccc2)o1 0.2550000 0.2550 0.2348881 0.2349 0.3333333 0.3333 0.7660561 0.7661 1.0000000 1.0000 1.0000000 317.7970 0.5232731 2.0115 1.0000000 1.0000 0.6666666666666667 1.0 0.43586121644395015 []
 | 23.0484 31.6186 31.1323 0.4902415 N#Cc1cccc(NC(=O)CNc2ccc(OC(F)(F)F)cc2)c1C#N 1 O=C(CNc1ccccc1)Nc1ccccc1 0.2350000 0.2350 0.2243001 0.2243 0.6666667 0.6667 0.7818462 0.7818 1.0000000 1.0000 1.0000000 360.2950 0.5310003 2.3481 1.0000000 1.0000 0.33333333333333337 1.0 0.4239988207530771 []
 | 21.5919 31.3485 37.8392 0.5405289 CC(C)(C)OC(=O)NCc1ccc(NC(=O)c2ccccc2NC(=O)c2ccccc2)cc1 1 O=C(Nc1ccccc1C(=O)Nc1ccccc1)c1ccccc1 0.3000000 0.3000 0.3151110 0.3151 0.6666667 0.6667 0.6848890 0.6849 1.0000000 1.0000 1.0000000 445.5190 0.5203234 1.8831 1.0000000 1.0000 0.33333333333333337 1.0 0.458257569495584 []
 | 20.5705 30.3215 28.8017 0.4618997 COc1ccccc1NC(=O)c1sc(NC(=O)Nc2ccccc2)nc1C 1 O=C(Nc1ccccc1)Nc1ncc(C(=O)Nc2ccccc2)s1 0.2500000 0.2500 0.2768183 0.2768 0.3333333 0.3333 0.7549285 0.7549 1.0000000 1.0000 1.0000000 382.4450 0.5206123 1.8957 1.0000000 1.0000 0.6666666666666667 1.0 0.4330127018922193 []
 | 28.2602 33.2415 -33.2415 0.0000000 Cc1cc([N+](=O)[O-])ccc1NC(=O)NCc1ccccc1S(N)(=O)=O 1 O=C(NCc1ccccc1)Nc1ccccc1 0.2400000 0.2400 0.2641353 0.2641 0.3333333 0.3333 0.7864395 0.7864 1.0000000 1.0000 1.0000000 364.3830 0.5253083 2.1001 1.0000000 1.0000 0.6666666666666667 1.0 0.4270831300812525 []
 | 27.4374 27.5999 32.0089 0.4656938 O=C(Cn1cnc2ncccc2c1=O)NCc1ccccn1 1 O=C(Cn1cnc2ncccc2c1=O)NCc1ccccn1 0.2600000 0.2600 0.2823725 0.2824 0.3333333 0.3333 0.7209595 0.7210 1.0000000 1.0000 1.0000000 295.3020 0.5273959 2.1910 1.0000000 1.0000 0.6666666666666667 1.0 0.4386342439892262 []
 | 30.2953 36.8891 14.0346 0.3978417 COc1cc(F)c(Nc2ncnc(Nc3cccc(C)c3)c2C)cc1F 1 c1ccc(Nc2cc(Nc3ccccc3)ncn2)cc1 0.1500000 0.1500 0.1982279 0.1982 0.3333333 0.3333 0.8495763 0.8496 1.0000000 1.0000 1.0000000 356.3760 0.5304765 2.3252 1.0000000 1.0000 0.6666666666666667 1.0 0.3570714214271425 []
 | 21.7302 30.8404 32.6900 0.4963310 NC(=O)Nc1cccc(CNc2ccccc2OCc2ccccc2)c1 1 c1ccc(CNc2ccccc2OCc2ccccc2)cc1 0.2800000 0.2800 0.4058770 0.4059 0.3333333 0.3333 0.5941230 0.5941 1.0000000 1.0000 1.0000000 347.4180 0.5181257 1.7875 1.0000000 1.0000 0.6666666666666667 1.0 0.44899888641287294 []
 | 33.1078 39.4623 15.7865 0.4316311 CCc1ccc(NC(=O)CSc2nnc(NC)n2Cc2ccccc2)cc1OC 1 O=C(CSc1nncn1Cc1ccccc1)Nc1ccccc1 0.1800000 0.1800 0.2713048 0.2713 0.3333333 0.3333 0.7363752 0.7364 1.0000000 1.0000 1.0000000 411.5310 0.5296723 2.2902 1.0000000 1.0000 0.6666666666666667 1.0 0.38418745424597095 []
20:52:31 <INFO> Score: 0.38 Agent NLL: 25.40 Valid: 100% Step: 97
 | Agent Prior Target Score SMILES SMILES_state Scaffold predicted_activity predicted_activity (raw) training_similarity training_similarity (raw) taf_consistency taf_consistency (raw) novelty novelty (raw) stereo_validity stereo_validity (raw) MW_window MW_window (raw) synthetic_feasibility synthetic_feasibility (raw) curated alerts filter curated alerts filter (raw) taf_disrupted (predicted_activity) scaffold_novelty (predicted_activity) uncertainty (predicted_activity) matchting_patterns (curated alerts filter)
 | 22.8949 27.7282 34.6766 0.4875373 CNC(=O)c1ccccc1NC(=O)[C@H](c1ccccc1)N(C)C 1 O=C(Cc1ccccc1)Nc1ccccc1 0.3100000 0.3100 0.3056735 0.3057 0.3333333 0.3333 0.6943265 0.6943 1.0000000 1.0000 1.0000000 311.3850 0.5295084 2.2830 1.0000000 1.0000 0.6666666666666667 1.0 0.462493243193887 []
 | 30.0706 32.6530 -32.6530 0.0000000 Cc1cc(NCCNC(=S)NCC(F)(F)F)c(C#N)c(C)n1 1 c1ccncc1 0.2650000 0.2650 0.1465159 0.1465 0.6666667 0.6667 0.8571023 0.8571 1.0000000 1.0000 1.0000000 331.3670 0.5416706 2.8139 1.0000000 1.0000 0.33333333333333337 1.0 0.4413332074521472 []
 | 20.7225 28.9169 30.8255 0.4667373 O=C(NCCNCc1ncccc1Cl)Nc1ccccc1 1 O=C(NCCNCc1ccccn1)Nc1ccccc1 0.2750000 0.2750 0.2686124 0.2686 0.3333333 0.3333 0.7367509 0.7368 1.0000000 1.0000 1.0000000 304.7810 0.5218070 1.9477 1.0000000 1.0000 0.6666666666666667 1.0 0.4465142774872938 []
 | 22.4496 27.7818 -27.7818 0.0000000 CNC(=O)Nc1cccc(/C=N\N=C(N)N)c1 1 c1ccccc1 0.0000000 0.0000 0.0000000 0.0000 0.0000000 0.0000 0.0000000 0.0000 0.0000000 0.0000 0.0000000 0.0000 0.0000000 0.0000 0.0000000 0.0000 None None None ['[#7;!n][#7;!n]']
 | 21.1046 25.1470 33.6983 0.4597286 CCCOc1ccccc1NC(=S)Nc1ccccc1Cl 1 S=C(Nc1ccccc1)Nc1ccccc1 0.2050000 0.2050 0.3585686 0.3586 0.3333333 0.3333 0.6414314 0.6414 1.0000000 1.0000 1.0000000 320.8450 0.5171398 1.7447 1.0000000 1.0000 0.6666666666666667 1.0 0.40370162248868907 []
 | 29.8619 41.9177 23.6560 0.5122950 NC(=O)Nc1ccc(SCc2cccc(C(=O)Nc3ccccc3)c2)o1 1 O=C(Nc1ccccc1)c1cccc(CSc2ccco2)c1 0.3700000 0.3700 0.3393503 0.3394 0.3333333 0.3333 0.6606497 0.6606 1.0000000 1.0000 1.0000000 367.4300 0.5305572 2.3287 1.0000000 1.0000 0.6666666666666667 1.0 0.4828043081829324 []
 | 24.1758 26.4757 32.2989 0.4591764 COc1ccccc1C(=O)NCc1ccc(-n2cncn2)nc1 1 O=C(NCc1ccc(-n2cncn2)nc1)c1ccccc1 0.2350000 0.2350 0.2918070 0.2918 0.3333333 0.3333 0.7181732 0.7182 1.0000000 1.0000 1.0000000 309.3290 0.5241133 2.0480 1.0000000 1.0000 0.6666666666666667 1.0 0.4239988207530771 []
 | 26.1142 29.9399 30.7671 0.4742734 N#Cc1ccc(NC2CCN(S(=O)(=O)c3ccccc3)CC2)c(F)c1 1 O=S(=O)(c1ccccc1)N1CCC(Nc2ccccc2)CC1 0.2100000 0.2100 0.2095291 0.2095 0.6666667 0.6667 0.8039428 0.8039 1.0000000 1.0000 1.0000000 359.4260 0.5251620 2.0937 1.0000000 1.0000 0.33333333333333337 1.0 0.4073082370883261 []
 | 26.9089 29.6737 -29.6737 0.0000000 COC(=O)c1ccc(Cl)c(NC(=O)NCc2ccc(Cl)cc2Cl)c1 1 O=C(NCc1ccccc1)Nc1ccccc1 0.1700000 0.1700 0.2292273 0.2292 0.6666667 0.6667 0.8224288 0.8224 1.0000000 1.0000 1.0000000 387.6500 0.5202325 1.8792 1.0000000 1.0000 0.33333333333333337 1.0 0.375632799419859 []
 | 32.3555 45.8799 12.0151 0.4523051 NC(=O)c1nc(-c2cccnc2-n2cccc2)nnc1SCC(=O)Nc1ccccc1 1 O=C(CSc1cnc(-c2cccnc2-n2cccc2)nn1)Nc1ccccc1 0.2500000 0.2500 0.2438431 0.2438 0.3333333 0.3333 0.7561569 0.7562 1.0000000 1.0000 1.0000000 431.4810 0.5384785 2.6744 1.0000000 1.0000 0.6666666666666667 1.0 0.4330127018922193 []
20:52:31 <INFO> Sampled SMILES c1(n(C(NCc2ccccc2)=O)ncc(c1)Nc1ccccc1)Nc1ccccc1 failed to sanitize.
20:52:31 <INFO> Sampled SMILES O=C(N[C@@H](c1ccccc1)C(N)=O)ccc1NC(=O)c2ccccc21 failed to sanitize.
20:52:35 <INFO> Score: 0.38 Agent NLL: 25.61 Valid:  97% Step: 98
 | Agent Prior Target Score SMILES SMILES_state Scaffold predicted_activity predicted_activity (raw) training_similarity training_similarity (raw) taf_consistency taf_consistency (raw) novelty novelty (raw) stereo_validity stereo_validity (raw) MW_window MW_window (raw) synthetic_feasibility synthetic_feasibility (raw) curated alerts filter curated alerts filter (raw) taf_disrupted (predicted_activity) scaffold_novelty (predicted_activity) uncertainty (predicted_activity) matchting_patterns (curated alerts filter)
 | 24.0080 40.1525 -40.1525 0.0000000 c1(n(C(NCc2ccccc2)=O)ncc(c1)Nc1ccccc1)Nc1ccccc1 0 -- 0.0000000 0.0000 0.0000000 0.0000 0.0000000 0.0000 0.0000000 0.0000 0.0000000 0.0000 0.0000000 0.0000 0.0000000 0.0000 0.0000000 0.0000 None None None None
 | 25.8200 32.5274 20.5818 0.4149159 C=CCOc1ccc2ncnc(Nc3ccc(CN)cc3)c2c1 1 c1ccc(Nc2ncnc3ccccc23)cc1 0.1250000 0.1250 0.3057883 0.3058 0.3333333 0.3333 0.8017274 0.8017 1.0000000 1.0000 1.0000000 306.3690 0.5266117 2.1568 1.0000000 1.0000 0.6666666666666667 1.0 0.33071891388307384 []
 | 21.1700 29.8900 27.0794 0.4450737 O=C(CNC(=O)Nc1ccccc1)Nc1ccccc1CN1CCCCCC1 1 O=C(CNC(=O)Nc1ccccc1)Nc1ccccc1CN1CCCCCC1 0.2400000 0.2400 0.2353104 0.2353 0.3333333 0.3333 0.7716942 0.7717 1.0000000 1.0000 1.0000000 380.4920 0.5199195 1.8655 1.0000000 1.0000 0.6666666666666667 1.0 0.4270831300812525 []
 | 22.0676 25.8739 35.1857 0.4770278 Nc1cccc(Br)c1CSc1ncccc1Br 1 c1ccc(CSc2ccccn2)cc1 0.2300000 0.2300 0.1932552 0.1933 0.6666667 0.6667 0.8256285 0.8256 1.0000000 1.0000 1.0000000 374.1010 0.5322282 2.4016 1.0000000 1.0000 0.33333333333333337 1.0 0.4208325082500163 []
 | 33.6767 38.0256 -38.0256 0.0000000 CC(=O)OC[C@H](OC(C)=O)[C@@H](C)NCc1cccc(Cl)c1F 1 c1ccccc1 0.2350000 0.2350 0.2519516 0.2520 0.6666667 0.6667 0.7769433 0.7769 1.0000000 1.0000 1.0000000 331.7710 0.5516394 3.2507 1.0000000 1.0000 0.33333333333333337 1.0 0.4239988207530771 []
 | 26.4211 28.7536 -24.9444 0.0297596 Cc1nc(-c2ccncc2)cc(=O)n1Cc1ccc(Cl)cc1 1 O=c1cc(-c2ccncc2)ncn1Cc1ccccc1 0.1950000 0.1950 0.2280126 0.2280 0.0000000 0.0000 0.8133167 0.8133 1.0000000 1.0000 1.0000000 311.7720 0.5241733 2.0507 1.0000000 1.0000 1.0 1.0 0.3962007067131506 []
 | 30.3724 37.6709 26.5983 0.5021031 CCC(CC(C)(C)C)NC(=O)[C@H](Cc1ccccc1)NC(=O)OCC1c2ccccc2-c2ccccc21 1 O=C(NCCc1ccccc1)OCC1c2ccccc2-c2ccccc21 0.2600000 0.2600 0.3191725 0.3192 0.6666667 0.6667 0.6808275 0.6808 0.5000000 0.5000 1.0000000 498.6670 0.5492644 3.1465 1.0000000 1.0000 0.33333333333333337 1.0 0.43863424398922624 []
 | 22.4072 29.0780 31.4261 0.4726880 CNCc1ccccc1-c1ccc(NC(=O)Nc2ccccc2)cc1 1 O=C(Nc1ccccc1)Nc1ccc(-c2ccccc2)cc1 0.2850000 0.2850 0.2819419 0.2819 0.3333333 0.3333 0.7180581 0.7181 1.0000000 1.0000 1.0000000 331.4190 0.5161796 1.7029 1.0000000 1.0000 0.6666666666666667 1.0 0.4514144437210666 []
 | 27.7163 30.4216 26.7942 0.4469987 O=C(NCc1cnc[nH]1)c1noc2c1CCCCC2 1 O=C(NCc1cnc[nH]1)c1noc2c1CCCCC2 0.2700000 0.2700 0.2045983 0.2046 0.3333333 0.3333 0.8170017 0.8170 1.0000000 1.0000 1.0000000 260.2970 0.5368144 2.6017 1.0000000 1.0000 0.6666666666666667 1.0 0.4439594576084622 []
 | 21.3972 25.9479 -25.9479 0.0000000 COCc1cccc(NC(=O)NCc2ccc(N)cc2)c1 1 O=C(NCc1ccccc1)Nc1ccccc1 0.2400000 0.2400 0.3134578 0.3135 0.3333333 0.3333 0.7140686 0.7141 1.0000000 1.0000 1.0000000 285.3470 0.5178900 1.7773 1.0000000 1.0000 0.6666666666666667 1.0 0.4270831300812524 []
20:52:38 <INFO> Score: 0.39 Agent NLL: 26.29 Valid: 100% Step: 99
 | Agent Prior Target Score SMILES SMILES_state Scaffold predicted_activity predicted_activity (raw) training_similarity training_similarity (raw) taf_consistency taf_consistency (raw) novelty novelty (raw) stereo_validity stereo_validity (raw) MW_window MW_window (raw) synthetic_feasibility synthetic_feasibility (raw) curated alerts filter curated alerts filter (raw) taf_disrupted (predicted_activity) scaffold_novelty (predicted_activity) uncertainty (predicted_activity) matchting_patterns (curated alerts filter)
 | 24.8702 29.6368 29.5666 0.4625266 Nc1cccc(C(=O)Nc2ccccc2NC(=O)c2cccnc2)c1 1 O=C(Nc1ccccc1NC(=O)c1cccnc1)c1ccccc1 0.3000000 0.3000 0.2287479 0.2287 0.3333333 0.3333 0.7808013 0.7808 1.0000000 1.0000 1.0000000 332.3630 0.5191811 1.8334 1.0000000 1.0000 0.6666666666666667 1.0 0.458257569495584 []
 | 24.6769 27.7409 31.7754 0.4649715 CC(C)(C)c1nnc2n1CCN(C(=O)Nc1ccc(Br)cc1)C2 1 O=C(Nc1ccccc1)N1CCn2cnnc2C1 0.1850000 0.1850 0.2093024 0.2093 0.6666667 0.6667 0.8329462 0.8329 1.0000000 1.0000 1.0000000 378.2740 0.5326865 2.4216 1.0000000 1.0000 0.33333333333333337 1.0 0.38829756630707846 []
 | 26.7934 32.2167 31.9603 0.5013827 COc1ccc(CNc2cc(C(=O)Nc3cccc(C#N)c3)ccn2)cc1OC 1 O=C(Nc1ccccc1)c1ccnc(NCc2ccccc2)c1 0.2200000 0.2200 0.2754307 0.2754 0.6666667 0.6667 0.7561569 0.7562 1.0000000 1.0000 1.0000000 388.4270 0.5248382 2.0796 1.0000000 1.0000 0.33333333333333337 1.0 0.41424630354415964 []
 | 21.5274 28.3218 28.3984 0.4431267 Cc1cc(CNCc2cncc(Br)c2)cnc1C 1 c1cncc(CNCc2cccnc2)c1 0.1800000 0.1800 0.1656473 0.1656 0.6666667 0.6667 0.8546904 0.8547 1.0000000 1.0000 1.0000000 306.2070 0.5307794 2.3384 1.0000000 1.0000 0.33333333333333337 1.0 0.38418745424597095 []
 | 22.0012 27.2359 28.4556 0.4350891 CC(C)(C)c1ccccc1NCCC(=O)Nc1ccccc1[N+](=O)[O-] 1 O=C(CCNc1ccccc1)Nc1ccccc1 0.2300000 0.2300 0.2143465 0.2143 0.3333333 0.3333 0.7946015 0.7946 1.0000000 1.0000 1.0000000 341.4110 0.5233232 2.0137 1.0000000 1.0000 0.6666666666666667 1.0 0.4208325082500163 []
 | 29.0355 33.7841 24.0356 0.4517166 Cc1ccccc1-n1cncc1C(=O)NCCc1ccccc1Cl 1 O=C(NCCc1ccccc1)c1cncn1-c1ccccc1 0.2750000 0.2750 0.2190343 0.2190 0.3333333 0.3333 0.7818462 0.7818 1.0000000 1.0000 1.0000000 339.8260 0.5262481 2.1410 1.0000000 1.0000 0.6666666666666667 1.0 0.44651427748729383 []
 | 20.7269 29.5574 30.9812 0.4729583 O=C(NCc1ccccc1)[C@@H]1CCCCN1CCN1CCNCC1 1 O=C(NCc1ccccc1)C1CCCCN1CCN1CCNCC1 0.2550000 0.2550 0.3185930 0.3186 0.3333333 0.3333 0.6814070 0.6814 1.0000000 1.0000 1.0000000 330.4760 0.5352938 2.5353 1.0000000 1.0000 0.6666666666666667 1.0 0.43586121644395015 []
 | 24.4060 30.4270 35.3508 0.5138894 CN[C@@H](Cc1ccccc1)c1cccc(OC)c1Br 1 c1ccc(CCc2ccccc2)cc1 0.2250000 0.2250 0.3167782 0.3168 0.6666667 0.6667 0.6943265 0.6943 1.0000000 1.0000 1.0000000 320.2300 0.5337667 2.4687 1.0000000 1.0000 0.33333333333333337 1.0 0.41758232721225164 []
 | 29.1179 35.6329 23.2083 0.4596970 Cc1ccc(-c2ccc(N)cc2)cc1S(=O)(=O)Nc1cccc(C#N)c1 1 O=S(=O)(Nc1ccccc1)c1cccc(-c2ccccc2)c1 0.2100000 0.2100 0.1709352 0.1709 0.6666667 0.6667 0.8746469 0.8746 1.0000000 1.0000 1.0000000 363.4420 0.5242246 2.0529 1.0000000 1.0000 0.33333333333333337 1.0 0.4073082370883261 []
 | 27.6102 36.9493 21.9447 0.4601097 COc1ccccc1NC(=O)c1cccc(CSc2ccc(C(N)=O)cc2)n1 1 O=C(Nc1ccccc1)c1cccc(CSc2ccccc2)n1 0.2300000 0.2300 0.2918070 0.2918 0.3333333 0.3333 0.7651443 0.7651 1.0000000 1.0000 1.0000000 393.4680 0.5245199 2.0657 1.0000000 1.0000 0.6666666666666667 1.0 0.4208325082500163 []
20:52:39 <INFO> Sampled SMILES c1c(C(Nc2c(NS(c3ccc(cc3)Cl)(=O)=O)ccccc2)=O)cc(c(c1)Cl)Br failed to sanitize.
20:52:39 <INFO> Sampled SMILES c1cc(ccc1C(Nc1c(n(ncc1NC(=O)OC(C)(C)C)C)C)=O)OCc1ccccc1 failed to sanitize.
20:52:39 <INFO> Sampled SMILES c1c(NC(Nc2c(Br)cccc2)=O)c(cccc1)C#N failed to sanitize.
20:52:39 <INFO> Sampled SMILES CC(NC(c1c(n(-c2ccccc2)nc(c1)C(C)(C)C)C)=O)CNC(c1occc1)=O failed to sanitize.
20:52:39 <INFO> Sampled SMILES c1n(C)c2c(cccc2)c1CNc1c2c(n(C(O)=O)ccc2C)nc(c1)NC(c1ccccc1)=O failed to sanitize.
20:52:39 <INFO> Sampled SMILES c1n2c(nc(-c3cc(CC)ccc3)cc2CNC(=O)Nc2ccccc2)ccc1 failed to sanitize.
20:52:42 <INFO> Score: 0.36 Agent NLL: 25.22 Valid:  91% Step: 100
 | Agent Prior Target Score SMILES SMILES_state Scaffold predicted_activity predicted_activity (raw) training_similarity training_similarity (raw) taf_consistency taf_consistency (raw) novelty novelty (raw) stereo_validity stereo_validity (raw) MW_window MW_window (raw) synthetic_feasibility synthetic_feasibility (raw) curated alerts filter curated alerts filter (raw) taf_disrupted (predicted_activity) scaffold_novelty (predicted_activity) uncertainty (predicted_activity) matchting_patterns (curated alerts filter)
 | 28.6770 34.7507 23.9934 0.4589380 O=C(Nc1ncc(-c2ccccc2)cn1)c1ccc2c(n1)CCNC2 1 O=C(Nc1ncc(-c2ccccc2)cn1)c1ccc2c(n1)CCNC2 0.2700000 0.2700 0.2450715 0.2451 0.3333333 0.3333 0.7549285 0.7549 1.0000000 1.0000 1.0000000 331.3790 0.5326195 2.4187 1.0000000 1.0000 0.6666666666666667 1.0 0.4439594576084623 []
 | 25.1510 27.9090 38.2895 0.5171761 O=C(NCc1ccccc1)[C@H]1CCCN(C(=O)c2cccc(Br)c2)C1 1 O=C(NCc1ccccc1)C1CCCN(C(=O)c2ccccc2)C1 0.2550000 0.2550 0.2861466 0.2861 0.6666667 0.6667 0.7152526 0.7153 1.0000000 1.0000 1.0000000 401.3040 0.5282863 2.2298 1.0000000 1.0000 0.33333333333333337 1.0 0.43586121644395015 []
 | 28.1643 29.2305 26.1370 0.4325589 Cc1cc(N)cc(-c2noc(-c3ccc(Br)s3)n2)c1 1 c1ccc(-c2noc(-c3cccs3)n2)cc1 0.2050000 0.2050 0.1250391 0.1250 0.6666667 0.6667 0.8947004 0.8947 1.0000000 1.0000 1.0000000 336.2140 0.5337520 2.4681 1.0000000 1.0000 0.33333333333333337 1.0 0.40370162248868907 []
 | 35.2042 37.3175 18.8513 0.4388184 Cc1ccc(CNc2nc3ccccc3s2)c(=O)n1Cc1cccc(F)c1 1 O=c1c(CNc2nc3ccccc3s2)cccn1Cc1ccccc1 0.2200000 0.2200 0.2359733 0.2360 0.3333333 0.3333 0.7741806 0.7742 1.0000000 1.0000 1.0000000 379.4600 0.5293497 2.2761 1.0000000 1.0000 0.6666666666666667 1.0 0.41424630354415964 []
 | 34.7187 41.4507 21.7394 0.4936729 CCOc1c(F)ccc(NC(=O)CCC(=O)OC(C)(C)C)c1Oc1ccccc1 1 c1ccc(Oc2ccccc2)cc1 0.2150000 0.2150 0.2614261 0.2614 0.6666667 0.6667 0.7416587 0.7417 1.0000000 1.0000 1.0000000 403.4500 0.5293413 2.2757 1.0000000 1.0000 0.33333333333333337 1.0 0.41082234603292944 []
 | 24.3077 32.0295 27.3354 0.4637880 CN(C)c1noc(CNc2cccc(C(N)=O)n2)n1 1 c1ccc(NCc2ncno2)nc1 0.2650000 0.2650 0.2588415 0.2588 0.3333333 0.3333 0.7746255 0.7746 1.0000000 1.0000 1.0000000 262.2730 0.5388467 2.6905 1.0000000 1.0000 0.6666666666666667 1.0 0.4413332074521472 []
 | 24.6988 29.9060 32.2630 0.4856953 O=C(COC(=O)c1cccnc1Sc1ccccc1)Nc1ccccc1Oc1ccccc1 1 O=C(COC(=O)c1cccnc1Sc1ccccc1)Nc1ccccc1Oc1ccccc1 0.2000000 0.2000 0.2587987 0.2588 0.6666667 0.6667 0.7442552 0.7443 1.0000000 1.0000 1.0000000 456.5230 0.5250793 2.0901 1.0000000 1.0000 0.33333333333333337 1.0 0.4 []
 | 31.2759 41.5647 14.5571 0.4384512 O=Cc1cccn1-c1ccc(F)c(C(=O)Nc2ccccc2F)n1 1 O=C(Nc1ccccc1)c1cccc(-n2cccc2)n1 0.2550000 0.2550 0.1982726 0.1983 0.3333333 0.3333 0.8017274 0.8017 1.0000000 1.0000 1.0000000 327.2900 0.5342481 2.4897 1.0000000 1.0000 0.6666666666666667 1.0 0.43586121644395015 []
 | 24.0464 23.2355 -23.2355 0.0000000 CCCNCCNC(=O)c1ccc(Br)cc1F 1 c1ccccc1 0.2550000 0.2550 0.2535463 0.2535 0.6666667 0.6667 0.7642977 0.7643 1.0000000 1.0000 1.0000000 303.1750 0.5209939 1.9123 1.0000000 1.0000 0.33333333333333337 1.0 0.43586121644395015 []
 | 38.0616 44.9798 -44.9798 0.0000000 c1c(C(Nc2c(NS(c3ccc(cc3)Cl)(=O)=O)ccccc2)=O)cc(c(c1)Cl)Br 0 -- 0.0000000 0.0000 0.0000000 0.0000 0.0000000 0.0000 0.0000000 0.0000 0.0000000 0.0000 0.0000000 0.0000 0.0000000 0.0000 0.0000000 0.0000 None None None None
20:52:42 <WARN> Maximum number of steps of 100 reached in stage 1. Terminating all stages.
20:52:42 <INFO> Peak main memory usage: 2102.430 MiB
20:52:42 <INFO> Peak reserved GPU memory usage: 1266.000 MiB
20:52:42 <INFO> Finished REINVENT on 2026-09-14
