21:12:15 <INFO> Started REINVENT 4.8.24 (C) AstraZeneca 2017, 2023 on 2026-09-14
21:12:15 <INFO> Command line: /cluster/home/nbhatt04/Low-data-alpah9alpah10-r01-ligand-based/project/venvs/reinvent312/bin/reinvent /cluster/home/nbhatt04/Low-data-alpah9alpah10-r01-ligand-based/project/reinvent/configs/information_gain_staged_learning.toml
21:12:16 <INFO> Reading run configuration from /cluster/home/nbhatt04/Low-data-alpah9alpah10-r01-ligand-based/project/reinvent/configs/information_gain_staged_learning.toml using format toml
21:12:16 <INFO> User nbhatt04 on host pax063
21:12:16 <INFO> Python version 3.11.16
21:12:16 <INFO> PyTorch version 2.12.0+cu126 git 7661cd9c6b841b62b7f411aa52ec51f05457263b
21:12:16 <INFO> PyTorch compiled with CUDA version 12.6
21:12:16 <INFO> RDKit version 2026.03.6
21:12:16 <INFO> Platform Linux-5.14.0-570.60.1+21.1.el9_6_ciq.x86_64-x86_64-with-glibc2.34
21:12:17 <INFO> CUDA driver version 575.57.08
21:12:17 <INFO> Number of PyTorch CUDA devices 1
21:12:17 <INFO> Using GPU device:0 NVIDIA H100 PCIe
21:12:17 <INFO> GPU memory: 80622 MiB free, 81079 MiB total
21:12:17 <INFO> Writing TensorBoard summary to /cluster/home/nbhatt04/Low-data-alpah9alpah10-r01-ligand-based/project/reinvent/out/information_gain/tb_logs
21:12:17 <INFO> Writing JSON config file to /cluster/home/nbhatt04/Low-data-alpah9alpah10-r01-ligand-based/project/reinvent/out/information_gain/_information_gain.json
21:12:17 <INFO> Starting 1 stage of Reinforcement Learning
21:12:17 <ERRO> /cluster/home/nbhatt04/Low-data-alpah9alpah10-r01-ligand-based/project/priors/reinvent_pubchem.prior has invalid hash:
{ 'comments': ['test small batch size', 'TL'],
  'creation_date': 1741157561.98086,
  'date_format': 'UNIX epoch',
  'hash_id': 'cb6c8ae795fefcc07c366041382b353d',
  'hash_id_format': 'xxhash.xxh3_128_hex 3.4.1',
  'model_id': UUID('4178afaa-e86f-4baf-a5e1-2c324c401e7f'),
  'model_id_format': 'uuid.uuid4 3.10.16',
  'origina_data_source': 'PubChem 2024-06-03',
  'updates': [1741606576.2719467]}
21:12:17 <INFO> Number of network parameters: 5,880,195
21:12:17 <INFO> Network architecture:
RNN(
  (_embedding): Embedding(131, 256)
  (_rnn): LSTM(256, 512, num_layers=3, batch_first=True)
  (_linear): Linear(in_features=512, out_features=131, bias=True)
)
21:12:17 <ERRO> /cluster/home/nbhatt04/Low-data-alpah9alpah10-r01-ligand-based/project/priors/reinvent_pubchem.prior has invalid hash:
{ 'comments': ['test small batch size', 'TL'],
  'creation_date': 1741157561.98086,
  'date_format': 'UNIX epoch',
  'hash_id': 'cb6c8ae795fefcc07c366041382b353d',
  'hash_id_format': 'xxhash.xxh3_128_hex 3.4.1',
  'model_id': UUID('4178afaa-e86f-4baf-a5e1-2c324c401e7f'),
  'model_id_format': 'uuid.uuid4 3.10.16',
  'origina_data_source': 'PubChem 2024-06-03',
  'updates': [1741606576.2719467]}
21:12:17 <INFO> Number of network parameters: 5,880,195
21:12:17 <INFO> Network architecture:
RNN(
  (_embedding): Embedding(131, 256)
  (_rnn): LSTM(256, 512, num_layers=3, batch_first=True)
  (_linear): Linear(in_features=512, out_features=131, bias=True)
)
21:12:17 <INFO> Using generator Reinvent
21:12:17 <INFO> Prior read from /cluster/home/nbhatt04/Low-data-alpah9alpah10-r01-ligand-based/project/priors/reinvent_pubchem.prior
21:12:17 <INFO> Agent read from /cluster/home/nbhatt04/Low-data-alpah9alpah10-r01-ligand-based/project/priors/reinvent_pubchem.prior
21:12:17 <INFO> Using reward strategy dap
21:12:17 <INFO> Using diversity filter PenalizeSameSmiles
21:12:17 <INFO> Diversity filter memories are retained between stages
21:12:17 <WARN> Inception disabled but may speed up convergence
21:12:17 <ERRO> Component reinvent_plugins.components.OpenEye.comp_rocs could not be imported: No module named 'openeye'
21:12:17 <INFO> Registered scoring component GroupCount
21:12:17 <INFO> Registered scoring component FragmentQed
21:12:17 <INFO> Registered scoring component FragmentSlogP
21:12:17 <INFO> Registered scoring component FragmentMolecularWeight
21:12:17 <INFO> Registered scoring component FragmentTPSA
21:12:17 <INFO> Registered scoring component FragmentDistanceMatrix
21:12:17 <INFO> Registered scoring component FragmentNumAtomStereoCenters
21:12:17 <INFO> Registered scoring component FragmentHBondAcceptors
21:12:17 <INFO> Registered scoring component FragmentHBondDonors
21:12:17 <INFO> Registered scoring component FragmentNumRotBond
21:12:17 <INFO> Registered scoring component FragmentCsp3
21:12:17 <INFO> Registered scoring component Fragmentnumsp
21:12:17 <INFO> Registered scoring component Fragmentnumsp2
21:12:17 <INFO> Registered scoring component Fragmentnumsp3
21:12:17 <INFO> Registered scoring component FragmentEffectiveLength
21:12:17 <INFO> Registered scoring component FragmentGraphLength
21:12:17 <INFO> Registered scoring component FragmentLengthRatio
21:12:17 <INFO> Registered scoring component FragmentNumHeavyAtoms
21:12:17 <INFO> Registered scoring component FragmentNumHeteroAtoms
21:12:17 <INFO> Registered scoring component FragmentNumRings
21:12:17 <INFO> Registered scoring component FragmentNumAromaticRings
21:12:17 <INFO> Registered scoring component FragmentNumAliphaticRings
21:12:17 <INFO> Registered scoring component FragmentSlogP
21:12:17 <INFO> Registered scoring component MatchingSubstructure
21:12:17 <INFO> Registered scoring component MolVolume
21:12:17 <INFO> Registered scoring component Qed
21:12:17 <INFO> Registered scoring component LargestRingSize
21:12:17 <INFO> Registered scoring component MolecularWeight
21:12:17 <INFO> Registered scoring component GraphLength
21:12:17 <INFO> Registered scoring component NumAtomStereoCenters
21:12:17 <INFO> Registered scoring component HBondAcceptors
21:12:17 <INFO> Registered scoring component HBondDonors
21:12:17 <INFO> Registered scoring component NumRotBond
21:12:17 <INFO> Registered scoring component Csp3
21:12:17 <INFO> Registered scoring component numsp
21:12:17 <INFO> Registered scoring component numsp2
21:12:17 <INFO> Registered scoring component numsp3
21:12:17 <INFO> Registered scoring component NumHeavyAtoms
21:12:17 <INFO> Registered scoring component NumHeteroAtoms
21:12:17 <INFO> Registered scoring component NumRings
21:12:17 <INFO> Registered scoring component NumAromaticRings
21:12:17 <INFO> Registered scoring component NumAliphaticRings
21:12:17 <INFO> Registered scoring component SlogP
21:12:17 <INFO> Registered scoring component LargestRingSize
21:12:17 <INFO> Registered scoring component PMI
21:12:17 <INFO> Registered scoring component RDKitDescriptors
21:12:17 <INFO> Registered scoring component TanimotoSimilarity
21:12:17 <INFO> Registered scoring component TanimotoDistance
21:12:17 <INFO> Registered scoring component TPSA
21:12:17 <INFO> Registered scoring component SAScore
21:12:17 <ERRO> Component reinvent_plugins.components.comp_chemprop could not be imported: No module named 'chemprop'
21:12:17 <ERRO> Component reinvent_plugins.components.comp_chemprop2 could not be imported: No module named 'chemprop'
21:12:17 <INFO> Registered scoring component CustomAlerts
21:12:17 <INFO> Registered scoring component DockStream
21:12:17 <INFO> Registered scoring component ExternalProcess
21:12:17 <INFO> Registered scoring component REST
21:12:17 <INFO> Registered scoring component Icolos
21:12:17 <INFO> Registered scoring component MMP
21:12:17 <INFO> Registered scoring component Qptuna
21:12:17 <INFO> Registered scoring component ReactionFilter
21:12:17 <INFO> Registered scoring component RingPrecedence
21:12:17 <INFO> Registered scoring component Maize
21:12:17 <INFO> Registered scoring component SynthSense
21:12:17 <INFO> Registered scoring component CAZP
21:12:17 <INFO> Creating scoring component ExternalProcess
21:12:17 <INFO> Creating scoring component MolecularWeight
21:12:17 <INFO> Creating scoring component SAScore
21:12:17 <INFO> Creating filter component custom_alerts
21:12:17 <INFO> Writing tabular data for stage to information_gain_1.csv
21:12:17 <INFO> Starting stage 1 <<<
21:12:17 <INFO> Sampled SMILES O1C(O[C@@H]2[C@H]1CO[C@](c1ccc(c(c1)Cc1ccc(C)cc1)F)(C2)C)(c1ncccc1F)=O failed to sanitize.
21:12:17 <INFO> Sampled SMILES [C@H]1(NC(N[C@H](c2ccc(OC)cc2)C=1C(N1CCOCC1)=O)=S)c1ccccc1 failed to sanitize.
21:12:22 <INFO> Score: 0.36 Agent NLL: 37.07 Valid:  97% Step: 1
 | Agent Prior Target Score SMILES SMILES_state predicted_activity predicted_activity (raw) training_similarity training_similarity (raw) uncertainty uncertainty (raw) novelty novelty (raw) stereo_validity stereo_validity (raw) MW_window MW_window (raw) synthetic_feasibility synthetic_feasibility (raw) curated alerts filter curated alerts filter (raw) scaffold_novelty (predicted_activity) taf_disrupted (predicted_activity) taf_consistency (predicted_activity) matchting_patterns (curated alerts filter)
 | 53.7469 53.7469 -53.3079 0.0034295 O=P(c1cccc(P23(c4ccccc4Sc4ccccc42)c2ccccc2N3c2ccccc2)c1)(c1ccccc1C(F)(F)F)C(F)(F)C(F)(F)F 1 0.3550000 0.3550 0.1977186 0.1977 0.4785133 0.4785 0.8022814 0.8023 0.0000000 0.0000 0.0000000 769.6340 0.5235066 4.9784 1.0000000 1.0000 1.0 1.0 0.0 []
 | 25.7018 25.7018 40.3181 0.5157804 Cc1cc(NCc2scnc2C)nc(C(C)C)n1 1 0.2300000 0.2300 0.1667310 0.1667 0.4208325 0.4208 0.8546904 0.8547 1.0000000 1.0000 1.0000000 262.3820 0.5369197 2.6063 1.0000000 1.0000 1.0 0.6666666666666667 0.3333333333333333 []
 | 63.4676 63.4676 -63.4676 0.0000000 O1C(O[C@@H]2[C@H]1CO[C@](c1ccc(c(c1)Cc1ccc(C)cc1)F)(C2)C)(c1ncccc1F)=O 0 0.0000000 0.0000 0.0000000 0.0000 0.0000000 0.0000 0.0000000 0.0000 0.0000000 0.0000 0.0000000 0.0000 0.0000000 0.0000 0.0000000 0.0000 None None None None
 | 38.7435 38.7435 29.6497 0.5343215 CCCCCCCCc1ccc(C(=O)c2ccc(-c3nc4c(C)cccn4c3Br)cc2)cc1 1 0.2050000 0.2050 0.2982405 0.2982 0.4037016 0.4037 0.7750000 0.7750 1.0000000 1.0000 1.0000000 503.4840 0.5310163 2.3488 1.0000000 1.0000 1.0 0.6666666666666667 0.3333333333333333 []
 | 24.7287 24.7287 -3.4056 0.1665864 CCOc1ccc(C(=O)CC(C)Cl)cc1 1 0.2150000 0.2150 0.3394673 0.3395 0.4108223 0.4108 0.7095263 0.7095 0.0000000 0.0000 1.0000000 226.7030 0.5310783 2.3515 1.0000000 1.0000 1.0 1.0 0.0 []
 | 32.7345 32.7345 -13.7486 0.1483274 CCC1(CC)NC(=O)CCN(CC2CCCC(C)(O)C2)C1=O 1 0.1150000 0.1150 0.3146266 0.3146 0.3190219 0.3190 0.7522832 0.7523 0.0000000 0.0000 1.0000000 310.4380 0.5515425 3.7536 1.0000000 1.0000 1.0 0.6666666666666667 0.3333333333333333 []
 | 31.4922 31.4922 36.4254 0.5306066 CCN(C(=NC(=O)OC(C)(C)C)NC(=O)OC(C)(C)C)c1ccc(F)c(F)c1 1 0.2450000 0.2450 0.2015810 0.2016 0.4300872 0.4301 0.8155338 0.8155 1.0000000 1.0000 1.0000000 399.4380 0.5406763 2.7705 1.0000000 1.0000 1.0 0.33333333333333337 0.6666666666666666 []
 | 40.5438 40.5438 22.2043 0.4902198 CC(=O)O[C@@H]1C=C[C@@]2(C)[C@@H]3C=C[C@@H](O3)[C@]2(C)C1 1 0.1350000 0.1350 0.3283948 0.3284 0.3417236 0.3417 0.7139612 0.7140 1.0000000 1.0000 1.0000000 234.2950 0.5086695 5.6235 1.0000000 1.0000 1.0 0.6666666666666667 0.3333333333333333 []
 | 25.4749 25.4749 -24.2662 0.0094429 C[C@@H]1CCC[C@](C)(CO)[C@H]1C 1 0.1150000 0.1150 0.2797514 0.2798 0.3190219 0.3190 0.7715839 0.7716 1.0000000 1.0000 0.0000000 156.2690 0.5517144 3.7460 1.0000000 1.0000 1.0 0.6666666666666667 0.3333333333333333 []
 | 24.1103 24.1103 43.0270 0.5245102 NCc1ccn(CCc2cccs2)c1 1 0.2350000 0.2350 0.2034334 0.2034 0.4239988 0.4240 0.7965666 0.7966 1.0000000 1.0000 1.0000000 206.3140 0.5343523 2.4943 1.0000000 1.0000 1.0 0.6666666666666667 0.3333333333333333 []
21:12:23 <INFO> Sampled SMILES C(c1c(c(n2c(c1C(=O)OC)c(c1ccccc1o2)=O)C(=O)c1ccc2c(cccc2)c1)-c1ccccc1)(=O)c1ccccc1 failed to sanitize.
21:12:26 <INFO> Score: 0.36 Agent NLL: 33.49 Valid:  98% Step: 2
 | Agent Prior Target Score SMILES SMILES_state predicted_activity predicted_activity (raw) training_similarity training_similarity (raw) uncertainty uncertainty (raw) novelty novelty (raw) stereo_validity stereo_validity (raw) MW_window MW_window (raw) synthetic_feasibility synthetic_feasibility (raw) curated alerts filter curated alerts filter (raw) scaffold_novelty (predicted_activity) taf_disrupted (predicted_activity) taf_consistency (predicted_activity) matchting_patterns (curated alerts filter)
 | 33.1380 32.9851 -12.3773 0.1609979 O=C(CCc1nc(-c2ccccc2)c(-c2ccccc2)o1)N1CCC(C2CCCO2)CC1 1 0.1900000 0.1900 0.2960685 0.2961 0.3923009 0.3923 0.7264236 0.7264 0.0000000 0.0000 1.0000000 430.5480 0.5426799 2.8581 1.0000000 1.0000 1.0 1.0 0.0 []
 | 29.5004 29.3034 38.7276 0.5314921 CC(C)Oc1ccc(CNc2ccccc2N(C)C)cn1 1 0.2300000 0.2300 0.2599376 0.2599 0.4208325 0.4208 0.7400624 0.7401 1.0000000 1.0000 1.0000000 285.3910 0.5260794 2.1336 1.0000000 1.0000 1.0 0.6666666666666667 0.3333333333333333 []
 | 24.1105 24.3233 44.5840 0.5383383 CC[C@@H](N)c1nc(-c2cccnc2)cs1 1 0.2450000 0.2450 0.2342606 0.2343 0.4300872 0.4301 0.7937605 0.7938 1.0000000 1.0000 1.0000000 219.3130 0.5401304 2.7466 1.0000000 1.0000 1.0 0.6666666666666667 0.3333333333333333 []
 | 28.1618 28.1464 -28.1464 0.0000000 CNCc1nnc(SCC(=O)NNC(=O)c2ccccc2)o1 1 0.0000000 0.0000 0.0000000 0.0000 0.0000000 0.0000 0.0000000 0.0000 0.0000000 0.0000 0.0000000 0.0000 0.0000000 0.0000 0.0000000 0.0000 None None None ['[#7;!n][#7;!n]']
 | 22.7986 22.9591 -21.5632 0.0109061 C[C@H](O)[C@H](O)[C@H](O)C=O 1 0.1900000 0.1900 0.4000000 0.4000 0.3923009 0.3923 0.7790291 0.7790 1.0000000 1.0000 0.0000000 134.1310 0.5484792 3.8879 1.0000000 1.0000 1.0 0.6666666666666667 0.3333333333333333 []
 | 35.0827 35.0700 33.8179 0.5381866 CC#CC#CC#CC#CC#CCCCOc1ccc(C#CCCCO)cc1 1 0.2050000 0.2050 0.3098899 0.3099 0.4037016 0.4037 0.7642977 0.7643 1.0000000 1.0000 1.0000000 352.4330 0.5549137 3.3945 1.0000000 1.0000 1.0 0.33333333333333337 0.6666666666666666 []
 | 23.9305 23.6576 -23.2641 0.0030744 C/C=C/C1CCSCC1=O 1 0.1600000 0.1600 0.2562051 0.2562 0.3666061 0.3666 0.7809110 0.7809 0.0000000 0.0000 0.0000000 156.2500 0.5419415 4.1742 1.0000000 1.0000 1.0 1.0 0.0 []
 | 29.3064 29.1903 36.1525 0.5104907 CC(=O)Oc1cc(OC(C)=O)c(C(=O)O)s1 1 0.1800000 0.1800 0.2347869 0.2348 0.3841875 0.3842 0.8101684 0.8102 1.0000000 1.0000 1.0000000 244.2240 0.5397561 2.7302 1.0000000 1.0000 1.0 1.0 0.0 []
 | 28.3012 28.4457 39.7276 0.5326044 CC1(C)C(C)(C)C1(Cc1ccc(Br)cc1Cl)C(=O)O 1 0.2100000 0.2100 0.2654659 0.2655 0.4073082 0.4073 0.7996727 0.7997 1.0000000 1.0000 1.0000000 345.6640 0.5403423 2.7559 1.0000000 1.0000 1.0 0.6666666666666667 0.3333333333333333 []
 | 37.8004 37.8619 34.6678 0.5666378 Cc1cc(O)c(C(=O)NCCP(=O)(Oc2ccccc2)Oc2ccccc2)cc1C 1 0.3100000 0.3100 0.3119251 0.3119 0.4624932 0.4625 0.6880749 0.6881 1.0000000 1.0000 1.0000000 425.4210 0.5326257 2.4189 1.0000000 1.0000 1.0 0.6666666666666667 0.3333333333333333 []
21:12:26 <INFO> Sampled SMILES c1ccc(-c2nc(c3n(c2=CC)nccc3)=C)cc1 failed to sanitize.
21:12:30 <INFO> Score: 0.41 Agent NLL: 33.71 Valid:  98% Step: 3
 | Agent Prior Target Score SMILES SMILES_state predicted_activity predicted_activity (raw) training_similarity training_similarity (raw) uncertainty uncertainty (raw) novelty novelty (raw) stereo_validity stereo_validity (raw) MW_window MW_window (raw) synthetic_feasibility synthetic_feasibility (raw) curated alerts filter curated alerts filter (raw) scaffold_novelty (predicted_activity) taf_disrupted (predicted_activity) taf_consistency (predicted_activity) matchting_patterns (curated alerts filter)
 | 34.2375 34.3112 32.7732 0.5240972 COc1ccc(C(=O)Nc2ncnc3c2c(-c2ccccc2)nn3C2CCCCC2)cc1 1 0.2050000 0.2050 0.2750095 0.2750 0.4037016 0.4037 0.7363752 0.7364 1.0000000 1.0000 1.0000000 427.5080 0.5296890 2.2909 1.0000000 1.0000 1.0 0.6666666666666667 0.3333333333333333 []
 | 26.0305 26.0001 39.4688 0.5114761 CCOc1ccc(C(=O)N(C)CC(=O)N(CC)CC)cc1OCC 1 0.1850000 0.1850 0.2535463 0.2535 0.3882976 0.3883 0.7642977 0.7643 1.0000000 1.0000 1.0000000 336.4320 0.5240446 2.0450 1.0000000 1.0000 1.0 1.0 0.0 []
 | 30.1068 30.6549 -10.0401 0.1610531 Cc1ccc(N2CCC(NC(=O)c3ccc(Cl)cc3)C2)cn1 1 0.2000000 0.2000 0.2558140 0.2558 0.4000000 0.4000 0.7772616 0.7773 0.0000000 0.0000 1.0000000 315.8040 0.5320401 2.3934 1.0000000 1.0000 1.0 0.6666666666666667 0.3333333333333333 []
 | 43.9163 44.1839 24.5121 0.5366874 CCCc1cc(CC(C)C)c2ncn(Cc3ccc(C(N)=O)cc3F)c(=O)c2c1 1 0.2400000 0.2400 0.2613021 0.2613 0.4270831 0.4271 0.7386979 0.7387 1.0000000 1.0000 1.0000000 395.4780 0.5345975 2.5050 1.0000000 1.0000 1.0 0.6666666666666667 0.3333333333333333 []
 | 28.4621 27.8329 -26.6213 0.0094653 CCCCCCCCCCCCCCCCCCCCCCCC(=O)O[C@@H](COC(=O)CCCCCCCCCCCC(C)C)COC(=O)CCCCCCCCCCC(C)C 1 0.1150000 0.1150 0.3106304 0.3106 0.3190219 0.3190 0.7230442 0.7230 1.0000000 1.0000 0.0000000 877.4740 0.5520576 3.2691 1.0000000 1.0000 1.0 0.6666666666666667 0.3333333333333333 []
 | 29.7021 30.2857 36.8036 0.5241350 O=C(O)c1cc2cccc(F)c2n1-c1ccc(F)c(Cl)c1 1 0.2450000 0.2450 0.1866833 0.1867 0.4300872 0.4301 0.8133167 0.8133 1.0000000 1.0000 1.0000000 307.6830 0.5305723 2.3294 1.0000000 1.0000 1.0 1.0 0.0 []
 | 30.8928 30.6780 40.6073 0.5569162 Cc1c(C(=O)OCC(=O)N[C@@H](C)c2cccc(Cl)c2)sc2ccccc12 1 0.2950000 0.2950 0.2600255 0.2600 0.4560428 0.4560 0.7467749 0.7468 1.0000000 1.0000 1.0000000 387.8880 0.5339108 2.4750 1.0000000 1.0000 1.0 0.33333333333333337 0.6666666666666666 []
 | 51.2161 51.3400 6.6813 0.4532912 C=C[C@@]1(C)CC[C@@H]2C[C@@H](OC(C)=O)[C@@]3(C)CC[C@@H]4O[C@]43[C@@]2(O)C1 1 0.0900000 0.0900 0.3223719 0.3224 0.2861818 0.2862 0.7308091 0.7308 1.0000000 1.0000 1.0000000 320.4290 0.5132222 5.4256 1.0000000 1.0000 1.0 0.33333333333333337 0.6666666666666666 []
 | 37.6330 36.9999 -36.9999 0.0000000 c1ccc(-c2nc(c3n(c2=CC)nccc3)=C)cc1 0 0.0000000 0.0000 0.0000000 0.0000 0.0000000 0.0000 0.0000000 0.0000 0.0000000 0.0000 0.0000000 0.0000 0.0000000 0.0000 0.0000000 0.0000 None None None None
 | 32.4055 32.2144 37.6813 0.5460604 CCOCCOC(=O)c1ccccc1NC(=O)c1ccc(OCC)c(Br)c1 1 0.2550000 0.2550 0.2927700 0.2928 0.4358612 0.4359 0.7152526 0.7153 1.0000000 1.0000 1.0000000 436.3020 0.5222263 1.9659 1.0000000 1.0000 1.0 0.0 1.0 []
21:12:34 <INFO> Score: 0.36 Agent NLL: 33.05 Valid: 100% Step: 4
 | Agent Prior Target Score SMILES SMILES_state predicted_activity predicted_activity (raw) training_similarity training_similarity (raw) uncertainty uncertainty (raw) novelty novelty (raw) stereo_validity stereo_validity (raw) MW_window MW_window (raw) synthetic_feasibility synthetic_feasibility (raw) curated alerts filter curated alerts filter (raw) scaffold_novelty (predicted_activity) taf_disrupted (predicted_activity) taf_consistency (predicted_activity) matchting_patterns (curated alerts filter)
 | 29.1521 29.5787 38.1007 0.5287451 COC(=O)c1csc(-c2ccccc2)[n+]1C 1 0.2150000 0.2150 0.2695819 0.2696 0.4108223 0.4108 0.7384428 0.7384 1.0000000 1.0000 1.0000000 234.3000 0.5402981 2.7539 1.0000000 1.0000 1.0 0.6666666666666667 0.3333333333333333 []
 | 30.6277 30.6272 -29.3522 0.0099609 c1ccc(-c2nc(-c3ccccc3)nc(-c3ccccc3-n3c4ccccc4c4cc5c(cc43)-c3ccccc3C5)n2)cc1 1 0.2000000 0.2000 0.1648086 0.1648 0.4000000 0.4000 0.8512955 0.8513 1.0000000 1.0000 0.0000000 562.6760 0.5374786 2.6307 1.0000000 1.0000 1.0 1.0 0.0 []
 | 29.9861 30.2603 36.7482 0.5235037 CCCCCCCCCC/C=C\C=C\C(=O)c1ccc(C(=O)O)cc1 1 0.1850000 0.1850 0.3060282 0.3060 0.3882976 0.3883 0.7574644 0.7575 1.0000000 1.0000 1.0000000 342.4790 0.5277786 2.2077 1.0000000 1.0000 1.0 1.0 0.0 []
 | 34.6094 34.6473 -13.7789 0.1630341 NC1=Nc2ccc(C(=O)O)cc2OCC1F 1 0.2100000 0.2100 0.2507061 0.2507 0.4073082 0.4073 0.7837838 0.7838 0.0000000 0.0000 1.0000000 224.1910 0.5541652 3.3616 1.0000000 1.0000 1.0 0.6666666666666667 0.3333333333333333 []
 | 48.4794 48.8558 21.8463 0.5523603 CCCCC(=O)NCc1cc(C#N)ccc1-c1ncc(-c2ccc(O)cc2O)[nH]1 1 0.2600000 0.2600 0.2710524 0.2711 0.4386342 0.4386 0.7803126 0.7803 1.0000000 1.0000 1.0000000 390.4430 0.5375503 2.6339 1.0000000 1.0000 1.0 0.33333333333333337 0.6666666666666666 []
 | 26.2480 25.9489 45.8100 0.5606165 O=C(Cc1ccccc1)Nc1ccccc1C(=O)NC1CCCCCC1 1 0.2850000 0.2850 0.3685487 0.3685 0.4514144 0.4514 0.6314513 0.6315 1.0000000 1.0000 1.0000000 350.4620 0.5165663 1.7197 1.0000000 1.0000 1.0 0.6666666666666667 0.3333333333333333 []
 | 26.2331 26.2144 40.9479 0.5247050 O=CNC(=O)[C@@H](O)[C@@H](O)[C@H](O)[C@H](O)CO 1 0.2050000 0.2050 0.2800000 0.2800 0.4037016 0.4037 0.7200000 0.7200 1.0000000 1.0000 1.0000000 223.1810 0.5432590 4.1166 1.0000000 1.0000 1.0 0.6666666666666667 0.3333333333333333 []
 | 28.2148 28.4541 37.9826 0.5190368 CCOc1ccc(F)cc1-c1c(C(=O)O)nnn1C 1 0.2000000 0.2000 0.2588415 0.2588 0.4000000 0.4000 0.7463269 0.7463 1.0000000 1.0000 1.0000000 265.2440 0.5313562 2.3636 1.0000000 1.0000 1.0 1.0 0.0 []
 | 42.2815 42.5787 25.7576 0.5338776 CCCN1C(=O)[C@@H](NC(=O)Cc2ccc(C)nc2)[C@@H](C)[C@@H]1c1ccc(Cl)cc1 1 0.2100000 0.2100 0.2975358 0.2975 0.4073082 0.4073 0.7315376 0.7315 1.0000000 1.0000 1.0000000 399.9220 0.5557257 3.4302 1.0000000 1.0000 1.0 0.6666666666666667 0.3333333333333333 []
 | 25.9340 26.1395 40.9635 0.5242425 CCOCCCn1c(-c2ccncc2)nc2ccccc2c1=O 1 0.2050000 0.2050 0.2825290 0.2825 0.4037016 0.4037 0.7273751 0.7274 1.0000000 1.0000 1.0000000 309.3690 0.5243712 2.0593 1.0000000 1.0000 1.0 1.0 0.0 []
21:12:34 <INFO> Sampled SMILES c12cccc3CN(C(=O)CSc4sc(nn4)NCC(F)(F)F)Cc2cnc1s3 failed to sanitize.
21:12:34 <INFO> Sampled SMILES c1(O)cc2C(C)CN(Cc2cc1)Cc1c(ccc2c1=C(O)CCC=2)=CC#N failed to sanitize.
21:12:34 <INFO> Sampled SMILES C1c2c(N(C)C(=O)SC2SCC)ccc1 failed to sanitize.
21:12:38 <INFO> Score: 0.32 Agent NLL: 35.26 Valid:  95% Step: 5
 | Agent Prior Target Score SMILES SMILES_state predicted_activity predicted_activity (raw) training_similarity training_similarity (raw) uncertainty uncertainty (raw) novelty novelty (raw) stereo_validity stereo_validity (raw) MW_window MW_window (raw) synthetic_feasibility synthetic_feasibility (raw) curated alerts filter curated alerts filter (raw) scaffold_novelty (predicted_activity) taf_disrupted (predicted_activity) taf_consistency (predicted_activity) matchting_patterns (curated alerts filter)
 | 50.3161 50.2849 18.9981 0.5412736 CCNC(=O)c1cc(S(=O)(=O)Nc2cc(-c3cccc4c(C(N)=O)cccc34)ccc2C)ccc1Cl 1 0.2800000 0.2800 0.1997535 0.1998 0.4489989 0.4490 0.8143047 0.8143 1.0000000 1.0000 1.0000000 522.0260 0.5304168 2.3226 1.0000000 1.0000 1.0 0.6666666666666667 0.3333333333333333 []
 | 28.3229 28.8408 -9.4982 0.1511140 CCc1nnc(CN(C)C(=O)C2CCCCN2)o1 1 0.1400000 0.1400 0.2592725 0.2593 0.3469870 0.3470 0.7763932 0.7764 0.0000000 0.0000 1.0000000 252.3180 0.5471051 3.0518 1.0000000 1.0000 1.0 0.6666666666666667 0.3333333333333333 []
 | 35.5916 35.6046 27.9289 0.4963558 COc1ncc(C(=O)N2CCCN(C)C[C@@H]2c2nccn2C)cn1 1 0.1500000 0.1500 0.2501564 0.2502 0.3570714 0.3571 0.7949774 0.7950 1.0000000 1.0000 1.0000000 330.3920 0.5500883 3.1826 1.0000000 1.0000 1.0 1.0 0.0 []
 | 27.7967 27.8439 -8.3587 0.1522280 CCNC(c1ccccc1OCC1CC1)C1(CC)CCCC1 1 0.1200000 0.1200 0.3659625 0.3660 0.3249615 0.3250 0.7463269 0.7463 0.0000000 0.0000 1.0000000 301.4740 0.5492809 3.1472 1.0000000 1.0000 1.0 0.6666666666666667 0.3333333333333333 []
 | 36.7141 37.4682 27.0226 0.5038346 CCC/C=C\C=C\C(=O)O[C@@H]1[C@H](O)[C@@H](CO)O[C@H]1n1cnc2c(N)ncnc21 1 0.1450000 0.1450 0.3352793 0.3353 0.3521008 0.3521 0.7283928 0.7284 1.0000000 1.0000 1.0000000 389.4120 0.5451697 4.0329 1.0000000 1.0000 1.0 0.33333333333333337 0.6666666666666666 []
 | 42.8863 44.6752 -44.6752 0.0000000 c12cccc3CN(C(=O)CSc4sc(nn4)NCC(F)(F)F)Cc2cnc1s3 0 0.0000000 0.0000 0.0000000 0.0000 0.0000000 0.0000 0.0000000 0.0000 0.0000000 0.0000 0.0000000 0.0000 0.0000000 0.0000 0.0000000 0.0000 None None None None
 | 45.5417 46.0364 -44.6757 0.0106300 CS(=O)(=O)NCc1cccc(CN2CN(Cc3ccc(F)cc3)CN(c3ccc(OC(F)(F)F)cc3)C2=O)c1 1 0.2350000 0.2350 0.2399520 0.2400 0.4239988 0.4240 0.7895087 0.7895 1.0000000 1.0000 0.0000000 566.5770 0.5391102 2.7020 1.0000000 1.0000 1.0 0.6666666666666667 0.3333333333333333 []
 | 27.0113 26.8633 42.5370 0.5421893 O=C(O)C=Cc1ccc(CSc2ccccc2Cl)o1 1 0.2550000 0.2550 0.2632491 0.2632 0.4358612 0.4359 0.7367509 0.7368 1.0000000 1.0000 1.0000000 294.7590 0.5292110 2.2701 1.0000000 1.0000 1.0 1.0 0.0 []
 | 29.6322 29.5816 -8.6774 0.1633137 O=C(NCCC(=O)N1CCC2(CCOC2)C1)c1ccc(Cl)cc1 1 0.2250000 0.2250 0.2224420 0.2224 0.4175823 0.4176 0.8081596 0.8082 0.0000000 0.0000 1.0000000 336.8190 0.5496557 3.1637 1.0000000 1.0000 1.0 0.6666666666666667 0.3333333333333333 []
 | 27.2152 26.6291 -26.2437 0.0030106 C1=NC2C=C(C2)S1 1 0.1850000 0.1850 0.1622214 0.1622 0.3882976 0.3883 0.8743438 0.8743 0.0000000 0.0000 0.0000000 111.1690 0.4955133 6.1949 1.0000000 1.0000 1.0 1.0 0.0 []
21:12:38 <INFO> Sampled SMILES O=S1(C[C@@H]2[C@@H](N(c3c4c(c[nH]c4ccc3)C)C(=O)C3C2CC=1C3)C)=O failed to sanitize.
21:12:42 <INFO> Score: 0.36 Agent NLL: 34.46 Valid:  97% Step: 6
 | Agent Prior Target Score SMILES SMILES_state predicted_activity predicted_activity (raw) training_similarity training_similarity (raw) uncertainty uncertainty (raw) novelty novelty (raw) stereo_validity stereo_validity (raw) MW_window MW_window (raw) synthetic_feasibility synthetic_feasibility (raw) curated alerts filter curated alerts filter (raw) scaffold_novelty (predicted_activity) taf_disrupted (predicted_activity) taf_consistency (predicted_activity) matchting_patterns (curated alerts filter)
 | 32.3420 32.8485 33.1986 0.5159936 CC1(C)c2ccccc2-c2cc(-c3nc(-c4ccc5ccccc5c4)nc(-c4cccc5ccccc45)n3)ccc21 1 0.2050000 0.2050 0.1975459 0.1975 0.4037016 0.4037 0.8556624 0.8557 1.0000000 1.0000 1.0000000 525.6550 0.5351757 2.5302 1.0000000 1.0000 1.0 1.0 0.0 []
 | 29.1143 29.6888 38.2300 0.5306153 C[C@@H](NS(=O)(=O)c1ccc(C(=O)Nc2ccc(Cl)cc2)cc1)C1CC1 1 0.2300000 0.2300 0.2320059 0.2320 0.4208325 0.4208 0.7946015 0.7946 1.0000000 1.0000 1.0000000 378.8810 0.5298410 2.2975 1.0000000 1.0000 1.0 0.6666666666666667 0.3333333333333333 []
 | 27.1261 27.6796 38.2490 0.5150676 Cc1csc2nc(SCC(=O)NC(N)=O)[nH]c(=O)c12 1 0.1900000 0.1900 0.2329454 0.2329 0.3923009 0.3923 0.8112926 0.8113 1.0000000 1.0000 1.0000000 298.3490 0.5372084 2.6189 1.0000000 1.0000 1.0 0.6666666666666667 0.3333333333333333 []
 | 29.6766 31.1847 33.7589 0.5073716 CCN1C(=O)C(Nc2cc(C(=O)OC)ccc2C)=C(c2ccc(C)cc2)C1=O 1 0.1750000 0.1750 0.2437780 0.2438 0.3799671 0.3800 0.7937158 0.7937 1.0000000 1.0000 1.0000000 378.4280 0.5292715 2.2727 1.0000000 1.0000 1.0 0.33333333333333337 0.6666666666666666 []
 | 87.0871 84.5261 -84.5261 0.0000000 c1ccc(Br)c(C2CCN(C(Cn3cnc(n3)C#Cc3cc(ccc3)N3C[C@@]4(N=C([C@@]33C(Nc5c3cc(cc5)Cl)=O)CC(C)(C)C)C4)=O)CC2)c1 0 0.0000000 0.0000 0.0000000 0.0000 0.0000000 0.0000 0.0000000 0.0000 0.0000000 0.0000 0.0000000 0.0000 0.0000000 0.0000 0.0000000 0.0000 None None None None
 | 39.1043 39.1681 27.8269 0.5233985 CCc1cc(I)ccc1NC(=O)CSC(=Nc1ccccc1)c1cccs1 1 0.2250000 0.2250 0.2114775 0.2115 0.4175823 0.4176 0.7948177 0.7948 1.0000000 1.0000 1.0000000 506.4340 0.5402731 2.7528 1.0000000 1.0000 1.0 0.6666666666666667 0.3333333333333333 []
 | 21.9447 22.5581 -1.9429 0.1610565 COCC(NC(=O)OC)C(=O)OC 1 0.2000000 0.2000 0.2710411 0.2710 0.4000000 0.4000 0.7419766 0.7420 0.0000000 0.0000 1.0000000 191.1830 0.5347859 2.5132 1.0000000 1.0000 1.0 0.33333333333333337 0.6666666666666666 []
 | 30.0080 29.2489 -28.0517 0.0093532 CCCCCCC/C=C/CCCCCCCC(=O)O[C@H](COC(=O)CCC/C=C/CCCCCCCCCCCCC)COP(=O)([O-])OCC[N+](C)(C)C 1 0.1450000 0.1450 0.2812843 0.2813 0.3521008 0.3521 0.7303403 0.7303 0.5000000 0.5000 0.0000000 786.1290 0.5399023 4.2634 1.0000000 1.0000 1.0 0.6666666666666667 0.3333333333333333 []
 | 34.2507 35.0910 34.5481 0.5440552 Cc1cc2c(cnn2C)cc1CNC(=O)c1ccccc1Br 1 0.2800000 0.2800 0.2214546 0.2215 0.4489989 0.4490 0.7794356 0.7794 1.0000000 1.0000 1.0000000 358.2390 0.5274796 2.1946 1.0000000 1.0000 1.0 0.33333333333333337 0.6666666666666666 []
 | 46.4971 47.1025 20.8286 0.5307124 O=C(Nc1cccc(CN2CCC(O)C2)c1)[C@H]1C[C@@H](c2ccccc2Cl)NC1=O 1 0.2550000 0.2550 0.2603126 0.2603 0.4358612 0.4359 0.7409603 0.7410 0.6666667 0.6667 1.0000000 413.9050 0.5544072 3.3723 1.0000000 1.0000 1.0 0.6666666666666667 0.3333333333333333 []
21:12:42 <INFO> Sampled SMILES Clc1cnn(C2CCC(Oc3ccc(N4C=OC(CC4)C(=O)N)cc3)CC2)c1 failed to sanitize.
21:12:42 <INFO> Sampled SMILES O=C(CC)N1Cc2nc3n(nc(C[C@@H]4CC[C@@H](C)[C@@H](N5CCc6c5cccc6)C4)c3)c2CC1 failed to sanitize.
21:12:42 <INFO> Sampled SMILES CCCOC(C)n1c([nH]c(n1)=O)N failed to sanitize.
21:12:45 <INFO> Score: 0.38 Agent NLL: 33.80 Valid:  95% Step: 7
 | Agent Prior Target Score SMILES SMILES_state predicted_activity predicted_activity (raw) training_similarity training_similarity (raw) uncertainty uncertainty (raw) novelty novelty (raw) stereo_validity stereo_validity (raw) MW_window MW_window (raw) synthetic_feasibility synthetic_feasibility (raw) curated alerts filter curated alerts filter (raw) scaffold_novelty (predicted_activity) taf_disrupted (predicted_activity) taf_consistency (predicted_activity) matchting_patterns (curated alerts filter)
 | 28.5677 29.0505 40.7262 0.5451300 C/C(=C\Cl)CN[C@H](C)c1cccc(C#N)c1 1 0.2800000 0.2800 0.2108663 0.2109 0.4489989 0.4490 0.7992612 0.7993 1.0000000 1.0000 1.0000000 234.7300 0.5474461 3.0668 1.0000000 1.0000 1.0 0.33333333333333337 0.6666666666666666 []
 | 26.5496 26.9791 -6.4578 0.1603228 CN(CCOc1cccc(Cl)c1)C(=O)C1CCC(=O)NC1 1 0.1900000 0.1900 0.2900370 0.2900 0.3923009 0.3923 0.7222081 0.7222 0.0000000 0.0000 1.0000000 310.7810 0.5397106 2.7282 1.0000000 1.0000 1.0 0.6666666666666667 0.3333333333333333 []
 | 50.2366 50.0325 -50.0325 0.0000000 Clc1cnn(C2CCC(Oc3ccc(N4C=OC(CC4)C(=O)N)cc3)CC2)c1 0 0.0000000 0.0000 0.0000000 0.0000 0.0000000 0.0000 0.0000000 0.0000 0.0000000 0.0000 0.0000000 0.0000 0.0000000 0.0000 0.0000000 0.0000 None None None None
 | 30.5939 31.5362 34.4149 0.5152427 CNC[C@H](CC1CCCCC1)NC(=O)N1CCC2(CC1)CCN(C(=O)OC(C)(C)C)C2 1 0.1550000 0.1550 0.3131121 0.3131 0.3619047 0.3619 0.8019705 0.8020 1.0000000 1.0000 1.0000000 436.6410 0.5544953 3.6239 1.0000000 1.0000 1.0 0.33333333333333337 0.6666666666666666 []
 | 29.2657 29.5593 35.4291 0.5077221 OC[C@@H]1[C@@H](O)[C@H](O)CN1CC1(O)CCCCC1 1 0.1550000 0.1550 0.2788867 0.2789 0.3619047 0.3619 0.8063508 0.8064 1.0000000 1.0000 1.0000000 245.3190 0.5500643 3.8184 1.0000000 1.0000 1.0 0.6666666666666667 0.3333333333333333 []
 | 25.0678 26.0333 37.0147 0.4925628 Cc1nc(Nc2ccc(C(C)C)cc2)cc(NC(C)(C)C)n1 1 0.2100000 0.2100 0.1273860 0.1274 0.4073082 0.4073 0.8872232 0.8872 1.0000000 1.0000 1.0000000 298.4340 0.5297555 2.2938 1.0000000 1.0000 1.0 0.6666666666666667 0.3333333333333333 []
 | 24.3010 23.9993 44.3009 0.5335949 O=C(Nc1cnc(N2CCOCC2)nc1)C1CC1 1 0.2400000 0.2400 0.2468853 0.2469 0.4270831 0.4271 0.7531147 0.7531 1.0000000 1.0000 1.0000000 248.2860 0.5255107 2.1089 1.0000000 1.0000 1.0 0.6666666666666667 0.3333333333333333 []
 | 40.7696 40.6553 31.5990 0.5644869 C[C@H]1CCc2c(C(=O)NCc3ccccc3)sc(NC(=O)c3cccc(S(=O)(=O)N(C)C)c3)c2C1 1 0.3050000 0.3050 0.2923017 0.2923 0.4604074 0.4604 0.7076983 0.7077 1.0000000 1.0000 1.0000000 511.6690 0.5447630 2.9492 1.0000000 1.0000 1.0 0.6666666666666667 0.3333333333333333 []
 | 43.8525 43.9277 27.2436 0.5560255 CC[C@@H](c1ccccc1)N(C(=O)NC)c1ccc(C2CCN(Cc3cccnc3)CC2)cc1 1 0.2700000 0.2700 0.2978044 0.2978 0.4439595 0.4440 0.7217620 0.7218 1.0000000 1.0000 1.0000000 442.6070 0.5441167 2.9210 1.0000000 1.0000 1.0 0.6666666666666667 0.3333333333333333 []
 | 55.7226 54.5510 5.5406 0.4694654 C[C@@]12CC[C@H](O)C[C@]3(O)CC[C@]4(C)[C@H](C(=O)O)CC[C@H]([C@H]31)[C@]24O 1 0.1350000 0.1350 0.2073221 0.2073 0.3417236 0.3417 0.7926779 0.7927 1.0000000 1.0000 1.0000000 324.4170 0.4975773 6.1052 1.0000000 1.0000 1.0 0.6666666666666667 0.3333333333333333 []
21:12:45 <INFO> Sampled SMILES [C@@H]1([C@@H]([C@H]([C@@H]([C@@H](C)O1)OC)O[C@@H]1O[C@@H]([C@@H]([C@H](C)Cl)[C@@H]1O)O[C@@H]1CC[C@@]2(C3CC[C@@]4(C([C@H]3CC=C2C=1)CC[C@@H]4[C@@H](Cc1ccoc1)C)C)C)OC)C failed to sanitize.
21:12:45 <INFO> Sampled SMILES C1[C@@H]2[C@H]([C@@]3(C)CC[C@@](C)(C[C@H]3CC=2)O)CC[C@]1(C(C)=O)O failed to sanitize.
21:12:49 <INFO> Score: 0.39 Agent NLL: 34.61 Valid:  95% Step: 8
 | Agent Prior Target Score SMILES SMILES_state predicted_activity predicted_activity (raw) training_similarity training_similarity (raw) uncertainty uncertainty (raw) novelty novelty (raw) stereo_validity stereo_validity (raw) MW_window MW_window (raw) synthetic_feasibility synthetic_feasibility (raw) curated alerts filter curated alerts filter (raw) scaffold_novelty (predicted_activity) taf_disrupted (predicted_activity) taf_consistency (predicted_activity) matchting_patterns (curated alerts filter)
 | 27.4953 27.3350 -6.1723 0.1653336 O=C(NCC1(CO)CC1)NC1CCN(c2cccc(Cl)c2)C1 1 0.2500000 0.2500 0.2224420 0.2224 0.4330127 0.4330 0.7841795 0.7842 0.0000000 0.0000 1.0000000 323.8240 0.5419112 2.8245 1.0000000 1.0000 1.0 0.6666666666666667 0.3333333333333333 []
 | 72.6642 75.8347 -75.8347 0.0000000 [C@@H]1([C@@H]([C@H]([C@@H]([C@@H](C)O1)OC)O[C@@H]1O[C@@H]([C@@H]([C@H](C)Cl)[C@@H]1O)O[C@@H]1CC[C@@]2(C3CC[C@@]4(C([C@H]3CC=C2C=1)CC[C@@H]4[C@@H](Cc1ccoc1)C)C)C)OC)C 0 0.0000000 0.0000 0.0000000 0.0000 0.0000000 0.0000 0.0000000 0.0000 0.0000000 0.0000 0.0000000 0.0000 0.0000000 0.0000 0.0000000 0.0000 None None None None
 | 26.9822 26.8049 41.5747 0.5342158 CCS(=O)(=O)N1CCN(CC(=O)N(C)Cc2ccco2)CC1 1 0.2300000 0.2300 0.2503131 0.2503 0.4208325 0.4208 0.7817821 0.7818 1.0000000 1.0000 1.0000000 329.4220 0.5290219 2.2618 1.0000000 1.0000 1.0 1.0 0.0 []
 | 27.6655 28.0036 -7.7799 0.1579974 CC1CCN(C(=O)CCC(=O)c2ccc(Cl)cc2)CC1C 1 0.1800000 0.1800 0.2473854 0.2474 0.3841875 0.3842 0.7926779 0.7927 0.0000000 0.0000 1.0000000 307.8210 0.5399418 2.7384 1.0000000 1.0000 1.0 1.0 0.0 []
 | 24.8983 25.4694 -25.4694 0.0000000 Cc1ccc(C=NN=C(N)N)cc1F 1 0.0000000 0.0000 0.0000000 0.0000 0.0000000 0.0000 0.0000000 0.0000 0.0000000 0.0000 0.0000000 0.0000 0.0000000 0.0000 0.0000000 0.0000 None None None ['[#7;!n][#7;!n]']
 | 42.7244 43.0804 23.7531 0.5221370 C=C[C@H](NC)[C@]1(C(=O)OCC)C[C@H]1c1ccccn1 1 0.1850000 0.1850 0.3189240 0.3189 0.3882976 0.3883 0.7122393 0.7122 1.0000000 1.0000 1.0000000 260.3370 0.5408127 4.2236 1.0000000 1.0000 1.0 0.33333333333333337 0.6666666666666666 []
 | 29.1996 29.6306 -9.0841 0.1605192 O=C(NCC1CC1c1ccccc1)N1CC2CCCC2C1 1 0.1950000 0.1950 0.2686124 0.2686 0.3962007 0.3962 0.7367509 0.7368 0.0000000 0.0000 1.0000000 284.4030 0.5538905 3.3496 1.0000000 1.0000 1.0 0.6666666666666667 0.3333333333333333 []
 | 33.0309 33.0306 31.8240 0.5066761 CCOCCCNC(=O)NC(=S)Nc1sc(C(=O)OCC)c(C)c1C(=O)OCC 1 0.1850000 0.1850 0.2195775 0.2196 0.3882976 0.3883 0.7958758 0.7959 1.0000000 1.0000 1.0000000 445.5630 0.5342035 2.4878 1.0000000 1.0000 1.0 0.33333333333333337 0.6666666666666666 []
 | 19.3456 19.0663 -17.7640 0.0101738 O=[N+]([O-])c1ccc2c(c1)OCO2 1 0.1950000 0.1950 0.2186433 0.2186 0.3962007 0.3962 0.8174258 0.8174 1.0000000 1.0000 0.0000000 167.1200 0.5210513 1.9148 1.0000000 1.0000 1.0 1.0 0.0 []
 | 27.4325 29.7048 34.5050 0.5016392 CO[C@@H]1CC[C@@H](C(=O)NCCOCCO)C1 1 0.1650000 0.1650 0.2511059 0.2511 0.3711805 0.3712 0.7609543 0.7610 1.0000000 1.0000 1.0000000 231.2920 0.5457875 2.9941 1.0000000 1.0000 1.0 0.6666666666666667 0.3333333333333333 []
21:12:49 <INFO> Sampled SMILES O=c1cc2c(n(C3CCCC3)c1=O)ncn(NS(=O)(c1cccc(OC)c1)=O)c2=O failed to sanitize.
21:12:53 <INFO> Score: 0.40 Agent NLL: 33.33 Valid:  98% Step: 9
 | Agent Prior Target Score SMILES SMILES_state predicted_activity predicted_activity (raw) training_similarity training_similarity (raw) uncertainty uncertainty (raw) novelty novelty (raw) stereo_validity stereo_validity (raw) MW_window MW_window (raw) synthetic_feasibility synthetic_feasibility (raw) curated alerts filter curated alerts filter (raw) scaffold_novelty (predicted_activity) taf_disrupted (predicted_activity) taf_consistency (predicted_activity) matchting_patterns (curated alerts filter)
 | 36.5656 37.1740 29.6006 0.5216770 Cc1ccc(S(=O)(=O)N(C)c2cc(S(=O)(=O)O)cc(F)c2O)cc1 1 0.2400000 0.2400 0.1779150 0.1779 0.4270831 0.4271 0.8356010 0.8356 1.0000000 1.0000 1.0000000 375.3990 0.5331957 2.4438 1.0000000 1.0000 1.0 1.0 0.0 []
 | 30.0911 30.1201 -9.5919 0.1603763 CN(C)S(=O)(=O)c1ccccc1CNCC(c1cccs1)N1CCCC1 1 0.2100000 0.2100 0.2231054 0.2231 0.4073082 0.4073 0.7886299 0.7886 0.0000000 0.0000 1.0000000 393.5780 0.5408085 2.7762 1.0000000 1.0000 1.0 0.6666666666666667 0.3333333333333333 []
 | 46.8423 49.3195 13.6348 0.4918307 Cc1nc(Cc2ccc(OC(C)(C)C)nc2)nc(-n2nc3c(c2C)CCCC3)c1C 1 0.1550000 0.1550 0.2145212 0.2145 0.3619047 0.3619 0.8193445 0.8193 1.0000000 1.0000 1.0000000 405.5460 0.5447993 2.9508 1.0000000 1.0000 1.0 1.0 0.0 []
 | 29.7143 28.4407 37.3410 0.5139201 CN(C)C[C@]1(O)CCCN(c2ccncn2)C1 1 0.1800000 0.1800 0.2469324 0.2469 0.3841875 0.3842 0.8024541 0.8025 1.0000000 1.0000 1.0000000 236.3190 0.5494071 3.1527 1.0000000 1.0000 1.0 0.6666666666666667 0.3333333333333333 []
 | 28.1016 28.8202 37.6402 0.5192212 Cc1cc(CN(CCCO)CC(F)(F)F)oc1C 1 0.2000000 0.2000 0.2253745 0.2254 0.4000000 0.4000 0.8232233 0.8232 1.0000000 1.0000 1.0000000 265.2750 0.5380823 2.6571 1.0000000 1.0000 1.0 0.6666666666666667 0.3333333333333333 []
 | 33.3443 32.5276 32.9445 0.5115008 CN(Cc1ccnn1C)C(=O)c1c(NC2CCCC2)cnn1C 1 0.1700000 0.1700 0.2602867 0.2603 0.3756328 0.3756 0.8081596 0.8082 1.0000000 1.0000 1.0000000 316.4090 0.5403081 2.7544 1.0000000 1.0000 1.0 0.6666666666666667 0.3333333333333333 []
 | 42.6819 42.5825 25.2063 0.5296004 Fc1ccccc1CNc1cc(NCc2cnc3[nH]ccc3c2)c(Cl)cn1 1 0.2200000 0.2200 0.2429494 0.2429 0.4142463 0.4142 0.7907543 0.7908 1.0000000 1.0000 1.0000000 381.8420 0.5354127 2.5405 1.0000000 1.0000 1.0 0.6666666666666667 0.3333333333333333 []
 | 30.1363 29.9368 -10.3898 0.1527109 CCC1(C(=O)Cc2cccc(OC)c2F)CCCCO1 1 0.1300000 0.1300 0.3323515 0.3324 0.3363034 0.3363 0.7439089 0.7439 0.0000000 0.0000 1.0000000 280.3390 0.5503320 3.1933 1.0000000 1.0000 1.0 1.0 0.0 []
 | 25.4867 25.7236 43.1214 0.5378521 CCCN1CCC(C(=O)Nc2ccccc2N)CC1 1 0.2250000 0.2250 0.3000938 0.3001 0.4175823 0.4176 0.7367509 0.7368 1.0000000 1.0000 1.0000000 261.3690 0.5177771 1.7724 1.0000000 1.0000 1.0 0.6666666666666667 0.3333333333333333 []
 | 31.7995 32.0109 -10.8651 0.1652017 COCC(C)Nc1nc2ccccc2cc1OC(C)C 1 0.2350000 0.2350 0.2409901 0.2410 0.4239988 0.4240 0.7866477 0.7866 0.0000000 0.0000 1.0000000 274.3640 0.5393776 2.7137 1.0000000 1.0000 1.0 0.6666666666666667 0.3333333333333333 []
21:12:53 <INFO> Sampled SMILES c12c3N(C(=O)c2cc(C)cc1-c1c2c(CCO2)c(cc1)O)CCC3 failed to sanitize.
21:12:53 <INFO> Sampled SMILES n1c(c2CN(C(C(N)=O)C2)C(=O)O)n1C(NCc1cc(oc2c1ccc(c2)OC)=O)=O failed to sanitize.
21:12:57 <INFO> Score: 0.41 Agent NLL: 34.04 Valid:  97% Step: 10
 | Agent Prior Target Score SMILES SMILES_state predicted_activity predicted_activity (raw) training_similarity training_similarity (raw) uncertainty uncertainty (raw) novelty novelty (raw) stereo_validity stereo_validity (raw) MW_window MW_window (raw) synthetic_feasibility synthetic_feasibility (raw) curated alerts filter curated alerts filter (raw) scaffold_novelty (predicted_activity) taf_disrupted (predicted_activity) taf_consistency (predicted_activity) matchting_patterns (curated alerts filter)
 | 29.0214 29.6799 38.0305 0.5289870 CCN(CC)S(=O)(=O)c1ccc(C)c(C(=O)OCc2cnn(-c3ccccc3)c2)c1 1 0.2200000 0.2200 0.2697816 0.2698 0.4142463 0.4142 0.7315376 0.7315 1.0000000 1.0000 1.0000000 427.5260 0.5289930 2.2606 1.0000000 1.0000 1.0 0.6666666666666667 0.3333333333333333 []
 | 59.1484 58.1780 15.4175 0.5749651 CC(C)Nc1cc(/C=C/c2ccc(Cc3noc(-c4ccc(C(=O)NCc5cccnc5)cn4)n3)cc2)nc(N)n1 1 0.3450000 0.3450 0.2847474 0.2847 0.4753683 0.4754 0.7152526 0.7153 1.0000000 1.0000 1.0000000 547.6230 0.5448332 2.9523 1.0000000 1.0000 1.0 0.6666666666666667 0.3333333333333333 []
 | 64.2771 64.8558 1.4003 0.5176260 O[C@@H](CC1O[C@@H](CCOC[C@@H]2Cc3ccccc3O2)[C@@H](O)c2ccccc21)c1cccc2ncccc12 1 0.2050000 0.2050 0.2833056 0.2833 0.4037016 0.4037 0.7166944 0.7167 0.8000000 0.8000 1.0000000 497.5910 0.5429770 4.1289 1.0000000 1.0000 1.0 0.6666666666666667 0.3333333333333333 []
 | 34.9935 35.8149 30.6255 0.5190651 CO[C@H]1CN2CCC[C@]2(c2cccc(Cl)c2)[C@@H]1O 1 0.1800000 0.1800 0.2678358 0.2678 0.3841875 0.3842 0.8004069 0.8004 1.0000000 1.0000 1.0000000 267.7560 0.5495242 3.8421 1.0000000 1.0000 1.0 0.6666666666666667 0.3333333333333333 []
 | 25.9769 25.7078 -5.4030 0.1586313 CCOC1CC(NCC(C)c2cccc(C)c2)C1 1 0.1900000 0.1900 0.2435994 0.2436 0.3923009 0.3923 0.7735446 0.7735 0.0000000 0.0000 1.0000000 247.3820 0.5396037 2.7236 1.0000000 1.0000 1.0 0.6666666666666667 0.3333333333333333 []
 | 28.9137 29.8398 33.6927 0.4963482 CSc1ccc(CN(C)CCCC(=O)Nc2ccc(C)cc2C)cc1 1 0.1850000 0.1850 0.1798775 0.1799 0.3882976 0.3883 0.8303248 0.8303 1.0000000 1.0000 1.0000000 356.5350 0.5225434 1.9797 1.0000000 1.0000 1.0 0.6666666666666667 0.3333333333333333 []
 | 47.4034 47.6069 20.3756 0.5311129 CCC(/C=C\N)=C(/C)NC(=O)c1ccc(C(=O)C=Cc2c(F)cccc2Cl)cc1 1 0.2400000 0.2400 0.2130215 0.2130 0.4270831 0.4271 0.8019705 0.8020 1.0000000 1.0000 1.0000000 412.8920 0.5429491 2.8699 1.0000000 1.0000 1.0 0.6666666666666667 0.3333333333333333 []
 | 45.9377 47.4181 25.0606 0.5662398 CC[C@H](CO)N(C(=O)Cn1c(=O)oc2ccccc21)[C@H](CCO)c1ccc(F)cc1 1 0.2950000 0.2950 0.3337119 0.3337 0.4560428 0.4560 0.6662881 0.6663 1.0000000 1.0000 1.0000000 416.4490 0.5552204 3.4080 1.0000000 1.0000 1.0 0.6666666666666667 0.3333333333333333 []
 | 26.8986 27.0887 -6.6288 0.1598424 CC1CCC(C#N)(c2ccc(F)c(F)c2)C1 1 0.1850000 0.1850 0.2471558 0.2472 0.3882976 0.3883 0.8121327 0.8121 0.0000000 0.0000 1.0000000 221.2500 0.5523791 3.2832 1.0000000 1.0000 1.0 0.6666666666666667 0.3333333333333333 []
 | 22.3766 22.6484 -22.2425 0.0031709 CC(O)CN(C)CCCO 1 0.1900000 0.1900 0.2581989 0.2582 0.3923009 0.3923 0.7685450 0.7685 0.0000000 0.0000 0.0000000 147.2180 0.5415980 2.8108 1.0000000 1.0000 1.0 0.6666666666666667 0.3333333333333333 []
21:13:00 <INFO> Score: 0.40 Agent NLL: 33.92 Valid: 100% Step: 11
 | Agent Prior Target Score SMILES SMILES_state predicted_activity predicted_activity (raw) training_similarity training_similarity (raw) uncertainty uncertainty (raw) novelty novelty (raw) stereo_validity stereo_validity (raw) MW_window MW_window (raw) synthetic_feasibility synthetic_feasibility (raw) curated alerts filter curated alerts filter (raw) scaffold_novelty (predicted_activity) taf_disrupted (predicted_activity) taf_consistency (predicted_activity) matchting_patterns (curated alerts filter)
 | 50.9029 51.1457 13.4015 0.5042752 COc1cc(OC)c(OC(CO)CO)c(C2(O)CC[C@H]3CC[C@@H]32)c1 1 0.1600000 0.1600 0.3321819 0.3322 0.3666061 0.3666 0.7628292 0.7628 0.6666667 0.6667 1.0000000 338.4000 0.5503969 3.8038 1.0000000 1.0000 1.0 0.6666666666666667 0.3333333333333333 []
 | 19.6349 21.0712 49.8282 0.5539017 OCc1ccccc1C#CCCS 1 0.2900000 0.2900 0.2531088 0.2531 0.4537621 0.4538 0.7468912 0.7469 1.0000000 1.0000 1.0000000 192.2830 0.5383100 2.6670 1.0000000 1.0000 1.0 0.33333333333333337 0.6666666666666666 []
 | 28.4351 29.6447 37.2585 0.5226812 CN(Cc1csc(-c2ccco2)n1)C(=O)c1ccoc1 1 0.2050000 0.2050 0.2464136 0.2464 0.4037016 0.4037 0.7818462 0.7818 1.0000000 1.0000 1.0000000 288.3280 0.5352547 2.5336 1.0000000 1.0000 1.0 1.0 0.0 []
 | 29.2306 28.6394 -7.1757 0.1676856 O=C(c1ccccc1Cl)C1C(=O)C2CCC1C2 1 0.2350000 0.2350 0.2876862 0.2877 0.4239988 0.4240 0.7462523 0.7463 0.0000000 0.0000 1.0000000 248.7090 0.5459384 3.9993 1.0000000 1.0000 1.0 1.0 0.0 []
 | 22.7848 23.4687 37.4656 0.4760489 CCCCCCCC(=O)OCCCCCCN(CC)CC 1 0.1200000 0.1200 0.3086067 0.3086 0.3249615 0.3250 0.7095263 0.7095 1.0000000 1.0000 1.0000000 299.4990 0.5226895 1.9861 1.0000000 1.0000 1.0 0.6666666666666667 0.3333333333333333 []
 | 42.1111 42.8893 19.9338 0.4908054 CN(C)[C@H]1[C@H]2CC[C@@H]1N(c1nc3ccc(Cl)cc3c3ncnn13)C2 1 0.1700000 0.1700 0.1749496 0.1749 0.3756328 0.3756 0.8618772 0.8619 1.0000000 1.0000 1.0000000 342.8340 0.5325538 4.5842 1.0000000 1.0000 1.0 1.0 0.0 []
 | 28.6602 28.7243 36.0671 0.5061828 CCOC(=O)c1c(NC(=O)CSc2nnc(-c3cccs3)n2-c2ccc(Cl)cc2)sc(C)c1C 1 0.1800000 0.1800 0.2181750 0.2182 0.3841875 0.3842 0.8203947 0.8204 1.0000000 1.0000 1.0000000 533.1000 0.5334924 2.4567 1.0000000 1.0000 1.0 0.33333333333333337 0.6666666666666666 []
 | 46.3447 44.7914 -25.4790 0.1508782 Cc1nc(-c2ccc(N3CCCCC3c3ccn(C4CCC(O)CC4)n3)cc2)no1 1 0.1600000 0.1600 0.1842885 0.1843 0.3666061 0.3666 0.8495290 0.8495 0.0000000 0.0000 1.0000000 407.5180 0.5511720 3.2302 1.0000000 1.0000 1.0 0.6666666666666667 0.3333333333333333 []
 | 31.3607 32.4698 35.3449 0.5298019 Cc1ccc(N2CCC(C)CC2)c(C(=O)Nc2ccccc2C(N)=O)c1 1 0.2300000 0.2300 0.2473316 0.2473 0.4208325 0.4208 0.7576069 0.7576 1.0000000 1.0000 1.0000000 351.4500 0.5220053 1.9563 1.0000000 1.0000 1.0 0.6666666666666667 0.3333333333333333 []
 | 34.6083 31.7359 31.1330 0.4911629 Cc1ccc(Cn2c(C)cc(CNC3CC3)c2Br)c(C)c1 1 0.1650000 0.1650 0.1818335 0.1818 0.3711805 0.3712 0.8683755 0.8684 1.0000000 1.0000 1.0000000 347.3000 0.5337349 2.4673 1.0000000 1.0000 1.0 0.33333333333333337 0.6666666666666666 []
21:13:01 <INFO> Sampled SMILES n1c(NC2CC(O)(C)C2)c(cc1)C(=O)O failed to sanitize.
21:13:01 <INFO> Sampled SMILES c1c(NC(Cc2ccc(C)cc2)=O)n(cc1S(=O)(=O)C)C1=CCC2(C=1)OCCO2 failed to sanitize.
21:13:04 <INFO> Score: 0.42 Agent NLL: 34.46 Valid:  95% Step: 12
 | Agent Prior Target Score SMILES SMILES_state predicted_activity predicted_activity (raw) training_similarity training_similarity (raw) uncertainty uncertainty (raw) novelty novelty (raw) stereo_validity stereo_validity (raw) MW_window MW_window (raw) synthetic_feasibility synthetic_feasibility (raw) curated alerts filter curated alerts filter (raw) scaffold_novelty (predicted_activity) taf_disrupted (predicted_activity) taf_consistency (predicted_activity) matchting_patterns (curated alerts filter)
 | 43.6071 44.6894 22.5526 0.5253278 N[C@H]1C[C@H]2NCC[C@H]2C[C@@H]1NC(=O)c1n[nH]c2ccc(F)cc12 1 0.2600000 0.2600 0.1640825 0.1641 0.4386342 0.4386 0.8368215 0.8368 1.0000000 1.0000 1.0000000 317.3680 0.5477466 3.9201 1.0000000 1.0000 1.0 0.6666666666666667 0.3333333333333333 []
 | 34.8390 33.8487 -32.4929 0.0105924 COc1ccc(S(=O)(=O)N(CC(=O)N(Cc2ccc(Cl)c(Cl)c2)[C@H](C)C(=O)NC(C)C)c2ccc(OC)c(OC)c2)cc1 1 0.2250000 0.2250 0.2358333 0.2358 0.4175823 0.4176 0.8120918 0.8121 1.0000000 1.0000 0.0000000 652.5970 0.5479985 3.0910 1.0000000 1.0000 1.0 0.6666666666666667 0.3333333333333333 []
 | 38.8745 40.4173 29.2551 0.5443157 Cc1nnc(COc2cccc(CNC(=O)c3ccc(S(N)(=O)=O)c(Cl)c3)c2)s1 1 0.2550000 0.2550 0.2782380 0.2782 0.4358612 0.4359 0.7217620 0.7218 1.0000000 1.0000 1.0000000 452.9450 0.5309229 2.3447 1.0000000 1.0000 1.0 0.6666666666666667 0.3333333333333333 []
 | 55.0403 54.2764 -53.8791 0.0031035 Cc1ccccc1-c1ccccc1N(c1cccc(C2CC3CC(C)C2C3)c1)c1cccc2c1-c1cccc3cccc(c13)C2 1 0.2100000 0.2100 0.1626567 0.1627 0.4073082 0.4073 0.8715824 0.8716 0.0000000 0.0000 0.0000000 581.8030 0.5288554 4.7454 1.0000000 1.0000 1.0 1.0 0.0 []
 | 35.8072 34.9360 33.1468 0.5318963 CCOC(=O)c1ccc(NC(=O)Cn2cccc(NC(=O)c3ccccc3OC)c2=O)cc1 1 0.2050000 0.2050 0.3004698 0.3005 0.4037016 0.4037 0.7561569 0.7562 1.0000000 1.0000 1.0000000 449.4630 0.5245162 2.0656 1.0000000 1.0000 1.0 0.33333333333333337 0.6666666666666666 []
 | 42.9960 43.4457 19.5508 0.4921600 Cc1ccc(OCCc2cc(F)cnc2CNCCc2cnc[nH]2)cc1 1 0.1650000 0.1650 0.1893524 0.1894 0.3711805 0.3712 0.8514779 0.8515 1.0000000 1.0000 1.0000000 354.4290 0.5347402 2.5112 1.0000000 1.0000 1.0 0.6666666666666667 0.3333333333333333 []
 | 38.5318 39.2919 -19.4225 0.1552304 NC1CCc2c(F)ccc(-c3cccc(-c4cnccn4)c3)c21 1 0.1850000 0.1850 0.1862481 0.1862 0.3882976 0.3883 0.8529571 0.8530 0.0000000 0.0000 1.0000000 305.3560 0.5446113 2.9426 1.0000000 1.0000 1.0 0.6666666666666667 0.3333333333333333 []
 | 27.5931 27.8066 41.7043 0.5430537 CC(N[C@@H](CO)Cc1ccccc1)c1ccc(Cl)s1 1 0.3000000 0.3000 0.3513513 0.3514 0.4582576 0.4583 0.6486487 0.6486 0.5000000 0.5000 1.0000000 295.8350 0.5428686 2.8663 1.0000000 1.0000 1.0 0.6666666666666667 0.3333333333333333 []
 | 68.1469 69.7874 -69.3668 0.0032856 C[S+](CCc1nc2ccccc2[nH]1)CCC(CCC(=O)O)NC(=O)C(CCCc1cnccn1)NC(=O)Cc1c[nH]c2ccccc12 1 0.2550000 0.2550 0.2191986 0.2192 0.4358612 0.4359 0.7808014 0.7808 0.0000000 0.0000 0.0000000 656.8330 0.5418366 4.1788 1.0000000 1.0000 1.0 0.6666666666666667 0.3333333333333333 []
 | 29.1743 29.8331 -28.6671 0.0091087 C[C@H]1C[C@H]1N1CC[C@@H](N)C1 1 0.1350000 0.1350 0.1365577 0.1366 0.3417236 0.3417 0.8832252 0.8832 1.0000000 1.0000 0.0000000 140.2300 0.5560474 3.5556 1.0000000 1.0000 1.0 0.6666666666666667 0.3333333333333333 []
21:13:04 <INFO> Sampled SMILES c1cc(ccc1)[C@@H]1[C@@H]2[C@]3(c4c(cccc4)[C@]2([C@@H]([C@H](C=1)OC(=O)C)O)CC3)O failed to sanitize.
21:13:04 <INFO> Sampled SMILES c1cccc2c1c([C@@H]1CN(Cc3cc(ccc3)[N+]([O-])=O)[C@@H]3[C@@H]4[C@H]3CNN4)nn1ccn2 failed to sanitize.
21:13:08 <INFO> Score: 0.40 Agent NLL: 33.05 Valid:  97% Step: 13
 | Agent Prior Target Score SMILES SMILES_state predicted_activity predicted_activity (raw) training_similarity training_similarity (raw) uncertainty uncertainty (raw) novelty novelty (raw) stereo_validity stereo_validity (raw) MW_window MW_window (raw) synthetic_feasibility synthetic_feasibility (raw) curated alerts filter curated alerts filter (raw) scaffold_novelty (predicted_activity) taf_disrupted (predicted_activity) taf_consistency (predicted_activity) matchting_patterns (curated alerts filter)
 | 31.3264 31.6333 33.9876 0.5126636 Cc1ccc(COc2ccc(CN3CCN(S(=O)(=O)c4cc(C)ccc4C)CC3)cc2)cc1 1 0.1700000 0.1700 0.3259341 0.3259 0.3756328 0.3756 0.7059142 0.7059 1.0000000 1.0000 1.0000000 464.6310 0.5232280 2.0095 1.0000000 1.0000 1.0 1.0 0.0 []
 | 38.2158 40.4435 29.5973 0.5471933 Cc1nc([C@@H](C)Cn2nc(-c3ccccc3)ccc2=O)nc(N2CCCCC2)c1C 1 0.2700000 0.2700 0.2405557 0.2406 0.4439595 0.4440 0.7697954 0.7698 1.0000000 1.0000 1.0000000 403.5300 0.5455241 2.9826 1.0000000 1.0000 1.0 1.0 0.0 []
 | 33.2648 34.3761 32.6585 0.5237077 COc1cc(CCNC(=O)[C@H]2C[C@@H]2c2ccccc2)ccc1OCC(=O)O 1 0.1900000 0.1900 0.3234983 0.3235 0.3923009 0.3923 0.6977561 0.6978 1.0000000 1.0000 1.0000000 369.4170 0.5391027 2.7017 1.0000000 1.0000 1.0 0.6666666666666667 0.3333333333333333 []
 | 32.8781 32.8161 36.9460 0.5450168 COC(=O)c1ccc(-c2ccccc2)c(C(=O)Nc2ccc(Cl)cc2)c1 1 0.2550000 0.2550 0.2900074 0.2900 0.4358612 0.4359 0.7175771 0.7176 1.0000000 1.0000 1.0000000 365.8160 0.5161021 1.6995 1.0000000 1.0000 1.0 0.33333333333333337 0.6666666666666666 []
 | 26.1836 24.9580 -4.1064 0.1629031 CCN(CC(C)C)C(=O)c1csc(C(C)N)n1 1 0.2250000 0.2250 0.2253745 0.2254 0.4175823 0.4176 0.7937605 0.7938 0.0000000 0.0000 1.0000000 255.3870 0.5438527 2.9094 1.0000000 1.0000 1.0 0.6666666666666667 0.3333333333333333 []
 | 33.5994 35.4778 34.7355 0.5485411 CCCCCn1cc(C(=O)NCc2ccc(CO)cc2)c2cccnc21 1 0.2400000 0.2400 0.3415650 0.3416 0.4270831 0.4271 0.6938138 0.6938 1.0000000 1.0000 1.0000000 351.4500 0.5262275 2.1401 1.0000000 1.0000 1.0 0.6666666666666667 0.3333333333333333 []
 | 26.3992 26.2571 33.2600 0.4649776 CCCN(CC1CC1)c1nc(NCC)nc(N2CCOCC2)n1 1 0.1050000 0.1050 0.2592725 0.2593 0.3065534 0.3066 0.8094841 0.8095 1.0000000 1.0000 1.0000000 320.4410 0.5370553 2.6122 1.0000000 1.0000 1.0 0.6666666666666667 0.3333333333333333 []
 | 41.9725 44.3332 20.4542 0.5061517 CCn1ncc(-c2csc(NC(=O)CCc3c(F)ccc(OC(F)F)c3F)n2)c1C 1 0.1950000 0.1950 0.1916630 0.1917 0.3962007 0.3962 0.8218258 0.8218 1.0000000 1.0000 1.0000000 442.4380 0.5391129 2.7021 1.0000000 1.0000 1.0 0.6666666666666667 0.3333333333333333 []
 | 31.3963 32.1864 31.6891 0.4990274 Cc1nc(COc2ccc(CSc3nc4ccsc4c(=O)[nH]3)cc2)cs1 1 0.1550000 0.1550 0.2749207 0.2749 0.3619047 0.3619 0.7492216 0.7492 1.0000000 1.0000 1.0000000 401.5380 0.5350860 2.5263 1.0000000 1.0000 1.0 1.0 0.0 []
 | 31.2958 32.0437 34.9636 0.5234944 CC(=O)c1cccc(Nc2cc(C3CC3)nc(Nc3ccc(C#N)cc3)n2)c1 1 0.2000000 0.2000 0.2656845 0.2657 0.4000000 0.4000 0.7699105 0.7699 1.0000000 1.0000 1.0000000 369.4280 0.5309820 2.3473 1.0000000 1.0000 1.0 0.33333333333333337 0.6666666666666666 []
21:13:08 <INFO> Sampled SMILES n1(c(c(sc1=C1SC(N(CC)C1=O)=NC(=O)C)=O)CC)-c1sc2ccccc2n1 failed to sanitize.
21:13:12 <INFO> Score: 0.41 Agent NLL: 31.59 Valid:  98% Step: 14
 | Agent Prior Target Score SMILES SMILES_state predicted_activity predicted_activity (raw) training_similarity training_similarity (raw) uncertainty uncertainty (raw) novelty novelty (raw) stereo_validity stereo_validity (raw) MW_window MW_window (raw) synthetic_feasibility synthetic_feasibility (raw) curated alerts filter curated alerts filter (raw) scaffold_novelty (predicted_activity) taf_disrupted (predicted_activity) taf_consistency (predicted_activity) matchting_patterns (curated alerts filter)
 | 33.3009 33.3037 -12.2727 0.1643052 CCOC(=O)C(CC)Oc1ccc(S(=O)(=O)C=Cc2ccccc2)cc1 1 0.2200000 0.2200 0.2835466 0.2835 0.4142463 0.4142 0.7242233 0.7242 0.0000000 0.0000 1.0000000 374.4580 0.5385638 2.6781 1.0000000 1.0000 1.0 0.6666666666666667 0.3333333333333333 []
 | 30.9613 31.5121 31.0213 0.4885422 C[C@H]1Nc2ccc(C(F)(F)F)cc2C1O 1 0.1900000 0.1900 0.1992048 0.1992 0.3923009 0.3923 0.8499250 0.8499 0.5000000 0.5000 1.0000000 217.1900 0.5548002 3.3895 1.0000000 1.0000 1.0 0.6666666666666667 0.3333333333333333 []
 | 27.0789 27.5135 42.7659 0.5490577 CSc1ccccc1OCCNC(=O)[C@H](C)Oc1ccccc1 1 0.2600000 0.2600 0.3044078 0.3044 0.4386342 0.4386 0.6955922 0.6956 1.0000000 1.0000 1.0000000 331.4370 0.5312710 2.3599 1.0000000 1.0000 1.0 0.6666666666666667 0.3333333333333333 []
 | 24.8148 25.9741 45.9830 0.5621649 C[C@H](N)c1ccc2ncccc2c1O 1 0.2900000 0.2900 0.2777460 0.2777 0.4537621 0.4538 0.7598799 0.7599 1.0000000 1.0000 1.0000000 188.2300 0.5383878 2.6704 1.0000000 1.0000 1.0 0.6666666666666667 0.3333333333333333 []
 | 30.6051 30.4532 -8.5220 0.1713378 CCNC(Cc1cc(C)nc(C)c1)c1ccccc1O 1 0.2850000 0.2850 0.2739983 0.2740 0.4514144 0.4514 0.7260017 0.7260 0.0000000 0.0000 1.0000000 270.3760 0.5388004 2.6885 1.0000000 1.0000 1.0 0.6666666666666667 0.3333333333333333 []
 | 34.7504 34.7573 31.4857 0.5175240 O=C(O)C1CCC(C(=O)OCc2ccc3c(n2)CCC3)CC1 1 0.1950000 0.1950 0.2652335 0.2652 0.3962007 0.3962 0.7400624 0.7401 1.0000000 1.0000 1.0000000 303.3580 0.5319833 2.3909 1.0000000 1.0000 1.0 0.6666666666666667 0.3333333333333333 []
 | 33.9116 34.6183 33.2695 0.5303735 c1ccc(CN2CCN(c3ccnc(NCc4ccnc(C5CC5)n4)n3)CC2)cc1 1 0.2150000 0.2150 0.2900370 0.2900 0.4108223 0.4108 0.7181732 0.7182 1.0000000 1.0000 1.0000000 401.5180 0.5326134 2.4184 1.0000000 1.0000 1.0 0.6666666666666667 0.3333333333333333 []
 | 22.3340 22.5599 -2.0936 0.1598927 C#CCC(C)NCC1CCCCO1 1 0.1900000 0.1900 0.2760788 0.2761 0.3923009 0.3923 0.7239212 0.7239 0.0000000 0.0000 1.0000000 181.2790 0.5562282 3.4523 1.0000000 1.0000 1.0 0.33333333333333337 0.6666666666666666 []
 | 30.2999 31.1129 32.6012 0.4977665 CCc1nn(CC)cc1-c1cnnn1CC 1 0.1750000 0.1750 0.1792843 0.1793 0.3799671 0.3800 0.8750000 0.8750 1.0000000 1.0000 1.0000000 219.2920 0.5470759 3.0506 1.0000000 1.0000 1.0 1.0 0.0 []
 | 27.2880 29.2041 40.3135 0.5431057 COCc1ccc(C(=O)NCc2cccc(C(=O)N3CCCC3)c2)cc1 1 0.2450000 0.2450 0.3185930 0.3186 0.4300872 0.4301 0.6814070 0.6814 1.0000000 1.0000 1.0000000 352.4340 0.5179642 1.7805 1.0000000 1.0000 1.0 0.6666666666666667 0.3333333333333333 []
21:13:16 <INFO> Score: 0.40 Agent NLL: 34.37 Valid: 100% Step: 15
 | Agent Prior Target Score SMILES SMILES_state predicted_activity predicted_activity (raw) training_similarity training_similarity (raw) uncertainty uncertainty (raw) novelty novelty (raw) stereo_validity stereo_validity (raw) MW_window MW_window (raw) synthetic_feasibility synthetic_feasibility (raw) curated alerts filter curated alerts filter (raw) scaffold_novelty (predicted_activity) taf_disrupted (predicted_activity) taf_consistency (predicted_activity) matchting_patterns (curated alerts filter)
 | 26.0209 24.8998 -5.8759 0.1486242 CCC1CN(C(CC)CSC)CCO1 1 0.1400000 0.1400 0.2125119 0.2125 0.3469870 0.3470 0.8094998 0.8095 0.0000000 0.0000 1.0000000 217.3780 0.5557532 3.5686 1.0000000 1.0000 1.0 1.0 0.0 []
 | 28.1068 27.9199 -9.4924 0.1439653 CCC1CN(c2nc(C(C)C)ns2)CC(CC)(CC)N1 1 0.1300000 0.1300 0.1797237 0.1797 0.3363034 0.3363 0.8343527 0.8344 0.0000000 0.0000 1.0000000 296.4840 0.5502144 3.8118 1.0000000 1.0000 1.0 0.6666666666666667 0.3333333333333333 []
 | 23.7840 24.0476 -4.0834 0.1559701 CCCCCC(C)(CO)OC(C)C 1 0.1450000 0.1450 0.3718679 0.3719 0.3521008 0.3521 0.6818019 0.6818 0.0000000 0.0000 1.0000000 188.3110 0.5515294 3.2459 1.0000000 1.0000 1.0 0.6666666666666667 0.3333333333333333 []
 | 28.6166 29.5212 37.2575 0.5217087 CCC/C=C/C(=O)Nc1ccc(OC)c(OCC)c1 1 0.1900000 0.1900 0.2936101 0.2936 0.3923009 0.3923 0.7484424 0.7484 1.0000000 1.0000 1.0000000 263.3370 0.5222202 1.9656 1.0000000 1.0000 1.0 0.6666666666666667 0.3333333333333333 []
 | 36.0464 36.1121 26.4417 0.4887014 CC(=O)Nc1ccc(-c2csc(NS(=O)(=O)c3ccc(OC4CCCCC4)cc3)n2)cc1 1 0.1400000 0.1400 0.2412091 0.2412 0.3469870 0.3470 0.8276719 0.8277 1.0000000 1.0000 1.0000000 471.6040 0.5282141 2.2266 1.0000000 1.0000 1.0 0.6666666666666667 0.3333333333333333 []
 | 24.9155 26.2711 35.4022 0.4818228 COC(C)(C)c1noc(C2CCCCC2)n1 1 0.1100000 0.1100 0.3212878 0.3213 0.3128898 0.3129 0.8032523 0.8033 1.0000000 1.0000 1.0000000 224.3040 0.5381826 2.6615 1.0000000 1.0000 1.0 1.0 0.0 []
 | 40.0185 42.4106 22.2924 0.5054917 COCCN(Cc1cccnc1)C(=O)C12COC[C@H](C1)N(C(=O)c1ccncc1)C2 1 0.1900000 0.1900 0.3266212 0.3266 0.3923009 0.3923 0.7307398 0.7307 0.5000000 0.5000 1.0000000 410.4740 0.5378535 4.3529 1.0000000 1.0000 1.0 1.0 0.0 []
 | 32.7837 33.6521 36.0740 0.5447349 Cn1c(=O)n(C)c2cc(CCCCCCNC(=O)OCc3ccccc3)ccc21 1 0.2400000 0.2400 0.3597008 0.3597 0.4270831 0.4271 0.6402992 0.6403 1.0000000 1.0000 1.0000000 395.5030 0.5266989 2.1606 1.0000000 1.0000 1.0 0.33333333333333337 0.6666666666666666 []
 | 57.5776 57.9358 -36.4555 0.1678145 CC(C1CC(F)(CNC(=O)COc2ccccc2)C1)N1C(=O)/C(=C\N)c2cccnc21 1 0.2150000 0.2150 0.3458343 0.3458 0.4108223 0.4108 0.7100275 0.7100 0.0000000 0.0000 1.0000000 424.4760 0.5558663 3.5636 1.0000000 1.0000 1.0 0.6666666666666667 0.3333333333333333 []
 | 36.7881 37.6966 36.2266 0.5775245 CN1C=C(C(N)=O)N[C@@H]1c1cccc(OCc2ccccc2)c1 1 0.3250000 0.3250 0.4120682 0.4121 0.4683748 0.4684 0.5879318 0.5879 1.0000000 1.0000 1.0000000 309.3690 0.5455132 2.9821 1.0000000 1.0000 1.0 0.6666666666666667 0.3333333333333333 []
21:13:16 <INFO> Sampled SMILES c1ccn2c(sc(-c3oc4c(n3)cccc4OCCCCCCCCCCCC)c2C)c1OCC failed to sanitize.
21:13:19 <INFO> Score: 0.36 Agent NLL: 33.97 Valid:  98% Step: 16
 | Agent Prior Target Score SMILES SMILES_state predicted_activity predicted_activity (raw) training_similarity training_similarity (raw) uncertainty uncertainty (raw) novelty novelty (raw) stereo_validity stereo_validity (raw) MW_window MW_window (raw) synthetic_feasibility synthetic_feasibility (raw) curated alerts filter curated alerts filter (raw) scaffold_novelty (predicted_activity) taf_disrupted (predicted_activity) taf_consistency (predicted_activity) matchting_patterns (curated alerts filter)
 | 25.6577 26.0177 -26.0177 0.0000000 CC(C)n1ccc(CC(NN)c2cc(F)ccc2Cl)n1 1 0.0000000 0.0000 0.0000000 0.0000 0.0000000 0.0000 0.0000000 0.0000 0.0000000 0.0000 0.0000000 0.0000 0.0000000 0.0000 0.0000000 0.0000 None None None ['[#7;!n][#7;!n]']
 | 28.3596 28.6160 -8.8094 0.1547394 CCCNc1ccc(NC2CCOC2)cc1Cl 1 0.1600000 0.1600 0.2469324 0.2469 0.3666061 0.3666 0.8043441 0.8043 0.0000000 0.0000 1.0000000 254.7610 0.5369450 2.6074 1.0000000 1.0000 1.0 0.6666666666666667 0.3333333333333333 []
 | 47.3599 48.8111 21.0115 0.5454887 C[C@]1(CC(=O)OCc2ccccc2)C[C@@H](C(=O)NCCCOS(C)(=O)=O)N(C(=O)OCc2ccccc2)C1 1 0.2000000 0.2000 0.4169261 0.4169 0.4000000 0.4000 0.6789562 0.6790 1.0000000 1.0000 1.0000000 546.6420 0.5566962 3.4729 1.0000000 1.0000 1.0 0.33333333333333337 0.6666666666666666 []
 | 43.3777 44.1498 20.0952 0.5019136 CC(C)(C)OC(=O)NS(=O)(=O)Cc1ccc(C[C@@H]2CCNCC2O)cc1 1 0.1850000 0.1850 0.2993453 0.2993 0.3882976 0.3883 0.7576069 0.7576 0.5000000 0.5000 1.0000000 384.4980 0.5527284 3.2985 1.0000000 1.0000 1.0 0.33333333333333337 0.6666666666666666 []
 | 29.7402 30.9101 42.9099 0.5767188 O=c1cc(CN2CCN(c3ncccn3)CC2)oc([C@H](O)c2ccccc2)c1O 1 0.3250000 0.3250 0.3757691 0.3758 0.4683748 0.4684 0.6242309 0.6242 1.0000000 1.0000 1.0000000 394.4310 0.5464298 3.0222 1.0000000 1.0000 1.0 0.6666666666666667 0.3333333333333333 []
 | 32.3008 34.0483 31.6845 0.5135378 Cc1ccc(NC(=O)Cc2ccc(Cc3ccncc3)cc2)nn1 1 0.2100000 0.2100 0.2005649 0.2006 0.4073082 0.4073 0.8108108 0.8108 1.0000000 1.0000 1.0000000 318.3800 0.5252157 2.0960 1.0000000 1.0000 1.0 0.6666666666666667 0.3333333333333333 []
 | 29.4590 29.9209 -8.9681 0.1636942 Cc1ccc(=O)n(CCNC(=O)c2cccc(OCC3CCCO3)c2)n1 1 0.2100000 0.2100 0.3080832 0.3081 0.4073082 0.4073 0.7008133 0.7008 0.0000000 0.0000 1.0000000 357.4100 0.5376299 2.6373 1.0000000 1.0000 1.0 0.6666666666666667 0.3333333333333333 []
 | 60.8696 62.3394 -3.1242 0.4626187 O=C1OC=C2CCC[C@H]3C[C@](O)(CCCCCn4ccnc4)[C@H]4CC[C@@H]1[C@H]2C34 1 0.1200000 0.1200 0.2235195 0.2235 0.3249615 0.3250 0.8129902 0.8130 0.8333333 0.8333 1.0000000 384.5200 0.5277728 4.7926 1.0000000 1.0000 1.0 0.33333333333333337 0.6666666666666666 []
 | 57.0275 59.9067 6.3231 0.5174209 CC1(C)C[C@H](S(=O)(=O)N2CC(F)C[C@H]2C(=O)Nc2cc(Cc3ccccc3)cnn2)CO1 1 0.1850000 0.1850 0.3621841 0.3622 0.3882976 0.3883 0.7123018 0.7123 0.6666667 0.6667 1.0000000 462.5470 0.5436375 4.1000 1.0000000 1.0000 1.0 0.6666666666666667 0.3333333333333333 []
 | 53.1342 53.6763 15.1277 0.5375308 CCc1ccc(NC(=S)Nc2ccc3ccc(O)cc3c2)c2nc(CN)[nH]c12 1 0.2750000 0.2750 0.1903297 0.1903 0.4465143 0.4465 0.8176157 0.8176 1.0000000 1.0000 1.0000000 391.5000 0.5386439 2.6816 1.0000000 1.0000 1.0 0.6666666666666667 0.3333333333333333 []
21:13:20 <INFO> Sampled SMILES c12c(C[C@](NC1=O)(C)CC(N[C@@H](CC(N)=O)c1ccc3c(c1)CCCC3)=O)c(-c1ccccc1)[nH]2 failed to sanitize.
21:13:24 <INFO> Score: 0.42 Agent NLL: 33.04 Valid:  98% Step: 17
 | Agent Prior Target Score SMILES SMILES_state predicted_activity predicted_activity (raw) training_similarity training_similarity (raw) uncertainty uncertainty (raw) novelty novelty (raw) stereo_validity stereo_validity (raw) MW_window MW_window (raw) synthetic_feasibility synthetic_feasibility (raw) curated alerts filter curated alerts filter (raw) scaffold_novelty (predicted_activity) taf_disrupted (predicted_activity) taf_consistency (predicted_activity) matchting_patterns (curated alerts filter)
 | 22.2822 22.4504 -21.1389 0.0102460 CC(=O)c1cc(F)c(C)c(F)c1 1 0.2000000 0.2000 0.2300895 0.2301 0.4000000 0.4000 0.7958759 0.7959 1.0000000 1.0000 0.0000000 170.1580 0.5229279 1.9964 1.0000000 1.0000 1.0 1.0 0.0 []
 | 28.2678 27.6009 -27.6009 0.0000000 O=C1Nc2ccc([N+](=O)[O-])cc2/C1=N\Nc1ccccc1 1 0.0000000 0.0000 0.0000000 0.0000 0.0000000 0.0000 0.0000000 0.0000 0.0000000 0.0000 0.0000000 0.0000 0.0000000 0.0000 0.0000000 0.0000 None None None ['[#7;!n][#7;!n]']
 | 42.6448 45.5503 27.8511 0.5734486 Cc1nn(C)c(C)c1S(=O)(=O)N[C@@H](CC(N)=O)Cc1cccc(C(N)=O)c1 1 0.3750000 0.3750 0.2279804 0.2280 0.4841229 0.4841 0.7720196 0.7720 1.0000000 1.0000 1.0000000 393.4690 0.5447826 2.9501 1.0000000 1.0000 1.0 0.6666666666666667 0.3333333333333333 []
 | 31.3224 31.6410 32.4778 0.5009286 CC(=O)NCc1cc(Cl)cc(C(=O)N2CCCCCC2)c1 1 0.1700000 0.1700 0.2226468 0.2226 0.3756328 0.3756 0.8222953 0.8223 1.0000000 1.0000 1.0000000 308.8090 0.5208737 1.9071 1.0000000 1.0000 1.0 0.6666666666666667 0.3333333333333333 []
 | 24.8022 25.2588 42.6395 0.5304560 Cc1ccc(CNc2ncc([N+](=O)[O-])cc2C(=O)O)cc1 1 0.2200000 0.2200 0.2588415 0.2588 0.4142463 0.4142 0.7716942 0.7717 1.0000000 1.0000 1.0000000 287.2750 0.5238555 2.0368 1.0000000 1.0000 1.0 0.6666666666666667 0.3333333333333333 []
 | 41.6289 43.0180 26.4563 0.5427682 Cn1cc(-c2ccc([C@H](O)c3ccccc3-c3nc(CO)cs3)cc2)cn1 1 0.2600000 0.2600 0.2412253 0.2412 0.4386342 0.4386 0.7627105 0.7627 1.0000000 1.0000 1.0000000 377.4690 0.5438941 2.9112 1.0000000 1.0000 1.0 0.6666666666666667 0.3333333333333333 []
 | 31.0970 31.4996 36.9613 0.5348506 Cc1ccc(S(=O)(=O)N2CCC(C(=O)OCC(=O)N[C@@H](c3ccccc3)c3cccs3)CC2)cc1 1 0.2350000 0.2350 0.2580971 0.2581 0.4239988 0.4240 0.7431649 0.7432 1.0000000 1.0000 1.0000000 512.6530 0.5391534 2.7039 1.0000000 1.0000 1.0 0.33333333333333337 0.6666666666666666 []
 | 40.6968 41.0068 -19.3241 0.1693964 CC/C=C\CC1(O)C=Cc2cc(OCc3ccccc3)ccc2OC1=O 1 0.2350000 0.2350 0.4270814 0.4271 0.4239988 0.4240 0.5856317 0.5856 0.0000000 0.0000 1.0000000 350.4140 0.5509228 3.2192 1.0000000 1.0000 1.0 0.6666666666666667 0.3333333333333333 []
 | 67.8166 69.6033 -6.8507 0.4902545 CCc1ccc(N2CCC[C@H]3[C@@H]2[C@H]2OC(C)(C)O[C@@H]2[C@@H]2[C@H](CC4CO4)OC[C@@]23c2ccccc2)cc1 1 0.1300000 0.1300 0.3427531 0.3428 0.3363034 0.3363 0.7407275 0.7407 0.8750000 0.8750 1.0000000 489.6560 0.5295672 4.7144 1.0000000 1.0000 1.0 1.0 0.0 []
 | 30.2781 30.6329 37.1056 0.5292074 C=C(CO)COCc1cc(CN)c(C)o1 1 0.2150000 0.2150 0.2511059 0.2511 0.4108223 0.4108 0.7776920 0.7777 1.0000000 1.0000 1.0000000 211.2610 0.5460300 3.0047 1.0000000 1.0000 1.0 0.6666666666666667 0.3333333333333333 []
21:13:24 <INFO> Sampled SMILES c1cc(COc2c(OCC)cc(C(=O)N/N=C/c3cc(C)n(c3C)-c3cc(C)ccc3)c2)ccc1 failed to sanitize.
21:13:28 <INFO> Score: 0.43 Agent NLL: 33.00 Valid:  98% Step: 18
 | Agent Prior Target Score SMILES SMILES_state predicted_activity predicted_activity (raw) training_similarity training_similarity (raw) uncertainty uncertainty (raw) novelty novelty (raw) stereo_validity stereo_validity (raw) MW_window MW_window (raw) synthetic_feasibility synthetic_feasibility (raw) curated alerts filter curated alerts filter (raw) scaffold_novelty (predicted_activity) taf_disrupted (predicted_activity) taf_consistency (predicted_activity) matchting_patterns (curated alerts filter)
 | 25.5012 29.1884 38.8452 0.5315122 CCN(Cc1cccc(F)c1)[C@@H]1C[C@H](C)S(=O)(=O)C1 1 0.2100000 0.2100 0.2682927 0.2683 0.4073082 0.4073 0.7689267 0.7689 1.0000000 1.0000 1.0000000 285.3840 0.5572013 3.5049 1.0000000 1.0000 1.0 1.0 0.0 []
 | 37.8331 39.3143 24.6311 0.4995738 CCc1cc(C(=O)COC2=CCCCCC2)c(C)n1C[C@@H]1CCCO1 1 0.1550000 0.1550 0.2661946 0.2662 0.3619047 0.3619 0.7571785 0.7572 1.0000000 1.0000 1.0000000 345.4830 0.5525360 3.2901 1.0000000 1.0000 1.0 1.0 0.0 []
 | 41.9814 44.0529 28.7647 0.5688878 Cc1c(C(=O)N[C@H](C)c2ccc3c(c2)CC[C@@H](c2cccnc2)C3)cnn1CCO 1 0.3100000 0.3100 0.2785430 0.2785 0.4624932 0.4625 0.7500000 0.7500 1.0000000 1.0000 1.0000000 404.5140 0.5517079 3.2537 1.0000000 1.0000 1.0 0.6666666666666667 0.3333333333333333 []
 | 25.7957 26.1312 37.1726 0.4945612 C=CCn1c(SCC(=O)c2ccc(C)cc2)nnc1-c1ccoc1C 1 0.1550000 0.1550 0.2231054 0.2231 0.3619047 0.3619 0.8356010 0.8356 1.0000000 1.0000 1.0000000 353.4470 0.5305639 2.3290 1.0000000 1.0000 1.0 1.0 0.0 []
 | 25.7823 25.5297 -5.6658 0.1551860 Cc1ccc(Oc2ccc(C(C)N)cc2Cl)cc1Cl 1 0.1950000 0.1950 0.1739313 0.1739 0.3962007 0.3962 0.8590290 0.8590 0.0000000 0.0000 1.0000000 296.1970 0.5312318 2.3581 1.0000000 1.0000 1.0 0.6666666666666667 0.3333333333333333 []
 | 44.5575 45.1112 21.7563 0.5224028 Cc1cc(O[C@@H](C)c2cccc(S(=O)(=O)N(C)C)c2)c2c(C)nn(-c3ccccc3)c2n1 1 0.2200000 0.2200 0.2125256 0.2125 0.4142463 0.4142 0.7986532 0.7987 1.0000000 1.0000 1.0000000 450.5640 0.5440581 2.9184 1.0000000 1.0000 1.0 1.0 0.0 []
 | 27.1252 27.3056 43.1557 0.5504789 O=C(CSc1nnc(NC(=O)c2ccco2)s1)Nc1cccnc1Cl 1 0.2750000 0.2750 0.2709832 0.2710 0.4465143 0.4465 0.7290168 0.7290 1.0000000 1.0000 1.0000000 395.8530 0.5297223 2.2923 1.0000000 1.0000 1.0 0.6666666666666667 0.3333333333333333 []
 | 36.0757 37.5241 29.8833 0.5266203 CCc1ccc(-n2nnnc2COc2cccc(CNCCc3ccccc3)c2)cc1 1 0.2000000 0.2000 0.3032037 0.3032 0.4000000 0.4000 0.7264236 0.7264 1.0000000 1.0000 1.0000000 413.5250 0.5259479 2.1279 1.0000000 1.0000 1.0 0.6666666666666667 0.3333333333333333 []
 | 34.2326 32.9579 -31.7371 0.0095372 CCCCCCN1C(=O)S/C(=C/c2cc(I)c(OCc3ccccc3F)c(OC)c2)C1=O 1 0.1250000 0.1250 0.2853102 0.2853 0.3307189 0.3307 0.7474104 0.7474 1.0000000 1.0000 0.0000000 569.4360 0.5329215 2.4318 1.0000000 1.0000 1.0 1.0 0.0 []
 | 33.9684 34.7822 32.6181 0.5265646 Cc1cccc(C)c1C(=O)N1CCC[C@H]1c1ccc2c(c1)NCCO2 1 0.2150000 0.2150 0.2372321 0.2372 0.4108223 0.4108 0.7907543 0.7908 1.0000000 1.0000 1.0000000 336.4350 0.5430313 2.8735 1.0000000 1.0000 1.0 0.6666666666666667 0.3333333333333333 []
21:13:28 <INFO> Sampled SMILES O=S(CCC(F)(F)F)(=O)CC(CO[C@H]1[C@]2(C)CC[C@@]3([C@]4(C)CCC([C@@]5(OOC(C=C54)O)C)=O)[C@]2([C@H](C1O)O)CC(n1c2ncccc2ccc31)=C)=O failed to sanitize.
21:13:28 <INFO> Sampled SMILES c1ccc(S(=O)(=O)NCCOCC2CC2)c1CNC failed to sanitize.
21:13:28 <INFO> Sampled SMILES C1C(C)N(CC1)CCn1cc(OC)c(Nc2cnc(C#N)cn2)c(=O)c1C failed to sanitize.
21:13:32 <INFO> Score: 0.43 Agent NLL: 33.82 Valid:  95% Step: 19
 | Agent Prior Target Score SMILES SMILES_state predicted_activity predicted_activity (raw) training_similarity training_similarity (raw) uncertainty uncertainty (raw) novelty novelty (raw) stereo_validity stereo_validity (raw) MW_window MW_window (raw) synthetic_feasibility synthetic_feasibility (raw) curated alerts filter curated alerts filter (raw) scaffold_novelty (predicted_activity) taf_disrupted (predicted_activity) taf_consistency (predicted_activity) matchting_patterns (curated alerts filter)
 | 33.1100 34.8282 31.2564 0.5162862 CCCCc1ccccc1N=Cc1ccc(O)c(CN2CCCC2)c1 1 0.1700000 0.1700 0.2961437 0.2961 0.3756328 0.3756 0.7841795 0.7842 1.0000000 1.0000 1.0000000 336.4790 0.5300626 2.3072 1.0000000 1.0000 1.0 1.0 0.0 []
 | 35.2911 35.7394 32.9655 0.5367570 CN(C)[C@@H](CNC(=O)[C@@H]1C[C@@H]2CCC[C@H]2[C@H]1C(=O)O)c1ccco1 1 0.2350000 0.2350 0.2600255 0.2600 0.4239988 0.4240 0.7467749 0.7468 1.0000000 1.0000 1.0000000 334.4160 0.5482649 3.8973 1.0000000 1.0000 1.0 0.6666666666666667 0.3333333333333333 []
 | 30.6698 31.6744 32.4803 0.5012082 CCCOc1ccc(C)cc1-c1csc(COCC)n1 1 0.1650000 0.1650 0.2727724 0.2728 0.3711805 0.3712 0.7272276 0.7272 1.0000000 1.0000 1.0000000 291.4160 0.5270882 2.1776 1.0000000 1.0000 1.0 1.0 0.0 []
 | 28.3765 27.8897 -6.0459 0.1706546 CCN(C1CCCC1)C(CO)Cc1ccccc1 1 0.2550000 0.2550 0.3947187 0.3947 0.4358612 0.4359 0.6052813 0.6053 0.0000000 0.0000 1.0000000 247.3820 0.5370266 2.6110 1.0000000 1.0000 1.0 0.6666666666666667 0.3333333333333333 []
 | 29.4095 29.5374 39.8579 0.5421507 CCCC(=O)Nc1ccc(NC(=S)NC(=O)c2ccc(C(C)C)cc2)cc1C 1 0.2600000 0.2600 0.2439750 0.2440 0.4386342 0.4386 0.7703603 0.7704 1.0000000 1.0000 1.0000000 397.5440 0.5224264 1.9746 1.0000000 1.0000 1.0 0.6666666666666667 0.3333333333333333 []
 | 34.9590 37.5920 30.9530 0.5355079 NCc1csc(C(=O)NC2CCC(NCc3ccncc3)CC2)c1 1 0.2550000 0.2550 0.2205644 0.2206 0.4358612 0.4359 0.7794356 0.7794 1.0000000 1.0000 1.0000000 344.4840 0.5321967 2.4002 1.0000000 1.0000 1.0 0.6666666666666667 0.3333333333333333 []
 | 31.4029 33.1196 34.0074 0.5244298 Cn1cc(CCC(=O)N2CC[C@@H](N)C2)c2cccc(Cl)c21 1 0.2200000 0.2200 0.2201127 0.2201 0.4142463 0.4142 0.7971243 0.7971 1.0000000 1.0000 1.0000000 305.8090 0.5426325 2.8560 1.0000000 1.0000 1.0 0.6666666666666667 0.3333333333333333 []
 | 33.3062 33.7231 26.5617 0.4709754 CN(CCC(=O)NC12CC3CC(CC(C3)C1)C2)C1=CC=CCC1 1 0.1200000 0.1200 0.2409814 0.2410 0.3249615 0.3250 0.7831168 0.7831 1.0000000 1.0000 1.0000000 314.4730 0.5430447 4.1260 1.0000000 1.0000 1.0 0.6666666666666667 0.3333333333333333 []
 | 40.5177 39.9513 21.0708 0.4767348 CC(=O)C1(O)C[C@@H](c2ccc(Br)cc2)N(c2ccc(C)cc2)C1=O 1 0.1550000 0.1550 0.2678358 0.2678 0.3619047 0.3619 0.7433803 0.7434 0.5000000 0.5000 1.0000000 388.2610 0.5514684 3.2432 1.0000000 1.0000 1.0 0.33333333333333337 0.6666666666666666 []
 | 25.9000 24.6635 43.7258 0.5342917 Cc1cc(NS(C)(=O)=O)c(C)cc1O 1 0.2550000 0.2550 0.2057983 0.2058 0.4358612 0.4359 0.8174258 0.8174 1.0000000 1.0000 1.0000000 215.2740 0.5246062 2.0695 1.0000000 1.0000 1.0 0.6666666666666667 0.3333333333333333 []
21:13:32 <INFO> Sampled SMILES C1S(=O)(=O)C[C@@]2(C)[C@@H]1Cc1c(-c3ccccc3)nn(C)c1=N2 failed to sanitize.
21:13:36 <INFO> Score: 0.43 Agent NLL: 33.22 Valid:  98% Step: 20
 | Agent Prior Target Score SMILES SMILES_state predicted_activity predicted_activity (raw) training_similarity training_similarity (raw) uncertainty uncertainty (raw) novelty novelty (raw) stereo_validity stereo_validity (raw) MW_window MW_window (raw) synthetic_feasibility synthetic_feasibility (raw) curated alerts filter curated alerts filter (raw) scaffold_novelty (predicted_activity) taf_disrupted (predicted_activity) taf_consistency (predicted_activity) matchting_patterns (curated alerts filter)
 | 26.1744 27.1438 -5.6333 0.1680507 Cc1ccc(NC(C)Cc2cccc(F)c2)nc1 1 0.2600000 0.2600 0.2533473 0.2533 0.4386342 0.4386 0.7599787 0.7600 0.0000000 0.0000 1.0000000 244.3130 0.5323779 2.4081 1.0000000 1.0000 1.0 0.6666666666666667 0.3333333333333333 []
 | 28.3721 28.1115 40.2586 0.5341414 COc1ccc(C(=O)NCc2ccccc2C)cc1S(=O)(=O)N(C)C 1 0.2100000 0.2100 0.3011721 0.3012 0.4073082 0.4073 0.7576069 0.7576 1.0000000 1.0000 1.0000000 362.4510 0.5202536 1.8801 1.0000000 1.0000 1.0 0.6666666666666667 0.3333333333333333 []
 | 29.4271 32.9118 30.0144 0.4916109 CCc1nc2nc(C)cc(NCCc3ccc(F)c(F)c3)n2n1 1 0.1950000 0.1950 0.1412645 0.1413 0.3962007 0.3962 0.8760796 0.8761 1.0000000 1.0000 1.0000000 317.3430 0.5336641 2.4642 1.0000000 1.0000 1.0 0.6666666666666667 0.3333333333333333 []
 | 33.0601 32.4135 -11.3016 0.1649366 CC(N)c1nc(C(=O)N2CCN(Cc3ccccc3F)CC2)co1 1 0.2400000 0.2400 0.2396406 0.2396 0.4270831 0.4271 0.7651443 0.7651 0.0000000 0.0000 1.0000000 332.3790 0.5396136 2.7240 1.0000000 1.0000 1.0 0.6666666666666667 0.3333333333333333 []
 | 48.5151 47.4757 18.7006 0.5170024 CCCCCCc1ccc(N2C[C@H](c3ccc(Cl)cc3Cl)O[C@H](CC)C2=O)cc1C(=O)O 1 0.1600000 0.1600 0.3350831 0.3351 0.3666061 0.3666 0.7489605 0.7490 1.0000000 1.0000 1.0000000 478.4160 0.5558956 3.4377 1.0000000 1.0000 1.0 1.0 0.0 []
 | 29.4967 31.3497 38.3997 0.5449169 Cn1nccc1-c1csc(CCCNC(=O)c2ccn[nH]2)n1 1 0.2800000 0.2800 0.2196940 0.2197 0.4489989 0.4490 0.7803060 0.7803 1.0000000 1.0000 1.0000000 316.3900 0.5395728 2.7222 1.0000000 1.0000 1.0 0.6666666666666667 0.3333333333333333 []
 | 25.1031 26.4866 44.7210 0.5563096 Cn1ccnc1CNC(=O)c1ccc(Cl)o1 1 0.2850000 0.2850 0.2895740 0.2896 0.4514144 0.4514 0.7104260 0.7104 1.0000000 1.0000 1.0000000 239.6620 0.5314205 2.3664 1.0000000 1.0000 1.0 0.6666666666666667 0.3333333333333333 []
 | 46.7758 47.5393 19.7905 0.5260146 C=c1[nH]c(=C/C=C\C(=O)c2coc3ccccc23)c(=O)n1-c1ccccc1 1 0.2200000 0.2200 0.2372895 0.2373 0.4142463 0.4142 0.7627105 0.7627 1.0000000 1.0000 1.0000000 356.3810 0.5474313 3.0661 1.0000000 1.0000 1.0 1.0 0.0 []
 | 40.9460 43.9747 -43.9747 0.0000000 C1S(=O)(=O)C[C@@]2(C)[C@@H]1Cc1c(-c3ccccc3)nn(C)c1=N2 0 0.0000000 0.0000 0.0000000 0.0000 0.0000000 0.0000 0.0000000 0.0000 0.0000000 0.0000 0.0000000 0.0000 0.0000000 0.0000 0.0000000 0.0000 None None None None
 | 28.5205 31.3215 34.2644 0.5123901 COc1ccccc1OCCCc1ccc(-c2ccccc2CN)cc1 1 0.1850000 0.1850 0.2742043 0.2742 0.3882976 0.3883 0.7333096 0.7333 1.0000000 1.0000 1.0000000 347.4580 0.5183191 1.7959 1.0000000 1.0000 1.0 0.6666666666666667 0.3333333333333333 []
21:13:39 <INFO> Score: 0.43 Agent NLL: 32.62 Valid: 100% Step: 21
 | Agent Prior Target Score SMILES SMILES_state predicted_activity predicted_activity (raw) training_similarity training_similarity (raw) uncertainty uncertainty (raw) novelty novelty (raw) stereo_validity stereo_validity (raw) MW_window MW_window (raw) synthetic_feasibility synthetic_feasibility (raw) curated alerts filter curated alerts filter (raw) scaffold_novelty (predicted_activity) taf_disrupted (predicted_activity) taf_consistency (predicted_activity) matchting_patterns (curated alerts filter)
 | 22.5555 23.4646 39.6880 0.4933803 COc1ccc(Br)cc1CNCc1cncs1 1 0.1450000 0.1450 0.2409901 0.2410 0.3521008 0.3521 0.8399858 0.8400 1.0000000 1.0000 1.0000000 313.2200 0.5296304 2.2883 1.0000000 1.0000 1.0 0.33333333333333337 0.6666666666666666 []
 | 29.4506 28.0079 38.5724 0.5201588 CCOC(=O)CC1=NCC(C)=CN1 1 0.1950000 0.1950 0.2484709 0.2485 0.3962007 0.3962 0.7812500 0.7812 1.0000000 1.0000 1.0000000 182.2230 0.5533738 3.3269 1.0000000 1.0000 1.0 0.33333333333333337 0.6666666666666666 []
 | 31.9258 36.0381 32.7631 0.5375091 CN(Cc1ccccc1)C(=O)CCc1oc(-c2nc3ccccc3s2)cc1C#N 1 0.2400000 0.2400 0.2649202 0.2649 0.4270831 0.4271 0.7363752 0.7364 1.0000000 1.0000 1.0000000 401.4910 0.5361599 2.5732 1.0000000 1.0000 1.0 0.6666666666666667 0.3333333333333333 []
 | 53.3869 54.5695 -34.2579 0.1586849 CCCc1ccc(C2=CC3=C(CC2)CC(CC=O)C=C3C#Cc2ccccc2)cn1 1 0.1900000 0.1900 0.2439851 0.2440 0.3923009 0.3923 0.7645678 0.7646 0.0000000 0.0000 1.0000000 393.5300 0.5504797 3.8002 1.0000000 1.0000 1.0 0.6666666666666667 0.3333333333333333 []
 | 54.7847 54.0756 -54.0756 0.0000000 Cc1cccc(C)c1OCC(=O)Nc1ccc(Oc2ncnc3ccc(N(c4c(F)cccc4F)S(=O)O)cc23)c(F)c1 1 0.0000000 0.0000 0.0000000 0.0000 0.0000000 0.0000 0.0000000 0.0000 0.0000000 0.0000 0.0000000 0.0000 0.0000000 0.0000 0.0000000 0.0000 None None None ['[#7;!n][S;!$(S(=O)=O)]']
 | 28.7629 27.6096 43.4878 0.5554490 COc1cc([C@@H]2NC(=O)NC(C)=C2C(=O)OC(C)C)cc(Br)c1O 1 0.2450000 0.2450 0.3252033 0.3252 0.4300872 0.4301 0.7421447 0.7421 1.0000000 1.0000 1.0000000 399.2410 0.5445138 2.9383 1.0000000 1.0000 1.0 0.0 1.0 []
 | 28.7821 29.3615 36.1495 0.5118046 COCCNC(=O)N1CCN([C@H](C)CC(C)C)CC1 1 0.1850000 0.1850 0.2511059 0.2511 0.3882976 0.3883 0.7609543 0.7610 1.0000000 1.0000 1.0000000 271.4050 0.5371259 2.6153 1.0000000 1.0000 1.0 0.6666666666666667 0.3333333333333333 []
 | 26.8727 27.3482 43.7394 0.5553726 NCc1cc(CO)ccc1S(N)(=O)=O 1 0.3000000 0.3000 0.2485479 0.2485 0.4582576 0.4583 0.7514521 0.7515 1.0000000 1.0000 1.0000000 216.2620 0.5294425 2.2802 1.0000000 1.0000 1.0 0.6666666666666667 0.3333333333333333 []
 | 21.6308 24.1318 43.3293 0.5270403 CCCNCc1ccc(SCCCO)c(F)c1 1 0.2150000 0.2150 0.2467838 0.2468 0.4108223 0.4108 0.7866477 0.7866 1.0000000 1.0000 1.0000000 257.3740 0.5266926 2.1603 1.0000000 1.0000 1.0 0.6666666666666667 0.3333333333333333 []
 | 20.8250 22.9129 43.4197 0.5182231 c1coc(CNCc2cccc3ccccc23)c1 1 0.2100000 0.2100 0.2243971 0.2244 0.4073082 0.4073 0.7933115 0.7933 1.0000000 1.0000 1.0000000 237.3020 0.5176799 1.7681 1.0000000 1.0000 1.0 0.6666666666666667 0.3333333333333333 []
21:13:39 <INFO> Sampled SMILES c1cc(ccc1)C(c1ccccc1)(c1ccccc1)OCC([C@]1(O)[C@@]2(C)CCC3[C@@H]([C@H]2CC=1)CC[C@@H]1[C@]3(CN(Cc2ccccc2)C1=O)C)=O failed to sanitize.
21:13:43 <INFO> Score: 0.39 Agent NLL: 32.76 Valid:  98% Step: 22
 | Agent Prior Target Score SMILES SMILES_state predicted_activity predicted_activity (raw) training_similarity training_similarity (raw) uncertainty uncertainty (raw) novelty novelty (raw) stereo_validity stereo_validity (raw) MW_window MW_window (raw) synthetic_feasibility synthetic_feasibility (raw) curated alerts filter curated alerts filter (raw) scaffold_novelty (predicted_activity) taf_disrupted (predicted_activity) taf_consistency (predicted_activity) matchting_patterns (curated alerts filter)
 | 43.2717 43.2834 21.9187 0.5093912 N#Cc1cc(NC(=O)Cn2ncc3cc(NC(=O)CCCCCN)ccc32)ccc1F 1 0.2450000 0.2450 0.1367527 0.1368 0.4300872 0.4301 0.8669947 0.8670 1.0000000 1.0000 1.0000000 422.4640 0.5321758 2.3993 1.0000000 1.0000 1.0 0.33333333333333337 0.6666666666666666 []
 | 32.4767 32.5785 -12.7110 0.1552146 O=C(O)C1CC2C=CC=CC2=C2CCCCN21 1 0.1950000 0.1950 0.1754943 0.1755 0.3962007 0.3962 0.8378379 0.8378 0.0000000 0.0000 1.0000000 231.2950 0.5479369 3.9117 1.0000000 1.0000 1.0 1.0 0.0 []
 | 23.2615 22.7621 -2.0989 0.1614315 O=C1CC(Cl)CN1c1cccc(Cl)c1 1 0.2150000 0.2150 0.2281064 0.2281 0.4108223 0.4108 0.7851655 0.7852 0.0000000 0.0000 1.0000000 230.0940 0.5415543 2.8089 1.0000000 1.0000 1.0 1.0 0.0 []
 | 23.5872 24.2270 -2.2280 0.1718672 OC(CCC(F)(F)F)Cc1c(Cl)cccc1Br 1 0.3050000 0.3050 0.2389761 0.2390 0.4604074 0.4604 0.7610239 0.7610 0.0000000 0.0000 1.0000000 331.5590 0.5444628 2.9361 1.0000000 1.0000 1.0 0.33333333333333337 0.6666666666666666 []
 | 26.3899 26.8414 43.4932 0.5494887 C=CCNC(=O)c1cccc(NC(=O)c2cccc(I)c2)c1 1 0.2500000 0.2500 0.2786820 0.2787 0.4330127 0.4330 0.7866477 0.7866 1.0000000 1.0000 1.0000000 406.2230 0.5215450 1.9363 1.0000000 1.0000 1.0 0.6666666666666667 0.3333333333333333 []
 | 24.9333 24.3629 43.4979 0.5301621 CCN(CC(=O)O)C(=O)Cc1ccccc1OC 1 0.2050000 0.2050 0.3138824 0.3139 0.4037016 0.4037 0.7221150 0.7221 1.0000000 1.0000 1.0000000 251.2820 0.5196081 1.8520 1.0000000 1.0000 1.0 1.0 0.0 []
 | 24.9257 24.3975 44.3378 0.5369940 O=C(Nc1ccccc1)NC(Cl)(Cl)Cl 1 0.2400000 0.2400 0.2684624 0.2685 0.4270831 0.4271 0.7315376 0.7315 1.0000000 1.0000 1.0000000 253.5160 0.5284911 2.2387 1.0000000 1.0000 1.0 0.6666666666666667 0.3333333333333333 []
 | 30.8769 32.3321 -32.3321 0.0000000 CCN(CC)c1ccc(O)cc1NSc1ccccc1 1 0.0000000 0.0000 0.0000000 0.0000 0.0000000 0.0000 0.0000000 0.0000 0.0000000 0.0000 0.0000000 0.0000 0.0000000 0.0000 0.0000000 0.0000 None None None ['[#7;!n][S;!$(S(=O)=O)]']
 | 29.3292 29.9107 40.3449 0.5488714 NCc1cc(OCCCO)cc(C(N)=O)c1 1 0.2500000 0.2500 0.2988072 0.2988 0.4330127 0.4330 0.7384428 0.7384 1.0000000 1.0000 1.0000000 224.2600 0.5251775 2.0944 1.0000000 1.0000 1.0 0.6666666666666667 0.3333333333333333 []
 | 30.1375 30.6223 34.4858 0.5086573 Clc1ccc(C=CCc2ccc3c(c2)OCO3)o1 1 0.2050000 0.2050 0.1822027 0.1822 0.4037016 0.4037 0.8356010 0.8356 1.0000000 1.0000 1.0000000 262.6920 0.5353757 2.5389 1.0000000 1.0000 1.0 1.0 0.0 []
21:13:47 <INFO> Score: 0.43 Agent NLL: 32.65 Valid: 100% Step: 23
 | Agent Prior Target Score SMILES SMILES_state predicted_activity predicted_activity (raw) training_similarity training_similarity (raw) uncertainty uncertainty (raw) novelty novelty (raw) stereo_validity stereo_validity (raw) MW_window MW_window (raw) synthetic_feasibility synthetic_feasibility (raw) curated alerts filter curated alerts filter (raw) scaffold_novelty (predicted_activity) taf_disrupted (predicted_activity) taf_consistency (predicted_activity) matchting_patterns (curated alerts filter)
 | 46.0440 45.5465 21.3807 0.5228682 Cc1ccc(N2C(=O)c3ccnn3C[C@@H]2C(=O)N(C)c2c(F)cccc2F)cc1C 1 0.2100000 0.2100 0.2333800 0.2334 0.4073082 0.4073 0.7763932 0.7764 1.0000000 1.0000 1.0000000 410.4240 0.5559227 3.4389 1.0000000 1.0000 1.0 1.0 0.0 []
 | 41.3923 41.8413 17.9048 0.4667665 CCCCOC(=O)[C@H]1[C@H](NC(=O)OC(C)(C)C)[C@@H]2O[C@@H]1[C@@H]1OC(C)(C)O[C@H]12 1 0.0900000 0.0900 0.3914516 0.3915 0.2861818 0.2862 0.7393570 0.7394 1.0000000 1.0000 1.0000000 385.4570 0.5255698 4.8885 1.0000000 1.0000 1.0 0.33333333333333337 0.6666666666666666 []
 | 26.3227 28.0469 39.5574 0.5281580 Cc1cccc(Nc2nnc(-c3ccc(N)cc3)o2)c1C 1 0.2450000 0.2450 0.2005649 0.2006 0.4300872 0.4301 0.8108108 0.8108 1.0000000 1.0000 1.0000000 280.3310 0.5256835 2.1164 1.0000000 1.0000 1.0 0.6666666666666667 0.3333333333333333 []
 | 37.9820 35.3634 29.7490 0.5086911 Cc1noc(C)c1-c1nc([C@H](C)N(C(=O)C(C)(C)C)C2CC2)no1 1 0.1850000 0.1850 0.2247333 0.2247 0.3882976 0.3883 0.7798073 0.7798 1.0000000 1.0000 1.0000000 332.4040 0.5571694 3.4937 1.0000000 1.0000 1.0 1.0 0.0 []
 | 24.7356 25.9637 -24.6339 0.0103889 N#CC[C@@H](O)[C@@H](O)C[N+](=O)[O-] 1 0.2250000 0.2250 0.2114722 0.2115 0.4175823 0.4176 0.7914856 0.7915 1.0000000 1.0000 0.0000000 160.1290 0.5423447 4.1566 1.0000000 1.0000 1.0 0.33333333333333337 0.6666666666666666 []
 | 32.1021 32.2880 32.0101 0.5023294 c1csc(-c2nccc3c2ccc2nncn23)c1 1 0.2300000 0.2300 0.1333452 0.1333 0.4208325 0.4208 0.8666548 0.8667 1.0000000 1.0000 1.0000000 252.3020 0.5355742 2.5476 1.0000000 1.0000 1.0 1.0 0.0 []
 | 33.3963 32.8991 -13.4456 0.1519805 CN1CCC(C)(c2nnc3n2CCCC3CO)C1 1 0.1500000 0.1500 0.2357023 0.2357 0.3570714 0.3571 0.7979274 0.7979 0.0000000 0.0000 1.0000000 250.3460 0.5460452 3.9946 1.0000000 1.0000 1.0 0.6666666666666667 0.3333333333333333 []
 | 33.7170 35.0173 -35.0173 0.0000000 FC(F)(F)c1cc(NN=Cc2cccs2)nc(NCCc2ccccc2)n1 1 0.0000000 0.0000 0.0000000 0.0000 0.0000000 0.0000 0.0000000 0.0000 0.0000000 0.0000 0.0000000 0.0000 0.0000000 0.0000 0.0000000 0.0000 None None None ['[#7;!n][#7;!n]']
 | 21.6824 22.8067 40.3456 0.4933776 CCOC(=O)CCCNCCCCCO 1 0.1450000 0.1450 0.2759127 0.2759 0.3521008 0.3521 0.7661464 0.7661 1.0000000 1.0000 1.0000000 217.3090 0.5216266 1.9398 1.0000000 1.0000 1.0 0.33333333333333337 0.6666666666666666 []
 | 55.0979 56.8065 -55.4221 0.0108158 CNc1cc(-c2ccc(Cl)s2)nc2sc(C(=O)Nc3nc(-c4cc5c(Cl)cccc5o4)cs3)c(N)c12 1 0.3050000 0.3050 0.1814904 0.1815 0.4604074 0.4604 0.8192392 0.8192 1.0000000 1.0000 0.0000000 572.5240 0.5463611 3.0192 1.0000000 1.0000 1.0 0.6666666666666667 0.3333333333333333 []
21:13:47 <INFO> Sampled SMILES c1c(-c2nc3c4cc(N(c5ccccc5)c5ccccc5)ccc4nc(n3)c2)cccc1 failed to sanitize.
21:13:50 <INFO> Score: 0.46 Agent NLL: 34.05 Valid:  98% Step: 24
 | Agent Prior Target Score SMILES SMILES_state predicted_activity predicted_activity (raw) training_similarity training_similarity (raw) uncertainty uncertainty (raw) novelty novelty (raw) stereo_validity stereo_validity (raw) MW_window MW_window (raw) synthetic_feasibility synthetic_feasibility (raw) curated alerts filter curated alerts filter (raw) scaffold_novelty (predicted_activity) taf_disrupted (predicted_activity) taf_consistency (predicted_activity) matchting_patterns (curated alerts filter)
 | 23.3677 26.5645 39.6363 0.5171942 CCCNCc1ccccc1Sc1ccc(C)nc1 1 0.2050000 0.2050 0.2280126 0.2280 0.4037016 0.4037 0.7866477 0.7866 1.0000000 1.0000 1.0000000 272.4170 0.5268301 2.1663 1.0000000 1.0000 1.0 0.6666666666666667 0.3333333333333333 []
 | 21.9771 21.8074 -20.4138 0.0108877 C/C(=C\c1ccco1)C(=O)O 1 0.2450000 0.2450 0.2990743 0.2991 0.4300872 0.4301 0.7420697 0.7421 1.0000000 1.0000 0.0000000 152.1490 0.5336722 2.4646 1.0000000 1.0000 1.0 1.0 0.0 []
 | 33.1217 36.1919 32.3750 0.5356783 N#Cc1ccc(Cc2ccnc(Nc3ccc(CCCO)cc3)n2)cc1 1 0.2700000 0.2700 0.1982726 0.1983 0.4439595 0.4440 0.8017274 0.8017 1.0000000 1.0000 1.0000000 344.4180 0.5278250 2.2097 1.0000000 1.0000 1.0 0.33333333333333337 0.6666666666666666 []
 | 36.1455 39.3083 25.2703 0.5045204 CS(=O)(=O)c1ccsc1C(=O)Nc1cc(Cl)ccc1NC(=O)c1ccc(Cl)s1 1 0.2050000 0.2050 0.1725898 0.1726 0.4037016 0.4037 0.8321396 0.8321 1.0000000 1.0000 1.0000000 475.4000 0.5326643 2.4206 1.0000000 1.0000 1.0 0.6666666666666667 0.3333333333333333 []
 | 26.6481 25.5092 39.0317 0.5042253 COCCn1nnc(CCCF)n1 1 0.1800000 0.1800 0.2125119 0.2125 0.3841875 0.3842 0.8094998 0.8095 1.0000000 1.0000 1.0000000 188.2060 0.5423831 2.8451 1.0000000 1.0000 1.0 1.0 0.0 []
 | 29.6378 30.3640 31.3233 0.4819316 C=CCO[C@H](CCCCCCCC)[C@H](C)O 1 0.1100000 0.1100 0.3766589 0.3767 0.3128898 0.3129 0.7045605 0.7046 1.0000000 1.0000 1.0000000 228.3760 0.5496424 3.1631 1.0000000 1.0000 1.0 0.6666666666666667 0.3333333333333333 []
 | 31.9996 33.2393 -12.0172 0.1657974 Cc1cc(NC(=O)C(C)OC(=O)c2cc3ccccc3c3ccccc23)on1 1 0.2450000 0.2450 0.2464136 0.2464 0.4300872 0.4301 0.7576069 0.7576 0.0000000 0.0000 1.0000000 374.3960 0.5378283 2.6460 1.0000000 1.0000 1.0 0.33333333333333337 0.6666666666666666 []
 | 33.2329 34.2006 38.3575 0.5668596 COC(=O)[C@@H](C)NC(=O)c1cncc(CCc2ccccc2)c1 1 0.3000000 0.3000 0.3594473 0.3594 0.4582576 0.4583 0.6405527 0.6406 1.0000000 1.0000 1.0000000 312.3690 0.5322053 2.4006 1.0000000 1.0000 1.0 0.33333333333333337 0.6666666666666666 []
 | 27.3996 27.1019 36.1624 0.4942521 Cn1ncc(Cl)c1S(=O)(=O)NC[C@H]1CCCO1 1 0.1600000 0.1600 0.2070197 0.2070 0.3666061 0.3666 0.8309692 0.8310 1.0000000 1.0000 1.0000000 279.7490 0.5496006 3.1612 1.0000000 1.0000 1.0 0.6666666666666667 0.3333333333333333 []
 | 27.8586 27.8338 42.3711 0.5484759 NCCN(C(=O)c1ccccc1)c1cccc([N+](=O)[O-])c1 1 0.2800000 0.2800 0.2441931 0.2442 0.4489989 0.4490 0.7630758 0.7631 1.0000000 1.0000 1.0000000 285.3030 0.5236537 2.0280 1.0000000 1.0000 1.0 0.6666666666666667 0.3333333333333333 []
21:13:51 <INFO> Sampled SMILES c1(cc(ccc1=O)Cl)NC(=O)N[C@H](CO)C failed to sanitize.
21:13:54 <INFO> Score: 0.43 Agent NLL: 31.40 Valid:  98% Step: 25
 | Agent Prior Target Score SMILES SMILES_state predicted_activity predicted_activity (raw) training_similarity training_similarity (raw) uncertainty uncertainty (raw) novelty novelty (raw) stereo_validity stereo_validity (raw) MW_window MW_window (raw) synthetic_feasibility synthetic_feasibility (raw) curated alerts filter curated alerts filter (raw) scaffold_novelty (predicted_activity) taf_disrupted (predicted_activity) taf_consistency (predicted_activity) matchting_patterns (curated alerts filter)
 | 34.1703 35.3053 -14.1426 0.1653341 CCC(Oc1ccccc1F)C(=O)N1CCN(c2nnc(-c3ccsc3)s2)CC1 1 0.2250000 0.2250 0.2663381 0.2663 0.4175823 0.4176 0.7625469 0.7625 0.0000000 0.0000 1.0000000 432.5460 0.5454990 2.9815 1.0000000 1.0000 1.0 1.0 0.0 []
 | 49.3268 49.1087 -28.1932 0.1634020 CNOC(=O)OC(CI)(Cc1ccc(I)nc1)C(=O)O 1 0.2100000 0.2100 0.3023256 0.3023 0.4073082 0.4073 0.6991527 0.6992 0.0000000 0.0000 1.0000000 506.0340 0.5428367 4.1351 1.0000000 1.0000 1.0 0.33333333333333337 0.6666666666666666 []
 | 39.5211 42.7948 18.7466 0.4807920 CCN(CC)c1nccc(N[C@@H]2CC[C@@H](c3cnc(-c4ccc(Cl)cc4)[nH]3)C2)n1 1 0.1450000 0.1450 0.1912730 0.1913 0.3521008 0.3521 0.8316062 0.8316 1.0000000 1.0000 1.0000000 410.9530 0.5569852 3.4856 1.0000000 1.0000 1.0 0.6666666666666667 0.3333333333333333 []
 | 28.6001 27.9027 31.1695 0.4615016 CSC(C)(C)NCCCCl 1 0.1100000 0.1100 0.1959655 0.1960 0.3128898 0.3129 0.8842725 0.8843 1.0000000 1.0000 1.0000000 181.7320 0.5570569 3.4888 1.0000000 1.0000 1.0 0.6666666666666667 0.3333333333333333 []
 | 32.9634 35.3636 -14.3280 0.1643406 CCc1ccc(C(CC)C(=O)NCC(C)(C)N)s1 1 0.2250000 0.2250 0.2500965 0.2501 0.4175823 0.4176 0.7675047 0.7675 0.0000000 0.0000 1.0000000 268.4260 0.5501431 3.1850 1.0000000 1.0000 1.0 0.6666666666666667 0.3333333333333333 []
 | 30.9834 32.9893 31.7858 0.5060551 COCCn1cnnc1CCCNc1cc(C)ccc1C#N 1 0.1900000 0.1900 0.1912366 0.1912 0.3923009 0.3923 0.8500000 0.8500 1.0000000 1.0000 1.0000000 299.3780 0.5351948 2.5310 1.0000000 1.0000 1.0 0.33333333333333337 0.6666666666666666 []
 | 35.2640 37.2090 29.5394 0.5214717 CCCC(=O)Nc1cc2[nH]cc(-c3ccc4c(c3)OCCN4)c2cn1 1 0.2000000 0.2000 0.2504351 0.2504 0.4000000 0.4000 0.7803126 0.7803 1.0000000 1.0000 1.0000000 336.3950 0.5379658 2.6520 1.0000000 1.0000 1.0 0.6666666666666667 0.3333333333333333 []
 | 22.8717 24.2553 43.3122 0.5278710 CCCC(=O)NCc1ccc(N2CCOCC2)nc1 1 0.2050000 0.2050 0.2891776 0.2892 0.4037016 0.4037 0.7463269 0.7463 1.0000000 1.0000 1.0000000 263.3410 0.5221590 1.9630 1.0000000 1.0000 1.0 0.6666666666666667 0.3333333333333333 []
 | 33.9310 33.8087 27.0335 0.4753293 CC(C)c1nnc2n1[C@@H](C)CN(S(=O)(=O)CC1COC1)C2 1 0.1300000 0.1300 0.2170093 0.2170 0.3363034 0.3363 0.8051039 0.8051 1.0000000 1.0000 1.0000000 314.4110 0.5536127 3.6626 1.0000000 1.0000 1.0 1.0 0.0 []
 | 33.6109 36.2968 29.4023 0.5132743 CCc1csc2nc(/C=C\c3cc([N+](=O)[O-])ccc3Cl)[nH]c(=O)c12 1 0.2050000 0.2050 0.1968183 0.1968 0.4037016 0.4037 0.8267242 0.8267 1.0000000 1.0000 1.0000000 361.8100 0.5404491 2.7605 1.0000000 1.0000 1.0 1.0 0.0 []
21:13:55 <INFO> Sampled SMILES CCCCCCCCCCCCNC([C@@H]1[C@@H]([C@@H]([C@H](N1C(=O)[C@H]1C[C@H]1CCCCCCCCCCCCCCCCCC)(O)C(=O)O)O)O)=O failed to sanitize.
21:13:55 <INFO> Sampled SMILES C1CN(CCN1Cc1occ(-c2cccs2)c(-c2ccncc2)n1)[C@H](c1ccccc1)C failed to sanitize.
21:13:58 <INFO> Score: 0.39 Agent NLL: 33.44 Valid:  97% Step: 26
 | Agent Prior Target Score SMILES SMILES_state predicted_activity predicted_activity (raw) training_similarity training_similarity (raw) uncertainty uncertainty (raw) novelty novelty (raw) stereo_validity stereo_validity (raw) MW_window MW_window (raw) synthetic_feasibility synthetic_feasibility (raw) curated alerts filter curated alerts filter (raw) scaffold_novelty (predicted_activity) taf_disrupted (predicted_activity) taf_consistency (predicted_activity) matchting_patterns (curated alerts filter)
 | 26.4683 26.6629 -26.6629 0.0000000 O=C(N/N=C/c1cccc2ccccc12)c1ccc2ccccc2c1 1 0.0000000 0.0000 0.0000000 0.0000 0.0000000 0.0000 0.0000000 0.0000 0.0000000 0.0000 0.0000000 0.0000 0.0000000 0.0000 0.0000000 0.0000 None None None ['[#7;!n][#7;!n]']
 | 22.4548 24.8438 42.5248 0.5263176 CCC[C@H](NC(=O)NCc1cc(C)no1)C(=O)O 1 0.2100000 0.2100 0.2706660 0.2707 0.4073082 0.4073 0.7367509 0.7368 1.0000000 1.0000 1.0000000 255.2740 0.5383086 2.6670 1.0000000 1.0000 1.0 0.6666666666666667 0.3333333333333333 []
 | 39.6401 40.5249 23.3487 0.4990126 Brc1cc(-c2noc(-c3cnn4cccnc34)n2)cc2c1CCC2 1 0.2000000 0.2000 0.1530809 0.1531 0.4000000 0.4000 0.8687878 0.8688 1.0000000 1.0000 1.0000000 382.2210 0.5406690 2.7701 1.0000000 1.0000 1.0 0.6666666666666667 0.3333333333333333 []
 | 31.7626 35.1015 31.6549 0.5215349 Cc1ccc(CCc2cnc3sccc3c2)s1 1 0.2100000 0.2100 0.2342606 0.2343 0.4073082 0.4073 0.7808013 0.7808 1.0000000 1.0000 1.0000000 259.3990 0.5354192 2.5408 1.0000000 1.0000 1.0 1.0 0.0 []
 | 29.2766 29.9726 37.5662 0.5276470 C=CCOc1ccccc1C(=O)NC1CCN(C(CC)CC)CC1 1 0.1700000 0.1700 0.4191466 0.4191 0.3756328 0.3756 0.6882593 0.6883 1.0000000 1.0000 1.0000000 330.4720 0.5282142 2.2266 1.0000000 1.0000 1.0 0.6666666666666667 0.3333333333333333 []
 | 22.5476 23.4378 44.7953 0.5330709 CCc1ccc(OCCN2C(=O)c3ccccc3C2=O)cc1 1 0.2050000 0.2050 0.3530939 0.3531 0.4037016 0.4037 0.6851999 0.6852 1.0000000 1.0000 1.0000000 295.3380 0.5165686 1.7198 1.0000000 1.0000 1.0 1.0 0.0 []
 | 31.3405 33.3133 -13.0543 0.1582729 O=C(NCC1CCN(c2ncnc3sc4c(c23)CCC4)C1)c1ccoc1 1 0.1850000 0.1850 0.2400397 0.2400 0.3882976 0.3883 0.7877618 0.7878 0.0000000 0.0000 1.0000000 368.4620 0.5474555 3.0672 1.0000000 1.0000 1.0 0.6666666666666667 0.3333333333333333 []
 | 30.2287 30.1317 37.3535 0.5272278 N#Cc1ccc(S(=O)(=O)NC(=O)c2ccc3c(c2)CNC3)cc1 1 0.2750000 0.2750 0.1583891 0.1584 0.4465143 0.4465 0.8459512 0.8460 1.0000000 1.0000 1.0000000 327.3650 0.5301003 2.3088 1.0000000 1.0000 1.0 0.33333333333333337 0.6666666666666666 []
 | 36.0926 39.2297 29.5354 0.5372274 C[C@@H](Sc1nnc(NCc2ccc[nH]2)s1)c1ccc(C(N)=O)cc1 1 0.2550000 0.2550 0.2080204 0.2080 0.4358612 0.4359 0.8158363 0.8158 1.0000000 1.0000 1.0000000 359.4800 0.5469633 3.0456 1.0000000 1.0000 1.0 0.6666666666666667 0.3333333333333333 []
 | 27.2720 27.9306 38.8897 0.5220331 O=C(Cc1ccc(Cl)nc1)Nc1ccc(Cl)c(Cl)c1 1 0.2250000 0.2250 0.2191987 0.2192 0.4175823 0.4176 0.7808013 0.7808 1.0000000 1.0000 1.0000000 315.5870 0.5195470 1.8493 1.0000000 1.0000 1.0 0.6666666666666667 0.3333333333333333 []
21:14:02 <INFO> Score: 0.43 Agent NLL: 32.93 Valid: 100% Step: 27
 | Agent Prior Target Score SMILES SMILES_state predicted_activity predicted_activity (raw) training_similarity training_similarity (raw) uncertainty uncertainty (raw) novelty novelty (raw) stereo_validity stereo_validity (raw) MW_window MW_window (raw) synthetic_feasibility synthetic_feasibility (raw) curated alerts filter curated alerts filter (raw) scaffold_novelty (predicted_activity) taf_disrupted (predicted_activity) taf_consistency (predicted_activity) matchting_patterns (curated alerts filter)
 | 36.4971 36.7737 32.7793 0.5433827 CCS(=O)(=O)c1ccccc1C(=O)Nc1ncc2c(n1)CN(Cc1ccccc1)CC2 1 0.2500000 0.2500 0.2855936 0.2856 0.4330127 0.4330 0.7144064 0.7144 1.0000000 1.0000 1.0000000 436.5370 0.5319156 2.3880 1.0000000 1.0000 1.0 0.6666666666666667 0.3333333333333333 []
 | 24.4846 28.0190 -26.7717 0.0097447 CCCCC/C=C\C/C=C\CCCCCCCCCCCCCC(=O)OCCCCCCCCCCCCCCCCCCCCCCCCCCCCCCCC 1 0.1300000 0.1300 0.3339472 0.3339 0.3363034 0.3363 0.7142497 0.7142 1.0000000 1.0000 0.0000000 813.4780 0.5400885 2.7448 1.0000000 1.0000 1.0 0.6666666666666667 0.3333333333333333 []
 | 21.8173 21.3344 40.0691 0.4797151 c1cc2nncn2nc1N1CCCCCC1 1 0.1900000 0.1900 0.1160030 0.1160 0.3923009 0.3923 0.9084156 0.9084 1.0000000 1.0000 1.0000000 217.2760 0.5304363 2.3235 1.0000000 1.0000 1.0 1.0 0.0 []
 | 40.6694 41.6029 22.8475 0.5035186 CCONCCNc1ncc(-c2ccc(F)cc2)c(Nc2ccc(C#N)cc2)n1 1 0.1800000 0.1800 0.2089635 0.2090 0.3841875 0.3842 0.8193445 0.8193 1.0000000 1.0000 1.0000000 392.4380 0.5357423 2.5549 1.0000000 1.0000 1.0 0.33333333333333337 0.6666666666666666 []
 | 61.4270 60.3245 -60.3245 0.0000000 CC(=O)N(Cc1cccc(F)c1)C[C@]12C[C@H]1C(=O)NC[C@]1(C(F)(F)F)CCCC[C@@H]2C1 1 0.0000000 0.0000 0.0000000 0.0000 0.0000000 0.0000 0.0000000 0.0000 0.0000000 0.0000 0.0000000 0.0000 0.0000000 0.0000 0.0000000 0.0000 None None None ['[*;r{8-17}]']
 | 41.6894 40.7445 -21.1025 0.1534526 Cc1nnc(CN2CCC3(CCC(O)C(c4cc(F)ccc4F)C3)CC2)o1 1 0.1700000 0.1700 0.2098217 0.2098 0.3756328 0.3756 0.7993721 0.7994 0.0000000 0.0000 1.0000000 377.4350 0.5464659 3.9762 1.0000000 1.0000 1.0 0.6666666666666667 0.3333333333333333 []
 | 22.5569 25.1843 40.6190 0.5140881 CCCn1nccc1CNCCc1ccccc1C 1 0.2050000 0.2050 0.2165328 0.2165 0.4037016 0.4037 0.7894007 0.7894 1.0000000 1.0000 1.0000000 257.3810 0.5267132 2.1612 1.0000000 1.0000 1.0 0.6666666666666667 0.3333333333333333 []
 | 23.9470 25.8606 39.2833 0.5089365 CCC(=O)NCCCc1nc2ccccc2n1Cc1ccc(C)cc1 1 0.1850000 0.1850 0.2366243 0.2366 0.3882976 0.3883 0.7841795 0.7842 1.0000000 1.0000 1.0000000 335.4510 0.5214356 1.9315 1.0000000 1.0000 1.0 0.6666666666666667 0.3333333333333333 []
 | 28.0770 28.6089 39.9182 0.5353679 C=CCN(Cc1cccs1)C(=O)CCc1nnc(-c2ccccc2)o1 1 0.2350000 0.2350 0.2629503 0.2630 0.4239988 0.4240 0.7442552 0.7443 1.0000000 1.0000 1.0000000 353.4470 0.5308007 2.3394 1.0000000 1.0000 1.0 1.0 0.0 []
 | 39.6321 39.7761 27.2651 0.5237592 Cc1ccc(C(=O)Nc2ccccc2S(=O)(=O)NC(C)(C)c2ccc(Cl)cc2)cc1 1 0.2300000 0.2300 0.2093024 0.2093 0.4208325 0.4208 0.7994351 0.7994 1.0000000 1.0000 1.0000000 442.9680 0.5254230 2.1051 1.0000000 1.0000 1.0 0.6666666666666667 0.3333333333333333 []
21:14:03 <INFO> Sampled SMILES C[C@H]1[C@H]([C@H]2[C@@H]1[C@@H](O)[C@H](O)[C@H]2O)Nc1nc2n(c(c(C)c(n2)C)=O)n1 failed to sanitize.
21:14:03 <INFO> Sampled SMILES c12NC(=C(C(=O)OCC)[C@@H](c3ccccc3)n1nc(c2=O)C(=O)OC)C failed to sanitize.
21:14:06 <INFO> Score: 0.43 Agent NLL: 34.70 Valid:  97% Step: 28
 | Agent Prior Target Score SMILES SMILES_state predicted_activity predicted_activity (raw) training_similarity training_similarity (raw) uncertainty uncertainty (raw) novelty novelty (raw) stereo_validity stereo_validity (raw) MW_window MW_window (raw) synthetic_feasibility synthetic_feasibility (raw) curated alerts filter curated alerts filter (raw) scaffold_novelty (predicted_activity) taf_disrupted (predicted_activity) taf_consistency (predicted_activity) matchting_patterns (curated alerts filter)
 | 29.3733 29.2423 -7.1144 0.1728742 CCC(CNc1ccccc1)OC(=O)OCc1ccccc1 1 0.2750000 0.2750 0.4109975 0.4110 0.4465143 0.4465 0.5890025 0.5890 0.0000000 0.0000 1.0000000 299.3700 0.5331711 2.4427 1.0000000 1.0000 1.0 0.33333333333333337 0.6666666666666666 []
 | 35.6772 38.2026 32.5381 0.5526614 NC(=O)C=CCCNC(=O)[C@H](CC(=O)O)NC(=O)OCC1c2ccccc2-c2ccccc21 1 0.2750000 0.2750 0.2735764 0.2736 0.4465143 0.4465 0.7264236 0.7264 1.0000000 1.0000 1.0000000 451.4790 0.5466564 3.0322 1.0000000 1.0000 1.0 0.33333333333333337 0.6666666666666666 []
 | 41.2462 42.6437 -22.0059 0.1612328 CC(=O)N/C(=C1/C(=O)C(C)N=C1N)c1cscn1 1 0.2150000 0.2150 0.2195122 0.2195 0.4108223 0.4108 0.8004069 0.8004 0.0000000 0.0000 1.0000000 264.3100 0.5435854 4.1023 1.0000000 1.0000 1.0 0.6666666666666667 0.3333333333333333 []
 | 39.3015 43.3054 23.6608 0.5231737 C[C@@H](NC(=O)c1cc(N2CCCCC2)nc2ccccc12)C(c1ccccc1)c1ccco1 1 0.2700000 0.2700 0.2438431 0.2438 0.4439595 0.4440 0.7561569 0.7562 0.5000000 0.5000 1.0000000 439.5590 0.5489433 3.1324 1.0000000 1.0000 1.0 0.6666666666666667 0.3333333333333333 []
 | 28.5028 29.3829 34.2980 0.4975070 COc1ccc(OCCCC(=O)N2CCc3ncsc3C2)cc1 1 0.1450000 0.1450 0.2793721 0.2794 0.3521008 0.3521 0.7891815 0.7892 1.0000000 1.0000 1.0000000 332.4250 0.5300390 2.3061 1.0000000 1.0000 1.0 1.0 0.0 []
 | 35.8564 34.5195 -12.5606 0.1715535 CNc1nc(NC(C)C(=O)Nc2ccc(F)cc2)cc(-c2ccccc2)n1 1 0.3200000 0.3200 0.2158205 0.2158 0.4664762 0.4665 0.7841795 0.7842 0.0000000 0.0000 1.0000000 365.4120 0.5352694 2.5343 1.0000000 1.0000 1.0 0.6666666666666667 0.3333333333333333 []
 | 25.7460 27.8055 40.0244 0.5299209 CCOc1ccc(Cl)cc1NC(=O)c1cc(Cl)sc1Cl 1 0.2200000 0.2200 0.2672612 0.2673 0.4142463 0.4142 0.7484424 0.7484 1.0000000 1.0000 1.0000000 350.6540 0.5244061 2.0608 1.0000000 1.0000 1.0 0.6666666666666667 0.3333333333333333 []
 | 45.2188 44.3151 14.4860 0.4593831 CC(=O)NCc1cnc(C)c(OC2CCC(N3CCc4[nH]ncc4C3)CC2)n1 1 0.1050000 0.1050 0.2449490 0.2449 0.3065534 0.3066 0.7782186 0.7782 1.0000000 1.0000 1.0000000 384.4840 0.5465004 3.0253 1.0000000 1.0000 1.0 0.6666666666666667 0.3333333333333333 []
 | 34.7143 34.9142 31.0870 0.5156346 O=C(Cl)[B]c1c(F)ccc2c1CCO2 1 0.2150000 0.2150 0.1858262 0.1858 0.4108223 0.4108 0.8282908 0.8283 1.0000000 1.0000 1.0000000 211.4080 0.5549424 3.3958 1.0000000 1.0000 1.0 1.0 0.0 []
 | 49.9297 53.6257 -53.6257 0.0000000 C[C@H]1[C@H]([C@H]2[C@@H]1[C@@H](O)[C@H](O)[C@H]2O)Nc1nc2n(c(c(C)c(n2)C)=O)n1 0 0.0000000 0.0000 0.0000000 0.0000 0.0000000 0.0000 0.0000000 0.0000 0.0000000 0.0000 0.0000000 0.0000 0.0000000 0.0000 0.0000000 0.0000 None None None None
21:14:06 <INFO> Sampled SMILES O=c1n(C)c(n(CC(N2CCN(CC2)Cc2cnn(c2C)CCCC)=O)c1C)=O failed to sanitize.
21:14:10 <INFO> Score: 0.46 Agent NLL: 32.75 Valid:  98% Step: 29
 | Agent Prior Target Score SMILES SMILES_state predicted_activity predicted_activity (raw) training_similarity training_similarity (raw) uncertainty uncertainty (raw) novelty novelty (raw) stereo_validity stereo_validity (raw) MW_window MW_window (raw) synthetic_feasibility synthetic_feasibility (raw) curated alerts filter curated alerts filter (raw) scaffold_novelty (predicted_activity) taf_disrupted (predicted_activity) taf_consistency (predicted_activity) matchting_patterns (curated alerts filter)
 | 31.6999 32.1750 33.8701 0.5159768 O=c1cc2c(n[nH]1)CCN(Cc1cccc3cc4c(cc13)OCO4)C2 1 0.2150000 0.2150 0.1987767 0.1988 0.4108223 0.4108 0.8058549 0.8059 1.0000000 1.0000 1.0000000 335.3630 0.5381802 2.6614 1.0000000 1.0000 1.0 1.0 0.0 []
 | 33.3095 35.5982 23.9850 0.4654934 Cc1ccc(COC[C@@H]2COC(=O)N2C2CCCCC2)o1 1 0.0950000 0.0950 0.3409972 0.3410 0.2932149 0.2932 0.7380210 0.7380 1.0000000 1.0000 1.0000000 293.3630 0.5471172 3.0524 1.0000000 1.0000 1.0 0.6666666666666667 0.3333333333333333 []
 | 31.8173 35.2438 32.3993 0.5284614 O=C(Cc1coc(/C=C/c2cccc(Br)c2)n1)NC1CCCCC1 1 0.2150000 0.2150 0.2529822 0.2530 0.4108223 0.4108 0.7781199 0.7781 1.0000000 1.0000 1.0000000 389.2930 0.5335758 2.4604 1.0000000 1.0000 1.0 0.33333333333333337 0.6666666666666666 []
 | 32.4832 32.3664 -11.5975 0.1622571 O=C(O)C(c1nc2ccc(F)cc2[nH]1)n1nccn1 1 0.2450000 0.2450 0.1842743 0.1843 0.4300872 0.4301 0.8157257 0.8157 0.0000000 0.0000 1.0000000 261.2160 0.5528513 3.3039 1.0000000 1.0000 1.0 1.0 0.0 []
 | 31.0735 33.3300 -33.3300 0.0000000 CCCCSc1ccc(C(=O)NN=Cc2cccc(OCC)c2O)cc1[N+](=O)[O-] 1 0.0000000 0.0000 0.0000000 0.0000 0.0000000 0.0000 0.0000000 0.0000 0.0000000 0.0000 0.0000000 0.0000 0.0000000 0.0000 0.0000000 0.0000 None None None ['[#7;!n][#7;!n]']
 | 28.2705 28.6549 39.9592 0.5360476 Cc1ccc(S(=O)(=O)N(CC(=O)Nc2c(C)cc(C)cc2Cl)Cc2ccccc2)cc1 1 0.2400000 0.2400 0.2614261 0.2614 0.4270831 0.4271 0.7416587 0.7417 1.0000000 1.0000 1.0000000 456.9950 0.5249649 2.0851 1.0000000 1.0000 1.0 0.6666666666666667 0.3333333333333333 []
 | 35.6842 36.2724 30.0997 0.5185321 CCOC(=O)COc1cc2oc(-c3nc4ccccc4s3)cc(=O)c2cc1C 1 0.1950000 0.1950 0.2710524 0.2711 0.3962007 0.3962 0.7363752 0.7364 1.0000000 1.0000 1.0000000 395.4360 0.5321130 2.3966 1.0000000 1.0000 1.0 0.6666666666666667 0.3333333333333333 []
 | 50.4888 53.9097 12.4676 0.5185724 CCc1ccc(Cc2ccc(C(=O)Nc3ncc(-c4cc(C5(O)CCCC5)ccn4)o3)cc2)cn1 1 0.2000000 0.2000 0.2343053 0.2343 0.4000000 0.4000 0.7895087 0.7895 1.0000000 1.0000 1.0000000 468.5570 0.5426863 2.8584 1.0000000 1.0000 1.0 0.6666666666666667 0.3333333333333333 []
 | 34.5553 33.5179 34.3184 0.5299713 COc1ncccc1C(=O)Nc1c(-c2ccc(F)cc2)c(C)nn1C 1 0.2100000 0.2100 0.2652791 0.2653 0.4073082 0.4073 0.7886299 0.7886 1.0000000 1.0000 1.0000000 340.3580 0.5277959 2.2084 1.0000000 1.0000 1.0 0.6666666666666667 0.3333333333333333 []
 | 22.8533 23.9950 45.8822 0.5459160 O=C(O)c1ccccc1NCc1cscn1 1 0.2600000 0.2600 0.2819419 0.2819 0.4386342 0.4386 0.7180581 0.7181 1.0000000 1.0000 1.0000000 234.2800 0.5245143 2.0655 1.0000000 1.0000 1.0 0.6666666666666667 0.3333333333333333 []
21:14:10 <INFO> Sampled SMILES c12c(S(=O)(=O)N[C@@H](c3cnccc3)CC(=O)O)csc1nn(c2=O)CC failed to sanitize.
21:14:10 <INFO> Sampled SMILES c1cc2nc(C(C)NC(=O)CCCCCn3c(=S)[nH]c4c(ccs4)c3oc2=O)o1 failed to sanitize.
21:14:14 <INFO> Score: 0.43 Agent NLL: 33.84 Valid:  97% Step: 30
 | Agent Prior Target Score SMILES SMILES_state predicted_activity predicted_activity (raw) training_similarity training_similarity (raw) uncertainty uncertainty (raw) novelty novelty (raw) stereo_validity stereo_validity (raw) MW_window MW_window (raw) synthetic_feasibility synthetic_feasibility (raw) curated alerts filter curated alerts filter (raw) scaffold_novelty (predicted_activity) taf_disrupted (predicted_activity) taf_consistency (predicted_activity) matchting_patterns (curated alerts filter)
 | 48.7004 48.5188 17.3122 0.5143054 NC(c1ccccc1)[C@@](O)(c1ccc(Cl)cc1)C1CCCN1C(=O)c1ccn[nH]1 1 0.2800000 0.2800 0.2467548 0.2468 0.4489989 0.4490 0.7561569 0.7562 0.3333333 0.3333 1.0000000 410.9050 0.5541208 3.6403 1.0000000 1.0000 1.0 0.6666666666666667 0.3333333333333333 []
 | 59.5879 58.7504 -57.3887 0.0106384 Cc1cc(C)c(S(=O)(=O)OS(=O)(=O)c2ccccc2N=C(O)c2ccccc2-c2ccc(OCCCC(=O)O)cc2)c(C)c1 1 0.2200000 0.2200 0.2836832 0.2837 0.4142463 0.4142 0.7453142 0.7453 1.0000000 1.0000 0.0000000 637.7320 0.5451813 2.9676 1.0000000 1.0000 1.0 1.0 0.0 []
 | 21.3870 20.3459 40.4294 0.4748067 C=CC(=O)OCCCCCCCCCCCCCCC 1 0.1150000 0.1150 0.3450328 0.3450 0.3190219 0.3190 0.6752405 0.6752 1.0000000 1.0000 1.0000000 282.4680 0.5228218 1.9918 1.0000000 1.0000 1.0 0.6666666666666667 0.3333333333333333 []
 | 34.2519 35.1333 31.0147 0.5167814 COc1cc(F)c(Cl)cc1NC(=O)c1ccc2c(c1)nc1n2CCCCC1 1 0.1850000 0.1850 0.2459595 0.2460 0.3882976 0.3883 0.8257986 0.8258 1.0000000 1.0000 1.0000000 387.8420 0.5291137 2.2658 1.0000000 1.0000 1.0 0.6666666666666667 0.3333333333333333 []
 | 40.6147 40.4173 -18.4714 0.1714518 CC(O)C(=O)N(C)CC1CCCCN1C(=O)c1cccc(CN)c1 1 0.2750000 0.2750 0.2860281 0.2860 0.4465143 0.4465 0.7237544 0.7238 0.0000000 0.0000 1.0000000 333.4320 0.5481446 3.0974 1.0000000 1.0000 1.0 0.6666666666666667 0.3333333333333333 []
 | 35.5196 34.6207 37.4064 0.5627114 CC(C)[C@H](CO)N1CC(=O)N[C@H](c2cccs2)C1=O 1 0.2650000 0.2650 0.3724944 0.3725 0.4413332 0.4413 0.6605326 0.6605 1.0000000 1.0000 1.0000000 282.3650 0.5530091 3.6892 1.0000000 1.0000 1.0 0.6666666666666667 0.3333333333333333 []
 | 32.3754 39.3370 33.5060 0.5690858 CCCOc1cccn2c(CNC(=O)c3cccc(COc4ccccc4)c3)nnc12 1 0.3050000 0.3050 0.3885596 0.3886 0.4604074 0.4604 0.6114404 0.6114 1.0000000 1.0000 1.0000000 416.4810 0.5279235 2.2140 1.0000000 1.0000 1.0 0.6666666666666667 0.3333333333333333 []
 | 80.2970 85.8149 -84.4881 0.0103653 CCCCCCCC(=O)N1CC[C@@H]2[C@@H](C(=O)N[C@@H](CCCCCNC(=O)OCc3ccccc3)[C@@H](CC(=O)N3CC4C[C@@H]3CN4CC(=O)OC)Cc3ccccc3)[C@@H]21 1 0.2100000 0.2100 0.3172576 0.3173 0.4073082 0.4073 0.6827424 0.6827 0.8571429 0.8571 0.0000000 800.0540 0.5105855 5.5402 1.0000000 1.0000 1.0 0.33333333333333337 0.6666666666666666 []
 | 28.4092 31.3141 37.8332 0.5402140 O=C1CN(c2nc(Cc3ccccc3)cs2)S(=O)(=O)N1 1 0.2350000 0.2350 0.2926829 0.2927 0.4239988 0.4240 0.7175771 0.7176 1.0000000 1.0000 1.0000000 309.3720 0.5385862 2.6791 1.0000000 1.0000 1.0 0.6666666666666667 0.3333333333333333 []
 | 27.6332 29.5212 30.4961 0.4688848 Cc1ccc(F)cc1Nc1cc(Nc2ccc(F)c(Cl)c2)ncn1 1 0.1600000 0.1600 0.1282473 0.1282 0.3666061 0.3666 0.8960249 0.8960 1.0000000 1.0000 1.0000000 346.7680 0.5273911 2.1908 1.0000000 1.0000 1.0 0.6666666666666667 0.3333333333333333 []
21:14:17 <INFO> Score: 0.43 Agent NLL: 30.65 Valid: 100% Step: 31
 | Agent Prior Target Score SMILES SMILES_state predicted_activity predicted_activity (raw) training_similarity training_similarity (raw) uncertainty uncertainty (raw) novelty novelty (raw) stereo_validity stereo_validity (raw) MW_window MW_window (raw) synthetic_feasibility synthetic_feasibility (raw) curated alerts filter curated alerts filter (raw) scaffold_novelty (predicted_activity) taf_disrupted (predicted_activity) taf_consistency (predicted_activity) matchting_patterns (curated alerts filter)
 | 31.0804 34.8636 31.7061 0.5200760 COC(=O)c1ccc2nccc(CCNCc3cccnc3)c2c1 1 0.1900000 0.1900 0.2871220 0.2871 0.3923009 0.3923 0.7442552 0.7443 1.0000000 1.0000 1.0000000 321.3800 0.5255345 2.1099 1.0000000 1.0000 1.0 0.33333333333333337 0.6666666666666666 []
 | 38.8568 41.5908 -21.4576 0.1572904 Cc1sc(NCc2ncc[nH]2)nc1C(C)CNCC1CC1 1 0.1700000 0.1700 0.2414726 0.2415 0.3756328 0.3756 0.8232233 0.8232 0.0000000 0.0000 1.0000000 305.4510 0.5555933 3.4244 1.0000000 1.0000 1.0 0.6666666666666667 0.3333333333333333 []
 | 30.2395 28.6947 33.1812 0.4834052 Cc1cnc(-c2ccc(F)cc2C)c(C=O)c1 1 0.1600000 0.1600 0.1714986 0.1715 0.3666061 0.3666 0.8590290 0.8590 1.0000000 1.0000 1.0000000 229.2540 0.5302522 2.3154 1.0000000 1.0000 1.0 1.0 0.0 []
 | 34.3919 38.3338 28.9404 0.5255801 Cc1ccc2c(-c3cccc(CNCc4ccco4)c3)csc2c1 1 0.2350000 0.2350 0.2050226 0.2050 0.4239988 0.4240 0.8081596 0.8082 1.0000000 1.0000 1.0000000 333.4560 0.5272922 2.1865 1.0000000 1.0000 1.0 0.6666666666666667 0.3333333333333333 []
 | 28.6136 30.8532 43.4673 0.5806288 O=C(SC[C@@H](O)CO)c1c[nH]c2ccccc12 1 0.3500000 0.3500 0.3287980 0.3288 0.4769696 0.4770 0.6712020 0.6712 1.0000000 1.0000 1.0000000 251.3070 0.5449007 2.9553 1.0000000 1.0000 1.0 0.6666666666666667 0.3333333333333333 []
 | 34.6325 33.9793 31.1844 0.5090916 COc1cc(/C=C2\SC(N)=NC2=O)c(OCc2c(Cl)cccc2Cl)cc1I 1 0.1750000 0.1750 0.2550722 0.2551 0.3799671 0.3800 0.7741806 0.7742 1.0000000 1.0000 1.0000000 535.1900 0.5385278 2.6766 1.0000000 1.0000 1.0 0.6666666666666667 0.3333333333333333 []
 | 32.0947 34.5452 29.7174 0.5020520 CCOC(=O)c1c(NC(=O)COc2cccc(F)c2)sc2c1CCN(C(=O)c1cccs1)C2 1 0.1800000 0.1800 0.2098763 0.2099 0.3841875 0.3842 0.8056296 0.8056 1.0000000 1.0000 1.0000000 488.5620 0.5327286 2.4234 1.0000000 1.0000 1.0 0.33333333333333337 0.6666666666666666 []
 | 38.0861 38.8275 28.1048 0.5229082 O=C(c1cccc(F)c1)n1cnc(-c2cc(-c3ccccc3)ncn2)c1 1 0.2200000 0.2200 0.2283058 0.2283 0.4142463 0.4142 0.7716942 0.7717 1.0000000 1.0000 1.0000000 344.3490 0.5322636 2.4031 1.0000000 1.0000 1.0 1.0 0.0 []
 | 31.3745 29.9410 36.0234 0.5153470 C=CCNC(=O)Nc1cccc(-c2nc(COC)no2)c1 1 0.1850000 0.1850 0.2650357 0.2650 0.3882976 0.3883 0.7675047 0.7675 1.0000000 1.0000 1.0000000 288.3070 0.5298368 2.2973 1.0000000 1.0000 1.0 0.6666666666666667 0.3333333333333333 []
 | 29.2975 35.5970 32.6643 0.5332909 C=CCN(C(=O)CCc1nc2ccccc2o1)[C@H](CC)Cc1ccccc1 1 0.2200000 0.2200 0.2963745 0.2964 0.4142463 0.4142 0.7036255 0.7036 1.0000000 1.0000 1.0000000 362.4730 0.5427105 2.8594 1.0000000 1.0000 1.0 1.0 0.0 []
21:14:18 <INFO> Sampled SMILES C1CCC2C3=C(C(CC=3)N3C4CCC5C3C5CCC4)C1C2 failed to sanitize.
21:14:22 <INFO> Score: 0.47 Agent NLL: 33.79 Valid:  98% Step: 32
 | Agent Prior Target Score SMILES SMILES_state predicted_activity predicted_activity (raw) training_similarity training_similarity (raw) uncertainty uncertainty (raw) novelty novelty (raw) stereo_validity stereo_validity (raw) MW_window MW_window (raw) synthetic_feasibility synthetic_feasibility (raw) curated alerts filter curated alerts filter (raw) scaffold_novelty (predicted_activity) taf_disrupted (predicted_activity) taf_consistency (predicted_activity) matchting_patterns (curated alerts filter)
 | 50.3048 51.5853 -51.5853 0.0000000 C1CCC2C3=C(C(CC=3)N3C4CCC5C3C5CCC4)C1C2 0 0.0000000 0.0000 0.0000000 0.0000 0.0000000 0.0000 0.0000000 0.0000 0.0000000 0.0000 0.0000000 0.0000 0.0000000 0.0000 0.0000000 0.0000 None None None None
 | 24.1852 24.5075 40.7561 0.5098717 CC(=O)N1CCC(NCc2ccncc2C)CC1 1 0.1750000 0.1750 0.2652335 0.2652 0.3799671 0.3800 0.7690599 0.7691 1.0000000 1.0000 1.0000000 247.3420 0.5268803 2.1685 1.0000000 1.0000 1.0 0.6666666666666667 0.3333333333333333 []
 | 31.7578 34.5594 36.9711 0.5588323 CCOc1ccc(C(=O)Nc2cnc(-c3ccccc3)o2)c(OCC)c1 1 0.2750000 0.2750 0.3489113 0.3489 0.4465143 0.4465 0.6606497 0.6606 1.0000000 1.0000 1.0000000 352.3900 0.5275097 2.1959 1.0000000 1.0000 1.0 0.6666666666666667 0.3333333333333333 []
 | 36.9983 40.2127 23.6794 0.4991565 CCCN[C@@H](C)CNS(=O)(=O)c1cn([C@@H](C)CC)c(C)n1 1 0.1700000 0.1700 0.2111855 0.2112 0.3756328 0.3756 0.8067448 0.8067 1.0000000 1.0000 1.0000000 316.4710 0.5534455 3.6700 1.0000000 1.0000 1.0 0.6666666666666667 0.3333333333333333 []
 | 51.0617 55.3414 16.5355 0.5615386 COc1ccccc1CNP(=O)(O)OC[C@@H](O)CCN1CCN(Cc2ccccc2)C1=O 1 0.3600000 0.3600 0.3701780 0.3702 0.4800000 0.4800 0.6298220 0.6298 0.5000000 0.5000 1.0000000 463.4710 0.5561091 3.4471 1.0000000 1.0000 1.0 0.6666666666666667 0.3333333333333333 []
 | 44.4216 53.0975 7.5379 0.4737147 CCO[C@@H]1C[C@@H](C(=O)N[C@@H]2C[C@H](CCNC(C)=O)C[C@@H]2O)C[C@H]1C 1 0.1300000 0.1300 0.2197935 0.2198 0.3363034 0.3363 0.7927609 0.7928 1.0000000 1.0000 1.0000000 340.4640 0.5412617 4.2039 1.0000000 1.0000 1.0 0.6666666666666667 0.3333333333333333 []
 | 27.4826 26.9219 -26.5098 0.0032198 C=N/C=N/C1C=CC=CC1 1 0.2650000 0.2650 0.1634301 0.1634 0.4413332 0.4413 0.8509288 0.8509 0.0000000 0.0000 0.0000000 134.1820 0.5211431 5.0812 1.0000000 1.0000 1.0 1.0 0.0 []
 | 28.5429 31.4800 38.3156 0.5452782 Nc1ccn([C@@H]2O[C@H](CCOCc3ccccc3)C[C@@H]2O)c(=O)n1 1 0.2300000 0.2300 0.4227403 0.4227 0.4208325 0.4208 0.5772597 0.5773 1.0000000 1.0000 1.0000000 331.3720 0.5556254 3.4258 1.0000000 1.0000 1.0 0.6666666666666667 0.3333333333333333 []
 | 31.2670 32.3032 32.3193 0.5048637 Cn1ccc(Cn2ncc(NC3CCCCC3)c(Cl)c2=O)n1 1 0.1650000 0.1650 0.2391870 0.2392 0.3711805 0.3712 0.8283611 0.8284 1.0000000 1.0000 1.0000000 321.8120 0.5364706 2.5867 1.0000000 1.0000 1.0 0.6666666666666667 0.3333333333333333 []
 | 23.7263 26.2988 42.1728 0.5349338 COCCCNC(=O)c1cccc(NCc2cccs2)n1 1 0.2150000 0.2150 0.3011721 0.3012 0.4108223 0.4108 0.7393570 0.7394 1.0000000 1.0000 1.0000000 305.4030 0.5266594 2.1589 1.0000000 1.0000 1.0 0.6666666666666667 0.3333333333333333 []
21:14:22 <INFO> Sampled SMILES N1(c2c(cc3ccc(F)n3n2)-c2nc3n(cc(cc3cc2)-c2cc(C)nc(C)c2)C)CCOCC1 failed to sanitize.
21:14:26 <INFO> Score: 0.46 Agent NLL: 32.73 Valid:  98% Step: 33
 | Agent Prior Target Score SMILES SMILES_state predicted_activity predicted_activity (raw) training_similarity training_similarity (raw) uncertainty uncertainty (raw) novelty novelty (raw) stereo_validity stereo_validity (raw) MW_window MW_window (raw) synthetic_feasibility synthetic_feasibility (raw) curated alerts filter curated alerts filter (raw) scaffold_novelty (predicted_activity) taf_disrupted (predicted_activity) taf_consistency (predicted_activity) matchting_patterns (curated alerts filter)
 | 31.2606 35.6594 26.2016 0.4832895 Fc1ccc(OCc2ccc(-c3noc(COc4ccc(F)cc4F)n3)o2)cc1 1 0.1500000 0.1500 0.2050226 0.2050 0.3570714 0.3571 0.8081596 0.8082 1.0000000 1.0000 1.0000000 402.3280 0.5294082 2.2787 1.0000000 1.0000 1.0 1.0 0.0 []
 | 33.9036 35.3271 27.1483 0.4880894 CCOC(=O)c1ccc(N2C[C@H](NC(C)=O)CC[C@@H]2C)nc1 1 0.1350000 0.1350 0.2705009 0.2705 0.3417236 0.3417 0.7703603 0.7704 1.0000000 1.0000 1.0000000 305.3780 0.5456300 2.9872 1.0000000 1.0000 1.0 0.33333333333333337 0.6666666666666666 []
 | 37.6877 37.8999 28.4464 0.5183304 CCC1=NC(=C2C=CC=C2[N+](=O)[O-])ON1 1 0.2150000 0.2150 0.2034334 0.2034 0.4108223 0.4108 0.7965666 0.7966 1.0000000 1.0000 1.0000000 207.1890 0.5565370 3.5341 1.0000000 1.0000 1.0 0.6666666666666667 0.3333333333333333 []
 | 32.3326 34.2524 29.0567 0.4946020 Fc1ccccc1-c1nc2ccc(OCCCC3CCNCC3)cc2s1 1 0.1500000 0.1500 0.2529822 0.2530 0.3570714 0.3571 0.7907543 0.7908 1.0000000 1.0000 1.0000000 370.4930 0.5294552 2.2807 1.0000000 1.0000 1.0 0.6666666666666667 0.3333333333333333 []
 | 37.4642 34.8699 -16.1762 0.1460446 CCCCNS(=O)(=O)c1ccc(NCC2CCOC2C)c(OC)c1 1 0.1050000 0.1050 0.3120306 0.3120 0.3065534 0.3066 0.7697954 0.7698 0.0000000 0.0000 1.0000000 356.4880 0.5504584 3.1989 1.0000000 1.0000 1.0 0.6666666666666667 0.3333333333333333 []
 | 46.5005 46.2251 17.7270 0.4996258 O=c1[nH]c(=O)n([C@@H]2CC(O)[C@@H](CO[P+](=O)OP(=O)(O)OP(=O)(O)O)O2)cc1/C=C\CO 1 0.2000000 0.2000 0.3073393 0.3073 0.4000000 0.4000 0.7439263 0.7439 0.4000000 0.4000 1.0000000 507.1980 0.5263646 4.8539 1.0000000 1.0000 1.0 0.6666666666666667 0.3333333333333333 []
 | 44.3258 48.2471 14.8962 0.4933071 C/C=C\N=C(N)N1CCN(Cc2ccc(CCCNCCC)cc2)C[C@@H]1C 1 0.1500000 0.1500 0.2382315 0.2382 0.3570714 0.3571 0.7948177 0.7948 1.0000000 1.0000 1.0000000 371.5730 0.5506493 3.2072 1.0000000 1.0000 1.0 0.6666666666666667 0.3333333333333333 []
 | 38.0073 43.2728 26.7309 0.5469036 CCC(CCO)COc1ccccc1CNC(=O)[C@@H](N)CF 1 0.3100000 0.3100 0.3250374 0.3250 0.4624932 0.4625 0.6882593 0.6883 0.5000000 0.5000 1.0000000 312.3850 0.5504071 3.1966 1.0000000 1.0000 1.0 0.6666666666666667 0.3333333333333333 []
 | 59.1796 63.6667 -62.4783 0.0092847 C[C@@H]1O[C@H](O[C@H]2O[C@H](OC[C@H]3O[C@H](O)[C@@H](O)[C@H](O)[C@@H]3O)[C@@H](O)[C@H](O)[C@H]2O[C@@H]2O[C@H](CO)[C@@H](O)[C@H](O)[C@H]2O)[C@@H](O)[C@H](O)[C@H]1O[C@@H]1O[C@H](C)[C@@H](O)[C@@H](O)[C@H]1O 1 0.0900000 0.0900 0.3618734 0.3619 0.2861818 0.2862 0.8116474 0.8116 1.0000000 1.0000 0.0000000 782.6950 0.5060894 5.7355 1.0000000 1.0000 1.0 0.6666666666666667 0.3333333333333333 []
 | 28.9103 29.4633 40.0306 0.5429214 CCN(C(=O)Nc1cccc(C(C)=O)c1)c1cccc(C)c1 1 0.2500000 0.2500 0.2500781 0.2501 0.4330127 0.4330 0.7953531 0.7954 1.0000000 1.0000 1.0000000 296.3700 0.5211939 1.9210 1.0000000 1.0000 1.0 0.6666666666666667 0.3333333333333333 []
21:14:26 <INFO> Sampled SMILES C1CCCCO1P=CCC failed to sanitize.
21:14:26 <INFO> Sampled SMILES n1(c2c(c(Nc3cc(ccc3Cl)NC(=O)c3ccccc3)nn2)nc1)C failed to sanitize.
21:14:30 <INFO> Score: 0.40 Agent NLL: 33.47 Valid:  95% Step: 34
 | Agent Prior Target Score SMILES SMILES_state predicted_activity predicted_activity (raw) training_similarity training_similarity (raw) uncertainty uncertainty (raw) novelty novelty (raw) stereo_validity stereo_validity (raw) MW_window MW_window (raw) synthetic_feasibility synthetic_feasibility (raw) curated alerts filter curated alerts filter (raw) scaffold_novelty (predicted_activity) taf_disrupted (predicted_activity) taf_consistency (predicted_activity) matchting_patterns (curated alerts filter)
 | 58.5039 58.9615 -57.5813 0.0107830 COC(=O)[C@H]1O[C@@H](OC)[C@H](OCc2ccccc2)[C@@H](OCCCNC(=O)c2cn(Cc3ccccc3)c3cc(OC)c(OC)cc23)[C@H]1OCc1ccccc1 1 0.2350000 0.2350 0.3389172 0.3389 0.4239988 0.4240 0.6610828 0.6611 1.0000000 1.0000 0.0000000 752.8610 0.5413016 4.2022 1.0000000 1.0000 1.0 0.33333333333333337 0.6666666666666666 []
 | 36.4370 42.2541 23.1248 0.5107732 COC(=O)c1ccccc1NC(=O)COc1ccc(S(=O)(=O)NCCn2cccn2)c(C)c1 1 0.1900000 0.1900 0.2361363 0.2361 0.3923009 0.3923 0.7703344 0.7703 1.0000000 1.0000 1.0000000 472.5230 0.5307249 2.3360 1.0000000 1.0000 1.0 0.33333333333333337 0.6666666666666666 []
 | 23.6623 23.9127 43.6060 0.5274905 CCOCCN(CC)c1ccc(C(C)=O)cc1 1 0.2100000 0.2100 0.2760788 0.2761 0.4073082 0.4073 0.7500000 0.7500 1.0000000 1.0000 1.0000000 235.3270 0.5216922 1.9427 1.0000000 1.0000 1.0 1.0 0.0 []
 | 48.2923 47.5998 24.8179 0.5657632 CC(=O)Oc1ccc(C(=O)[C@H](C)NC(=O)CC[C@H](NC(=O)OCc2ccccc2)C(=O)S)cc1 1 0.2950000 0.2950 0.3355780 0.3356 0.4560428 0.4560 0.6644220 0.6644 1.0000000 1.0000 1.0000000 486.5460 0.5496298 3.1625 1.0000000 1.0000 1.0 0.33333333333333337 0.6666666666666666 []
 | 31.7784 31.3146 34.7772 0.5163422 CC(C)c1cc2cc(-c3ccno3)ccc2s1 1 0.2400000 0.2400 0.1569412 0.1569 0.4270831 0.4271 0.8610575 0.8611 1.0000000 1.0000 1.0000000 243.3310 0.5363424 2.5811 1.0000000 1.0000 1.0 1.0 0.0 []
 | 26.0476 25.6921 42.0436 0.5291849 Cc1cccc(C)c1NC(=O)c1ccc(N2CCSCC2)cn1 1 0.2400000 0.2400 0.2143465 0.2143 0.4270831 0.4271 0.7946015 0.7946 1.0000000 1.0000 1.0000000 327.4530 0.5285616 2.2418 1.0000000 1.0000 1.0 0.6666666666666667 0.3333333333333333 []
 | 51.6464 52.4472 11.1903 0.4971679 COC(=O)C[C@H]1Oc2c(C)cc(C=O)cc2C1[CH]C(C)(C)C 1 0.1750000 0.1750 0.3079409 0.3079 0.3799671 0.3800 0.7521592 0.7522 0.5000000 0.5000 1.0000000 303.3780 0.5457079 4.0094 1.0000000 1.0000 1.0 0.6666666666666667 0.3333333333333333 []
 | 24.4642 24.8329 38.7346 0.4966208 FC(F)(F)c1ccnc(N2CCN(CCBr)CC2)c1 1 0.1950000 0.1950 0.1634301 0.1634 0.3962007 0.3962 0.8365699 0.8366 1.0000000 1.0000 1.0000000 338.1710 0.5305995 2.3306 1.0000000 1.0000 1.0 0.6666666666666667 0.3333333333333333 []
 | 28.3725 27.7927 43.4826 0.5568383 O=C(NCc1cccc(F)c1)c1cc(Br)cc([N+](=O)[O-])c1 1 0.2950000 0.2950 0.2757767 0.2758 0.4560428 0.4560 0.7242233 0.7242 1.0000000 1.0000 1.0000000 353.1470 0.5218616 1.9500 1.0000000 1.0000 1.0 0.33333333333333337 0.6666666666666666 []
 | 30.4503 33.1924 29.0732 0.4864502 CCCCn1c(COc2ccc(C)cc2)nnc1SCc1ccc(Cl)nc1 1 0.1350000 0.1350 0.2603596 0.2604 0.3417236 0.3417 0.7928158 0.7928 1.0000000 1.0000 1.0000000 402.9510 0.5285835 2.2427 1.0000000 1.0000 1.0 1.0 0.0 []
21:14:33 <INFO> Score: 0.46 Agent NLL: 32.86 Valid:  98% Step: 35
 | Agent Prior Target Score SMILES SMILES_state predicted_activity predicted_activity (raw) training_similarity training_similarity (raw) uncertainty uncertainty (raw) novelty novelty (raw) stereo_validity stereo_validity (raw) MW_window MW_window (raw) synthetic_feasibility synthetic_feasibility (raw) curated alerts filter curated alerts filter (raw) scaffold_novelty (predicted_activity) taf_disrupted (predicted_activity) taf_consistency (predicted_activity) matchting_patterns (curated alerts filter)
 | 29.6036 31.8617 30.4821 0.4870611 [O-][S@@+](Cc1ccc2c(c1)OCO2)Cc1csc(-c2ccsc2)n1 1 0.1700000 0.1700 0.1611860 0.1612 0.3756328 0.3756 0.8545641 0.8546 1.0000000 1.0000 1.0000000 363.4850 0.5542736 3.6336 1.0000000 1.0000 1.0 1.0 0.0 []
 | 24.0971 24.6051 44.1592 0.5372206 CCCC(=O)Nc1ccc(F)c(F)c1C 1 0.2300000 0.2300 0.2668149 0.2668 0.4208325 0.4208 0.7777498 0.7777 1.0000000 1.0000 1.0000000 213.2270 0.5208262 1.9050 1.0000000 1.0000 1.0 0.6666666666666667 0.3333333333333333 []
 | 23.9915 25.4875 -3.5160 0.1716529 C=CCOc1cccc(C(=O)NC(C)CCCO)c1 1 0.2150000 0.2150 0.4332001 0.4332 0.4108223 0.4108 0.7025911 0.7026 0.0000000 0.0000 1.0000000 263.3370 0.5336097 2.4619 1.0000000 1.0000 1.0 0.6666666666666667 0.3333333333333333 []
 | 22.3643 23.7986 42.1533 0.5152489 C=CCNc1cc(NCCC)ncn1 1 0.1900000 0.1900 0.2511059 0.2511 0.3923009 0.3923 0.7702137 0.7702 1.0000000 1.0000 1.0000000 192.2660 0.5352570 2.5337 1.0000000 1.0000 1.0 0.6666666666666667 0.3333333333333333 []
 | 39.7765 44.3947 19.3666 0.4981352 Cc1ccc(-c2nc3c(N[C@H]4CCC[C@@H]4N4CCOCC4)nccn3c2C)cc1 1 0.1750000 0.1750 0.1930690 0.1931 0.3799671 0.3800 0.8244506 0.8245 1.0000000 1.0000 1.0000000 391.5190 0.5543903 3.3715 1.0000000 1.0000 1.0 0.6666666666666667 0.3333333333333333 []
 | 47.0489 49.7189 -28.4631 0.1660605 CCC(C)c1ccc(-n2nc(C)c3c2N(CC(=O)N(Cc2ccccc2)Cc2ccco2)CCC3)cc1 1 0.2400000 0.2400 0.2610990 0.2611 0.4270831 0.4271 0.7389010 0.7389 0.0000000 0.0000 1.0000000 496.6550 0.5487353 3.1233 1.0000000 1.0000 1.0 1.0 0.0 []
 | 47.5054 46.9259 19.6829 0.5203810 CC(=O)CCc1cc2c(Nc3ccc(OCc4ccccn4)c(Br)c3)ncnc2cc1NC1COC1 1 0.1800000 0.1800 0.3257685 0.3258 0.3841875 0.3842 0.7073415 0.7073 1.0000000 1.0000 1.0000000 548.4410 0.5422068 2.8374 1.0000000 1.0000 1.0 0.33333333333333337 0.6666666666666666 []
 | 27.2691 28.9000 -8.9531 0.1558352 CCNC(=O)COCCNC(C)C(=O)OC 1 0.1750000 0.1750 0.2500000 0.2500 0.3799671 0.3800 0.7500000 0.7500 0.0000000 0.0000 1.0000000 232.2800 0.5381472 2.6599 1.0000000 1.0000 1.0 0.33333333333333337 0.6666666666666666 []
 | 22.9773 23.8416 46.7116 0.5511972 O=C(Nc1ccc2c(c1)OCCCO2)c1cccnc1Br 1 0.2750000 0.2750 0.2790405 0.2790 0.4465143 0.4465 0.7209595 0.7210 1.0000000 1.0000 1.0000000 349.1840 0.5270166 2.1745 1.0000000 1.0000 1.0 0.33333333333333337 0.6666666666666666 []
 | 44.7221 44.2270 -21.5555 0.1771212 CCNC(=O)c1cccc(Nc2cc(C(=O)NCC(C)O)ncc2C)c1 1 0.3350000 0.3350 0.2888741 0.2889 0.4719905 0.4720 0.7250000 0.7250 0.0000000 0.0000 1.0000000 356.4260 0.5388170 2.6892 1.0000000 1.0000 1.0 0.6666666666666667 0.3333333333333333 []
21:14:37 <INFO> Score: 0.46 Agent NLL: 33.76 Valid: 100% Step: 36
 | Agent Prior Target Score SMILES SMILES_state predicted_activity predicted_activity (raw) training_similarity training_similarity (raw) uncertainty uncertainty (raw) novelty novelty (raw) stereo_validity stereo_validity (raw) MW_window MW_window (raw) synthetic_feasibility synthetic_feasibility (raw) curated alerts filter curated alerts filter (raw) scaffold_novelty (predicted_activity) taf_disrupted (predicted_activity) taf_consistency (predicted_activity) matchting_patterns (curated alerts filter)
 | 26.7755 29.9347 35.9423 0.5146639 O=C(CSCc1cscn1)Nc1ncc(Cc2ccc(F)cc2)s1 1 0.2000000 0.2000 0.2324953 0.2325 0.4000000 0.4000 0.7675047 0.7675 1.0000000 1.0000 1.0000000 379.5070 0.5337608 2.4684 1.0000000 1.0000 1.0 0.6666666666666667 0.3333333333333333 []
 | 32.8579 33.2826 27.3439 0.4736440 CCCN(CCCN(C=O)C(C)=O)C(=O)CC 1 0.1250000 0.1250 0.2281064 0.2281 0.3307189 0.3307 0.8063508 0.8064 1.0000000 1.0000 1.0000000 242.3190 0.5410262 2.7858 1.0000000 1.0000 1.0 1.0 0.0 []
 | 21.7351 22.2990 -2.5719 0.1541182 CCC1CC(NCCCCCO)CCO1 1 0.1450000 0.1450 0.2823913 0.2824 0.3521008 0.3521 0.7845899 0.7846 0.0000000 0.0000 1.0000000 215.3370 0.5478671 3.0852 1.0000000 1.0000 1.0 0.6666666666666667 0.3333333333333333 []
 | 26.8025 29.2995 39.7918 0.5397759 O=C(CSc1nnc(C2CCCCC2)o1)Nc1cccc(OCc2ccccc2)c1 1 0.2250000 0.2250 0.3930287 0.3930 0.4175823 0.4176 0.6080468 0.6080 1.0000000 1.0000 1.0000000 423.5380 0.5266618 2.1590 1.0000000 1.0000 1.0 0.6666666666666667 0.3333333333333333 []
 | 38.2844 35.9283 -16.3774 0.1527415 FC(F)(Cc1nsc(Cl)c1Cl)C1CCCOC1 1 0.1600000 0.1600 0.2176429 0.2176 0.3666061 0.3666 0.8091146 0.8091 0.0000000 0.0000 1.0000000 302.1730 0.5477328 3.9207 1.0000000 1.0000 1.0 1.0 0.0 []
 | 33.5717 38.1090 32.5297 0.5518647 COc1ccc(OCc2ccccc2)cc1[C@@H](C)NS(=O)(=O)c1ccc(C)c(C)c1 1 0.2550000 0.2550 0.3719924 0.3720 0.4358612 0.4359 0.6280076 0.6280 1.0000000 1.0000 1.0000000 425.5500 0.5328502 2.4287 1.0000000 1.0000 1.0 0.6666666666666667 0.3333333333333333 []
 | 29.6996 29.4426 36.0037 0.5112990 CCOC(=O)c1ccc(N2C(=O)[C@H]3[C@H]4C=C[C@@H]5[C@@H](C[C@@H]3C2=O)[C@H]54)cc1 1 0.1800000 0.1800 0.2532922 0.2533 0.3841875 0.3842 0.7654213 0.7654 1.0000000 1.0000 1.0000000 337.3750 0.5477704 3.9190 1.0000000 1.0000 1.0 0.6666666666666667 0.3333333333333333 []
 | 39.1983 40.0096 25.8466 0.5145011 CSc1ccccc1C(=O)OCC(=O)NC(=O)NCc1onnc1C 1 0.1850000 0.1850 0.2562489 0.2562 0.3882976 0.3883 0.7697954 0.7698 1.0000000 1.0000 1.0000000 364.3830 0.5406740 2.7704 1.0000000 1.0000 1.0 0.33333333333333337 0.6666666666666666 []
 | 33.0889 34.1456 32.5788 0.5212847 CCOC(=O)c1[nH]c(C)c(C(=O)NCc2cnc(-c3ccncc3)cn2)c1C 1 0.2100000 0.2100 0.2344036 0.2344 0.4073082 0.4073 0.7793694 0.7794 1.0000000 1.0000 1.0000000 379.4200 0.5341865 2.4870 1.0000000 1.0000 1.0 0.33333333333333337 0.6666666666666666 []
 | 37.1086 37.4233 31.0665 0.5350762 CC(C)n1ncc2c(C(=O)OCc3cc(=O)n4cccc(Br)c4n3)cc(-c3ccco3)nc21 1 0.2350000 0.2350 0.2514327 0.2514 0.4239988 0.4240 0.7571666 0.7572 1.0000000 1.0000 1.0000000 508.3320 0.5421225 2.8337 1.0000000 1.0000 1.0 0.33333333333333337 0.6666666666666666 []
21:14:37 <INFO> Sampled SMILES N(\OCCCCCCP(OCCOCCNC(c1ccc(cc1)CON(O)O)=O)(=O)=O)\C(=O)c1c(C)cc(C)cc1C failed to sanitize.
21:14:37 <INFO> Sampled SMILES C(c1cc(Cl)ccc1)NC(=O)CCn1c(n2c3c(cccc3)sc2n(c1=O)CCC)=O failed to sanitize.
21:14:41 <INFO> Score: 0.43 Agent NLL: 32.97 Valid:  97% Step: 37
 | Agent Prior Target Score SMILES SMILES_state predicted_activity predicted_activity (raw) training_similarity training_similarity (raw) uncertainty uncertainty (raw) novelty novelty (raw) stereo_validity stereo_validity (raw) MW_window MW_window (raw) synthetic_feasibility synthetic_feasibility (raw) curated alerts filter curated alerts filter (raw) scaffold_novelty (predicted_activity) taf_disrupted (predicted_activity) taf_consistency (predicted_activity) matchting_patterns (curated alerts filter)
 | 23.8723 23.7219 -22.3866 0.0104314 C#CNc1cccc(Cl)c1 1 0.2650000 0.2650 0.1628224 0.1628 0.4413332 0.4413 0.8371776 0.8372 1.0000000 1.0000 0.0000000 151.5960 0.5358917 2.5614 1.0000000 1.0000 1.0 0.33333333333333337 0.6666666666666666 []
 | 48.0342 49.8854 15.7449 0.5127367 O=C(c1ccc(-c2cnc(Oc3cccc(Cl)c3)s2)cc1)N1[C@@H]2CCCC[C@H]2CS1(=O)=O 1 0.1950000 0.1950 0.2200594 0.2201 0.3962007 0.3962 0.7859708 0.7860 1.0000000 1.0000 1.0000000 489.0180 0.5539166 3.6493 1.0000000 1.0000 1.0 1.0 0.0 []
 | 44.7908 49.0492 23.6406 0.5678897 C[C@H](CCc1ccccc1)N[C@@H](Cc1ccccc1)[C@@H](O)C(=O)[C@@H](C(=O)O)C1CCCCCC1 1 0.3000000 0.3000 0.3357208 0.3357 0.4582576 0.4583 0.6642792 0.6643 1.0000000 1.0000 1.0000000 465.6340 0.5543786 3.6290 1.0000000 1.0000 1.0 0.6666666666666667 0.3333333333333333 []
 | 30.0258 29.7578 -8.5599 0.1656082 O=C1CC(CCc2ccc(OCc3ccccc3)cc2)C(=O)N1c1ccc(Cl)cc1 1 0.2000000 0.2000 0.4556057 0.4556 0.4000000 0.4000 0.5923390 0.5923 0.0000000 0.0000 1.0000000 419.9080 0.5343201 2.4928 1.0000000 1.0000 1.0 1.0 0.0 []
 | 26.9369 28.0571 40.4151 0.5349396 c1ccc(Cn2c(SCc3ccc4ccccc4c3)nc3cccnc32)cc1 1 0.2350000 0.2350 0.2619790 0.2620 0.4239988 0.4240 0.7492939 0.7493 1.0000000 1.0000 1.0000000 381.5040 0.5234848 2.0207 1.0000000 1.0000 1.0 1.0 0.0 []
 | 36.2769 41.7687 27.7843 0.5433827 Cc1ccc(C)c(OCCn2cc(Cc3ccccc3)c(-c3ccc(Br)o3)n2)c1 1 0.2500000 0.2500 0.2762832 0.2763 0.4330127 0.4330 0.7315376 0.7315 1.0000000 1.0000 1.0000000 451.3640 0.5329041 2.4311 1.0000000 1.0000 1.0 0.6666666666666667 0.3333333333333333 []
 | 68.3116 66.6858 -66.6858 0.0000000 N(\OCCCCCCP(OCCOCCNC(c1ccc(cc1)CON(O)O)=O)(=O)=O)\C(=O)c1c(C)cc(C)cc1C 0 0.0000000 0.0000 0.0000000 0.0000 0.0000000 0.0000 0.0000000 0.0000 0.0000000 0.0000 0.0000000 0.0000 0.0000000 0.0000 0.0000000 0.0000 None None None None
 | 47.2213 49.1750 18.1300 0.5258204 CN[C@H]1CN(c2cccc(Nc3ncc(Cl)c(-c4cnc(NC(C)=O)s4)n3)c2)C[C@@H]1O 1 0.2150000 0.2150 0.2287479 0.2287 0.4108223 0.4108 0.7945013 0.7945 1.0000000 1.0000 1.0000000 459.9630 0.5555787 3.5762 1.0000000 1.0000 1.0 0.6666666666666667 0.3333333333333333 []
 | 36.6402 41.2923 26.6158 0.5305322 CCS(=O)(=O)N1C[C@@H](Cc2nccn2CCOC)[C@H](n2ccnn2)C1 1 0.2100000 0.2100 0.2762456 0.2762 0.4073082 0.4073 0.7524631 0.7525 1.0000000 1.0000 1.0000000 368.4630 0.5473866 3.9358 1.0000000 1.0000 1.0 1.0 0.0 []
 | 27.1381 27.8335 36.3702 0.5015908 COc1cc(C)c(NC(=O)CCCCCN)c(OC)c1 1 0.1500000 0.1500 0.2676155 0.2676 0.3570714 0.3571 0.8301584 0.8302 1.0000000 1.0000 1.0000000 280.3680 0.5224122 1.9740 1.0000000 1.0000 1.0 0.6666666666666667 0.3333333333333333 []
21:14:41 <INFO> Sampled SMILES c12sc3c(CC[C@H](C3)C)c2c(SCc2oc(cc2)S(=O)(=O)N)nc1 failed to sanitize.
21:14:45 <INFO> Score: 0.49 Agent NLL: 32.89 Valid:  98% Step: 38
 | Agent Prior Target Score SMILES SMILES_state predicted_activity predicted_activity (raw) training_similarity training_similarity (raw) uncertainty uncertainty (raw) novelty novelty (raw) stereo_validity stereo_validity (raw) MW_window MW_window (raw) synthetic_feasibility synthetic_feasibility (raw) curated alerts filter curated alerts filter (raw) scaffold_novelty (predicted_activity) taf_disrupted (predicted_activity) taf_consistency (predicted_activity) matchting_patterns (curated alerts filter)
 | 28.9472 28.1144 35.7558 0.4989856 Cc1ccc(C(=O)CCc2nc(CCl)cs2)c(C)c1 1 0.1900000 0.1900 0.1740044 0.1740 0.3923009 0.3923 0.8459512 0.8460 1.0000000 1.0000 1.0000000 293.8190 0.5291880 2.2691 1.0000000 1.0000 1.0 1.0 0.0 []
 | 31.4620 33.2264 36.6227 0.5456964 CCc1ccc(N(CCOc2cccc(C(=O)NCCOC)c2)S(C)(=O)=O)cc1 1 0.2550000 0.2550 0.2812843 0.2813 0.4358612 0.4359 0.7303403 0.7303 1.0000000 1.0000 1.0000000 420.5310 0.5266098 2.1567 1.0000000 1.0000 1.0 0.6666666666666667 0.3333333333333333 []
 | 29.7233 32.1126 35.1169 0.5252302 O=C(Cc1ccc(F)cc1)NCc1ncoc1-c1cccnc1 1 0.2000000 0.2000 0.2891746 0.2892 0.4000000 0.4000 0.7362194 0.7362 1.0000000 1.0000 1.0000000 311.3160 0.5315365 2.3714 1.0000000 1.0000 1.0 0.6666666666666667 0.3333333333333333 []
 | 24.7838 27.4513 41.5074 0.5387403 NC[C@H]1CCC[C@H]1C(=O)Nc1ccccc1-c1nn[nH]n1 1 0.2550000 0.2550 0.2248469 0.2248 0.4358612 0.4359 0.7818462 0.7818 1.0000000 1.0000 1.0000000 286.3390 0.5476108 3.0740 1.0000000 1.0000 1.0 0.6666666666666667 0.3333333333333333 []
 | 34.3201 39.5104 27.9041 0.5266760 Cc1cc(C(=O)N(C)C)c(CCNC(=O)Cc2cccs2)o1 1 0.2250000 0.2250 0.2190343 0.2190 0.4175823 0.4176 0.8060855 0.8061 1.0000000 1.0000 1.0000000 320.4140 0.5370545 2.6122 1.0000000 1.0000 1.0 0.6666666666666667 0.3333333333333333 []
 | 32.3598 35.7040 26.3223 0.4845804 Cc1ccsc1CN(CC(=O)N1C[C@@H](C)C[C@H](C)C1)C1CC1 1 0.1450000 0.1450 0.2069102 0.2069 0.3521008 0.3521 0.8265114 0.8265 1.0000000 1.0000 1.0000000 320.5020 0.5510620 3.2254 1.0000000 1.0000 1.0 1.0 0.0 []
 | 36.4074 42.0895 23.6057 0.5132443 CCNC(=O)[C@H](CC)Nc1cc2c(cc1S(=O)(=O)N1CCCCC1)C[C@@H](C)O2 1 0.1750000 0.1750 0.2962975 0.2963 0.3799671 0.3800 0.7139612 0.7140 1.0000000 1.0000 1.0000000 409.5520 0.5527945 3.3014 1.0000000 1.0000 1.0 0.6666666666666667 0.3333333333333333 []
 | 34.3964 38.3312 23.9789 0.4867974 CCOc1nc(NC)nc(NC(=O)[C@@H]2C[C@H]2c2cnn(C)c2C)n1 1 0.1400000 0.1400 0.2435441 0.2435 0.3469870 0.3470 0.7772168 0.7772 1.0000000 1.0000 1.0000000 331.3800 0.5566195 3.5305 1.0000000 1.0000 1.0 0.6666666666666667 0.3333333333333333 []
 | 27.4032 32.4880 27.5671 0.4691807 CC[C@H](C)[C@H](NC(=O)[C@@H]1CCCO1)C(=O)OC[C@H]1CCCCO1 1 0.1150000 0.1150 0.2548236 0.2548 0.3190219 0.3190 0.7601492 0.7601 1.0000000 1.0000 1.0000000 327.4210 0.5563303 3.4568 1.0000000 1.0000 1.0 0.33333333333333337 0.6666666666666666 []
 | 44.1376 47.1707 14.1500 0.4790682 C[C@@]1(NC(=O)N[C@@H]2O[C@H](CO)[C@@H](O)[C@H](O)[C@H]2O)CC[C@H]2[C@H](CCC3=CC(=O)CC[C@@]32C)C1 1 0.1000000 0.1000 0.3885892 0.3886 0.3000000 0.3000 0.7623087 0.7623 1.0000000 1.0000 1.0000000 452.5480 0.5280734 4.7795 1.0000000 1.0000 1.0 0.6666666666666667 0.3333333333333333 []
21:14:45 <INFO> Sampled SMILES c12ccc(N(SC)C(=O)C)c2CC[C@@H]1Nc1cc(ncn1)NC[C@H](C)O failed to sanitize.
21:14:45 <INFO> Sampled SMILES n1c(oc2nc(NCCC)cc(Nc1c2cccc1CCN(C(C)=O)C1)=O)C failed to sanitize.
21:14:45 <INFO> Sampled SMILES c1(Nc2ccc(cc2)OCC)ccc(c(n1)C)C(Nc1ccc2c(OCCO2)cc1)=O failed to sanitize.
21:14:48 <INFO> Score: 0.46 Agent NLL: 32.43 Valid:  95% Step: 39
 | Agent Prior Target Score SMILES SMILES_state predicted_activity predicted_activity (raw) training_similarity training_similarity (raw) uncertainty uncertainty (raw) novelty novelty (raw) stereo_validity stereo_validity (raw) MW_window MW_window (raw) synthetic_feasibility synthetic_feasibility (raw) curated alerts filter curated alerts filter (raw) scaffold_novelty (predicted_activity) taf_disrupted (predicted_activity) taf_consistency (predicted_activity) matchting_patterns (curated alerts filter)
 | 28.0967 29.3345 37.6665 0.5234452 CCNCCNC(=O)CCc1cn(-c2ccccc2)nn1 1 0.2050000 0.2050 0.2558140 0.2558 0.4037016 0.4037 0.7743645 0.7744 1.0000000 1.0000 1.0000000 287.3670 0.5268572 2.1675 1.0000000 1.0000 1.0 0.6666666666666667 0.3333333333333333 []
 | 23.7108 25.0926 44.1996 0.5413457 CN=C(NCCOC)NCc1cccc(OCCN(C)C)c1 1 0.2500000 0.2500 0.2695787 0.2696 0.4330127 0.4330 0.7304213 0.7304 1.0000000 1.0000 1.0000000 308.4260 0.5311054 2.3526 1.0000000 1.0000 1.0 0.6666666666666667 0.3333333333333333 []
 | 54.3862 59.6732 -59.6732 0.0000000 c12ccc(N(SC)C(=O)C)c2CC[C@@H]1Nc1cc(ncn1)NC[C@H](C)O 0 0.0000000 0.0000 0.0000000 0.0000 0.0000000 0.0000 0.0000000 0.0000 0.0000000 0.0000 0.0000000 0.0000 0.0000000 0.0000 0.0000000 0.0000 None None None None
 | 28.6381 26.3118 -6.7511 0.1528178 CCC1CNCC1c1ccc(F)cc1OC 1 0.1450000 0.1450 0.2475938 0.2476 0.3521008 0.3521 0.8232233 0.8232 0.0000000 0.0000 1.0000000 223.2910 0.5485514 3.1152 1.0000000 1.0000 1.0 0.6666666666666667 0.3333333333333333 []
 | 28.9103 28.6588 38.9441 0.5281476 O=C(c1ccccn1)N1CCC2(CCN(Cc3nccs3)C2)CC1 1 0.2150000 0.2150 0.2446862 0.2447 0.4108223 0.4108 0.7841795 0.7842 1.0000000 1.0000 1.0000000 342.4680 0.5454526 2.9794 1.0000000 1.0000 1.0 1.0 0.0 []
 | 28.8824 34.1853 36.9653 0.5558640 N#Cc1ccccc1OCc1ccc(C(=O)NCCCCn2cc(Cl)cn2)o1 1 0.2800000 0.2800 0.2996410 0.2996 0.4489989 0.4490 0.7003590 0.7004 1.0000000 1.0000 1.0000000 398.8500 0.5328705 2.4296 1.0000000 1.0000 1.0 0.33333333333333337 0.6666666666666666 []
 | 32.4541 36.7564 30.3679 0.5244086 CCCOc1cccc(CN(C)Cc2nc(C)c(Br)c(CC)n2)c1 1 0.2050000 0.2050 0.2867073 0.2867 0.4037016 0.4037 0.7132927 0.7133 1.0000000 1.0000 1.0000000 392.3410 0.5331711 2.4427 1.0000000 1.0000 1.0 0.6666666666666667 0.3333333333333333 []
 | 25.8747 26.6445 38.2842 0.5072554 Clc1ccc(Cl)c(CN2CCN(CC=Cc3ccccc3)CC2)c1 1 0.1950000 0.1950 0.2026778 0.2027 0.3962007 0.3962 0.8133167 0.8133 1.0000000 1.0000 1.0000000 361.3160 0.5232184 2.0091 1.0000000 1.0000 1.0 1.0 0.0 []
 | 25.4039 27.8262 42.1812 0.5469330 O=C1c2ccccc2C(=O)N1Cc1ccccc1OCc1ccncc1 1 0.2450000 0.2450 0.3783783 0.3784 0.4300872 0.4301 0.6216217 0.6216 1.0000000 1.0000 1.0000000 344.3700 0.5213729 1.9288 1.0000000 1.0000 1.0 1.0 0.0 []
 | 23.1353 23.2731 38.7958 0.4849138 CCCNc1ncnc(N(CC)CCC)c1CC 1 0.1500000 0.1500 0.2059715 0.2060 0.3570714 0.3571 0.8153628 0.8154 1.0000000 1.0000 1.0000000 250.3900 0.5356922 2.5527 1.0000000 1.0000 1.0 0.6666666666666667 0.3333333333333333 []
21:14:52 <INFO> Score: 0.47 Agent NLL: 33.45 Valid: 100% Step: 40
 | Agent Prior Target Score SMILES SMILES_state predicted_activity predicted_activity (raw) training_similarity training_similarity (raw) uncertainty uncertainty (raw) novelty novelty (raw) stereo_validity stereo_validity (raw) MW_window MW_window (raw) synthetic_feasibility synthetic_feasibility (raw) curated alerts filter curated alerts filter (raw) scaffold_novelty (predicted_activity) taf_disrupted (predicted_activity) taf_consistency (predicted_activity) matchting_patterns (curated alerts filter)
 | 28.6754 33.8198 34.6783 0.5351413 CSc1ccc2c(C)c(C(=O)Nc3cccc(F)c3)sc2c1 1 0.2650000 0.2650 0.1937728 0.1938 0.4413332 0.4413 0.8284499 0.8284 1.0000000 1.0000 1.0000000 331.4370 0.5258320 2.1229 1.0000000 1.0000 1.0 0.6666666666666667 0.3333333333333333 []
 | 32.1205 32.6397 32.1809 0.5064110 Cc1ccc(C(C)C)c(-n2nnnc2CNS(=O)(=O)c2ccc(Cl)cc2)c1 1 0.2000000 0.2000 0.1766904 0.1767 0.4000000 0.4000 0.8605028 0.8605 1.0000000 1.0000 1.0000000 405.9110 0.5307865 2.3387 1.0000000 1.0000 1.0 0.6666666666666667 0.3333333333333333 []
 | 33.2468 36.5452 26.4816 0.4923965 CCN(CC)c1nc(C)nc(Nc2ccccc2N2CCc3ccccc3C2)n1 1 0.1700000 0.1700 0.1803339 0.1803 0.3756328 0.3756 0.8576263 0.8576 1.0000000 1.0000 1.0000000 388.5190 0.5335989 2.4614 1.0000000 1.0000 1.0 0.6666666666666667 0.3333333333333333 []
 | 26.5972 30.5662 36.3618 0.5228754 Cc1cccc([C@H]2c3c(oc4ccccc4c3=O)C(=O)N2Cc2ccco2)c1 1 0.2050000 0.2050 0.2598889 0.2599 0.4037016 0.4037 0.7492216 0.7492 1.0000000 1.0000 1.0000000 371.3920 0.5394441 2.7166 1.0000000 1.0000 1.0 1.0 0.0 []
 | 26.4283 26.8201 34.4953 0.4790272 CCCCCCCCOCCOS(=O)(=O)C(F)(F)F 1 0.1250000 0.1250 0.2874945 0.2875 0.3307189 0.3307 0.7327388 0.7327 1.0000000 1.0000 1.0000000 306.3460 0.5312317 2.3581 1.0000000 1.0000 1.0 1.0 0.0 []
 | 51.9489 51.8169 -50.6878 0.0088211 C=CCCCCCCCCC=CCC(OCC=C)=C(CCCCCCCCC)CCCCCCCC(=O)OCC=CCCCCCC 1 0.0800000 0.0800 0.2835466 0.2835 0.2712932 0.2713 0.7843344 0.7843 1.0000000 1.0000 0.0000000 655.1050 0.5541025 3.3589 1.0000000 1.0000 1.0 0.6666666666666667 0.3333333333333333 []
 | 30.0972 33.3635 35.8523 0.5407484 CCOc1ccccc1-c1cc(C(=O)NCc2n[nH]c(C)n2)no1 1 0.2400000 0.2400 0.2963745 0.2964 0.4270831 0.4271 0.7036255 0.7036 1.0000000 1.0000 1.0000000 327.3440 0.5332908 2.4479 1.0000000 1.0000 1.0 0.6666666666666667 0.3333333333333333 []
 | 24.5032 24.5119 -2.8336 0.1693620 CC(NCc1ccc(F)c(F)c1)c1ccccn1 1 0.2800000 0.2800 0.2465985 0.2466 0.4489989 0.4490 0.7534015 0.7534 0.0000000 0.0000 1.0000000 248.2760 0.5316092 2.3746 1.0000000 1.0000 1.0 0.6666666666666667 0.3333333333333333 []
 | 23.9658 28.8795 29.0191 0.4523330 OCCC[C@@H]1CCCN(C2CCOC2)C1 1 0.1050000 0.1050 0.2812205 0.2812 0.3065534 0.3066 0.8285014 0.8285 0.5000000 0.5000 1.0000000 213.3210 0.5490329 3.1363 1.0000000 1.0000 1.0 0.6666666666666667 0.3333333333333333 []
 | 28.0021 29.1841 37.8078 0.5233738 C[C@H]1CN2C(=N[C@@H](c3ccccn3)[C@@H]2c2ccc(Cl)cc2)S1 1 0.1950000 0.1950 0.2589849 0.2590 0.3962007 0.3962 0.7881033 0.7881 1.0000000 1.0000 1.0000000 329.8560 0.5501810 3.8133 1.0000000 1.0000 1.0 1.0 0.0 []
21:14:56 <INFO> Score: 0.46 Agent NLL: 32.61 Valid: 100% Step: 41
 | Agent Prior Target Score SMILES SMILES_state predicted_activity predicted_activity (raw) training_similarity training_similarity (raw) uncertainty uncertainty (raw) novelty novelty (raw) stereo_validity stereo_validity (raw) MW_window MW_window (raw) synthetic_feasibility synthetic_feasibility (raw) curated alerts filter curated alerts filter (raw) scaffold_novelty (predicted_activity) taf_disrupted (predicted_activity) taf_consistency (predicted_activity) matchting_patterns (curated alerts filter)
 | 56.7786 56.1907 -36.1903 0.1562529 CCc1nn(C)c(-c2csc(C(C)=O)c2)c1Oc1ccc(C(OC(C)C)C(=O)O)cc1Br 1 0.1800000 0.1800 0.2147799 0.2148 0.3841875 0.3842 0.8105578 0.8106 0.0000000 0.0000 1.0000000 521.4330 0.5561343 3.5518 1.0000000 1.0000 1.0 0.6666666666666667 0.3333333333333333 []
 | 34.1726 35.6919 30.3909 0.5162717 C[C@H](NC(=O)[C@H]1[C@@H](O)CCS1(=O)=O)c1ccc(N2CCCCC2)cc1 1 0.2100000 0.2100 0.2000000 0.2000 0.4073082 0.4073 0.8094841 0.8095 1.0000000 1.0000 1.0000000 366.4830 0.5554195 3.5832 1.0000000 1.0000 1.0 0.6666666666666667 0.3333333333333333 []
 | 31.7996 34.5309 34.3738 0.5383181 CCOC(=O)N[C@H](c1cccnc1)[C@H]1CC1(F)F 1 0.2150000 0.2150 0.3060730 0.3061 0.4108223 0.4108 0.7334991 0.7335 1.0000000 1.0000 1.0000000 256.2520 0.5551249 3.4038 1.0000000 1.0000 1.0 0.33333333333333337 0.6666666666666666 []
 | 34.4458 39.2399 27.8330 0.5240067 CC[C@@H](C)NS(=O)(=O)c1ccc(-c2nc3sccc3c(=O)n2[C@@H](C)CC)cc1 1 0.2350000 0.2350 0.1912366 0.1912 0.4239988 0.4240 0.8140038 0.8140 1.0000000 1.0000 1.0000000 419.5720 0.5509116 3.2188 1.0000000 1.0000 1.0 0.6666666666666667 0.3333333333333333 []
 | 29.7218 31.7369 37.4308 0.5403730 CCOC(=O)NCc1ccc(C(=O)Nc2ccccc2I)s1 1 0.2350000 0.2350 0.3093235 0.3093 0.4239988 0.4240 0.6991527 0.6992 1.0000000 1.0000 1.0000000 430.2670 0.5268812 2.1686 1.0000000 1.0000 1.0 0.33333333333333337 0.6666666666666666 []
 | 34.0116 36.9809 -36.9809 0.0000000 CCCc1ccc(-c2csc3ncnc(N/N=C\c4ccc(OCc5ccccc5)c(OCC)c4)c23)cc1 1 0.0000000 0.0000 0.0000000 0.0000 0.0000000 0.0000 0.0000000 0.0000 0.0000000 0.0000 0.0000000 0.0000 0.0000000 0.0000 0.0000000 0.0000 None None None ['[#7;!n][#7;!n]']
 | 30.5350 32.3396 30.8695 0.4938214 Cc1cc(NC(=O)COC(=O)c2ccnc(Br)c2)c(C)cc1Cl 1 0.1700000 0.1700 0.2023622 0.2024 0.3756328 0.3756 0.8060855 0.8061 1.0000000 1.0000 1.0000000 397.6560 0.5272494 2.1846 1.0000000 1.0000 1.0 0.0 1.0 []
 | 31.2808 32.3798 33.9138 0.5179190 CC(=O)Nc1cc(C(=O)Nc2ccc(S(=O)(=O)Nc3onc(C)c3C)cc2)ccc1C 1 0.2100000 0.2100 0.2080204 0.2080 0.4073082 0.4073 0.8267242 0.8267 1.0000000 1.0000 1.0000000 442.4970 0.5278271 2.2098 1.0000000 1.0000 1.0 0.6666666666666667 0.3333333333333333 []
 | 27.0718 30.1753 38.0248 0.5328132 COc1cccc(CNC(=O)c2cc(-c3cccnc3)oc2C)c1 1 0.2100000 0.2100 0.3120306 0.3120 0.4073082 0.4073 0.7237544 0.7238 1.0000000 1.0000 1.0000000 322.3640 0.5240307 2.0444 1.0000000 1.0000 1.0 0.6666666666666667 0.3333333333333333 []
 | 40.1796 42.2596 -21.6829 0.1607551 CCC1CC(OCc2ccccc2Cl)CN(C(=O)CCc2ccc(SC)cc2)C1 1 0.1900000 0.1900 0.2852987 0.2853 0.3923009 0.3923 0.7363752 0.7364 0.0000000 0.0000 1.0000000 432.0290 0.5473174 3.0611 1.0000000 1.0000 1.0 1.0 0.0 []
21:14:56 <INFO> Sampled SMILES C1(=O)C2[C@@]3(C(CC[C@H]2C[C@@]2(O)C=1C[C@@H](C=C)CC2)=CC[C@@H]3C(=O)O)C failed to sanitize.
21:14:59 <INFO> Score: 0.46 Agent NLL: 33.49 Valid:  98% Step: 42
 | Agent Prior Target Score SMILES SMILES_state predicted_activity predicted_activity (raw) training_similarity training_similarity (raw) uncertainty uncertainty (raw) novelty novelty (raw) stereo_validity stereo_validity (raw) MW_window MW_window (raw) synthetic_feasibility synthetic_feasibility (raw) curated alerts filter curated alerts filter (raw) scaffold_novelty (predicted_activity) taf_disrupted (predicted_activity) taf_consistency (predicted_activity) matchting_patterns (curated alerts filter)
 | 27.1251 31.5411 33.9010 0.5112661 CCCCC(=O)N[C@@H]1CCN(C(C)=O)c2cc(C)ccc21 1 0.1500000 0.1500 0.3296171 0.3296 0.3570714 0.3571 0.7798073 0.7798 1.0000000 1.0000 1.0000000 288.3910 0.5381321 2.6593 1.0000000 1.0000 1.0 0.6666666666666667 0.3333333333333333 []
 | 34.8978 40.0341 25.2284 0.5098627 CCCc1nc(C)nc(NCC(=O)N2CCC[C@H]2C#N)c1[N+](=O)[O-] 1 0.1850000 0.1850 0.2187393 0.2187 0.3882976 0.3883 0.8093075 0.8093 1.0000000 1.0000 1.0000000 332.3640 0.5541983 3.3631 1.0000000 1.0000 1.0 0.33333333333333337 0.6666666666666666 []
 | 22.8572 24.3040 40.0005 0.5023793 CCONCc1cc(Br)ccc1Cl 1 0.1900000 0.1900 0.1851640 0.1852 0.3923009 0.3923 0.8386257 0.8386 1.0000000 1.0000 1.0000000 264.5500 0.5307981 2.3392 1.0000000 1.0000 1.0 0.33333333333333337 0.6666666666666666 []
 | 26.1921 29.2382 37.9685 0.5250524 Cc1cccc(N(CC(=O)Nc2ccc(S(=O)(=O)Nc3nc(C)cc(C)n3)cc2)S(C)(=O)=O)c1 1 0.2450000 0.2450 0.1838290 0.1838 0.4300872 0.4301 0.8302944 0.8303 1.0000000 1.0000 1.0000000 503.6060 0.5315663 2.3727 1.0000000 1.0000 1.0 0.6666666666666667 0.3333333333333333 []
 | 37.9174 41.6913 23.7788 0.5114847 Cc1cc(C(=O)C(=O)NCc2ccsc2S(N)(=O)=O)sc1C 1 0.2000000 0.2000 0.1982279 0.1982 0.4000000 0.4000 0.8245057 0.8245 1.0000000 1.0000 1.0000000 358.4660 0.5437129 2.9033 1.0000000 1.0000 1.0 0.6666666666666667 0.3333333333333333 []
 | 30.3748 36.0735 32.7200 0.5374489 CC[C@](C)(Cc1ccccc1)NC(=O)COC(=O)[C@H]1CC(=O)N(c2ccccc2)C1 1 0.2150000 0.2150 0.3383639 0.3384 0.4108223 0.4108 0.6808275 0.6808 1.0000000 1.0000 1.0000000 408.4980 0.5461385 3.0095 1.0000000 1.0000 1.0 0.33333333333333337 0.6666666666666666 []
 | 28.3679 31.6322 36.6812 0.5336979 CCCC(=O)Nc1cccc(-c2ccc3[nH]nc(-c4cc5ccccc5[nH]4)c3c2)c1 1 0.2550000 0.2550 0.2089635 0.2090 0.4358612 0.4359 0.7967626 0.7968 1.0000000 1.0000 1.0000000 394.4780 0.5310436 2.3499 1.0000000 1.0000 1.0 0.6666666666666667 0.3333333333333333 []
 | 49.8716 51.0124 12.8642 0.4990361 N#Cc1sc2ccccc2c1N1c2ccccc2N(C2=CCCC=C2)c2cc3sc4ccccc4c3cc21 1 0.1900000 0.1900 0.1585188 0.1585 0.3923009 0.3923 0.8837524 0.8838 1.0000000 1.0000 1.0000000 523.6860 0.5523602 3.2823 1.0000000 1.0000 1.0 0.6666666666666667 0.3333333333333333 []
 | 24.4239 23.8918 -0.7283 0.1809649 Cc1ccsc1C(=O)NCC(O)CO 1 0.3450000 0.3450 0.3555795 0.3556 0.4753683 0.4754 0.6851999 0.6852 0.0000000 0.0000 1.0000000 215.2740 0.5383652 2.6695 1.0000000 1.0000 1.0 0.6666666666666667 0.3333333333333333 []
 | 33.8406 34.3675 31.4543 0.5142326 Fc1ccc(-n2cc(CN3CCN(c4cccc(F)c4)CC3)nn2)nc1 1 0.2100000 0.2100 0.2023622 0.2024 0.4073082 0.4073 0.8060855 0.8061 1.0000000 1.0000 1.0000000 356.3800 0.5312139 2.3574 1.0000000 1.0000 1.0 1.0 0.0 []
21:15:00 <INFO> Sampled SMILES c1cccc(-n2ccc[n+](CCCCCCn3cnc4c(cccc4)c3=O)c2)c1 failed to sanitize.
21:15:03 <INFO> Score: 0.47 Agent NLL: 33.38 Valid:  98% Step: 43
 | Agent Prior Target Score SMILES SMILES_state predicted_activity predicted_activity (raw) training_similarity training_similarity (raw) uncertainty uncertainty (raw) novelty novelty (raw) stereo_validity stereo_validity (raw) MW_window MW_window (raw) synthetic_feasibility synthetic_feasibility (raw) curated alerts filter curated alerts filter (raw) scaffold_novelty (predicted_activity) taf_disrupted (predicted_activity) taf_consistency (predicted_activity) matchting_patterns (curated alerts filter)
 | 23.8612 26.2026 36.2331 0.4877790 Clc1cccc(-c2nnc(SCc3csc(-c4ccco4)n3)o2)c1 1 0.1800000 0.1800 0.1530809 0.1531 0.3841875 0.3842 0.8618772 0.8619 1.0000000 1.0000 1.0000000 375.8620 0.5325009 2.4135 1.0000000 1.0000 1.0 1.0 0.0 []
 | 28.9740 33.7367 31.4139 0.5089886 CCCCOc1ncccc1CN=C(C)N(C)CCCC 1 0.1400000 0.1400 0.3902439 0.3902 0.3469870 0.3470 0.7239212 0.7239 1.0000000 1.0000 1.0000000 291.4390 0.5385072 2.6757 1.0000000 1.0000 1.0 1.0 0.0 []
 | 32.0508 35.5230 30.6365 0.5168716 Clc1cc(CNCc2nc(-c3cccnc3)cs2)cc2c1OCCO2 1 0.1950000 0.1950 0.2382315 0.2382 0.3962007 0.3962 0.7948177 0.7948 1.0000000 1.0000 1.0000000 373.8650 0.5334646 2.4555 1.0000000 1.0000 1.0 0.6666666666666667 0.3333333333333333 []
 | 33.6459 36.3849 34.2305 0.5516826 C=CCC[C@H](O)CN(CCOC)Cc1ccc(-c2ccc(S(=O)(=O)N(C)C)cc2)o1 1 0.2600000 0.2600 0.2951514 0.2952 0.4386342 0.4386 0.7190243 0.7190 1.0000000 1.0000 1.0000000 436.5740 0.5468368 3.0401 1.0000000 1.0000 1.0 0.6666666666666667 0.3333333333333333 []
 | 28.3144 30.2718 36.1915 0.5192444 C/C(=N\OCC(C)C)[C@@H](O)[C@@H](O)[C@H](O)CO 1 0.1900000 0.1900 0.2807450 0.2807 0.3923009 0.3923 0.7327388 0.7327 1.0000000 1.0000 1.0000000 235.2800 0.5452681 4.0286 1.0000000 1.0000 1.0 0.6666666666666667 0.3333333333333333 []
 | 27.2494 27.9618 36.9051 0.5067724 Nc1ccc2c(c1)CCC[C@@H](N)C2 1 0.2000000 0.2000 0.1721326 0.1721 0.4000000 0.4000 0.8734456 0.8734 1.0000000 1.0000 1.0000000 176.2630 0.5383674 2.6696 1.0000000 1.0000 1.0 0.6666666666666667 0.3333333333333333 []
 | 30.8902 34.4280 31.7441 0.5169690 Cc1ccc(-c2ccc(C(=O)N3CCN(S(=O)(=O)c4c(C)noc4C)CC3)cc2)c(C)c1 1 0.2250000 0.2250 0.1820178 0.1820 0.4175823 0.4176 0.8388568 0.8389 1.0000000 1.0000 1.0000000 453.5640 0.5282782 2.2294 1.0000000 1.0000 1.0 1.0 0.0 []
 | 25.4554 26.8132 38.6487 0.5114208 CC(C)c1nccn1CCCCn1cncn1 1 0.1950000 0.1950 0.2000000 0.2000 0.3962007 0.3962 0.8505964 0.8506 1.0000000 1.0000 1.0000000 233.3190 0.5343902 2.4959 1.0000000 1.0000 1.0 1.0 0.0 []
 | 29.1507 30.3530 37.0932 0.5269233 O=C(CCCc1c[nH]c2ccccc12)Nc1cc(-c2ccccn2)[nH]n1 1 0.2300000 0.2300 0.2279804 0.2280 0.4208325 0.4208 0.7720196 0.7720 1.0000000 1.0000 1.0000000 345.4060 0.5306367 2.3322 1.0000000 1.0000 1.0 0.6666666666666667 0.3333333333333333 []
 | 36.7755 39.4135 26.2339 0.5128707 CC[C@]1(C(=O)N2CCCC2)Cn2nc(-c3ccc(C)cc3)cc2O1 1 0.1800000 0.1800 0.2366243 0.2366 0.3841875 0.3842 0.8135817 0.8136 1.0000000 1.0000 1.0000000 325.4120 0.5548838 3.3932 1.0000000 1.0000 1.0 1.0 0.0 []
21:15:07 <INFO> Score: 0.46 Agent NLL: 32.89 Valid:  98% Step: 44
 | Agent Prior Target Score SMILES SMILES_state predicted_activity predicted_activity (raw) training_similarity training_similarity (raw) uncertainty uncertainty (raw) novelty novelty (raw) stereo_validity stereo_validity (raw) MW_window MW_window (raw) synthetic_feasibility synthetic_feasibility (raw) curated alerts filter curated alerts filter (raw) scaffold_novelty (predicted_activity) taf_disrupted (predicted_activity) taf_consistency (predicted_activity) matchting_patterns (curated alerts filter)
 | 35.4698 36.9952 28.9517 0.5152105 NS(=O)(=O)c1ccc(CNc2nccc3c(=O)[nH]cnc23)s1 1 0.2050000 0.2050 0.2181538 0.2182 0.4037016 0.4037 0.7818462 0.7818 1.0000000 1.0000 1.0000000 337.3860 0.5410929 2.7887 1.0000000 1.0000 1.0 0.6666666666666667 0.3333333333333333 []
 | 32.1958 34.8743 32.7633 0.5284182 CCn1cc(C(=O)CNC(=O)c2ccc(Cl)cc2)c2cc(C)ccc21 1 0.2450000 0.2450 0.1993779 0.1994 0.4300872 0.4301 0.8175499 0.8175 1.0000000 1.0000 1.0000000 354.8370 0.5249003 2.0823 1.0000000 1.0000 1.0 0.6666666666666667 0.3333333333333333 []
 | 25.6534 27.2744 39.7067 0.5232904 CCNC(=O)C1CCN(c2cc(CN)ccn2)CC1 1 0.2050000 0.2050 0.2558140 0.2558 0.4037016 0.4037 0.7743645 0.7744 1.0000000 1.0000 1.0000000 262.3570 0.5253941 2.1038 1.0000000 1.0000 1.0 0.6666666666666667 0.3333333333333333 []
 | 32.1635 34.2349 36.6977 0.5541612 Cc1cccc(-c2nc(C(=O)NCc3cccc(I)c3)co2)c1 1 0.2900000 0.2900 0.2637806 0.2638 0.4537621 0.4538 0.7362194 0.7362 1.0000000 1.0000 1.0000000 418.2340 0.5265291 2.1532 1.0000000 1.0000 1.0 0.6666666666666667 0.3333333333333333 []
 | 29.9516 32.6478 34.4675 0.5243380 CCCCN(C(=O)Cc1csc(-c2cccc(Cl)c2)n1)[C@@H]1CCS(=O)(=O)C1 1 0.1850000 0.1850 0.2885329 0.2885 0.3882976 0.3883 0.7841336 0.7841 1.0000000 1.0000 1.0000000 426.9910 0.5439848 2.9152 1.0000000 1.0000 1.0 1.0 0.0 []
 | 28.3788 29.9809 35.1928 0.5091696 CCn1ccc(CNC(=O)Cc2ccc(F)c(Cl)c2)n1 1 0.2100000 0.2100 0.1818652 0.1819 0.4073082 0.4073 0.8284499 0.8284 1.0000000 1.0000 1.0000000 295.7450 0.5266426 2.1582 1.0000000 1.0000 1.0 0.6666666666666667 0.3333333333333333 []
 | 35.3210 37.8908 -37.8908 0.0000000 c12CC[C@@H](NS(=O)(=O)C[C@]34CCC(C[C@@H]43)C)c2cccc1 0 0.0000000 0.0000 0.0000000 0.0000 0.0000000 0.0000 0.0000000 0.0000 0.0000000 0.0000 0.0000000 0.0000 0.0000000 0.0000 0.0000000 0.0000 None None None None
 | 47.0803 47.6048 -46.2593 0.0105118 COC(=O)COc1cccc(COc2ccc(/C=C(/C#N)C(=O)Nc3ccc(OCc4ccc(C)cc4)cc3)c(Br)c2)c1 1 0.2150000 0.2150 0.2876982 0.2877 0.4108223 0.4108 0.7123018 0.7123 1.0000000 1.0000 0.0000000 641.5180 0.5358415 2.5593 1.0000000 1.0000 1.0 0.0 1.0 []
 | 30.0912 31.2958 -31.2958 0.0000000 Cc1cc(N/N=C\c2ccc(C)o2)nc(N2CCCCCC2)n1 1 0.0000000 0.0000 0.0000000 0.0000 0.0000000 0.0000 0.0000000 0.0000 0.0000000 0.0000 0.0000000 0.0000 0.0000000 0.0000 0.0000000 0.0000 None None None ['[#7;!n][#7;!n]']
 | 28.8804 31.2423 38.2077 0.5425780 CCOc1ccc(NC(=O)c2cc(N3CCCCC3)nc(-c3ccco3)n2)cc1 1 0.2250000 0.2250 0.3162278 0.3162 0.4175823 0.4176 0.7363752 0.7364 1.0000000 1.0000 1.0000000 392.4590 0.5283471 2.2324 1.0000000 1.0000 1.0 0.6666666666666667 0.3333333333333333 []
21:15:07 <INFO> Sampled SMILES FC(F)(c1cnc(NC(c2cc(c3c(n2CC(=O)N)ccs3)Cl)=O)s1)F failed to sanitize.
21:15:07 <INFO> Sampled SMILES C(C(CC)Nc1n2c(cncc2)nc(c1)-c1cccc(c1)O)C failed to sanitize.
21:15:11 <INFO> Score: 0.45 Agent NLL: 33.86 Valid:  97% Step: 45
 | Agent Prior Target Score SMILES SMILES_state predicted_activity predicted_activity (raw) training_similarity training_similarity (raw) uncertainty uncertainty (raw) novelty novelty (raw) stereo_validity stereo_validity (raw) MW_window MW_window (raw) synthetic_feasibility synthetic_feasibility (raw) curated alerts filter curated alerts filter (raw) scaffold_novelty (predicted_activity) taf_disrupted (predicted_activity) taf_consistency (predicted_activity) matchting_patterns (curated alerts filter)
 | 31.3167 31.0505 37.1739 0.5330029 O=C1C[C@@](C(=O)O)(c2ccccc2)CN1c1ccc(F)cc1 1 0.2150000 0.2150 0.2795807 0.2796 0.4108223 0.4108 0.7534015 0.7534 1.0000000 1.0000 1.0000000 299.3010 0.5400831 2.7445 1.0000000 1.0000 1.0 1.0 0.0 []
 | 45.2176 49.3333 19.9380 0.5411821 Cc1noc(C)c1CN1CCC[C@](C(=O)O)(c2ccc(NC(=O)c3cccs3)nn2)C1 1 0.2350000 0.2350 0.2648117 0.2648 0.4239988 0.4240 0.7675484 0.7675 1.0000000 1.0000 1.0000000 441.5130 0.5545462 3.3784 1.0000000 1.0000 1.0 0.6666666666666667 0.3333333333333333 []
 | 39.4008 41.6323 26.6884 0.5337550 CCn1c([C@H]2CCN(C(=O)c3cncc(NC(C)=O)c3)C2)nc2ccccc21 1 0.2100000 0.2100 0.2827850 0.2828 0.4073082 0.4073 0.7724571 0.7725 1.0000000 1.0000 1.0000000 377.4480 0.5402596 2.7522 1.0000000 1.0000 1.0 0.6666666666666667 0.3333333333333333 []
 | 30.0417 32.7426 33.9075 0.5207038 Cc1ccc(CNCc2c(C(=O)O)sc(C)c2C)cn1 1 0.1950000 0.1950 0.2652335 0.2652 0.3962007 0.3962 0.7660561 0.7661 1.0000000 1.0000 1.0000000 290.3880 0.5332325 2.4454 1.0000000 1.0000 1.0 0.6666666666666667 0.3333333333333333 []
 | 26.5849 30.0195 39.7374 0.5449760 CCn1cc(S(=O)(=O)CCNC(C)=O)cc1CO 1 0.2650000 0.2650 0.2310733 0.2311 0.4413332 0.4413 0.7965666 0.7966 1.0000000 1.0000 1.0000000 274.3420 0.5379142 2.6498 1.0000000 1.0000 1.0 0.6666666666666667 0.3333333333333333 []
 | 41.4339 44.2712 -44.2712 0.0000000 FC(F)(c1cnc(NC(c2cc(c3c(n2CC(=O)N)ccs3)Cl)=O)s1)F 0 0.0000000 0.0000 0.0000000 0.0000 0.0000000 0.0000 0.0000000 0.0000 0.0000000 0.0000 0.0000000 0.0000 0.0000000 0.0000 0.0000000 0.0000 None None None None
 | 36.8805 37.5873 30.4638 0.5316497 COC[C@H](NC(=O)c1ccc(-n2nc(C)cc2C)nc1)c1nc(C)cs1 1 0.2250000 0.2250 0.2507133 0.2507 0.4175823 0.4176 0.7616343 0.7616 1.0000000 1.0000 1.0000000 371.4660 0.5462688 3.0152 1.0000000 1.0000 1.0 0.6666666666666667 0.3333333333333333 []
 | 33.8874 39.1769 31.6959 0.5536940 C[C@H]1CCC[C@H](CC(=O)n2nccc2NC(=O)c2cccc(F)c2)C1 1 0.2750000 0.2750 0.2637183 0.2637 0.4465143 0.4465 0.7515480 0.7515 1.0000000 1.0000 1.0000000 343.4020 0.5505974 3.2050 1.0000000 1.0000 1.0 0.6666666666666667 0.3333333333333333 []
 | 51.5663 54.5183 7.2034 0.4822008 CCN(CC)Cc1cc2c(S(=O)(=O)N(CC)CC)cc(C)cn2c1-c1nc2cc(OC)ccc2o1 1 0.1400000 0.1400 0.2139827 0.2140 0.3469870 0.3470 0.8189285 0.8189 1.0000000 1.0000 1.0000000 498.6490 0.5469405 3.0446 1.0000000 1.0000 1.0 1.0 0.0 []
 | 35.1744 43.8706 23.9671 0.5299815 CCCOCCOC(=O)c1c(C)nc2sc(-c3ccc(O)cc3)cc(=O)c2c1C 1 0.2150000 0.2150 0.2913858 0.2914 0.4108223 0.4108 0.7086142 0.7086 1.0000000 1.0000 1.0000000 413.4950 0.5373856 2.6267 1.0000000 1.0000 1.0 0.6666666666666667 0.3333333333333333 []
21:15:14 <INFO> Score: 0.48 Agent NLL: 34.73 Valid: 100% Step: 46
 | Agent Prior Target Score SMILES SMILES_state predicted_activity predicted_activity (raw) training_similarity training_similarity (raw) uncertainty uncertainty (raw) novelty novelty (raw) stereo_validity stereo_validity (raw) MW_window MW_window (raw) synthetic_feasibility synthetic_feasibility (raw) curated alerts filter curated alerts filter (raw) scaffold_novelty (predicted_activity) taf_disrupted (predicted_activity) taf_consistency (predicted_activity) matchting_patterns (curated alerts filter)
 | 39.1598 40.6244 25.1090 0.5135422 Cc1cc(-c2ccc3[nH]nc(CNc4ncccc4Br)c3c2)on1 1 0.2050000 0.2050 0.1949167 0.1949 0.4037016 0.4037 0.8368215 0.8368 1.0000000 1.0000 1.0000000 384.2370 0.5389020 2.6929 1.0000000 1.0000 1.0 0.33333333333333337 0.6666666666666666 []
 | 23.3542 25.1670 40.5176 0.5131610 CCn1c(COc2ccccc2C)nnc1SCC(=O)Nc1ccc(Cl)cc1 1 0.1800000 0.1800 0.2762832 0.2763 0.3841875 0.3842 0.7539095 0.7539 1.0000000 1.0000 1.0000000 416.9340 0.5232263 2.0094 1.0000000 1.0000 1.0 0.6666666666666667 0.3333333333333333 []
 | 31.0221 31.9962 37.7395 0.5448103 O=C(NCCc1c[nH]c2ccccc12)C(=O)Nc1cc(-c2ccccc2)on1 1 0.2750000 0.2750 0.2348557 0.2349 0.4465143 0.4465 0.7651443 0.7651 1.0000000 1.0000 1.0000000 374.4000 0.5281439 2.2236 1.0000000 1.0000 1.0 0.6666666666666667 0.3333333333333333 []
 | 33.0713 38.2322 28.7402 0.5232220 CCCCOc1cccc(NC(=O)NCCN(CCc2ccc(F)cc2)C(C)=O)c1 1 0.1750000 0.1750 0.3450328 0.3450 0.3799671 0.3800 0.7353811 0.7354 1.0000000 1.0000 1.0000000 415.5090 0.5263399 2.1450 1.0000000 1.0000 1.0 0.6666666666666667 0.3333333333333333 []
 | 44.6905 47.2235 19.3074 0.5197732 COC(=O)[C@@H]1C(=O)C2=C(C[C@H]1C)NC(C)=C(C(=O)Nc1nc(-c3cc(Cl)ccc3Cl)cs1)[C@H]2C 1 0.1900000 0.1900 0.2552614 0.2553 0.3923009 0.3923 0.7869193 0.7869 1.0000000 1.0000 1.0000000 520.4380 0.5505391 3.7976 1.0000000 1.0000 1.0 0.33333333333333337 0.6666666666666666 []
 | 29.2706 32.6987 30.8107 0.4961671 Cc1ccc(C(=O)Oc2ccc(Cl)cc2C(N)=O)c(Cl)c1 1 0.1800000 0.1800 0.1856953 0.1857 0.3841875 0.3842 0.8356010 0.8356 1.0000000 1.0000 1.0000000 324.1630 0.5209367 1.9098 1.0000000 1.0000 1.0 0.6666666666666667 0.3333333333333333 []
 | 27.4583 32.7819 33.2416 0.5158084 Cc1ccc(-c2oc(C)cc(=O)c2CN2CCOCC2)o1 1 0.1800000 0.1800 0.2750860 0.2751 0.3841875 0.3842 0.7661179 0.7661 1.0000000 1.0000 1.0000000 289.3310 0.5380189 2.6543 1.0000000 1.0000 1.0 1.0 0.0 []
 | 25.2226 24.0712 -1.2967 0.1779261 NC(CC(=O)O)c1ccc(O)c(O)c1 1 0.3550000 0.3550 0.2847474 0.2847 0.4785133 0.4785 0.7152526 0.7153 0.0000000 0.0000 1.0000000 197.1900 0.5367224 2.5977 1.0000000 1.0000 1.0 0.6666666666666667 0.3333333333333333 []
 | 33.1960 36.2562 26.4575 0.4899503 CCCCCCCCOC(=O)CCCCCNC(=O)[C@H](O)C(C)CO 1 0.1650000 0.1650 0.3741657 0.3742 0.3711805 0.3712 0.6366390 0.6366 0.5000000 0.5000 1.0000000 359.5070 0.5463699 3.0196 1.0000000 1.0000 1.0 0.33333333333333337 0.6666666666666666 []
 | 28.7119 29.7491 36.7909 0.5198438 CCOCCCNC(=O)c1cncc(C(=O)N2CCc3ccccc32)c1 1 0.1900000 0.1900 0.2788775 0.2789 0.3923009 0.3923 0.7571785 0.7572 1.0000000 1.0000 1.0000000 353.4220 0.5272294 2.1837 1.0000000 1.0000 1.0 0.6666666666666667 0.3333333333333333 []
21:15:15 <INFO> Sampled SMILES c1c2c3c(ccc2ccc1)C(COC(N[C@H]([C@H](O)[C@@H](C)CO)CC(O)=O)=O)c3 failed to sanitize.
21:15:18 <INFO> Score: 0.43 Agent NLL: 33.78 Valid:  98% Step: 47
 | Agent Prior Target Score SMILES SMILES_state predicted_activity predicted_activity (raw) training_similarity training_similarity (raw) uncertainty uncertainty (raw) novelty novelty (raw) stereo_validity stereo_validity (raw) MW_window MW_window (raw) synthetic_feasibility synthetic_feasibility (raw) curated alerts filter curated alerts filter (raw) scaffold_novelty (predicted_activity) taf_disrupted (predicted_activity) taf_consistency (predicted_activity) matchting_patterns (curated alerts filter)
 | 50.0456 53.0075 16.1980 0.5406676 CCNc1nc(N)c(ONC2=NS(=O)(=O)c3cc(O)ccc32)c(CC)n1 1 0.2550000 0.2550 0.2321817 0.2322 0.4358612 0.4359 0.7741806 0.7742 1.0000000 1.0000 1.0000000 378.4140 0.5535640 3.3352 1.0000000 1.0000 1.0 0.6666666666666667 0.3333333333333333 []
 | 38.5568 41.2011 23.8148 0.5079364 CCOC(=O)c1cc2c(ccn2C)nc1Sc1ccnc(C(=O)O)c1 1 0.1900000 0.1900 0.2156655 0.2157 0.3923009 0.3923 0.7907543 0.7908 1.0000000 1.0000 1.0000000 357.3910 0.5385329 2.6768 1.0000000 1.0000 1.0 0.6666666666666667 0.3333333333333333 []
 | 43.2684 44.9453 20.0259 0.5075871 CCCCC[C@@H](C)CCC[C@H]1Cc2ccc3c(c2O1)OCC=C3 1 0.1550000 0.1550 0.3109372 0.3109 0.3619047 0.3619 0.7393570 0.7394 1.0000000 1.0000 1.0000000 314.4690 0.5532303 3.6794 1.0000000 1.0000 1.0 1.0 0.0 []
 | 22.5726 22.6634 45.3359 0.5312449 CNCc1cccc(N2CCCCCC2)c1 1 0.2200000 0.2200 0.2566197 0.2566 0.4142463 0.4142 0.7898949 0.7899 1.0000000 1.0000 1.0000000 218.3440 0.5170973 1.7428 1.0000000 1.0000 1.0 0.6666666666666667 0.3333333333333333 []
 | 25.2630 29.3253 33.6791 0.4922217 COC(=O)c1ccc(Cl)c(S(=O)(=O)NCc2ccc(CN(C)C)cc2)c1 1 0.1550000 0.1550 0.2299002 0.2299 0.3619047 0.3619 0.8017274 0.8017 1.0000000 1.0000 1.0000000 396.8960 0.5229992 1.9995 1.0000000 1.0000 1.0 0.33333333333333337 0.6666666666666666 []
 | 26.2007 27.2441 42.6513 0.5460579 CCCCc1ccc(N[C@H](C)C(=O)Nc2ccccc2Cl)cc1 1 0.2400000 0.2400 0.3129843 0.3130 0.4270831 0.4271 0.7209595 0.7210 1.0000000 1.0000 1.0000000 330.8590 0.5266513 2.1586 1.0000000 1.0000 1.0 0.6666666666666667 0.3333333333333333 []
 | 28.9176 28.3501 -28.3501 0.0000000 CCOc1cc(/C=N/NC(=O)c2ccncc2)cc(Br)c1OCc1ccccc1Br 1 0.0000000 0.0000 0.0000000 0.0000 0.0000000 0.0000 0.0000000 0.0000 0.0000000 0.0000 0.0000000 0.0000 0.0000000 0.0000 0.0000000 0.0000 None None None ['[#7;!n][#7;!n]']
 | 30.7833 32.2791 35.7608 0.5315615 COC(=O)c1cc(NC(=O)c2cccc(-n3c(C)ccc3C)c2)ccc1Cl 1 0.2200000 0.2200 0.2491364 0.2491 0.4142463 0.4142 0.8039428 0.8039 1.0000000 1.0000 1.0000000 382.8470 0.5238156 2.0351 1.0000000 1.0000 1.0 0.33333333333333337 0.6666666666666666 []
 | 26.6842 27.8583 38.1643 0.5158015 O=C(O)c1ccc(-c2ccc(C=Nc3nccs3)o2)cc1 1 0.2150000 0.2150 0.2029385 0.2029 0.4108223 0.4108 0.7970615 0.7971 1.0000000 1.0000 1.0000000 298.3230 0.5325567 2.4159 1.0000000 1.0000 1.0 1.0 0.0 []
 | 31.2612 36.6777 30.0071 0.5209747 CCOc1ccc(-c2nc(CO[C@@H](C)c3ccc(C)c(C)c3)c(C)o2)cc1 1 0.2000000 0.2000 0.2465568 0.2466 0.4000000 0.4000 0.7841795 0.7842 1.0000000 1.0000 1.0000000 365.4730 0.5389662 2.6957 1.0000000 1.0000 1.0 1.0 0.0 []
21:15:18 <INFO> Sampled SMILES C1N(C(c2c3cc(ccc3oc(c2)C(N(CC)Cc2ccc(F)cc2)=O)Cl)=O)CCC1 failed to sanitize.
21:15:22 <INFO> Score: 0.42 Agent NLL: 34.75 Valid:  98% Step: 48
 | Agent Prior Target Score SMILES SMILES_state predicted_activity predicted_activity (raw) training_similarity training_similarity (raw) uncertainty uncertainty (raw) novelty novelty (raw) stereo_validity stereo_validity (raw) MW_window MW_window (raw) synthetic_feasibility synthetic_feasibility (raw) curated alerts filter curated alerts filter (raw) scaffold_novelty (predicted_activity) taf_disrupted (predicted_activity) taf_consistency (predicted_activity) matchting_patterns (curated alerts filter)
 | 35.7311 39.8350 24.4429 0.5021710 O=C1CN(c2ncnc(Nc3ccc(F)c(F)c3F)c2[N+](=O)[O-])CC(=O)O1 1 0.1750000 0.1750 0.2062842 0.2063 0.3799671 0.3800 0.8321396 0.8321 1.0000000 1.0000 1.0000000 383.2420 0.5442551 2.9270 1.0000000 1.0000 1.0 0.33333333333333337 0.6666666666666666 []
 | 23.3797 29.0189 40.8013 0.5454705 C[C@@H](CCc1ccco1)NC(=O)C[C@H](N)c1ccccc1 1 0.2500000 0.2500 0.2865341 0.2865 0.4330127 0.4330 0.7209595 0.7210 1.0000000 1.0000 1.0000000 286.3750 0.5413024 2.7978 1.0000000 1.0000 1.0 0.6666666666666667 0.3333333333333333 []
 | 27.1759 28.8194 38.1425 0.5231399 O=c1cc(NCc2ccc(F)c(Br)c2)s[nH]1 1 0.2350000 0.2350 0.1917988 0.1918 0.4239988 0.4240 0.8082012 0.8082 1.0000000 1.0000 1.0000000 303.1560 0.5467196 3.0349 1.0000000 1.0000 1.0 0.33333333333333337 0.6666666666666666 []
 | 34.8227 40.0117 27.3209 0.5260358 Cc1cnc2ncc(CNC(=O)c3cc4c(C)ccc(Cl)c4s3)n2c1 1 0.2450000 0.2450 0.1875229 0.1875 0.4300872 0.4301 0.8176157 0.8176 1.0000000 1.0000 1.0000000 370.8650 0.5414033 2.8022 1.0000000 1.0000 1.0 0.6666666666666667 0.3333333333333333 []
 | 38.2830 39.3456 26.3838 0.5135110 CCCCCCCCCNc1ccc(NC(=O)CC#N)cc1C(=O)OCCCCCC 1 0.1750000 0.1750 0.2897672 0.2898 0.3799671 0.3800 0.7474619 0.7475 1.0000000 1.0000 1.0000000 429.6050 0.5301954 2.3130 1.0000000 1.0000 1.0 0.0 1.0 []
 | 37.7152 38.1076 -38.1076 0.0000000 N#Cc1ncnc(N2CCN([S+]([O-])c3ccc4c(c3)CCC4)CC2)c1F 1 0.0000000 0.0000 0.0000000 0.0000 0.0000000 0.0000 0.0000000 0.0000 0.0000000 0.0000 0.0000000 0.0000 0.0000000 0.0000 0.0000000 0.0000 None None None ['[#7;!n][S;!$(S(=O)=O)]']
 | 41.8752 52.1053 13.0557 0.5090707 Cc1cc(C(=O)NC2[C@H](O)CCC[C@H]2O)sc1-c1csc(S(=O)(=O)N(C)C)c1 1 0.2000000 0.2000 0.1820178 0.1820 0.4000000 0.4000 0.8466070 0.8466 1.0000000 1.0000 1.0000000 444.6000 0.5522510 3.7225 1.0000000 1.0000 1.0 0.6666666666666667 0.3333333333333333 []
 | 36.4366 39.0291 -18.4025 0.1611452 CCCOc1cccc(C(O)=C2C(=O)C(=O)N(CCCOCC)C2c2cc(C)ccc2OCC)c1 1 0.1900000 0.1900 0.3367600 0.3368 0.3923009 0.3923 0.6632400 0.6632 0.0000000 0.0000 1.0000000 481.5890 0.5424913 2.8498 1.0000000 1.0000 1.0 1.0 0.0 []
 | 31.1095 29.4339 39.3184 0.5371274 CC[C@H](C)NC(=O)[C@H](C)O/N=C/c1ccc(F)cc1 1 0.2400000 0.2400 0.2435994 0.2436 0.4270831 0.4271 0.7735446 0.7735 1.0000000 1.0000 1.0000000 266.3160 0.5443806 2.9325 1.0000000 1.0000 1.0 0.6666666666666667 0.3333333333333333 []
 | 26.5494 28.4024 37.3250 0.5134951 CCCc1nnc2cc(C)c(-c3ccco3)nn12 1 0.2000000 0.2000 0.2138090 0.2138 0.4000000 0.4000 0.8043441 0.8043 1.0000000 1.0000 1.0000000 242.2820 0.5359856 2.5655 1.0000000 1.0000 1.0 1.0 0.0 []
21:15:22 <INFO> Sampled SMILES n1c(nn2c(cccc2[C@H]1[C@H](O)[C@H](O)[C@H](O)[C@@](C)(Cl)CO)-c1cn(nc1)Cc1ccccc1Cl)=O failed to sanitize.
21:15:22 <INFO> Sampled SMILES c1ccc(cc1)COc1c(NC(=O)COc2c3c(C)cc(oc3cc(C)c2)C)ncnc1 failed to sanitize.
21:15:22 <INFO> Sampled SMILES c1ccc2C(=O)N(C)[C@@H]3[C@H]([C@@H](CCC3)NCc3c(C)onc3C)Cn2n1 failed to sanitize.
21:15:22 <INFO> Sampled SMILES c12=NC(=C(C(=O)OCC)[C@@H](c3cc(ccc3C)C)n2c=1c(=O)/c(=C\c1cc2c(nc(OC)cc2)cc1)Cl)CC failed to sanitize.
21:15:25 <INFO> Score: 0.44 Agent NLL: 34.60 Valid:  94% Step: 49
 | Agent Prior Target Score SMILES SMILES_state predicted_activity predicted_activity (raw) training_similarity training_similarity (raw) uncertainty uncertainty (raw) novelty novelty (raw) stereo_validity stereo_validity (raw) MW_window MW_window (raw) synthetic_feasibility synthetic_feasibility (raw) curated alerts filter curated alerts filter (raw) scaffold_novelty (predicted_activity) taf_disrupted (predicted_activity) taf_consistency (predicted_activity) matchting_patterns (curated alerts filter)
 | 24.4748 25.5865 -24.3318 0.0098024 CCCCC/C=C\C/C=C\C/C=C\C/C=C\CCCC(=O)O[C@@H](CO)COC(=O)CCCCCCCCCCCCCCCCCCC(C)C 1 0.1350000 0.1350 0.3239891 0.3240 0.3417236 0.3417 0.7132927 0.7133 1.0000000 1.0000 0.0000000 701.1300 0.5533400 3.6746 1.0000000 1.0000 1.0 0.33333333333333337 0.6666666666666666 []
 | 45.4443 48.8853 11.2212 0.4695824 CC(=O)OC1C(OP(=O)(O)NCCCN(C)C)CC(=O)[C@@H](C)[C@@H]1OC(C)=O 1 0.1550000 0.1550 0.2602867 0.2603 0.3619047 0.3619 0.7679302 0.7679 0.4000000 0.4000 1.0000000 408.3880 0.5373756 4.3738 1.0000000 1.0000 1.0 0.33333333333333337 0.6666666666666666 []
 | 32.6629 36.0582 -15.9192 0.1573359 Cc1cccc(C)c1Cc1nnc(C2CCCN(Cc3ccoc3)C2)o1 1 0.1850000 0.1850 0.2186870 0.2187 0.3882976 0.3883 0.8158363 0.8158 0.0000000 0.0000 1.0000000 351.4500 0.5474310 3.0661 1.0000000 1.0000 1.0 1.0 0.0 []
 | 30.4166 28.5846 36.7252 0.5102331 O=[N+]([O-])c1cc(F)c(F)c(F)c1/C=N/O 1 0.2300000 0.2300 0.1460593 0.1461 0.4208325 0.4208 0.8799400 0.8799 1.0000000 1.0000 1.0000000 220.1060 0.5426487 2.8567 1.0000000 1.0000 1.0 1.0 0.0 []
 | 39.5975 45.1447 20.0143 0.5090545 CCc1ccc(-c2cnc([C@H]3Nc4c(c(C)nn4C)[C@H]3c3nc(-c4cccc(F)c4)no3)o2)cc1 1 0.2000000 0.2000 0.1907966 0.1908 0.4000000 0.4000 0.8192392 0.8192 1.0000000 1.0000 1.0000000 470.5080 0.5499107 3.8252 1.0000000 1.0000 1.0 0.6666666666666667 0.3333333333333333 []
 | 39.9196 44.6647 22.2307 0.5226200 CC[C@H](C)[C@H](CC(C)C)C(=O)N1c2ccc(C)cc2[C@H](C(=O)O)[C@H]1C 1 0.2150000 0.2150 0.2248469 0.2248 0.4108223 0.4108 0.7818462 0.7818 1.0000000 1.0000 1.0000000 345.4830 0.5494701 3.8445 1.0000000 1.0000 1.0 1.0 0.0 []
 | 48.0661 52.3317 13.6643 0.5155939 Cc1cc(-c2cc(Nc3nc4c(C)ccc(C)c4[nH]3)no2)cc(C=O)c1CO 1 0.2050000 0.2050 0.2040577 0.2041 0.4037016 0.4037 0.8193445 0.8193 1.0000000 1.0000 1.0000000 376.4160 0.5477317 3.0793 1.0000000 1.0000 1.0 0.6666666666666667 0.3333333333333333 []
 | 40.2629 47.5111 23.3211 0.5533764 CN(C[C@H](O)CO)S(=O)(=O)c1ccc([C@H]2CCCN2C2=NCCN2)cc1 1 0.2600000 0.2600 0.2805794 0.2806 0.4386342 0.4386 0.7515987 0.7516 1.0000000 1.0000 1.0000000 382.4860 0.5571485 3.5072 1.0000000 1.0000 1.0 0.6666666666666667 0.3333333333333333 []
 | 34.9113 33.7164 -12.8451 0.1630568 [B]POC(=O)NC(CC(=O)O)C(=O)O 1 0.2450000 0.2450 0.1951800 0.1952 0.4300872 0.4301 0.8101684 0.8102 0.0000000 0.0000 1.0000000 218.8980 0.5463433 3.9815 1.0000000 1.0000 1.0 0.6666666666666667 0.3333333333333333 []
 | 33.3165 35.0470 26.0218 0.4771001 C=CCCCCCCCCN1CCN(C(=S)Nc2ccc(Cl)cc2Cl)CC1 1 0.1400000 0.1400 0.1842125 0.1842 0.3469870 0.3470 0.8788035 0.8788 1.0000000 1.0000 1.0000000 428.4730 0.5291330 2.2667 1.0000000 1.0000 1.0 0.6666666666666667 0.3333333333333333 []
21:15:25 <INFO> Sampled SMILES c1c2CCN3C(C(=O)c(c31)cc(c2OCc1ccccc1Cl)CC)=O failed to sanitize.
21:15:25 <INFO> Sampled SMILES c1ccc2c(c1)c1c(c(c3c(cccc31)-c1ccc3oc4ccccc4c3c1)o2)-c1ccc2ccc(-c3cc4ccccc4cc3)cc2c1 failed to sanitize.
21:15:25 <INFO> Sampled SMILES Clc1c(ccc(c1)CNC(CN1c2n(nc(c2C(c2ccc(OCC=C)c(Br)c2)SC1=C)[C@H](CC)C)=O)=O)C failed to sanitize.
21:15:29 <INFO> Score: 0.44 Agent NLL: 34.32 Valid:  95% Step: 50
 | Agent Prior Target Score SMILES SMILES_state predicted_activity predicted_activity (raw) training_similarity training_similarity (raw) uncertainty uncertainty (raw) novelty novelty (raw) stereo_validity stereo_validity (raw) MW_window MW_window (raw) synthetic_feasibility synthetic_feasibility (raw) curated alerts filter curated alerts filter (raw) scaffold_novelty (predicted_activity) taf_disrupted (predicted_activity) taf_consistency (predicted_activity) matchting_patterns (curated alerts filter)
 | 29.9066 32.1101 36.9983 0.5399095 COc1ccc(CN(C)C[C@@H](C)Br)cc1OC 1 0.2300000 0.2300 0.2626129 0.2626 0.4208325 0.4208 0.7965666 0.7966 1.0000000 1.0000 1.0000000 302.2120 0.5354717 2.5431 1.0000000 1.0000 1.0 0.6666666666666667 0.3333333333333333 []
 | 25.7452 23.8381 46.0185 0.5457549 S=C(SCc1ccc2ccccc2c1)N1CCOCC1 1 0.2350000 0.2350 0.3008473 0.3008 0.4239988 0.4240 0.7567568 0.7568 1.0000000 1.0000 1.0000000 303.4520 0.5267871 2.1645 1.0000000 1.0000 1.0 1.0 0.0 []
 | 32.8076 40.2875 26.7570 0.5237848 CCCCN(Cc1cc(=O)[nH]c2ccc(C#N)cc12)C(=S)NCCC 1 0.1950000 0.1950 0.2603596 0.2604 0.3962007 0.3962 0.8019705 0.8020 1.0000000 1.0000 1.0000000 356.4950 0.5355873 2.5482 1.0000000 1.0000 1.0 0.33333333333333337 0.6666666666666666 []
 | 42.4708 49.2814 -49.2814 0.0000000 c1c2CCN3C(C(=O)c(c31)cc(c2OCc1ccccc1Cl)CC)=O 0 0.0000000 0.0000 0.0000000 0.0000 0.0000000 0.0000 0.0000000 0.0000 0.0000000 0.0000 0.0000000 0.0000 0.0000000 0.0000 0.0000000 0.0000 None None None None
 | 26.3735 31.1031 35.3128 0.5188744 Cc1ncccc1COc1cccc(CNCc2ccco2)c1 1 0.1850000 0.1850 0.2993453 0.2993 0.3882976 0.3883 0.7333676 0.7334 1.0000000 1.0000 1.0000000 308.3810 0.5250040 2.0868 1.0000000 1.0000 1.0 0.6666666666666667 0.3333333333333333 []
 | 30.2804 33.0634 33.8632 0.5228644 Cc1cc(C)c2c(C(=O)OCCCC(=O)c3ccccc3)c(C)oc2n1 1 0.2050000 0.2050 0.2683725 0.2684 0.4037016 0.4037 0.7389815 0.7390 1.0000000 1.0000 1.0000000 351.4020 0.5304970 2.3261 1.0000000 1.0000 1.0 0.6666666666666667 0.3333333333333333 []
 | 37.7469 36.9268 30.7187 0.5284803 Nc1ccc(Cl)c(C(=O)c2ccc(CNC(=O)OCC3c4ccccc4-c4ccccc43)cc2)c1 1 0.2250000 0.2250 0.2507784 0.2508 0.4175823 0.4176 0.7492216 0.7492 1.0000000 1.0000 1.0000000 482.9670 0.5300041 2.3046 1.0000000 1.0000 1.0 0.33333333333333337 0.6666666666666666 []
 | 21.9145 22.9503 45.2680 0.5329555 CCOC(=O)C(C)(C)NCc1cccs1 1 0.2200000 0.2200 0.2857143 0.2857 0.4142463 0.4142 0.7310736 0.7311 1.0000000 1.0000 1.0000000 227.3290 0.5302723 2.3163 1.0000000 1.0000 1.0 0.33333333333333337 0.6666666666666666 []
 | 35.1756 36.5312 -15.6020 0.1635091 CCCCc1sc(C)cc1C(Cc1ccc(C)cc1)C(=O)O 1 0.2050000 0.2050 0.2903800 0.2904 0.4037016 0.4037 0.7432519 0.7433 0.0000000 0.0000 1.0000000 316.4660 0.5420544 2.8307 1.0000000 1.0000 1.0 1.0 0.0 []
 | 31.1596 31.6083 36.3414 0.5308563 Cc1ccc(NC(=O)c2cc(-c3ccc(O)cc3)nn2C)c(C)c1 1 0.2550000 0.2550 0.2029385 0.2029 0.4358612 0.4359 0.7970615 0.7971 1.0000000 1.0000 1.0000000 321.3800 0.5227847 1.9902 1.0000000 1.0000 1.0 0.6666666666666667 0.3333333333333333 []
21:15:30 <INFO> Sampled SMILES c1(c(nc2c(nccc2)n1C)=O)CCSc1nnc(C(c2cccc(c2)C)C)o1 failed to sanitize.
21:15:33 <INFO> Score: 0.47 Agent NLL: 33.03 Valid:  98% Step: 51
 | Agent Prior Target Score SMILES SMILES_state predicted_activity predicted_activity (raw) training_similarity training_similarity (raw) uncertainty uncertainty (raw) novelty novelty (raw) stereo_validity stereo_validity (raw) MW_window MW_window (raw) synthetic_feasibility synthetic_feasibility (raw) curated alerts filter curated alerts filter (raw) scaffold_novelty (predicted_activity) taf_disrupted (predicted_activity) taf_consistency (predicted_activity) matchting_patterns (curated alerts filter)
 | 37.9674 42.1605 27.9123 0.5474435 C[C@@H]1CN(Cc2cn3cccc(Br)c3n2)CCN1C(=O)Cc1ccoc1 1 0.2550000 0.2550 0.2857384 0.2857 0.4358612 0.4359 0.7142616 0.7143 1.0000000 1.0000 1.0000000 417.3070 0.5518478 3.2598 1.0000000 1.0000 1.0 0.6666666666666667 0.3333333333333333 []
 | 43.7304 49.3946 14.4267 0.4986045 CCCC(=O)N1CCC(F)(F)CC[C@@H]1c1nc(-n2nc(C)cc2C)no1 1 0.1500000 0.1500 0.2713048 0.2713 0.3570714 0.3571 0.7637722 0.7638 1.0000000 1.0000 1.0000000 367.4000 0.5551570 3.4052 1.0000000 1.0000 1.0 1.0 0.0 []
 | 37.9801 47.2962 16.0704 0.4950514 CCN(CC)S(=O)(=O)c1ccc(CNC(=O)[C@]2(C)CCN(S(=O)(=O)c3ccc(Cl)s3)C2)s1 1 0.1550000 0.1550 0.2275429 0.2275 0.3619047 0.3619 0.8065397 0.8065 1.0000000 1.0000 1.0000000 540.1540 0.5534976 3.3323 1.0000000 1.0000 1.0 0.6666666666666667 0.3333333333333333 []
 | 28.0676 29.4761 38.2872 0.5294013 Cc1ccc(NS(=O)(=O)c2ccc(NC(=O)[C@H]3COc4ccccc4O3)cc2)cc1C 1 0.2100000 0.2100 0.2832116 0.2832 0.4073082 0.4073 0.7391797 0.7392 1.0000000 1.0000 1.0000000 438.5050 0.5357720 2.5562 1.0000000 1.0000 1.0 0.6666666666666667 0.3333333333333333 []
 | 31.8447 31.5389 39.2780 0.5532567 Cn1ccnc1[C@H](NC(=O)c1ccc2c(c1)CNC2)c1ccccc1 1 0.2850000 0.2850 0.2583413 0.2583 0.4514144 0.4514 0.7416587 0.7417 1.0000000 1.0000 1.0000000 332.4070 0.5402015 2.7497 1.0000000 1.0000 1.0 0.6666666666666667 0.3333333333333333 []
 | 25.5974 31.2545 37.6410 0.5382458 CSCCCCNS(=O)(=O)c1cnc(NC(=O)c2cccs2)s1 1 0.2350000 0.2350 0.2603596 0.2604 0.4239988 0.4240 0.7697954 0.7698 1.0000000 1.0000 1.0000000 391.5650 0.5352203 2.5321 1.0000000 1.0000 1.0 0.6666666666666667 0.3333333333333333 []
 | 30.4787 36.7825 33.9071 0.5522628 Cc1cc(C)c(-c2cc(C(=O)N[C@@H](C)Cn3cncn3)no2)cc1C 1 0.2750000 0.2750 0.2412253 0.2412 0.4465143 0.4465 0.7958758 0.7959 1.0000000 1.0000 1.0000000 339.3990 0.5456411 2.9877 1.0000000 1.0000 1.0 0.6666666666666667 0.3333333333333333 []
 | 27.8782 29.4922 41.3845 0.5537246 Cc1cc(NC(=O)[C@@H](CC(=O)O)c2ccccc2)no1 1 0.2750000 0.2750 0.2933594 0.2934 0.4465143 0.4465 0.7066406 0.7066 1.0000000 1.0000 1.0000000 274.2760 0.5350090 2.5229 1.0000000 1.0000 1.0 0.6666666666666667 0.3333333333333333 []
 | 41.1270 46.8314 22.0154 0.5378650 CC(=O)Cn1cnc([C@H](Cc2ccccn2)Cc2ccccc2F)c1 1 0.2450000 0.2450 0.2421240 0.2421 0.4300872 0.4301 0.7627105 0.7627 1.0000000 1.0000 1.0000000 337.3980 0.5488190 3.1270 1.0000000 1.0000 1.0 1.0 0.0 []
 | 27.9796 33.6004 32.3423 0.5151777 CCc1ccc(CCC(=O)OCc2nc(COc3cccc(C)c3)no2)cc1 1 0.1900000 0.1900 0.2749207 0.2749 0.3923009 0.3923 0.7264236 0.7264 1.0000000 1.0000 1.0000000 380.4440 0.5265645 2.1548 1.0000000 1.0000 1.0 0.6666666666666667 0.3333333333333333 []
21:15:34 <INFO> Sampled SMILES c1(=O)c(cnc2c(c(nn12)C)CC(=O)Nc1cc(ccc1C)S(=O)(=O)N1CCCCC1)C failed to sanitize.
21:15:34 <INFO> Sampled SMILES c1c(C(=O)Oc2cc(C=NNC(=O)c3ccc(F)cc3Cl)ccc2)cc(CN2C(=O)CSC2=O)c1 failed to sanitize.
21:15:34 <INFO> Sampled SMILES O(C)C(=O)CSc1c(c[nH]c2c1c(C)ccc2C)C(=O)N failed to sanitize.
21:15:37 <INFO> Score: 0.41 Agent NLL: 34.11 Valid:  95% Step: 52
 | Agent Prior Target Score SMILES SMILES_state predicted_activity predicted_activity (raw) training_similarity training_similarity (raw) uncertainty uncertainty (raw) novelty novelty (raw) stereo_validity stereo_validity (raw) MW_window MW_window (raw) synthetic_feasibility synthetic_feasibility (raw) curated alerts filter curated alerts filter (raw) scaffold_novelty (predicted_activity) taf_disrupted (predicted_activity) taf_consistency (predicted_activity) matchting_patterns (curated alerts filter)
 | 28.4695 32.3103 34.9431 0.5254173 CCc1onc(C)c1C(=O)Nc1nc(-c2cc(C)sc2C)cs1 1 0.2250000 0.2250 0.2173254 0.2173 0.4175823 0.4176 0.7979695 0.7980 1.0000000 1.0000 1.0000000 347.4650 0.5387205 2.6850 1.0000000 1.0000 1.0 0.6666666666666667 0.3333333333333333 []
 | 30.1457 38.1277 30.2293 0.5340393 COCCNC(=O)CCn1nc(C)c(S(=O)(=O)Nc2ccccn2)c1C 1 0.2200000 0.2200 0.2779693 0.2780 0.4142463 0.4142 0.7539095 0.7539 1.0000000 1.0000 1.0000000 381.4580 0.5317919 2.3826 1.0000000 1.0000 1.0 0.6666666666666667 0.3333333333333333 []
 | 48.0591 47.8563 -46.5165 0.0104670 CN(C(=O)c1cccc(NC(=O)NS(=O)(=O)c2cc(Br)ccc2Br)c1)c1cccc(C(F)(F)F)c1 1 0.2700000 0.2700 0.1615914 0.1616 0.4439595 0.4440 0.8441427 0.8441 1.0000000 1.0000 0.0000000 635.2560 0.5344437 2.4982 1.0000000 1.0000 1.0 0.33333333333333337 0.6666666666666666 []
 | 24.4132 26.7977 39.9472 0.5214445 Cc1ccc(NC(=O)CNCc2ccccc2F)c(Cl)c1 1 0.2250000 0.2250 0.2117794 0.2118 0.4175823 0.4176 0.7970615 0.7971 1.0000000 1.0000 1.0000000 306.7680 0.5183728 1.7983 1.0000000 1.0000 1.0 0.6666666666666667 0.3333333333333333 []
 | 31.7193 32.5575 -12.2596 0.1585772 C=CCNC(=O)C(=O)NCC1CCCN(c2nccn(C)c2=O)C1 1 0.1650000 0.1650 0.2815463 0.2815 0.3711805 0.3712 0.8038839 0.8039 0.0000000 0.0000 1.0000000 333.3920 0.5468158 3.0392 1.0000000 1.0000 1.0 0.6666666666666667 0.3333333333333333 []
 | 29.2699 29.5005 -28.0686 0.0111868 Cc1ccc(OCC(=O)N(Cc2c(Cl)cccc2Cl)[C@@H](Cc2ccccc2)C(=O)NCC(C)C)c(Br)c1 1 0.3000000 0.3000 0.2971334 0.2971 0.4582576 0.4583 0.7028666 0.7029 1.0000000 1.0000 0.0000000 606.3880 0.5444434 2.9353 1.0000000 1.0000 1.0 0.33333333333333337 0.6666666666666666 []
 | 35.5431 43.9459 -43.9459 0.0000000 c1(=O)c(cnc2c(c(nn12)C)CC(=O)Nc1cc(ccc1C)S(=O)(=O)N1CCCCC1)C 0 0.0000000 0.0000 0.0000000 0.0000 0.0000000 0.0000 0.0000000 0.0000 0.0000000 0.0000 0.0000000 0.0000 0.0000000 0.0000 0.0000000 0.0000 None None None None
 | 30.0862 31.2481 35.1849 0.5190079 CCc1ccc(CNCC2(O)Cc3ccccc3C2)o1 1 0.1800000 0.1800 0.2835466 0.2835 0.3841875 0.3842 0.7776920 0.7777 1.0000000 1.0000 1.0000000 271.3600 0.5368275 2.6023 1.0000000 1.0000 1.0 0.6666666666666667 0.3333333333333333 []
 | 39.6604 43.0211 -41.6811 0.0104683 CCOc1ccc(-n2c(CC)nnc2SCc2cccc(C(=O)NCCc3ccc(OCC)c(OC)c3)n2)cc1 1 0.2150000 0.2150 0.2459060 0.2459 0.4108223 0.4108 0.7822956 0.7823 1.0000000 1.0000 0.0000000 561.7080 0.5355242 2.5454 1.0000000 1.0000 1.0 0.6666666666666667 0.3333333333333333 []
 | 40.4645 47.4123 21.5815 0.5390143 CC[C@@H](CO)NC(=O)NCc1cc(Cl)cc(-c2ccc(F)c(COC)c2)c1 1 0.2350000 0.2350 0.2805794 0.2806 0.4239988 0.4240 0.7290168 0.7290 1.0000000 1.0000 1.0000000 394.8740 0.5410018 2.7847 1.0000000 1.0000 1.0 0.6666666666666667 0.3333333333333333 []
21:15:37 <INFO> Sampled SMILES C1N(C(=O)c2c(ccc(C(c3c(OC)cc(cc3)OC)=O)[nH]2)C)CCCC1 failed to sanitize.
21:15:41 <INFO> Score: 0.46 Agent NLL: 33.40 Valid:  97% Step: 53
 | Agent Prior Target Score SMILES SMILES_state predicted_activity predicted_activity (raw) training_similarity training_similarity (raw) uncertainty uncertainty (raw) novelty novelty (raw) stereo_validity stereo_validity (raw) MW_window MW_window (raw) synthetic_feasibility synthetic_feasibility (raw) curated alerts filter curated alerts filter (raw) scaffold_novelty (predicted_activity) taf_disrupted (predicted_activity) taf_consistency (predicted_activity) matchting_patterns (curated alerts filter)
 | 39.5509 48.7897 12.8403 0.4814837 Fc1cccc(-c2nnc(CN(Cc3ccco3)Cc3cnc(Cl)c4c3CCC4)o2)c1 1 0.1600000 0.1600 0.1653796 0.1654 0.3666061 0.3666 0.8514333 0.8514 1.0000000 1.0000 1.0000000 438.8900 0.5411633 2.7918 1.0000000 1.0000 1.0 1.0 0.0 []
 | 34.6108 40.0501 24.4183 0.5036596 CCCCc1nc(N)sc1C(=O)c1cc2c(C)nn(CC)c2s1 1 0.1600000 0.1600 0.2465568 0.2466 0.3666061 0.3666 0.8195013 0.8195 1.0000000 1.0000 1.0000000 348.4970 0.5439890 2.9154 1.0000000 1.0000 1.0 0.6666666666666667 0.3333333333333333 []
 | 45.2620 50.5445 17.6480 0.5327544 Cc1ccc([C@@H]2Oc3nc(NC(=O)Cc4ccc(Cl)c(Cl)c4)ncc3N[C@H]2C)cc1 1 0.2250000 0.2250 0.2603126 0.2603 0.4175823 0.4176 0.7409603 0.7410 1.0000000 1.0000 1.0000000 443.3340 0.5564439 3.4618 1.0000000 1.0000 1.0 0.6666666666666667 0.3333333333333333 []
 | 25.3800 23.9536 44.8634 0.5376324 O=C(Cc1csc(-c2ccccc2)n1)NCc1ccc(F)cc1 1 0.2450000 0.2450 0.2619790 0.2620 0.4300872 0.4301 0.7432519 0.7433 1.0000000 1.0000 1.0000000 326.3960 0.5182586 1.7933 1.0000000 1.0000 1.0 0.6666666666666667 0.3333333333333333 []
 | 27.2230 32.6300 35.2187 0.5300679 CC[C@H](C)NC(=O)CCCNc1cc(N)cc(Cl)c1 1 0.2200000 0.2200 0.2375836 0.2376 0.4142463 0.4142 0.8067448 0.8067 1.0000000 1.0000 1.0000000 283.8030 0.5370548 2.6122 1.0000000 1.0000 1.0 0.6666666666666667 0.3333333333333333 []
 | 26.6411 32.5435 39.0433 0.5592717 CC[C@@H](C)NS(=O)(=O)c1ccc(C(=O)Nc2cccc3[nH]ncc23)cc1 1 0.3100000 0.3100 0.2390457 0.2390 0.4624932 0.4625 0.7750000 0.7750 1.0000000 1.0000 1.0000000 372.4500 0.5358247 2.5585 1.0000000 1.0000 1.0 0.6666666666666667 0.3333333333333333 []
 | 29.3602 33.6376 30.4763 0.5008900 CCOC(CNC(=O)[C@@H]1CN(S(C)(=O)=O)C[C@H]1C)OCC 1 0.1700000 0.1700 0.2294157 0.2294 0.3756328 0.3756 0.7705843 0.7706 1.0000000 1.0000 1.0000000 322.4270 0.5571121 3.5088 1.0000000 1.0000 1.0 0.6666666666666667 0.3333333333333333 []
 | 31.1814 31.6322 35.0314 0.5208095 CC(C)Cc1ncc(CNc2cc(C(N)=O)ncn2)cn1 1 0.2200000 0.2200 0.2111855 0.2112 0.4142463 0.4142 0.7946015 0.7946 1.0000000 1.0000 1.0000000 286.3390 0.5370391 2.6115 1.0000000 1.0000 1.0 0.6666666666666667 0.3333333333333333 []
 | 42.8508 46.9738 21.3513 0.5337895 CCCc1c(-c2cccc(Br)c2)nc(Nc2ccc(F)cc2F)c(C(=O)O)c1C 1 0.2450000 0.2450 0.2187393 0.2187 0.4300872 0.4301 0.8004920 0.8005 1.0000000 1.0000 1.0000000 461.3060 0.5342150 2.4883 1.0000000 1.0000 1.0 0.33333333333333337 0.6666666666666666 []
 | 32.8694 32.8690 33.5757 0.5190987 CCCNc1nnc(Nc2nccs2)c2ccccc12 1 0.2100000 0.2100 0.2324953 0.2325 0.4073082 0.4073 0.7675047 0.7675 1.0000000 1.0000 1.0000000 285.3760 0.5314441 2.3674 1.0000000 1.0000 1.0 0.6666666666666667 0.3333333333333333 []
21:15:41 <INFO> Sampled SMILES c1(-c2c3cc(ccc3nc(C(=O)Nc3cc2c([nH]n3)CCC)S(=O)(=O)c2scc(n2)-c2nc(sc2)N(CC)CC)C)cccc(c1)Br failed to sanitize.
21:15:41 <INFO> Sampled SMILES c1(c2c(cc(F)c(N3C(c4ccc(cc4C3)OC)=O)c2)OCC1)C(=O)c1c(ccc(F)c1)F failed to sanitize.
21:15:44 <INFO> Score: 0.45 Agent NLL: 33.42 Valid:  97% Step: 54
 | Agent Prior Target Score SMILES SMILES_state predicted_activity predicted_activity (raw) training_similarity training_similarity (raw) uncertainty uncertainty (raw) novelty novelty (raw) stereo_validity stereo_validity (raw) MW_window MW_window (raw) synthetic_feasibility synthetic_feasibility (raw) curated alerts filter curated alerts filter (raw) scaffold_novelty (predicted_activity) taf_disrupted (predicted_activity) taf_consistency (predicted_activity) matchting_patterns (curated alerts filter)
 | 41.8018 46.2017 20.4633 0.5208204 CC[C@@H](C(=O)N[C@@H](CC(C)C)c1cc2cc(C)ccc2o1)n1cnc2c(c1=O)CCCC2 1 0.2050000 0.2050 0.2342547 0.2343 0.4037016 0.4037 0.7772823 0.7773 1.0000000 1.0000 1.0000000 435.5680 0.5551887 3.5934 1.0000000 1.0000 1.0 0.6666666666666667 0.3333333333333333 []
 | 34.9641 38.1857 27.7713 0.5152892 CCOc1ccccc1CCOc1cc(N)cc(NC(C)=O)c1 1 0.1850000 0.1850 0.2857953 0.2858 0.3882976 0.3883 0.7304181 0.7304 1.0000000 1.0000 1.0000000 314.3850 0.5233575 2.0151 1.0000000 1.0000 1.0 0.6666666666666667 0.3333333333333333 []
 | 27.6285 28.1758 37.3993 0.5123054 CCN(Cc1ccccn1)c1ncnc(C)c1C(N)=S 1 0.2000000 0.2000 0.2117794 0.2118 0.4000000 0.4000 0.7970615 0.7971 1.0000000 1.0000 1.0000000 287.3920 0.5382384 2.6639 1.0000000 1.0000 1.0 0.6666666666666667 0.3333333333333333 []
 | 27.9933 30.1511 34.9148 0.5083275 CNc1ccc([N+](=O)[O-])cc1C(=O)N(C)Cc1c(C)noc1C 1 0.1950000 0.1950 0.1960696 0.1961 0.3962007 0.3962 0.8356010 0.8356 1.0000000 1.0000 1.0000000 318.3330 0.5318564 2.3854 1.0000000 1.0000 1.0 0.6666666666666667 0.3333333333333333 []
 | 32.4084 37.6919 25.4778 0.4935129 CCCOc1ccc(Nc2cc(C)nc(Nc3cnccn3)n2)cc1C 1 0.1550000 0.1550 0.2551552 0.2552 0.3619047 0.3619 0.7448448 0.7448 1.0000000 1.0000 1.0000000 350.4260 0.5321276 2.3972 1.0000000 1.0000 1.0 0.6666666666666667 0.3333333333333333 []
 | 26.6390 29.0364 36.1579 0.5093304 CCOC(=O)Cc1csc(NC(=O)C2CCN(C(=O)c3cccc(Cl)c3)CC2)n1 1 0.1900000 0.1900 0.2236530 0.2237 0.3923009 0.3923 0.7928707 0.7929 1.0000000 1.0000 1.0000000 435.9330 0.5267336 2.1621 1.0000000 1.0000 1.0 0.33333333333333337 0.6666666666666666 []
 | 33.7779 38.4094 33.7589 0.5638152 CC[C@@H](C)c1ccc(OCCn2cc(CCP(=O)(O)O)nn2)cc1 1 0.2900000 0.2900 0.3171675 0.3172 0.4537621 0.4538 0.6938138 0.6938 1.0000000 1.0000 1.0000000 353.3590 0.5458787 2.9981 1.0000000 1.0000 1.0 1.0 0.0 []
 | 36.7378 41.6972 17.6633 0.4637539 CCCCNc1nc(-c2cc(-c3cc(OC)ccc3OCC)no2)cs1 1 0.1000000 0.1000 0.2840286 0.2840 0.3000000 0.3000 0.7928158 0.7928 1.0000000 1.0000 1.0000000 373.4780 0.5322924 2.4044 1.0000000 1.0000 1.0 0.6666666666666667 0.3333333333333333 []
 | 30.2255 36.1861 34.1376 0.5494044 CC[C@@H](C)N(C(=O)COC(=O)c1csc(=O)[nH]1)c1cccc(C)c1 1 0.2650000 0.2650 0.2603596 0.2604 0.4413332 0.4413 0.7524631 0.7525 1.0000000 1.0000 1.0000000 348.4240 0.5509882 3.2221 1.0000000 1.0000 1.0 0.6666666666666667 0.3333333333333333 []
 | 25.9323 27.2200 41.4332 0.5363528 O=C1C[C@H](CO)CN1c1ccc(I)cc1F 1 0.2000000 0.2000 0.3228732 0.3229 0.4000000 0.4000 0.7567568 0.7568 1.0000000 1.0000 1.0000000 335.1160 0.5426463 2.8566 1.0000000 1.0000 1.0 0.6666666666666667 0.3333333333333333 []
21:15:48 <INFO> Score: 0.49 Agent NLL: 33.15 Valid: 100% Step: 55
 | Agent Prior Target Score SMILES SMILES_state predicted_activity predicted_activity (raw) training_similarity training_similarity (raw) uncertainty uncertainty (raw) novelty novelty (raw) stereo_validity stereo_validity (raw) MW_window MW_window (raw) synthetic_feasibility synthetic_feasibility (raw) curated alerts filter curated alerts filter (raw) scaffold_novelty (predicted_activity) taf_disrupted (predicted_activity) taf_consistency (predicted_activity) matchting_patterns (curated alerts filter)
 | 51.0136 53.6568 18.2610 0.5618582 CC(=N\O)/C(Nc1cc(C(=O)Nc2ccccc2C)ccc1O)=C(\N=O)C(=O)O 1 0.3200000 0.3200 0.2396406 0.2396 0.4664762 0.4665 0.7651443 0.7651 1.0000000 1.0000 1.0000000 398.3750 0.5422760 2.8404 1.0000000 1.0000 1.0 0.6666666666666667 0.3333333333333333 []
 | 34.8823 37.3906 -37.3906 0.0000000 CCOc1c(Cl)cc(C=NN2CCN(Cc3cccc4ccccc34)CC2)cc1Br 1 0.0000000 0.0000 0.0000000 0.0000 0.0000000 0.0000 0.0000000 0.0000 0.0000000 0.0000 0.0000000 0.0000 0.0000000 0.0000 0.0000000 0.0000 None None None ['[#7;!n][#7;!n]']
 | 27.4487 30.1384 38.9347 0.5396333 CCc1ccc(NC(=O)Cc2cccc(F)c2)cc1C(=O)O 1 0.2500000 0.2500 0.2619790 0.2620 0.4330127 0.4330 0.7432519 0.7433 1.0000000 1.0000 1.0000000 301.3170 0.5188596 1.8195 1.0000000 1.0000 1.0 0.6666666666666667 0.3333333333333333 []
 | 32.3880 35.2315 32.8066 0.5315478 Cc1ccc(-c2noc(NC(=O)CCc3c(C)nc(-c4ccco4)[nH]c3=O)n2)cc1 1 0.2250000 0.2250 0.2438299 0.2438 0.4175823 0.4176 0.7841336 0.7841 1.0000000 1.0000 1.0000000 405.4140 0.5381491 2.6600 1.0000000 1.0000 1.0 0.6666666666666667 0.3333333333333333 []
 | 25.9514 25.1317 44.7717 0.5461203 NC(=S)c1c(O)cccc1C(F)(F)F 1 0.3050000 0.3050 0.1934478 0.1934 0.4604074 0.4604 0.8065522 0.8066 1.0000000 1.0000 1.0000000 221.2030 0.5314193 2.3663 1.0000000 1.0000 1.0 0.6666666666666667 0.3333333333333333 []
 | 29.9346 30.6503 30.8369 0.4803691 CCOc1ccc(S(=O)(=O)N[C@H]2CCCC[C@@H]2C)c(OCC)c1 1 0.1250000 0.1250 0.2650795 0.2651 0.3307189 0.3307 0.7817821 0.7818 1.0000000 1.0000 1.0000000 341.4730 0.5419872 2.8278 1.0000000 1.0000 1.0 0.6666666666666667 0.3333333333333333 []
 | 28.9020 30.8786 36.5737 0.5269715 CC[C@@H](C)c1ccc(OCC(=O)NCCCCOc2ccc(OC)cc2)cc1 1 0.1850000 0.1850 0.3390663 0.3391 0.3882976 0.3883 0.7272276 0.7272 1.0000000 1.0000 1.0000000 385.5040 0.5300096 2.3049 1.0000000 1.0000 1.0 0.6666666666666667 0.3333333333333333 []
 | 33.0186 35.8186 32.1888 0.5313075 CCCn1ncc(C(=O)NCc2cccnc2Oc2ccccc2C)c1C 1 0.2200000 0.2200 0.2805794 0.2806 0.4142463 0.4142 0.7290168 0.7290 1.0000000 1.0000 1.0000000 364.4490 0.5287679 2.2508 1.0000000 1.0000 1.0 0.6666666666666667 0.3333333333333333 []
 | 32.4836 33.1106 25.5122 0.4579906 CCO[C@@H]1CCCN(CCCCCCCC(=O)OC)C1 1 0.1050000 0.1050 0.2337859 0.2338 0.3065534 0.3066 0.8018515 0.8019 1.0000000 1.0000 1.0000000 285.4280 0.5354491 2.5421 1.0000000 1.0000 1.0 0.6666666666666667 0.3333333333333333 []
 | 30.9031 29.6590 -7.8539 0.1703522 CC(O)C(NC(=O)CCCCCNC(=O)OCC1c2ccccc2-c2ccccc21)C(=O)O 1 0.2650000 0.2650 0.2992660 0.2993 0.4413332 0.4413 0.7007340 0.7007 0.0000000 0.0000 1.0000000 454.5230 0.5466847 3.0334 1.0000000 1.0000 1.0 0.33333333333333337 0.6666666666666666 []
21:15:48 <INFO> Sampled SMILES c1(CCCCC)n2nc(nc2sc1=Cc1c(cc(OCC)c(c1)OCC)Cl)C failed to sanitize.
21:15:48 <INFO> Sampled SMILES c1(OCCCCC)c(Cl)cc([C@@H](c2c(=O)n(CC)c(n(c2O)CCC)=O)=C(C#N)C(=O)NCC)cc1 failed to sanitize.
21:15:52 <INFO> Score: 0.43 Agent NLL: 33.46 Valid:  97% Step: 56
 | Agent Prior Target Score SMILES SMILES_state predicted_activity predicted_activity (raw) training_similarity training_similarity (raw) uncertainty uncertainty (raw) novelty novelty (raw) stereo_validity stereo_validity (raw) MW_window MW_window (raw) synthetic_feasibility synthetic_feasibility (raw) curated alerts filter curated alerts filter (raw) scaffold_novelty (predicted_activity) taf_disrupted (predicted_activity) taf_consistency (predicted_activity) matchting_patterns (curated alerts filter)
 | 30.5229 32.0495 -10.6671 0.1670500 Cc1ccc(CSc2nnc(N3C(=O)C(=O)C(C(=O)c4ccco4)C3c3cccs3)s2)cc1 1 0.2250000 0.2250 0.2905101 0.2905 0.4175823 0.4176 0.7494557 0.7495 0.0000000 0.0000 1.0000000 495.6070 0.5568045 3.5223 1.0000000 1.0000 1.0 1.0 0.0 []
 | 33.7999 34.5364 34.1650 0.5367292 Cc1cc(NC(=O)c2ccccc2SCC(=O)Nc2ccccc2Cl)c(C)cc1Br 1 0.2650000 0.2650 0.2122233 0.2122 0.4413332 0.4413 0.7886299 0.7886 1.0000000 1.0000 1.0000000 503.8490 0.5245317 2.0663 1.0000000 1.0000 1.0 0.33333333333333337 0.6666666666666666 []
 | 39.2506 38.8193 -37.5089 0.0102375 CCOc1cc(C=Cc2nc3c([nH]2)c(=O)[nH]c(=O)n3CC)ccc1OCCOc1ccc(Br)cc1Br 1 0.1950000 0.1950 0.2400397 0.2400 0.3962007 0.3962 0.7717823 0.7718 1.0000000 1.0000 0.0000000 620.2980 0.5415367 2.8081 1.0000000 1.0000 1.0 0.6666666666666667 0.3333333333333333 []
 | 26.0183 30.2860 38.2677 0.5355758 CCOCC(=O)N[C@H](C)c1ccc(-c2ccco2)cc1 1 0.2250000 0.2250 0.2903800 0.2904 0.4175823 0.4176 0.7239212 0.7239 1.0000000 1.0000 1.0000000 273.3320 0.5323339 2.4062 1.0000000 1.0000 1.0 0.6666666666666667 0.3333333333333333 []
 | 31.0190 38.1397 29.1767 0.5259090 CCc1ccccc1NC(=O)Nc1cnn(Cc2cc(C)cc(C)c2C)c1 1 0.2250000 0.2250 0.2173254 0.2173 0.4175823 0.4176 0.8121154 0.8121 1.0000000 1.0000 1.0000000 362.4770 0.5284109 2.2352 1.0000000 1.0000 1.0 0.6666666666666667 0.3333333333333333 []
 | 34.1331 40.5298 -40.5298 0.0000000 c1(CCCCC)n2nc(nc2sc1=Cc1c(cc(OCC)c(c1)OCC)Cl)C 0 0.0000000 0.0000 0.0000000 0.0000 0.0000000 0.0000 0.0000000 0.0000 0.0000000 0.0000 0.0000000 0.0000 0.0000000 0.0000 0.0000000 0.0000 None None None None
 | 33.4766 41.2935 26.0766 0.5263288 CCCOc1ccc(S(=O)(=O)C[C@@H](C)N(C)C(=O)[C@@H]2CC=CCC2)cc1 1 0.1950000 0.1950 0.3465517 0.3466 0.3962007 0.3962 0.6534483 0.6534 1.0000000 1.0000 1.0000000 379.5220 0.5519409 3.2639 1.0000000 1.0000 1.0 1.0 0.0 []
 | 31.5977 32.5758 -10.8159 0.1699993 CCC(C)NC(=O)c1ccc(NS(=O)(=O)c2ccc(C)c(OC)c2)cc1 1 0.2450000 0.2450 0.2979509 0.2980 0.4300872 0.4301 0.7679302 0.7679 0.0000000 0.0000 1.0000000 376.4780 0.5301954 2.3130 1.0000000 1.0000 1.0 0.6666666666666667 0.3333333333333333 []
 | 30.4431 39.5740 30.2684 0.5456438 CCCc1cc(C(=O)N2C[C@H](c3ccccc3)[C@@H]2C(=O)NCCOC)on1 1 0.2400000 0.2400 0.3295310 0.3295 0.4270831 0.4271 0.6704690 0.6705 1.0000000 1.0000 1.0000000 371.4370 0.5521148 3.2716 1.0000000 1.0000 1.0 0.6666666666666667 0.3333333333333333 []
 | 46.2517 59.4266 -59.4266 0.0000000 c1(OCCCCC)c(Cl)cc([C@@H](c2c(=O)n(CC)c(n(c2O)CCC)=O)=C(C#N)C(=O)NCC)cc1 0 0.0000000 0.0000 0.0000000 0.0000 0.0000000 0.0000 0.0000000 0.0000 0.0000000 0.0000 0.0000000 0.0000 0.0000000 0.0000 0.0000000 0.0000 None None None None
21:15:52 <INFO> Sampled SMILES O=c1c(Cl)c(C(Nc2nnc(s2)-c2sc(cc2)Cl)=O)cnc1 failed to sanitize.
21:15:52 <INFO> Sampled SMILES c1c(O)c(cc2CCN(C(=O)[C@H](Sc3ccncc3)C)[C@@H](c12)(C)C)OC failed to sanitize.
21:15:55 <INFO> Score: 0.45 Agent NLL: 32.70 Valid:  97% Step: 57
 | Agent Prior Target Score SMILES SMILES_state predicted_activity predicted_activity (raw) training_similarity training_similarity (raw) uncertainty uncertainty (raw) novelty novelty (raw) stereo_validity stereo_validity (raw) MW_window MW_window (raw) synthetic_feasibility synthetic_feasibility (raw) curated alerts filter curated alerts filter (raw) scaffold_novelty (predicted_activity) taf_disrupted (predicted_activity) taf_consistency (predicted_activity) matchting_patterns (curated alerts filter)
 | 34.5504 32.5559 38.3666 0.5540822 CC[C@@H](O)c1c(-c2cccc(C)c2)[nH]c2ccccc12 1 0.2900000 0.2900 0.2500965 0.2501 0.4537621 0.4538 0.7567568 0.7568 1.0000000 1.0000 1.0000000 265.3560 0.5363944 2.5834 1.0000000 1.0000 1.0 0.6666666666666667 0.3333333333333333 []
 | 26.8729 27.6390 40.2765 0.5305900 COC(=O)c1cc(C#N)c(-n2cccc2)s1 1 0.2100000 0.2100 0.2511059 0.2511 0.4073082 0.4073 0.8152127 0.8152 1.0000000 1.0000 1.0000000 232.2640 0.5405146 2.7634 1.0000000 1.0000 1.0 0.33333333333333337 0.6666666666666666 []
 | 33.0881 38.1728 32.3439 0.5509117 C#CCNC(=O)c1c(C)cc(CNCCOC)cc1Br 1 0.2750000 0.2750 0.2548645 0.2549 0.4465143 0.4465 0.7618372 0.7618 1.0000000 1.0000 1.0000000 339.2330 0.5353241 2.5367 1.0000000 1.0000 1.0 0.33333333333333337 0.6666666666666666 []
 | 29.6486 34.1974 -13.7284 0.1599140 Cc1ccc(OCc2nnc(C3CCCCC3C(=O)O)o2)cc1C 1 0.1800000 0.1800 0.3081578 0.3082 0.3841875 0.3842 0.7152526 0.7153 0.0000000 0.0000 1.0000000 330.3840 0.5476596 3.0761 1.0000000 1.0000 1.0 1.0 0.0 []
 | 41.4271 41.1455 17.6245 0.4591403 CCC1C2CN(c3nnc([C@H]4C[C@@H]4C(=O)O)s3)CC12 1 0.1350000 0.1350 0.2250000 0.2250 0.3417236 0.3417 0.8043441 0.8043 0.5000000 0.5000 1.0000000 279.3650 0.5418703 4.1773 1.0000000 1.0000 1.0 1.0 0.0 []
 | 41.9556 45.7264 22.7559 0.5350184 CC(=O)c1c[nH]c(C(=O)NC(=O)CSCCSCc2ccco2)c1 1 0.2350000 0.2350 0.2387512 0.2388 0.4239988 0.4240 0.7886299 0.7886 1.0000000 1.0000 1.0000000 366.4640 0.5399295 2.7378 1.0000000 1.0000 1.0 0.6666666666666667 0.3333333333333333 []
 | 29.9502 31.6796 31.4727 0.4933774 COc1ccc(-c2cc(Cl)cc(Cl)n2)c(F)c1F 1 0.1500000 0.1500 0.2262779 0.2263 0.3570714 0.3571 0.8461356 0.8461 1.0000000 1.0000 1.0000000 290.0960 0.5306509 2.3328 1.0000000 1.0000 1.0 1.0 0.0 []
 | 33.7005 36.4498 33.9831 0.5502575 COC(=O)c1cc(NC(=O)c2sc3nc(Cc4ccccc4)nc(C)c3c2C)cc(C(=O)OC)c1 1 0.2650000 0.2650 0.2963745 0.2964 0.4413332 0.4413 0.7036255 0.7036 1.0000000 1.0000 1.0000000 489.5530 0.5328267 2.4277 1.0000000 1.0000 1.0 0.33333333333333337 0.6666666666666666 []
 | 37.2852 38.9757 27.4791 0.5191782 CCOC(=O)CN(Cc1ccc(-c2ccc(Cl)c(Cl)c2)o1)C(=O)CBr 1 0.2100000 0.2100 0.2320698 0.2321 0.4073082 0.4073 0.7679302 0.7679 1.0000000 1.0000 1.0000000 449.1280 0.5329080 2.4312 1.0000000 1.0000 1.0 0.33333333333333337 0.6666666666666666 []
 | 25.5853 28.0159 39.9506 0.5309886 CCCCN(CCCC)S(=O)(=O)c1ccc(C(=O)O)cc1Cl 1 0.2100000 0.2100 0.2817181 0.2817 0.4073082 0.4073 0.7642977 0.7643 1.0000000 1.0000 1.0000000 347.8640 0.5256991 2.1171 1.0000000 1.0000 1.0 1.0 0.0 []
21:15:56 <INFO> Sampled SMILES Clc1n(c(=O)c(c(c1)=O)C=O)-c1ncc(Br)cn1 failed to sanitize.
21:15:56 <INFO> Sampled SMILES c1n(C)c(cc1S(=O)(=O)NCC[C@@H](OC)C)=O failed to sanitize.
21:15:59 <INFO> Score: 0.47 Agent NLL: 33.43 Valid:  97% Step: 58
 | Agent Prior Target Score SMILES SMILES_state predicted_activity predicted_activity (raw) training_similarity training_similarity (raw) uncertainty uncertainty (raw) novelty novelty (raw) stereo_validity stereo_validity (raw) MW_window MW_window (raw) synthetic_feasibility synthetic_feasibility (raw) curated alerts filter curated alerts filter (raw) scaffold_novelty (predicted_activity) taf_disrupted (predicted_activity) taf_consistency (predicted_activity) matchting_patterns (curated alerts filter)
 | 26.6030 27.8233 42.2124 0.5471539 O=C(NCc1cccnc1)c1ccc(Nc2ccc(Cl)cc2Cl)nc1 1 0.2700000 0.2700 0.2614261 0.2614 0.4439595 0.4440 0.7416587 0.7417 1.0000000 1.0000 1.0000000 373.2430 0.5236410 2.0275 1.0000000 1.0000 1.0 0.6666666666666667 0.3333333333333333 []
 | 47.8964 49.7911 -29.9206 0.1552380 CC(=O)C1CCCC1Cc1oc(=O)oc1/C=C\c1ccc(C)o1 1 0.1600000 0.1600 0.2698162 0.2698 0.3666061 0.3666 0.7577282 0.7577 0.0000000 0.0000 1.0000000 316.3530 0.5474703 3.9322 1.0000000 1.0000 1.0 1.0 0.0 []
 | 50.2121 52.2405 19.9730 0.5641677 C[C@](N=C(N)c1ccccc1O)(C(=O)O)N(C=O)c1csc(Br)c1 1 0.3250000 0.3250 0.2421240 0.2421 0.4683748 0.4684 0.7627105 0.7627 1.0000000 1.0000 1.0000000 412.2650 0.5464445 3.9771 1.0000000 1.0000 1.0 0.33333333333333337 0.6666666666666666 []
 | 40.9826 42.5635 21.6053 0.5013188 CC(=O)Nc1cc(-c2cc(-c3ccc(C)o3)cc(C(=O)N3CCCC3)n2)ccn1 1 0.1750000 0.1750 0.2094729 0.2095 0.3799671 0.3800 0.8244506 0.8245 1.0000000 1.0000 1.0000000 390.4430 0.5337341 2.4673 1.0000000 1.0000 1.0 0.6666666666666667 0.3333333333333333 []
 | 28.1413 29.8807 34.9440 0.5064428 CCOC(=O)c1sc(NCC(=O)c2cccc(F)c2)nc1C 1 0.1850000 0.1850 0.2219011 0.2219 0.3882976 0.3883 0.7937158 0.7937 1.0000000 1.0000 1.0000000 322.3610 0.5275080 2.1959 1.0000000 1.0000 1.0 0.33333333333333337 0.6666666666666666 []
 | 35.8605 42.2100 23.8728 0.5162720 Cc1cc(COc2ccccn2)c(C)c(-n2cc(Br)c(C)n2)n1 1 0.2000000 0.2000 0.2302656 0.2303 0.4000000 0.4000 0.7818462 0.7818 1.0000000 1.0000 1.0000000 373.2540 0.5398083 2.7325 1.0000000 1.0000 1.0 0.6666666666666667 0.3333333333333333 []
 | 24.4299 25.2865 43.8206 0.5398990 COCCn1cc(NC(=O)c2cccc(I)c2)cn1 1 0.2400000 0.2400 0.2803060 0.2803 0.4270831 0.4271 0.7334991 0.7335 1.0000000 1.0000 1.0000000 371.1780 0.5256580 2.1153 1.0000000 1.0000 1.0 0.6666666666666667 0.3333333333333333 []
 | 31.1405 31.9464 -10.8935 0.1644756 CCc1ccc(NC(=O)C2CCCN(C(=O)c3ncoc3-c3ccccc3)C2)cc1 1 0.2100000 0.2100 0.3231829 0.3232 0.4073082 0.4073 0.6951475 0.6951 0.0000000 0.0000 1.0000000 403.4820 0.5378073 2.6451 1.0000000 1.0000 1.0 0.6666666666666667 0.3333333333333333 []
 | 38.1497 40.2456 27.5679 0.5297931 CCS(=O)(=O)N1CCC(Cc2cc(=O)n([C@H](C)c3ccccc3)cn2)CC1 1 0.2100000 0.2100 0.2930426 0.2930 0.4073082 0.4073 0.7152526 0.7153 1.0000000 1.0000 1.0000000 389.5210 0.5458601 2.9973 1.0000000 1.0000 1.0 1.0 0.0 []
 | 24.7831 27.9530 38.7291 0.5209540 CCOC(=O)Cc1cnc(NC(=O)c2ccc([N+](=O)[O-])o2)s1 1 0.1950000 0.1950 0.2897672 0.2898 0.3962007 0.3962 0.7181732 0.7182 1.0000000 1.0000 1.0000000 325.3020 0.5341014 2.4833 1.0000000 1.0000 1.0 0.33333333333333337 0.6666666666666666 []
21:15:59 <INFO> Sampled SMILES c12c(cn(-c3cc(ccc3)Cl)cc-1n(-c1c(Cl)cccc1C)nc(c2=O)C)Cl failed to sanitize.
21:16:03 <INFO> Score: 0.47 Agent NLL: 34.37 Valid:  98% Step: 59
 | Agent Prior Target Score SMILES SMILES_state predicted_activity predicted_activity (raw) training_similarity training_similarity (raw) uncertainty uncertainty (raw) novelty novelty (raw) stereo_validity stereo_validity (raw) MW_window MW_window (raw) synthetic_feasibility synthetic_feasibility (raw) curated alerts filter curated alerts filter (raw) scaffold_novelty (predicted_activity) taf_disrupted (predicted_activity) taf_consistency (predicted_activity) matchting_patterns (curated alerts filter)
 | 36.2004 42.8615 22.5789 0.5112526 CC1CCCC[C@H]1CCNc1ccc(Cl)cc1C(=O)NCCO 1 0.2300000 0.2300 0.2437780 0.2438 0.4208325 0.4208 0.7841795 0.7842 0.5000000 0.5000 1.0000000 338.8790 0.5449889 2.9591 1.0000000 1.0000 1.0 0.6666666666666667 0.3333333333333333 []
 | 43.8533 45.5720 20.3545 0.5150512 Cc1nc(C)c(CN2C(=O)[C@H](C)N(c3cccc(Cl)c3Cl)C2O)s1 1 0.2400000 0.2400 0.2387512 0.2388 0.4270831 0.4271 0.7886299 0.7886 0.5000000 0.5000 1.0000000 386.3040 0.5523874 3.7165 1.0000000 1.0000 1.0 0.6666666666666667 0.3333333333333333 []
 | 32.7096 36.1522 28.5982 0.5058623 Cc1cc(-c2nnc(N3CCCC3)o2)cnc1NCCO 1 0.1900000 0.1900 0.2015810 0.2016 0.3923009 0.3923 0.8137519 0.8138 1.0000000 1.0000 1.0000000 289.3390 0.5367655 2.5996 1.0000000 1.0000 1.0 0.6666666666666667 0.3333333333333333 []
 | 34.7174 42.6482 27.4579 0.5477037 CCc1ccc(OC)c(NC(=O)c2c(C)c3sc(CC)cc3n2C(C)C)c1 1 0.2350000 0.2350 0.3060866 0.3061 0.4239988 0.4240 0.7515987 0.7516 1.0000000 1.0000 1.0000000 384.5450 0.5394381 2.7163 1.0000000 1.0000 1.0 0.6666666666666667 0.3333333333333333 []
 | 41.8730 46.2503 19.2738 0.5119071 CCCC[C@@](C)(CCC(=O)[C@@](C)(O)CC)Cc1ccsc1 1 0.1700000 0.1700 0.2639818 0.2640 0.3756328 0.3756 0.7946015 0.7946 1.0000000 1.0000 1.0000000 310.5030 0.5499125 3.8251 1.0000000 1.0000 1.0 0.6666666666666667 0.3333333333333333 []
 | 25.7898 27.6677 40.3553 0.5314299 CCN(CC)c1ccc(/C=C2/C(=O)NC(=O)N(c3cccc(Cl)c3Cl)C2=O)cc1 1 0.2250000 0.2250 0.2505831 0.2506 0.4175823 0.4176 0.7721972 0.7722 1.0000000 1.0000 1.0000000 432.3070 0.5326207 2.4187 1.0000000 1.0000 1.0 0.6666666666666667 0.3333333333333333 []
 | 45.4524 48.0814 18.4334 0.5196468 O=C(CCCCCNc1cc(=O)c1=O)NCCOc1ccc2[nH]ccc(=O)c2c1 1 0.1900000 0.1900 0.2553999 0.2554 0.3923009 0.3923 0.7967626 0.7968 1.0000000 1.0000 1.0000000 397.4310 0.5381141 2.6585 1.0000000 1.0000 1.0 0.6666666666666667 0.3333333333333333 []
 | 27.3377 28.9638 37.6532 0.5204450 N#Cc1cc(N)cc(CN2CC[C@@H](O)C2)c1 1 0.2200000 0.2200 0.1945195 0.1945 0.4142463 0.4142 0.8378379 0.8378 1.0000000 1.0000 1.0000000 217.2720 0.5409690 2.7833 1.0000000 1.0000 1.0 0.33333333333333337 0.6666666666666666 []
 | 31.9852 32.4647 32.7785 0.5097127 COc1ccc(F)c(C(=O)NCCCCN2CCSCC2)c1 1 0.1650000 0.1650 0.2708645 0.2709 0.3711805 0.3712 0.8081596 0.8082 1.0000000 1.0000 1.0000000 326.4370 0.5259052 2.1261 1.0000000 1.0000 1.0 0.6666666666666667 0.3333333333333333 []
 | 33.1922 34.1461 31.8825 0.5158489 Cn1c([C@@H]2CCCN2C(=O)c2cccc([N+](=O)[O-])c2Cl)nc2ccccc21 1 0.2050000 0.2050 0.2056290 0.2056 0.4037016 0.4037 0.8226596 0.8227 1.0000000 1.0000 1.0000000 384.8230 0.5417305 2.8166 1.0000000 1.0000 1.0 1.0 0.0 []
21:16:07 <INFO> Score: 0.48 Agent NLL: 31.51 Valid: 100% Step: 60
 | Agent Prior Target Score SMILES SMILES_state predicted_activity predicted_activity (raw) training_similarity training_similarity (raw) uncertainty uncertainty (raw) novelty novelty (raw) stereo_validity stereo_validity (raw) MW_window MW_window (raw) synthetic_feasibility synthetic_feasibility (raw) curated alerts filter curated alerts filter (raw) scaffold_novelty (predicted_activity) taf_disrupted (predicted_activity) taf_consistency (predicted_activity) matchting_patterns (curated alerts filter)
 | 30.5942 33.7686 28.3980 0.4856761 CCOC(=O)N1CCN(c2nc(Nc3cc(C)cc(C)c3)nc3ccsc23)CC1 1 0.1550000 0.1550 0.1949167 0.1949 0.3619047 0.3619 0.8283984 0.8284 1.0000000 1.0000 1.0000000 411.5310 0.5335045 2.4573 1.0000000 1.0000 1.0 0.33333333333333337 0.6666666666666666 []
 | 27.1684 29.9560 40.4865 0.5503320 Cc1ccc(C(=O)NCc2ccc(O)c(Cl)c2)c(Br)c1 1 0.2950000 0.2950 0.2339439 0.2339 0.4560428 0.4560 0.7660561 0.7661 1.0000000 1.0000 1.0000000 354.6310 0.5203420 1.8839 1.0000000 1.0000 1.0 0.33333333333333337 0.6666666666666666 []
 | 27.8443 29.7222 38.2779 0.5312509 O=[N+]([O-])c1ccc(-c2ccc(/C=N\OCc3ccccc3Br)o2)c(Br)c1 1 0.2300000 0.2300 0.2429494 0.2429 0.4208325 0.4208 0.7675047 0.7675 1.0000000 1.0000 1.0000000 480.1120 0.5359477 2.5639 1.0000000 1.0000 1.0 0.6666666666666667 0.3333333333333333 []
 | 25.4885 24.6273 40.8158 0.5112748 C/C=C/c1cccc2c1oc1ccccc12 1 0.2000000 0.2000 0.2065985 0.2066 0.4000000 0.4000 0.8135891 0.8136 1.0000000 1.0000 1.0000000 208.2600 0.5265028 2.1521 1.0000000 1.0000 1.0 1.0 0.0 []
 | 37.4576 46.2904 18.2492 0.5042159 CCOC(=O)c1cc(Cl)cc(NCc2nc(-c3cc(OCC)c(OCC)cc3OCC)oc2C)c1 1 0.1750000 0.1750 0.2337781 0.2338 0.3799671 0.3800 0.7834936 0.7835 1.0000000 1.0000 1.0000000 502.9950 0.5358513 2.5597 1.0000000 1.0000 1.0 0.33333333333333337 0.6666666666666666 []
 | 23.3847 24.5274 42.8702 0.5265442 CSCCN(C)S(=O)(=O)c1ccc(CN)cc1Br 1 0.2400000 0.2400 0.1979083 0.1979 0.4270831 0.4271 0.8133167 0.8133 1.0000000 1.0000 1.0000000 353.3070 0.5346622 2.5078 1.0000000 1.0000 1.0 0.33333333333333337 0.6666666666666666 []
 | 31.0139 34.1465 35.9393 0.5475457 CC[C@@H](C)c1ccc(OCC(=O)OCC(=O)NC(=O)c2ccc(OC(F)F)cc2)cc1 1 0.2450000 0.2450 0.2927700 0.2928 0.4300872 0.4301 0.7448448 0.7448 1.0000000 1.0000 1.0000000 435.4230 0.5367046 2.5969 1.0000000 1.0000 1.0 0.33333333333333337 0.6666666666666666 []
 | 30.0310 33.4753 34.0977 0.5279140 O=C(c1csc(Br)c1)N1CCC[C@@H]1c1nc(C2CCCCC2)no1 1 0.2100000 0.2100 0.2319004 0.2319 0.4073082 0.4073 0.8335899 0.8336 1.0000000 1.0000 1.0000000 410.3370 0.5471959 3.0558 1.0000000 1.0000 1.0 0.6666666666666667 0.3333333333333333 []
 | 31.0249 30.6620 42.1454 0.5688075 O=C(NCc1c(F)cccc1Cl)c1ccccc1OCCc1ccccc1 1 0.3150000 0.3150 0.3393503 0.3394 0.4645159 0.4645 0.6606497 0.6606 1.0000000 1.0000 1.0000000 383.8500 0.5195541 1.8497 1.0000000 1.0000 1.0 0.6666666666666667 0.3333333333333333 []
 | 28.0136 31.7262 37.7467 0.5427571 Cc1ccc(OCC(=O)NCc2nc(C)c(C(=O)NCCc3ccco3)s2)cc1 1 0.2500000 0.2500 0.2710524 0.2711 0.4330127 0.4330 0.7401494 0.7401 1.0000000 1.0000 1.0000000 413.4990 0.5293903 2.2779 1.0000000 1.0000 1.0 0.6666666666666667 0.3333333333333333 []
21:16:07 <INFO> Sampled SMILES C1[C@@H]2NN=C(C=2[C@H](C(=C1)C(=O)C)c1cccc(F)c1)C failed to sanitize.
21:16:07 <INFO> Sampled SMILES c1(Br)ccc(N2[C@@H](c3ccc(C)o3)C(=C(c3cn(nc3C)C)S2)C(=O)c2cc(c(C)cc2)C)c1 failed to sanitize.
21:16:10 <INFO> Score: 0.47 Agent NLL: 34.14 Valid:  97% Step: 61
 | Agent Prior Target Score SMILES SMILES_state predicted_activity predicted_activity (raw) training_similarity training_similarity (raw) uncertainty uncertainty (raw) novelty novelty (raw) stereo_validity stereo_validity (raw) MW_window MW_window (raw) synthetic_feasibility synthetic_feasibility (raw) curated alerts filter curated alerts filter (raw) scaffold_novelty (predicted_activity) taf_disrupted (predicted_activity) taf_consistency (predicted_activity) matchting_patterns (curated alerts filter)
 | 41.1118 46.5637 21.3522 0.5305925 Cc1nc(NC(=O)Cc2ccc(Cl)cc2)c(Cl)c(OCCc2ccc(OC(F)F)cc2)n1 1 0.2200000 0.2200 0.2530240 0.2530 0.4142463 0.4142 0.7762813 0.7763 1.0000000 1.0000 1.0000000 482.3140 0.5345519 2.5030 1.0000000 1.0000 1.0 0.6666666666666667 0.3333333333333333 []
 | 42.8598 44.5835 -44.5835 0.0000000 C1[C@@H]2NN=C(C=2[C@H](C(=C1)C(=O)C)c1cccc(F)c1)C 0 0.0000000 0.0000 0.0000000 0.0000 0.0000000 0.0000 0.0000000 0.0000 0.0000000 0.0000 0.0000000 0.0000 0.0000000 0.0000 0.0000000 0.0000 None None None None
 | 41.3672 49.8333 12.0347 0.4833441 CCc1ccc(-c2cc(-c3cc(Br)c(Br)s3)nc(Nc3ccncn3)n2)s1 1 0.1600000 0.1600 0.1707825 0.1708 0.3666061 0.3666 0.8469069 0.8469 1.0000000 1.0000 1.0000000 523.2790 0.5445309 2.9391 1.0000000 1.0000 1.0 0.33333333333333337 0.6666666666666666 []
 | 32.0044 30.7876 -9.9844 0.1625255 CCC(C)Oc1cccc(NCC(=O)Nc2ccc(CN3CCCCC3)cc2)c1 1 0.2150000 0.2150 0.2603596 0.2604 0.4108223 0.4108 0.7467749 0.7468 0.0000000 0.0000 1.0000000 395.5470 0.5334893 2.4566 1.0000000 1.0000 1.0 0.6666666666666667 0.3333333333333333 []
 | 35.9314 43.4859 17.2574 0.4745568 CCn1cnnc1C1C[C@H](C)N(C(=O)COc2c(C)cc(C)cc2C)C1 1 0.1550000 0.1550 0.2429494 0.2429 0.3619047 0.3619 0.7750000 0.7750 0.5000000 0.5000 1.0000000 356.4700 0.5555269 3.4215 1.0000000 1.0000 1.0 1.0 0.0 []
 | 31.0325 36.3003 30.0941 0.5187063 O=C(NCCOc1cccc(F)c1)[C@H]1COc2ccc(F)cc2O1 1 0.1800000 0.1800 0.3155844 0.3156 0.3841875 0.3842 0.7152526 0.7153 1.0000000 1.0000 1.0000000 335.3060 0.5368211 2.6020 1.0000000 1.0000 1.0 0.6666666666666667 0.3333333333333333 []
 | 29.0324 29.2334 39.8417 0.5396497 CC[C@H](C)c1nc2ccc(Br)cc2c(=O)n1N=Cc1ccc(OCc2ccc(F)cc2)cc1 1 0.2350000 0.2350 0.2946879 0.2947 0.4239988 0.4240 0.7053121 0.7053 1.0000000 1.0000 1.0000000 508.3910 0.5437642 2.9055 1.0000000 1.0000 1.0 0.6666666666666667 0.3333333333333333 []
 | 31.8024 42.2093 20.8329 0.4925172 CCOc1cc(S(=O)(=O)Nc2ccc(F)cc2)c(Cl)cc1Oc1cc(Cl)ccn1 1 0.1700000 0.1700 0.1912366 0.1912 0.3756328 0.3756 0.8250000 0.8250 1.0000000 1.0000 1.0000000 457.3100 0.5303640 2.3203 1.0000000 1.0000 1.0 0.6666666666666667 0.3333333333333333 []
 | 33.0126 36.2113 29.2149 0.5111415 CCn1c(COC(=O)c2cccc([N+](=O)[O-])c2Cl)nc2sc(C)c(C)c2c1=O 1 0.1850000 0.1850 0.2382435 0.2382 0.3882976 0.3883 0.7859708 0.7860 1.0000000 1.0000 1.0000000 421.8620 0.5366739 2.5956 1.0000000 1.0000 1.0 0.6666666666666667 0.3333333333333333 []
 | 33.5260 40.8600 22.5977 0.4957636 CCSc1ccc(NC(=S)N[C@H]2C[C@@H](C)C[C@H]2C)cc1C(F)(F)F 1 0.1750000 0.1750 0.1803339 0.1803 0.3799671 0.3800 0.8422078 0.8422 1.0000000 1.0000 1.0000000 376.5130 0.5560170 3.5570 1.0000000 1.0000 1.0 0.6666666666666667 0.3333333333333333 []
21:16:10 <INFO> Sampled SMILES Oc1c(c(C)c2O[C@@]34C[C@](Cc5c(cccc5)N([C@@H](C)C=C)C)(n1c23)C4)C failed to sanitize.
21:16:14 <INFO> Score: 0.47 Agent NLL: 33.96 Valid:  98% Step: 62
 | Agent Prior Target Score SMILES SMILES_state predicted_activity predicted_activity (raw) training_similarity training_similarity (raw) uncertainty uncertainty (raw) novelty novelty (raw) stereo_validity stereo_validity (raw) MW_window MW_window (raw) synthetic_feasibility synthetic_feasibility (raw) curated alerts filter curated alerts filter (raw) scaffold_novelty (predicted_activity) taf_disrupted (predicted_activity) taf_consistency (predicted_activity) matchting_patterns (curated alerts filter)
 | 24.8309 25.5348 32.8376 0.4560345 CN(CCOCC1CC1)S(=O)(=O)CCCCCl 1 0.0850000 0.0850 0.3207135 0.3207 0.2788817 0.2789 0.7908350 0.7908 1.0000000 1.0000 1.0000000 283.8210 0.5370836 2.6135 1.0000000 1.0000 1.0 1.0 0.0 []
 | 28.4721 33.3878 35.7901 0.5404526 O=S(=O)(Nc1ccc(NCCO)nn1)c1c(F)c(F)c(F)c(F)c1F 1 0.2750000 0.2750 0.2057983 0.2058 0.4465143 0.4465 0.7942017 0.7942 1.0000000 1.0000 1.0000000 384.2860 0.5406281 2.7684 1.0000000 1.0000 1.0 0.6666666666666667 0.3333333333333333 []
 | 25.5342 25.7880 -5.4180 0.1591408 CCCNCCC(C)Sc1nnnn1CCC 1 0.2100000 0.2100 0.2062395 0.2062 0.4073082 0.4073 0.7937605 0.7938 0.0000000 0.0000 1.0000000 257.4070 0.5469301 3.0442 1.0000000 1.0000 1.0 0.6666666666666667 0.3333333333333333 []
 | 44.0077 44.1855 22.1366 0.5181412 Cc1ccc(S(=O)(=O)NCC(=O)N2CCc3cc([N+](=O)[O-])c(O)cc32)cc1C 1 0.2200000 0.2200 0.1885256 0.1885 0.4142463 0.4142 0.8419264 0.8419 1.0000000 1.0000 1.0000000 405.4320 0.5345513 2.5029 1.0000000 1.0000 1.0 0.6666666666666667 0.3333333333333333 []
 | 39.3763 44.8725 25.8758 0.5527205 CC(=N)C(C)=Nc1ccccc1NC(=O)[C@H](C)[C@H](C)C(=O)O 1 0.2600000 0.2600 0.2757767 0.2758 0.4386342 0.4386 0.7567568 0.7568 1.0000000 1.0000 1.0000000 303.3620 0.5563842 3.5408 1.0000000 1.0000 1.0 0.6666666666666667 0.3333333333333333 []
 | 24.5157 24.9564 34.3657 0.4634541 Nc1nc(-c2c(F)c(F)c(F)c(F)c2F)cs1 1 0.2000000 0.2000 0.0791808 0.0792 0.4000000 0.4000 0.9246222 0.9246 1.0000000 1.0000 1.0000000 266.1940 0.5387992 2.6884 1.0000000 1.0000 1.0 0.6666666666666667 0.3333333333333333 []
 | 24.6194 25.1788 38.7962 0.4998048 CCn1c(Cc2ccc(OC)cc2)nnc1SCC(=O)Nc1ccc(C#N)cc1 1 0.1650000 0.1650 0.2274294 0.2274 0.3711805 0.3712 0.8210251 0.8210 1.0000000 1.0000 1.0000000 407.4990 0.5258760 2.1248 1.0000000 1.0000 1.0 0.33333333333333337 0.6666666666666666 []
 | 40.2486 44.8601 18.1625 0.4923645 Cc1cc(OCc2csc(C)c2)nc(N2CCN(S(=O)(=O)c3cc(F)ccc3C)CC2)n1 1 0.1450000 0.1450 0.2665860 0.2666 0.3521008 0.3521 0.7625469 0.7625 1.0000000 1.0000 1.0000000 476.5990 0.5372317 2.6199 1.0000000 1.0000 1.0 1.0 0.0 []
 | 37.0485 40.0828 26.9679 0.5238343 C[C@@H]1O[C@H](OC[C@H]2O[C@@H](O)[C@H](O)[C@@H](OC(=O)C=Cc3ccc(O)c(O)c3)[C@@H]2O)[C@@H](O)[C@@H](O)[C@@H]1O 1 0.1850000 0.1850 0.2942449 0.2942 0.3882976 0.3883 0.7783244 0.7783 1.0000000 1.0000 1.0000000 488.4420 0.5328616 4.5708 1.0000000 1.0000 1.0 0.33333333333333337 0.6666666666666666 []
 | 39.4030 43.9137 -21.4926 0.1751647 O=C(Cn1nnc(-c2ccc(F)cc2)n1)N(CCc1ccccc1Cl)C(c1ccccc1)c1ccc(O)cc1 1 0.3300000 0.3300 0.2590397 0.2590 0.4702127 0.4702 0.7409603 0.7410 0.0000000 0.0000 1.0000000 542.0140 0.5464921 3.0250 1.0000000 1.0000 1.0 1.0 0.0 []
21:16:14 <INFO> Sampled SMILES CC(N1[C@@H](=O)C[C@@H]1C[C@@H](NC(=O)C[C@H](c1cc(ccc1)C)C1CC1)C)C failed to sanitize.
21:16:18 <INFO> Score: 0.45 Agent NLL: 32.45 Valid:  98% Step: 63
 | Agent Prior Target Score SMILES SMILES_state predicted_activity predicted_activity (raw) training_similarity training_similarity (raw) uncertainty uncertainty (raw) novelty novelty (raw) stereo_validity stereo_validity (raw) MW_window MW_window (raw) synthetic_feasibility synthetic_feasibility (raw) curated alerts filter curated alerts filter (raw) scaffold_novelty (predicted_activity) taf_disrupted (predicted_activity) taf_consistency (predicted_activity) matchting_patterns (curated alerts filter)
 | 29.9022 34.3708 33.6433 0.5313600 Cc1nn(Cc2c(F)cccc2Cl)c(C)c1NC(=S)N[C@H](C)c1ccc(Br)cc1 1 0.2650000 0.2650 0.1752741 0.1753 0.4413332 0.4413 0.8413342 0.8413 1.0000000 1.0000 1.0000000 495.8490 0.5413340 2.7992 1.0000000 1.0000 1.0 0.33333333333333337 0.6666666666666666 []
 | 33.7378 38.2606 28.9407 0.5250103 CCOC(=O)[C@@H](C)C(=O)O[C@@H](C)c1ccc(F)cc1Cl 1 0.2100000 0.2100 0.2467838 0.2468 0.4073082 0.4073 0.7705843 0.7706 1.0000000 1.0000 1.0000000 302.7290 0.5467888 3.0380 1.0000000 1.0000 1.0 0.6666666666666667 0.3333333333333333 []
 | 46.1023 51.5885 17.7836 0.5419700 CS(=O)(=O)/C=C\c1sc([C@H](Cc2cc(F)cc(F)c2)C(=O)O)cc1-c1ccc(F)cc1 1 0.2600000 0.2600 0.2324953 0.2325 0.4386342 0.4386 0.7675047 0.7675 1.0000000 1.0000 1.0000000 466.5020 0.5550884 3.4022 1.0000000 1.0000 1.0 1.0 0.0 []
 | 37.0313 41.8879 -20.8950 0.1640072 CC1CC(=O)N(CCCCNC(=O)c2cc(-c3cccs3)nc3ccc(Cl)cc23)C1 1 0.2350000 0.2350 0.2306227 0.2306 0.4239988 0.4240 0.7756970 0.7757 0.0000000 0.0000 1.0000000 441.9840 0.5431582 2.8790 1.0000000 1.0000 1.0 0.6666666666666667 0.3333333333333333 []
 | 24.4537 30.4859 33.5139 0.4999987 O=C(O)CCCC(=O)OCc1csc(-c2ccsc2)n1 1 0.1700000 0.1700 0.2353104 0.2353 0.3756328 0.3756 0.7716942 0.7717 1.0000000 1.0000 1.0000000 311.3840 0.5302123 2.3137 1.0000000 1.0000 1.0 0.6666666666666667 0.3333333333333333 []
 | 31.5287 35.1648 34.8533 0.5470167 CCN(Cc1ccc(-c2ccc(F)c(F)c2)o1)C(=O)c1ccccc1O 1 0.2700000 0.2700 0.2606430 0.2606 0.4439595 0.4440 0.7393570 0.7394 1.0000000 1.0000 1.0000000 357.3560 0.5269065 2.1697 1.0000000 1.0000 1.0 1.0 0.0 []
 | 32.0137 33.1310 35.3859 0.5352882 [C-]#[N+]c1ccoc1-c1ccc(O)cc1Cl 1 0.2450000 0.2450 0.2324953 0.2325 0.4300872 0.4301 0.7675047 0.7675 1.0000000 1.0000 1.0000000 219.6270 0.5452785 2.9718 1.0000000 1.0000 1.0 0.6666666666666667 0.3333333333333333 []
 | 36.5955 44.0121 22.6549 0.5208361 CC[C@@H]1CCCc2c(C(=O)O[C@@H](C)C#N)sc(-c3ccc(Cl)cc3)c21 1 0.2000000 0.2000 0.2396975 0.2397 0.4000000 0.4000 0.7834936 0.7835 1.0000000 1.0000 1.0000000 373.9050 0.5569125 3.5176 1.0000000 1.0000 1.0 0.33333333333333337 0.6666666666666666 []
 | 44.0349 49.0201 20.8149 0.5455859 Cc1c(C(=O)N(Cc2ccccc2)Cc2cnn(-c3ccccc3Cl)c2)nn2c1-c1ccccc1OCC2 1 0.2600000 0.2600 0.2650854 0.2651 0.4386342 0.4386 0.7349146 0.7349 1.0000000 1.0000 1.0000000 524.0240 0.5411196 2.7898 1.0000000 1.0000 1.0 1.0 0.0 []
 | 26.0650 27.9694 40.6957 0.5364458 CCN(CCO)c1ccc(NCc2ccc(Br)s2)cc1 1 0.2550000 0.2550 0.2165328 0.2165 0.4358612 0.4359 0.8018515 0.8019 1.0000000 1.0000 1.0000000 355.3010 0.5286011 2.2435 1.0000000 1.0000 1.0 0.33333333333333337 0.6666666666666666 []
21:16:18 <INFO> Sampled SMILES C12CC(C(=O)Nc3c(=O)c(c[nH]3)-c3nnc(CC)o3)CC(C2)CC1 failed to sanitize.
21:16:21 <INFO> Score: 0.48 Agent NLL: 31.60 Valid:  98% Step: 64
 | Agent Prior Target Score SMILES SMILES_state predicted_activity predicted_activity (raw) training_similarity training_similarity (raw) uncertainty uncertainty (raw) novelty novelty (raw) stereo_validity stereo_validity (raw) MW_window MW_window (raw) synthetic_feasibility synthetic_feasibility (raw) curated alerts filter curated alerts filter (raw) scaffold_novelty (predicted_activity) taf_disrupted (predicted_activity) taf_consistency (predicted_activity) matchting_patterns (curated alerts filter)
 | 29.4582 34.6877 33.7263 0.5344842 CCCCc1ccc2ccccc2c1C(=O)Nc1nc(CC(=O)OCC)cs1 1 0.2100000 0.2100 0.3018362 0.3018 0.4073082 0.4073 0.7515987 0.7516 1.0000000 1.0000 1.0000000 396.5120 0.5287114 2.2483 1.0000000 1.0000 1.0 0.33333333333333337 0.6666666666666666 []
 | 32.5452 36.6512 32.0583 0.5367935 C[C@H]1CCC[C@](C/C=C/C=O)(NC(=O)OCc2ccccc2)C1 1 0.2000000 0.2000 0.3921392 0.3921 0.4000000 0.4000 0.6477165 0.6477 1.0000000 1.0000 1.0000000 315.4130 0.5555127 3.4209 1.0000000 1.0000 1.0 0.33333333333333337 0.6666666666666666 []
 | 31.3434 34.8163 28.2689 0.4928532 Cc1cnc(-n2nccc2-c2sc(C)nc2C)s1 1 0.1850000 0.1850 0.1561738 0.1562 0.3882976 0.3883 0.8630008 0.8630 1.0000000 1.0000 1.0000000 276.3900 0.5446244 2.9432 1.0000000 1.0000 1.0 1.0 0.0 []
 | 28.5486 30.5276 38.4324 0.5387500 Cc1c(C(=O)NCCc2cccc3ccccc23)oc2ccc(F)cc12 1 0.2500000 0.2500 0.2479592 0.2480 0.4330127 0.4330 0.7627105 0.7627 1.0000000 1.0000 1.0000000 347.3890 0.5236819 2.0293 1.0000000 1.0000 1.0 0.6666666666666667 0.3333333333333333 []
 | 42.5589 49.6946 15.9169 0.5125900 Cc1cc(C(=O)CCC(=O)c2n[nH]c3c2[C@H](C)CCC3)c(C)n1-c1ccccc1F 1 0.1900000 0.1900 0.2221882 0.2222 0.3923009 0.3923 0.8040234 0.8040 1.0000000 1.0000 1.0000000 407.4890 0.5512546 3.2338 1.0000000 1.0000 1.0 1.0 0.0 []
 | 29.5541 30.8839 38.4690 0.5418193 Cc1cc2c(S[C@@H](C)C(=O)Nc3cccc(C)c3C)ncnc2s1 1 0.2700000 0.2700 0.2173254 0.2173 0.4439595 0.4440 0.7886299 0.7886 1.0000000 1.0000 1.0000000 357.5040 0.5403209 2.7549 1.0000000 1.0000 1.0 0.6666666666666667 0.3333333333333333 []
 | 32.3801 35.7514 -14.2275 0.1681556 Cc1cc(C)cc(OCC(=O)N(CC(C)C(=O)O)c2cccc(C)c2)c1 1 0.2550000 0.2550 0.2757767 0.2758 0.4358612 0.4359 0.7242233 0.7242 0.0000000 0.0000 1.0000000 355.4340 0.5394914 2.7187 1.0000000 1.0000 1.0 1.0 0.0 []
 | 28.2703 30.2414 36.0121 0.5176049 Cc1cc(Cl)ccc1NC(=O)c1cn(COc2ccc(Cl)cc2)nn1 1 0.1950000 0.1950 0.2492224 0.2492 0.3962007 0.3962 0.7818462 0.7818 1.0000000 1.0000 1.0000000 377.2310 0.5258009 2.1215 1.0000000 1.0000 1.0 0.6666666666666667 0.3333333333333333 []
 | 37.8015 41.9513 22.8917 0.5065859 Cn1nccc1Nc1n[nH]c2cc(NCc3c(F)cc(F)c(F)c3F)ncc12 1 0.2000000 0.2000 0.1716169 0.1716 0.4000000 0.4000 0.8645084 0.8645 1.0000000 1.0000 1.0000000 391.3320 0.5473768 3.0637 1.0000000 1.0000 1.0 0.6666666666666667 0.3333333333333333 []
 | 28.0276 26.9751 43.2927 0.5489669 Cc1ccnc(Cl)c1C(=O)NCC(=O)O 1 0.2750000 0.2750 0.2615572 0.2616 0.4465143 0.4465 0.7384428 0.7384 1.0000000 1.0000 1.0000000 228.6350 0.5276470 2.2019 1.0000000 1.0000 1.0 0.6666666666666667 0.3333333333333333 []
21:16:22 <INFO> Sampled SMILES c12c(cc(F)cc(c2F)F)sc(n1)Cn1ccnc1-c1cc2c(cccc2)nc1 failed to sanitize.
21:16:22 <INFO> Sampled SMILES c12[C@@H](c2ccc(CNC(=O)OCCCC)cc1)Oc1ncccc1F failed to sanitize.
21:16:25 <INFO> Score: 0.44 Agent NLL: 32.31 Valid:  97% Step: 65
 | Agent Prior Target Score SMILES SMILES_state predicted_activity predicted_activity (raw) training_similarity training_similarity (raw) uncertainty uncertainty (raw) novelty novelty (raw) stereo_validity stereo_validity (raw) MW_window MW_window (raw) synthetic_feasibility synthetic_feasibility (raw) curated alerts filter curated alerts filter (raw) scaffold_novelty (predicted_activity) taf_disrupted (predicted_activity) taf_consistency (predicted_activity) matchting_patterns (curated alerts filter)
 | 24.7701 25.9844 42.9394 0.5384671 CC(C)(C)Nc1ccc(CCO)cc1N 1 0.2700000 0.2700 0.2101051 0.2101 0.4439595 0.4440 0.7898949 0.7899 1.0000000 1.0000 1.0000000 208.3050 0.5294330 2.2797 1.0000000 1.0000 1.0 0.6666666666666667 0.3333333333333333 []
 | 32.0518 37.1754 28.2623 0.5112321 C=C(Cc1cccs1)c1nnc(SCC(=O)OC)o1 1 0.1700000 0.1700 0.2799463 0.2799 0.3756328 0.3756 0.7601492 0.7601 1.0000000 1.0000 1.0000000 296.3730 0.5433841 2.8889 1.0000000 1.0000 1.0 0.6666666666666667 0.3333333333333333 []
 | 32.9842 37.6569 29.0778 0.5213650 CCOc1ccc(-c2cc(C(=O)Nc3nc(-c4cc(C)c(C)cc4C)cs3)on2)cc1 1 0.1950000 0.1950 0.2735054 0.2735 0.3962007 0.3962 0.7561569 0.7562 1.0000000 1.0000 1.0000000 433.5330 0.5310440 2.3500 1.0000000 1.0000 1.0 0.6666666666666667 0.3333333333333333 []
 | 27.3923 32.4148 31.8026 0.5016983 CCCC[C@@H]1CN[C@H](CC)[C@@H]1C#N 1 0.1450000 0.1450 0.2711139 0.2711 0.3521008 0.3521 0.8358670 0.8359 1.0000000 1.0000 1.0000000 180.2950 0.5423219 4.1576 1.0000000 1.0000 1.0 0.33333333333333337 0.6666666666666666 []
 | 30.0361 29.6303 35.3863 0.5079418 Nc1cc(F)ccc1-c1ncc(-c2ccccc2F)[nH]1 1 0.2200000 0.2200 0.1643990 0.1644 0.4142463 0.4142 0.8356010 0.8356 1.0000000 1.0000 1.0000000 271.2700 0.5289739 2.2597 1.0000000 1.0000 1.0 0.6666666666666667 0.3333333333333333 []
 | 30.8947 37.6489 28.0456 0.5132381 CCCc1ccc(OCCn2c(CC)cc(=O)nc2C)cc1 1 0.1700000 0.1700 0.3129843 0.3130 0.3756328 0.3756 0.7272276 0.7272 1.0000000 1.0000 1.0000000 300.4020 0.5293248 2.2750 1.0000000 1.0000 1.0 1.0 0.0 []
 | 30.8182 35.4863 33.1805 0.5364595 CCC(C)(CC)NC(=O)Nc1ccc(N(C)C)nc1 1 0.2500000 0.2500 0.2223080 0.2223 0.4330127 0.4330 0.7965666 0.7966 1.0000000 1.0000 1.0000000 264.3730 0.5350626 2.5253 1.0000000 1.0000 1.0 0.6666666666666667 0.3333333333333333 []
 | 25.2931 28.7011 42.5378 0.5565536 CC[C@@H](CO)NCC(=O)Nc1c(F)cc(F)cc1Cl 1 0.2850000 0.2850 0.2672612 0.2673 0.4514144 0.4514 0.7484424 0.7484 1.0000000 1.0000 1.0000000 292.7130 0.5404969 2.7626 1.0000000 1.0000 1.0 0.6666666666666667 0.3333333333333333 []
 | 26.7829 28.0654 38.9231 0.5233472 CCCCN(CCN1CCOCC1)C(=O)c1ccc(Br)o1 1 0.1800000 0.1800 0.3060730 0.3061 0.3841875 0.3842 0.7769433 0.7769 1.0000000 1.0000 1.0000000 359.2640 0.5304613 2.3246 1.0000000 1.0000 1.0 0.6666666666666667 0.3333333333333333 []
 | 28.3859 30.5442 35.6772 0.5173547 O=C1Nc2ccc(C(=O)N3CCC[C@H]4CCCC[C@@H]43)cc2C1=O 1 0.1900000 0.1900 0.2530240 0.2530 0.3923009 0.3923 0.7746255 0.7746 1.0000000 1.0000 1.0000000 312.3690 0.5461074 3.0081 1.0000000 1.0000 1.0 0.6666666666666667 0.3333333333333333 []
21:16:25 <INFO> Sampled SMILES c1ccc(cc1)C(n1c(-c2cc(C3CCCCC3)c(C(=O)NCCC)cc2)scc1)C failed to sanitize.
21:16:29 <INFO> Score: 0.45 Agent NLL: 32.51 Valid:  98% Step: 66
 | Agent Prior Target Score SMILES SMILES_state predicted_activity predicted_activity (raw) training_similarity training_similarity (raw) uncertainty uncertainty (raw) novelty novelty (raw) stereo_validity stereo_validity (raw) MW_window MW_window (raw) synthetic_feasibility synthetic_feasibility (raw) curated alerts filter curated alerts filter (raw) scaffold_novelty (predicted_activity) taf_disrupted (predicted_activity) taf_consistency (predicted_activity) matchting_patterns (curated alerts filter)
 | 31.8173 36.3250 31.6067 0.5307164 CCc1ccc(Cn2ccc(NC(=O)c3nc(-c4ccc(C)cc4)oc3C)n2)cc1 1 0.2450000 0.2450 0.2135407 0.2135 0.4300872 0.4301 0.7928158 0.7928 1.0000000 1.0000 1.0000000 400.4820 0.5289033 2.2567 1.0000000 1.0000 1.0 0.6666666666666667 0.3333333333333333 []
 | 36.5227 43.6109 24.0964 0.5289628 CCCOc1ccc(-c2nn(CC)c(NC(=O)CCc3cccs3)c2C#N)cc1Cl 1 0.2100000 0.2100 0.3046359 0.3046 0.4073082 0.4073 0.6953641 0.6954 1.0000000 1.0000 1.0000000 442.9720 0.5370978 2.6141 1.0000000 1.0000 1.0 0.33333333333333337 0.6666666666666666 []
 | 39.7191 42.9872 19.0938 0.4850073 C[C@H](CCCCSc1ccccn1)[C@H]1CC[C@H]2[C@@H]3CCC4C[C@](C)(O)CC[C@]4(C)[C@@H]3CC[C@]12C 1 0.1400000 0.1400 0.2538307 0.2538 0.3469870 0.3470 0.7895087 0.7895 0.8888889 0.8889 1.0000000 483.8060 0.5354848 4.4563 1.0000000 1.0000 1.0 0.6666666666666667 0.3333333333333333 []
 | 29.6389 32.2836 33.1861 0.5114825 Cc1cc(F)c(Br)cc1-n1nc(C)c(CC(=O)O)c1C 1 0.2150000 0.2150 0.1761661 0.1762 0.4108223 0.4108 0.8440374 0.8440 1.0000000 1.0000 1.0000000 341.1800 0.5320811 2.3952 1.0000000 1.0000 1.0 0.6666666666666667 0.3333333333333333 []
 | 28.1767 33.7143 32.6987 0.5188516 Cc1cc(NS(=O)(=O)c2ccc(NC(=O)c3cc(Cl)c(Cl)s3)cc2)no1 1 0.2250000 0.2250 0.1876197 0.1876 0.4175823 0.4176 0.8338974 0.8339 1.0000000 1.0000 1.0000000 432.3100 0.5321386 2.3977 1.0000000 1.0000 1.0 0.6666666666666667 0.3333333333333333 []
 | 27.9170 27.1703 38.9933 0.5169033 C/C(=N\O)c1ccc(NC(=O)CCCc2cccs2)cc1 1 0.1950000 0.1950 0.2409814 0.2410 0.3962007 0.3962 0.7970615 0.7971 1.0000000 1.0000 1.0000000 302.3990 0.5241018 2.0475 1.0000000 1.0000 1.0 0.6666666666666667 0.3333333333333333 []
 | 26.7015 28.6291 41.8039 0.5502578 CCc1ccc(C(=O)N[C@H](C)c2ccccc2Cl)s1 1 0.2550000 0.2550 0.3247992 0.3248 0.4358612 0.4359 0.6841011 0.6841 1.0000000 1.0000 1.0000000 293.8190 0.5320536 2.3940 1.0000000 1.0000 1.0 0.6666666666666667 0.3333333333333333 []
 | 30.0395 28.6446 41.1596 0.5453456 OCCNc1ccc2[nH]c3c4ccccc4ccc3c2c1 1 0.2900000 0.2900 0.2133523 0.2134 0.4537621 0.4538 0.7866477 0.7866 1.0000000 1.0000 1.0000000 276.3390 0.5254070 2.1044 1.0000000 1.0000 1.0 0.6666666666666667 0.3333333333333333 []
 | 34.1427 33.3601 31.3742 0.5057367 CNc1ccc(-c2nc3c(Cl)cccc3s2)cc1[N+](=O)[O-] 1 0.2300000 0.2300 0.1396860 0.1397 0.4208325 0.4208 0.8774642 0.8775 1.0000000 1.0000 1.0000000 319.7730 0.5291677 2.2682 1.0000000 1.0000 1.0 0.6666666666666667 0.3333333333333333 []
 | 41.1581 46.0818 -25.2424 0.1628075 Cc1ccc(-c2nnc(SC(C)C(=O)c3noc(C)c3COc3ccc(F)cc3)n2C)cc1 1 0.2200000 0.2200 0.2441432 0.2441 0.4142463 0.4142 0.7625469 0.7625 0.0000000 0.0000 1.0000000 466.5380 0.5445033 2.9379 1.0000000 1.0000 1.0 1.0 0.0 []
21:16:29 <INFO> Sampled SMILES c1c(CC)nc2c(NCc3sc(-c4sccc4)ccc3)cccc2c1 failed to sanitize.
21:16:29 <INFO> Sampled SMILES O=S(=O)(N=c1c2c(n(C3O[C@@H]([C@@H](O)C3)COC(=O)C)cs2)ccs1)c1ccc(cc1)C failed to sanitize.
21:16:33 <INFO> Score: 0.45 Agent NLL: 31.59 Valid:  97% Step: 67
 | Agent Prior Target Score SMILES SMILES_state predicted_activity predicted_activity (raw) training_similarity training_similarity (raw) uncertainty uncertainty (raw) novelty novelty (raw) stereo_validity stereo_validity (raw) MW_window MW_window (raw) synthetic_feasibility synthetic_feasibility (raw) curated alerts filter curated alerts filter (raw) scaffold_novelty (predicted_activity) taf_disrupted (predicted_activity) taf_consistency (predicted_activity) matchting_patterns (curated alerts filter)
 | 48.0672 49.5499 19.2225 0.5372847 CCCN(C(=O)c1ccc2c(c1)cc(-c1c(Cl)c(C)nn1C)c(=O)n2C)c1ccccc1 1 0.2500000 0.2500 0.2374531 0.2375 0.4330127 0.4330 0.7625469 0.7625 1.0000000 1.0000 1.0000000 448.9540 0.5378497 2.6469 1.0000000 1.0000 1.0 1.0 0.0 []
 | 37.1042 38.1216 -17.5280 0.1608878 CC(Br)c1c(Cl)cc(Br)cc1C(=O)c1ccc(F)cc1 1 0.2350000 0.2350 0.1856953 0.1857 0.4239988 0.4240 0.8174258 0.8174 0.0000000 0.0000 1.0000000 420.5030 0.5408061 2.7761 1.0000000 1.0000 1.0 0.6666666666666667 0.3333333333333333 []
 | 30.3750 29.8887 -7.2824 0.1766114 Cc1nc(-c2ccccc2Cl)c(C(=O)NCC(C)O)s1 1 0.3350000 0.3350 0.2831827 0.2832 0.4719905 0.4720 0.7242233 0.7242 0.0000000 0.0000 1.0000000 310.8060 0.5380085 2.6539 1.0000000 1.0000 1.0 0.6666666666666667 0.3333333333333333 []
 | 37.9103 44.8617 27.0810 0.5620524 Cc1ncc(C(=O)N[C@H]2C[C@@H]3CC[C@@H](C2)[C@H]3C(=O)OCc2ccccc2)cn1 1 0.2750000 0.2750 0.4076610 0.4077 0.4465143 0.4465 0.5923390 0.5923 1.0000000 1.0000 1.0000000 379.4600 0.5500813 3.8177 1.0000000 1.0000 1.0 0.33333333333333337 0.6666666666666666 []
 | 33.6263 40.0270 30.5473 0.5513617 CCc1cc(C)nc2c(Cl)cc(O)c(CNCCO)c12 1 0.2850000 0.2850 0.2347382 0.2347 0.4514144 0.4514 0.7817821 0.7818 1.0000000 1.0000 1.0000000 294.7820 0.5393497 2.7125 1.0000000 1.0000 1.0 0.6666666666666667 0.3333333333333333 []
 | 25.6328 24.8099 -3.9232 0.1631769 CCCNC(c1ccoc1)c1cc2sccc2s1 1 0.2300000 0.2300 0.2138090 0.2138 0.4208325 0.4208 0.8043441 0.8043 0.0000000 0.0000 1.0000000 277.4140 0.5550184 3.3991 1.0000000 1.0000 1.0 0.6666666666666667 0.3333333333333333 []
 | 26.2268 28.7194 40.2262 0.5386374 O=C(NCCc1cc(Br)cs1)c1ccc(Cl)c(Cl)c1 1 0.2650000 0.2650 0.2226997 0.2227 0.4413332 0.4413 0.7773003 0.7773 1.0000000 1.0000 1.0000000 379.1060 0.5238442 2.0363 1.0000000 1.0000 1.0 0.33333333333333337 0.6666666666666666 []
 | 25.3079 27.9039 34.5282 0.4877502 Cc1c(N)c(NCCc2ccc(Cl)s2)nn1C 1 0.1800000 0.1800 0.1500469 0.1500 0.3841875 0.3842 0.8683755 0.8684 1.0000000 1.0000 1.0000000 270.7890 0.5386333 2.6812 1.0000000 1.0000 1.0 0.6666666666666667 0.3333333333333333 []
 | 33.3489 36.5568 -15.7121 0.1628495 O=C1CC2CCC(O)(C2)N1Cc1csc(-c2cccnc2)n1 1 0.2050000 0.2050 0.2749207 0.2749 0.4037016 0.4037 0.7617685 0.7618 0.0000000 0.0000 1.0000000 315.3980 0.5357373 4.4453 1.0000000 1.0000 1.0 0.6666666666666667 0.3333333333333333 []
 | 29.0416 33.6617 34.3056 0.5309946 CCCCCCCCOc1nc(C)cc(C(=O)NCc2ccc(C)cc2)n1 1 0.1900000 0.1900 0.3779645 0.3780 0.3923009 0.3923 0.6837722 0.6838 1.0000000 1.0000 1.0000000 369.5090 0.5260842 2.1339 1.0000000 1.0000 1.0 0.6666666666666667 0.3333333333333333 []
21:16:33 <INFO> Sampled SMILES c1(=O)c2c(ccc(NC(=O)c3cc(cs3)Br)s2)c(C)n1C failed to sanitize.
21:16:37 <INFO> Score: 0.46 Agent NLL: 30.91 Valid:  98% Step: 68
 | Agent Prior Target Score SMILES SMILES_state predicted_activity predicted_activity (raw) training_similarity training_similarity (raw) uncertainty uncertainty (raw) novelty novelty (raw) stereo_validity stereo_validity (raw) MW_window MW_window (raw) synthetic_feasibility synthetic_feasibility (raw) curated alerts filter curated alerts filter (raw) scaffold_novelty (predicted_activity) taf_disrupted (predicted_activity) taf_consistency (predicted_activity) matchting_patterns (curated alerts filter)
 | 35.9173 36.8636 25.6661 0.4885133 COc1cc(Cl)c(-c2ccc(/C=C/C(=O)c3ccc(C)o3)o2)cc1[N+](=O)[O-] 1 0.1450000 0.1450 0.2274294 0.2274 0.3521008 0.3521 0.8210251 0.8210 1.0000000 1.0000 1.0000000 387.7750 0.5364758 2.5869 1.0000000 1.0000 1.0 1.0 0.0 []
 | 28.1010 36.9624 35.1148 0.5631031 Cc1ccc(C(=O)N[C@H](C)c2ccc(OCCO)cc2)c(C)c1C 1 0.2750000 0.2750 0.3431764 0.3432 0.4465143 0.4465 0.6963133 0.6963 1.0000000 1.0000 1.0000000 327.4240 0.5313917 2.3651 1.0000000 1.0000 1.0 0.6666666666666667 0.3333333333333333 []
 | 27.6299 31.1582 38.5013 0.5442150 CCCCN(Cc1ccc(O)c(O)c1)C(=O)c1cccc(Cl)c1 1 0.2300000 0.2300 0.3093235 0.3093 0.4208325 0.4208 0.7492939 0.7493 1.0000000 1.0000 1.0000000 333.8150 0.5228267 1.9920 1.0000000 1.0000 1.0 1.0 0.0 []
 | 33.6552 37.5721 22.2378 0.4672647 C[C@H]1CCCC[C@@H]1NC(=O)CNC(=O)C[C@@H]1CCCn2nnnc21 1 0.1050000 0.1050 0.2581989 0.2582 0.3065534 0.3066 0.8196661 0.8197 1.0000000 1.0000 1.0000000 334.4240 0.5540206 3.6447 1.0000000 1.0000 1.0 0.6666666666666667 0.3333333333333333 []
 | 35.7443 44.3550 -44.3550 0.0000000 c1(=O)c2c(ccc(NC(=O)c3cc(cs3)Br)s2)c(C)n1C 0 0.0000000 0.0000 0.0000000 0.0000 0.0000000 0.0000 0.0000000 0.0000 0.0000000 0.0000 0.0000000 0.0000 0.0000000 0.0000 0.0000000 0.0000 None None None None
 | 30.3317 34.4643 29.9977 0.5036100 Cc1nccn1-c1cccc(NCc2nnc(-c3cccc(F)c3)o2)c1 1 0.2000000 0.2000 0.1749496 0.1749 0.4000000 0.4000 0.8388568 0.8389 1.0000000 1.0000 1.0000000 349.3690 0.5310572 2.3505 1.0000000 1.0000 1.0 0.6666666666666667 0.3333333333333333 []
 | 33.5356 40.9049 26.7252 0.5283601 CCc1ccc(-n2cc3cc(NC(=O)[C@H]4CN(C)CCO4)c(O)cc3n2)cc1 1 0.2200000 0.2200 0.2402885 0.2403 0.4142463 0.4142 0.7744272 0.7744 1.0000000 1.0000 1.0000000 380.4480 0.5487238 3.1228 1.0000000 1.0000 1.0 0.6666666666666667 0.3333333333333333 []
 | 29.7917 34.0667 33.3278 0.5265191 O=C(O)CN(C(=O)c1ccon1)c1ccc2c(c1)OCCCO2 1 0.2350000 0.2350 0.2069102 0.2069 0.4239988 0.4240 0.8017274 0.8017 1.0000000 1.0000 1.0000000 318.2850 0.5371735 2.6174 1.0000000 1.0000 1.0 1.0 0.0 []
 | 20.4553 23.2741 44.0257 0.5257797 Cc1ccc(CNCc2ccc(CO)cc2)cc1 1 0.2250000 0.2250 0.2453499 0.2453 0.4175823 0.4176 0.7546501 0.7547 1.0000000 1.0000 1.0000000 241.3340 0.5125700 1.5460 1.0000000 1.0000 1.0 0.6666666666666667 0.3333333333333333 []
 | 25.2182 26.6877 40.7382 0.5267647 CCOCCCNS(=O)(=O)c1ccc(CO)c(Cl)c1 1 0.2000000 0.2000 0.2903800 0.2904 0.4000000 0.4000 0.7515291 0.7515 1.0000000 1.0000 1.0000000 307.7990 0.5259854 2.1295 1.0000000 1.0000 1.0 0.6666666666666667 0.3333333333333333 []
21:16:37 <INFO> Sampled SMILES C(CCC)CCCCn1c([C@@H](C[C@@H](S(c2ccccc2)(=O)=O)C)=O)nc2ccccc12 failed to sanitize.
21:16:37 <INFO> Sampled SMILES c1c(NC(=O)c2sc3n(-c4ccc(cc4)F)c(cc(C)c3c2C)C)nc(cc(c1)C)C failed to sanitize.
21:16:41 <INFO> Score: 0.46 Agent NLL: 32.06 Valid:  97% Step: 69
 | Agent Prior Target Score SMILES SMILES_state predicted_activity predicted_activity (raw) training_similarity training_similarity (raw) uncertainty uncertainty (raw) novelty novelty (raw) stereo_validity stereo_validity (raw) MW_window MW_window (raw) synthetic_feasibility synthetic_feasibility (raw) curated alerts filter curated alerts filter (raw) scaffold_novelty (predicted_activity) taf_disrupted (predicted_activity) taf_consistency (predicted_activity) matchting_patterns (curated alerts filter)
 | 30.8351 32.4716 31.6739 0.5011370 CCOc1cc(Cl)c(C=Nc2sc3c(c2C(N)=O)CC[C@H](C(C)(C)C)C3)cc1OCC 1 0.1700000 0.1700 0.2236530 0.2237 0.3756328 0.3756 0.7928707 0.7929 1.0000000 1.0000 1.0000000 463.0430 0.5513176 3.2366 1.0000000 1.0000 1.0 0.6666666666666667 0.3333333333333333 []
 | 27.3406 32.3400 39.0842 0.5580014 Cc1ccccc1OCc1csc(C(=O)NC[C@@H](C)N2CCCCC2)c1 1 0.2750000 0.2750 0.3387291 0.3387 0.4465143 0.4465 0.6612709 0.6613 1.0000000 1.0000 1.0000000 372.5340 0.5381938 2.6620 1.0000000 1.0000 1.0 0.6666666666666667 0.3333333333333333 []
 | 33.3275 35.7730 30.5476 0.5181295 Cc1cc(OCc2cc(Br)ccn2)c(Br)c(C)n1 1 0.1950000 0.1950 0.2375836 0.2376 0.3962007 0.3962 0.8054805 0.8055 1.0000000 1.0000 1.0000000 372.0600 0.5360283 2.5674 1.0000000 1.0000 1.0 0.6666666666666667 0.3333333333333333 []
 | 29.5649 33.4390 32.8974 0.5182536 Cc1ccc(-c2ccc(NCc3cccc(C#N)c3)nn2)cc1F 1 0.2300000 0.2300 0.1822423 0.1822 0.4208325 0.4208 0.8321396 0.8321 1.0000000 1.0000 1.0000000 318.3550 0.5268157 2.1657 1.0000000 1.0000 1.0 0.33333333333333337 0.6666666666666666 []
 | 43.1290 47.1909 -47.1909 0.0000000 C(CCC)CCCCn1c([C@@H](C[C@@H](S(c2ccccc2)(=O)=O)C)=O)nc2ccccc12 0 0.0000000 0.0000 0.0000000 0.0000 0.0000000 0.0000 0.0000000 0.0000 0.0000000 0.0000 0.0000000 0.0000 0.0000000 0.0000 0.0000000 0.0000 None None None None
 | 27.9925 29.1359 33.6602 0.4905945 COCOc1ccc(Br)c2ccnc(Cl)c12 1 0.1650000 0.1650 0.1910789 0.1911 0.3711805 0.3712 0.8308348 0.8308 1.0000000 1.0000 1.0000000 302.5550 0.5338998 2.4745 1.0000000 1.0000 1.0 0.6666666666666667 0.3333333333333333 []
 | 23.5267 30.5827 35.9740 0.5199738 Cc1nc(-c2ccsc2)sc1C(=O)Nc1cc(N)ccc1F 1 0.2250000 0.2250 0.1876197 0.1876 0.4175823 0.4176 0.8469069 0.8469 1.0000000 1.0000 1.0000000 333.4130 0.5297706 2.2945 1.0000000 1.0000 1.0 0.6666666666666667 0.3333333333333333 []
 | 40.4323 44.4179 25.3778 0.5452791 CN(Cc1ccsc1)C(=O)c1ccc(CS(=O)(=O)NC(=O)c2ccccc2)cc1F 1 0.2700000 0.2700 0.2460905 0.2461 0.4439595 0.4440 0.7539095 0.7539 1.0000000 1.0000 1.0000000 446.5250 0.5310583 2.3506 1.0000000 1.0000 1.0 0.6666666666666667 0.3333333333333333 []
 | 40.1550 44.4959 21.1300 0.5127020 CCCN1C[C@@H]2Nn3c(nnc3-c3ccc(F)cc3)S[C@H](C1=O)[C@@H]2C(=O)OCC 1 0.1850000 0.1850 0.2534332 0.2534 0.3882976 0.3883 0.7698563 0.7699 1.0000000 1.0000 1.0000000 419.4820 0.5300760 4.6922 1.0000000 1.0000 1.0 0.33333333333333337 0.6666666666666666 []
 | 32.6248 34.6821 34.0518 0.5369836 CCOC(=O)c1cc(CC(N)=O)sc1NC(=O)c1cc(C)cc([N+](=O)[O-])c1 1 0.2300000 0.2300 0.2832644 0.2833 0.4208325 0.4208 0.7303403 0.7303 1.0000000 1.0000 1.0000000 391.4050 0.5338470 2.4722 1.0000000 1.0000 1.0 0.33333333333333337 0.6666666666666666 []
21:16:45 <INFO> Score: 0.51 Agent NLL: 31.73 Valid: 100% Step: 70
 | Agent Prior Target Score SMILES SMILES_state predicted_activity predicted_activity (raw) training_similarity training_similarity (raw) uncertainty uncertainty (raw) novelty novelty (raw) stereo_validity stereo_validity (raw) MW_window MW_window (raw) synthetic_feasibility synthetic_feasibility (raw) curated alerts filter curated alerts filter (raw) scaffold_novelty (predicted_activity) taf_disrupted (predicted_activity) taf_consistency (predicted_activity) matchting_patterns (curated alerts filter)
 | 40.0265 44.8735 26.5969 0.5583626 CCc1cccc(N(Cc2nc3ccccc3n(-c3cccc(Cl)c3C)c2=O)C(C)=O)c1 1 0.2850000 0.2850 0.2803366 0.2803 0.4514144 0.4514 0.7409603 0.7410 1.0000000 1.0000 1.0000000 445.9500 0.5347248 2.5105 1.0000000 1.0000 1.0 1.0 0.0 []
 | 41.2969 42.8504 17.7470 0.4734172 COC(=O)C1(F)CCN([C@@H]2CCc3cc(F)c(F)cc32)C1 1 0.1450000 0.1450 0.2585438 0.2585 0.3521008 0.3521 0.7881033 0.7881 0.5000000 0.5000 1.0000000 299.2920 0.5541610 3.6386 1.0000000 1.0000 1.0 0.6666666666666667 0.3333333333333333 []
 | 27.3889 30.2643 38.6889 0.5386968 CCc1nc2ccccc2n1CCCNC(=O)c1ccc(-n2cnnn2)cc1 1 0.2500000 0.2500 0.2321817 0.2322 0.4330127 0.4330 0.7967626 0.7968 1.0000000 1.0000 1.0000000 375.4360 0.5279300 2.2142 1.0000000 1.0000 1.0 0.6666666666666667 0.3333333333333333 []
 | 33.2334 42.0411 23.3273 0.5106902 Cc1ccc(CCCC(=O)Nc2nc(=O)c(C)cs2)[nH]1 1 0.1950000 0.1950 0.2038589 0.2039 0.3962007 0.3962 0.8265114 0.8265 1.0000000 1.0000 1.0000000 291.3760 0.5395380 2.7207 1.0000000 1.0000 1.0 0.6666666666666667 0.3333333333333333 []
 | 36.4110 40.8135 -20.1756 0.1612334 Cc1ccc2c(c1)CCCC2CNC(=O)c1cc(CN2CCCC2=O)ccc1Cl 1 0.2200000 0.2200 0.2183899 0.2184 0.4142463 0.4142 0.7859708 0.7860 0.0000000 0.0000 1.0000000 410.9450 0.5412626 2.7961 1.0000000 1.0000 1.0 0.6666666666666667 0.3333333333333333 []
 | 41.4060 45.6964 20.1472 0.5144029 Cn1cc(Br)c(N2CCCC[C@@H]2C=Nc2ccccn2)n1 1 0.1900000 0.1900 0.2254174 0.2254 0.3923009 0.3923 0.8101684 0.8102 1.0000000 1.0000 1.0000000 348.2480 0.5532926 3.6767 1.0000000 1.0000 1.0 0.6666666666666667 0.3333333333333333 []
 | 25.1734 27.9325 39.0052 0.5229506 Cc1ccccc1Nc1nccc(Nc2cccc([N+](=O)[O-])c2)n1 1 0.2050000 0.2050 0.2328101 0.2328 0.4037016 0.4037 0.8284499 0.8284 1.0000000 1.0000 1.0000000 321.3400 0.5248403 2.0797 1.0000000 1.0000 1.0 0.6666666666666667 0.3333333333333333 []
 | 40.1584 41.4785 28.4083 0.5459904 CCn1ccc(C(=O)NCCNC(=O)c2nc(-c3cccs3)n(-c3cccc(Cl)c3)n2)c1 1 0.2800000 0.2800 0.2182179 0.2182 0.4489989 0.4490 0.7946040 0.7946 1.0000000 1.0000 1.0000000 468.9700 0.5382465 2.6643 1.0000000 1.0000 1.0 0.6666666666666667 0.3333333333333333 []
 | 25.2838 28.1654 38.9712 0.5245053 CC(=O)Oc1cccc(SCc2ccc(C#N)cc2)c1 1 0.2050000 0.2050 0.2652335 0.2652 0.4037016 0.4037 0.7660561 0.7661 1.0000000 1.0000 1.0000000 283.3520 0.5231218 2.0049 1.0000000 1.0000 1.0 0.6666666666666667 0.3333333333333333 []
 | 32.2551 34.8968 31.8766 0.5216671 COc1cccc(CCC(=O)Nc2cccc(Oc3cncc(Br)c3)c2)c1 1 0.2000000 0.2000 0.2626129 0.2626 0.4000000 0.4000 0.7675047 0.7675 1.0000000 1.0000 1.0000000 427.2980 0.5236485 2.0278 1.0000000 1.0000 1.0 0.33333333333333337 0.6666666666666666 []
21:16:45 <INFO> Sampled SMILES c1ccc2c3c4c(ncnc4sc2c1)n(cc3)c1ccc(C(C)=O)cc1 failed to sanitize.
21:16:45 <INFO> Sampled SMILES [C@@H](c1cc(c(n(n1)C(C)C)C)=O)(c1ccc(cc1)Cl)CC failed to sanitize.
21:16:49 <INFO> Score: 0.46 Agent NLL: 31.46 Valid:  95% Step: 71
 | Agent Prior Target Score SMILES SMILES_state predicted_activity predicted_activity (raw) training_similarity training_similarity (raw) uncertainty uncertainty (raw) novelty novelty (raw) stereo_validity stereo_validity (raw) MW_window MW_window (raw) synthetic_feasibility synthetic_feasibility (raw) curated alerts filter curated alerts filter (raw) scaffold_novelty (predicted_activity) taf_disrupted (predicted_activity) taf_consistency (predicted_activity) matchting_patterns (curated alerts filter)
 | 28.9761 32.8616 34.9103 0.5294673 Cc1cc(C(=O)O)cc(=S)n1-c1cccc(F)c1 1 0.2450000 0.2450 0.2033314 0.2033 0.4300872 0.4301 0.8082012 0.8082 1.0000000 1.0000 1.0000000 263.2930 0.5320258 2.3928 1.0000000 1.0000 1.0 1.0 0.0 []
 | 34.8430 38.3588 26.8200 0.5092093 CCS(=O)(=O)Cc1cc(COc2ccc(C)cc2)sc1C 1 0.1700000 0.1700 0.2778850 0.2779 0.3756328 0.3756 0.7567568 0.7568 1.0000000 1.0000 1.0000000 324.4670 0.5319628 2.3900 1.0000000 1.0000 1.0 1.0 0.0 []
 | 42.4009 47.4829 -26.0673 0.1673092 Cc1ccc(C)c(NS(=O)(=O)c2cc(C(=O)NC(C)c3nc(-c4cccc([N+](=O)[O-])c4)no3)ccc2C)c1 1 0.2700000 0.2700 0.2072940 0.2073 0.4439595 0.4440 0.8164793 0.8165 0.0000000 0.0000 1.0000000 535.5820 0.5445273 2.9389 1.0000000 1.0000 1.0 0.6666666666666667 0.3333333333333333 []
 | 28.9319 32.8779 33.4775 0.5184009 CN(c1ccc(NC(=O)/C=C/c2ccsc2)cc1)C1CCCCCC1 1 0.2000000 0.2000 0.2197935 0.2198 0.4000000 0.4000 0.8384854 0.8385 1.0000000 1.0000 1.0000000 354.5190 0.5305151 2.3269 1.0000000 1.0000 1.0 0.6666666666666667 0.3333333333333333 []
 | 25.5160 28.7056 37.6415 0.5183366 CC[C@H](C)Nc1nc(C)cc(-c2ccnn2C)n1 1 0.2200000 0.2200 0.1894662 0.1895 0.4142463 0.4142 0.8301584 0.8302 1.0000000 1.0000 1.0000000 245.3300 0.5454017 2.9772 1.0000000 1.0000 1.0 0.6666666666666667 0.3333333333333333 []
 | 21.4644 21.6210 46.2618 0.5303348 C#CCOC(=O)CCCCCCCC 1 0.2100000 0.2100 0.3369102 0.3369 0.4073082 0.4073 0.6630898 0.6631 1.0000000 1.0000 1.0000000 196.2900 0.5262264 2.1400 1.0000000 1.0000 1.0 0.33333333333333337 0.6666666666666666 []
 | 27.3012 33.9155 -12.5518 0.1669044 CCCc1cc(C(=O)NC2CCCc3ccccc32)sc1Br 1 0.2450000 0.2450 0.2656199 0.2656 0.4300872 0.4301 0.7416587 0.7417 0.0000000 0.0000 1.0000000 378.3350 0.5413508 2.8000 1.0000000 1.0000 1.0 0.33333333333333337 0.6666666666666666 []
 | 30.8925 34.0365 -32.7767 0.0098423 COC(=O)COc1c(I)cc(/C=N\n2c(C)nc3ccc(Br)cc3c2=O)cc1I 1 0.1650000 0.1650 0.2221882 0.2222 0.3711805 0.3712 0.7822482 0.7822 1.0000000 1.0000 0.0000000 682.0500 0.5407991 2.7758 1.0000000 1.0000 1.0 0.33333333333333337 0.6666666666666666 []
 | 40.2925 37.7249 31.8111 0.5432494 Cc1cccc([C@H](CNC(=O)COc2cccc(C(C)C)c2)c2c[nH]c3ccccc23)c1 1 0.2550000 0.2550 0.2636248 0.2636 0.4358612 0.4359 0.7363752 0.7364 1.0000000 1.0000 1.0000000 426.5600 0.5385355 2.6769 1.0000000 1.0000 1.0 0.6666666666666667 0.3333333333333333 []
 | 41.4323 45.3155 21.1772 0.5194736 O=C(COc1cc[nH]c(=O)c1)c1ccc(OCc2ccc(Br)o2)cc1 1 0.2000000 0.2000 0.2666324 0.2666 0.4000000 0.4000 0.7333676 0.7334 1.0000000 1.0000 1.0000000 404.2160 0.5315413 2.3716 1.0000000 1.0000 1.0 0.6666666666666667 0.3333333333333333 []
21:16:52 <INFO> Score: 0.49 Agent NLL: 31.51 Valid: 100% Step: 72
 | Agent Prior Target Score SMILES SMILES_state predicted_activity predicted_activity (raw) training_similarity training_similarity (raw) uncertainty uncertainty (raw) novelty novelty (raw) stereo_validity stereo_validity (raw) MW_window MW_window (raw) synthetic_feasibility synthetic_feasibility (raw) curated alerts filter curated alerts filter (raw) scaffold_novelty (predicted_activity) taf_disrupted (predicted_activity) taf_consistency (predicted_activity) matchting_patterns (curated alerts filter)
 | 35.2605 39.6468 22.6576 0.4867531 Cc1cc(NS(=O)(=O)c2ccc(N3CCNC(=O)[C@@H]3C)cc2C)ccc1F 1 0.1550000 0.1550 0.1921867 0.1922 0.3619047 0.3619 0.8388568 0.8389 1.0000000 1.0000 1.0000000 391.4680 0.5430179 2.8729 1.0000000 1.0000 1.0 0.6666666666666667 0.3333333333333333 []
 | 33.9359 41.0273 29.1471 0.5482370 CC[C@@H](C(=O)O)[C@H](Sc1nnc(NCc2ccccc2)s1)c1cccs1 1 0.2600000 0.2600 0.2762456 0.2762 0.4386342 0.4386 0.7237544 0.7238 1.0000000 1.0000 1.0000000 405.5700 0.5523622 3.2824 1.0000000 1.0000 1.0 0.6666666666666667 0.3333333333333333 []
 | 28.4439 30.9661 40.6658 0.5596245 O=C(CNC(=O)c1cccc(Br)c1)NCC(=O)Nc1ccc(Br)cc1F 1 0.3400000 0.3400 0.2143974 0.2144 0.4737088 0.4737 0.7856026 0.7856 1.0000000 1.0000 1.0000000 487.1230 0.5223237 1.9702 1.0000000 1.0000 1.0 0.33333333333333337 0.6666666666666666 []
 | 34.1080 37.8579 25.1207 0.4920203 Cc1ccnc(C(=O)OCC(=O)c2ccc3c(c2)CCN3C)c1[N+](=O)[O-] 1 0.1600000 0.1600 0.2075243 0.2075 0.3666061 0.3666 0.8210251 0.8210 1.0000000 1.0000 1.0000000 355.3500 0.5353876 2.5394 1.0000000 1.0000 1.0 0.6666666666666667 0.3333333333333333 []
 | 24.6170 30.2319 35.7598 0.5155603 CCCNC(=O)[C@@H](C)Sc1nnc(Nc2ccc(C)c(Cl)c2)s1 1 0.2050000 0.2050 0.2130215 0.2130 0.4037016 0.4037 0.8019705 0.8020 1.0000000 1.0000 1.0000000 370.9310 0.5380105 2.6540 1.0000000 1.0000 1.0 0.6666666666666667 0.3333333333333333 []
 | 25.9512 28.4070 37.3445 0.5136834 CC(C)[C@@H](C)[C@H](N)c1cc(F)c(F)c(F)c1 1 0.2250000 0.2250 0.1548806 0.1549 0.4175823 0.4176 0.8894185 0.8894 1.0000000 1.0000 1.0000000 231.2610 0.5499266 3.1755 1.0000000 1.0000 1.0 0.6666666666666667 0.3333333333333333 []
 | 37.8302 43.6529 -43.6529 0.0000000 Cc1ccc(C)c(NC(=O)CN2NC(=O)C[C@H]2C(=O)Nc2cccc(F)c2)c1 1 0.0000000 0.0000 0.0000000 0.0000 0.0000000 0.0000 0.0000000 0.0000 0.0000000 0.0000 0.0000000 0.0000 0.0000000 0.0000 0.0000000 0.0000 None None None ['[#7;!n][#7;!n]']
 | 34.0141 40.3345 27.7120 0.5316133 CC(C)(Cc1cccc(F)c1F)C(=O)N1CCC[C@@H](CO)C1 1 0.2000000 0.2000 0.2888889 0.2889 0.4000000 0.4000 0.7794356 0.7794 1.0000000 1.0000 1.0000000 311.3720 0.5441586 2.9228 1.0000000 1.0000 1.0 0.6666666666666667 0.3333333333333333 []
 | 31.3238 42.7010 26.0778 0.5373343 CCN(CC)C(=O)[C@H](CC[C@@H]1CCCN1S(C)(=O)=O)NC(=O)c1ccc(Cl)s1 1 0.2400000 0.2400 0.2462755 0.2463 0.4270831 0.4271 0.7604730 0.7605 1.0000000 1.0000 1.0000000 450.0260 0.5541448 3.3607 1.0000000 1.0000 1.0 0.6666666666666667 0.3333333333333333 []
 | 36.0376 42.3992 25.4785 0.5302943 Cc1scc(-c2cc(-c3ccccc3)no2)c1Cn1cc(CO)nn1 1 0.2350000 0.2350 0.2302046 0.2302 0.4239988 0.4240 0.7697954 0.7698 1.0000000 1.0000 1.0000000 352.4190 0.5394172 2.7154 1.0000000 1.0000 1.0 0.6666666666666667 0.3333333333333333 []
21:16:53 <INFO> Sampled SMILES n1ccc(cc1)-c1cc2[C@@]3(c4ccc(cc4[C@@H]2Oc1ncc3)Cl)NC(=O)C failed to sanitize.
21:16:56 <INFO> Score: 0.48 Agent NLL: 30.61 Valid:  98% Step: 73
 | Agent Prior Target Score SMILES SMILES_state predicted_activity predicted_activity (raw) training_similarity training_similarity (raw) uncertainty uncertainty (raw) novelty novelty (raw) stereo_validity stereo_validity (raw) MW_window MW_window (raw) synthetic_feasibility synthetic_feasibility (raw) curated alerts filter curated alerts filter (raw) scaffold_novelty (predicted_activity) taf_disrupted (predicted_activity) taf_consistency (predicted_activity) matchting_patterns (curated alerts filter)
 | 24.9560 27.1415 39.7079 0.5222611 Cc1cc(NC(=O)c2ccc(Br)s2)ccc1Cl 1 0.2350000 0.2350 0.1972027 0.1972 0.4239988 0.4240 0.8082012 0.8082 1.0000000 1.0000 1.0000000 330.6340 0.5204998 1.8908 1.0000000 1.0000 1.0 0.33333333333333337 0.6666666666666666 []
 | 28.7009 34.4860 39.1922 0.5756109 Cc1cc(C)c(NC(=O)c2ccc(C(=O)N[C@@H](C)Cc3ccccc3)cc2)c(C)c1 1 0.3350000 0.3350 0.3379189 0.3379 0.4719905 0.4720 0.6620811 0.6621 1.0000000 1.0000 1.0000000 400.5220 0.5299912 2.3041 1.0000000 1.0000 1.0 0.6666666666666667 0.3333333333333333 []
 | 26.2977 28.6456 40.9549 0.5437542 CNC(=O)C[C@@H](C)Cc1c[nH]c2ccccc12 1 0.2650000 0.2650 0.2442250 0.2442 0.4413332 0.4413 0.7567568 0.7568 1.0000000 1.0000 1.0000000 230.3110 0.5349672 2.5211 1.0000000 1.0000 1.0 0.6666666666666667 0.3333333333333333 []
 | 28.1622 31.5806 36.7466 0.5338061 Cc1ccc(S(C)(=O)=O)c(NCc2cccc(Br)c2O)c1 1 0.2550000 0.2550 0.2143974 0.2144 0.4358612 0.4359 0.7856026 0.7856 1.0000000 1.0000 1.0000000 370.2680 0.5276922 2.2039 1.0000000 1.0000 1.0 0.33333333333333337 0.6666666666666666 []
 | 33.4919 33.8254 30.1205 0.4995779 CC(=O)c1cccc(OS(=O)(=O)c2ccc(Cl)c(Cl)c2C)c1 1 0.1700000 0.1700 0.2170093 0.2170 0.3756328 0.3756 0.8180437 0.8180 1.0000000 1.0000 1.0000000 359.2300 0.5280536 2.2196 1.0000000 1.0000 1.0 1.0 0.0 []
 | 30.7791 30.4552 -8.2778 0.1732608 CCNC(=O)C(Cc1ccccc1Cl)NC(=O)c1ccccn1 1 0.3000000 0.3000 0.2835466 0.2835 0.4582576 0.4583 0.7242233 0.7242 0.0000000 0.0000 1.0000000 331.8030 0.5314946 2.3696 1.0000000 1.0000 1.0 0.6666666666666667 0.3333333333333333 []
 | 25.3433 32.3510 37.8177 0.5481928 Cc1oc(-c2cccs2)cc1C(=O)Nc1cnc2ccccc2c1 1 0.2850000 0.2850 0.2348557 0.2349 0.4514144 0.4514 0.7651443 0.7651 1.0000000 1.0000 1.0000000 334.4000 0.5284784 2.2381 1.0000000 1.0000 1.0 0.6666666666666667 0.3333333333333333 []
 | 31.5425 34.8284 33.5348 0.5340874 Cc1cc([C@@H]2CCCN(CC(=O)Nc3cccc(C)c3C)C2)c2ccccc2n1 1 0.2250000 0.2250 0.2649202 0.2649 0.4175823 0.4176 0.7583439 0.7583 1.0000000 1.0000 1.0000000 387.5270 0.5374832 2.6309 1.0000000 1.0000 1.0 0.6666666666666667 0.3333333333333333 []
 | 29.1580 31.7252 32.3948 0.5009374 CC(C)(C)OC(=O)NCC(=O)N1CC[C@H](c2cnccn2)C1 1 0.1550000 0.1550 0.2581989 0.2582 0.3619047 0.3619 0.7958758 0.7959 1.0000000 1.0000 1.0000000 306.3660 0.5429338 2.8692 1.0000000 1.0000 1.0 0.33333333333333337 0.6666666666666666 []
 | 29.8279 30.8964 35.6124 0.5196004 CN1C[C@H](C(=O)N(C)CCCO)CC1=O 1 0.1750000 0.1750 0.3060282 0.3060 0.3799671 0.3800 0.7574644 0.7575 1.0000000 1.0000 1.0000000 214.2650 0.5430874 2.8759 1.0000000 1.0000 1.0 0.6666666666666667 0.3333333333333333 []
21:17:00 <INFO> Score: 0.50 Agent NLL: 30.66 Valid: 100% Step: 74
 | Agent Prior Target Score SMILES SMILES_state predicted_activity predicted_activity (raw) training_similarity training_similarity (raw) uncertainty uncertainty (raw) novelty novelty (raw) stereo_validity stereo_validity (raw) MW_window MW_window (raw) synthetic_feasibility synthetic_feasibility (raw) curated alerts filter curated alerts filter (raw) scaffold_novelty (predicted_activity) taf_disrupted (predicted_activity) taf_consistency (predicted_activity) matchting_patterns (curated alerts filter)
 | 25.0519 31.0282 36.7954 0.5298718 Cc1ccc(-c2noc(CN[C@@H](C)c3ccccc3)n2)cc1Cl 1 0.2400000 0.2400 0.2205644 0.2206 0.4270831 0.4271 0.7794356 0.7794 1.0000000 1.0000 1.0000000 327.8150 0.5331863 2.4434 1.0000000 1.0000 1.0 0.6666666666666667 0.3333333333333333 []
 | 27.5512 27.2138 37.0609 0.5021457 CCOc1ccc(-c2ncc(-c3ccc(C#N)cc3)[nH]2)cc1 1 0.1700000 0.1700 0.2253745 0.2254 0.3756328 0.3756 0.8232233 0.8232 1.0000000 1.0000 1.0000000 289.3380 0.5242152 2.0525 1.0000000 1.0000 1.0 0.6666666666666667 0.3333333333333333 []
 | 30.1102 31.8613 37.4767 0.5417035 Cc1cc(C)n(CC(=O)N[C@@H](C)c2ccc(F)c(F)c2)c(=O)c1C#N 1 0.2700000 0.2700 0.2144225 0.2144 0.4439595 0.4440 0.7958758 0.7959 1.0000000 1.0000 1.0000000 345.3490 0.5400481 2.7430 1.0000000 1.0000 1.0 0.33333333333333337 0.6666666666666666 []
 | 36.5846 33.8938 -12.6681 0.1658262 CC(N)C(=O)NCC(=O)Nc1ccc2c(c1)N(S(C)(=O)=O)CCC2 1 0.2750000 0.2750 0.1838290 0.1838 0.4465143 0.4465 0.8372533 0.8373 0.0000000 0.0000 1.0000000 354.4320 0.5393474 2.7124 1.0000000 1.0000 1.0 0.6666666666666667 0.3333333333333333 []
 | 37.8866 40.6522 28.8824 0.5432390 Cc1cc(NC(=O)[C@@H](C)N2CC[C@@]3(C2)NC(=O)c2ccccc23)on1 1 0.2500000 0.2500 0.2490291 0.2490 0.4330127 0.4330 0.7762813 0.7763 1.0000000 1.0000 1.0000000 340.3830 0.5475742 3.9276 1.0000000 1.0000 1.0 0.6666666666666667 0.3333333333333333 []
 | 40.5929 43.2157 20.4110 0.4970842 Cc1cc(N2CCCNCC2)cc(S(=O)(=O)Nc2ccc(C(=O)N3CCCCCC3)cc2)c1C 1 0.1950000 0.1950 0.1545288 0.1545 0.3962007 0.3962 0.8757740 0.8758 1.0000000 1.0000 1.0000000 484.6660 0.5320322 2.3930 1.0000000 1.0000 1.0 0.6666666666666667 0.3333333333333333 []
 | 23.1751 25.2495 42.2070 0.5270035 CCOC(=O)Cn1ccnc1-c1ccco1 1 0.2050000 0.2050 0.2977326 0.2977 0.4037016 0.4037 0.7169307 0.7169 1.0000000 1.0000 1.0000000 220.2280 0.5294407 2.2801 1.0000000 1.0000 1.0 0.6666666666666667 0.3333333333333333 []
 | 31.3471 33.3958 29.7294 0.4931655 COc1ccsc1C(=O)N1CCCC[C@H]1CCc1cnc[nH]1 1 0.1400000 0.1400 0.2550722 0.2551 0.3469870 0.3470 0.8193445 0.8193 1.0000000 1.0000 1.0000000 319.4300 0.5468073 3.0388 1.0000000 1.0000 1.0 1.0 0.0 []
 | 31.8251 35.3369 31.4140 0.5214909 Cc1cc(C(=O)Nc2ccc(N3CCCC[C@H]3C)c(C)c2)c(C)nn1 1 0.2100000 0.2100 0.2122233 0.2122 0.4073082 0.4073 0.8356010 0.8356 1.0000000 1.0000 1.0000000 338.4550 0.5403854 2.7577 1.0000000 1.0000 1.0 0.6666666666666667 0.3333333333333333 []
 | 37.6080 37.4512 25.5022 0.4918234 COc1c(C)cc(-c2ccc3c4ccccc4n(-c4ccc5ccccc5c4)c3c2)cc1C 1 0.1600000 0.1600 0.2005739 0.2006 0.3666061 0.3666 0.8477961 0.8478 1.0000000 1.0000 1.0000000 427.5470 0.5278271 2.2098 1.0000000 1.0000 1.0 1.0 0.0 []
21:17:00 <INFO> Sampled SMILES N(CC1C(OCCC1)C(C)C)CCn1sccc1 failed to sanitize.
21:17:00 <INFO> Sampled SMILES O=c1c2cc(-c3c(C)nc(s3)NC(=O)c3cc(F)ccc3)ccc2oc1C failed to sanitize.
21:17:04 <INFO> Score: 0.47 Agent NLL: 30.91 Valid:  97% Step: 75
 | Agent Prior Target Score SMILES SMILES_state predicted_activity predicted_activity (raw) training_similarity training_similarity (raw) uncertainty uncertainty (raw) novelty novelty (raw) stereo_validity stereo_validity (raw) MW_window MW_window (raw) synthetic_feasibility synthetic_feasibility (raw) curated alerts filter curated alerts filter (raw) scaffold_novelty (predicted_activity) taf_disrupted (predicted_activity) taf_consistency (predicted_activity) matchting_patterns (curated alerts filter)
 | 29.7210 33.1197 35.5587 0.5365496 CCc1ccc(C)cc1NC(=O)[C@H]1CC(=O)N(C)[C@H]1c1cccs1 1 0.2250000 0.2250 0.2725865 0.2726 0.4175823 0.4176 0.7524631 0.7525 1.0000000 1.0000 1.0000000 342.4640 0.5491418 3.1411 1.0000000 1.0000 1.0 0.6666666666666667 0.3333333333333333 []
 | 34.5940 39.1736 29.7345 0.5383438 Cc1ccc(N(Cc2ccc(C(=O)NCc3ccccc3Oc3ccccc3C)cc2)S(C)(=O)=O)cc1Cl 1 0.2550000 0.2550 0.2374531 0.2375 0.4358612 0.4359 0.7625469 0.7625 1.0000000 1.0000 1.0000000 549.0920 0.5301573 2.3113 1.0000000 1.0000 1.0 0.6666666666666667 0.3333333333333333 []
 | 28.7255 32.4603 31.7737 0.5018280 CCS(=O)(=O)CCCNc1nc(-c2ccc(Br)s2)cs1 1 0.1900000 0.1900 0.1825742 0.1826 0.3923009 0.3923 0.8363366 0.8363 1.0000000 1.0000 1.0000000 395.3690 0.5366444 2.5943 1.0000000 1.0000 1.0 0.33333333333333337 0.6666666666666666 []
 | 31.4012 34.2391 31.5709 0.5141404 CCCOC(=O)c1ccccc1NC(=O)C1(c2ccc(CCC)cc2)CC1 1 0.1750000 0.1750 0.3182640 0.3183 0.3799671 0.3800 0.7059142 0.7059 1.0000000 1.0000 1.0000000 365.4730 0.5251579 2.0935 1.0000000 1.0000 1.0 0.33333333333333337 0.6666666666666666 []
 | 28.3784 35.5481 30.1239 0.5130622 Cc1cc(C)cc(Nc2nc(COC(=O)c3ccc(OCC(C)C)cc3)cs2)c1 1 0.1950000 0.1950 0.2366905 0.2367 0.3962007 0.3962 0.7697954 0.7698 1.0000000 1.0000 1.0000000 410.5390 0.5278560 2.2110 1.0000000 1.0000 1.0 0.33333333333333337 0.6666666666666666 []
 | 26.0504 26.5602 36.0471 0.4891199 Cc1nccn1CCN[C@H](C)C(C)(C)C 1 0.1650000 0.1650 0.1792843 0.1793 0.3711805 0.3712 0.8437500 0.8437 1.0000000 1.0000 1.0000000 209.3370 0.5465839 3.0290 1.0000000 1.0000 1.0 0.6666666666666667 0.3333333333333333 []
 | 37.3217 39.1473 25.3358 0.5037742 CN(Cc1ccc(-c2cn3cncc3cn2)s1)S(C)(=O)=O 1 0.1900000 0.1900 0.1883526 0.1884 0.3923009 0.3923 0.8265114 0.8265 1.0000000 1.0000 1.0000000 322.4150 0.5463383 3.0182 1.0000000 1.0000 1.0 1.0 0.0 []
 | 27.8767 32.7978 37.6089 0.5500524 CCCOc1cccc(C(=O)Nc2cccc(COc3ccccc3)c2C)c1 1 0.2550000 0.2550 0.3649002 0.3649 0.4358612 0.4359 0.6350998 0.6351 1.0000000 1.0000 1.0000000 375.4680 0.5192844 1.8379 1.0000000 1.0000 1.0 0.6666666666666667 0.3333333333333333 []
 | 31.0793 31.2759 37.5296 0.5375429 Cc1cc(N)nn1-c1nc(Cc2ccccc2)ns1 1 0.2250000 0.2250 0.2786820 0.2787 0.4175823 0.4176 0.7599787 0.7600 1.0000000 1.0000 1.0000000 271.3490 0.5355549 2.5467 1.0000000 1.0000 1.0 0.6666666666666667 0.3333333333333333 []
 | 31.3115 34.8723 28.1980 0.4927367 COc1ccc(-c2nc(C)sc2-c2cc(C(=O)O)cc(C(F)(F)F)c2)cc1 1 0.1550000 0.1550 0.2190343 0.2190 0.3619047 0.3619 0.8303248 0.8303 1.0000000 1.0000 1.0000000 393.3860 0.5292356 2.2711 1.0000000 1.0000 1.0 1.0 0.0 []
21:17:08 <INFO> Score: 0.49 Agent NLL: 30.55 Valid: 100% Step: 76
 | Agent Prior Target Score SMILES SMILES_state predicted_activity predicted_activity (raw) training_similarity training_similarity (raw) uncertainty uncertainty (raw) novelty novelty (raw) stereo_validity stereo_validity (raw) MW_window MW_window (raw) synthetic_feasibility synthetic_feasibility (raw) curated alerts filter curated alerts filter (raw) scaffold_novelty (predicted_activity) taf_disrupted (predicted_activity) taf_consistency (predicted_activity) matchting_patterns (curated alerts filter)
 | 35.7245 36.2651 27.5796 0.4987869 NS(=O)(=O)c1ccc(C(=O)Cn2nnc(CCCl)n2)cc1 1 0.2050000 0.2050 0.1540488 0.1540 0.4037016 0.4037 0.8459512 0.8460 1.0000000 1.0000 1.0000000 329.7690 0.5340530 2.4812 1.0000000 1.0000 1.0 0.6666666666666667 0.3333333333333333 []
 | 27.0158 26.3301 36.1242 0.4879246 COc1c(F)cc(CC2(C(=O)O)CCC2)cc1F 1 0.1250000 0.1250 0.3235295 0.3235 0.3307189 0.3307 0.7462523 0.7463 1.0000000 1.0000 1.0000000 256.2480 0.5323218 2.4057 1.0000000 1.0000 1.0 1.0 0.0 []
 | 24.8995 30.6554 32.9520 0.4969322 Cc1ccc(Nc2nccc(NS(C)(=O)=O)n2)c(C)c1 1 0.1800000 0.1800 0.1773431 0.1773 0.3841875 0.3842 0.8666548 0.8667 1.0000000 1.0000 1.0000000 292.3640 0.5268703 2.1681 1.0000000 1.0000 1.0 0.6666666666666667 0.3333333333333333 []
 | 30.1449 33.1007 31.9699 0.5083637 CCc1nc(C)c(Cc2cc(C(F)(F)F)cc(C(F)(F)F)c2)c(=O)n1C 1 0.2000000 0.2000 0.1894662 0.1895 0.4000000 0.4000 0.8301584 0.8302 1.0000000 1.0000 1.0000000 378.3160 0.5360373 2.5678 1.0000000 1.0000 1.0 1.0 0.0 []
 | 23.4067 25.9728 39.5176 0.5116434 CCCc1ccc(C(=O)c2cc(C)ccc2OC)cc1 1 0.1650000 0.1650 0.3138824 0.3139 0.3711805 0.3712 0.7499035 0.7499 1.0000000 1.0000 1.0000000 268.3560 0.5146477 1.6363 1.0000000 1.0000 1.0 1.0 0.0 []
 | 25.0533 29.0959 35.7685 0.5067528 O=C(CSc1ccc(F)cc1F)NCCc1ccc(F)cc1F 1 0.2050000 0.2050 0.1793740 0.1794 0.4037016 0.4037 0.8378379 0.8378 1.0000000 1.0000 1.0000000 343.3450 0.5243744 2.0594 1.0000000 1.0000 1.0 0.6666666666666667 0.3333333333333333 []
 | 31.6487 38.0833 31.8011 0.5459723 Cc1cc(CCNC(=O)C[C@H](c2ccsc2)c2cc(Cl)cc(Cl)c2)no1 1 0.2600000 0.2600 0.2575131 0.2575 0.4386342 0.4386 0.7492216 0.7492 1.0000000 1.0000 1.0000000 409.3380 0.5468771 3.0418 1.0000000 1.0000 1.0 0.6666666666666667 0.3333333333333333 []
 | 26.1514 35.2141 30.9088 0.5165851 Cn1cc([C@H]2CC[C@@H](C(=O)NCCc3ccsc3)C2)cn1 1 0.2000000 0.2000 0.2156655 0.2157 0.4000000 0.4000 0.8140038 0.8140 1.0000000 1.0000 1.0000000 303.4310 0.5506103 3.2055 1.0000000 1.0000 1.0 0.6666666666666667 0.3333333333333333 []
 | 30.3841 36.2227 32.0170 0.5331226 CCN(Cc1ccc(S(C)(=O)=O)o1)C(=O)CCC(=O)c1ccc(Cl)cc1Cl 1 0.2450000 0.2450 0.2173254 0.2173 0.4300872 0.4301 0.7979695 0.7980 1.0000000 1.0000 1.0000000 432.3250 0.5347925 2.5135 1.0000000 1.0000 1.0 1.0 0.0 []
 | 28.1207 33.6394 32.1175 0.5137257 CCCc1nc(CS(=O)(=O)c2ccc3c(c2)CCC(=O)N3C)cs1 1 0.2050000 0.2050 0.2007948 0.2008 0.4037016 0.4037 0.8232233 0.8232 1.0000000 1.0000 1.0000000 364.4920 0.5356345 2.5502 1.0000000 1.0000 1.0 1.0 0.0 []
21:17:08 <INFO> Sampled SMILES [nH]1c(=O)c2c(C(N3C[C@@H](C[C@@H]3C(=O)Nc3ccc(cc3)CC)C)cs2)cc1-c1oc(C)cc1 failed to sanitize.
21:17:12 <INFO> Score: 0.49 Agent NLL: 30.52 Valid:  98% Step: 77
 | Agent Prior Target Score SMILES SMILES_state predicted_activity predicted_activity (raw) training_similarity training_similarity (raw) uncertainty uncertainty (raw) novelty novelty (raw) stereo_validity stereo_validity (raw) MW_window MW_window (raw) synthetic_feasibility synthetic_feasibility (raw) curated alerts filter curated alerts filter (raw) scaffold_novelty (predicted_activity) taf_disrupted (predicted_activity) taf_consistency (predicted_activity) matchting_patterns (curated alerts filter)
 | 45.6713 64.9667 -64.9667 0.0000000 [nH]1c(=O)c2c(C(N3C[C@@H](C[C@@H]3C(=O)Nc3ccc(cc3)CC)C)cs2)cc1-c1oc(C)cc1 0 0.0000000 0.0000 0.0000000 0.0000 0.0000000 0.0000 0.0000000 0.0000 0.0000000 0.0000 0.0000000 0.0000 0.0000000 0.0000 0.0000000 0.0000 None None None None
 | 27.8117 29.7351 36.6456 0.5185986 CCCOc1nc(-n2ccnc2)ccc1[N+](=O)[O-] 1 0.1900000 0.1900 0.3000496 0.3000 0.3923009 0.3923 0.6999504 0.7000 1.0000000 1.0000 1.0000000 248.2420 0.5354060 2.5402 1.0000000 1.0000 1.0 1.0 0.0 []
 | 29.6360 30.9724 36.4690 0.5268860 O=C(COC(=O)CCNC(=O)c1ccc(Br)s1)Nc1ccc(F)cc1F 1 0.2400000 0.2400 0.2092457 0.2092 0.4270831 0.4271 0.7907543 0.7908 1.0000000 1.0000 1.0000000 447.2570 0.5263153 2.1439 1.0000000 1.0000 1.0 0.0 1.0 []
 | 27.2136 29.7771 35.8627 0.5128107 CCOC(=O)c1ccccc1NC(=O)CSc1nnc(COc2cccc(C)c2C)o1 1 0.1850000 0.1850 0.2689143 0.2689 0.3882976 0.3883 0.7386979 0.7387 1.0000000 1.0000 1.0000000 441.5090 0.5284593 2.2373 1.0000000 1.0000 1.0 0.33333333333333337 0.6666666666666666 []
 | 23.5840 27.1806 43.4563 0.5518513 CC[C@@H](CO)NC(=O)NCCc1ncn[nH]1 1 0.2600000 0.2600 0.2977326 0.2977 0.4386342 0.4386 0.7169307 0.7169 1.0000000 1.0000 1.0000000 227.2680 0.5452480 2.9705 1.0000000 1.0000 1.0 0.6666666666666667 0.3333333333333333 []
 | 25.7228 28.3649 37.6477 0.5157237 CCc1ccc(-c2nnc(SCC(=O)c3ccc4c(c3)NC(=O)CO4)n2CC)cc1 1 0.1950000 0.1950 0.2382435 0.2382 0.3962007 0.3962 0.7859708 0.7860 1.0000000 1.0000 1.0000000 422.5100 0.5318388 2.3846 1.0000000 1.0000 1.0 0.6666666666666667 0.3333333333333333 []
 | 27.7306 31.6977 37.9324 0.5439855 CCOC(=O)[C@H](C)N(Cc1cccs1)S(C)(=O)=O 1 0.2400000 0.2400 0.2977326 0.2977 0.4270831 0.4271 0.7169307 0.7169 1.0000000 1.0000 1.0000000 291.3940 0.5444145 2.9340 1.0000000 1.0000 1.0 0.6666666666666667 0.3333333333333333 []
 | 38.5029 46.0544 26.4722 0.5666141 CCCNS(=O)(=O)c1cc(C(=O)N[C@H](C)c2nc(C)n[nH]2)ccc1O 1 0.3200000 0.3200 0.2578440 0.2578 0.4664762 0.4665 0.7548548 0.7549 1.0000000 1.0000 1.0000000 367.4310 0.5493926 3.1521 1.0000000 1.0000 1.0 0.6666666666666667 0.3333333333333333 []
 | 24.4507 26.8308 -26.4355 0.0030880 CCCC/C=C\CCCCCCCC(=O)OCCCCCCCCCCCCCCCCCCCCCCCCCCCCCCCCCCCCCCCCCCCC(=O)NC(CO)C(O)CCCCCCCCCCCCC 1 0.1550000 0.1550 0.3489113 0.3489 0.3619047 0.3619 0.6611641 0.6612 0.0000000 0.0000 0.0000000 1128.9760 0.5391123 4.2979 1.0000000 1.0000 1.0 0.33333333333333337 0.6666666666666666 []
 | 35.8632 37.4223 32.2599 0.5443925 O=C(O)c1cccc(-c2coc(=O)c(-c3ccccc3Cl)n2)c1 1 0.2650000 0.2650 0.2536731 0.2537 0.4413332 0.4413 0.7463269 0.7463 1.0000000 1.0000 1.0000000 327.7230 0.5284199 2.2356 1.0000000 1.0000 1.0 1.0 0.0 []
21:17:16 <INFO> Score: 0.49 Agent NLL: 29.61 Valid: 100% Step: 78
 | Agent Prior Target Score SMILES SMILES_state predicted_activity predicted_activity (raw) training_similarity training_similarity (raw) uncertainty uncertainty (raw) novelty novelty (raw) stereo_validity stereo_validity (raw) MW_window MW_window (raw) synthetic_feasibility synthetic_feasibility (raw) curated alerts filter curated alerts filter (raw) scaffold_novelty (predicted_activity) taf_disrupted (predicted_activity) taf_consistency (predicted_activity) matchting_patterns (curated alerts filter)
 | 28.9562 34.9428 31.0030 0.5152014 Cc1ccc(C(=O)CNCc2cn(-c3ccc(F)cc3)nc2C)s1 1 0.2100000 0.2100 0.1892994 0.1893 0.4073082 0.4073 0.8561197 0.8561 1.0000000 1.0000 1.0000000 343.4270 0.5319666 2.3902 1.0000000 1.0000 1.0 0.6666666666666667 0.3333333333333333 []
 | 30.7765 30.9435 35.9303 0.5224521 Cc1cc(C(C)C)oc1C(=O)N1CCC[C@@H]1C(N)=O 1 0.2050000 0.2050 0.2348881 0.2349 0.4037016 0.4037 0.7979274 0.7979 1.0000000 1.0000 1.0000000 264.3250 0.5464969 3.0252 1.0000000 1.0000 1.0 0.6666666666666667 0.3333333333333333 []
 | 29.1130 37.0215 28.9417 0.5153375 C[C@]12CCCC[C@@H]1[C@H](CNC(=O)c1ccc(Cl)s1)C2 1 0.1700000 0.1700 0.2888889 0.2889 0.3756328 0.3756 0.7671899 0.7672 1.0000000 1.0000 1.0000000 297.8510 0.5558599 3.5639 1.0000000 1.0000 1.0 0.6666666666666667 0.3333333333333333 []
 | 28.6696 31.6242 35.0218 0.5206716 Cc1cccc(-c2cc(CNC(=O)[C@H]3COc4ccccc4O3)on2)c1 1 0.1800000 0.1800 0.3172162 0.3172 0.3841875 0.3842 0.7264236 0.7264 1.0000000 1.0000 1.0000000 350.3740 0.5392768 2.7093 1.0000000 1.0000 1.0 0.6666666666666667 0.3333333333333333 []
 | 26.1062 28.7012 43.5219 0.5642428 O=C(O)[C@H](Cc1ccc(Cl)cc1)NS(=O)(=O)c1ccccc1Cl 1 0.3000000 0.3000 0.3216010 0.3216 0.4582576 0.4583 0.6799715 0.6800 1.0000000 1.0000 1.0000000 374.2450 0.5292665 2.2725 1.0000000 1.0000 1.0 0.6666666666666667 0.3333333333333333 []
 | 38.4552 37.2051 33.8464 0.5550898 CCOc1ccccc1OCCNC(=O)c1nc(C)n(CC(C)C)n1 1 0.2700000 0.2700 0.3171675 0.3172 0.4439595 0.4440 0.6938138 0.6938 1.0000000 1.0000 1.0000000 346.4310 0.5289678 2.2595 1.0000000 1.0000 1.0 0.6666666666666667 0.3333333333333333 []
 | 45.0335 49.3374 13.9884 0.4947328 COc1cc(C)ccc1-c1cc(C(=O)Cc2cc(C)ccc2Cn2cncn2)no1 1 0.1450000 0.1450 0.2503915 0.2504 0.3521008 0.3521 0.8226596 0.8227 1.0000000 1.0000 1.0000000 402.4540 0.5366449 2.5943 1.0000000 1.0000 1.0 1.0 0.0 []
 | 35.7162 43.0076 21.2169 0.5017541 CCOC(=O)c1c(COc2cccc(/C=C(\C#N)C(=O)Nc3ccc(C)cc3C)c2)sc(C)c1C 1 0.1800000 0.1800 0.2112886 0.2113 0.3841875 0.3842 0.7945013 0.7945 1.0000000 1.0000 1.0000000 488.6090 0.5373456 2.6249 1.0000000 1.0000 1.0 0.0 1.0 []
 | 28.1962 27.5614 40.2703 0.5299352 C[C@H]1C[C@@H]1[C@H](N)c1cccc(F)c1 1 0.2250000 0.2250 0.2297863 0.2298 0.4175823 0.4176 0.7965810 0.7966 1.0000000 1.0000 1.0000000 179.2380 0.5476087 3.0739 1.0000000 1.0000 1.0 0.6666666666666667 0.3333333333333333 []
 | 23.2421 28.3668 43.5054 0.5615018 CC(C)Sc1cccc(C(=O)NCc2cccs2)c1 1 0.2900000 0.2900 0.2900074 0.2900 0.4537621 0.4538 0.7432519 0.7433 1.0000000 1.0000 1.0000000 291.4410 0.5237671 2.0330 1.0000000 1.0000 1.0 0.6666666666666667 0.3333333333333333 []
21:17:16 <INFO> Sampled SMILES s1c2c(c(=O)n(CC)c(=O)c2C(=O)N(CCC)C2CC2)cc1 failed to sanitize.
21:17:19 <INFO> Score: 0.47 Agent NLL: 30.24 Valid:  98% Step: 79
 | Agent Prior Target Score SMILES SMILES_state predicted_activity predicted_activity (raw) training_similarity training_similarity (raw) uncertainty uncertainty (raw) novelty novelty (raw) stereo_validity stereo_validity (raw) MW_window MW_window (raw) synthetic_feasibility synthetic_feasibility (raw) curated alerts filter curated alerts filter (raw) scaffold_novelty (predicted_activity) taf_disrupted (predicted_activity) taf_consistency (predicted_activity) matchting_patterns (curated alerts filter)
 | 27.3456 28.6170 -6.8957 0.1696974 CCCCOC(=O)C(N)c1ccc(CC)s1 1 0.2100000 0.2100 0.4285714 0.4286 0.4073082 0.4073 0.6713121 0.6713 0.0000000 0.0000 1.0000000 241.3560 0.5437202 2.9036 1.0000000 1.0000 1.0 0.33333333333333337 0.6666666666666666 []
 | 29.5911 28.2689 35.0140 0.4943978 COc1ccc(C=CC(C)=Cc2ccccc2)cc1OC 1 0.1400000 0.1400 0.2954395 0.2954 0.3469870 0.3470 0.7675047 0.7675 1.0000000 1.0000 1.0000000 280.3670 0.5210422 1.9144 1.0000000 1.0000 1.0 1.0 0.0 []
 | 43.9379 46.8647 27.5864 0.5816491 Cc1cc(O)c(C[C@H](N)[C@@H](C(=O)c2ccccc2)c2ccccc2)cc1O 1 0.3700000 0.3700 0.2859314 0.2859 0.4828043 0.4828 0.7140686 0.7141 1.0000000 1.0000 1.0000000 361.4410 0.5477369 3.0795 1.0000000 1.0000 1.0 0.6666666666666667 0.3333333333333333 []
 | 32.1486 35.8444 31.2829 0.5244323 Cc1csc(C[C@@H]2CCCCN2C(=O)c2ccccc2Br)n1 1 0.2100000 0.2100 0.2396406 0.2396 0.4073082 0.4073 0.7886299 0.7886 1.0000000 1.0000 1.0000000 379.3230 0.5401883 2.7491 1.0000000 1.0000 1.0 0.6666666666666667 0.3333333333333333 []
 | 28.3008 33.0938 34.3606 0.5269873 Cc1cc(C)cc(C(=O)N/C=C/c2cc(Br)ccc2C)c1 1 0.2450000 0.2450 0.1883294 0.1883 0.4300872 0.4301 0.8332690 0.8333 1.0000000 1.0000 1.0000000 344.2520 0.5314771 2.3688 1.0000000 1.0000 1.0 0.33333333333333337 0.6666666666666666 []
 | 33.8627 37.1021 27.6543 0.5059094 Clc1ccc(Cc2nc(CN[C@H]3C[C@H]4C[C@H]3C4)cs2)cc1 1 0.1850000 0.1850 0.1927851 0.1928 0.3882976 0.3883 0.8477961 0.8478 1.0000000 1.0000 1.0000000 318.8730 0.5564530 3.5378 1.0000000 1.0000 1.0 0.6666666666666667 0.3333333333333333 []
 | 35.3082 40.5779 25.3580 0.5151239 CC[C@H](NC(=O)[C@H](C)c1ccc(-n2cncn2)cc1)c1ccc2c(c1)OCCCO2 1 0.2050000 0.2050 0.2051290 0.2051 0.4037016 0.4037 0.8093075 0.8093 1.0000000 1.0000 1.0000000 406.4860 0.5504030 3.1964 1.0000000 1.0000 1.0 0.6666666666666667 0.3333333333333333 []
 | 22.3856 22.4242 45.5242 0.5308468 OCCOCCNc1ncc(Br)cc1Br 1 0.2300000 0.2300 0.2353960 0.2354 0.4208325 0.4208 0.7845899 0.7846 1.0000000 1.0000 1.0000000 340.0150 0.5335525 2.4594 1.0000000 1.0000 1.0 0.33333333333333337 0.6666666666666666 []
 | 25.5251 28.7976 37.4550 0.5175987 Fc1ccc(COCCCCCNCc2cccs2)cc1 1 0.2000000 0.2000 0.2599376 0.2599 0.4000000 0.4000 0.7400624 0.7401 1.0000000 1.0000 1.0000000 307.4340 0.5220520 1.9583 1.0000000 1.0000 1.0 0.6666666666666667 0.3333333333333333 []
 | 26.0336 28.6039 37.7266 0.5182075 Cn1nccc1CNc1ncccc1Cn1ccnc1 1 0.2050000 0.2050 0.2143465 0.2143 0.4037016 0.4037 0.8245057 0.8245 1.0000000 1.0000 1.0000000 268.3240 0.5360566 2.5686 1.0000000 1.0000 1.0 0.6666666666666667 0.3333333333333333 []
21:17:20 <INFO> Sampled SMILES c1cc(cc(F)c1F)[C@@H](c1ccc2c(oc(nc2c1)-c1ccccc1)C)NC(=O)C failed to sanitize.
21:17:20 <INFO> Sampled SMILES c1(c2c([nH]c(c1-c1ccc(cc1)NC=O)[C@@H]1OC(C)(C)[C@H]([C@@H]1O)O)ccc(F)c2)Cl failed to sanitize.
21:17:23 <INFO> Score: 0.45 Agent NLL: 29.37 Valid:  97% Step: 80
 | Agent Prior Target Score SMILES SMILES_state predicted_activity predicted_activity (raw) training_similarity training_similarity (raw) uncertainty uncertainty (raw) novelty novelty (raw) stereo_validity stereo_validity (raw) MW_window MW_window (raw) synthetic_feasibility synthetic_feasibility (raw) curated alerts filter curated alerts filter (raw) scaffold_novelty (predicted_activity) taf_disrupted (predicted_activity) taf_consistency (predicted_activity) matchting_patterns (curated alerts filter)
 | 24.0171 25.1330 42.8071 0.5307822 O=C1c2ccccc2S(=O)(=O)c2cccnc21 1 0.2200000 0.2200 0.2656266 0.2656 0.4142463 0.4142 0.7514521 0.7515 1.0000000 1.0000 1.0000000 245.2590 0.5329738 2.4341 1.0000000 1.0000 1.0 1.0 0.0 []
 | 31.2087 41.9742 26.5661 0.5354708 CCc1nc(C)[nH]c(=O)c1/C=C/c1c(C)nn(-c2cccc(C(=O)O)c2)c1C 1 0.2450000 0.2450 0.2321817 0.2322 0.4300872 0.4301 0.7741806 0.7742 1.0000000 1.0000 1.0000000 378.4320 0.5403761 2.7573 1.0000000 1.0000 1.0 1.0 0.0 []
 | 33.9485 39.7374 27.1787 0.5227820 CNc1cc(C(=O)NC[C@@H]2CCCC[C@H]2O)cc2c1ncn2C 1 0.2050000 0.2050 0.2342547 0.2343 0.4037016 0.4037 0.7979695 0.7980 1.0000000 1.0000 1.0000000 316.4050 0.5514868 3.2440 1.0000000 1.0000 1.0 0.6666666666666667 0.3333333333333333 []
 | 33.0346 35.4040 -14.0521 0.1668111 CCOC(=O)c1c(C)nc2ccc(O)cc2c1C(C)C(=O)O 1 0.2400000 0.2400 0.2823725 0.2824 0.4270831 0.4271 0.7209595 0.7210 0.0000000 0.0000 1.0000000 303.3140 0.5420444 2.8303 1.0000000 1.0000 1.0 0.6666666666666667 0.3333333333333333 []
 | 40.4098 43.3828 21.6203 0.5078370 N#Cc1csc(-c2ccnc(OCCN3CCC[C@H](C(F)(F)F)C3)c2)c1 1 0.1850000 0.1850 0.2010076 0.2010 0.3882976 0.3883 0.8448271 0.8448 1.0000000 1.0000 1.0000000 381.4230 0.5515999 3.2490 1.0000000 1.0000 1.0 0.6666666666666667 0.3333333333333333 []
 | 42.7988 49.6075 18.2695 0.5302894 C=C1CC(COc2ccc([C@H](C)NC(=O)c3cc4cc(Br)ccc4s3)cc2)C1 1 0.2000000 0.2000 0.2936400 0.2936 0.4000000 0.4000 0.7583439 0.7583 1.0000000 1.0000 1.0000000 456.4050 0.5446377 2.9438 1.0000000 1.0000 1.0 0.33333333333333337 0.6666666666666666 []
 | 22.7189 29.3765 38.1590 0.5276214 N#Cc1ccccc1OCC(=O)NCCCCCc1ccco1 1 0.2200000 0.2200 0.2637806 0.2638 0.4142463 0.4142 0.7362194 0.7362 1.0000000 1.0000 1.0000000 312.3690 0.5250343 2.0881 1.0000000 1.0000 1.0 0.33333333333333337 0.6666666666666666 []
 | 22.1966 24.7990 37.6509 0.4878902 CCOC(=O)[C@@H]1CCCN1OC(C)=O 1 0.1350000 0.1350 0.2677398 0.2677 0.3417236 0.3417 0.7756029 0.7756 1.0000000 1.0000 1.0000000 201.2220 0.5443342 2.9305 1.0000000 1.0000 1.0 0.6666666666666667 0.3333333333333333 []
 | 32.8857 32.8794 34.4868 0.5262984 Cc1ccc(N(CCC#N)C(=O)c2ccc3c(c2)NC(=O)CCS3)cc1C 1 0.2100000 0.2100 0.2396975 0.2397 0.4073082 0.4073 0.8087270 0.8087 1.0000000 1.0000 1.0000000 379.4850 0.5363351 2.5808 1.0000000 1.0000 1.0 0.33333333333333337 0.6666666666666666 []
 | 29.6860 32.4982 34.5929 0.5241500 CCCCc1nnc(NC(=O)Cc2csc(Cc3ccccc3Br)n2)s1 1 0.2000000 0.2000 0.2553999 0.2554 0.4000000 0.4000 0.7967626 0.7968 1.0000000 1.0000 1.0000000 451.4150 0.5332627 2.4467 1.0000000 1.0000 1.0 0.33333333333333337 0.6666666666666666 []
21:17:23 <INFO> Sampled SMILES C(CCC)N=c1sc(nn1C)=Cc1cc([N+](=O)[O-])ccc1 failed to sanitize.
21:17:23 <INFO> Sampled SMILES c12c(n(c(nc(c1C(C)C)[C@H](C)CC)=O)C)cccn2 failed to sanitize.
21:17:27 <INFO> Score: 0.49 Agent NLL: 29.13 Valid:  97% Step: 81
 | Agent Prior Target Score SMILES SMILES_state predicted_activity predicted_activity (raw) training_similarity training_similarity (raw) uncertainty uncertainty (raw) novelty novelty (raw) stereo_validity stereo_validity (raw) MW_window MW_window (raw) synthetic_feasibility synthetic_feasibility (raw) curated alerts filter curated alerts filter (raw) scaffold_novelty (predicted_activity) taf_disrupted (predicted_activity) taf_consistency (predicted_activity) matchting_patterns (curated alerts filter)
 | 23.2431 27.0975 40.5556 0.5285399 CCCCNC(=O)COc1ccc(OCC)cc1C(=O)O 1 0.1850000 0.1850 0.3431764 0.3432 0.3882976 0.3883 0.7432519 0.7433 1.0000000 1.0000 1.0000000 295.3350 0.5187898 1.8164 1.0000000 1.0000 1.0 0.6666666666666667 0.3333333333333333 []
 | 31.5226 37.4923 26.5644 0.5004426 CCCCOC(=O)CCCCCn1c(=S)[nH]c2cc(OC)ccc2c1=O 1 0.1400000 0.1400 0.3281651 0.3282 0.3469870 0.3470 0.7548548 0.7549 1.0000000 1.0000 1.0000000 378.4940 0.5287904 2.2517 1.0000000 1.0000 1.0 0.6666666666666667 0.3333333333333333 []
 | 28.9695 33.6458 33.8798 0.5275439 C[C@@H]1c2ccc(CO)cc2CCN1C(=O)c1nccs1 1 0.2200000 0.2200 0.2446862 0.2447 0.4142463 0.4142 0.7601994 0.7602 1.0000000 1.0000 1.0000000 288.3720 0.5450988 2.9640 1.0000000 1.0000 1.0 0.6666666666666667 0.3333333333333333 []
 | 27.7154 29.5808 37.0618 0.5206449 NCCC#Cc1ccc(F)c(F)c1[N+](=O)[O-] 1 0.2450000 0.2450 0.1616271 0.1616 0.4300872 0.4301 0.8569091 0.8569 1.0000000 1.0000 1.0000000 226.1820 0.5448788 2.9543 1.0000000 1.0000 1.0 0.33333333333333337 0.6666666666666666 []
 | 23.5265 28.6975 42.9694 0.5598971 C[C@@H]1CCC[C@@H](NCc2cccc(CO)c2)C1 1 0.2950000 0.2950 0.2795807 0.2796 0.4560428 0.4560 0.7260017 0.7260 1.0000000 1.0000 1.0000000 233.3550 0.5383632 2.6694 1.0000000 1.0000 1.0 0.6666666666666667 0.3333333333333333 []
 | 30.3951 35.7961 32.2615 0.5317005 O=C(NCc1cccs1)c1cnc(CC[C@H]2CCNC2)s1 1 0.2100000 0.2100 0.2840286 0.2840 0.4073082 0.4073 0.7467749 0.7468 1.0000000 1.0000 1.0000000 321.4710 0.5471004 3.0516 1.0000000 1.0000 1.0 0.6666666666666667 0.3333333333333333 []
 | 30.1376 34.5808 36.8898 0.5583642 CC(=O)N1CCc2c(sc(NC(=O)c3ccc(CN4CCCCC4)cc3)c2C(=O)O)C1 1 0.2900000 0.2900 0.2697816 0.2698 0.4537621 0.4538 0.7539095 0.7539 1.0000000 1.0000 1.0000000 441.5530 0.5297188 2.2922 1.0000000 1.0000 1.0 0.6666666666666667 0.3333333333333333 []
 | 34.7613 36.8481 35.4005 0.5644418 C[C@@H](CC(=O)c1cccc(N(C)C)c1)NC(=O)/C=C/CN(C)C 1 0.3350000 0.3350 0.2239570 0.2240 0.4719905 0.4720 0.7889421 0.7889 1.0000000 1.0000 1.0000000 317.4330 0.5455559 2.9840 1.0000000 1.0000 1.0 0.6666666666666667 0.3333333333333333 []
 | 21.7743 27.3033 41.1129 0.5345014 Cc1ccc(N(C)[C@@H](C)C(=O)O)c(C)c1 1 0.2550000 0.2550 0.2136969 0.2137 0.4358612 0.4359 0.7863031 0.7863 1.0000000 1.0000 1.0000000 207.2730 0.5355264 2.5455 1.0000000 1.0000 1.0 1.0 0.0 []
 | 29.8704 28.0650 -5.8639 0.1734461 CCCC(C)NC(=O)Nc1cccc(C(C)N)c1 1 0.3000000 0.3000 0.2742043 0.2742 0.4582576 0.4583 0.7419073 0.7419 0.0000000 0.0000 1.0000000 249.3580 0.5377230 2.6414 1.0000000 1.0000 1.0 0.6666666666666667 0.3333333333333333 []
21:17:31 <INFO> Score: 0.47 Agent NLL: 30.35 Valid: 100% Step: 82
 | Agent Prior Target Score SMILES SMILES_state predicted_activity predicted_activity (raw) training_similarity training_similarity (raw) uncertainty uncertainty (raw) novelty novelty (raw) stereo_validity stereo_validity (raw) MW_window MW_window (raw) synthetic_feasibility synthetic_feasibility (raw) curated alerts filter curated alerts filter (raw) scaffold_novelty (predicted_activity) taf_disrupted (predicted_activity) taf_consistency (predicted_activity) matchting_patterns (curated alerts filter)
 | 23.5013 24.6110 44.2229 0.5377652 N/C=C(/C(=O)c1ccccc1)c1ccccc1 1 0.2400000 0.2400 0.2803998 0.2804 0.4270831 0.4271 0.7196002 0.7196 1.0000000 1.0000 1.0000000 223.2750 0.5219827 1.9553 1.0000000 1.0000 1.0 0.6666666666666667 0.3333333333333333 []
 | 32.5893 32.8031 35.7509 0.5355785 C[C@H]1CCCN(c2ccnc(NS(=O)(=O)CCc3ccccc3)n2)C1 1 0.2050000 0.2050 0.3280305 0.3280 0.4037016 0.4037 0.7237544 0.7238 1.0000000 1.0000 1.0000000 360.4830 0.5402812 2.7532 1.0000000 1.0000 1.0 0.6666666666666667 0.3333333333333333 []
 | 27.0146 27.5989 -27.5989 0.0000000 O=C(NN=Cc1cccc(O)c1)C(=O)Nc1ccc(Cl)cc1 1 0.0000000 0.0000 0.0000000 0.0000 0.0000000 0.0000 0.0000000 0.0000 0.0000000 0.0000 0.0000000 0.0000 0.0000000 0.0000 0.0000000 0.0000 None None None ['[#7;!n][#7;!n]']
 | 64.6409 65.7516 -64.6502 0.0086054 COC(=O)CCC[C@@H](C)[C@H]1CC[C@H]2[C@@H]3[C@@H](CC[C@]12C)C1(C)CC[C@@H](O)C[C@H]1C[C@H]3O[C@@H]1O[C@H](C)[C@H](O[C@@H]2O[C@H](CO)[C@@H](O)[C@H](O)[C@H]2NC(C)=O)[C@@H](O)[C@@H]1O 1 0.0750000 0.0750 0.2808218 0.2808 0.2633913 0.2634 0.7942924 0.7943 0.9500000 0.9500 0.0000000 769.9700 0.5080210 5.6516 1.0000000 1.0000 1.0 0.33333333333333337 0.6666666666666666 []
 | 37.4617 42.1310 24.0129 0.5167490 CCOC(=O)c1cc(CN2C(=O)[C@H]3CCCC[C@@H]3[C@H]2C)ccc1C(=O)O 1 0.1750000 0.1750 0.2951459 0.2951 0.3799671 0.3800 0.7442552 0.7443 1.0000000 1.0000 1.0000000 359.4220 0.5539873 3.3538 1.0000000 1.0000 1.0 0.6666666666666667 0.3333333333333333 []
 | 35.0478 37.2585 27.9595 0.5095160 Cc1cc(C)c2[nH]c(C)c(C(=O)[C@@H](C)Oc3ccc4c(c3)CCCC4)c2c1 1 0.1950000 0.1950 0.1972455 0.1972 0.3962007 0.3962 0.8321396 0.8321 1.0000000 1.0000 1.0000000 361.4850 0.5433707 2.8883 1.0000000 1.0000 1.0 1.0 0.0 []
 | 24.3046 25.9874 41.6726 0.5285936 CC(=O)CC(=O)c1ccc(F)s1 1 0.2150000 0.2150 0.2392594 0.2393 0.4108223 0.4108 0.8065522 0.8066 1.0000000 1.0000 1.0000000 186.2070 0.5399385 2.7382 1.0000000 1.0000 1.0 1.0 0.0 []
 | 35.7091 42.4717 22.0983 0.5044525 CC(=O)NC[C@H](C)COc1cc(Cl)ccc1-c1ccn(C)n1 1 0.1800000 0.1800 0.2224420 0.2224 0.3841875 0.3842 0.7841795 0.7842 1.0000000 1.0000 1.0000000 321.8080 0.5425344 2.8517 1.0000000 1.0000 1.0 0.6666666666666667 0.3333333333333333 []
 | 31.5986 35.2405 26.4126 0.4816649 Fc1cc(F)cc(CNCc2cncc(N3CCSCC3)c2)c1 1 0.1850000 0.1850 0.1266737 0.1267 0.3882976 0.3883 0.8933238 0.8933 1.0000000 1.0000 1.0000000 335.4230 0.5339053 2.4748 1.0000000 1.0000 1.0 0.6666666666666667 0.3333333333333333 []
 | 34.4880 45.1376 21.9148 0.5238467 CCOCCSC1=C[C@@H](NC(=O)c2cccs2)[C@H]1C(=O)OC 1 0.1950000 0.1950 0.2918070 0.2918 0.3962007 0.3962 0.7222081 0.7222 1.0000000 1.0000 1.0000000 341.4540 0.5529428 3.6921 1.0000000 1.0000 1.0 0.33333333333333337 0.6666666666666666 []
21:17:35 <INFO> Score: 0.48 Agent NLL: 28.63 Valid: 100% Step: 83
 | Agent Prior Target Score SMILES SMILES_state predicted_activity predicted_activity (raw) training_similarity training_similarity (raw) uncertainty uncertainty (raw) novelty novelty (raw) stereo_validity stereo_validity (raw) MW_window MW_window (raw) synthetic_feasibility synthetic_feasibility (raw) curated alerts filter curated alerts filter (raw) scaffold_novelty (predicted_activity) taf_disrupted (predicted_activity) taf_consistency (predicted_activity) matchting_patterns (curated alerts filter)
 | 25.2004 25.8999 40.1160 0.5157493 COc1ccccc1CCCNCc1ccn[nH]1 1 0.1900000 0.1900 0.2378804 0.2379 0.3923009 0.3923 0.8157257 0.8157 1.0000000 1.0000 1.0000000 245.3260 0.5258121 2.1220 1.0000000 1.0000 1.0 0.6666666666666667 0.3333333333333333 []
 | 33.3435 42.3062 24.6990 0.5234783 CCCCn1cncc1CNC(=O)[C@H](CC)n1nc(C)c(C)c1C 1 0.1900000 0.1900 0.2656199 0.2656 0.3923009 0.3923 0.7979695 0.7980 1.0000000 1.0000 1.0000000 331.4640 0.5487379 3.1234 1.0000000 1.0000 1.0 0.6666666666666667 0.3333333333333333 []
 | 23.2809 26.0805 43.3533 0.5424520 CS(=O)(=O)NCc1ccc(C(=O)NCc2cccs2)cc1 1 0.2550000 0.2550 0.2676155 0.2676 0.4358612 0.4359 0.7367509 0.7368 1.0000000 1.0000 1.0000000 324.4270 0.5212343 1.9228 1.0000000 1.0000 1.0 0.6666666666666667 0.3333333333333333 []
 | 22.8857 31.1340 38.6990 0.5455700 COc1ccccc1CNC(=O)[C@@H](C)N(C)Cc1ccccc1Cl 1 0.2300000 0.2300 0.3115010 0.3115 0.4208325 0.4208 0.7492939 0.7493 1.0000000 1.0000 1.0000000 346.8580 0.5307051 2.3352 1.0000000 1.0000 1.0 0.6666666666666667 0.3333333333333333 []
 | 31.9191 38.8713 27.6718 0.5198679 Cc1ccc2c(c1)oc(=O)n2CC(=O)Nc1ccn([C@H]2CCCC[C@H]2C)n1 1 0.1950000 0.1950 0.2390457 0.2390 0.3962007 0.3962 0.8022814 0.8023 1.0000000 1.0000 1.0000000 368.4370 0.5526234 3.2939 1.0000000 1.0000 1.0 0.6666666666666667 0.3333333333333333 []
 | 30.5498 30.3894 40.6579 0.5550565 Cc1ccc(Br)cc1C(=O)N[C@@H](C)CCC(N)=O 1 0.2950000 0.2950 0.2409901 0.2410 0.4560428 0.4560 0.7773003 0.7773 1.0000000 1.0000 1.0000000 313.1950 0.5316124 2.3747 1.0000000 1.0000 1.0 0.33333333333333337 0.6666666666666666 []
 | 20.2247 21.8385 -20.5029 0.0104346 CC(C)CNC[C@H](O)CO 1 0.2000000 0.2000 0.2982100 0.2982 0.4000000 0.4000 0.7161125 0.7161 1.0000000 1.0000 0.0000000 147.2180 0.5384244 2.6720 1.0000000 1.0000 1.0 0.6666666666666667 0.3333333333333333 []
 | 21.5930 27.9806 -5.1214 0.1785873 CC(Cc1ccc(O)cc1)C(=O)NCC(=O)O 1 0.3500000 0.3500 0.3247962 0.3248 0.4769696 0.4770 0.6752038 0.6752 0.0000000 0.0000 1.0000000 237.2550 0.5312732 2.3600 1.0000000 1.0000 1.0 0.6666666666666667 0.3333333333333333 []
 | 35.4432 41.4995 22.3034 0.4984595 Cc1cc(C(=O)N=c2sc(=O)n3n2[C@H](C)CC3)co1 1 0.1650000 0.1650 0.2300895 0.2301 0.3711805 0.3712 0.7822676 0.7823 1.0000000 1.0000 1.0000000 279.3210 0.5462878 3.9840 1.0000000 1.0000 1.0 1.0 0.0 []
 | 26.5847 32.4128 32.9280 0.5104753 CC[C@@H]1CCCCN1c1ncnc(Oc2ccccc2C)c1[N+](=O)[O-] 1 0.1750000 0.1750 0.2598889 0.2599 0.3799671 0.3800 0.7720196 0.7720 1.0000000 1.0000 1.0000000 342.3990 0.5426024 2.8547 1.0000000 1.0000 1.0 1.0 0.0 []
21:17:35 <INFO> Sampled SMILES [C@H]1(OCCNC(=O)[C@@H]2C[C@@H]32c2ccccc2CC3)CCS(=O)(C1)=O failed to sanitize.
21:17:35 <INFO> Sampled SMILES O=c1cc(nc(SCC(=O)Nc2sc3CCCc3c2C#N)c1C#N)C failed to sanitize.
21:17:39 <INFO> Score: 0.44 Agent NLL: 28.84 Valid:  97% Step: 84
 | Agent Prior Target Score SMILES SMILES_state predicted_activity predicted_activity (raw) training_similarity training_similarity (raw) uncertainty uncertainty (raw) novelty novelty (raw) stereo_validity stereo_validity (raw) MW_window MW_window (raw) synthetic_feasibility synthetic_feasibility (raw) curated alerts filter curated alerts filter (raw) scaffold_novelty (predicted_activity) taf_disrupted (predicted_activity) taf_consistency (predicted_activity) matchting_patterns (curated alerts filter)
 | 37.0176 40.3624 -40.3624 0.0000000 [C@H]1(OCCNC(=O)[C@@H]2C[C@@H]32c2ccccc2CC3)CCS(=O)(C1)=O 0 0.0000000 0.0000 0.0000000 0.0000 0.0000000 0.0000 0.0000000 0.0000 0.0000000 0.0000 0.0000000 0.0000 0.0000000 0.0000 0.0000000 0.0000 None None None None
 | 40.3933 41.7368 25.9918 0.5291301 CC[C@H]1CN(Cc2ccc(Br)o2)[C@H](CO)[C@@H]1c1ccc(Cl)cc1 1 0.2100000 0.2100 0.2741446 0.2741 0.4073082 0.4073 0.7393570 0.7394 1.0000000 1.0000 1.0000000 398.7280 0.5542161 3.6361 1.0000000 1.0000 1.0 0.33333333333333337 0.6666666666666666 []
 | 30.7382 29.5030 -29.1143 0.0030362 C1=CC2CC2C1=C1NCCS1 1 0.1850000 0.1850 0.1670383 0.1670 0.3882976 0.3883 0.8619869 0.8620 0.0000000 0.0000 0.0000000 165.2610 0.5299749 4.6966 1.0000000 1.0000 1.0 0.6666666666666667 0.3333333333333333 []
 | 35.4409 41.7594 30.5163 0.5646538 Cc1cccc([C@H](N)CNC(=O)Cc2c(C)c(C)c(C)[nH]c2=O)c1 1 0.3000000 0.3000 0.2737928 0.2738 0.4582576 0.4583 0.7576069 0.7576 1.0000000 1.0000 1.0000000 327.4280 0.5437459 2.9047 1.0000000 1.0000 1.0 0.6666666666666667 0.3333333333333333 []
 | 20.8617 27.7493 45.3405 0.5710141 C[C@@H](CNC(=O)c1cccs1)c1cccs1 1 0.3150000 0.3150 0.2909287 0.2909 0.4645159 0.4645 0.7424363 0.7424 1.0000000 1.0000 1.0000000 251.3760 0.5377373 2.6420 1.0000000 1.0000 1.0 0.6666666666666667 0.3333333333333333 []
 | 30.5820 31.6147 34.1696 0.5139405 COC(=O)c1ccc(CN(Cc2ccco2)C(=O)CC2CCCC2)o1 1 0.1650000 0.1650 0.3227486 0.3227 0.3711805 0.3712 0.7389815 0.7390 1.0000000 1.0000 1.0000000 345.3950 0.5314657 2.3683 1.0000000 1.0000 1.0 0.6666666666666667 0.3333333333333333 []
 | 31.2745 37.1088 31.8616 0.5388312 C[C@@H]1CCN(c2ccc(NC(=O)c3cc(Cl)ccc3Cl)cc2)[C@@H](C)C1 1 0.2700000 0.2700 0.2023622 0.2024 0.4439595 0.4440 0.8060855 0.8061 1.0000000 1.0000 1.0000000 377.3150 0.5395610 2.7217 1.0000000 1.0000 1.0 0.6666666666666667 0.3333333333333333 []
 | 31.6642 36.0258 27.4969 0.4962713 O=C(Nc1ccc2nnc(-c3ccsc3)n2n1)[C@@H]1C[C@H]2CC[C@H]1C2 1 0.2000000 0.2000 0.1480342 0.1480 0.4000000 0.4000 0.8632118 0.8632 1.0000000 1.0000 1.0000000 339.4240 0.5399930 4.2594 1.0000000 1.0000 1.0 0.6666666666666667 0.3333333333333333 []
 | 26.5329 32.1619 38.9152 0.5552901 C[C@@]1(c2ccccc2Cl)CC[C@H](C(=O)O)C1 1 0.2400000 0.2400 0.3716523 0.3717 0.4270831 0.4271 0.6821792 0.6822 1.0000000 1.0000 1.0000000 238.7140 0.5480875 3.0949 1.0000000 1.0000 1.0 1.0 0.0 []
 | 17.2929 22.4713 46.3114 0.5373649 NS(=O)(=O)c1ccc(CCNc2ncccn2)cc1 1 0.2450000 0.2450 0.2484709 0.2485 0.4300872 0.4301 0.7675047 0.7675 1.0000000 1.0000 1.0000000 278.3370 0.5221462 1.9624 1.0000000 1.0000 1.0 0.6666666666666667 0.3333333333333333 []
21:17:42 <INFO> Score: 0.47 Agent NLL: 28.48 Valid: 100% Step: 85
 | Agent Prior Target Score SMILES SMILES_state predicted_activity predicted_activity (raw) training_similarity training_similarity (raw) uncertainty uncertainty (raw) novelty novelty (raw) stereo_validity stereo_validity (raw) MW_window MW_window (raw) synthetic_feasibility synthetic_feasibility (raw) curated alerts filter curated alerts filter (raw) scaffold_novelty (predicted_activity) taf_disrupted (predicted_activity) taf_consistency (predicted_activity) matchting_patterns (curated alerts filter)
 | 27.6508 29.7014 37.9877 0.5288214 COCCCNc1ccc(C#Cc2cccs2)cc1 1 0.2150000 0.2150 0.2467838 0.2468 0.4108223 0.4108 0.7992612 0.7993 1.0000000 1.0000 1.0000000 271.3850 0.5300006 2.3045 1.0000000 1.0000 1.0 0.33333333333333337 0.6666666666666666 []
 | 25.3287 28.8754 34.9754 0.4988344 Nc1ncnc2c1CCN2c1cccc(F)c1 1 0.2000000 0.2000 0.1561738 0.1562 0.4000000 0.4000 0.8630008 0.8630 1.0000000 1.0000 1.0000000 230.2460 0.5317316 2.3799 1.0000000 1.0000 1.0 0.6666666666666667 0.3333333333333333 []
 | 23.8717 26.0425 40.4170 0.5192154 Cc1ccc(C)c(-c2csc(NC(=O)C3CCCCC3)n2)c1 1 0.2000000 0.2000 0.2273315 0.2273 0.4000000 0.4000 0.8329462 0.8329 1.0000000 1.0000 1.0000000 314.4540 0.5225628 1.9806 1.0000000 1.0000 1.0 0.6666666666666667 0.3333333333333333 []
 | 27.3395 38.2130 30.2762 0.5350721 CCOc1cc(C)c(C(=O)O[C@@H](C)C(=O)Nc2c(C)cccc2C)cc1OCC 1 0.2250000 0.2250 0.2835466 0.2835 0.4175823 0.4176 0.7304181 0.7304 1.0000000 1.0000 1.0000000 399.4870 0.5352363 2.5328 1.0000000 1.0000 1.0 0.33333333333333337 0.6666666666666666 []
 | 31.5029 35.4903 33.7680 0.5410806 CCOc1cccc(NC(=O)c2cnc(COc3ccc(C)cc3Br)s2)c1 1 0.2550000 0.2550 0.2507133 0.2507 0.4358612 0.4359 0.7561569 0.7562 1.0000000 1.0000 1.0000000 447.3540 0.5279999 2.2173 1.0000000 1.0000 1.0 0.33333333333333337 0.6666666666666666 []
 | 22.4792 22.6945 41.0030 0.4976364 N#Cc1cn(-c2ccc(F)cc2)nn1 1 0.2250000 0.2250 0.1210455 0.1210 0.4175823 0.4176 0.9067945 0.9068 1.0000000 1.0000 1.0000000 188.1650 0.5318083 2.3833 1.0000000 1.0000 1.0 0.6666666666666667 0.3333333333333333 []
 | 25.0065 24.8592 -24.4826 0.0029416 CCCC1CCC(F)NC1 1 0.1250000 0.1250 0.2467176 0.2467 0.3307189 0.3307 0.8156976 0.8157 0.0000000 0.0000 0.0000000 145.2210 0.5492648 3.8535 1.0000000 1.0000 1.0 0.6666666666666667 0.3333333333333333 []
 | 31.8710 32.3828 37.7329 0.5477791 O=C(NCCO)c1ccc(OC2CCN(c3cnc4ccccc4n3)CC2)nc1 1 0.2600000 0.2600 0.2908343 0.2908 0.4386342 0.4386 0.7091657 0.7092 1.0000000 1.0000 1.0000000 393.4470 0.5322824 2.4040 1.0000000 1.0000 1.0 0.6666666666666667 0.3333333333333333 []
 | 27.2898 33.2441 34.2190 0.5270554 CCn1nnnc1NCc1ncc(C(=O)O)o1 1 0.1950000 0.1950 0.2857953 0.2858 0.3962007 0.3962 0.7689267 0.7689 1.0000000 1.0000 1.0000000 238.2070 0.5431272 2.8777 1.0000000 1.0000 1.0 0.6666666666666667 0.3333333333333333 []
 | 28.6568 31.4012 32.8931 0.5022994 CCCn1cc(C(=O)N2C[C@@H](C)C[C@H]2C)c(C)n1 1 0.1600000 0.1600 0.2564946 0.2565 0.3666061 0.3666 0.7763932 0.7764 1.0000000 1.0000 1.0000000 249.3580 0.5514492 3.2423 1.0000000 1.0000 1.0 1.0 0.0 []
21:17:42 <INFO> Sampled SMILES c1ccc2c(cc(c(c2=O)[N+](=O)[O-])C(=O)OCC(=O)c2sc(Cl)cc2)c1 failed to sanitize.
21:17:46 <INFO> Score: 0.49 Agent NLL: 28.70 Valid:  98% Step: 86
 | Agent Prior Target Score SMILES SMILES_state predicted_activity predicted_activity (raw) training_similarity training_similarity (raw) uncertainty uncertainty (raw) novelty novelty (raw) stereo_validity stereo_validity (raw) MW_window MW_window (raw) synthetic_feasibility synthetic_feasibility (raw) curated alerts filter curated alerts filter (raw) scaffold_novelty (predicted_activity) taf_disrupted (predicted_activity) taf_consistency (predicted_activity) matchting_patterns (curated alerts filter)
 | 22.2650 27.5482 39.1657 0.5212023 Cc1cnc(NC(=O)CN(C)c2ccc(F)cc2)s1 1 0.2200000 0.2200 0.2170093 0.2170 0.4142463 0.4142 0.7920499 0.7920 1.0000000 1.0000 1.0000000 279.3400 0.5261891 2.1384 1.0000000 1.0000 1.0 0.6666666666666667 0.3333333333333333 []
 | 17.0056 21.4829 47.3924 0.5380883 C[C@H](NCc1ccco1)c1cccs1 1 0.2500000 0.2500 0.2262779 0.2263 0.4330127 0.4330 0.7996727 0.7997 1.0000000 1.0000 1.0000000 207.2980 0.5356145 2.5493 1.0000000 1.0000 1.0 0.6666666666666667 0.3333333333333333 []
 | 35.2115 44.5537 21.2722 0.5142643 Cc1cc([C@@H](C)c2ccc(F)cc2)oc1Cc1cc(Cl)ccc1Cl 1 0.2200000 0.2200 0.1740044 0.1740 0.4142463 0.4142 0.8459512 0.8460 1.0000000 1.0000 1.0000000 363.2590 0.5442363 2.9262 1.0000000 1.0000 1.0 1.0 0.0 []
 | 24.9749 28.4490 35.8808 0.5025771 Cc1cc(C#N)ccc1NCc1cc(N)ccc1F 1 0.2050000 0.2050 0.1538462 0.1538 0.4037016 0.4037 0.8947004 0.8947 1.0000000 1.0000 1.0000000 255.2960 0.5251004 2.0910 1.0000000 1.0000 1.0 0.33333333333333337 0.6666666666666666 []
 | 49.8553 53.0557 15.9136 0.5388228 COC(=O)[C@]1(CO)[C@H](O)[C@H](O)[C@H](C)[C@@H]1Nc1cc(O)ccc1C 1 0.2250000 0.2250 0.2988703 0.2989 0.4175823 0.4176 0.7273751 0.7274 1.0000000 1.0000 1.0000000 325.3610 0.5401728 4.2516 1.0000000 1.0000 1.0 0.33333333333333337 0.6666666666666666 []
 | 30.0970 34.8702 30.6447 0.5118351 C[C@H]1C[C@H](C)N(C(=O)c2ccc(Oc3ccc(C(N)=O)cc3)cc2)C1 1 0.1800000 0.1800 0.2507061 0.2507 0.3841875 0.3842 0.7837838 0.7838 1.0000000 1.0000 1.0000000 338.4070 0.5392025 2.7060 1.0000000 1.0000 1.0 0.6666666666666667 0.3333333333333333 []
 | 26.6505 27.5432 35.9731 0.4962207 Cc1cc2[nH]c(=O)cc(-c3ccc(F)cc3)n2n1 1 0.1900000 0.1900 0.1645225 0.1645 0.3923009 0.3923 0.8456967 0.8457 1.0000000 1.0000 1.0000000 243.2410 0.5374503 2.6295 1.0000000 1.0000 1.0 1.0 0.0 []
 | 30.8784 32.9483 33.0001 0.5152226 OB1OCc2ccc(OCCCCn3cncn3)cc21 1 0.1800000 0.1800 0.2532922 0.2533 0.3841875 0.3842 0.8060855 0.8061 1.0000000 1.0000 1.0000000 273.1010 0.5417975 2.8195 1.0000000 1.0000 1.0 1.0 0.0 []
 | 31.4040 34.8660 33.3704 0.5330973 CCn1cc(CNC(=O)[C@@H]2C[C@@H](C)CN2c2ccccc2)cn1 1 0.2150000 0.2150 0.2832116 0.2832 0.4108223 0.4108 0.7416587 0.7417 1.0000000 1.0000 1.0000000 312.4170 0.5462289 3.0134 1.0000000 1.0000 1.0 0.6666666666666667 0.3333333333333333 []
 | 21.1883 22.1315 43.7020 0.5143241 CNCc1ccc(-c2cncnc2)cc1 1 0.1950000 0.1950 0.2186433 0.2186 0.3962007 0.3962 0.8356010 0.8356 1.0000000 1.0000 1.0000000 199.2570 0.5210506 1.9148 1.0000000 1.0000 1.0 0.6666666666666667 0.3333333333333333 []
21:17:46 <INFO> Sampled SMILES c1cc(ccc1S(=O)(=O)=O)CNCc1sc(Br)cc1 failed to sanitize.
21:17:50 <INFO> Score: 0.51 Agent NLL: 27.98 Valid:  98% Step: 87
 | Agent Prior Target Score SMILES SMILES_state predicted_activity predicted_activity (raw) training_similarity training_similarity (raw) uncertainty uncertainty (raw) novelty novelty (raw) stereo_validity stereo_validity (raw) MW_window MW_window (raw) synthetic_feasibility synthetic_feasibility (raw) curated alerts filter curated alerts filter (raw) scaffold_novelty (predicted_activity) taf_disrupted (predicted_activity) taf_consistency (predicted_activity) matchting_patterns (curated alerts filter)
 | 22.6810 26.0272 42.2014 0.5330359 NC(=O)c1ccc(NCCc2cnc[nH]2)nc1 1 0.2600000 0.2600 0.1953545 0.1954 0.4386342 0.4386 0.8157257 0.8157 1.0000000 1.0000 1.0000000 231.2590 0.5307298 2.3363 1.0000000 1.0000 1.0 0.6666666666666667 0.3333333333333333 []
 | 21.2203 21.9341 42.3468 0.5021949 COc1ccc(CN(C)c2ccc(N)cc2)cc1 1 0.1650000 0.1650 0.2413793 0.2414 0.3711805 0.3712 0.8168312 0.8168 1.0000000 1.0000 1.0000000 242.3220 0.5162898 1.7077 1.0000000 1.0000 1.0 0.6666666666666667 0.3333333333333333 []
 | 20.3261 24.2071 46.2871 0.5507359 CC(=O)Nc1ccc(S(=O)(=O)N[C@H](C)C(=O)O)cc1 1 0.3000000 0.3000 0.2156656 0.2157 0.4582576 0.4583 0.7965666 0.7966 1.0000000 1.0000 1.0000000 286.3090 0.5284882 2.2386 1.0000000 1.0000 1.0 0.6666666666666667 0.3333333333333333 []
 | 25.9216 27.0930 43.5032 0.5515328 Cc1cc(NC(=O)c2cnc[nH]2)ccc1O 1 0.3200000 0.3200 0.1972027 0.1972 0.4664762 0.4665 0.8082012 0.8082 1.0000000 1.0000 1.0000000 217.2280 0.5272726 2.1856 1.0000000 1.0000 1.0 0.6666666666666667 0.3333333333333333 []
 | 31.7921 37.9430 30.8480 0.5374299 Nc1ccccc1-c1cnc(S(=O)(=O)Cc2ccsc2)[nH]1 1 0.2550000 0.2550 0.2256355 0.2256 0.4358612 0.4359 0.7743645 0.7744 1.0000000 1.0000 1.0000000 319.4110 0.5412363 2.7949 1.0000000 1.0000 1.0 0.6666666666666667 0.3333333333333333 []
 | 36.8580 32.9152 32.8492 0.5137845 COc1ccc(O)c(C(=O)N(C)Cc2cc(OC)c(OC)cc2Br)c1 1 0.1800000 0.1800 0.2578807 0.2579 0.3841875 0.3842 0.7970615 0.7971 1.0000000 1.0000 1.0000000 410.2640 0.5258880 2.1253 1.0000000 1.0000 1.0 0.6666666666666667 0.3333333333333333 []
 | 21.9079 26.5391 40.5490 0.5241263 CCn1cnnc1S[C@@H](C)c1cccc(F)c1 1 0.2350000 0.2350 0.1894662 0.1895 0.4239988 0.4240 0.8301584 0.8302 1.0000000 1.0000 1.0000000 251.3300 0.5410102 2.7851 1.0000000 1.0000 1.0 1.0 0.0 []
 | 30.3018 30.8119 40.1364 0.5542835 CN(C)c1ccc(NC(=O)c2ccnc(NC(=O)c3ccco3)n2)cc1 1 0.2850000 0.2850 0.2727978 0.2728 0.4514144 0.4514 0.7304213 0.7304 1.0000000 1.0000 1.0000000 351.3660 0.5276648 2.2027 1.0000000 1.0000 1.0 0.6666666666666667 0.3333333333333333 []
 | 20.5475 29.3446 41.0617 0.5500486 CCCC[C@H](CC)C(=O)N[C@@H](CC)Cc1ccccc1 1 0.2500000 0.2500 0.3612505 0.3613 0.4330127 0.4330 0.6387495 0.6387 1.0000000 1.0000 1.0000000 275.4360 0.5381832 2.6615 1.0000000 1.0000 1.0 0.6666666666666667 0.3333333333333333 []
 | 27.4364 32.6502 36.5176 0.5403732 Cc1ccccc1NS(=O)(=O)c1ccc(CNC(=O)CCCCC(=O)O)cc1 1 0.2550000 0.2550 0.2528903 0.2529 0.4358612 0.4359 0.7521592 0.7522 1.0000000 1.0000 1.0000000 404.4880 0.5205600 1.8934 1.0000000 1.0000 1.0 0.6666666666666667 0.3333333333333333 []
21:17:50 <INFO> Sampled SMILES C(OC(N[C@H](C(=O)Nc1ccc(-n2[nH]c(=S)cc2C)cc1)=O)=O)(C)C failed to sanitize.
21:17:53 <INFO> Score: 0.52 Agent NLL: 28.56 Valid:  98% Step: 88
 | Agent Prior Target Score SMILES SMILES_state predicted_activity predicted_activity (raw) training_similarity training_similarity (raw) uncertainty uncertainty (raw) novelty novelty (raw) stereo_validity stereo_validity (raw) MW_window MW_window (raw) synthetic_feasibility synthetic_feasibility (raw) curated alerts filter curated alerts filter (raw) scaffold_novelty (predicted_activity) taf_disrupted (predicted_activity) taf_consistency (predicted_activity) matchting_patterns (curated alerts filter)
 | 28.1320 31.7044 37.7792 0.5428409 CC[C@H](C)c1ccc(CNC(=O)CSc2nnc(-c3ccccc3)o2)cc1 1 0.2500000 0.2500 0.2789943 0.2790 0.4330127 0.4330 0.7210057 0.7210 1.0000000 1.0000 1.0000000 381.5010 0.5340284 2.4801 1.0000000 1.0000 1.0 0.6666666666666667 0.3333333333333333 []
 | 21.7421 23.9809 45.6010 0.5436089 N[C@@H](CCO)c1ccc(Br)c(F)c1 1 0.2800000 0.2800 0.2136969 0.2137 0.4489989 0.4490 0.7863031 0.7863 1.0000000 1.0000 1.0000000 248.0950 0.5386957 2.6839 1.0000000 1.0000 1.0 0.33333333333333337 0.6666666666666666 []
 | 30.4367 32.6368 34.8343 0.5271177 CCCCn1nc(C#N)c(C)c1/C=C/c1ccccc1 1 0.2150000 0.2150 0.2405351 0.2405 0.4108223 0.4108 0.7920499 0.7920 1.0000000 1.0000 1.0000000 265.3600 0.5379805 2.6527 1.0000000 1.0000 1.0 0.6666666666666667 0.3333333333333333 []
 | 33.5174 39.5904 27.6028 0.5249466 Cc1ccc(Cl)c(CN[C@](C)(C(=O)O)c2nccs2)c1 1 0.2200000 0.2200 0.2273315 0.2273 0.4142463 0.4142 0.7794356 0.7794 1.0000000 1.0000 1.0000000 310.8060 0.5461380 3.0095 1.0000000 1.0000 1.0 0.6666666666666667 0.3333333333333333 []
 | 31.1996 32.7453 29.6213 0.4872395 Cn1ncc(I)c1-c1cnc(C#N)c(F)c1 1 0.1650000 0.1650 0.1601282 0.1601 0.3711805 0.3712 0.8958842 0.8959 1.0000000 1.0000 1.0000000 328.0880 0.5484806 3.1121 1.0000000 1.0000 1.0 0.6666666666666667 0.3333333333333333 []
 | 27.8834 29.2595 39.8538 0.5399481 O=C(Cc1ccon1)c1cc2ccccc2s1 1 0.2500000 0.2500 0.2507061 0.2507 0.4330127 0.4330 0.7567568 0.7568 1.0000000 1.0000 1.0000000 243.2870 0.5343668 2.4949 1.0000000 1.0000 1.0 1.0 0.0 []
 | 26.2410 28.2763 42.3568 0.5518209 O=C(Nc1ccn[nH]1)c1cncc(B(O)O)c1 1 0.3200000 0.3200 0.1934478 0.1934 0.4664762 0.4665 0.8065522 0.8066 1.0000000 1.0000 1.0000000 232.0080 0.5440078 2.9162 1.0000000 1.0000 1.0 0.6666666666666667 0.3333333333333333 []
 | 32.8934 32.9017 27.2693 0.4700860 Clc1ccc(CN2CCN(C[C@@H]3CCCSC3)CC2)s1 1 0.1200000 0.1200 0.2148345 0.2148 0.3249615 0.3250 0.8420506 0.8421 1.0000000 1.0000 1.0000000 330.9500 0.5452005 2.9684 1.0000000 1.0000 1.0 1.0 0.0 []
 | 25.4355 29.5899 41.2197 0.5531997 Cc1ccc(-c2cc(C(=O)O)c(NC(=O)c3cccs3)s2)cc1 1 0.3050000 0.3050 0.2292273 0.2292 0.4604074 0.4604 0.7716942 0.7717 1.0000000 1.0000 1.0000000 343.4290 0.5251383 2.0927 1.0000000 1.0000 1.0 0.6666666666666667 0.3333333333333333 []
 | 26.1280 28.2012 40.4456 0.5363030 O=C(NCc1ccc(Cl)cc1)C(=O)NCc1cccc(F)c1 1 0.2400000 0.2400 0.2654659 0.2655 0.4270831 0.4271 0.7424363 0.7424 1.0000000 1.0000 1.0000000 320.7510 0.5168384 1.7316 1.0000000 1.0000 1.0 0.6666666666666667 0.3333333333333333 []
21:17:54 <INFO> Sampled SMILES c1(Cl)c(Cl)cc(COc2c(cc(cc2)/C=c2\sc3n([C@H](CC=C)CC(=O)N3)c2=O)Cl)c1Cl failed to sanitize.
21:17:57 <INFO> Score: 0.49 Agent NLL: 30.38 Valid:  98% Step: 89
 | Agent Prior Target Score SMILES SMILES_state predicted_activity predicted_activity (raw) training_similarity training_similarity (raw) uncertainty uncertainty (raw) novelty novelty (raw) stereo_validity stereo_validity (raw) MW_window MW_window (raw) synthetic_feasibility synthetic_feasibility (raw) curated alerts filter curated alerts filter (raw) scaffold_novelty (predicted_activity) taf_disrupted (predicted_activity) taf_consistency (predicted_activity) matchting_patterns (curated alerts filter)
 | 31.2125 35.2940 35.0942 0.5499072 Cc1ccc(-c2ncc(C(=O)N[C@@H](C)c3ccc(F)c(F)c3)s2)o1 1 0.2900000 0.2900 0.2272843 0.2273 0.4537621 0.4538 0.7727157 0.7727 1.0000000 1.0000 1.0000000 348.3740 0.5419405 2.8257 1.0000000 1.0000 1.0 0.6666666666666667 0.3333333333333333 []
 | 25.6044 28.4233 41.8462 0.5489806 COC(=O)c1ccccc1NC(=O)c1cccc(S(=O)(=O)N(C)c2ccccc2)c1 1 0.2750000 0.2750 0.2666324 0.2666 0.4465143 0.4465 0.7333676 0.7334 1.0000000 1.0000 1.0000000 424.4780 0.5214619 1.9327 1.0000000 1.0000 1.0 0.33333333333333337 0.6666666666666666 []
 | 20.8158 24.3543 40.9223 0.5099740 CCOC(=O)c1ccc(NCc2ccc(Cl)s2)cc1 1 0.1850000 0.1850 0.2467838 0.2468 0.3882976 0.3883 0.7705843 0.7706 1.0000000 1.0000 1.0000000 295.7910 0.5197067 1.8563 1.0000000 1.0000 1.0 0.33333333333333337 0.6666666666666666 []
 | 23.6534 26.2569 43.0860 0.5417409 O=C(O)c1ccccc1Nc1ncc(Cl)cn1 1 0.2550000 0.2550 0.2657424 0.2657 0.4358612 0.4359 0.7342576 0.7343 1.0000000 1.0000 1.0000000 249.6570 0.5220287 1.9573 1.0000000 1.0000 1.0 0.6666666666666667 0.3333333333333333 []
 | 24.9418 25.1416 40.5910 0.5135363 CN(Cc1cc(=O)n2cc(Cl)ccc2n1)CC1CCCCC1 1 0.1650000 0.1650 0.2857315 0.2857 0.3711805 0.3712 0.8060855 0.8061 1.0000000 1.0000 1.0000000 319.8360 0.5313187 2.3619 1.0000000 1.0000 1.0 1.0 0.0 []
 | 24.5635 29.6294 35.9669 0.5124711 CCCC[C@@]1(C)NC(=O)N(CC(=O)O[C@H](C)C#N)C1=O 1 0.1650000 0.1650 0.3096116 0.3096 0.3711805 0.3712 0.7304181 0.7304 1.0000000 1.0000 1.0000000 281.3120 0.5540421 3.3562 1.0000000 1.0000 1.0 0.0 1.0 []
 | 33.5900 37.7490 30.1436 0.5304110 CCOC(=O)N(CC)c1cnc2c(c1)CCCc1ccccc1-2 1 0.2150000 0.2150 0.2698162 0.2698 0.4108223 0.4108 0.7576069 0.7576 1.0000000 1.0000 1.0000000 310.3970 0.5336042 2.4616 1.0000000 1.0000 1.0 0.6666666666666667 0.3333333333333333 []
 | 35.7353 36.1856 31.7136 0.5304620 CC(=O)C[C@H]1CCCN1c1cccnc1C(=O)O 1 0.1900000 0.1900 0.3334278 0.3334 0.3923009 0.3923 0.7317073 0.7317 1.0000000 1.0000 1.0000000 248.2820 0.5435207 2.8949 1.0000000 1.0000 1.0 1.0 0.0 []
 | 26.8153 31.8043 37.5325 0.5416932 CCCCCCNC(=O)[C@@H](C)c1cccc(F)c1F 1 0.2200000 0.2200 0.3358094 0.3358 0.4142463 0.4142 0.7093809 0.7094 1.0000000 1.0000 1.0000000 269.3350 0.5341009 2.4833 1.0000000 1.0000 1.0 0.6666666666666667 0.3333333333333333 []
 | 24.8469 31.0022 35.8590 0.5223528 Cc1cc(=O)n(C)c(N[C@@H](C)c2ccc(F)cc2)n1 1 0.2350000 0.2350 0.1831688 0.1832 0.4239988 0.4240 0.8378379 0.8378 1.0000000 1.0000 1.0000000 261.3000 0.5377575 2.6429 1.0000000 1.0000 1.0 0.6666666666666667 0.3333333333333333 []
21:17:57 <INFO> Sampled SMILES n1ccc(CNC([C@@H]2Oc3ccc(cc3C2)Cl)=O)c1 failed to sanitize.
21:18:01 <INFO> Score: 0.50 Agent NLL: 27.92 Valid:  98% Step: 90
 | Agent Prior Target Score SMILES SMILES_state predicted_activity predicted_activity (raw) training_similarity training_similarity (raw) uncertainty uncertainty (raw) novelty novelty (raw) stereo_validity stereo_validity (raw) MW_window MW_window (raw) synthetic_feasibility synthetic_feasibility (raw) curated alerts filter curated alerts filter (raw) scaffold_novelty (predicted_activity) taf_disrupted (predicted_activity) taf_consistency (predicted_activity) matchting_patterns (curated alerts filter)
 | 29.2444 34.9681 37.1916 0.5637477 CCC[C@H](NC(=O)[C@H](CC)NC(=O)c1ccc(Br)s1)C(=O)O 1 0.3000000 0.3000 0.2903800 0.2904 0.4582576 0.4583 0.7175771 0.7176 1.0000000 1.0000 1.0000000 391.2870 0.5443860 2.9327 1.0000000 1.0000 1.0 0.33333333333333337 0.6666666666666666 []
 | 26.3531 31.6265 37.7418 0.5419401 NCc1ccc(-c2ccc(NC(=O)c3cccs3)nc2)cc1 1 0.2550000 0.2550 0.2619790 0.2620 0.4358612 0.4359 0.7432519 0.7433 1.0000000 1.0000 1.0000000 309.3940 0.5225983 1.9821 1.0000000 1.0000 1.0 0.6666666666666667 0.3333333333333333 []
 | 27.9077 30.9440 27.6685 0.4579101 Cc1ncn([C@@H]2C[C@@H](C)[C@@H]3CCO[C@@H]32)n1 1 0.1150000 0.1150 0.1892583 0.1893 0.3190219 0.3190 0.8438262 0.8438 1.0000000 1.0000 1.0000000 207.2770 0.5352101 4.4683 1.0000000 1.0000 1.0 1.0 0.0 []
 | 29.4596 28.7056 34.5470 0.4941604 CCc1c(CCC=O)c(C)cc(C)c1OC 1 0.1300000 0.1300 0.3001668 0.3002 0.3363034 0.3363 0.8094998 0.8095 1.0000000 1.0000 1.0000000 220.3120 0.5357604 2.5557 1.0000000 1.0000 1.0 1.0 0.0 []
 | 25.5656 29.1115 38.5024 0.5282338 CCCCCc1nnc(NC(=O)c2ccc(S(=O)(=O)CC)cc2)s1 1 0.2050000 0.2050 0.2835466 0.2835 0.4037016 0.4037 0.7573762 0.7574 1.0000000 1.0000 1.0000000 367.4960 0.5255855 2.1121 1.0000000 1.0000 1.0 0.6666666666666667 0.3333333333333333 []
 | 45.4017 49.2212 11.1174 0.4713955 C=CCN(OC)[C@H]1CC[C@H]2CC[C@@H](C1)N2C(=O)c1cnc(C)cn1 1 0.1000000 0.1000 0.3346581 0.3347 0.3000000 0.3000 0.7727157 0.7727 1.0000000 1.0000 1.0000000 330.4320 0.5311622 4.6449 1.0000000 1.0000 1.0 1.0 0.0 []
 | 32.9459 36.0810 27.0740 0.4933982 CCCNc1cc(S(=O)(=O)Nc2ccncc2)ccc1C=O 1 0.1750000 0.1750 0.1825742 0.1826 0.3799671 0.3800 0.8363366 0.8363 1.0000000 1.0000 1.0000000 319.3860 0.5296511 2.2892 1.0000000 1.0000 1.0 0.6666666666666667 0.3333333333333333 []
 | 25.9412 31.4082 36.7830 0.5327437 CC[C@H]1C[C@@H]1C(=O)NCc1cn2ccccc2n1 1 0.2200000 0.2200 0.2558140 0.2558 0.4142463 0.4142 0.7743645 0.7744 1.0000000 1.0000 1.0000000 243.3100 0.5501878 3.1870 1.0000000 1.0000 1.0 0.6666666666666667 0.3333333333333333 []
 | 33.8133 39.3696 27.7351 0.5242562 Cc1nnsc1C(=O)Nc1cccc(-c2ccc3c(c2)CSCC3)c1 1 0.2400000 0.2400 0.1838290 0.1838 0.4270831 0.4271 0.8372533 0.8373 1.0000000 1.0000 1.0000000 367.4990 0.5353101 2.5361 1.0000000 1.0000 1.0 0.6666666666666667 0.3333333333333333 []
 | 27.1938 34.2042 37.5607 0.5606630 Cc1cccc(OCC(=O)N[C@H](C)[C@H](C)Cc2ccccc2)c1C 1 0.2800000 0.2800 0.3551424 0.3551 0.4489989 0.4490 0.6448576 0.6449 1.0000000 1.0000 1.0000000 325.4520 0.5376803 2.6395 1.0000000 1.0000 1.0 0.6666666666666667 0.3333333333333333 []
21:18:01 <INFO> Sampled SMILES O(c1cccc2c1c(=O)nc(CC)n2)CCCO failed to sanitize.
21:18:01 <INFO> Sampled SMILES c12[nH]c(ccc2c(=O)n(CCCC(=O)OCC)c1C)=O failed to sanitize.
21:18:01 <INFO> Sampled SMILES c12CC[C@@H]3[C@H](c2c(NC(=O)c2ccc(cc2)S(=O)(=O)C(C)C)sc3C)co1 failed to sanitize.
21:18:05 <INFO> Score: 0.42 Agent NLL: 28.85 Valid:  95% Step: 91
 | Agent Prior Target Score SMILES SMILES_state predicted_activity predicted_activity (raw) training_similarity training_similarity (raw) uncertainty uncertainty (raw) novelty novelty (raw) stereo_validity stereo_validity (raw) MW_window MW_window (raw) synthetic_feasibility synthetic_feasibility (raw) curated alerts filter curated alerts filter (raw) scaffold_novelty (predicted_activity) taf_disrupted (predicted_activity) taf_consistency (predicted_activity) matchting_patterns (curated alerts filter)
 | 32.7623 34.5222 32.9567 0.5271789 Cc1c(C=C(C#N)C(N)=O)c2ccccc2n1Cc1cc(Br)cs1 1 0.2200000 0.2200 0.2317618 0.2318 0.4142463 0.4142 0.7948177 0.7948 1.0000000 1.0000 1.0000000 400.3010 0.5382537 2.6646 1.0000000 1.0000 1.0 0.33333333333333337 0.6666666666666666 []
 | 27.3078 30.4972 34.7022 0.5093700 CS(=O)(=O)c1nc(-c2cc(Cl)cc(Cl)c2)sc1N 1 0.2250000 0.2250 0.1515848 0.1516 0.4175823 0.4176 0.8709006 0.8709 1.0000000 1.0000 1.0000000 323.2260 0.5391511 2.7038 1.0000000 1.0000 1.0 0.6666666666666667 0.3333333333333333 []
 | 29.4902 28.2084 38.8057 0.5235472 CC(=O)Nc1ccc(N(Cc2ccc(F)cc2)S(=O)(=O)c2ccc(Cl)cc2)cc1 1 0.2150000 0.2150 0.2273315 0.2273 0.4108223 0.4108 0.8094841 0.8095 1.0000000 1.0000 1.0000000 432.9040 0.5215709 1.9374 1.0000000 1.0000 1.0 0.6666666666666667 0.3333333333333333 []
 | 24.0851 23.4060 -4.5136 0.1475970 Cn1cncc1CC1CCCC1N 1 0.1350000 0.1350 0.1956559 0.1957 0.3417236 0.3417 0.8619606 0.8620 0.0000000 0.0000 1.0000000 179.2670 0.5559994 3.4423 1.0000000 1.0000 1.0 0.6666666666666667 0.3333333333333333 []
 | 33.8685 36.8426 33.0795 0.5462665 O=C(CN1Cc2ccccc2[C@H]1C(=O)O)NCc1ccc(F)c(F)c1 1 0.2550000 0.2550 0.2877607 0.2878 0.4358612 0.4359 0.7122393 0.7122 1.0000000 1.0000 1.0000000 346.3330 0.5386752 2.6830 1.0000000 1.0000 1.0 0.6666666666666667 0.3333333333333333 []
 | 31.3394 33.0458 -12.3774 0.1614721 CCC(C)(C)C(=O)NC1CSc2ccc(F)cc21 1 0.2100000 0.2100 0.2280126 0.2280 0.4073082 0.4073 0.8004069 0.8004 0.0000000 0.0000 1.0000000 267.3690 0.5485353 3.1145 1.0000000 1.0000 1.0 0.6666666666666667 0.3333333333333333 []
 | 26.8741 24.0895 -1.7599 0.1744501 O=C(Cc1cccnc1)C1CCNC1 1 0.2750000 0.2750 0.3304136 0.3304 0.4465143 0.4465 0.7260017 0.7260 0.0000000 0.0000 1.0000000 190.2460 0.5399297 2.7378 1.0000000 1.0000 1.0 0.6666666666666667 0.3333333333333333 []
 | 23.8232 24.0378 -22.7256 0.0102516 O=C1C[C@@H]1c1ccsc1 1 0.1950000 0.1950 0.2330745 0.2331 0.3962007 0.3962 0.7897001 0.7897 1.0000000 1.0000 0.0000000 138.1910 0.5478357 3.0839 1.0000000 1.0000 1.0 1.0 0.0 []
 | 27.1657 33.1165 34.5676 0.5287822 Cc1cc(=O)n2c(N3CCC[C@H](C(N)=O)C3)c(C)sc2n1 1 0.2250000 0.2250 0.2190343 0.2190 0.4175823 0.4176 0.8115664 0.8116 1.0000000 1.0000 1.0000000 306.3910 0.5515722 3.2477 1.0000000 1.0000 1.0 0.6666666666666667 0.3333333333333333 []
 | 27.8408 28.9231 -9.4340 0.1522582 Cc1cc(N2CCCC(COc3cccnc3)C2)ncn1 1 0.1250000 0.1250 0.3195048 0.3195 0.3307189 0.3307 0.7971243 0.7971 0.0000000 0.0000 1.0000000 284.3630 0.5402785 2.7531 1.0000000 1.0000 1.0 1.0 0.0 []
21:18:09 <INFO> Score: 0.46 Agent NLL: 28.04 Valid: 100% Step: 92
 | Agent Prior Target Score SMILES SMILES_state predicted_activity predicted_activity (raw) training_similarity training_similarity (raw) uncertainty uncertainty (raw) novelty novelty (raw) stereo_validity stereo_validity (raw) MW_window MW_window (raw) synthetic_feasibility synthetic_feasibility (raw) curated alerts filter curated alerts filter (raw) scaffold_novelty (predicted_activity) taf_disrupted (predicted_activity) taf_consistency (predicted_activity) matchting_patterns (curated alerts filter)
 | 30.8439 31.9755 37.7662 0.5448567 CC[C@@H](Oc1ccc(C)cc1)C(=O)NCCNC(=O)c1cc(OC)cc(OC)c1 1 0.2250000 0.2250 0.3115010 0.3115 0.4175823 0.4176 0.7573762 0.7574 1.0000000 1.0000 1.0000000 400.4750 0.5349790 2.5216 1.0000000 1.0000 1.0 0.6666666666666667 0.3333333333333333 []
 | 27.1108 28.1628 44.4287 0.5671209 CCOc1ccccc1CNC(=O)c1ccnc(OCc2ccccc2)c1 1 0.3000000 0.3000 0.4076610 0.4077 0.4582576 0.4583 0.5923390 0.5923 1.0000000 1.0000 1.0000000 362.4290 0.5208814 1.9074 1.0000000 1.0000 1.0 0.6666666666666667 0.3333333333333333 []
 | 25.7122 30.1080 39.8603 0.5466272 O=C(Cc1ccc(-c2ccccc2F)cc1)NCCc1ccsc1 1 0.2750000 0.2750 0.2507061 0.2507 0.4465143 0.4465 0.7492939 0.7493 1.0000000 1.0000 1.0000000 339.4350 0.5210182 1.9133 1.0000000 1.0000 1.0 0.6666666666666667 0.3333333333333333 []
 | 26.8162 28.7883 37.6817 0.5192968 Cc1ccc(CS(=O)(=O)c2ccccc2N)c(F)c1 1 0.2000000 0.2000 0.2375836 0.2376 0.4000000 0.4000 0.8054805 0.8055 1.0000000 1.0000 1.0000000 279.3360 0.5237085 2.0304 1.0000000 1.0000 1.0 0.6666666666666667 0.3333333333333333 []
 | 36.8398 37.9308 -17.2439 0.1616161 Cc1onc(-c2ccccc2Cl)c1C(=O)N1CCCCC1c1ccnc(Oc2ccccc2)n1 1 0.2000000 0.2000 0.2689822 0.2690 0.4000000 0.4000 0.7514521 0.7515 0.0000000 0.0000 1.0000000 474.9480 0.5463821 3.0202 1.0000000 1.0000 1.0 1.0 0.0 []
 | 25.5912 27.5407 39.4106 0.5230575 CN=C(NCc1ccc(C)s1)NCc1ccccc1S(=O)(=O)N(C)C 1 0.2100000 0.2100 0.2500646 0.2501 0.4073082 0.4073 0.7549285 0.7549 1.0000000 1.0000 1.0000000 380.5390 0.5370154 2.6105 1.0000000 1.0000 1.0 0.6666666666666667 0.3333333333333333 []
 | 22.3539 24.8881 40.5323 0.5110966 CCc1nccn1-c1ccc(NC(=O)CN)cc1 1 0.1950000 0.1950 0.2193634 0.2194 0.3962007 0.3962 0.7992612 0.7993 1.0000000 1.0000 1.0000000 244.2980 0.5252479 2.0974 1.0000000 1.0000 1.0 0.6666666666666667 0.3333333333333333 []
 | 35.0244 39.1842 29.0778 0.5332969 CCOC(=O)c1c(C)c(O)n(C)c1Cc1ccc(Cl)cc1F 1 0.2300000 0.2300 0.2519763 0.2520 0.4208325 0.4208 0.7628292 0.7628 1.0000000 1.0000 1.0000000 325.7670 0.5370907 2.6138 1.0000000 1.0000 1.0 0.6666666666666667 0.3333333333333333 []
 | 23.8324 28.1534 39.7913 0.5308177 O=C(O)c1nc(-c2cscc2Cl)cs1 1 0.2450000 0.2450 0.2101051 0.2101 0.4300872 0.4301 0.7898949 0.7899 1.0000000 1.0000 1.0000000 245.7120 0.5434667 2.8925 1.0000000 1.0000 1.0 1.0 0.0 []
 | 27.2951 29.7523 39.1706 0.5384596 NS(=O)(=O)c1ccc(NC(=O)c2ccnc(F)c2)cn1 1 0.2900000 0.2900 0.1819563 0.1820 0.4537621 0.4538 0.8180437 0.8180 1.0000000 1.0000 1.0000000 296.2830 0.5301297 2.3101 1.0000000 1.0000 1.0 0.6666666666666667 0.3333333333333333 []
21:18:13 <INFO> Score: 0.47 Agent NLL: 28.36 Valid: 100% Step: 93
 | Agent Prior Target Score SMILES SMILES_state predicted_activity predicted_activity (raw) training_similarity training_similarity (raw) uncertainty uncertainty (raw) novelty novelty (raw) stereo_validity stereo_validity (raw) MW_window MW_window (raw) synthetic_feasibility synthetic_feasibility (raw) curated alerts filter curated alerts filter (raw) scaffold_novelty (predicted_activity) taf_disrupted (predicted_activity) taf_consistency (predicted_activity) matchting_patterns (curated alerts filter)
 | 24.8753 29.3436 34.0859 0.4955429 O=c1ccncn1CCCNCc1ccc(-n2ccnc2)cc1 1 0.1850000 0.1850 0.1775712 0.1776 0.3882976 0.3883 0.8224288 0.8224 1.0000000 1.0000 1.0000000 309.3730 0.5307117 2.3355 1.0000000 1.0000 1.0 0.6666666666666667 0.3333333333333333 []
 | 27.8707 30.5379 30.6722 0.4782043 C[C@H]1CCCN(C(=O)CCn2cc(Cl)cn2)[C@H]1C 1 0.1350000 0.1350 0.2070197 0.2070 0.3417236 0.3417 0.8309692 0.8310 1.0000000 1.0000 1.0000000 269.7760 0.5497098 3.1660 1.0000000 1.0000 1.0 1.0 0.0 []
 | 27.4670 32.7471 36.7311 0.5427980 C[C@H]1C[C@@H](C#N)CN1C(=O)CCN1C(=O)c2ccccc2C1=O 1 0.2400000 0.2400 0.2790698 0.2791 0.4270831 0.4271 0.7380210 0.7380 1.0000000 1.0000 1.0000000 311.3410 0.5502980 3.1918 1.0000000 1.0000 1.0 0.6666666666666667 0.3333333333333333 []
 | 40.3598 47.3015 21.7760 0.5396679 CCc1ccc(C(=O)N2C[C@H](C=Cc3ccccc3)[C@@H](C)[C@]2(C)C(=O)O)cc1 1 0.2050000 0.2050 0.3301691 0.3302 0.4037016 0.4037 0.7389815 0.7390 1.0000000 1.0000 1.0000000 377.4840 0.5569521 3.5158 1.0000000 1.0000 1.0 1.0 0.0 []
 | 28.6512 30.3708 36.3276 0.5210815 O=C(O)C(=O)c1ccc(CN2CCSC2)cc1 1 0.2100000 0.2100 0.2389193 0.2389 0.4073082 0.4073 0.7710545 0.7711 1.0000000 1.0000 1.0000000 251.3070 0.5291881 2.2691 1.0000000 1.0000 1.0 1.0 0.0 []
 | 30.6062 30.3814 36.5346 0.5227812 O=C(O)c1ccc(S(=O)(=O)N2CCc3ccsc3C2)c(F)c1 1 0.2400000 0.2400 0.1839202 0.1839 0.4270831 0.4271 0.8265114 0.8265 1.0000000 1.0000 1.0000000 341.3850 0.5318859 2.3867 1.0000000 1.0000 1.0 1.0 0.0 []
 | 31.9573 32.4490 33.5217 0.5153957 O=S(=O)(NCCNc1ccc2c(n1)CCCC2)c1ccc2ccccc2c1 1 0.2200000 0.2200 0.1862481 0.1862 0.4142463 0.4142 0.8284499 0.8284 1.0000000 1.0000 1.0000000 381.5010 0.5294776 2.2817 1.0000000 1.0000 1.0 0.6666666666666667 0.3333333333333333 []
 | 41.4634 42.2900 26.8766 0.5403645 Cc1ccnn2cc(CNC(=O)c3cc(COc4cc(F)ccc4F)[nH]n3)nc12 1 0.2500000 0.2500 0.2546858 0.2547 0.4330127 0.4330 0.7453142 0.7453 1.0000000 1.0000 1.0000000 398.3730 0.5412109 2.7938 1.0000000 1.0000 1.0 0.6666666666666667 0.3333333333333333 []
 | 26.2339 29.9388 38.4063 0.5339461 COCc1ccc(C(=O)Nc2cc(C#N)cc(C(F)(F)F)c2)o1 1 0.2300000 0.2300 0.2680281 0.2680 0.4208325 0.4208 0.7389815 0.7390 1.0000000 1.0000 1.0000000 324.2580 0.5307610 2.3376 1.0000000 1.0000 1.0 0.33333333333333337 0.6666666666666666 []
 | 38.1362 40.1408 -40.1408 0.0000000 N#Cc1ccc(OCc2nnc3n2-c2ccccc2COc2ccccc2-3)c(Cl)c1 1 0.0000000 0.0000 0.0000000 0.0000 0.0000000 0.0000 0.0000000 0.0000 0.0000000 0.0000 0.0000000 0.0000 0.0000000 0.0000 0.0000000 0.0000 None None None ['[*;r{8-17}]']
21:18:13 <INFO> Sampled SMILES [C@@H](c1cc2n(CCC2)n1)(=O)c1cc(C)c(C)cc1 failed to sanitize.
21:18:16 <INFO> Score: 0.46 Agent NLL: 28.26 Valid:  98% Step: 94
 | Agent Prior Target Score SMILES SMILES_state predicted_activity predicted_activity (raw) training_similarity training_similarity (raw) uncertainty uncertainty (raw) novelty novelty (raw) stereo_validity stereo_validity (raw) MW_window MW_window (raw) synthetic_feasibility synthetic_feasibility (raw) curated alerts filter curated alerts filter (raw) scaffold_novelty (predicted_activity) taf_disrupted (predicted_activity) taf_consistency (predicted_activity) matchting_patterns (curated alerts filter)
 | 23.2141 23.1197 -21.8112 0.0102230 CC(=O)N(C(C)=O)C(N)=S 1 0.2200000 0.2200 0.1825742 0.1826 0.4142463 0.4142 0.8174258 0.8174 1.0000000 1.0000 0.0000000 160.1980 0.5488301 3.1274 1.0000000 1.0000 1.0 0.6666666666666667 0.3333333333333333 []
 | 33.7156 39.3150 24.3909 0.4977022 C[C@@H]1C=CC2=C3C=CCC[C@H]3C[C@H]2[C@H]1C(=O)O 1 0.1750000 0.1750 0.2033314 0.2033 0.3799671 0.3800 0.8082012 0.8082 1.0000000 1.0000 1.0000000 230.3070 0.5334667 4.5444 1.0000000 1.0000 1.0 1.0 0.0 []
 | 22.3807 23.7681 42.9005 0.5208478 Clc1ccc(Nc2ncccn2)c(Cl)c1 1 0.2350000 0.2350 0.1837692 0.1838 0.4239988 0.4240 0.8387935 0.8388 1.0000000 1.0000 1.0000000 240.0930 0.5203668 1.8850 1.0000000 1.0000 1.0 0.6666666666666667 0.3333333333333333 []
 | 27.6088 29.2608 40.0000 0.5410995 C[C@H](NC(=O)COc1ccccc1)C(=O)N1CCC[C@H]1C(=O)O 1 0.2350000 0.2350 0.3185930 0.3186 0.4239988 0.4240 0.6814070 0.6814 1.0000000 1.0000 1.0000000 320.3450 0.5366285 2.5936 1.0000000 1.0000 1.0 0.6666666666666667 0.3333333333333333 []
 | 25.5876 28.8049 35.5959 0.5031316 O=C(Cn1ccnc1)Nc1cc(S(=O)(=O)N2CCCCC2)ccc1Cl 1 0.2150000 0.2150 0.1524986 0.1525 0.4108223 0.4108 0.8590866 0.8591 1.0000000 1.0000 1.0000000 382.8730 0.5268447 2.1670 1.0000000 1.0000 1.0 0.6666666666666667 0.3333333333333333 []
 | 32.1674 34.2038 30.5370 0.5057881 Cc1cc2c(C(=O)O)c(-c3ccc(F)c(F)c3)oc2c(C)c1C 1 0.1850000 0.1850 0.2197738 0.2198 0.3882976 0.3883 0.7894007 0.7894 1.0000000 1.0000 1.0000000 316.3030 0.5318099 2.3834 1.0000000 1.0000 1.0 1.0 0.0 []
 | 32.4313 33.2860 32.4574 0.5136208 CC(=O)NCCNc1ncnc(N)c1OC(F)(F)F 1 0.1950000 0.1950 0.2222392 0.2222 0.3962007 0.3962 0.8024541 0.8025 1.0000000 1.0000 1.0000000 279.2220 0.5381684 2.6609 1.0000000 1.0000 1.0 0.6666666666666667 0.3333333333333333 []
 | 25.2215 29.2733 40.5246 0.5452959 Cc1cc(NC(=O)c2ccccc2Cl)sc1S(N)(=O)=O 1 0.2900000 0.2900 0.2105993 0.2106 0.4537621 0.4538 0.7894007 0.7894 1.0000000 1.0000 1.0000000 330.8180 0.5302299 2.3145 1.0000000 1.0000 1.0 0.6666666666666667 0.3333333333333333 []
 | 22.6069 28.1181 39.9440 0.5317355 C[C@@H](NC(=O)c1ccc2c(c1)CCC2)c1nccn1C 1 0.2500000 0.2500 0.2062157 0.2062 0.4330127 0.4330 0.7994351 0.7994 1.0000000 1.0000 1.0000000 269.3480 0.5357460 2.5551 1.0000000 1.0000 1.0 0.6666666666666667 0.3333333333333333 []
 | 25.6744 32.6213 40.9877 0.5750708 C[C@@H](NC(=O)c1cc(-c2ccccc2)no1)c1cccc(C(=O)O)c1 1 0.3450000 0.3450 0.2974089 0.2974 0.4753683 0.4754 0.7025911 0.7026 1.0000000 1.0000 1.0000000 336.3470 0.5330300 2.4366 1.0000000 1.0000 1.0 0.6666666666666667 0.3333333333333333 []
21:18:20 <INFO> Score: 0.50 Agent NLL: 28.53 Valid: 100% Step: 95
 | Agent Prior Target Score SMILES SMILES_state predicted_activity predicted_activity (raw) training_similarity training_similarity (raw) uncertainty uncertainty (raw) novelty novelty (raw) stereo_validity stereo_validity (raw) MW_window MW_window (raw) synthetic_feasibility synthetic_feasibility (raw) curated alerts filter curated alerts filter (raw) scaffold_novelty (predicted_activity) taf_disrupted (predicted_activity) taf_consistency (predicted_activity) matchting_patterns (curated alerts filter)
 | 25.3878 32.4252 33.3780 0.5140873 CS(=O)(=O)c1ccc2nc(SCc3ccc(C(=O)O)cc3)sc2c1 1 0.2100000 0.2100 0.2045983 0.2046 0.4073082 0.4073 0.8039428 0.8039 1.0000000 1.0000 1.0000000 379.4840 0.5250960 2.0908 1.0000000 1.0000 1.0 1.0 0.0 []
 | 28.1003 28.5981 34.6509 0.4941323 CC(C)=CCCC(C)=CCOC(=O)Nc1cc(C)on1 1 0.1500000 0.1500 0.2409814 0.2410 0.3570714 0.3571 0.8072149 0.8072 1.0000000 1.0000 1.0000000 278.3520 0.5382231 2.6633 1.0000000 1.0000 1.0 0.33333333333333337 0.6666666666666666 []
 | 23.7910 24.8942 40.0012 0.5069950 CSCCCn1ccc(C=O)c1 1 0.1950000 0.1950 0.1851640 0.1852 0.3962007 0.3962 0.8499250 0.8499 1.0000000 1.0000 1.0000000 183.2760 0.5408703 2.7789 1.0000000 1.0000 1.0 1.0 0.0 []
 | 24.7836 26.5551 -25.0843 0.0114902 C[C@H](C#CCc1ccccc1)CO 1 0.3300000 0.3300 0.4191368 0.4191 0.4702127 0.4702 0.5808632 0.5809 1.0000000 1.0000 0.0000000 174.2430 0.5427771 2.8623 1.0000000 1.0000 1.0 0.33333333333333337 0.6666666666666666 []
 | 26.5241 29.6209 36.8622 0.5193993 Cc1cccc2oc(C(=O)Oc3ccccc3F)c(C)c12 1 0.2050000 0.2050 0.2473854 0.2474 0.4037016 0.4037 0.7599787 0.7600 1.0000000 1.0000 1.0000000 284.2860 0.5254201 2.1049 1.0000000 1.0000 1.0 1.0 0.0 []
 | 29.8310 27.0118 39.4646 0.5193462 Cc1cccc(NC(=O)COc2cccc(Cl)c2F)c1 1 0.2100000 0.2100 0.2381628 0.2382 0.4073082 0.4073 0.7689267 0.7689 1.0000000 1.0000 1.0000000 293.7250 0.5170892 1.7425 1.0000000 1.0000 1.0 0.6666666666666667 0.3333333333333333 []
 | 22.8340 27.4385 37.9015 0.5104693 CCc1cc(S(N)(=O)=O)ccc1Oc1ccc(F)cc1 1 0.1850000 0.1850 0.2285714 0.2286 0.3882976 0.3883 0.8207157 0.8207 1.0000000 1.0000 1.0000000 295.3350 0.5198507 1.8626 1.0000000 1.0000 1.0 0.6666666666666667 0.3333333333333333 []
 | 27.2679 32.0105 34.5711 0.5201689 CN(Cc1cc(Cl)ccc1F)C(=O)c1ccc(S(N)(=O)=O)o1 1 0.2200000 0.2200 0.2093024 0.2093 0.4142463 0.4142 0.7994351 0.7994 1.0000000 1.0000 1.0000000 346.7670 0.5314173 2.3662 1.0000000 1.0000 1.0 0.6666666666666667 0.3333333333333333 []
 | 31.6886 37.0124 -15.7589 0.1660428 Cc1cc(N(C)C(=O)CCCSC(C)C(=O)O)no1 1 0.2400000 0.2400 0.2347382 0.2347 0.4270831 0.4271 0.7970615 0.7971 0.0000000 0.0000 1.0000000 286.3530 0.5517551 3.2558 1.0000000 1.0000 1.0 1.0 0.0 []
 | 28.3554 33.1111 36.5607 0.5443112 CC(=O)Nc1ccc(NC(=O)c2csc([C@@H](C)Oc3ccccc3)n2)cc1 1 0.2500000 0.2500 0.2831827 0.2832 0.4330127 0.4330 0.7242233 0.7242 1.0000000 1.0000 1.0000000 381.4570 0.5342532 2.4899 1.0000000 1.0000 1.0 0.6666666666666667 0.3333333333333333 []
21:18:20 <INFO> Sampled SMILES c1cc(NC(CSc2sc(nn2)=NC(=O)C)=O)c(C)c(c1)C failed to sanitize.
21:18:20 <INFO> Sampled SMILES c1c2ccc3=NC4[C@H](C=CC(=C4)Cl)Nc3c2cc(c1)OCC failed to sanitize.
21:18:20 <INFO> Sampled SMILES c1cc(C)cc(-n2c(=O)c3c(scc3-c3ccc(CC)cc3)n2)c1 failed to sanitize.
21:18:20 <INFO> Sampled SMILES O=c1c2c(nc(SCC(=O)N[C@@H](C)c3oc4ccccc4c3)s2)n(CC=C)c1C failed to sanitize.
21:18:24 <INFO> Score: 0.43 Agent NLL: 28.99 Valid:  94% Step: 96
 | Agent Prior Target Score SMILES SMILES_state predicted_activity predicted_activity (raw) training_similarity training_similarity (raw) uncertainty uncertainty (raw) novelty novelty (raw) stereo_validity stereo_validity (raw) MW_window MW_window (raw) synthetic_feasibility synthetic_feasibility (raw) curated alerts filter curated alerts filter (raw) scaffold_novelty (predicted_activity) taf_disrupted (predicted_activity) taf_consistency (predicted_activity) matchting_patterns (curated alerts filter)
 | 33.3543 32.4607 -11.8012 0.1614024 Cc1ccc(N2CC(C(=O)Nc3ccc(CC(=O)N(C)C)cc3)CC2=O)cc1C 1 0.2100000 0.2100 0.2348948 0.2349 0.4073082 0.4073 0.7928158 0.7928 0.0000000 0.0000 1.0000000 393.4870 0.5352589 2.5338 1.0000000 1.0000 1.0 0.6666666666666667 0.3333333333333333 []
 | 29.9580 29.6673 -10.3672 0.1507822 O=S(=O)(Nc1cnn(CC2CCOC2)c1)c1cc(F)ccc1F 1 0.1500000 0.1500 0.2138963 0.2139 0.3570714 0.3571 0.8210415 0.8210 0.0000000 0.0000 1.0000000 343.3550 0.5440804 2.9194 1.0000000 1.0000 1.0 0.6666666666666667 0.3333333333333333 []
 | 22.0282 28.1258 43.6088 0.5604267 Cc1oc(-c2ccccc2)nc1CCOc1cccc(CO)c1 1 0.2850000 0.2850 0.3509886 0.3510 0.4514144 0.4514 0.6490114 0.6490 1.0000000 1.0000 1.0000000 309.3650 0.5225475 1.9799 1.0000000 1.0000 1.0 0.6666666666666667 0.3333333333333333 []
 | 23.1875 29.0056 39.8734 0.5381175 Cc1c(CN(C)Cc2ccsc2)cccc1C(=O)O 1 0.2500000 0.2500 0.2441931 0.2442 0.4330127 0.4330 0.7630758 0.7631 1.0000000 1.0000 1.0000000 275.3730 0.5271272 2.1793 1.0000000 1.0000 1.0 1.0 0.0 []
 | 25.8431 30.4966 35.1039 0.5125042 c1ccc(-c2cc(-c3ccc4ccccc4c3)cc(-c3ccc4sc5ccccc5c4c3)c2)cc1 1 0.2250000 0.2250 0.1743715 0.1744 0.4175823 0.4176 0.8256285 0.8256 1.0000000 1.0000 1.0000000 462.6170 0.5258517 2.1237 1.0000000 1.0000 1.0 1.0 0.0 []
 | 22.7154 23.6576 40.5141 0.5013413 CCOc1ccc(-c2ccc(CC)cn2)cc1 1 0.1650000 0.1650 0.2511059 0.2511 0.3711805 0.3712 0.7863031 0.7863 1.0000000 1.0000 1.0000000 227.3070 0.5150249 1.6527 1.0000000 1.0000 1.0 1.0 0.0 []
 | 38.3097 39.8277 27.3046 0.5244709 Cc1cccc(N2C(=O)c3ccc(F)cc3[C@H]2C(=O)NC(C)(C)C)c1C 1 0.2250000 0.2250 0.2166916 0.2167 0.4175823 0.4176 0.7869506 0.7870 1.0000000 1.0000 1.0000000 354.4250 0.5434856 2.8933 1.0000000 1.0000 1.0 0.6666666666666667 0.3333333333333333 []
 | 28.5903 31.6890 35.7548 0.5269044 CCCOc1ccc(C=CC(=O)N[C@H](C)c2ccccc2C)cc1OC 1 0.2000000 0.2000 0.3465517 0.3466 0.4000000 0.4000 0.6534483 0.6534 1.0000000 1.0000 1.0000000 353.4620 0.5334202 2.4536 1.0000000 1.0000 1.0 0.6666666666666667 0.3333333333333333 []
 | 28.1634 32.2355 36.5964 0.5377493 CC(=O)n1ccc(NC(=O)c2ccnnc2)n1 1 0.2500000 0.2500 0.2287479 0.2287 0.4330127 0.4330 0.7869968 0.7870 1.0000000 1.0000 1.0000000 231.2150 0.5391678 2.7045 1.0000000 1.0000 1.0 0.6666666666666667 0.3333333333333333 []
 | 26.5316 30.7374 38.7161 0.5426058 CCCn1ccc(NC(=O)Cc2ccc(S(N)(=O)=O)cc2)n1 1 0.2800000 0.2800 0.2156656 0.2157 0.4489989 0.4490 0.7843344 0.7843 1.0000000 1.0000 1.0000000 322.3900 0.5257339 2.1186 1.0000000 1.0000 1.0 0.6666666666666667 0.3333333333333333 []
21:18:27 <INFO> Score: 0.50 Agent NLL: 27.90 Valid: 100% Step: 97
 | Agent Prior Target Score SMILES SMILES_state predicted_activity predicted_activity (raw) training_similarity training_similarity (raw) uncertainty uncertainty (raw) novelty novelty (raw) stereo_validity stereo_validity (raw) MW_window MW_window (raw) synthetic_feasibility synthetic_feasibility (raw) curated alerts filter curated alerts filter (raw) scaffold_novelty (predicted_activity) taf_disrupted (predicted_activity) taf_consistency (predicted_activity) matchting_patterns (curated alerts filter)
 | 24.9552 25.7249 44.1944 0.5462444 C#CCN(CC#C)S(=O)(=O)c1ccc(N)c(C)c1 1 0.2700000 0.2700 0.2446772 0.2447 0.4439595 0.4440 0.7553228 0.7553 1.0000000 1.0000 1.0000000 262.3340 0.5420797 2.8318 1.0000000 1.0000 1.0 0.33333333333333337 0.6666666666666666 []
 | 21.0424 24.3052 41.5047 0.5141396 COc1ccc(-c2nc(SCC(=O)O)n[nH]2)cc1 1 0.1650000 0.1650 0.3012376 0.3012 0.3711805 0.3712 0.7866477 0.7866 1.0000000 1.0000 1.0000000 265.2940 0.5242858 2.0555 1.0000000 1.0000 1.0 1.0 0.0 []
 | 24.6066 27.8253 40.8146 0.5362489 O=C(Nc1ccc(F)c(F)c1)c1cccc(NC(=O)c2cccs2)c1 1 0.2850000 0.2850 0.1842743 0.1843 0.4514144 0.4514 0.8157257 0.8157 1.0000000 1.0000 1.0000000 358.3690 0.5188243 1.8179 1.0000000 1.0000 1.0 0.6666666666666667 0.3333333333333333 []
 | 25.8787 28.3020 38.2813 0.5201820 Cc1cc(Cl)ccc1-n1nnc(C)c1CC(=O)O 1 0.2250000 0.2250 0.1979083 0.1979 0.4175823 0.4176 0.8133167 0.8133 1.0000000 1.0000 1.0000000 265.7000 0.5321344 2.3975 1.0000000 1.0000 1.0 1.0 0.0 []
 | 22.3960 24.1971 44.3022 0.5351508 Cc1ccc(Oc2ccccc2)c(C(=O)O)c1 1 0.2300000 0.2300 0.3052813 0.3053 0.4208325 0.4208 0.6947187 0.6947 1.0000000 1.0000 1.0000000 228.2470 0.5119119 1.5174 1.0000000 1.0000 1.0 1.0 0.0 []
 | 22.6514 26.6631 38.2814 0.5073789 Cc1cccc(NCc2cccc([N+](=O)[O-])c2Cl)c1 1 0.2050000 0.2050 0.1807426 0.1807 0.4037016 0.4037 0.8399858 0.8400 1.0000000 1.0000 1.0000000 276.7230 0.5235307 2.0227 1.0000000 1.0000 1.0 0.6666666666666667 0.3333333333333333 []
 | 25.4834 34.1975 38.3496 0.5667742 CC[C@@H](C)c1cccc(CNC(=O)c2ccnn2CC)c1 1 0.3150000 0.3150 0.2940858 0.2941 0.4645159 0.4645 0.7059142 0.7059 1.0000000 1.0000 1.0000000 285.3910 0.5365022 2.5881 1.0000000 1.0000 1.0 0.6666666666666667 0.3333333333333333 []
 | 23.7159 24.6358 45.8985 0.5510489 CCOC(=O)/C=C/[C@H](O)c1ccc(F)cc1 1 0.2600000 0.2600 0.2942449 0.2942 0.4386342 0.4386 0.7230442 0.7230 1.0000000 1.0000 1.0000000 224.2310 0.5381390 2.6596 1.0000000 1.0000 1.0 0.33333333333333337 0.6666666666666666 []
 | 21.6502 27.4502 44.1559 0.5594225 C[C@H](Cc1ccc(F)cc1)NC(=O)c1ccsc1 1 0.3150000 0.3150 0.2442250 0.2442 0.4645159 0.4645 0.7567568 0.7568 1.0000000 1.0000 1.0000000 263.3370 0.5305983 2.3305 1.0000000 1.0000 1.0 0.6666666666666667 0.3333333333333333 []
 | 43.5877 50.1003 9.6134 0.4665127 O=C(NC[C@@H]1C[C@@H]2CCC[C@@H](C2)C1)[C@@H]1CC[C@H]2[C@H](CC[C@H]2O)C1 1 0.1250000 0.1250 0.1934603 0.1935 0.3307189 0.3307 0.8479916 0.8480 1.0000000 1.0000 1.0000000 319.4890 0.5274144 4.8082 1.0000000 1.0000 1.0 0.6666666666666667 0.3333333333333333 []
21:18:28 <INFO> Sampled SMILES c1(=O)c([nH]c(C)cc1Nc1ccc(nc1)C(=O)Nc1c(C)cc(C)cc1C)C failed to sanitize.
21:18:28 <INFO> Sampled SMILES N(Cc1scc(c1)-c1cc2c(-c3ncccn3)sc2cn1)(C)C failed to sanitize.
21:18:31 <INFO> Score: 0.49 Agent NLL: 27.05 Valid:  97% Step: 98
 | Agent Prior Target Score SMILES SMILES_state predicted_activity predicted_activity (raw) training_similarity training_similarity (raw) uncertainty uncertainty (raw) novelty novelty (raw) stereo_validity stereo_validity (raw) MW_window MW_window (raw) synthetic_feasibility synthetic_feasibility (raw) curated alerts filter curated alerts filter (raw) scaffold_novelty (predicted_activity) taf_disrupted (predicted_activity) taf_consistency (predicted_activity) matchting_patterns (curated alerts filter)
 | 26.6566 33.5248 39.0315 0.5668462 C[C@@H](c1cc(O)cc(O)c1)c1ccccc1[N+](=O)[O-] 1 0.3150000 0.3150 0.2906191 0.2906 0.4645159 0.4645 0.7093809 0.7094 1.0000000 1.0000 1.0000000 259.2610 0.5405868 2.7665 1.0000000 1.0000 1.0 1.0 0.0 []
 | 24.4179 28.1475 41.5657 0.5446350 CCc1ccc([C@H](C)NC(=O)c2ccc(S(=O)(=O)N(CC)CC)cc2)cc1 1 0.2700000 0.2700 0.2375836 0.2376 0.4439595 0.4440 0.7689267 0.7689 1.0000000 1.0000 1.0000000 388.5330 0.5308183 2.3401 1.0000000 1.0000 1.0 0.6666666666666667 0.3333333333333333 []
 | 26.3512 35.3677 34.0726 0.5425027 Cc1ccc(-c2nc(NC(=O)[C@@H](C)N(C)c3cccc(C)c3)sc2C)cc1 1 0.2900000 0.2900 0.1876197 0.1876 0.4537621 0.4538 0.8267949 0.8268 1.0000000 1.0000 1.0000000 379.5290 0.5389557 2.6953 1.0000000 1.0000 1.0 0.6666666666666667 0.3333333333333333 []
 | 24.9339 29.7086 29.0037 0.4586901 CCc1cc(CN[C@@H]2CCC[C@H](C)[C@H]2C)on1 1 0.1100000 0.1100 0.2053985 0.2054 0.3128898 0.3129 0.8256285 0.8256 1.0000000 1.0000 1.0000000 236.3590 0.5547978 3.3894 1.0000000 1.0000 1.0 0.6666666666666667 0.3333333333333333 []
 | 30.2144 37.0495 28.1798 0.5096041 CCc1coc(CNS(=O)(=O)CCSc2ccc(C)cc2)n1 1 0.1950000 0.1950 0.2062157 0.2062 0.3962007 0.3962 0.8112926 0.8113 1.0000000 1.0000 1.0000000 340.4700 0.5373460 2.6249 1.0000000 1.0000 1.0 0.6666666666666667 0.3333333333333333 []
 | 26.3354 26.5280 42.7940 0.5415779 c1ccc([C@H]2CNCCN2Cc2ccc3c(c2)OCO3)cc1 1 0.2400000 0.2400 0.2891776 0.2892 0.4270831 0.4271 0.7209595 0.7210 1.0000000 1.0000 1.0000000 296.3700 0.5359470 2.5639 1.0000000 1.0000 1.0 0.6666666666666667 0.3333333333333333 []
 | 25.9661 25.9915 36.2476 0.4862430 NCCc1ccc(F)cc1Oc1cc(F)ccc1F 1 0.1800000 0.1800 0.1553424 0.1553 0.3841875 0.3842 0.8446576 0.8447 1.0000000 1.0000 1.0000000 267.2500 0.5245967 2.0691 1.0000000 1.0000 1.0 0.6666666666666667 0.3333333333333333 []
 | 21.6869 25.9843 38.1372 0.5009493 FC(F)n1ccnc1CNc1ccc(Cl)c(Cl)c1 1 0.2050000 0.2050 0.1621621 0.1622 0.4037016 0.4037 0.8378379 0.8378 1.0000000 1.0000 1.0000000 292.1160 0.5311188 2.3532 1.0000000 1.0000 1.0 0.6666666666666667 0.3333333333333333 []
 | 35.5362 41.9891 19.5489 0.4807653 CC(C)[C@@](C)(C#N)NC(=O)COC(=O)[C@@H]1CCC[C@@H]1C(Cl)Cl 1 0.1350000 0.1350 0.2222222 0.2222 0.3417236 0.3417 0.8137519 0.8138 1.0000000 1.0000 1.0000000 349.2580 0.5489790 3.8660 1.0000000 1.0000 1.0 0.0 1.0 []
 | 34.6249 35.7081 26.1888 0.4835692 COc1ccc(-c2ccc3ccc(=O)cc-3cn2)cc1 1 0.1300000 0.1300 0.2668149 0.2668 0.3363034 0.3363 0.7933115 0.7933 1.0000000 1.0000 1.0000000 263.2960 0.5199283 1.8659 1.0000000 1.0000 1.0 1.0 0.0 []
21:18:35 <INFO> Score: 0.50 Agent NLL: 27.71 Valid: 100% Step: 99
 | Agent Prior Target Score SMILES SMILES_state predicted_activity predicted_activity (raw) training_similarity training_similarity (raw) uncertainty uncertainty (raw) novelty novelty (raw) stereo_validity stereo_validity (raw) MW_window MW_window (raw) synthetic_feasibility synthetic_feasibility (raw) curated alerts filter curated alerts filter (raw) scaffold_novelty (predicted_activity) taf_disrupted (predicted_activity) taf_consistency (predicted_activity) matchting_patterns (curated alerts filter)
 | 26.4088 29.4521 40.6384 0.5475815 Cc1ccc(-c2ncc(C(=O)NCCc3c[nH]c4ccccc34)s2)cc1 1 0.2750000 0.2750 0.2532251 0.2532 0.4465143 0.4465 0.7467749 0.7468 1.0000000 1.0000 1.0000000 361.4700 0.5261430 2.1364 1.0000000 1.0000 1.0 0.6666666666666667 0.3333333333333333 []
 | 20.8506 22.8511 45.1451 0.5312199 N#Cc1cc(F)ccc1NCC(=O)O 1 0.2550000 0.2550 0.2034334 0.2034 0.4358612 0.4359 0.7965666 0.7966 1.0000000 1.0000 1.0000000 194.1650 0.5251465 2.0930 1.0000000 1.0000 1.0 0.33333333333333337 0.6666666666666666 []
 | 26.2979 32.3692 31.7761 0.5011349 Cn1nnc(C(=O)N2CCCCC2)c1COc1ccc(F)cc1F 1 0.1650000 0.1650 0.2446862 0.2447 0.3711805 0.3712 0.7841795 0.7842 1.0000000 1.0000 1.0000000 336.3420 0.5315241 2.3709 1.0000000 1.0000 1.0 1.0 0.0 []
 | 29.8653 33.3431 33.6624 0.5234798 CCc1cc(Nc2ncnc(Nc3cccc(Cl)c3Cl)c2[N+](=O)[O-])n[nH]1 1 0.2350000 0.2350 0.1893524 0.1894 0.4239988 0.4240 0.8267242 0.8267 1.0000000 1.0000 1.0000000 394.2220 0.5387166 2.6848 1.0000000 1.0000 1.0 0.6666666666666667 0.3333333333333333 []
 | 35.9740 38.8624 30.1436 0.5391095 COCC(=O)NC[C@@H](O)c1cc(OC[C@@H]2CCCO2)ccn1 1 0.2250000 0.2250 0.3060866 0.3061 0.4175823 0.4176 0.7086142 0.7086 1.0000000 1.0000 1.0000000 310.3500 0.5500824 3.1824 1.0000000 1.0000 1.0 0.6666666666666667 0.3333333333333333 []
 | 30.5329 30.9965 32.9387 0.4994940 CCN(CC)S(=O)(=O)c1ccc(-c2nnc(SCc3ccc(C(N)=O)cc3)n2C)cc1 1 0.1950000 0.1950 0.1708326 0.1708 0.3962007 0.3962 0.8388568 0.8389 1.0000000 1.0000 1.0000000 459.5970 0.5288519 2.2544 1.0000000 1.0000 1.0 0.6666666666666667 0.3333333333333333 []
 | 29.6814 32.7516 34.3909 0.5245508 Cc1cc(-c2nnc(O)o2)cc(Br)c1O 1 0.2400000 0.2400 0.1878673 0.1879 0.4270831 0.4271 0.8209713 0.8210 1.0000000 1.0000 1.0000000 271.0700 0.5410296 2.7859 1.0000000 1.0000 1.0 0.6666666666666667 0.3333333333333333 []
 | 31.4578 34.9607 30.3163 0.5099771 Cc1csc(C2CCN(c3ccnc([C@H](C)O)c3)C2)n1 1 0.2500000 0.2500 0.2062842 0.2063 0.4330127 0.4330 0.7937158 0.7937 0.5000000 0.5000 1.0000000 289.4040 0.5544089 3.3723 1.0000000 1.0000 1.0 0.6666666666666667 0.3333333333333333 []
 | 26.6621 25.7108 41.1139 0.5220675 CCNc1nc(NC)nc(N(C)Cc2cccnc2)n1 1 0.2100000 0.2100 0.2222392 0.2222 0.4073082 0.4073 0.8180437 0.8180 1.0000000 1.0000 1.0000000 273.3440 0.5344881 2.5002 1.0000000 1.0000 1.0 0.6666666666666667 0.3333333333333333 []
 | 25.5030 25.7686 43.9610 0.5447623 CC/C(C)=N\n1nnc2ccccc2c1=O 1 0.2350000 0.2350 0.3093235 0.3093 0.4239988 0.4240 0.7221150 0.7221 1.0000000 1.0000 1.0000000 216.2440 0.5398630 2.7349 1.0000000 1.0000 1.0 1.0 0.0 []
21:18:35 <INFO> Sampled SMILES c1c(/C=c2\sc3n([C@@H](c4ccc(cc4)C)C(=C(c4ccc(cc4)C)C3=O)C)c2=O)c(C)sc1C failed to sanitize.
21:18:39 <INFO> Score: 0.48 Agent NLL: 28.36 Valid:  98% Step: 100
 | Agent Prior Target Score SMILES SMILES_state predicted_activity predicted_activity (raw) training_similarity training_similarity (raw) uncertainty uncertainty (raw) novelty novelty (raw) stereo_validity stereo_validity (raw) MW_window MW_window (raw) synthetic_feasibility synthetic_feasibility (raw) curated alerts filter curated alerts filter (raw) scaffold_novelty (predicted_activity) taf_disrupted (predicted_activity) taf_consistency (predicted_activity) matchting_patterns (curated alerts filter)
 | 28.3165 30.3395 37.7999 0.5323391 CCN(Cc1ccc2ccccc2c1)C(=O)c1cn[nH]c1C 1 0.2250000 0.2250 0.2558140 0.2558 0.4175823 0.4176 0.7743645 0.7744 1.0000000 1.0000 1.0000000 293.3700 0.5256325 2.1142 1.0000000 1.0000 1.0 1.0 0.0 []
 | 27.1309 30.3743 33.6251 0.4999957 CN(c1ccc(Cl)cc1N)S(=O)(=O)c1ncn[nH]1 1 0.2050000 0.2050 0.1500469 0.1500 0.4037016 0.4037 0.8683755 0.8684 1.0000000 1.0000 1.0000000 287.7320 0.5407594 2.7741 1.0000000 1.0000 1.0 0.6666666666666667 0.3333333333333333 []
 | 36.8060 35.2775 -15.2864 0.1561804 O=C1CCC1CCC/C=C/c1ccc(C(F)(F)F)cc1 1 0.1800000 0.1800 0.2176429 0.2176 0.3841875 0.3842 0.8133167 0.8133 0.0000000 0.0000 1.0000000 282.3050 0.5420303 2.8297 1.0000000 1.0000 1.0 1.0 0.0 []
 | 25.1748 27.1567 39.0202 0.5170067 CN(CCOc1ccc(F)cc1)Cc1ccc2ccccc2n1 1 0.1950000 0.1950 0.2467838 0.2468 0.3962007 0.3962 0.7866477 0.7866 1.0000000 1.0000 1.0000000 310.3720 0.5211598 1.9195 1.0000000 1.0000 1.0 1.0 0.0 []
 | 27.3245 36.0955 27.6816 0.4982584 Cc1cc(S(C)(=O)=O)ccc1S(=O)(=O)N1[C@H](C)CC[C@@H]1C 1 0.1750000 0.1750 0.1903045 0.1903 0.3799671 0.3800 0.8410896 0.8411 1.0000000 1.0000 1.0000000 331.4590 0.5475923 3.0732 1.0000000 1.0000 1.0 1.0 0.0 []
 | 28.8479 28.2996 35.5372 0.4987248 Cc1ccc(C(=O)OCC(=O)c2ccc(C3CCC3)cc2)cc1 1 0.1600000 0.1600 0.2541643 0.2542 0.3666061 0.3666 0.7808013 0.7808 1.0000000 1.0000 1.0000000 308.3770 0.5166202 1.7221 1.0000000 1.0000 1.0 0.6666666666666667 0.3333333333333333 []
 | 24.2401 27.4486 39.7626 0.5250877 N#Cc1ccc(N)c(NCc2c[nH]cn2)c1 1 0.2350000 0.2350 0.1818335 0.1818 0.4239988 0.4240 0.8666548 0.8667 1.0000000 1.0000 1.0000000 213.2440 0.5397839 2.7315 1.0000000 1.0000 1.0 0.33333333333333337 0.6666666666666666 []
 | 22.6590 27.1020 43.4742 0.5513768 OCCc1ccc(-c2c(F)cccc2F)cc1 1 0.2850000 0.2850 0.2630384 0.2630 0.4514144 0.4514 0.7369616 0.7370 1.0000000 1.0000 1.0000000 234.2450 0.5172319 1.7487 1.0000000 1.0000 1.0 0.6666666666666667 0.3333333333333333 []
 | 27.1778 30.4279 38.9898 0.5423260 Cc1cccc(NC(=O)c2csc(S(N)(=O)=O)c2)c1Cl 1 0.2800000 0.2800 0.2005739 0.2006 0.4489989 0.4490 0.8224288 0.8224 1.0000000 1.0000 1.0000000 330.8180 0.5290696 2.2639 1.0000000 1.0000 1.0 0.6666666666666667 0.3333333333333333 []
 | 33.4542 39.6368 24.5160 0.5011936 CC(=O)[C@H](C)C[C@@H](C)C[C@@H](C)[C@@H](O)C[C@@H](C)C(=O)O 1 0.1750000 0.1750 0.2144225 0.2144 0.3799671 0.3800 0.7958758 0.7959 1.0000000 1.0000 1.0000000 272.3850 0.5478287 3.9165 1.0000000 1.0000 1.0 0.6666666666666667 0.3333333333333333 []
21:18:40 <WARN> Maximum number of steps of 100 reached in stage 1. Terminating all stages.
21:18:40 <INFO> Peak main memory usage: 2144.027 MiB
21:18:40 <INFO> Peak reserved GPU memory usage: 1886.000 MiB
21:18:40 <INFO> Finished REINVENT on 2026-09-14
