21:18:49 <INFO> Started REINVENT 4.8.24 (C) AstraZeneca 2017, 2023 on 2026-09-14
21:18:49 <INFO> Command line: /cluster/home/nbhatt04/Low-data-alpah9alpah10-r01-ligand-based/project/venvs/reinvent312/bin/reinvent /cluster/home/nbhatt04/Low-data-alpah9alpah10-r01-ligand-based/project/reinvent/configs/local_analog_libinvent_staged_learning.toml
21:18:50 <INFO> Reading run configuration from /cluster/home/nbhatt04/Low-data-alpah9alpah10-r01-ligand-based/project/reinvent/configs/local_analog_libinvent_staged_learning.toml using format toml
21:18:50 <INFO> User nbhatt04 on host pax063
21:18:50 <INFO> Python version 3.11.16
21:18:50 <INFO> PyTorch version 2.12.0+cu126 git 7661cd9c6b841b62b7f411aa52ec51f05457263b
21:18:50 <INFO> PyTorch compiled with CUDA version 12.6
21:18:50 <INFO> RDKit version 2026.03.6
21:18:50 <INFO> Platform Linux-5.14.0-570.60.1+21.1.el9_6_ciq.x86_64-x86_64-with-glibc2.34
21:18:50 <INFO> CUDA driver version 575.57.08
21:18:50 <INFO> Number of PyTorch CUDA devices 1
21:18:50 <INFO> Using GPU device:0 NVIDIA H100 PCIe
21:18:51 <INFO> GPU memory: 80622 MiB free, 81079 MiB total
21:18:51 <INFO> Writing TensorBoard summary to /cluster/home/nbhatt04/Low-data-alpah9alpah10-r01-ligand-based/project/reinvent/out/local_analog_libinvent/tb_logs
21:18:51 <INFO> Writing JSON config file to /cluster/home/nbhatt04/Low-data-alpah9alpah10-r01-ligand-based/project/reinvent/out/local_analog_libinvent/_local_analog.json
21:18:51 <INFO> Starting 1 stage of Reinforcement Learning
21:18:51 <ERRO> /cluster/home/nbhatt04/Low-data-alpah9alpah10-r01-ligand-based/project/priors/libinvent.prior has invalid hash:
{ 'comments': [],
  'creation_date': 0,
  'date_format': 'UNIX epoch',
  'hash_id': '99944413c8f0b152c2bca0dca31aa6d3',
  'hash_id_format': 'xxhash.xxh3_128_hex 3.4.1',
  'model_id': '558e4fbd038c4b0ba67b03a025e657c4',
  'model_id_format': 'uuid.uuid4 3.10.12',
  'origina_data_source': 'ChEMBL 27',
  'updates': []}
21:18:51 <INFO> Number of network parameters: 23,686,692
21:18:51 <INFO> Network architecture:
Decorator(
  (_encoder): Encoder(
    (_embedding): Sequential(
      (0): Embedding(38, 512)
      (1): Dropout(p=0.2, inplace=False)
    )
    (_rnn): LSTM(512, 512, num_layers=3, batch_first=True, dropout=0.2, bidirectional=True)
  )
  (_decoder): Decoder(
    (_embedding): Sequential(
      (0): Embedding(36, 512)
      (1): Dropout(p=0.2, inplace=False)
    )
    (_rnn): LSTM(512, 512, num_layers=3, batch_first=True, dropout=0.2)
    (_attention): AttentionLayer(
      (_attention_linear): Sequential(
        (0): Linear(in_features=1024, out_features=512, bias=True)
        (1): Tanh()
      )
    )
    (_linear): Linear(in_features=512, out_features=36, bias=True)
  )
)
21:18:51 <ERRO> /cluster/home/nbhatt04/Low-data-alpah9alpah10-r01-ligand-based/project/priors/libinvent.prior has invalid hash:
{ 'comments': [],
  'creation_date': 0,
  'date_format': 'UNIX epoch',
  'hash_id': '99944413c8f0b152c2bca0dca31aa6d3',
  'hash_id_format': 'xxhash.xxh3_128_hex 3.4.1',
  'model_id': '558e4fbd038c4b0ba67b03a025e657c4',
  'model_id_format': 'uuid.uuid4 3.10.12',
  'origina_data_source': 'ChEMBL 27',
  'updates': []}
21:18:51 <INFO> Number of network parameters: 23,686,692
21:18:51 <INFO> Network architecture:
Decorator(
  (_encoder): Encoder(
    (_embedding): Sequential(
      (0): Embedding(38, 512)
      (1): Dropout(p=0.2, inplace=False)
    )
    (_rnn): LSTM(512, 512, num_layers=3, batch_first=True, dropout=0.2, bidirectional=True)
  )
  (_decoder): Decoder(
    (_embedding): Sequential(
      (0): Embedding(36, 512)
      (1): Dropout(p=0.2, inplace=False)
    )
    (_rnn): LSTM(512, 512, num_layers=3, batch_first=True, dropout=0.2)
    (_attention): AttentionLayer(
      (_attention_linear): Sequential(
        (0): Linear(in_features=1024, out_features=512, bias=True)
        (1): Tanh()
      )
    )
    (_linear): Linear(in_features=512, out_features=36, bias=True)
  )
)
21:18:51 <INFO> Using generator Libinvent
21:18:51 <INFO> Prior read from /cluster/home/nbhatt04/Low-data-alpah9alpah10-r01-ligand-based/project/priors/libinvent.prior
21:18:51 <INFO> Agent read from /cluster/home/nbhatt04/Low-data-alpah9alpah10-r01-ligand-based/project/priors/libinvent.prior
21:18:51 <INFO> Input molecules/fragments read from file /cluster/home/nbhatt04/Low-data-alpah9alpah10-r01-ligand-based/project/reinvent/scaffolds_libinvent.smi
21:18:51 <INFO> Using reward strategy dap
21:18:51 <INFO> Using diversity filter IdenticalMurckoScaffold
21:18:51 <INFO> Diversity filter memories are retained between stages
21:18:51 <ERRO> Component reinvent_plugins.components.OpenEye.comp_rocs could not be imported: No module named 'openeye'
21:18:51 <INFO> Registered scoring component GroupCount
21:18:51 <INFO> Registered scoring component FragmentQed
21:18:51 <INFO> Registered scoring component FragmentSlogP
21:18:51 <INFO> Registered scoring component FragmentMolecularWeight
21:18:51 <INFO> Registered scoring component FragmentTPSA
21:18:51 <INFO> Registered scoring component FragmentDistanceMatrix
21:18:51 <INFO> Registered scoring component FragmentNumAtomStereoCenters
21:18:51 <INFO> Registered scoring component FragmentHBondAcceptors
21:18:51 <INFO> Registered scoring component FragmentHBondDonors
21:18:51 <INFO> Registered scoring component FragmentNumRotBond
21:18:51 <INFO> Registered scoring component FragmentCsp3
21:18:51 <INFO> Registered scoring component Fragmentnumsp
21:18:51 <INFO> Registered scoring component Fragmentnumsp2
21:18:51 <INFO> Registered scoring component Fragmentnumsp3
21:18:51 <INFO> Registered scoring component FragmentEffectiveLength
21:18:51 <INFO> Registered scoring component FragmentGraphLength
21:18:51 <INFO> Registered scoring component FragmentLengthRatio
21:18:51 <INFO> Registered scoring component FragmentNumHeavyAtoms
21:18:51 <INFO> Registered scoring component FragmentNumHeteroAtoms
21:18:51 <INFO> Registered scoring component FragmentNumRings
21:18:51 <INFO> Registered scoring component FragmentNumAromaticRings
21:18:51 <INFO> Registered scoring component FragmentNumAliphaticRings
21:18:51 <INFO> Registered scoring component FragmentSlogP
21:18:51 <INFO> Registered scoring component MatchingSubstructure
21:18:51 <INFO> Registered scoring component MolVolume
21:18:51 <INFO> Registered scoring component Qed
21:18:51 <INFO> Registered scoring component LargestRingSize
21:18:51 <INFO> Registered scoring component MolecularWeight
21:18:51 <INFO> Registered scoring component GraphLength
21:18:51 <INFO> Registered scoring component NumAtomStereoCenters
21:18:51 <INFO> Registered scoring component HBondAcceptors
21:18:51 <INFO> Registered scoring component HBondDonors
21:18:51 <INFO> Registered scoring component NumRotBond
21:18:51 <INFO> Registered scoring component Csp3
21:18:51 <INFO> Registered scoring component numsp
21:18:51 <INFO> Registered scoring component numsp2
21:18:51 <INFO> Registered scoring component numsp3
21:18:51 <INFO> Registered scoring component NumHeavyAtoms
21:18:51 <INFO> Registered scoring component NumHeteroAtoms
21:18:51 <INFO> Registered scoring component NumRings
21:18:51 <INFO> Registered scoring component NumAromaticRings
21:18:51 <INFO> Registered scoring component NumAliphaticRings
21:18:51 <INFO> Registered scoring component SlogP
21:18:51 <INFO> Registered scoring component LargestRingSize
21:18:51 <INFO> Registered scoring component PMI
21:18:51 <INFO> Registered scoring component RDKitDescriptors
21:18:51 <INFO> Registered scoring component TanimotoSimilarity
21:18:51 <INFO> Registered scoring component TanimotoDistance
21:18:51 <INFO> Registered scoring component TPSA
21:18:51 <INFO> Registered scoring component SAScore
21:18:51 <ERRO> Component reinvent_plugins.components.comp_chemprop could not be imported: No module named 'chemprop'
21:18:51 <ERRO> Component reinvent_plugins.components.comp_chemprop2 could not be imported: No module named 'chemprop'
21:18:51 <INFO> Registered scoring component CustomAlerts
21:18:51 <INFO> Registered scoring component DockStream
21:18:51 <INFO> Registered scoring component ExternalProcess
21:18:51 <INFO> Registered scoring component REST
21:18:51 <INFO> Registered scoring component Icolos
21:18:51 <INFO> Registered scoring component MMP
21:18:51 <INFO> Registered scoring component Qptuna
21:18:51 <INFO> Registered scoring component ReactionFilter
21:18:51 <INFO> Registered scoring component RingPrecedence
21:18:51 <INFO> Registered scoring component Maize
21:18:51 <INFO> Registered scoring component SynthSense
21:18:51 <INFO> Registered scoring component CAZP
21:18:51 <INFO> Creating scoring component ExternalProcess
21:18:51 <INFO> Creating scoring component MolecularWeight
21:18:51 <INFO> Creating scoring component SAScore
21:18:51 <INFO> Creating filter component custom_alerts
21:18:51 <INFO> Writing tabular data for stage to local_analog_1.csv
21:18:51 <INFO> Starting stage 1 <<<
21:18:53 <WARN> reinvent_plugins.normalizers.rdkit_smiles: O=C(OCC)C(*)CBrCl could not be converted
21:18:53 <WARN> reinvent_plugins.normalizers.rdkit_smiles: O=C(*)CCc1ccc2c(c(Br)c1Br)OCO2 could not be converted
21:18:53 <WARN> reinvent_plugins.normalizers.rdkit_smiles: C1(C(*)O)=C(C)C=CC2C(C)(C)C(C(=O)N=C(Nc3cccc(Cn4ccccc4=O)c3)=O)=C2C1 could not be converted
21:18:53 <WARN> reinvent_plugins.normalizers.rdkit_smiles: C(O)(=O)C1(C)OC2C(C(=O)C3=CCN4C(=O)C(*)C5Nc5c(c([N]5)C3O)C22NC4C(O)CN3C2CC=C3C=CC[N+](C)(C)C)C=C1 could not be converted
21:18:53 <WARN> reinvent_plugins.normalizers.rdkit_smiles: C1=CC(*)C2C1O1NC(=O)C=C1C(=O)O2 could not be converted
21:18:53 <WARN> reinvent_plugins.normalizers.rdkit_smiles: *C1C(C(C=Cc2ccc(O)c(OCc3cc(O)c(C=C4C(O)CC(C)(C)O4)c4c3c4c(cc3)OC(C)(C(C(C)C)=O)CC24C)O)C2=C)OC(C(O)C)C1O2 could not be converted
21:18:53 <WARN> reinvent_plugins.normalizers.rdkit_smiles: OC(*)CCc1ccc2c(N)c3c(CC=C(C)C)ccc(C)c3-c2c1 could not be converted
21:18:53 <WARN> reinvent_plugins.normalizers.rdkit_smiles: C1(C(=O)C(c2c3c(c(O)c(CC=C(C*)C)c2O)OC(C)(C)C=C3=O)O)C2(C)C(OC(C)=CC(=O)C2=O)CC2CCC3=C(O)c4c(ccc(C(=O)O)c4)CC3N12 could not be converted
21:18:53 <WARN> reinvent_plugins.normalizers.rdkit_smiles: c1(CC*)c2cc(C(CC(=O)N3C3c4c(ccc(NC4CC(C=NOC(=O)OCc5c5c(sc5)nc4)cccc5)Br)C(O)C)cc3)OC(C)Oc2cc(O)c1 could not be converted
21:18:53 <WARN> reinvent_plugins.normalizers.rdkit_smiles: c1(C(=O)OC*)c(=O)c2c3c(c(O)c2c(=O)c(O)c(O)c(Br)c1O)OC3=O could not be converted
21:18:53 <WARN> reinvent_plugins.normalizers.rdkit_smiles: C(*)=CCC(C(C(=[N+](OC)C)(C)C)C)O could not be converted
21:18:53 <WARN> reinvent_plugins.normalizers.rdkit_smiles: *CSC1C(C(CO)O)OC(O)(C(O)COc2c(CO)c(CON3C(=O)c4c(c(C)c4c(c3O)c(Br)c(O)cc4)c(CO)c2CO)O)CC1 could not be converted
21:18:53 <WARN> reinvent_plugins.normalizers.rdkit_smiles: N1(C(=O)C*)Cc2c(cc(C(=O)C(c3cc(S(O)(=O)=O)c4c3ccc(O)c4)=O)ccc2O)C(C)C1 could not be converted
21:18:53 <WARN> reinvent_plugins.normalizers.rdkit_smiles: C1=[N+](c2cc(-c3c4ccc(C(CN*)Oc5oc4c(c3=O)OCO5)OOC(=O)C)c4c(cc(OC)cc3OC)c(C)c2)OC1(C)CO could not be converted
21:19:03 <INFO> Score: 0.24 Agent NLL: 13.99 Valid:  97% Step: 1
 | Agent Prior Target Score SMILES SMILES_state Input_Scaffold R-groups Scaffold predicted_activity predicted_activity (raw) training_similarity training_similarity (raw) taf_consistency taf_consistency (raw) novelty novelty (raw) MW_window MW_window (raw) synthetic_feasibility synthetic_feasibility (raw) curated alerts filter curated alerts filter (raw) stereo_validity (predicted_activity) scaffold_novelty (predicted_activity) uncertainty (predicted_activity) taf_disrupted (predicted_activity) matchting_patterns (curated alerts filter)
 | 1.7030 1.3768 42.4022 0.3420228 CC1(C)OCC(C2OC(=O)C(O)=C2O)O1 1 [*]C1(C)OCC(C2OC(=O)C(O)=C2O)O1 C* O=C1C=CC(C2COCO2)O1 0.7250000 0.7250 0.9999999 1.0000 0.3333333 0.3333 0.0000001 0.0000 1.0000000 216.1890 0.5484052 3.8912 1.0000000 1.0000 0.0 1.0 0.44651427748729383 0.6666666666666667 []
 | 5.1501 3.8725 74.5347 0.6125562 CC1(C)OCC(C2OC(=O)C(O)=C2CO)O1 1 O1C(C2OC(C)(C)OC2)C([*])=C(O)C1=O OC* O=C1C=CC(C2COCO2)O1 0.3550000 0.3550 0.8140916 0.8141 0.6666667 0.6667 0.1859084 0.1859 1.0000000 230.2160 0.5451761 4.0327 1.0000000 1.0000 0.0 1.0 0.4785133226985431 0.33333333333333337 []
 | 37.1788 36.5997 49.5056 0.6726973 COc1cc(CC2=C(O)C(C(O)CO)OC2=O)cc(OC)c1C(NOCc1ccccc1)c1ccccc1 1 OC1=C([*])C(=O)OC1C(O)CO c1cc(C(c2c(OC)cc(C*)cc2OC)NOCc2ccccc2)ccc1 O=C1OCC=C1Cc1ccc(C(NOCc2ccccc2)c2ccccc2)cc1 0.6250000 0.6250 0.6044260 0.6044 0.6666667 0.6667 0.3955740 0.3956 1.0000000 521.5660 0.5480063 3.9087 1.0000000 1.0000 0.0 1.0 0.4841229182759271 0.33333333333333337 []
 | 6.8016 6.9066 67.1223 0.5783504 O=C(O)C1OC(C(O)CO)C(O)=C1O 1 O1C([*])C(O)=C(O)C1C(CO)O O=C(*)O C1=CCOC1 0.5500000 0.5500 0.6158403 0.6158 0.3333333 0.3333 0.3841597 0.3842 1.0000000 206.1500 0.5365955 4.4078 1.0000000 1.0000 0.0 1.0 0.49749371855331 0.6666666666666667 []
 | 14.1651 13.8104 65.9569 0.6231821 OC1=C(O)C(C(O)CBr)OC1C(Br)=CCBr 1 C(C(C1C(O)=C(O)C([*])O1)O)Br *C(=CCBr)Br C1=CCOC1 0.4800000 0.4800 0.5635760 0.5636 0.6666667 0.6667 0.4364240 0.4364 1.0000000 422.8950 0.5163327 5.2904 1.0000000 1.0000 0.0 1.0 0.4995998398718719 0.33333333333333337 []
 | 15.9291 17.0358 51.4671 0.5351789 C=CC=CC(C)(O)C1OC(C(O)CO)C(O)=C1O 1 O1C([*])C(O)=C(O)C1C(O)CO OC(C)(*)C=CC=C C1=CCOC1 0.4600000 0.4600 0.5000000 0.5000 0.3333333 0.3333 0.5000000 0.5000 1.0000000 258.2700 0.5210044 5.0873 1.0000000 1.0000 0.0 1.0 0.49839743177508444 0.6666666666666667 []
 | 9.1650 8.8344 67.3001 0.5948011 CCOC1OC(C(O)CO)C(OCc2ccccc2)=C1O 1 C1(OCc2ccccc2)=C(O)C([*])OC1C(O)CO C(O*)C C1=C(OCc2ccccc2)COC1 0.5650000 0.5650 0.7102848 0.7103 0.3333333 0.3333 0.2897152 0.2897 1.0000000 296.3190 0.5507940 3.7864 1.0000000 1.0000 0.0 1.0 0.4957569969249047 0.6666666666666667 []
 | 1.4677 1.3301 -1.3301 0.0000000 CC1(C)OCC(C2OC(=O)C(O)=C2O)O1 2 [*]C1(C)OCC(C2OC(=O)C(O)=C2O)O1 *C O=C1C=CC(C2COCO2)O1 0.0000000 0.7250 0.0000000 1.0000 0.0000000 0.3333 0.0000000 0.0000 0.0000000 216.1890 0.0000000 3.8912 0.0000000 1.0000 0.0 1.0 0.44651427748729383 0.6666666666666667 []
 | 24.7921 23.5996 34.2195 0.4517116 CC=CC(=O)C(=CCCC)C(=O)OCC1=C(O)C(=O)OC1C1COC(C)(C)O1 1 O1C(C2OC(C)(C)OC2)C([*])=C(O)C1=O O=C(OC*)C(C(=O)C=CC)=CCCC O=C1C=CC(C2COCO2)O1 0.1750000 0.1750 0.6419407 0.6419 0.3333333 0.3333 0.3656650 0.3657 1.0000000 394.4200 0.5380788 4.3431 1.0000000 1.0000 0.0 1.0 0.3799671038392666 0.6666666666666667 []
 | 2.7549 2.2258 -0.7011 0.0119117 CC1=C(O)C(C(O)CO)OC1=O 1 OC1=C([*])C(=O)OC1C(O)CO C* O=C1C=CCO1 0.7050000 0.7050 0.8082904 0.8083 0.6666667 0.6667 0.1917096 0.1917 0.0000000 174.1520 0.5507426 3.7887 1.0000000 1.0000 0.0 1.0 0.45604276115294273 0.33333333333333337 []
21:19:04 <WARN> reinvent_plugins.normalizers.rdkit_smiles: C1(=O)OCC=C1C(c1c(O)c(CCC2C(C)C(O)C(C)=CC2)oc(*)n1)O could not be converted
21:19:04 <WARN> reinvent_plugins.normalizers.rdkit_smiles: c1c2c(c3c(c1O)CC(C(C)=C)C(=O)C3C)OC1(C1C*)C(=C)C(C(N)=O)N(ON)C2COc1cc2c(cc1)OC(C)(C(=O)O)C2 could not be converted
21:19:04 <WARN> reinvent_plugins.normalizers.rdkit_smiles: C1(C(CN*)C2C(OC(c3c(O)c(C)cc(C)c3)C3OC(C(O)=O)(CO)c3c4c(cc(Br)c(Br)c4OO)O)OC2CO)SC1(C)C could not be converted
21:19:04 <WARN> reinvent_plugins.normalizers.rdkit_smiles: Oc1cc2c(cc1C*)c(=O)c1c(O)cc(=O)c-1c(O)c3ccc(O)c2c3O could not be converted
21:19:04 <WARN> reinvent_plugins.normalizers.rdkit_smiles: C1(CO*)C(C=CBr)(CO[N+]([O-])=O)OC(n2c[n+](C)c(=O)c3c(O)n[nH]2)C1Br could not be converted
21:19:04 <WARN> reinvent_plugins.normalizers.rdkit_smiles: c1(*)c(O)cc(O)c2c1nc1c(c(=O)c1C)c(CC(C)C)cc2O could not be converted
21:19:04 <WARN> reinvent_plugins.normalizers.rdkit_smiles: c1(C)cc(C*)c(C(Nc2c(CCCC(NCc3c3c(cccc3)cc3ccccc3)C(O)=O)ccc2)=O)cc1 could not be converted
21:19:04 <WARN> reinvent_plugins.normalizers.rdkit_smiles: c1cccc(COc2cc3c(c(C(C4C(C(=O)*)=O)OC4=O)C2C[N+](C)(C)C)cc3)c1 could not be converted
21:19:04 <WARN> reinvent_plugins.normalizers.rdkit_smiles: ON=C(C*)CC(C)c1cccc(C2=NC3(C(C(=O)C(O)=O)CC2=C)C3=C)c1 could not be converted
21:19:04 <WARN> reinvent_plugins.normalizers.rdkit_smiles: C1(O)C(COC(C*)COC)OC(C)C2CC(ON=C3C4(c5ccc(O)cc4)C=C33)C1(C)C2 could not be converted
21:19:04 <WARN> reinvent_plugins.normalizers.rdkit_smiles: C1(C(=O)*)C2C3C1(OC1=C3C1(C)CCCC3=CC(C)=C)C(O)CC2C(=O)c1c(O)c(C(O)=O)cc(O)c1 could not be converted
21:19:04 <WARN> reinvent_plugins.normalizers.rdkit_smiles: C12CC35C(N*)C(C1)C1(C)C(C)(C(C(=O)C1C)C44OO)C2C(C(=O)O)OC3=O could not be converted
21:19:04 <WARN> reinvent_plugins.normalizers.rdkit_smiles: *C(=O)C(C1N=CC(c2c3cc(C(F)(F)F)cc(C(O)C(O)C(C4C4C(C(=O)O)C4)C3)cc2)Cc2c1ccc(O)c2)C could not be converted
21:19:04 <WARN> reinvent_plugins.normalizers.rdkit_smiles: *C#O could not be converted
21:19:04 <WARN> reinvent_plugins.normalizers.rdkit_smiles: C12C(C(O)C(C)=N)=C(S(=O)(N*)=O)C(C(Cc3c4ccccc4Nc3cccc3)O1)C2 could not be converted
21:19:16 <INFO> Score: 0.24 Agent NLL: 20.33 Valid:  97% Step: 2
 | Agent Prior Target Score SMILES SMILES_state Input_Scaffold R-groups Scaffold predicted_activity predicted_activity (raw) training_similarity training_similarity (raw) taf_consistency taf_consistency (raw) novelty novelty (raw) MW_window MW_window (raw) synthetic_feasibility synthetic_feasibility (raw) curated alerts filter curated alerts filter (raw) stereo_validity (predicted_activity) scaffold_novelty (predicted_activity) uncertainty (predicted_activity) taf_disrupted (predicted_activity) matchting_patterns (curated alerts filter)
 | 3.2681 2.2969 41.4820 0.3420228 CC1(C)OCC(C2OC(=O)C(O)=C2O)O1 1 C1(O)=C(O)C(C2COC([*])(C)O2)OC1=O *C O=C1C=CC(C2COCO2)O1 0.7250000 0.7250 0.9999999 1.0000 0.3333333 0.3333 0.0000001 0.0000 1.0000000 216.1890 0.5484052 3.8912 1.0000000 1.0000 0.0 1.0 0.44651427748729383 0.6666666666666667 []
 | 9.5845 9.5996 64.2829 0.5772069 CC1(C)OCC(C2OC(=O)C(O)=C2C(C#N)c2ccccc2)O1 1 C1(C2OC(C)(C)OC2)OC(=O)C(O)=C1[*] c1(C(C#N)*)ccccc1 O=C1C=C(Cc2ccccc2)C(C2COCO2)O1 0.2850000 0.2850 0.7076303 0.7076 0.6666667 0.6667 0.2923697 0.2924 1.0000000 315.3250 0.5470842 3.9491 1.0000000 1.0000 0.0 1.0 0.4514144437210666 0.33333333333333337 []
 | 27.9920 26.5552 59.8127 0.6747491 CC(C)CC(C(=O)OCOC(=O)C(O)Cc1ccccc1)C(=O)C1=C(O)C(C(O)CO)OC1=O 1 C(C(C1OC(=O)C([*])=C1O)O)O O=C(C(C(=O)*)CC(C)C)OCOC(=O)C(O)Cc1ccccc1 O=C(CCc1ccccc1)OCOC(=O)CC(=O)C1=CCOC1=O 0.6550000 0.6550 0.5816686 0.5817 0.6666667 0.6667 0.4183314 0.4183 1.0000000 480.4660 0.5414829 4.1943 1.0000000 1.0000 0.0 1.0 0.4753682782853732 0.33333333333333337 []
 | 84.4392 74.8433 -73.7123 0.0088355 C=CC1(CO)OC(COCc2cccc(OCc3ccc(C(C)C)cc3O)c2)C(O)C(C2C(=O)OCC2c2nc3cc(CC4OC(C(O)CO)C(O)=C4O)ccc3o2)O1 1 OC1=C(O)C([*])OC1C(O)CO C1(c2oc3ccc(C*)cc3n2)COC(=O)C1C1C(O)C(COCc2cccc(OCc3ccc(C(C)C)cc3O)c2)OC(CO)(C=C)O1 O=C1OCC(c2nc3cc(CC4C=CCO4)ccc3o2)C1C1CC(COCc2cccc(OCc3ccccc3)c2)OCO1 0.3200000 0.3200 0.3832282 0.3832 0.6666667 0.6667 0.6167718 0.6168 0.0000000 819.8570 0.5064890 5.7182 1.0000000 1.0000 0.0 1.0 0.466476151587624 0.33333333333333337 []
 | 41.0475 40.4377 -40.4377 0.0000000 CON1C(=O)C2C(=C(C)N(C)C(C)C2Br)C1=NNC1OC(C(O)CBr)C(O)=C1O 1 OC1=C(O)C([*])OC1C(CBr)O C1(C)N(C)C(C)=C3C(C(=O)N(OC)C3=NN*)C1Br O=C1NC(=NNC2C=CCO2)C2=CNCCC12 0.0000000 0.0000 0.0000000 0.0000 0.0000000 0.0000 0.0000000 0.0000 0.0000000 0.0000 0.0000000 0.0000 0.0000000 0.0000 None None None None ['[#7;!n][#7;!n]']
 | 35.4547 39.7660 23.2781 0.4925319 C=C(C)C1C(C)C2CSC(CCCC(O)COc3cccc(CC4OC(C(O)CO)C(O)=C4O)c3)C21 1 OCC(O)C1OC([*])C(O)=C1O OC(COc1cc(C*)ccc1)CCCC1C2C(CS1)C(C)C2C(=C)C C1=CC(Cc2cccc(OCCCCCC3SCC4CCC43)c2)OC1 0.3750000 0.3750 0.4097220 0.4097 0.3333333 0.3333 0.5902780 0.5903 1.0000000 520.6880 0.5174160 5.2433 1.0000000 1.0000 0.0 1.0 0.4841229182759271 0.6666666666666667 []
 | 6.3698 5.0795 71.4100 0.5975738 COC1OC(C(O)CO)C(OCc2ccccc2)=C1O 1 C1([*])OC(C(CO)O)C(OCc2ccccc2)=C1O O(C)* C1=C(OCc2ccccc2)COC1 0.5700000 0.5700 0.7278253 0.7278 0.3333333 0.3333 0.2721747 0.2722 1.0000000 282.2920 0.5510293 3.7761 1.0000000 1.0000 0.0 1.0 0.4950757517794625 0.6666666666666667 []
 | 42.3427 44.8096 -43.6515 0.0090475 CC1(C(N=C=C(OCc2ccccc2)c2ccccc2)c2c3ccccc3nc3cc(O)ccc23)OCC(C2OC(=O)C(O)=C2O)O1 1 C1(O)=C(O)C(C2COC([*])(C)O2)OC1=O c1ccc2c(C(*)N=C=C(c3ccccc3)OCc3ccccc3)c3c(cc(O)cc3)nc2c1 O=C1C=CC(C2COC(C(N=C=C(OCc3ccccc3)c3ccccc3)c3c4ccccc4nc4ccccc34)O2)O1 0.4250000 0.4250 0.5890041 0.5890 0.3333333 0.3333 0.4230453 0.4230 0.0000000 630.6530 0.5303813 4.6789 1.0000000 1.0000 0.0 1.0 0.49434299833212975 0.6666666666666667 []
 | 5.6156 5.1909 -5.1909 0.0000000 CCOC(=O)C1=C(O)C(=O)OC1C1COC(C)(C)O1 1 C1(C2OC(C)(C)OC2)OC(=O)C(O)=C1[*] C(OC(=O)*)C O=C1C=CC(C2COCO2)O1 0.3100000 0.3100 0.7601169 0.7601 0.3333333 0.3333 0.2398831 0.2399 1.0000000 272.2530 0.5543517 3.6302 1.0000000 1.0000 0.0 1.0 0.462493243193887 0.6666666666666667 []
 | 36.6877 40.2527 44.3706 0.6611198 CC(CCNC(=O)Nc1ccc2ccccc2c1)NC(C(=O)NO)C1=C(O)C(C(O)CO)OC1=O 1 C(C(C1OC(=O)C([*])=C1O)O)O ONC(C(*)NC(CCNC(=O)Nc1cc2ccccc2cc1)C)=O O=C(NCCCNCC1=CCOC1=O)Nc1ccc2ccccc2c1 0.6400000 0.6400 0.5291502 0.5292 0.6666667 0.6667 0.4708498 0.4708 1.0000000 488.4970 0.5439970 4.0843 1.0000000 1.0000 0.0 1.0 0.48 0.33333333333333337 []
21:19:17 <WARN> reinvent_plugins.normalizers.rdkit_smiles: c1(OCC(O)CCCCCOC(=O)C)c2c(CC3C4=C(NC(COC(=O)NC4=C3Br)c4c(O)ccc(*)n4)SC(C)(C)C)Oc3c(cccc3)cc2cc1 could not be converted
21:19:17 <WARN> reinvent_plugins.normalizers.rdkit_smiles: OC1C(O)C(O)C(C(Cn2nc3c(c4cc(O)c(C(C#CN5CC*)C(O)C(C)(C)C5O)c4O)cccc23)O)OC1CO could not be converted
21:19:17 <WARN> reinvent_plugins.normalizers.rdkit_smiles: C1(O)(*)CC(NCc2c3c(c(O)c2O)NC(=O)C1CN3O)C could not be converted
21:19:17 <WARN> reinvent_plugins.normalizers.rdkit_smiles: C12OC(O)(*)C(C)(C1)c1c(O)cc(O)cc112C(C)(C)CC2C(C1)N1CCN2CC1 could not be converted
21:19:17 <WARN> reinvent_plugins.normalizers.rdkit_smiles: OC1(*)C(O)CC(O)C2C1O1C2CN(Cc2ccccc2)C1 could not be converted
21:19:17 <WARN> reinvent_plugins.normalizers.rdkit_smiles: O1c2c(cc(C*)c(C)c2OC)CC1(C1OC2C(O)(CC(O)C2(C)C)OC1C)C1C(C)(CC)O2C(C)C1(O)C(CC)C2C(C1C(CO)C12CC2)O could not be converted
21:19:17 <WARN> reinvent_plugins.normalizers.rdkit_smiles: c12c(C)c(C(O)*)n(CC)c1cc1c2cccc1 could not be converted
21:19:17 <WARN> reinvent_plugins.normalizers.rdkit_smiles: c1c(NC(C2C(C3OC4C(C)(O4)CCC3C4(OC(=O)C*)C)N=C3N=C(C)SC23)=O)cc(O)c(C)c1 could not be converted
21:19:17 <WARN> reinvent_plugins.normalizers.rdkit_smiles: c1(OCC(=O)Nc2c(C)ccc(CC(Oc3ccc(OC(*)=O)cc3)C)cc2)ccccc1 could not be converted
21:19:17 <WARN> reinvent_plugins.normalizers.rdkit_smiles: Oc1c2n(ccc1C)c(C*)cc(C1=C(C(O)=O)ON=C1C)c2 could not be converted
21:19:17 <WARN> reinvent_plugins.normalizers.rdkit_smiles: O=C1N(*)C(C)C(Cc2ccc(O)c(C3N(C)Cc4c(cc(CCCC)oc4=O)n3)O2)O1 could not be converted
21:19:17 <WARN> reinvent_plugins.normalizers.rdkit_smiles: OC1C(O)COC1c1nccn2c1CC1C3(C)OC1C(C1C(C)(C(*)CCO3)CC1)CC2 could not be converted
21:19:17 <WARN> reinvent_plugins.normalizers.rdkit_smiles: C1=CC(C(*)C)OC2=CCC(OO)C=C12C could not be converted
21:19:17 <WARN> reinvent_plugins.normalizers.rdkit_smiles: C1(C(=O)c2cc3c(cc(C3CC3C(CC)O)c(O)c2Cl)O)COC(CC)=C1C=C* could not be converted
21:19:17 <WARN> reinvent_plugins.normalizers.rdkit_smiles: O=C(Oc1c(OC*)ccc(C=O)c1Br)CC(O)=OC1CCCCC1 could not be converted
21:19:17 <WARN> reinvent_plugins.normalizers.rdkit_smiles: Oc1c(O)c(C=CC)c2cc(C#CCN*)cc(C)c21 could not be converted
21:19:17 <WARN> reinvent_plugins.normalizers.rdkit_smiles: c1c2c(ccc1)c1c(c2)CC1CC(C)SC1CC(C)(C)C(*)C(C(=O)O)O1 could not be converted
21:19:17 <WARN> reinvent_plugins.normalizers.rdkit_smiles: Cc1cc2c(c3c1C(O)C(O*)C(C[N+](CC)4C)C3)C(=O)c1c(O)cccc1-2 could not be converted
21:19:17 <WARN> reinvent_plugins.normalizers.rdkit_smiles: c1(O)c(C2(*)C(=O)CC(O)C2C(C)C=Cc2c3ccc(O)cc3oc3c2cc(C)cc3O)ccc(O)c1 could not be converted
21:19:30 <INFO> Score: 0.31 Agent NLL: 24.23 Valid:  96% Step: 3
 | Agent Prior Target Score SMILES SMILES_state Input_Scaffold R-groups Scaffold predicted_activity predicted_activity (raw) training_similarity training_similarity (raw) taf_consistency taf_consistency (raw) novelty novelty (raw) MW_window MW_window (raw) synthetic_feasibility synthetic_feasibility (raw) curated alerts filter curated alerts filter (raw) stereo_validity (predicted_activity) scaffold_novelty (predicted_activity) uncertainty (predicted_activity) taf_disrupted (predicted_activity) matchting_patterns (curated alerts filter)
 | 14.7023 15.9093 56.1472 0.5629412 CC1(CC(=O)c2c[nH]c3ccccc23)OCC(C2OC(=O)C(O)=C2O)O1 1 C1(O)=C(O)C(C2OC([*])(C)OC2)OC1=O c1cccc2c1[nH]cc2C(=O)C* O=C1C=CC(C2COC(CC(=O)c3c[nH]c4ccccc34)O2)O1 0.4500000 0.4500 0.6902685 0.6903 0.3333333 0.3333 0.3097315 0.3097 1.0000000 359.3340 0.5453884 4.0234 1.0000000 1.0000 0.0 1.0 0.49749371855331004 0.6666666666666667 []
 | 5.9120 4.9666 -4.9666 0.0000000 COC(=O)C1=C(O)C(=O)OC1C1COC(C)(C)O1 1 C1([*])=C(O)C(=O)OC1C1COC(C)(C)O1 O=C(OC)* O=C1C=CC(C2COCO2)O1 0.3400000 0.3400 0.8003268 0.8003 0.3333333 0.3333 0.2088452 0.2088 1.0000000 258.2260 0.5528082 3.6980 1.0000000 1.0000 0.0 1.0 0.4737087712930804 0.6666666666666667 []
 | 28.4470 26.4602 -26.4602 0.0000000 C=CCc1cc(C=NNC(=O)c2ccc(C3=C(O)C(C(O)CO)OC3=O)cc2)c(O)c(O)c1OC 1 OC(CO)C1C(O)=C([*])C(=O)O1 COc1c(O)c(O)c(C=NNC(=O)c2ccc(*)cc2)cc1CC=C O=C1OCC=C1c1ccc(C(=O)NN=Cc2ccccc2)cc1 0.0000000 0.0000 0.0000000 0.0000 0.0000000 0.0000 0.0000000 0.0000 0.0000000 0.0000 0.0000000 0.0000 0.0000000 0.0000 None None None None ['[#7;!n][#7;!n]']
 | 34.6887 29.1984 35.5761 0.5060506 CC1=C2CC=C(C3OC(C(O)CO)C(O)=C3O)C(CO)C2C(C)CC1=O 1 C1(C(CO)O)C(O)=C(O)C([*])O1 C1(C)CC(=O)C(C)=C2CC=C(*)C(CO)C12 O=C1C=C2CC=C(C3C=CCO3)CC2CC1 0.3700000 0.3700 0.4808326 0.4808 0.3333333 0.3333 0.5191674 0.5192 1.0000000 366.4100 0.5183527 5.2026 1.0000000 1.0000 0.0 1.0 0.4828043081829324 0.6666666666666667 []
 | 19.4942 28.5659 50.4843 0.6175801 CC(NC1OC(C(O)CBr)C(O)=C1O)c1cccc(-c2cccc3ccccc23)c1 1 C(O)(CBr)C1C(O)=C(O)C([*])O1 c12c(-c3cc(C(N*)C)ccc3)cccc1cccc2 C1=CC(NCc2cccc(-c3cccc4ccccc34)c2)OC1 0.5000000 0.5000 0.4895355 0.4895 0.6666667 0.6667 0.5104645 0.5105 1.0000000 470.3630 0.5461235 3.9912 1.0000000 1.0000 0.0 1.0 0.5 0.33333333333333337 []
 | 12.6795 13.9036 55.9761 0.5459353 OCC(O)C1OC(NCC2CC2c2ccccc2)C(O)=C1O 1 O1C([*])C(O)=C(O)C1C(O)CO C1(CN*)CC1c1ccccc1 C1=CC(NCC2CC2c2ccccc2)OC1 0.5000000 0.5000 0.4937707 0.4938 0.3333333 0.3333 0.5062293 0.5062 1.0000000 307.3460 0.5381889 4.3382 1.0000000 1.0000 0.0 1.0 0.5 0.6666666666666667 []
 | 14.4476 15.0685 59.1319 0.5796908 CC(=O)NCCc1ccc(OC2OC(C(O)CO)C(OCc3ccccc3)=C2O)cc1 1 C1(C(CO)O)C(OCc2ccccc2)=C(O)C([*])O1 c1(O*)ccc(CCNC(C)=O)cc1 C1=C(OCc2ccccc2)COC1Oc1ccccc1 0.5350000 0.5350 0.6370934 0.6371 0.3333333 0.3333 0.3629066 0.3629 1.0000000 429.4690 0.5535156 3.6669 1.0000000 1.0000 0.0 1.0 0.49877349568717055 0.6666666666666667 []
 | 11.2092 11.4599 -11.4599 0.0000000 CCCCC(=O)OCC1(C)OCC(C2OC(=O)C(O)=C2O)O1 1 C1(O)=C(O)C(C2OC([*])(C)OC2)OC1=O O=C(CCCC)OC* O=C1C=CC(C2COCO2)O1 0.3250000 0.3250 0.6998965 0.6999 0.3333333 0.3333 0.3001035 0.3001 1.0000000 316.3060 0.5425513 4.1475 1.0000000 1.0000 0.0 1.0 0.4683748498798799 0.6666666666666667 []
 | 4.0246 2.8826 -2.8826 0.0000000 CC1(C)OCC(C2OC(=O)C(O)=C2C#N)O1 1 C1([*])=C(O)C(=O)OC1C1COC(C)(C)O1 *C#N O=C1C=CC(C2COCO2)O1 0.4250000 0.4250 0.8023773 0.8024 0.6666667 0.6667 0.1976227 0.1976 1.0000000 225.2000 0.5468469 3.9595 1.0000000 1.0000 0.0 1.0 0.49434299833212975 0.33333333333333337 []
 | 6.9743 7.6389 -7.6389 0.0000000 O=C(NO)C1=C(O)C(C(O)CO)OC1=O 1 OC(CO)C1C(O)=C([*])C(=O)O1 ONC(*)=O O=C1C=CCO1 0.7050000 0.7050 0.7543423 0.7543 0.6666667 0.6667 0.2456577 0.2457 1.0000000 219.1490 0.5463930 3.9794 1.0000000 1.0000 0.0 1.0 0.4560427611529428 0.33333333333333337 []
21:19:31 <WARN> reinvent_plugins.normalizers.rdkit_smiles: C1(CC2OC3C4(C(C)CC2C(C)C)(CC(OC(C)=O)C(C)C2(C)CCC5C(C)(C(C(=O)*)(CN)CC54CC2)CC3)O3)CC1 could not be converted
21:19:31 <WARN> reinvent_plugins.normalizers.rdkit_smiles: C(=C(C)C)Cc1c(C(*)=C2C=CC(CC=C)=C(OC)C2OCC)cc(CC2ON=C2(C)C)cc1 could not be converted
21:19:31 <WARN> reinvent_plugins.normalizers.rdkit_smiles: C1C(OC2CC3[N+](C)(C)CC2Cc3cccc3)C(O*)C(O)C(O)C1CO could not be converted
21:19:31 <WARN> reinvent_plugins.normalizers.rdkit_smiles: OC1C(O)C(CO)C(Cn2cc(Cc3ccc3c(c(C(*)(C)C)ccc3)cc2)O)(O)C1C=C could not be converted
21:19:31 <WARN> reinvent_plugins.normalizers.rdkit_smiles: c12ccccc1c(OC)cc(CC(N)C(C1CCCCC1)O*)cc2 could not be converted
21:19:31 <WARN> reinvent_plugins.normalizers.rdkit_smiles: C1(C)C(C*)C2(C)CCC(OC(NCc3ccc4c(cn[nH]3)O)=O)CCC=C2C1 could not be converted
21:19:31 <WARN> reinvent_plugins.normalizers.rdkit_smiles: Oc1c(C=C*)c2c3ccccc3cc3c2cc1c3ccc1 could not be converted
21:19:31 <WARN> reinvent_plugins.normalizers.rdkit_smiles: c1cc2c(c3ccccc3c1O*)Cc1ccccc1O2 could not be converted
21:19:31 <WARN> reinvent_plugins.normalizers.rdkit_smiles: c1(O)c(*)c(O)c(C(=O)C=Cc2c(O)cc3c(c2)cc4c2C(C)OC3OC=C2C)cc1 could not be converted
21:19:31 <WARN> reinvent_plugins.normalizers.rdkit_smiles: c1c(CC)cc2c(c1)occc2N* could not be converted
21:19:31 <WARN> reinvent_plugins.normalizers.rdkit_smiles: C1C(C)=C(CC*)OC2C3CC4OC=CC13O2 could not be converted
21:19:31 <WARN> reinvent_plugins.normalizers.rdkit_smiles: *Cc1cc2c3c1ccc1cccc(O)c3cc12 could not be converted
21:19:31 <WARN> reinvent_plugins.normalizers.rdkit_smiles: c1c2c3c(cccc3C(*)c3ccccc23)ccc1 could not be converted
21:19:31 <WARN> reinvent_plugins.normalizers.rdkit_smiles: C1(CCCCC)(O)C(*)C=C(C)C2C(C(OC)=O)=CCCO21 could not be converted
21:19:31 <WARN> reinvent_plugins.normalizers.rdkit_smiles: O1C(C)(C)C(O)C(O)C1C)OC1OC(CN*)CCC1 could not be converted
21:19:31 <WARN> reinvent_plugins.normalizers.rdkit_smiles: c1cc(O)cc2ccc(C(C)C#N)c(O)c12C1=CC(C)(CO)C(*)C(C)C1 could not be converted
21:19:31 <WARN> reinvent_plugins.normalizers.rdkit_smiles: c1(O)c(Br)c(C)cc(C(O)(*)Cc2c3cc(C)c(O)cc3CCN=C2C)c1 could not be converted
21:19:31 <WARN> reinvent_plugins.normalizers.rdkit_smiles: C1=CC(OC)(C)C(C)(O)O1CON* could not be converted
21:19:31 <WARN> reinvent_plugins.normalizers.rdkit_smiles: OC1CC(O)C(Cc2ccc(O)c(CN*)c2)C()O1 could not be converted
21:19:44 <INFO> Score: 0.36 Agent NLL: 19.95 Valid:  96% Step: 4
 | Agent Prior Target Score SMILES SMILES_state Input_Scaffold R-groups Scaffold predicted_activity predicted_activity (raw) training_similarity training_similarity (raw) taf_consistency taf_consistency (raw) novelty novelty (raw) MW_window MW_window (raw) synthetic_feasibility synthetic_feasibility (raw) curated alerts filter curated alerts filter (raw) stereo_validity (predicted_activity) scaffold_novelty (predicted_activity) uncertainty (predicted_activity) taf_disrupted (predicted_activity) matchting_patterns (curated alerts filter)
 | 16.0128 17.3207 51.7044 0.5392583 COc1ccc(OC=CC2(C)OCC(C3OC(=O)C(O)=C3O)O2)cc1 1 O1CC(C2C(O)=C(O)C(=O)O2)OC1(C)[*] COc1ccc(OC=C*)cc1 O=C1C=CC(C2COC(C=COc3ccccc3)O2)O1 0.3700000 0.3700 0.6998965 0.6999 0.3333333 0.3333 0.3001035 0.3001 1.0000000 350.3230 0.5397420 4.2704 1.0000000 1.0000 0.0 1.0 0.4828043081829324 0.6666666666666667 []
 | 21.6730 26.8644 44.6453 0.5586700 C=C(C)CC(O)C(C1=C(O)C(=O)OC1C1COC(C)(C)O1)c1ccccc1 1 O1C(C)(C)OCC1C1C([*])=C(O)C(=O)O1 OC(C(*)c1ccccc1)CC(C)=C O=C1C=C(Cc2ccccc2)C(C2COCO2)O1 0.2550000 0.2550 0.6713171 0.6713 0.6666667 0.6667 0.3286829 0.3287 1.0000000 374.4330 0.5401291 4.2535 1.0000000 1.0000 0.0 1.0 0.43586121644395015 0.33333333333333337 []
 | 6.7571 8.5925 -8.5925 0.0000000 O=C1OC(C(O)CO)C(O)=C1Cc1ccc(O)cc1 1 [*]C1=C(O)C(C(CO)O)OC1=O c1cc(O)ccc1C* O=C1OCC=C1Cc1ccccc1 0.7300000 0.7300 0.7099295 0.7099 0.6666667 0.6667 0.2900705 0.2901 1.0000000 266.2490 0.5563515 3.4578 1.0000000 1.0000 0.0 1.0 0.4439594576084622 0.33333333333333337 []
 | 20.7444 21.0136 48.5073 0.5431321 NCC1(c2ccccc2)CCN(CC2OC(C(O)CO)C(O)=C2O)C1 1 O1C([*])C(O)=C(O)C1C(O)CO c1cc(C2(CN)CCN(C*)C2)ccc1 C1=CC(CN2CCC(c3ccccc3)C2)OC1 0.5200000 0.5200 0.4571429 0.4571 0.3333333 0.3333 0.5428571 0.5429 1.0000000 350.4150 0.5389627 4.3044 1.0000000 1.0000 0.0 1.0 0.4995998398718719 0.6666666666666667 []
 | 19.0975 26.7977 -25.4414 0.0105964 OCC1OC(OCc2ccccc2)=CC1OCc1ccc(OC2OC(C(O)CBr)C(O)=C2O)cc1 1 C1(O)=C(O)C([*])OC1C(CBr)O O1C(CO)C(OCc2ccc(O*)cc2)C=C1OCc1ccccc1 C1=CC(Oc2ccc(COC3C=C(OCc4ccccc4)OC3)cc2)OC1 0.5500000 0.5500 0.5180795 0.5181 0.6666667 0.6667 0.4819205 0.4819 0.0000000 551.3860 0.5314472 4.6325 1.0000000 1.0000 0.0 1.0 0.49749371855331 0.33333333333333337 []
 | 21.2565 28.3987 36.8728 0.5099337 COc1ccc(C(C)(O)c2ccc(OC)c(CNC3OC(C(O)CO)C(O)=C3O)c2)cc1 1 OC1=C(O)C(C(CO)O)OC1[*] c1c(OC)c(CN*)cc(C(O)(c2ccc(OC)cc2)C)c1 C1=CC(NCc2cccc(Cc3ccccc3)c2)OC1 0.3850000 0.3850 0.4548588 0.4549 0.3333333 0.3333 0.5910435 0.5910 1.0000000 447.4840 0.5441205 4.0789 1.0000000 1.0000 0.0 1.0 0.4865953144040744 0.6666666666666667 []
 | 5.9753 6.6244 -6.6244 0.0000000 OCC(O)C1OC(NCc2ccccc2)C(O)=C1OCc1ccccc1 1 O1C(C(CO)O)C(OCc2ccccc2)=C(O)C1[*] N(Cc1ccccc1)* C1=C(OCc2ccccc2)COC1NCc1ccccc1 0.6000000 0.6000 0.7102848 0.7103 0.3333333 0.3333 0.2897152 0.2897 1.0000000 357.4060 0.5561062 3.5530 1.0000000 1.0000 0.0 1.0 0.48989794855663565 0.6666666666666667 []
 | 10.5257 13.9362 68.0405 0.6404431 CC1(C(O)(c2ccccc2)c2ccccc2)OCC(C2OC(=O)C(O)=C2O)O1 1 O1CC(C2C(O)=C(O)C(=O)O2)OC1(C)[*] *C(O)(c1ccccc1)c1ccccc1 O=C1C=CC(C2COC(C(c3ccccc3)c3ccccc3)O2)O1 0.4450000 0.4450 0.7413457 0.7413 0.6666667 0.6667 0.2586543 0.2587 1.0000000 384.3840 0.5472949 3.9398 1.0000000 1.0000 0.0 1.0 0.49696579359147036 0.33333333333333337 []
 | 12.1755 11.4863 -11.4863 0.0000000 CC=CC(=O)C1=C(O)C(=O)OC1C1COC(C)(C)O1 1 O1C(C)(C)OCC1C1C([*])=C(O)C(=O)O1 CC=CC(*)=O O=C1C=CC(C2COCO2)O1 0.2900000 0.2900 0.7700536 0.7701 0.3333333 0.3333 0.2299464 0.2299 1.0000000 268.2650 0.5461292 3.9909 1.0000000 1.0000 0.0 1.0 0.4537620521815371 0.6666666666666667 []
 | 37.1814 40.9400 40.9398 0.6396858 COc1cc(-c2c[nH]c(S)c2)ccc1C(=O)CC1=C(O)C(C(O)CO)OC1=O 1 [*]C1=C(O)C(C(CO)O)OC1=O c1(-c2cc(OC)c(C(C*)=O)cc2)cc(S)[nH]c1 O=C1OCC=C1CC(=O)c1ccc(-c2cc[nH]c2)cc1 0.5250000 0.5250 0.5608088 0.5608 0.6666667 0.6667 0.4485130 0.4485 1.0000000 405.4280 0.5454916 4.0188 1.0000000 1.0000 0.0 1.0 0.4993746088859544 0.33333333333333337 []
21:19:46 <WARN> reinvent_plugins.normalizers.rdkit_smiles: C1(O)Cc2c3cc(C)ccc3C3C1N1CC(O*)C2CC1C1C=C2C3(C)C(C1)SC2C could not be converted
21:19:46 <WARN> reinvent_plugins.normalizers.rdkit_smiles: C1C(Cc2cc(O)c(C3=C(c4ccc(O)c(OC)c3)N*)Oc4ccc(O)cc3C2C=C)C=CC1C=CC(O)CC(C)C could not be converted
21:19:46 <WARN> reinvent_plugins.normalizers.rdkit_smiles: OCC1C(O)C(O)C(O)C(CO)O1* could not be converted
21:19:46 <WARN> reinvent_plugins.normalizers.rdkit_smiles: C1C(C*)=Cc2cc(C(C)C)ccc(C)c1C2 could not be converted
21:19:46 <WARN> reinvent_plugins.normalizers.rdkit_smiles: O=c1c(CC*)cc2c3c(oc2c1)OC1OC2(C2=O)COC1O could not be converted
21:19:46 <WARN> reinvent_plugins.normalizers.rdkit_smiles: *C#NCC(=O)NC(c1ccc(OC)cc1)c1ccc(OC)cc1 could not be converted
21:19:46 <WARN> reinvent_plugins.normalizers.rdkit_smiles: O=C1NC(=O)C2C=CC=CC2O1OCCC* could not be converted
21:19:46 <WARN> reinvent_plugins.normalizers.rdkit_smiles: C(#C*)c1cc2c(cc1BrO)OCO2 could not be converted
21:19:46 <WARN> reinvent_plugins.normalizers.rdkit_smiles: c1(*)c(=O)[nH]c2c(o1)cc(OC)cc2 could not be converted
21:19:46 <WARN> reinvent_plugins.normalizers.rdkit_smiles: C(=O)(NCc1ccc2c(c1O)OCO2)C1(*)CCNCC1CC1CCC2(C)C2C1(C)C could not be converted
21:19:46 <WARN> reinvent_plugins.normalizers.rdkit_smiles: O1c2c(cccc2CC=C)C(*)CC(C)C1C[S+]1[O-] could not be converted
21:19:59 <INFO> Score: 0.35 Agent NLL: 17.12 Valid:  98% Step: 5
 | Agent Prior Target Score SMILES SMILES_state Input_Scaffold R-groups Scaffold predicted_activity predicted_activity (raw) training_similarity training_similarity (raw) taf_consistency taf_consistency (raw) novelty novelty (raw) MW_window MW_window (raw) synthetic_feasibility synthetic_feasibility (raw) curated alerts filter curated alerts filter (raw) stereo_validity (predicted_activity) scaffold_novelty (predicted_activity) uncertainty (predicted_activity) taf_disrupted (predicted_activity) matchting_patterns (curated alerts filter)
 | 6.3089 9.0886 62.5650 0.5597932 CC1(COCc2ccccc2)OCC(C2OC(=O)C(O)=C2O)O1 1 C1(C2OC(C)([*])OC2)C(O)=C(O)C(=O)O1 c1cccc(COC*)c1 O=C1C=CC(C2COC(COCc3ccccc3)O2)O1 0.4200000 0.4200 0.7274607 0.7275 0.3333333 0.3333 0.2923697 0.2924 1.0000000 322.3130 0.5484689 3.8884 1.0000000 1.0000 0.0 1.0 0.49355850717012273 0.6666666666666667 []
 | 10.6375 10.6570 49.4543 0.4696190 CC1(C)OCC(C2OC(=O)C(O)=C2CN2CCCC2)O1 1 C1(C2COC(C)(C)O2)OC(=O)C(O)=C1[*] C1CCCN1C* O=C1C=C(CN2CCCC2)C(C2COCO2)O1 0.1900000 0.1900 0.7505553 0.7506 0.3333333 0.3333 0.2494447 0.2494 1.0000000 283.3240 0.5521313 3.7277 1.0000000 1.0000 0.0 1.0 0.39230090491866065 0.6666666666666667 []
 | 9.6662 9.7297 -9.7297 0.0000000 O=C1OC(C(O)CO)C(O)=C1c1cc(O)cc(O)c1 1 C(CO)(C1C(O)=C([*])C(=O)O1)O c1(*)cc(O)cc(O)c1 O=C1OCC=C1c1ccccc1 0.6900000 0.6900 0.7311262 0.7311 0.6666667 0.6667 0.2688738 0.2689 1.0000000 268.2210 0.5520519 3.7312 1.0000000 1.0000 0.0 1.0 0.46249324319388707 0.33333333333333337 []
 | 12.4513 16.0247 67.5931 0.6532642 O=C1OC(CNC2OC(C(O)CO)C(O)=C2O)c2ccccc21 1 C1(O)=C(O)C(C(CO)O)OC1[*] O=C1c2c(cccc2)C(CN*)O1 O=C1OC(CNC2C=CCO2)c2ccccc21 0.5750000 0.5750 0.5728716 0.5729 0.6666667 0.6667 0.4271284 0.4271 1.0000000 323.3010 0.5368741 4.3957 1.0000000 1.0000 0.0 1.0 0.49434299833212975 0.33333333333333337 []
 | 16.1610 22.8695 57.2535 0.6259612 Cc1cccnc1CC1OC(C(O)CBr)C(O)=C1O 1 OC(C1C(O)=C(O)C([*])O1)CBr c1ccc(C)c(C*)n1 C1=CC(Cc2ccccn2)OC1 0.5100000 0.5100 0.5206793 0.5207 0.6666667 0.6667 0.4793207 0.4793 1.0000000 330.1780 0.5372063 4.3812 1.0000000 1.0000 0.0 1.0 0.4998999899979995 0.33333333333333337 []
 | 22.2197 32.1577 39.5380 0.5601226 CC1(O)CC(OCc2ccccc2)OC1C1OC(C(O)CO)C(O)=C1O 1 C1(C(CO)O)OC([*])C(O)=C1O C1(OCc2ccccc2)CC(C)(O)C(*)O1 C1=CC(C2CCC(OCc3ccccc3)O2)OC1 0.5000000 0.5000 0.5755213 0.5755 0.3333333 0.3333 0.4244787 0.4245 1.0000000 368.3820 0.5354720 4.4569 1.0000000 1.0000 0.0 1.0 0.5 0.6666666666666667 []
 | 13.9923 16.1202 58.7564 0.5849734 OCC(O)C1OC(c2ccc3c(c2)CCC3)C(O)=C1OCc1ccccc1 1 O1C(C(O)CO)C(OCc2ccccc2)=C(O)C1[*] C1Cc2ccc(*)cc2C1 C1=C(OCc2ccccc2)COC1c1ccc2c(c1)CCC2 0.5500000 0.5500 0.6509868 0.6510 0.3333333 0.3333 0.3490132 0.3490 1.0000000 368.4290 0.5528564 3.6959 1.0000000 1.0000 0.0 1.0 0.49749371855331 0.6666666666666667 []
 | 10.0215 11.6882 60.9205 0.5672555 CC1(Cc2ccncc2)OCC(C2OC(=O)C(O)=C2O)O1 1 C1(C2OC(C)([*])OC2)C(O)=C(O)C(=O)O1 c1(C*)ccncc1 O=C1C=CC(C2COC(Cc3ccncc3)O2)O1 0.4550000 0.4550 0.7238999 0.7239 0.3333333 0.3333 0.2761001 0.2761 1.0000000 293.2750 0.5439963 4.0843 1.0000000 1.0000 0.0 1.0 0.49797088268291345 0.6666666666666667 []
 | 5.0052 2.5757 -2.5757 0.0000000 CC1(C)OCC(C2OC(=O)C(O)=C2C#N)O1 1 C1(C2COC(C)(C)O2)OC(=O)C(O)=C1[*] *C#N O=C1C=CC(C2COCO2)O1 0.4250000 0.4250 0.8023773 0.8024 0.6666667 0.6667 0.1976227 0.1976 1.0000000 225.2000 0.5468469 3.9595 1.0000000 1.0000 0.0 1.0 0.49434299833212975 0.33333333333333337 []
 | 10.2586 13.5634 -13.5634 0.0000000 Cc1ccccc1C1=C(O)C(C(O)CO)OC1=O 1 C(CO)(C1C(O)=C([*])C(=O)O1)O Cc1c(*)cccc1 O=C1OCC=C1c1ccccc1 0.6550000 0.6550 0.7000000 0.7000 0.6666667 0.6667 0.3000000 0.3000 1.0000000 250.2500 0.5536580 3.3393 1.0000000 1.0000 0.0 1.0 0.4753682782853732 0.33333333333333337 []
21:20:00 <WARN> reinvent_plugins.normalizers.rdkit_smiles: C(C(C=c1ccc(OC)cc1)N(C)C(=O)OCc1ccccc1C)(c1ccc(OC)cc1)* could not be converted
21:20:00 <WARN> reinvent_plugins.normalizers.rdkit_smiles: C1(C)(C)OC(C)C(=O)O1* could not be converted
21:20:00 <WARN> reinvent_plugins.normalizers.rdkit_smiles: c1(O)c(OC)c2c(cc1OC)CCC1(O)C(O)C(O)C(*)C(O)C13OO2 could not be converted
21:20:00 <WARN> reinvent_plugins.normalizers.rdkit_smiles: O=C1N(C=C2C3C(O)C(O)C4C(C)=C4CC(O)C4=CC=C3C3O2)C(=C)C=C(C)C1(O)* could not be converted
21:20:00 <WARN> reinvent_plugins.normalizers.rdkit_smiles: O1C(C)Cc2ccccc21C* could not be converted
21:20:00 <WARN> reinvent_plugins.normalizers.rdkit_smiles: O1c2c(cc(CC(C)O)c(C)c2OC)cc2ccc(O)c(C*)c12 could not be converted
21:20:00 <WARN> reinvent_plugins.normalizers.rdkit_smiles: N(C1C(N*)(C)CCc1c1ccccc1)C(c1nccnc1)=O could not be converted
21:20:00 <WARN> reinvent_plugins.normalizers.rdkit_smiles: c1cc[nH]c2cccc(C*)c12 could not be converted
21:20:14 <INFO> Score: 0.37 Agent NLL: 17.45 Valid:  98% Step: 6
 | Agent Prior Target Score SMILES SMILES_state Input_Scaffold R-groups Scaffold predicted_activity predicted_activity (raw) training_similarity training_similarity (raw) taf_consistency taf_consistency (raw) novelty novelty (raw) MW_window MW_window (raw) synthetic_feasibility synthetic_feasibility (raw) curated alerts filter curated alerts filter (raw) stereo_validity (predicted_activity) scaffold_novelty (predicted_activity) uncertainty (predicted_activity) taf_disrupted (predicted_activity) matchting_patterns (curated alerts filter)
 | 16.3161 21.1197 61.9603 0.6490630 CC1(C#Cc2cc(O)cc(F)c2)OCC(C2OC(=O)C(O)=C2O)O1 1 C1(C2COC(C)([*])O2)C(O)=C(O)C(=O)O1 c1(C#C*)cc(O)cc(F)c1 O=C1C=CC(C2COC(C#Cc3ccccc3)O2)O1 0.4950000 0.4950 0.6924107 0.6924 0.6666667 0.6667 0.3075893 0.3076 1.0000000 336.2710 0.5335821 4.5393 1.0000000 1.0000 0.0 1.0 0.49997499937496875 0.33333333333333337 []
 | 8.8063 8.7430 -8.7430 0.0000000 CC1(C)OCC(C2OC(=O)C(O)=C2c2cccs2)O1 1 CC1(C)OCC(C2OC(=O)C(O)=C2[*])O1 c1csc(*)c1 O=C1C=C(c2cccs2)C(C2COCO2)O1 0.2200000 0.2200 0.7413457 0.7413 0.3333333 0.3333 0.2586543 0.2587 1.0000000 282.3170 0.5510890 3.7735 1.0000000 1.0000 0.0 1.0 0.41424630354415964 0.6666666666666667 []
 | 17.6444 25.8507 60.4890 0.6745289 O=C1OC(C(O)CO)C(O)=C1C(c1ccc(O)c(O)c1)c1c(O)ccc2ccccc12 1 C1(C(O)CO)OC(=O)C([*])=C1O Oc1ccc(C(*)c2c3ccccc3ccc2O)cc1O O=C1OCC=C1C(c1ccccc1)c1cccc2ccccc12 0.6350000 0.6350 0.6000000 0.6000 0.6666667 0.6667 0.4000000 0.4000 1.0000000 424.4050 0.5496385 3.8371 1.0000000 1.0000 0.0 1.0 0.4814301610825811 0.33333333333333337 []
 | 21.1982 31.4152 31.6146 0.4924208 CCCCC1(C)CCCC1C1OC(C(O)CO)C(O)=C1O 1 C1([*])OC(C(O)CO)C(O)=C1O C1(C)(CCCC)CCCC1* C1=CC(C2CCCC2)OC1 0.3150000 0.3150 0.4955585 0.4956 0.3333333 0.3333 0.5062293 0.5062 1.0000000 300.3950 0.5319514 4.6105 1.0000000 1.0000 0.0 1.0 0.46451587701606073 0.6666666666666667 []
 | 56.9729 76.4588 -75.1475 0.0102451 C=C(C)C1CCC(c2ccc(NC(=O)OC(C)C)cc2COC(C)C(NC(=O)OCc2ccccc2)C2OC(C(O)CBr)C(O)=C2O)C=C1O 1 C(Br)C(C1OC([*])C(O)=C1O)O C1=C(O)C(C(C)=C)CCC1c1ccc(NC(OC(C)C)=O)cc1COC(C(NC(OCc1ccccc1)=O)*)C O=C(NC(COCc1ccccc1C1C=CCCC1)C1C=CCO1)OCc1ccccc1 0.4350000 0.4350 0.3946228 0.3946 1.0000000 1.0000 0.6053772 0.6054 0.0000000 759.6910 0.5157979 5.3137 1.0000000 1.0000 0.0 1.0 0.4957569969249047 0.0 []
 | 23.3908 25.0526 44.8453 0.5460770 O=C(Cc1ccc2c(c1)OCO2)N1CCC(C2OC(C(O)CO)C(O)=C2O)C1 1 OC1=C(O)C(C(CO)O)OC1[*] O1c2cc(CC(N3CCC(*)C3)=O)ccc2OC1 O=C(Cc1ccc2c(c1)OCO2)N1CCC(C2C=CCO2)C1 0.5250000 0.5250 0.4626814 0.4627 0.3333333 0.3333 0.5373186 0.5373 1.0000000 393.3920 0.5441309 4.0784 1.0000000 1.0000 0.0 1.0 0.4993746088859544 0.6666666666666667 []
 | 7.4896 11.6566 64.9527 0.5985096 OCC(O)C1OC(Nc2ccccn2)C(O)=C1OCc1ccccc1 1 OC1=C(OCc2ccccc2)C(C(O)CO)OC1[*] c1(N*)ncccc1 C1=C(OCc2ccccc2)COC1Nc1ccccn1 0.5950000 0.5950 0.6787006 0.6787 0.3333333 0.3333 0.3212994 0.3213 1.0000000 344.3670 0.5519247 3.7368 1.0000000 1.0000 0.0 1.0 0.4908920451586072 0.6666666666666667 []
 | 6.2103 10.1784 59.0405 0.5407731 CC1(CC2CCCCC2)OCC(C2OC(=O)C(O)=C2O)O1 1 C1(C2COC(C)([*])O2)C(O)=C(O)C(=O)O1 C(C1CCCCC1)* O=C1C=CC(C2COC(CC3CCCCC3)O2)O1 0.3600000 0.3600 0.7601169 0.7601 0.3333333 0.3333 0.2398831 0.2399 1.0000000 298.3350 0.5422055 4.1627 1.0000000 1.0000 0.0 1.0 0.48 0.6666666666666667 []
 | 10.2846 12.0764 47.3444 0.4642251 Cc1ccc(CC2=C(O)C(=O)OC2C2COC(C)(C)O2)o1 1 CC1(C)OCC(C2OC(=O)C(O)=C2[*])O1 c1(C)ccc(C*)o1 O=C1C=C(Cc2ccco2)C(C2COCO2)O1 0.1850000 0.1850 0.7156264 0.7156 0.3333333 0.3333 0.2843736 0.2844 1.0000000 294.3030 0.5478731 3.9145 1.0000000 1.0000 0.0 1.0 0.38829756630707846 0.6666666666666667 []
 | 50.1782 54.7860 -54.7860 0.0000000 C(C(C=c1ccc(OC)cc1)N(C)C(=O)OCc1ccccc1C)(c1ccc(OC)cc1)* 0 C1(C(O)CO)OC(=O)C([*])=C1O C(C(C=c1ccc(OC)cc1)N(C)C(=O)OCc1ccccc1C)(c1ccc(OC)cc1)* -- 0.0000000 0.0000 0.0000000 0.0000 0.0000000 0.0000 0.0000000 0.0000 0.0000000 0.0000 0.0000000 0.0000 0.0000000 0.0000 None None None None None
21:20:15 <WARN> reinvent_plugins.normalizers.rdkit_smiles: c1c(C2=N3CC4(C)C[N+]24)cc(C)cc(C*)c1O could not be converted
21:20:15 <WARN> reinvent_plugins.normalizers.rdkit_smiles: C1CN(*)CCC1S1(=O)=O could not be converted
21:20:15 <WARN> reinvent_plugins.normalizers.rdkit_smiles: n1(C)c(=CC(*)c2ccc(NC(C(C3CCCC3)c3ccccc3)=O)cc2)cccc1=O could not be converted
21:20:15 <WARN> reinvent_plugins.normalizers.rdkit_smiles: c1c(O)c(CN*)cc(C(C)C)cc1 could not be converted
21:20:15 <WARN> reinvent_plugins.normalizers.rdkit_smiles: c1(O)c(O)cc(C*)c1 could not be converted
21:20:15 <WARN> reinvent_plugins.normalizers.rdkit_smiles: *CC1C(=O)Nc2c(O)ccc3cccc1C32=O could not be converted
21:20:15 <WARN> reinvent_plugins.normalizers.rdkit_smiles: c1cccc(CCCC(C(CC(C)C)Cc1cccc(-c2cc(C*)ccc2O)c1)=O)C(=O)O could not be converted
21:20:29 <INFO> Score: 0.37 Agent NLL: 16.30 Valid:  98% Step: 7
 | Agent Prior Target Score SMILES SMILES_state Input_Scaffold R-groups Scaffold predicted_activity predicted_activity (raw) training_similarity training_similarity (raw) taf_consistency taf_consistency (raw) novelty novelty (raw) MW_window MW_window (raw) synthetic_feasibility synthetic_feasibility (raw) curated alerts filter curated alerts filter (raw) stereo_validity (predicted_activity) scaffold_novelty (predicted_activity) uncertainty (predicted_activity) taf_disrupted (predicted_activity) matchting_patterns (curated alerts filter)
 | 27.7958 29.0992 49.8740 0.6169786 CC1=CCCC(C)(O)C1=C(CCc1ccc(O)cc1)C1(C)OCC(C2OC(=O)C(O)=C2O)O1 1 O1C(C)([*])OC(C2C(O)=C(O)C(=O)O2)C1 *C(=C1C(C)=CCCC1(C)O)CCc1ccc(O)cc1 O=C1C=CC(C2COC(C(CCc3ccccc3)=C3C=CCCC3)O2)O1 0.4250000 0.4250 0.6179975 0.6180 0.6666667 0.6667 0.3820025 0.3820 1.0000000 458.5070 0.5279579 4.7845 1.0000000 1.0000 0.0 1.0 0.49434299833212975 0.33333333333333337 []
 | 26.0914 34.6454 27.9484 0.4890145 CC1(C)OCC(C2OC(=O)C(O)=C2C(=O)C(c2cccc(C(=O)O)c2)c2cccc3ccccc23)O1 1 C1([*])=C(O)C(=O)OC1C1COC(C)(C)O1 c1(C(=O)O)cc(C(c2c3ccccc3ccc2)C(=O)*)ccc1 O=C1C=C(C(=O)C(c2ccccc2)c2cccc3ccccc23)C(C2COCO2)O1 0.2550000 0.2550 0.6179975 0.6180 0.3333333 0.3333 0.3820025 0.3820 1.0000000 488.4920 0.5487937 3.8741 1.0000000 1.0000 0.0 1.0 0.43586121644395015 0.6666666666666667 []
 | 18.9913 21.5288 64.6759 0.6734736 O=C1OC(C(O)CO)C(O)=C1Cc1ccc(C2(c3ccccc3)OCCO2)cc1 1 O1C(=O)C([*])=C(O)C1C(O)CO c1c(C*)ccc(C2(c3ccccc3)OCCO2)c1 O=C1OCC=C1Cc1ccc(C2(c3ccccc3)OCCO2)cc1 0.6150000 0.6150 0.6192562 0.6193 0.6666667 0.6667 0.3807438 0.3807 1.0000000 398.4110 0.5532066 3.6805 1.0000000 1.0000 0.0 1.0 0.4865953144040744 0.33333333333333337 []
 | 16.7916 22.5405 50.2593 0.5687480 CC(Cc1cccc(-c2ccccc2)c1)C1OC(C(O)CO)C(O)=C1O 1 OCC(O)C1C(O)=C(O)C([*])O1 c1(-c2ccccc2)cc(CC(*)C)ccc1 C1=CC(CCc2cccc(-c3ccccc3)c2)OC1 0.5550000 0.5550 0.5391710 0.5392 0.3333333 0.3333 0.4608290 0.4608 1.0000000 356.4180 0.5498170 3.8293 1.0000000 1.0000 0.0 1.0 0.4969657935914704 0.6666666666666667 []
 | 16.7817 24.7318 55.4594 0.6264939 OC1=C(O)C(C(O)CBr)OC1Cc1cccc(-c2cccc(C(F)(F)F)c2)c1 1 BrCC(O)C1C(O)=C(O)C([*])O1 c1ccc(-c2cc(C*)ccc2)cc1C(F)(F)F C1=CC(Cc2cccc(-c3ccccc3)c2)OC1 0.5300000 0.5300 0.4915677 0.4916 0.6666667 0.6667 0.5084323 0.5084 1.0000000 459.2580 0.5492702 3.8533 1.0000000 1.0000 0.0 1.0 0.49909918853871116 0.33333333333333337 []
 | 12.8972 15.5002 65.4265 0.6322392 O=S(=O)(NC1OC(C(O)CO)C(O)=C1O)c1ccc(Br)cc1 1 OCC(O)C1C(O)=C(O)C([*])O1 c1(S(=O)(=O)N*)ccc(Br)cc1 O=S(=O)(NC1C=CCO1)c1ccccc1 0.5350000 0.5350 0.5124101 0.5124 0.6666667 0.6667 0.4875899 0.4876 1.0000000 396.2150 0.5476637 3.9237 1.0000000 1.0000 0.0 1.0 0.49877349568717055 0.33333333333333337 []
 | 11.3737 14.1538 61.1351 0.5881952 Cn1cccc1C1OC(C(O)CO)C(OCc2ccccc2)=C1O 1 c1cccc(COC2=C(O)C([*])OC2C(CO)O)c1 n1(C)c(*)ccc1 C1=C(OCc2ccccc2)COC1c1ccc[nH]1 0.5550000 0.5550 0.6714416 0.6714 0.3333333 0.3333 0.3285584 0.3286 1.0000000 331.3680 0.5493384 3.8503 1.0000000 1.0000 0.0 1.0 0.4969657935914704 0.6666666666666667 []
 | 16.0478 22.1583 45.6989 0.5301348 CCOC(=O)N1CCC(OCC2(C)OCC(C3OC(=O)C(O)=C3O)O2)CC1 1 O1C(C)([*])OC(C2C(O)=C(O)C(=O)O2)C1 C(=O)(OCC)N1CCC(OC*)CC1 O=C1C=CC(C2COC(COC3CCNCC3)O2)O1 0.3500000 0.3500 0.6713171 0.6713 0.3333333 0.3333 0.3286829 0.3287 1.0000000 387.3850 0.5422108 4.1624 1.0000000 1.0000 0.0 1.0 0.47696960070847283 0.6666666666666667 []
 | 14.9616 21.6751 48.9611 0.5518448 CC1(C)OCC(C2OC(=O)C(O)=C2C(N)c2ccc3c(c2)OCO3)O1 1 C1([*])=C(O)C(=O)OC1C1COC(C)(C)O1 O1COc2ccc(C(*)N)cc21 O=C1C=C(Cc2ccc3c(c2)OCO3)C(C2COCO2)O1 0.2400000 0.2400 0.6713171 0.6713 0.6666667 0.6667 0.3286829 0.3287 1.0000000 349.3390 0.5458961 4.0011 1.0000000 1.0000 0.0 1.0 0.4270831300812525 0.33333333333333337 []
 | 35.7761 42.2586 40.4786 0.6463844 CC(=S)N1C=CN(CCCC2=C(O)C(C(O)CO)OC2=O)CC1 1 O1C(=O)C([*])=C(O)C1C(O)CO C(CCN1CCN(C(=S)C)cc1)* O=C1OCC=C1CCCN1C=CNCC1 0.5350000 0.5350 0.5939697 0.5940 0.6666667 0.6667 0.4060303 0.4060 1.0000000 342.4170 0.5351857 4.4694 1.0000000 1.0000 0.0 1.0 0.49877349568717055 0.33333333333333337 []
21:20:30 <WARN> reinvent_plugins.normalizers.rdkit_smiles: C1CCC[N+]1(C)CC1CCCO1C(C*)=O could not be converted
21:20:30 <WARN> reinvent_plugins.normalizers.rdkit_smiles: O1c2c(c(O)ccc2CCN1CCc2c3ccccc3ccc2)OCC1CN* could not be converted
21:20:30 <WARN> reinvent_plugins.normalizers.rdkit_smiles: c1(C)c(C)c[s+](c(C*)c1C)C1C(O)C(C(=O)OC3OC(C)CC3)CC1 could not be converted
21:20:30 <WARN> reinvent_plugins.normalizers.rdkit_smiles: *C#CC1(O)CCC2C(C)(C)C13CCC2=C2c1ccccc1C2 could not be converted
21:20:30 <WARN> reinvent_plugins.normalizers.rdkit_smiles: C1(O)C(O)C(O)C(O)O1C(C=CC(*)C)=O could not be converted
21:20:30 <WARN> reinvent_plugins.normalizers.rdkit_smiles: C1C2C2CC(C)C(O)C1C(*)CCC(=O)C(Cc1ccccc1)C could not be converted
21:20:30 <WARN> reinvent_plugins.normalizers.rdkit_smiles: N1(*)CCN(Cc2ccc2ccc(C)cc2)CC1 could not be converted
21:20:44 <INFO> Score: 0.39 Agent NLL: 18.88 Valid:  98% Step: 8
 | Agent Prior Target Score SMILES SMILES_state Input_Scaffold R-groups Scaffold predicted_activity predicted_activity (raw) training_similarity training_similarity (raw) taf_consistency taf_consistency (raw) novelty novelty (raw) MW_window MW_window (raw) synthetic_feasibility synthetic_feasibility (raw) curated alerts filter curated alerts filter (raw) stereo_validity (predicted_activity) scaffold_novelty (predicted_activity) uncertainty (predicted_activity) taf_disrupted (predicted_activity) matchting_patterns (curated alerts filter)
 | 8.7507 7.8258 -7.8258 0.0000000 CC1(Cc2ccc(O)cc2)OCC(C2OC(=O)C(O)=C2O)O1 1 C1(C2OC(=O)C(O)=C2O)COC([*])(C)O1 Oc1ccc(C*)cc1 O=C1C=CC(C2COC(Cc3ccccc3)O2)O1 0.4600000 0.4600 0.7413457 0.7413 0.3333333 0.3333 0.2586543 0.2587 1.0000000 308.2860 0.5465511 3.9724 1.0000000 1.0000 0.0 1.0 0.49839743177508444 0.6666666666666667 []
 | 18.6621 22.6320 44.4979 0.5244519 CCOc1ccc(NC(=O)C2=C(O)C(=O)OC2C2COC(C)(C)O2)cn1 1 [*]C1=C(O)C(=O)OC1C1OC(C)(C)OC1 n1cc(NC(*)=O)ccc1OCC O=C1C=C(C(=O)Nc2cccnc2)C(C2COCO2)O1 0.1900000 0.1900 0.6588293 0.6588 0.6666667 0.6667 0.3540248 0.3540 1.0000000 364.3540 0.5551756 3.5940 1.0000000 1.0000 0.0 1.0 0.39230090491866065 0.33333333333333337 []
 | 50.9117 56.6048 31.6032 0.6891257 Cc1cc(C#N)c(C(=O)Nc2cc(C(CCC(C)(C)C)C3=C(O)C(C(O)CO)OC3=O)ccc2C)o1 1 C1(O)=C([*])C(=O)OC1C(O)CO *C(c1cc(NC(c2c(C#N)cc(C)o2)=O)c(C)cc1)CCC(C)(C)C O=C1OCC=C1Cc1cccc(NC(=O)c2ccco2)c1 0.5700000 0.5700 0.5169842 0.5170 1.0000000 1.0000 0.4830158 0.4830 1.0000000 496.5600 0.5400040 4.2589 1.0000000 1.0000 0.0 1.0 0.4950757517794625 0.0 []
 | 26.8209 29.6438 38.2370 0.5303191 C[N+]1(CCNC(=O)c2ccccc2)CCC(C2OC(C(O)CO)C(O)=C2O)CC1 1 C1(C(CO)O)OC([*])C(O)=C1O O=C(c1ccccc1)NCC[N+]1(C)CCC(*)CC1 O=C(NCC[NH+]1CCC(C2C=CCO2)CC1)c1ccccc1 0.4500000 0.4500 0.4760952 0.4761 0.3333333 0.3333 0.5239048 0.5239 1.0000000 407.4870 0.5428953 4.1325 1.0000000 1.0000 0.0 1.0 0.49749371855331004 0.6666666666666667 []
 | 34.2133 43.5225 26.0145 0.5432574 COCC1CCC([N+]2(C3OC(C(O)CBr)C(O)=C3O)CCOCC2)C1C1COC(C)(C)O1 1 C1(O)=C(O)C([*])OC1C(CBr)O O1C(C)(C)OCC1C1C(COC)CCC1[N+]1(*)CCOCC1 C1=CC([N+]2(C3CCCC3C3COCO3)CCOCC2)OC1 0.3000000 0.3000 0.4714045 0.4714 0.6666667 0.6667 0.5285955 0.5286 1.0000000 523.4410 0.5087655 5.6193 1.0000000 1.0000 0.0 1.0 0.458257569495584 0.33333333333333337 []
 | 14.3476 17.9226 52.3729 0.5491840 OCC(O)C1OC(NCCc2ccsc2)C(O)=C1O 1 C1(O)=C(O)C([*])OC1C(O)CO c1sccc1CCN* C1=CC(NCCc2ccsc2)OC1 0.5350000 0.5350 0.4685213 0.4685 0.3333333 0.3333 0.5314787 0.5315 1.0000000 287.3370 0.5401249 4.2536 1.0000000 1.0000 0.0 1.0 0.49877349568717055 0.6666666666666667 []
 | 5.8284 7.9191 -7.9191 0.0000000 OCC(O)C1OC(N2CCOCC2)C(O)=C1OCc1ccccc1 1 c1cc(COC2=C(O)C([*])OC2C(CO)O)ccc1 C1COCCN1* C1=C(OCc2ccccc2)COC1N1CCOCC1 0.5850000 0.5850 0.6787006 0.6787 0.3333333 0.3333 0.3212994 0.3213 1.0000000 337.3720 0.5507972 3.7863 1.0000000 1.0000 0.0 1.0 0.49272203116970525 0.6666666666666667 []
 | 14.3819 16.4884 55.7720 0.5645338 Cc1cccc(C(=O)C2(C)OCC(C3OC(=O)C(O)=C3O)O2)c1 1 C1(C2OC(=O)C(O)=C2O)COC([*])(C)O1 O=C(*)c1cccc(C)c1 O=C1C=CC(C2COC(C(=O)c3ccccc3)O2)O1 0.4500000 0.4500 0.7076303 0.7076 0.3333333 0.3333 0.2923697 0.2924 1.0000000 320.2970 0.5447441 4.0516 1.0000000 1.0000 0.0 1.0 0.49749371855331004 0.6666666666666667 []
 | 15.2907 15.5168 -15.5168 0.0000000 COc1cc([N+](=O)[O-])cc(C2=C(O)C(=O)OC2C2COC(C)(C)O2)c1OC 1 [*]C1=C(O)C(=O)OC1C1OC(C)(C)OC1 c1c(*)c(OC)c(OC)cc1[N+](=O)[O-] O=C1C=C(c2ccccc2)C(C2COCO2)O1 0.1900000 0.1900 0.7134773 0.7135 0.3333333 0.3333 0.3417194 0.3417 1.0000000 381.3370 0.5518860 3.7385 1.0000000 1.0000 0.0 1.0 0.39230090491866065 0.6666666666666667 []
 | 7.1713 8.1575 -8.1575 0.0000000 O=C1OC(C(O)CO)C(O)=C1Cc1ccccc1 1 C1(O)=C([*])C(=O)OC1C(O)CO c1c(C*)cccc1 O=C1OCC=C1Cc1ccccc1 0.7450000 0.7450 0.7202941 0.7203 0.6666667 0.6667 0.2797059 0.2797 1.0000000 250.2500 0.5529194 3.3069 1.0000000 1.0000 0.0 1.0 0.43586121644395015 0.33333333333333337 []
21:20:45 <WARN> reinvent_plugins.normalizers.rdkit_smiles: O(C(=O)c1ccc(OCC2C(C)=CCC3C4C2C(C)(O)NC4)ccc2c1ccc2*)C could not be converted
21:20:45 <WARN> reinvent_plugins.normalizers.rdkit_smiles: c1c(CSC*)cccc1Cn1nc2n(n1)c1c(cncn1)c2-c1ccncc1 could not be converted
21:20:45 <WARN> reinvent_plugins.normalizers.rdkit_smiles: C1COCCO1Sc1cc(C)cc(O*)c1 could not be converted
21:20:45 <WARN> reinvent_plugins.normalizers.rdkit_smiles: c1ccccc1C(C)(n1cc(CCC*)nn1)C1C(=O)OC(3CCCC3)C1 could not be converted
21:20:45 <WARN> reinvent_plugins.normalizers.rdkit_smiles: O1c2c(cccc2)COc2cc(C)ccc21C1CCCCN1* could not be converted
21:20:45 <WARN> reinvent_plugins.normalizers.rdkit_smiles: C12(C)CCOC1CC3C1CCC(*)C1=CCCC2(C)OO1 could not be converted
21:20:45 <WARN> reinvent_plugins.normalizers.rdkit_smiles: C1(=O)C24C4C(C)(C(*)CC2(C)C3C11)OO1)=CC(C)OC1=CC(=O)C=CC1=O could not be converted
21:20:45 <WARN> reinvent_plugins.normalizers.rdkit_smiles: C1(C(OCc2ccccc2)O)C(O)C(O)C(CN)O1C1OC(C)(C)C(C*)C1CCC could not be converted
21:20:45 <WARN> reinvent_plugins.normalizers.rdkit_smiles: O1C(C)(O)CCC2C3C4(C)C(CC(C)(CC1)OO4)C(C)CC3OC(C)C3C)C(C)=C2C(C(O)C*)O could not be converted
21:20:45 <WARN> reinvent_plugins.normalizers.rdkit_smiles: O1C(C*)CCC1C1=C(C)CCCC12N=C(C)c1ccccc11C=C(C)NN12 could not be converted
21:20:45 <WARN> reinvent_plugins.normalizers.rdkit_smiles: c1cc(-c2cc(=O)c3c(c2C)COC(C)(C)O3)ccc1C1CN(*)COC1C1OC(C)(C)C=C1 could not be converted
21:20:45 <WARN> reinvent_plugins.normalizers.rdkit_smiles: c1cccc2c1OCCc2c1ccc(O*)cc1 could not be converted
21:20:45 <WARN> reinvent_plugins.normalizers.rdkit_smiles: O=C1C2(C)C(O)CC1C2C)* could not be converted
21:20:45 <WARN> reinvent_plugins.normalizers.rdkit_smiles: C1(=O)N(C*)C(=O)c2c1cc1ccccc1cc2 could not be converted
21:20:59 <INFO> Score: 0.38 Agent NLL: 19.59 Valid:  97% Step: 9
 | Agent Prior Target Score SMILES SMILES_state Input_Scaffold R-groups Scaffold predicted_activity predicted_activity (raw) training_similarity training_similarity (raw) taf_consistency taf_consistency (raw) novelty novelty (raw) MW_window MW_window (raw) synthetic_feasibility synthetic_feasibility (raw) curated alerts filter curated alerts filter (raw) stereo_validity (predicted_activity) scaffold_novelty (predicted_activity) uncertainty (predicted_activity) taf_disrupted (predicted_activity) matchting_patterns (curated alerts filter)
 | 7.8453 10.8008 -10.8008 0.0000000 CC1(C(c2ccccc2)c2ccccc2)OCC(C2OC(=O)C(O)=C2O)O1 1 OC1=C(O)C(=O)OC1C1OC([*])(C)OC1 c1ccccc1C(c1ccccc1)* O=C1C=CC(C2COC(C(c3ccccc3)c3ccccc3)O2)O1 0.4650000 0.4650 0.7505553 0.7506 0.3333333 0.3333 0.2494447 0.2494 1.0000000 368.3850 0.5492124 3.8558 1.0000000 1.0000 0.0 1.0 0.4987734956871706 0.6666666666666667 []
 | 21.9266 24.1990 -24.1990 0.0000000 CCCCCOC(=O)NS(=O)(=O)C1=C(O)C(=O)OC1C1COC(C)(C)O1 1 C1OC(C)(C)OC1C1OC(=O)C(O)=C1[*] C(CCC)COC(=O)NS(=O)(*)=O O=C1C=CC(C2COCO2)O1 0.1250000 0.1250 0.7146944 0.7147 0.6666667 0.6667 0.3417194 0.3417 1.0000000 393.4140 0.5494493 3.8454 1.0000000 1.0000 0.0 1.0 0.33071891388307384 0.33333333333333337 []
 | 51.6049 58.8667 -58.8667 0.0000000 O(C(=O)c1ccc(OCC2C(C)=CCC3C4C2C(C)(O)NC4)ccc2c1ccc2*)C 0 C1(C(O)CO)OC(=O)C([*])=C1O O(C(=O)c1ccc(OCC2C(C)=CCC3C4C2C(C)(O)NC4)ccc2c1ccc2*)C -- 0.0000000 0.0000 0.0000000 0.0000 0.0000000 0.0000 0.0000000 0.0000 0.0000000 0.0000 0.0000000 0.0000 0.0000000 0.0000 None None None None None
 | 9.3664 7.8554 -7.8554 0.0000000 COc1cc(CC2OC(C(O)CO)C(O)=C2O)ccc1O 1 C(C(C1OC([*])C(O)=C1O)O)O c1cc(O)c(OC)cc1C* C1=CC(Cc2ccccc2)OC1 0.4650000 0.4650 0.5220133 0.5220 0.3333333 0.3333 0.5306660 0.5307 1.0000000 298.2910 0.5485451 3.8850 1.0000000 1.0000 0.0 1.0 0.49877349568717055 0.6666666666666667 []
 | 28.2909 32.8339 39.5110 0.5651945 CC(CN)OC1CC(O)CC(C2OC(C(O)CBr)C(O)=C2O)C1O 1 O1C(C(CBr)O)C(O)=C(O)C1[*] C1(*)C(O)C(OC(C)CN)CC(O)C1 C1=CC(C2CCCCC2)OC1 0.3450000 0.3450 0.4915677 0.4916 0.6666667 0.6667 0.5084323 0.5084 1.0000000 412.2770 0.5131323 5.4295 1.0000000 1.0000 0.0 1.0 0.4753682782853732 0.33333333333333337 []
 | 25.7552 26.0906 43.0783 0.5403821 COc1cc(C2C(=O)CCC2C2OC(C(O)CO)C(O)=C2O)oc(=O)c1 1 C(O)C(C1OC([*])C(O)=C1O)O C1(*)CCC(=O)C1c1cc(OC)cc(=O)o1 O=C1CCC(C2C=CCO2)C1c1cccc(=O)o1 0.4400000 0.4400 0.5407776 0.5408 0.3333333 0.3333 0.5007698 0.5008 1.0000000 368.3380 0.5307677 4.6621 1.0000000 1.0000 0.0 1.0 0.4963869458396343 0.6666666666666667 []
 | 5.9250 10.4755 -10.4755 0.0000000 OCC(O)C1OC(N2CCOCC2)C(O)=C1OCc1ccccc1 1 c1(COC2=C(O)C([*])OC2C(O)CO)ccccc1 N1(*)CCOCC1 C1=C(OCc2ccccc2)COC1N1CCOCC1 0.5850000 0.5850 0.6787006 0.6787 0.3333333 0.3333 0.3212994 0.3213 1.0000000 337.3720 0.5507972 3.7863 1.0000000 1.0000 0.0 1.0 0.49272203116970525 0.6666666666666667 []
 | 47.7714 57.0095 -55.7468 0.0098652 Cc1ccc(OC2C(O)C(O)C(O)C(O)C2CS(=O)(=O)O)c(CC(C)CCc2cccc(OCC3(C)OCC(C4OC(=O)C(O)=C4O)O3)c2)c1 1 OC1=C(O)C(=O)OC1C1OC([*])(C)OC1 C(CCc1cc(OC*)ccc1)(C)Cc1cc(C)ccc1OC1C(O)C(O)C(O)C(O)C1CS(=O)(O)=O O=C1C=CC(C2COC(COc3cccc(CCCCc4ccccc4OC4CCCCC4)c3)O2)O1 0.4050000 0.4050 0.5179324 0.5179 0.6666667 0.6667 0.4820676 0.4821 0.0000000 724.7780 0.5152210 5.3388 1.0000000 1.0000 0.0 1.0 0.4908920451586072 0.33333333333333337 []
 | 45.1920 53.8820 14.4476 0.5338253 CCC(C)CC1OC1C(Oc1ccccc1OC)C(O)C(O)C(C)C1=C(O)C(=O)OC1C1COC(C)(C)O1 1 C1OC(C)(C)OC1C1OC(=O)C(O)=C1[*] C1(C(C(C(C(*)C)O)O)Oc2c(OC)cccc2)OC1CC(C)CC O=C1C=C(CCCC(Oc2ccccc2)C2CO2)C(C2COCO2)O1 0.2150000 0.2150 0.6285567 0.6286 0.6666667 0.6667 0.4200704 0.4201 1.0000000 536.6180 0.5217279 5.0558 1.0000000 1.0000 0.0 1.0 0.41082234603292944 0.33333333333333337 []
 | 14.5848 12.8928 71.7642 0.6613830 COc1ccc(C(=O)CC2=C(O)C(C(O)CO)OC2=O)cc1 1 C1(C(O)CO)OC(=O)C([*])=C1O c1cc(OC)ccc1C(=O)C* O=C1OCC=C1CC(=O)c1ccccc1 0.5450000 0.5450 0.6513203 0.6513 0.6666667 0.6667 0.3595060 0.3595 1.0000000 308.2860 0.5535520 3.3347 1.0000000 1.0000 0.0 1.0 0.4979708826829135 0.33333333333333337 []
21:21:00 <WARN> reinvent_plugins.normalizers.rdkit_smiles: O(CC1CCCO1C)C(=O)C(C(S)C=S)* could not be converted
21:21:00 <WARN> reinvent_plugins.normalizers.rdkit_smiles: CC1=C2C(C*)(C)C(O)CCC2C2CCC3COC(C)=OC1C3(C)CO2 could not be converted
21:21:00 <WARN> reinvent_plugins.normalizers.rdkit_smiles: C1(c2ccccc2)=CC(=O)C=C(OC)C1=O)N1CCC(*)CC1 could not be converted
21:21:00 <WARN> reinvent_plugins.normalizers.rdkit_smiles: *C#CC1(O)COC2O1CCO2 could not be converted
21:21:00 <WARN> reinvent_plugins.normalizers.rdkit_smiles: C1(C(*)SC(=C)C)C2CCc3c3ccnc1c-3cn2 could not be converted
21:21:00 <WARN> reinvent_plugins.normalizers.rdkit_smiles: C1COCc2c1c(N1CCOC(=O)C1)nc1ccccc1c2=O)* could not be converted
21:21:00 <WARN> reinvent_plugins.normalizers.rdkit_smiles: C1C(O*)C(O)C(O)C2(OO1)C21CC1 could not be converted
21:21:00 <WARN> reinvent_plugins.normalizers.rdkit_smiles: c1cc(OCC(O)*)cc2c(Oc3c3ccsc3C)cccc12 could not be converted
21:21:00 <WARN> reinvent_plugins.normalizers.rdkit_smiles: c1c2cc3c(cccc1C*)c3ccc2 could not be converted
21:21:00 <WARN> reinvent_plugins.normalizers.rdkit_smiles: c1(C(=O)Oc2c(OC)cc(C(C)C)ccc2*)cc(C)ccc1 could not be converted
21:21:00 <WARN> reinvent_plugins.normalizers.rdkit_smiles: O1c2c(NC(=O)C(*)CNC3CCCC=C3)cc(-c3ccc(OC)cc3)c1OCO2 could not be converted
21:21:00 <WARN> reinvent_plugins.normalizers.rdkit_smiles: C1CSc2n1nc(C)c(*)c2=O could not be converted
21:21:00 <WARN> reinvent_plugins.normalizers.rdkit_smiles: C1C2CC3CC1CC(C2)C3O)(C)* could not be converted
21:21:00 <WARN> reinvent_plugins.normalizers.rdkit_smiles: C1C(Cc2ccccc2)OCC1n1c1ncc(CO*)cc1 could not be converted
21:21:00 <WARN> reinvent_plugins.normalizers.rdkit_smiles: C1N(S(c2ccc(C)cc1)(=O)=OC(=C)C=C(O)C(*)COS(=O)(=O)O)CO could not be converted
21:21:00 <WARN> reinvent_plugins.normalizers.rdkit_smiles: C1(C(*)N)OC(C24OCC(C)(C)CC(C(C)(O)C)OC2C(O)CO)(O)C(CO)C1 could not be converted
21:21:00 <WARN> reinvent_plugins.normalizers.rdkit_smiles: c1(C(NC(C1CCCC1)C)=O)* could not be converted
21:21:00 <WARN> reinvent_plugins.normalizers.rdkit_smiles: c12c(cccc1)CCCN2C(N*)C=C1C(O)C(O)C=C1=O could not be converted
21:21:00 <WARN> reinvent_plugins.normalizers.rdkit_smiles: C1(C)C(*)C12C1CCCc3ccccc312 could not be converted
21:21:14 <INFO> Score: 0.40 Agent NLL: 20.95 Valid:  96% Step: 10
 | Agent Prior Target Score SMILES SMILES_state Input_Scaffold R-groups Scaffold predicted_activity predicted_activity (raw) training_similarity training_similarity (raw) taf_consistency taf_consistency (raw) novelty novelty (raw) MW_window MW_window (raw) synthetic_feasibility synthetic_feasibility (raw) curated alerts filter curated alerts filter (raw) stereo_validity (predicted_activity) scaffold_novelty (predicted_activity) uncertainty (predicted_activity) taf_disrupted (predicted_activity) matchting_patterns (curated alerts filter)
 | 35.6588 44.4096 -44.4096 0.0000000 O(CC1CCCO1C)C(=O)C(C(S)C=S)* 0 C1(C2OC(=O)C(O)=C2O)COC([*])(C)O1 O(CC1CCCO1C)C(=O)C(C(S)C=S)* -- 0.0000000 0.0000 0.0000000 0.0000 0.0000000 0.0000 0.0000000 0.0000 0.0000000 0.0000 0.0000000 0.0000 0.0000000 0.0000 None None None None None
 | 15.5656 22.9074 -22.9074 0.0000000 CCCOc1ccc(CC2=C(O)C(=O)OC2C2COC(C)(C)O2)cc1OCC 1 O1CC(C2C([*])=C(O)C(=O)O2)OC1(C)C c1cc(OCCC)c(OCC)cc1C* O=C1C=C(Cc2ccccc2)C(C2COCO2)O1 0.1400000 0.1400 0.7341170 0.7341 0.3333333 0.3333 0.3599243 0.3599 1.0000000 392.4480 0.5552123 3.5923 1.0000000 1.0000 0.0 1.0 0.3469870314579494 0.6666666666666667 []
 | 11.5934 17.2620 -17.2620 0.0000000 Cc1cccc(CC2=C(O)C(C(O)CO)OC2=O)c1O 1 C1(=O)C([*])=C(O)C(C(O)CO)O1 c1c(C*)c(O)c(C)cc1 O=C1OCC=C1Cc1ccccc1 0.6500000 0.6500 0.6640783 0.6641 0.6666667 0.6667 0.3359217 0.3359 1.0000000 280.2760 0.5541364 3.6396 1.0000000 1.0000 0.0 1.0 0.47696960070847283 0.33333333333333337 []
 | 48.6298 52.9313 -52.9313 0.0000000 COC1C=COC2C(N)CCC(C1O)C2N1CCN(C2OC(C(O)CO)C(O)=C2O)CC1 1 O1C([*])C(O)=C(O)C1C(CO)O O1C=CC(OC)C(O)C2CCC(N)C1C2N1CCN(*)CC1 C1=COC2CCCC(CC1)C2N1CCN(C2C=CCO2)CC1 0.0000000 0.0000 0.0000000 0.0000 0.0000000 0.0000 0.0000000 0.0000 0.0000000 0.0000 0.0000000 0.0000 0.0000000 0.0000 None None None None ['[*;r{8-17}]']
 | 9.6387 11.1001 72.2092 0.6508534 O=C1c2ccccc2C(=O)N1C1OC(C(O)CBr)C(O)=C1O 1 O1C(C(O)CBr)C(O)=C(O)C1[*] C1(=O)c2ccccc2C(=O)N1* O=C1c2ccccc2C(=O)N1C1C=CCO1 0.5350000 0.5350 0.6125845 0.6126 0.6666667 0.6667 0.3874155 0.3874 1.0000000 370.1550 0.5454865 4.0191 1.0000000 1.0000 0.0 1.0 0.49877349568717055 0.33333333333333337 []
 | 10.3651 18.3885 52.5827 0.5544624 OCC(O)C1OC(CC2CC2c2ccccc2)C(O)=C1O 1 OC(CO)C1OC([*])C(O)=C1O C1C(c2ccccc2)C1C* C1=CC(CC2CC2c2ccccc2)OC1 0.5200000 0.5200 0.5124101 0.5124 0.3333333 0.3333 0.4875899 0.4876 1.0000000 292.3310 0.5392361 4.2925 1.0000000 1.0000 0.0 1.0 0.4995998398718719 0.6666666666666667 []
 | 10.3595 11.4629 -11.4629 0.0000000 OCC(O)C1OC(Cc2ccccc2)C(O)=C1OCc1ccccc1 1 C1([*])OC(C(CO)O)C(OCc2ccccc2)=C1O C(*)c1ccccc1 C1=C(OCc2ccccc2)COC1Cc1ccccc1 0.5850000 0.5850 0.7370974 0.7371 0.3333333 0.3333 0.2629026 0.2629 1.0000000 342.3910 0.5567815 3.4767 1.0000000 1.0000 0.0 1.0 0.49272203116970525 0.6666666666666667 []
 | 14.4527 18.1389 -18.1389 0.0000000 CCC(c1ccc(OC)c(OC)c1)C1(C)OCC(C2OC(=O)C(O)=C2O)O1 1 C1(C2OC(=O)C(O)=C2O)COC([*])(C)O1 c1c(OC)c(OC)cc(C(*)CC)c1 O=C1C=CC(C2COC(Cc3ccccc3)O2)O1 0.3750000 0.3750 0.6647030 0.6647 0.3333333 0.3333 0.3352970 0.3353 1.0000000 380.3930 0.5411553 4.2086 1.0000000 1.0000 0.0 1.0 0.4841229182759271 0.6666666666666667 []
 | 11.1672 11.3241 -11.3241 0.0000000 COc1ccc(CC2=C(O)C(=O)OC2C2COC(C)(C)O2)cc1OC 1 O1CC(C2C([*])=C(O)C(=O)O2)OC1(C)C c1cc(C*)cc(OC)c1OC O=C1C=C(Cc2ccccc2)C(C2COCO2)O1 0.1750000 0.1750 0.7426107 0.7426 0.3333333 0.3333 0.3148399 0.3148 1.0000000 350.3670 0.5565377 3.5341 1.0000000 1.0000 0.0 1.0 0.3799671038392666 0.6666666666666667 []
 | 13.1782 16.6032 70.6038 0.6813045 Cc1ccccc1NC(=O)C1=C(O)C(C(O)CO)OC1=O 1 C1(=O)C([*])=C(O)C(C(O)CO)O1 C(*)(Nc1c(C)cccc1)=O O=C(Nc1ccccc1)C1=CCOC1=O 0.6250000 0.6250 0.6559298 0.6559 0.6666667 0.6667 0.3440702 0.3441 1.0000000 293.2750 0.5516756 3.2523 1.0000000 1.0000 0.0 1.0 0.4841229182759271 0.33333333333333337 []
21:21:15 <WARN> reinvent_plugins.normalizers.rdkit_smiles: C(c1c(O)c2c(cc1)N1C3C=CC=C3CCC1c1cc3c(O)cccc-3c1O)(C)COC2* could not be converted
21:21:15 <WARN> reinvent_plugins.normalizers.rdkit_smiles: *c1c(=O)c(OC(c2ccc3c(cccc3)c2)C)c(C)nc1C could not be converted
21:21:15 <WARN> reinvent_plugins.normalizers.rdkit_smiles: c1cc(F)ccc1S(=O)(Oc1c(*)cc(C=CC(Oc2cc3c3ccccc3ccc2)=O)cc1)=O could not be converted
21:21:15 <WARN> reinvent_plugins.normalizers.rdkit_smiles: C1C(C)C2CCC3(*)C3CCC122OOO could not be converted
21:21:15 <WARN> reinvent_plugins.normalizers.rdkit_smiles: *C(CS(=O)(=O)C1(C)C1C(C)(C)C)CO could not be converted
21:21:15 <WARN> reinvent_plugins.normalizers.rdkit_smiles: C1(O*)C=CC(COC(C)=O)=CC1OC1CC(C)OC2C1O1CC2C2C1OCC21CCCC1 could not be converted
21:21:15 <WARN> reinvent_plugins.normalizers.rdkit_smiles: C1(*)C(c2c3c(cccc2)CO3)CCC=C1 could not be converted
21:21:15 <WARN> reinvent_plugins.normalizers.rdkit_smiles: C1CCCC(c2ccccc2)O1* could not be converted
21:21:15 <WARN> reinvent_plugins.normalizers.rdkit_smiles: c12ccccc1CCc1c3c(ccc1C1C2=CC(*)C3=O)ccn1 could not be converted
21:21:15 <WARN> reinvent_plugins.normalizers.rdkit_smiles: c1cccc2c1CCCO2C1OCCN(*)C1 could not be converted
21:21:15 <WARN> reinvent_plugins.normalizers.rdkit_smiles: c12c(cccc1)C(=O)c1c2ccc(*)cc1 could not be converted
21:21:15 <WARN> reinvent_plugins.normalizers.rdkit_smiles: c1cc2cc(C(=O)OCC)c3ccccc3c2c1C* could not be converted
21:21:15 <WARN> reinvent_plugins.normalizers.rdkit_smiles: C1CN(S(=O)(=O)C)CCO1C(=O)* could not be converted
21:21:15 <WARN> reinvent_plugins.normalizers.rdkit_smiles: O[S+](C1C=CC(*)C1C1CC2C=CC2C=C21COC2O)O could not be converted
21:21:15 <WARN> reinvent_plugins.normalizers.rdkit_smiles: n1c(C)ccc(OC(c2sc4c(cccc3)c2)C=C*)c1 could not be converted
21:21:15 <WARN> reinvent_plugins.normalizers.rdkit_smiles: *C(c1c(OC)cccc1)(C)COC(=O)Cn1c2c(c3c1c1ccccc1ccc2)cccc3 could not be converted
21:21:15 <WARN> reinvent_plugins.normalizers.rdkit_smiles: c1(C)cc(-c2ccoc(*)c2)cc(C)c1O could not be converted
21:21:15 <WARN> reinvent_plugins.normalizers.rdkit_smiles: c12c(c3c(o1)CN(CC=C)C(=C)C1C)nc5c[n+](C*)cc3ccc1c2=O could not be converted
21:21:31 <INFO> Score: 0.42 Agent NLL: 21.49 Valid:  96% Step: 11
 | Agent Prior Target Score SMILES SMILES_state Input_Scaffold R-groups Scaffold predicted_activity predicted_activity (raw) training_similarity training_similarity (raw) taf_consistency taf_consistency (raw) novelty novelty (raw) MW_window MW_window (raw) synthetic_feasibility synthetic_feasibility (raw) curated alerts filter curated alerts filter (raw) stereo_validity (predicted_activity) scaffold_novelty (predicted_activity) uncertainty (predicted_activity) taf_disrupted (predicted_activity) matchting_patterns (curated alerts filter)
 | 27.0481 31.5141 35.9271 0.5268846 COc1ccc(Oc2ccc(S(=O)(=O)c3ccc(CC4(C)OCC(C5OC(=O)C(O)=C5O)O4)o3)cc2)cc1 1 CC1([*])OC(C2C(O)=C(O)C(=O)O2)CO1 c1c(OC)ccc(Oc2ccc(S(=O)(=O)c3ccc(C*)o3)cc2)c1 O=C1C=CC(C2COC(Cc3ccc(S(=O)(=O)c4ccc(Oc5ccccc5)cc4)o3)O2)O1 0.3600000 0.3600 0.6128258 0.6128 0.3333333 0.3333 0.3871742 0.3872 1.0000000 544.5340 0.5449941 4.0406 1.0000000 1.0000 0.0 1.0 0.48 0.6666666666666667 []
 | 35.4454 43.9443 13.0046 0.4449135 CCC(=O)OCOc1c(C)cc(C(Cn2cccn2)C2=C(O)C(=O)OC2C2COC(C)(C)O2)nc1OC 1 O=C1OC(C2COC(C)(C)O2)C([*])=C1O n1c(OC)c(OCOC(CC)=O)c(C)cc1C(*)Cn1cccn1 O=C1C=C(C(Cn2cccn2)c2ccccn2)C(C2COCO2)O1 0.1700000 0.1700 0.5940886 0.5941 0.3333333 0.3333 0.4518719 0.4519 1.0000000 517.5350 0.5336645 4.5358 1.0000000 1.0000 0.0 1.0 0.375632799419859 0.6666666666666667 []
 | 10.1006 11.9990 72.4034 0.6593935 COc1ccc(OC(=O)C2=C(O)C(C(O)CO)OC2=O)cc1 1 [*]C1=C(O)C(C(O)CO)OC1=O c1(OC(=O)*)ccc(OC)cc1 O=C1OCC=C1C(=O)Oc1ccccc1 0.5300000 0.5300 0.6670170 0.6670 0.6666667 0.6667 0.3440702 0.3441 1.0000000 310.2580 0.5527943 3.3014 1.0000000 1.0000 0.0 1.0 0.49909918853871116 0.33333333333333337 []
 | 13.8490 19.7058 44.7499 0.5035599 OCC(O)C1OC(CNCC2(O)CCCCC2)C(O)=C1O 1 OC(CO)C1OC([*])C(O)=C1O C1(O)(CNC*)CCCCC1 C1=CC(CNCC2CCCCC2)OC1 0.3550000 0.3550 0.4803844 0.4804 0.3333333 0.3333 0.5196156 0.5196 1.0000000 303.3550 0.5394449 4.2834 1.0000000 1.0000 0.0 1.0 0.4785133226985431 0.6666666666666667 []
 | 23.4390 34.3956 38.6098 0.5703546 OC1=C(O)C(C2CCC(COCC3COC3)C2)OC1C(O)CBr 1 BrCC(O)C1OC([*])C(O)=C1O C1CC(COCC2COC2)CC1* C1=CC(C2CCC(COCC3COC3)C2)OC1 0.3450000 0.3450 0.5084263 0.5084 0.6666667 0.6667 0.4915737 0.4916 1.0000000 393.2740 0.5276197 4.7993 1.0000000 1.0000 0.0 1.0 0.4753682782853732 0.33333333333333337 []
 | 13.6175 19.9270 50.0470 0.5466718 OCC(O)C1OC(N2CCC(O)(c3cccc(O)c3)CC2)C(O)=C1O 1 OC1=C(O)C([*])OC1C(O)CO c1c(O)cccc1C1(O)CCN(*)CC1 C1=CC(N2CCC(c3ccccc3)CC2)OC1 0.5200000 0.5200 0.4718142 0.4718 0.3333333 0.3333 0.5281858 0.5282 1.0000000 353.3710 0.5423387 4.1568 1.0000000 1.0000 0.0 1.0 0.49959983987187184 0.6666666666666667 []
 | 9.2704 11.5935 61.7435 0.5729456 OCC(O)C1OC(OC2OC(CO)C(O)C2O)C(O)=C1OCc1ccccc1 1 O1C(C(O)CO)C(OCc2ccccc2)=C(O)C1[*] C1(O)C(O)C(CO)OC1O* C1=C(OCc2ccccc2)COC1OC1CCCO1 0.5050000 0.5050 0.6575959 0.6576 0.3333333 0.3333 0.3424041 0.3424 1.0000000 400.3800 0.5371532 4.3835 1.0000000 1.0000 0.0 1.0 0.49997499937496875 0.6666666666666667 []
 | 63.2341 68.9090 -68.9090 0.0000000 C(c1c(O)c2c(cc1)N1C3C=CC=C3CCC1c1cc3c(O)cccc-3c1O)(C)COC2* 0 CC1([*])OC(C2C(O)=C(O)C(=O)O2)CO1 C(c1c(O)c2c(cc1)N1C3C=CC=C3CCC1c1cc3c(O)cccc-3c1O)(C)COC2* -- 0.0000000 0.0000 0.0000000 0.0000 0.0000000 0.0000 0.0000000 0.0000 0.0000000 0.0000 0.0000000 0.0000 0.0000000 0.0000 None None None None None
 | 23.9715 29.1296 46.8596 0.5936663 COc1ccc(S(=O)(=O)NC(CO)C(O)C2=C(O)C(=O)OC2C2COC(C)(C)O2)cc1 1 O=C1OC(C2COC(C)(C)O2)C([*])=C1O c1(S(=O)(=O)NC(C(*)O)CO)ccc(OC)cc1 O=C1C=C(CCNS(=O)(=O)c2ccccc2)C(C2COCO2)O1 0.3250000 0.3250 0.6698164 0.6698 0.6666667 0.6667 0.3820025 0.3820 1.0000000 459.4730 0.5434038 4.1102 1.0000000 1.0000 0.0 1.0 0.4683748498798799 0.33333333333333337 []
 | 35.0268 42.4127 41.7584 0.6575866 Cn1c2ccccc2c2cccc(NC(C3=C(O)C(C(O)CO)OC3=O)c3cc4ccccc4cc3N)c21 1 [*]C1=C(O)C(C(O)CO)OC1=O c1(NC(c2c(N)cc3c(cccc3)c2)*)c2c(ccc1)c1ccccc1n2C O=C1OCC=C1C(Nc1cccc2c1[nH]c1ccccc12)c1ccc2ccccc2c1 0.6200000 0.6200 0.5334005 0.5334 0.6666667 0.6667 0.4665995 0.4666 1.0000000 509.5620 0.5455756 4.0152 1.0000000 1.0000 0.0 1.0 0.48538644398046393 0.33333333333333337 []
21:21:32 <WARN> reinvent_plugins.normalizers.rdkit_smiles: c1c(NC(=O)*)c(C(O)=OC)ccc1 could not be converted
21:21:32 <WARN> reinvent_plugins.normalizers.rdkit_smiles: FC(C(Sc1nc2c(c(OC*)c1C1CCN(CC=C)CC1)cccc2)C)(=O)OCC could not be converted
21:21:32 <WARN> reinvent_plugins.normalizers.rdkit_smiles: C12CC3CC(C1)CC(C(Nc1cccc(C[N+](*)4C)c31)=O)C2 could not be converted
21:21:32 <WARN> reinvent_plugins.normalizers.rdkit_smiles: C1(=O)c2ccccc2Oc2ccccc21* could not be converted
21:21:32 <WARN> reinvent_plugins.normalizers.rdkit_smiles: C1C(n2c(=O)n(C)c(=O)c3[nH]c4ccccc24)CC2CC1C(O)C2* could not be converted
21:21:32 <WARN> reinvent_plugins.normalizers.rdkit_smiles: CC1=CCCC2C12C1C1CC1=C(*)C(O)C(O)C1O could not be converted
21:21:32 <WARN> reinvent_plugins.normalizers.rdkit_smiles: c1cc(COC(*)CCSC1C=CC=CCC1)c1ccccc1 could not be converted
21:21:32 <WARN> reinvent_plugins.normalizers.rdkit_smiles: C1CCCC(*)=C12CCN(C(=O)CC)CC2 could not be converted
21:21:32 <WARN> reinvent_plugins.normalizers.rdkit_smiles: C(CNC(C1CCCCC1)=OC)(=O)* could not be converted
21:21:32 <WARN> reinvent_plugins.normalizers.rdkit_smiles: c1cc2c(OC)c(C)c(O)c3[nH]cc(C=N)c3c(C(OC(*)=O)C)c2c1 could not be converted
21:21:32 <WARN> reinvent_plugins.normalizers.rdkit_smiles: c1(=S)ccc(C(=O)*)c(O)c1OC could not be converted
21:21:32 <WARN> reinvent_plugins.normalizers.rdkit_smiles: c1c(C)ccc(S(=O)(=O)Oc2c(C34CCC(*)CC3=CC(=O)c4ccccc3N4C)OCOC2)c1 could not be converted
21:21:32 <WARN> reinvent_plugins.normalizers.rdkit_smiles: C1Cn2c(*)nc3ccccc3c2CC1 could not be converted
21:21:32 <WARN> reinvent_plugins.normalizers.rdkit_smiles: c1ccc(OC2OC(C*)CC(c3ccccc3)C3)cc2cc1 could not be converted
21:21:32 <WARN> reinvent_plugins.normalizers.rdkit_smiles: c1(OC2CCCCCCCC)ccc(C*)cc2-c2ccccc2n1 could not be converted
21:21:32 <WARN> reinvent_plugins.normalizers.rdkit_smiles: OCC1C(O)C(O)C(n2ccc(=O)[nH]c2=O)O1)* could not be converted
21:21:32 <WARN> reinvent_plugins.normalizers.rdkit_smiles: c1c2c(c(C(*)C)cc1=O)cccc2OC could not be converted
21:21:32 <WARN> reinvent_plugins.normalizers.rdkit_smiles: O=C1N(C)CC2N1C(C(=O)NO)SN(CCC)C(*)=N2CO could not be converted
21:21:32 <WARN> reinvent_plugins.normalizers.rdkit_smiles: c12c(c(*)cc(=Cc3ccccc3)c1)C1=CN2NC2=C1C1=COC(C)OC1C=C2 could not be converted
21:21:32 <WARN> reinvent_plugins.normalizers.rdkit_smiles: C12(C=C(*)CC1)CCC(c1ccccc1)O2C could not be converted
21:21:32 <WARN> reinvent_plugins.normalizers.rdkit_smiles: c1cc2c(cc1[N+](=O)[O-])C=CO2C* could not be converted
21:21:32 <WARN> reinvent_plugins.normalizers.rdkit_smiles: c12ccccc1CC(C(CO)=C)O2)C(C)Oc1cc2c(cc1)OCC(C*)=C2 could not be converted
21:21:32 <WARN> reinvent_plugins.normalizers.rdkit_smiles: C1(=O)CCc2c(NC3COCC3)cc(C(=O)NO)c3n(C*)cnc1c23 could not be converted
21:21:32 <WARN> reinvent_plugins.normalizers.rdkit_smiles: C1(CN*)=Oc2ccccc2CC1 could not be converted
21:21:46 <INFO> Score: 0.44 Agent NLL: 21.48 Valid:  95% Step: 12
 | Agent Prior Target Score SMILES SMILES_state Input_Scaffold R-groups Scaffold predicted_activity predicted_activity (raw) training_similarity training_similarity (raw) taf_consistency taf_consistency (raw) novelty novelty (raw) MW_window MW_window (raw) synthetic_feasibility synthetic_feasibility (raw) curated alerts filter curated alerts filter (raw) stereo_validity (predicted_activity) scaffold_novelty (predicted_activity) uncertainty (predicted_activity) taf_disrupted (predicted_activity) matchting_patterns (curated alerts filter)
 | 16.8517 24.0945 43.5686 0.5286175 CC1(C2CCCN(C(=O)OC3CCCCC3)C2)OCC(C2OC(=O)C(O)=C2O)O1 1 O1CC(C2OC(=O)C(O)=C2O)OC1([*])C O(C(=O)N1CCCC(*)C1)C1CCCCC1 O=C1C=CC(C2COC(C3CCCN(C(=O)OC4CCCCC4)C3)O2)O1 0.3550000 0.3550 0.6459752 0.6460 0.3333333 0.3333 0.3540248 0.3540 1.0000000 411.4510 0.5384758 4.3257 1.0000000 1.0000 0.0 1.0 0.478513322698543 0.6666666666666667 []
 | 11.3221 11.2299 -11.2299 0.0000000 CC1(C)OCC(C2OC(=O)C(O)=C2Cc2ccc3c(c2)OCO3)O1 1 C1(C)(C)OC(C2OC(=O)C(O)=C2[*])CO1 c1cc2c(cc1C*)OCO2 O=C1C=C(Cc2ccc3c(c2)OCO3)C(C2COCO2)O1 0.2400000 0.2400 0.6851601 0.6852 0.3333333 0.3333 0.3148399 0.3148 1.0000000 334.3240 0.5526520 3.7048 1.0000000 1.0000 0.0 1.0 0.4270831300812524 0.6666666666666667 []
 | 30.7666 47.2877 35.9766 0.6505018 O=C1OC(C(O)CO)C(O)=C1C1CCC(c2ccccc2)(C(O)(c2ccccc2)c2ccc(Cl)cc2)CC1 1 O1C(C(CO)O)C(O)=C([*])C1=O C1(C(c2ccc(Cl)cc2)(O)c2ccccc2)(c2ccccc2)CCC(*)CC1 O=C1OCC=C1C1CCC(c2ccccc2)(C(c2ccccc2)c2ccccc2)CC1 0.5650000 0.5650 0.5663279 0.5663 0.6666667 0.6667 0.4336721 0.4337 1.0000000 535.0360 0.5443590 4.0684 1.0000000 1.0000 0.0 1.0 0.4957569969249047 0.33333333333333337 []
 | 15.5873 18.8676 49.3635 0.5330556 CCOc1ccc(SCC2OC(C(O)CO)C(O)=C2O)cc1 1 OC(C1OC([*])C(O)=C1O)CO c1(SC*)ccc(OCC)cc1 C1=CC(CSc2ccccc2)OC1 0.4250000 0.4250 0.5216405 0.5216 0.3333333 0.3333 0.4817325 0.4817 1.0000000 328.3860 0.5491657 3.8578 1.0000000 1.0000 0.0 1.0 0.49434299833212975 0.6666666666666667 []
 | 24.3688 34.0600 40.3909 0.5816472 Cc1ccc(CN2CCN(CC3OC(C(O)CBr)C(O)=C3O)CC2)c(C)c1C 1 C1([*])OC(C(CBr)O)C(O)=C1O C1N(Cc2ccc(C)c(C)c2C)CCN(C*)C1 C1=CC(CN2CCN(Cc3ccccc3)CC2)OC1 0.4000000 0.4000 0.4626519 0.4627 0.6666667 0.6667 0.5373481 0.5373 1.0000000 455.3930 0.5456972 4.0098 1.0000000 1.0000 0.0 1.0 0.4898979485566356 0.33333333333333337 []
 | 31.1029 43.9289 22.3827 0.5180594 Cc1cc(C2=CC(C3OC(C(O)CO)C(O)=C3O)CN(C=O)C2)c(C)n1C 1 OC1=C(O)C(C(O)CO)OC1[*] c1(C)n(C)c(C)c(C2=CC(*)CN(C=O)C2)c1 C1=CC(C2C=C(c3cc[nH]c3)CNC2)OC1 0.4250000 0.4250 0.4584560 0.4585 0.3333333 0.3333 0.5415440 0.5415 1.0000000 378.4250 0.5247875 4.9226 1.0000000 1.0000 0.0 1.0 0.49434299833212975 0.6666666666666667 []
 | 23.8357 28.6414 46.0753 0.5837242 O=C1SCC(Cc2ccccc2)N1Cc1cccc(OC2OC(C(O)CO)C(OCc3ccccc3)=C2O)c1 1 c1cccc(COC2=C(O)C([*])OC2C(O)CO)c1 N1(Cc2cc(O*)ccc2)C(=O)SCC1Cc1ccccc1 O=C1SCC(Cc2ccccc2)N1Cc1cccc(OC2C=C(OCc3ccccc3)CO2)c1 0.5700000 0.5700 0.6164962 0.6165 0.3333333 0.3333 0.3835038 0.3835 1.0000000 549.6450 0.5421821 4.1637 1.0000000 1.0000 0.0 1.0 0.4950757517794625 0.6666666666666667 []
 | 14.9665 18.9757 55.5294 0.5820709 CC1(S(=O)(=O)c2cccnc2)OCC(C2OC(=O)C(O)=C2O)O1 1 O1CC(C2OC(=O)C(O)=C2O)OC1([*])C c1ccncc1S(=O)(*)=O O=C1C=CC(C2COC(S(=O)(=O)c3cccnc3)O2)O1 0.5100000 0.5100 0.7348469 0.7348 0.3333333 0.3333 0.2651531 0.2652 1.0000000 343.3130 0.5385728 4.3215 1.0000000 1.0000 0.0 1.0 0.4998999899979995 0.6666666666666667 []
 | 9.2124 12.0928 -12.0928 0.0000000 CC1(C)OCC(C2OC(=O)C(O)=C2C(c2ccccc2)c2ccccc2)O1 1 C1(C)(C)OC(C2OC(=O)C(O)=C2[*])CO1 c1(C(*)c2ccccc2)ccccc1 O=C1C=C(C(c2ccccc2)c2ccccc2)C(C2COCO2)O1 0.2250000 0.2250 0.7505553 0.7506 0.3333333 0.3333 0.2494447 0.2494 1.0000000 366.4130 0.5560705 3.4454 1.0000000 1.0000 0.0 1.0 0.4175823272122517 0.6666666666666667 []
 | 20.8291 26.2412 56.7783 0.6485904 Cc1cc(C2=C(O)C(C(O)CO)OC2=O)cc2c1C(C)CC2O 1 O1C(C(CO)O)C(O)=C([*])C1=O c12c(C)cc(*)cc1C(O)CC2C O=C1OCC=C1c1ccc2c(c1)CCC2 0.5300000 0.5300 0.6126329 0.6126 0.6666667 0.6667 0.3873671 0.3874 1.0000000 320.3410 0.5386159 4.3196 1.0000000 1.0000 0.0 1.0 0.49909918853871116 0.33333333333333337 []
21:21:48 <WARN> reinvent_plugins.normalizers.rdkit_smiles: C1(C)C(C)C1C(=O)C(C1N1C(C*)=O)=CC(O)Cc1cccnc1 could not be converted
21:21:48 <WARN> reinvent_plugins.normalizers.rdkit_smiles: C1C(C)CCC(C)(C)C1C1CCCC(C1C)CCC1CC(C)CO1)CN* could not be converted
21:21:48 <WARN> reinvent_plugins.normalizers.rdkit_smiles: N1(*)Cc2c3c(cc(O)cc3CC2)C1 could not be converted
21:21:48 <WARN> reinvent_plugins.normalizers.rdkit_smiles: O=C1CSC2N(C)C(C(C)*)=OCC12 could not be converted
21:21:48 <WARN> reinvent_plugins.normalizers.rdkit_smiles: C1(O)C(O)C(CO)OC(C*)=O1 could not be converted
21:21:48 <WARN> reinvent_plugins.normalizers.rdkit_smiles: C1(c2c3ccccc3c(=O)c3cc(O*)ccc23)OCC(C)CC1O could not be converted
21:21:48 <WARN> reinvent_plugins.normalizers.rdkit_smiles: n1c(C*)[nH]c2c1cc(S(=O)(N1CCC3OCC1=O)CC3C1=C(Cl)C(=O)C=C1)ccc2 could not be converted
21:21:48 <WARN> reinvent_plugins.normalizers.rdkit_smiles: c1c2c(ccc1)cc1c1cccc2CC(C)C* could not be converted
21:21:48 <WARN> reinvent_plugins.normalizers.rdkit_smiles: C12CCC(C(C1=C(C(O)*)C)=CC1=O)CC2 could not be converted
21:21:48 <WARN> reinvent_plugins.normalizers.rdkit_smiles: C12CC3CC4CC(N4OC)(C1)C(=O)NC4CC32* could not be converted
21:21:48 <WARN> reinvent_plugins.normalizers.rdkit_smiles: O(C1(C)CCC(C)=CC1)C1C(O)C(O)C(n2cnc3c2N(C)C(=O)CC3)O1)C* could not be converted
21:21:48 <WARN> reinvent_plugins.normalizers.rdkit_smiles: C1CC(C*)C2SC=N13CC=CC2=O could not be converted
21:21:48 <WARN> reinvent_plugins.normalizers.rdkit_smiles: C1COCCO1COC1(C)CCN(C(=O)C*)CC1 could not be converted
21:21:48 <WARN> reinvent_plugins.normalizers.rdkit_smiles: OC(=O)c1cc(C1CCC(C)N(*)C1)c1ccccc1 could not be converted
21:21:48 <WARN> reinvent_plugins.normalizers.rdkit_smiles: c1ccc2ccc3c2C(C(*)NC(C=NNc3ccccc2)SC=C3)=C1 could not be converted
21:21:48 <WARN> reinvent_plugins.normalizers.rdkit_smiles: C1(Oc2cc3c(n3ccnc3)cc2)CCC2C1C1C2OC2C1CC=C2* could not be converted
21:21:48 <WARN> reinvent_plugins.normalizers.rdkit_smiles: O=C1C(*)C(O)C23CC(=O)C=CC2C1=CC(=O)c1ccccc1 could not be converted
21:21:48 <WARN> reinvent_plugins.normalizers.rdkit_smiles: O1C(n2nc(C*)c(C3CCCC3)c3ccccc23)CCC1 could not be converted
21:21:48 <WARN> reinvent_plugins.normalizers.rdkit_smiles: C1(C)C2C(C)3(*)C(C)(C)CCC3=C1C2O could not be converted
21:21:48 <WARN> reinvent_plugins.normalizers.rdkit_smiles: c1(=O)cccn(C*)c1 could not be converted
21:21:48 <WARN> reinvent_plugins.normalizers.rdkit_smiles: C1(O)C(O)C(CO)OC1n1cnc2ncc(C)cc21)* could not be converted
21:21:48 <WARN> reinvent_plugins.normalizers.rdkit_smiles: O=C(CCn1cnc2c1nc1c(cccc1)c2=O)Nc1ccc(C)c(C(*)=O)c1 could not be converted
21:22:01 <INFO> Score: 0.44 Agent NLL: 21.11 Valid:  95% Step: 13
 | Agent Prior Target Score SMILES SMILES_state Input_Scaffold R-groups Scaffold predicted_activity predicted_activity (raw) training_similarity training_similarity (raw) taf_consistency taf_consistency (raw) novelty novelty (raw) MW_window MW_window (raw) synthetic_feasibility synthetic_feasibility (raw) curated alerts filter curated alerts filter (raw) stereo_validity (predicted_activity) scaffold_novelty (predicted_activity) uncertainty (predicted_activity) taf_disrupted (predicted_activity) matchting_patterns (curated alerts filter)
 | 20.3514 24.4499 46.2887 0.5526450 CCOC1C=CCC(C2(C)OCC(C3OC(=O)C(O)=C3O)O2)=C1 1 C1C(C2C(O)=C(O)C(=O)O2)OC(C)([*])O1 O(CC)C1C=C(*)CC=C1 O=C1C=CC(C2COC(C3=CCC=CC3)O2)O1 0.4300000 0.4300 0.6713171 0.6713 0.3333333 0.3333 0.3286829 0.3287 1.0000000 324.3290 0.5222846 5.0316 1.0000000 1.0000 0.0 1.0 0.4950757517794625 0.6666666666666667 []
 | 29.8716 30.8680 47.7019 0.6138273 CC1(C)OCC(C2OC(=O)C(O)=C2C(NC#N)c2cccc(-c3ccc(O)c(Br)c3)c2)O1 1 [*]C1=C(O)C(=O)OC1C1COC(C)(C)O1 c1(C(NC#N)*)cc(-c2ccc(O)c(Br)c2)ccc1 O=C1C=C(Cc2cccc(-c3ccccc3)c2)C(C2COCO2)O1 0.3000000 0.3000 0.6077819 0.6078 1.0000000 1.0000 0.3922181 0.3922 1.0000000 501.3330 0.5410867 4.2116 1.0000000 1.0000 0.0 1.0 0.45825756949558394 0.0 []
 | 12.6996 15.5196 -15.5196 0.0000000 Cc1ccccc1NC(=O)C1=C(O)C(C(O)CO)OC1=O 1 O1C(=O)C([*])=C(O)C1C(CO)O C(=O)(Nc1ccccc1C)* O=C(Nc1ccccc1)C1=CCOC1=O 0.6250000 0.6250 0.6559298 0.6559 0.6666667 0.6667 0.3440702 0.3441 1.0000000 293.2750 0.5516756 3.2523 1.0000000 1.0000 0.0 1.0 0.4841229182759271 0.33333333333333337 []
 | 18.8186 26.8542 45.7299 0.5670638 O=c1ncccn1CCC1OC(C(O)CO)C(O)=C1O 1 OC(C1OC([*])C(O)=C1O)CO c1ccn(CC*)c(=O)n1 O=c1ncccn1CCC1C=CCO1 0.5450000 0.5450 0.5489948 0.5490 0.3333333 0.3333 0.4510052 0.4510 1.0000000 284.2680 0.5401063 4.2545 1.0000000 1.0000 0.0 1.0 0.4979708826829135 0.6666666666666667 []
 | 13.4676 17.2008 57.0392 0.5800003 CC1CN(C2OC(C(O)CBr)C(O)=C2O)C(C)C(C)O1 1 C1(O)=C(O)C([*])OC1C(O)CBr N1(*)CC(C)OC(C)C1C C1=CC(N2CCOCC2)OC1 0.3750000 0.3750 0.5090278 0.5090 0.6666667 0.6667 0.4909722 0.4910 1.0000000 352.2250 0.5183598 5.2023 1.0000000 1.0000 0.0 1.0 0.4841229182759271 0.33333333333333337 []
 | 14.3928 17.6122 59.1905 0.6000215 O=C1OC(CO)CC1(O)C1OC(C(O)CO)C(O)=C1O 1 O1C(C(O)CO)C(O)=C(O)C1[*] C1(CO)OC(=O)C(*)(O)C1 O=C1OCCC1C1C=CCO1 0.3950000 0.3950 0.5764613 0.5765 0.6666667 0.6667 0.4235387 0.4235 1.0000000 292.2400 0.5245124 4.9346 1.0000000 1.0000 0.0 1.0 0.48885069295235745 0.33333333333333337 []
 | 16.5370 24.5343 48.5610 0.5710569 OCC(O)C1OC(C2(c3ccc(F)cc3F)CCNCC2)C(O)=C1OCc1ccccc1 1 c1(COC2=C(O)C([*])OC2C(O)CO)ccccc1 c1(F)cc(F)ccc1C1(*)CCNCC1 C1=C(OCc2ccccc2)COC1C1(c2ccccc2)CCNCC1 0.5250000 0.5250 0.5992819 0.5993 0.3333333 0.3333 0.4007181 0.4007 1.0000000 447.4780 0.5454968 4.0186 1.0000000 1.0000 0.0 1.0 0.4993746088859545 0.6666666666666667 []
 | 16.0053 18.6589 53.6786 0.5651369 CC1CC(CC2(C)OCC(C3OC(=O)C(O)=C3O)O2)=CC1=O 1 C1C(C2C(O)=C(O)C(=O)O2)OC(C)([*])O1 C1(C)CC(C*)=CC1=O O=C1C=C(CC2OCC(C3C=CC(=O)O3)O2)CC1 0.4600000 0.4600 0.7076303 0.7076 0.3333333 0.3333 0.2923697 0.2924 1.0000000 310.3020 0.5263512 4.8545 1.0000000 1.0000 0.0 1.0 0.49839743177508444 0.6666666666666667 []
 | 21.6636 25.2186 30.9644 0.4389295 CC1(C)OCC(C2OC(=O)C(O)=C2c2nncn2CC2CCCC2)O1 1 [*]C1=C(O)C(=O)OC1C1COC(C)(C)O1 n1cn(CC2CCCC2)c(*)n1 O=C1C=C(c2nncn2CC2CCCC2)C(C2COCO2)O1 0.1500000 0.1500 0.6615186 0.6615 0.3333333 0.3333 0.3417194 0.3417 1.0000000 349.3870 0.5472839 3.9403 1.0000000 1.0000 0.0 1.0 0.3570714214271425 0.6666666666666667 []
 | 12.6113 14.4063 75.2398 0.7003602 O=C1OC(C(O)CO)C(O)=C1Cc1ccccn1 1 O1C(=O)C([*])=C(O)C1C(CO)O *Cc1ncccc1 O=C1OCC=C1Cc1ccccn1 0.6950000 0.6950 0.6725382 0.6725 0.6666667 0.6667 0.3274618 0.3275 1.0000000 251.2380 0.5548447 3.6085 1.0000000 1.0000 0.0 1.0 0.460407428263272 0.33333333333333337 []
21:22:03 <WARN> reinvent_plugins.normalizers.rdkit_smiles: c1(F)ccccc1C(*)CN1=c2c(nc3c(cc(OC)cc3)n2)C(Cl)(Cl)S1 could not be converted
21:22:03 <WARN> reinvent_plugins.normalizers.rdkit_smiles: C(c1cc(OC)ccc1)(Nc1ccc(C)cc1C)=OC1C(*)C2C=CC1C2 could not be converted
21:22:03 <WARN> reinvent_plugins.normalizers.rdkit_smiles: C1(C)=C(C)C(C(SC(*)C1C=CC)C(C)=CC1)=O could not be converted
21:22:03 <WARN> reinvent_plugins.normalizers.rdkit_smiles: C12=C(=C)CCC=C1C(*)C1C(O)C3CC=CC3C21 could not be converted
21:22:03 <WARN> reinvent_plugins.normalizers.rdkit_smiles: C1c2c(OCn3c(=S)[nH]nc3=S)C=C(C*)COS2CC2C1(C)C2 could not be converted
21:22:03 <WARN> reinvent_plugins.normalizers.rdkit_smiles: c1ccc2c3cc1[nH]cc3-c1cc3ccccc3cc1C(*)=C2 could not be converted
21:22:03 <WARN> reinvent_plugins.normalizers.rdkit_smiles: C1(C)=C(C(OC(=O)*)C)C=CC=1C could not be converted
21:22:03 <WARN> reinvent_plugins.normalizers.rdkit_smiles: C12CC(CN*)NCCC12 could not be converted
21:22:03 <WARN> reinvent_plugins.normalizers.rdkit_smiles: C1Cc2c(OC)ccc3c3onc1-c1c(c-n1nnc1=C4C(*)C(=O)C(S(=O)(=O)C)CCC(C)c13)OO2 could not be converted
21:22:03 <WARN> reinvent_plugins.normalizers.rdkit_smiles: C1C(O)C(O)C(CO)O1)C#CC1CCCN1* could not be converted
21:22:03 <WARN> reinvent_plugins.normalizers.rdkit_smiles: CC1(C)C(=O)C(*)C(=O)c2ccccc21C(c1cc(O)c(O)cc1O)=O could not be converted
21:22:03 <WARN> reinvent_plugins.normalizers.rdkit_smiles: c1c2c(c3ccccc13)C(*)C(N(S(=O)(=O)NC)C)C2 could not be converted
21:22:03 <WARN> reinvent_plugins.normalizers.rdkit_smiles: C1(C#O)N(*)C(C)(C)SC1 could not be converted
21:22:03 <WARN> reinvent_plugins.normalizers.rdkit_smiles: C1OC(=C(*)C)COC12CCC1OC=N21 could not be converted
21:22:03 <WARN> reinvent_plugins.normalizers.rdkit_smiles: O=C1C2(*)CC3CC1CC(=O)N2O could not be converted
21:22:03 <WARN> reinvent_plugins.normalizers.rdkit_smiles: O=C1CCC2OC3(C1C1(C)C(=C)CCC1)CCC2CCC1C55C(C)(C=C1)CC(C)CC4=C(C)CCC3(*)C1OC2C=CC=C2C1 could not be converted
21:22:17 <INFO> Score: 0.46 Agent NLL: 21.16 Valid:  96% Step: 14
 | Agent Prior Target Score SMILES SMILES_state Input_Scaffold R-groups Scaffold predicted_activity predicted_activity (raw) training_similarity training_similarity (raw) taf_consistency taf_consistency (raw) novelty novelty (raw) MW_window MW_window (raw) synthetic_feasibility synthetic_feasibility (raw) curated alerts filter curated alerts filter (raw) stereo_validity (predicted_activity) scaffold_novelty (predicted_activity) uncertainty (predicted_activity) taf_disrupted (predicted_activity) matchting_patterns (curated alerts filter)
 | 10.3074 17.4028 54.3461 0.5605385 CC1=CCC(C)=C(CC2(C)OCC(C3OC(=O)C(O)=C3O)O2)C1 1 [*]C1(C)OC(C2OC(=O)C(O)=C2O)CO1 C1C(C)=CCC(C)=C1C* O=C1C=CC(C2COC(CC3=CCC=CC3)O2)O1 0.4450000 0.4450 0.6998965 0.6999 0.3333333 0.3333 0.3001035 0.3001 1.0000000 322.3570 0.5286241 4.7555 1.0000000 1.0000 0.0 1.0 0.49696579359147036 0.6666666666666667 []
 | 58.1011 64.0221 -64.0221 0.0000000 c1(F)ccccc1C(*)CN1=c2c(nc3c(cc(OC)cc3)n2)C(Cl)(Cl)S1 0 OC1=C([*])C(C2OC(C)(C)OC2)OC1=O c1(F)ccccc1C(*)CN1=c2c(nc3c(cc(OC)cc3)n2)C(Cl)(Cl)S1 -- 0.0000000 0.0000 0.0000000 0.0000 0.0000000 0.0000 0.0000000 0.0000 0.0000000 0.0000 0.0000000 0.0000 0.0000000 0.0000 None None None None None
 | 23.8125 28.3913 52.6210 0.6329085 O=C1OC(C(O)CO)C(O)=C1C1CCC2(CCOC2)CO1 1 OCC(C1OC(=O)C([*])=C1O)O O1CC2(CCC1*)CCOC2 O=C1OCC=C1C1CCC2(CCOC2)CO1 0.4750000 0.4750 0.6260991 0.6261 0.6666667 0.6667 0.3739009 0.3739 1.0000000 300.3070 0.5224421 5.0247 1.0000000 1.0000 0.0 1.0 0.4993746088859544 0.33333333333333337 []
 | 26.0279 39.3001 22.5329 0.4830703 CC1=CC(S(=O)(=O)N2CCN(C3OC(C(O)CO)C(O)=C3O)CC2)C(C)S1(=O)=O 1 O1C([*])C(O)=C(O)C1C(CO)O C1(C)S(=O)(=O)C(C)=CC1S(N1CCN(*)CC1)(=O)=O O=S1(=O)C=CC(S(=O)(=O)N2CCN(C3C=CCO3)CC2)C1 0.3150000 0.3150 0.4525484 0.4525 0.3333333 0.3333 0.5474516 0.5475 1.0000000 454.5230 0.5202327 5.1208 1.0000000 1.0000 0.0 1.0 0.46451587701606073 0.6666666666666667 []
 | 23.1208 26.3720 50.8420 0.6032345 CC1C(=O)N(C2OC(C(O)CBr)C(O)=C2O)C2CC1S2 1 C1(C(O)CBr)C(O)=C(O)C([*])O1 N1(*)C(=O)C(C)C2SC1C2 O=C1CC2CC(S2)N1C1C=CCO1 0.4200000 0.4200 0.5682412 0.5682 0.6666667 0.6667 0.4317588 0.4318 1.0000000 366.2330 0.4971201 6.1251 1.0000000 1.0000 0.0 1.0 0.49355850717012273 0.33333333333333337 []
 | 18.9487 21.8997 51.9780 0.5771693 CC#CC1(C2OC(C(O)CO)C(O)=C2O)COC1C 1 C1(O)=C(O)C([*])OC1C(CO)O O1C(C)C(C#CC)(*)C1 C1=CC(C2COC2)OC1 0.3900000 0.3900 0.4743417 0.4743 0.6666667 0.6667 0.5256583 0.5257 1.0000000 270.2810 0.5139041 5.3960 1.0000000 1.0000 0.0 1.0 0.4877499359302879 0.33333333333333337 []
 | 11.9085 15.4370 58.1832 0.5751576 OCC(O)C1OC(C2COc3ccccc32)C(O)=C1OCc1ccccc1 1 C1([*])C(O)=C(OCc2ccccc2)C(C(CO)O)O1 *C1COc2ccccc21 C1=C(OCc2ccccc2)COC1C1COc2ccccc21 0.5050000 0.5050 0.6644106 0.6644 0.3333333 0.3333 0.3355894 0.3356 1.0000000 370.4010 0.5491573 3.8582 1.0000000 1.0000 0.0 1.0 0.49997499937496875 0.6666666666666667 []
 | 49.4479 55.3540 -54.2529 0.0086018 CC(CC1C(C)N(O)S1(=O)=O)OC(=O)C=Cc1cnc(SCC2(C)OCC(C3OC(=O)C(O)=C3O)O2)[nH]1 1 [*]C1(C)OC(C2OC(=O)C(O)=C2O)CO1 CC(CC1C(C)N(O)S1(=O)=O)OC(=O)C=Cc1cnc(SC*)[nH]1 O=C(C=Cc1cnc(SCC2OCC(C3C=CC(=O)O3)O2)[nH]1)OCCC1CNS1(=O)=O 0.3700000 0.3700 0.5409627 0.5410 0.3333333 0.3333 0.4590373 0.4590 0.0000000 561.5910 0.5095810 5.5839 1.0000000 1.0000 0.0 1.0 0.4828043081829324 0.6666666666666667 []
 | 27.4312 33.3729 38.0820 0.5582410 CSc1nnc(NC(=O)C2=C(O)C(=O)OC2C2COC(C)(C)O2)c2ccc(O)cc12 1 OC1=C([*])C(C2OC(C)(C)OC2)OC1=O c1(O)ccc2c(NC(*)=O)nnc(SC)c2c1 O=C1C=C(C(=O)Nc2nncc3ccccc23)C(C2COCO2)O1 0.2650000 0.2650 0.6233022 0.6233 0.6666667 0.6667 0.3766978 0.3767 1.0000000 433.4420 0.5455759 4.0152 1.0000000 1.0000 0.0 1.0 0.4413332074521472 0.33333333333333337 []
 | 12.8922 22.8559 63.4908 0.6745841 CC1=CC(C2=C(O)C(C(O)CO)OC2=O)c2ccccc21 1 OCC(C1OC(=O)C([*])=C1O)O C1(C)=CC(*)c2ccccc21 O=C1OCC=C1C1C=Cc2ccccc21 0.6050000 0.6050 0.6480741 0.6481 0.6666667 0.6667 0.3519259 0.3519 1.0000000 288.2990 0.5466765 3.9669 1.0000000 1.0000 0.0 1.0 0.4888506929523574 0.33333333333333337 []
21:22:18 <WARN> reinvent_plugins.normalizers.rdkit_smiles: c1c(C)ccc(S(=O)(n2c(C(=O)OC(*)C)c(C)nc2=O)=O)c1 could not be converted
21:22:18 <WARN> reinvent_plugins.normalizers.rdkit_smiles: S1C(NC*)=CC2=C(O3)C=CC=CC(=O)C=C12 could not be converted
21:22:18 <WARN> reinvent_plugins.normalizers.rdkit_smiles: C1C(S)CC(C(O)=O)O1* could not be converted
21:22:18 <WARN> reinvent_plugins.normalizers.rdkit_smiles: n1ccc(-c2cc3c(c2)OCC(O)C3O)c(O*)c1 could not be converted
21:22:18 <WARN> reinvent_plugins.normalizers.rdkit_smiles: O=C1c2c3c(cc1)C(CS)C(C(=O)C(C)=C)=CC2C)* could not be converted
21:22:18 <WARN> reinvent_plugins.normalizers.rdkit_smiles: N1(*)C(=O)OC(C)(C)CC1(C)C#N1CCSCC1 could not be converted
21:22:18 <WARN> reinvent_plugins.normalizers.rdkit_smiles: C1C(OC)(C)CO1* could not be converted
21:22:18 <WARN> reinvent_plugins.normalizers.rdkit_smiles: C1N(Cc2cc3c4c(nccc3)n(C*)c-3ccc2=O)OC(=O)C1=NO could not be converted
21:22:18 <WARN> reinvent_plugins.normalizers.rdkit_smiles: c1ccc2c(c1)Cc1c(NC(c3cc4ccccc4c(C(=O)*)c3)=O)sc1S(=O)(=O)C=C2 could not be converted
21:22:18 <WARN> reinvent_plugins.normalizers.rdkit_smiles: c12ccccc1OCC(C)O2* could not be converted
21:22:18 <WARN> reinvent_plugins.normalizers.rdkit_smiles: C(C)N1CCN(=C(*)SC)CC1 could not be converted
21:22:18 <WARN> reinvent_plugins.normalizers.rdkit_smiles: c1cc2c(c3c(cccc3)c1)C(*)CC1=OCC(O)CC1C2 could not be converted
21:22:18 <WARN> reinvent_plugins.normalizers.rdkit_smiles: c12ccccc1C(=O)N1N3C(N*)NS=C31CC=C2 could not be converted
21:22:18 <WARN> reinvent_plugins.normalizers.rdkit_smiles: C(c1ccnc2c1C=CCS1)nc(C(c2ccccc2)*)c1O could not be converted
21:22:18 <WARN> reinvent_plugins.normalizers.rdkit_smiles: C1(C)OC(C)C(C)O1C* could not be converted
21:22:34 <INFO> Score: 0.46 Agent NLL: 22.37 Valid:  97% Step: 15
 | Agent Prior Target Score SMILES SMILES_state Input_Scaffold R-groups Scaffold predicted_activity predicted_activity (raw) training_similarity training_similarity (raw) taf_consistency taf_consistency (raw) novelty novelty (raw) MW_window MW_window (raw) synthetic_feasibility synthetic_feasibility (raw) curated alerts filter curated alerts filter (raw) stereo_validity (predicted_activity) scaffold_novelty (predicted_activity) uncertainty (predicted_activity) taf_disrupted (predicted_activity) matchting_patterns (curated alerts filter)
 | 21.1050 27.5235 43.5853 0.5555380 Cc1nc(=O)n(CCCC2(C)OCC(C3OC(=O)C(O)=C3O)O2)s1 1 C1(O)=C(O)C(C2COC(C)([*])O2)OC1=O C(*)CCn1c(=O)nc(C)s1 O=C1C=CC(C2COC(CCCn3scnc3=O)O2)O1 0.4400000 0.4400 0.6647030 0.6647 0.3333333 0.3333 0.3352970 0.3353 1.0000000 358.3720 0.5290365 4.7375 1.0000000 1.0000 0.0 1.0 0.4963869458396343 0.6666666666666667 []
 | 29.1906 35.8345 -35.8345 0.0000000 c1c(C)ccc(S(=O)(n2c(C(=O)OC(*)C)c(C)nc2=O)=O)c1 0 OC1=C([*])C(C2COC(C)(C)O2)OC1=O c1c(C)ccc(S(=O)(n2c(C(=O)OC(*)C)c(C)nc2=O)=O)c1 -- 0.0000000 0.0000 0.0000000 0.0000 0.0000000 0.0000 0.0000000 0.0000 0.0000000 0.0000 0.0000000 0.0000 0.0000000 0.0000 None None None None None
 | 23.1283 31.6666 51.3617 0.6486586 O=C1OC(C(O)CO)C(O)=C1NCc1c(O)c(C(=O)N2CCOCC2)c[nH]c1=O 1 C1(=O)C([*])=C(O)C(C(O)CO)O1 C1CN(C(c2c[nH]c(=O)c(CN*)c2O)=O)CCO1 O=C1OCC=C1NCc1cc(C(=O)N2CCOCC2)c[nH]c1=O 0.5600000 0.5600 0.5612485 0.5612 0.6666667 0.6667 0.4387515 0.4388 1.0000000 411.3670 0.5474165 3.9345 1.0000000 1.0000 0.0 1.0 0.4963869458396343 0.33333333333333337 []
 | 14.5130 16.6167 56.6827 0.5726514 OCC(O)C1OC(OCC(O)c2ccccc2)C(O)=C1O 1 C1(O)=C(O)C([*])OC1C(O)CO O(CC(c1ccccc1)O)* C1=CC(OCCc2ccccc2)OC1 0.5750000 0.5750 0.5405405 0.5405 0.3333333 0.3333 0.4594595 0.4595 1.0000000 298.2910 0.5426450 4.1434 1.0000000 1.0000 0.0 1.0 0.49434299833212975 0.6666666666666667 []
 | 14.0248 17.8803 61.9371 0.6235741 CC(=NOC1OC(C(O)CBr)C(O)=C1O)c1ccccc1 1 C1([*])OC(C(CBr)O)C(O)=C1O c1ccc(C(=NO*)C)cc1 C1=CC(ON=Cc2ccccc2)OC1 0.5000000 0.5000 0.5206793 0.5207 0.6666667 0.6667 0.4793207 0.4793 1.0000000 358.1880 0.5400175 4.2583 1.0000000 1.0000 0.0 1.0 0.5 0.33333333333333337 []
 | 51.9106 53.5742 -53.5742 0.0000000 S1C(NC*)=CC2=C(O3)C=CC=CC(=O)C=C12 0 C(C1OC([*])C(O)=C1O)(CO)O S1C(NC*)=CC2=C(O3)C=CC=CC(=O)C=C12 -- 0.0000000 0.0000 0.0000000 0.0000 0.0000000 0.0000 0.0000000 0.0000 0.0000000 0.0000 0.0000000 0.0000 0.0000000 0.0000 None None None None None
 | 11.0344 14.2028 62.4917 0.5991760 OCC(O)C1OC(c2cnc[nH]2)C(O)=C1OCc1ccccc1 1 c1cccc(COC2=C(O)C([*])OC2C(CO)O)c1 [nH]1cncc1* C1=C(OCc2ccccc2)COC1c1cnc[nH]1 0.6050000 0.6050 0.6714416 0.6714 0.3333333 0.3333 0.3285584 0.3286 1.0000000 318.3290 0.5460237 3.9955 1.0000000 1.0000 0.0 1.0 0.48885069295235745 0.6666666666666667 []
 | 9.5352 14.3695 68.0058 0.6435575 CC1(C2CCC(O)CC2=O)OCC(C2OC(=O)C(O)=C2O)O1 1 C1(O)=C(O)C(C2COC(C)([*])O2)OC1=O C1C(O)CCC(*)C1=O O=C1C=CC(C2COC(C3CCCCC3=O)O2)O1 0.4650000 0.4650 0.7324670 0.7325 0.6666667 0.6667 0.2675330 0.2675 1.0000000 314.2900 0.5291750 4.7315 1.0000000 1.0000 0.0 1.0 0.4987734956871706 0.33333333333333337 []
 | 11.4013 16.9419 55.5978 0.5667158 CC1(C)OCC(C2OC(=O)C(O)=C2C2(O)CCCCC2=O)O1 1 OC1=C([*])C(C2COC(C)(C)O2)OC1=O C1(=O)C(*)(O)CCCC1 O=C1C=C(C2CCCCC2=O)C(C2COCO2)O1 0.2600000 0.2600 0.7324670 0.7325 0.6666667 0.6667 0.2675330 0.2675 1.0000000 312.3180 0.5389642 4.3044 1.0000000 1.0000 0.0 1.0 0.43863424398922624 0.33333333333333337 []
 | 34.4779 40.6963 45.0438 0.6698441 O=C1OC(C(O)CO)C(O)=C1c1c(C(=O)c2cc3ccccc3c3ccccc23)ccn1Cc1cccc(O)c1 1 C1(=O)C([*])=C(O)C(C(O)CO)O1 Oc1cc(Cn2c(*)c(C(c3cc4ccccc4c4c3cccc4)=O)cc2)ccc1 O=C1OCC=C1c1c(C(=O)c2cc3ccccc3c3ccccc23)ccn1Cc1ccccc1 0.6700000 0.6700 0.5334005 0.5334 0.6666667 0.6667 0.4665995 0.4666 1.0000000 535.5520 0.5516650 3.7482 1.0000000 1.0000 0.0 1.0 0.4702127178203499 0.33333333333333337 []
21:22:35 <WARN> reinvent_plugins.normalizers.rdkit_smiles: O=C1OC(C*)CC2C12C(OC)(C)C could not be converted
21:22:35 <WARN> reinvent_plugins.normalizers.rdkit_smiles: n1n(C)nc(OCC(=C)Cl)n1* could not be converted
21:22:35 <WARN> reinvent_plugins.normalizers.rdkit_smiles: c1c2c(=O)cn(C)c(=O)n2CC1CN1CCOC(C)(*)C1 could not be converted
21:22:35 <WARN> reinvent_plugins.normalizers.rdkit_smiles: C1(n2cc(C(=O)*)cnc2)OC(C)C=C1 could not be converted
21:22:35 <WARN> reinvent_plugins.normalizers.rdkit_smiles: O=C1c2c(cccc2)C(=O)C=N1CO* could not be converted
21:22:35 <WARN> reinvent_plugins.normalizers.rdkit_smiles: n1cccc(C)c1CC(*)=OCC1CC1=O could not be converted
21:22:35 <WARN> reinvent_plugins.normalizers.rdkit_smiles: C1C(*)C(=O)N2=C1C=CC=C2 could not be converted
21:22:35 <WARN> reinvent_plugins.normalizers.rdkit_smiles: C1COC(COC(NC(N1CCC(C(N*)OC)=CC1)=O)C1CCN(OCc2nc(O)ccc2)=OO1)C=C could not be converted
21:22:35 <WARN> reinvent_plugins.normalizers.rdkit_smiles: O1COc2ccc(CO)cc21* could not be converted
21:22:35 <WARN> reinvent_plugins.normalizers.rdkit_smiles: CC1=C(C)C(=O)OC(C)O1C(*)=O could not be converted
21:22:35 <WARN> reinvent_plugins.normalizers.rdkit_smiles: c1(=O)c(=O)c1* could not be converted
21:22:35 <WARN> reinvent_plugins.normalizers.rdkit_smiles: O=C1c2c3cc(O*)ccc3C(=O)C2C(=O)OC1CC1C=CCC=C1 could not be converted
21:22:35 <WARN> reinvent_plugins.normalizers.rdkit_smiles: O=C1CS(*)C2=C(O)N=N12C1(C)CCCCC1=O could not be converted
21:22:35 <WARN> reinvent_plugins.normalizers.rdkit_smiles: C1CN(C)C(=O)C1=ON1CCN(*)CC1 could not be converted
21:22:35 <WARN> reinvent_plugins.normalizers.rdkit_smiles: O=C1COC(Cn2cnc3c(cc(-c4c(*)[nH]c5c3CCC4)=O)n2)C1 could not be converted
21:22:35 <WARN> reinvent_plugins.normalizers.rdkit_smiles: O=c1c(O*)cc(C)n(C)c1C could not be converted
21:22:35 <WARN> reinvent_plugins.normalizers.rdkit_smiles: O=C1C(C)N=N1* could not be converted
21:22:35 <WARN> reinvent_plugins.normalizers.rdkit_smiles: c1(C=O)nnc2cccnn1c2OC1OC(C)C(*)OC1C could not be converted
21:22:35 <WARN> reinvent_plugins.normalizers.rdkit_smiles: O=[N+](c1cc2c(cc1)CC1N(*)C(C=C(C)C3)C3N1C2=O)C3C could not be converted
21:22:49 <INFO> Score: 0.47 Agent NLL: 21.45 Valid:  95% Step: 16
 | Agent Prior Target Score SMILES SMILES_state Input_Scaffold R-groups Scaffold predicted_activity predicted_activity (raw) training_similarity training_similarity (raw) taf_consistency taf_consistency (raw) novelty novelty (raw) MW_window MW_window (raw) synthetic_feasibility synthetic_feasibility (raw) curated alerts filter curated alerts filter (raw) stereo_validity (predicted_activity) scaffold_novelty (predicted_activity) uncertainty (predicted_activity) taf_disrupted (predicted_activity) matchting_patterns (curated alerts filter)
 | 16.3483 21.1407 -21.1407 0.0000000 CC1(C(=O)OC2COOC2)OCC(C2OC(=O)C(O)=C2O)O1 1 C1(O)=C(O)C(C2OC([*])(C)OC2)OC1=O C1(OC(=O)*)COOC1 O=C1C=CC(C2COC(C(=O)OC3COOC3)O2)O1 0.0000000 0.0000 0.0000000 0.0000 0.0000000 0.0000 0.0000000 0.0000 0.0000000 0.0000 0.0000000 0.0000 0.0000000 0.0000 None None None None ['[#8][#8]']
 | 23.9735 28.1010 26.7971 0.4288918 CON=C(OCC1CCN(CC2=C(O)C(=O)OC2C2COC(C)(C)O2)CC1)c1ccccc1 1 C1(C)(C)OC(C2OC(=O)C(O)=C2[*])CO1 C1N(C*)CCC(COC(c2ccccc2)=NOC)C1 N=C(OCC1CCN(CC2=CC(=O)OC2C2COCO2)CC1)c1ccccc1 0.1350000 0.1350 0.6425754 0.6426 0.3333333 0.3333 0.3971395 0.3971 1.0000000 460.5270 0.5475589 3.9283 1.0000000 1.0000 0.0 1.0 0.34172357249683555 0.6666666666666667 []
 | 18.0188 22.1510 64.2568 0.6750611 O=C1OC(C(O)CO)C(O)=C1C(=O)c1ccc(C=Cc2ccncc2)cc1 1 C1(O)=C([*])C(=O)OC1C(O)CO n1ccc(C=Cc2ccc(C(=O)*)cc2)cc1 O=C1OCC=C1C(=O)c1ccc(C=Cc2ccncc2)cc1 0.6150000 0.6150 0.6260991 0.6261 0.6666667 0.6667 0.3739009 0.3739 1.0000000 367.3570 0.5567945 3.4772 1.0000000 1.0000 0.0 1.0 0.4865953144040744 0.33333333333333337 []
 | 16.2768 25.1146 44.4656 0.5435956 O=C(c1ccc2ccccc2c1)N1CCC(C2OC(C(O)CO)C(O)=C2O)CC1 1 OCC(C1OC([*])C(O)=C1O)O C1(*)CCN(C(c2ccc3c(cccc3)c2)=O)CC1 O=C(c1ccc2ccccc2c1)N1CCC(C2C=CCO2)CC1 0.4900000 0.4900 0.4857143 0.4857 0.3333333 0.3333 0.5142857 0.5143 1.0000000 399.4430 0.5536584 3.6606 1.0000000 1.0000 0.0 1.0 0.4998999899979995 0.6666666666666667 []
 | 7.0730 14.4395 -14.4395 0.0000000 CN1CCN(C2OC(C(O)CBr)C(O)=C2O)CC1 1 O1C([*])C(O)=C(O)C1C(CBr)O C1N(*)CCN(C)C1 C1=CC(N2CCNCC2)OC1 0.3850000 0.3850 0.5381383 0.5381 0.6666667 0.6667 0.4618617 0.4619 1.0000000 323.1870 0.5378081 4.3549 1.0000000 1.0000 0.0 1.0 0.4865953144040744 0.33333333333333337 []
 | 14.5536 23.0808 49.2358 0.5649732 O=C1CN(C2OC(C(O)CO)C(O)=C2O)Cc2ccccc2O1 1 OC(CO)C1OC([*])C(O)=C1O O1c2ccccc2CN(*)CC1=O O=C1CN(C2C=CCO2)Cc2ccccc2O1 0.5450000 0.5450 0.5366563 0.5367 0.3333333 0.3333 0.4633437 0.4633 1.0000000 323.3010 0.5408765 4.2208 1.0000000 1.0000 0.0 1.0 0.4979708826829135 0.6666666666666667 []
 | 13.5418 13.3945 -13.3945 0.0000000 Cc1ccc(O)c(NC2OC(C(O)CO)C(OCc3ccccc3)=C2O)c1 1 C1(O)=C(OCc2ccccc2)C(C(CO)O)OC1[*] c1c(O)c(N*)cc(C)c1 C1=C(OCc2ccccc2)COC1Nc1ccccc1 0.5550000 0.5550 0.6445730 0.6446 0.3333333 0.3333 0.3554270 0.3554 1.0000000 373.4050 0.5513884 3.7603 1.0000000 1.0000 0.0 1.0 0.4969657935914704 0.6666666666666667 []
 | 40.6673 49.2341 18.0784 0.5258788 CC(=O)C(OS(C)(=O)=O)N(CC1CCOCC1)C(=O)CC1(C)OCC(C2OC(=O)C(O)=C2O)O1 1 C1(O)=C(O)C(C2OC([*])(C)OC2)OC1=O C(N(C(C*)=O)C(OS(C)(=O)=O)C(C)=O)C1CCOCC1 O=C(CC1OCC(C2C=CC(=O)O2)O1)NCC1CCOCC1 0.3650000 0.3650 0.6077819 0.6078 0.3333333 0.3333 0.3922181 0.3922 1.0000000 507.5140 0.5270750 4.8230 1.0000000 1.0000 0.0 1.0 0.4814301610825811 0.6666666666666667 []
 | 19.7952 18.8111 43.6515 0.4879894 CC1=CCC(=O)C(C2=C(O)C(=O)OC2C2COC(C)(C)O2)CO1 1 C1(C)(C)OC(C2OC(=O)C(O)=C2[*])CO1 *C1COC(C)=CCC1=O O=C1C=C(C2COC=CCC2=O)C(C2COCO2)O1 0.2350000 0.2350 0.7156264 0.7156 0.3333333 0.3333 0.2843736 0.2844 1.0000000 324.3290 0.5321369 4.6024 1.0000000 1.0000 0.0 1.0 0.4239988207530771 0.6666666666666667 []
 | 33.8594 40.3187 45.5340 0.6707244 Nc1ccc(COS(=O)(=O)NCC(=NO)C2=C(O)C(C(O)CO)OC2=O)cc1 1 C1(O)=C([*])C(=O)OC1C(O)CO c1c(COS(=O)(=O)NCC(*)=NO)ccc(N)c1 N=C(CNS(=O)(=O)OCc1ccccc1)C1=CCOC1=O 0.6450000 0.6450 0.5715476 0.5715 0.6666667 0.6667 0.4284524 0.4285 1.0000000 417.3960 0.5428226 4.1357 1.0000000 1.0000 0.0 1.0 0.4785133226985431 0.33333333333333337 []
21:22:50 <WARN> reinvent_plugins.normalizers.rdkit_smiles: c1c(C(=O)c2ccc(O)c3[nH]ccc32)cn(C)n1* could not be converted
21:22:50 <WARN> reinvent_plugins.normalizers.rdkit_smiles: C(SC)(*)=OCC(N)C(C)=C could not be converted
21:22:50 <WARN> reinvent_plugins.normalizers.rdkit_smiles: C1(=O)CC(=O)CO1* could not be converted
21:22:50 <WARN> reinvent_plugins.normalizers.rdkit_smiles: c1(C)[nH]c2ccccc2n1C(*)=NCc1cc(OC)cc(OC)c1 could not be converted
21:22:50 <WARN> reinvent_plugins.normalizers.rdkit_smiles: O1C2(OC3(C)C)C(C=C4C=CC5S(C)CCC31(C*)C)CC=NC2C(=O)OCC could not be converted
21:22:50 <WARN> reinvent_plugins.normalizers.rdkit_smiles: C1C(O)C(O)C(O)C(O)O1C#N* could not be converted
21:22:50 <WARN> reinvent_plugins.normalizers.rdkit_smiles: c1ncnc1N* could not be converted
21:22:50 <WARN> reinvent_plugins.normalizers.rdkit_smiles: C12C(*)=C([N+]3(C)CC1)C1=OCN=C3O1 could not be converted
21:22:50 <WARN> reinvent_plugins.normalizers.rdkit_smiles: C1=CC=C2C(=OC(*)CC2=O)[S+]1C could not be converted
21:22:50 <WARN> reinvent_plugins.normalizers.rdkit_smiles: c12ccn(C*)c1ccc(-c1ccccc1CO)c12SCCNC1=O could not be converted
21:22:50 <WARN> reinvent_plugins.normalizers.rdkit_smiles: C1(=O)C(*)C2=CC(=O)CC(C)(C)C121C=CC=C1 could not be converted
21:22:50 <WARN> reinvent_plugins.normalizers.rdkit_smiles: C1(C)=CC(=O)C(C)=C1=C(SC1CCCC1)* could not be converted
21:22:50 <WARN> reinvent_plugins.normalizers.rdkit_smiles: c1cc(=O)n(*)n1C1=CC=CO1O could not be converted
21:22:50 <WARN> reinvent_plugins.normalizers.rdkit_smiles: C1(*)C=C(C)C(=O)N(C)=C1CC1COC(C)(C)O1 could not be converted
21:22:50 <WARN> reinvent_plugins.normalizers.rdkit_smiles: C1(C*)=O(C)C(O)(C)C=C1 could not be converted
21:22:50 <WARN> reinvent_plugins.normalizers.rdkit_smiles: O=S1(=O)C(*)=C(OC)OC2OC(=O)C(C)=N12 could not be converted
21:22:50 <WARN> reinvent_plugins.normalizers.rdkit_smiles: C1(O)C(C)OC(COC(=O)C1C(S)C(*)CO1)(C)C could not be converted
21:22:50 <WARN> reinvent_plugins.normalizers.rdkit_smiles: C1(=O)C1* could not be converted
21:22:50 <WARN> reinvent_plugins.normalizers.rdkit_smiles: c12c3cnnc3n(C)c1cncc2N* could not be converted
21:22:50 <WARN> reinvent_plugins.normalizers.rdkit_smiles: c1(C(NO)=O)ccccc1C(c1c[nH]c2ccccc21)=O)* could not be converted
21:23:05 <INFO> Score: 0.49 Agent NLL: 20.34 Valid:  96% Step: 17
 | Agent Prior Target Score SMILES SMILES_state Input_Scaffold R-groups Scaffold predicted_activity predicted_activity (raw) training_similarity training_similarity (raw) taf_consistency taf_consistency (raw) novelty novelty (raw) MW_window MW_window (raw) synthetic_feasibility synthetic_feasibility (raw) curated alerts filter curated alerts filter (raw) stereo_validity (predicted_activity) scaffold_novelty (predicted_activity) uncertainty (predicted_activity) taf_disrupted (predicted_activity) matchting_patterns (curated alerts filter)
 | 18.3936 18.7629 53.1539 0.5618506 CC(=O)C=C(c1ccc(O)cc1)C1(C)OCC(C2OC(=O)C(O)=C2O)O1 1 O1CC(C2C(O)=C(O)C(=O)O2)OC1(C)[*] c1(C(*)=CC(=O)C)ccc(O)cc1 C=C(c1ccccc1)C1OCC(C2C=CC(=O)O2)O1 0.4350000 0.4350 0.7348469 0.7348 0.3333333 0.3333 0.2651531 0.2652 1.0000000 362.3340 0.5385307 4.3233 1.0000000 1.0000 0.0 1.0 0.4957569969249047 0.6666666666666667 []
 | 11.7440 11.3363 45.5058 0.4440785 CC1(C)OCC(C2OC(=O)C(O)=C2CCN2CCCCC2)O1 1 C1(C2OC(=O)C(O)=C2[*])COC(C)(C)O1 C1CN(CC*)CCC1 O=C1C=C(CCN2CCCCC2)C(C2COCO2)O1 0.1500000 0.1500 0.7238999 0.7239 0.3333333 0.3333 0.2761001 0.2761 1.0000000 311.3780 0.5527971 3.6985 1.0000000 1.0000 0.0 1.0 0.3570714214271425 0.6666666666666667 []
 | 23.0276 29.6199 54.6649 0.6584748 COc1cc(O)c(C2=C(O)C(C(O)CO)OC2=O)nc1C(=O)c1ccccc1 1 OC1=C([*])C(=O)OC1C(O)CO C(=O)(c1c(OC)cc(O)c(*)n1)c1ccccc1 O=C1OCC=C1c1cccc(C(=O)c2ccccc2)n1 0.5700000 0.5700 0.5922801 0.5923 0.6666667 0.6667 0.4175647 0.4176 1.0000000 387.3440 0.5539937 3.6459 1.0000000 1.0000 0.0 1.0 0.4950757517794625 0.33333333333333337 []
 | 25.5443 33.2939 36.1261 0.5423432 CC1CCC(c2ccc3ccccc3c2O)C(C2OC(C(O)CO)C(O)=C2O)C1 1 [*]C1C(O)=C(O)C(C(CO)O)O1 C1(*)C(c2c(O)c3ccccc3cc2)CCC(C)C1 C1=CC(C2CCCCC2c2ccc3ccccc3c2)OC1 0.5000000 0.5000 0.4760952 0.4761 0.3333333 0.3333 0.5239048 0.5239 1.0000000 400.4710 0.5380635 4.3437 1.0000000 1.0000 0.0 1.0 0.5 0.6666666666666667 []
 | 24.0472 35.9484 40.2027 0.5949302 CC1(c2nc[nH]c(=O)n2)CCN(C2OC(C(O)CBr)C(O)=C2O)CC1 1 C(Br)C(C1OC([*])C(O)=C1O)O C1C(C)(c2nc(=O)[nH]cn2)CCN(*)C1 O=c1nc(C2CCN(C3C=CCO3)CC2)nc[nH]1 0.4350000 0.4350 0.4848952 0.4849 0.6666667 0.6667 0.5151048 0.5151 1.0000000 417.2600 0.5234890 4.9791 1.0000000 1.0000 0.0 1.0 0.49575699692490466 0.33333333333333337 []
 | 24.6516 30.4730 33.5912 0.5005016 OCC(O)C1OC(Oc2ccc3c(CNC4CCCC4)c[nH]c3c2)C(O)=C1O 1 C1(C(O)CO)OC([*])C(O)=C1O [nH]1cc(CNC2CCCC2)c2ccc(O*)cc12 C1=CC(Oc2ccc3c(CNC4CCCC4)c[nH]c3c2)OC1 0.4000000 0.4000 0.4008918 0.4009 0.3333333 0.3333 0.5991082 0.5991 1.0000000 390.4360 0.5455905 4.0145 1.0000000 1.0000 0.0 1.0 0.4898979485566356 0.6666666666666667 []
 | 11.4628 20.2295 55.3893 0.5907720 O=C1CC=CCC1C1OC(C(O)CO)C(OCc2ccccc2)=C1O 1 OC(CO)C1OC([*])C(O)=C1OCc1ccccc1 C1C(*)C(=O)CC=C1 O=C1CC=CCC1C1C=C(OCc2ccccc2)CO1 0.5550000 0.5550 0.7045671 0.7046 0.3333333 0.3333 0.2954329 0.2954 1.0000000 346.3790 0.5414504 4.1957 1.0000000 1.0000 0.0 1.0 0.4969657935914704 0.6666666666666667 []
 | 26.8529 28.4438 49.4219 0.6083258 CC1(CNC(=O)Oc2ccc(OCc3ccccc3-c3ccccc3)cc2)OCC(C2OC(=O)C(O)=C2O)O1 1 O1CC(C2C(O)=C(O)C(=O)O2)OC1(C)[*] c1c(OC(=O)NC*)ccc(OCc2c(-c3ccccc3)cccc2)c1 O=C1C=CC(C2COC(CNC(=O)Oc3ccc(OCc4ccccc4-c4ccccc4)cc3)O2)O1 0.4000000 0.4000 0.5980568 0.5981 0.6666667 0.6667 0.4019432 0.4019 1.0000000 533.5330 0.5491631 3.8580 1.0000000 1.0000 0.0 1.0 0.4898979485566356 0.33333333333333337 []
 | 14.3168 18.0288 48.4273 0.5191885 Cc1ccc(NCC2=C(O)C(=O)OC2C2COC(C)(C)O2)c(C)c1 1 C1(C2OC(=O)C(O)=C2[*])COC(C)(C)O1 c1c(C)c(NC*)ccc1C O=C1C=C(CNc2ccccc2)C(C2COCO2)O1 0.1800000 0.1800 0.6781327 0.6781 0.6666667 0.6667 0.3218673 0.3219 1.0000000 333.3840 0.5538938 3.6503 1.0000000 1.0000 0.0 1.0 0.38418745424597095 0.33333333333333337 []
 | 10.6191 14.3409 74.8481 0.6967894 O=C1OC(C(O)CO)C(O)=C1C1=CC(=O)c2ccccc2C1=O 1 OC1=C([*])C(=O)OC1C(O)CO O=C1c2ccccc2C(=O)C=C1* O=C1OCC=C1C1=CC(=O)c2ccccc2C1=O 0.6800000 0.6800 0.6725382 0.6725 0.6666667 0.6667 0.3274618 0.3275 1.0000000 316.2650 0.5535333 3.6661 1.0000000 1.0000 0.0 1.0 0.466476151587624 0.33333333333333337 []
21:23:06 <WARN> reinvent_plugins.normalizers.rdkit_smiles: C(C1C(=O)CC=CC1)(=O)C1C2OOC2CCC2C(*)(O)CC(=O)O12 could not be converted
21:23:06 <WARN> reinvent_plugins.normalizers.rdkit_smiles: O=c1c(C)c(CO)c(*)c(=O)n1-c1ccccc1 could not be converted
21:23:06 <WARN> reinvent_plugins.normalizers.rdkit_smiles: n1cc(-c2ncc(C(*)OC3C(O)C(O)C(O)C(n4nncnc4)C3)cc2)ccc1 could not be converted
21:23:06 <WARN> reinvent_plugins.normalizers.rdkit_smiles: c12ccccc1c1c(c3*)C(=O)CCCC3(C)C1=CC2=O could not be converted
21:23:06 <WARN> reinvent_plugins.normalizers.rdkit_smiles: c1c2c(ncn2CC=C)c(C)nn1* could not be converted
21:23:06 <WARN> reinvent_plugins.normalizers.rdkit_smiles: C1CC(c2coc3cc(O*)ccc2=O)CCCCC1NC(=O)C(C)CNS(=O)(c1cc(Cl)c(Cl)cc1)=O could not be converted
21:23:06 <WARN> reinvent_plugins.normalizers.rdkit_smiles: c1(OC(=O)C=CC(S[N+](=O)*)=C4c1sccc1)C(=O)OCC=Cc1ccccc1 could not be converted
21:23:06 <WARN> reinvent_plugins.normalizers.rdkit_smiles: C1(C)=C(CN*)C(=O)c2c(O)c(C)cc(C)n21 could not be converted
21:23:06 <WARN> reinvent_plugins.normalizers.rdkit_smiles: N1(*)CCN(C(=N)c2cc(C#C)ccnc2)CC1 could not be converted
21:23:06 <WARN> reinvent_plugins.normalizers.rdkit_smiles: O=c1cc(C)c2c3nc4ccccc4nc3c3nc(*)sc3n2c1 could not be converted
21:23:06 <WARN> reinvent_plugins.normalizers.rdkit_smiles: C1C(*)(C#O)OC1 could not be converted
21:23:06 <WARN> reinvent_plugins.normalizers.rdkit_smiles: C(*)CC1=CC(=CCn2cnc3cc(=O)n(CC)c(=O)n32)=CC1 could not be converted
21:23:06 <WARN> reinvent_plugins.normalizers.rdkit_smiles: O=C1CCCO1(*)C1CCCCC1 could not be converted
21:23:06 <WARN> reinvent_plugins.normalizers.rdkit_smiles: c1c(O)cc2cccc3c1CCCN2* could not be converted
21:23:06 <WARN> reinvent_plugins.normalizers.rdkit_smiles: C1(=O)C(*)CC23=CC2C1N(C)C=C3 could not be converted
21:23:21 <INFO> Score: 0.48 Agent NLL: 21.01 Valid:  97% Step: 18
 | Agent Prior Target Score SMILES SMILES_state Input_Scaffold R-groups Scaffold predicted_activity predicted_activity (raw) training_similarity training_similarity (raw) taf_consistency taf_consistency (raw) novelty novelty (raw) MW_window MW_window (raw) synthetic_feasibility synthetic_feasibility (raw) curated alerts filter curated alerts filter (raw) stereo_validity (predicted_activity) scaffold_novelty (predicted_activity) uncertainty (predicted_activity) taf_disrupted (predicted_activity) matchting_patterns (curated alerts filter)
 | 51.3261 53.0959 -53.0959 0.0000000 C(C1C(=O)CC=CC1)(=O)C1C2OOC2CCC2C(*)(O)CC(=O)O12 0 C1(C2C(O)=C(O)C(=O)O2)OC([*])(C)OC1 C(C1C(=O)CC=CC1)(=O)C1C2OOC2CCC2C(*)(O)CC(=O)O12 -- 0.0000000 0.0000 0.0000000 0.0000 0.0000000 0.0000 0.0000000 0.0000 0.0000000 0.0000 0.0000000 0.0000 0.0000000 0.0000 None None None None None
 | 20.8193 28.5021 36.3857 0.5069366 Cn1ccn(CC=CC(=O)C2=C(O)C(=O)OC2C2COC(C)(C)O2)c1=O 1 C1(=O)OC(C2COC(C)(C)O2)C([*])=C1O C(n1ccn(C)c1=O)C=CC(=O)* O=C1C=C(C(=O)C=CCn2cc[nH]c2=O)C(C2COCO2)O1 0.2900000 0.2900 0.6582806 0.6583 0.3333333 0.3333 0.3417194 0.3417 1.0000000 364.3540 0.5406184 4.2321 1.0000000 1.0000 0.0 1.0 0.4537620521815371 0.6666666666666667 []
 | 22.0996 27.2861 56.9026 0.6577243 O=C1OC(C(O)CO)C(O)=C1C1C=CC(NC(=O)c2c[nH]c3ccccc23)C1 1 C(C(C1OC(=O)C([*])=C1O)O)O O=C(c1c[nH]c2ccccc12)NC1CC(*)C=C1 O=C1OCC=C1C1C=CC(NC(=O)c2c[nH]c3ccccc23)C1 0.5950000 0.5950 0.5663279 0.5663 0.6666667 0.6667 0.4336721 0.4337 1.0000000 384.3880 0.5421337 4.1658 1.0000000 1.0000 0.0 1.0 0.4908920451586072 0.33333333333333337 []
 | 14.1388 19.5656 48.5321 0.5320134 CC1=NC(C2OC(C(O)CO)C(O)=C2O)C(C)C1 1 O1C(C(CO)O)C(O)=C(O)C1[*] C1C(C)=NC(*)C1C C1=CC(C2CCC=N2)OC1 0.4300000 0.4300 0.5260767 0.5261 0.3333333 0.3333 0.4739233 0.4739 1.0000000 257.2860 0.5216494 5.0592 1.0000000 1.0000 0.0 1.0 0.49507575177946256 0.6666666666666667 []
 | 53.0334 55.2587 -54.1130 0.0089507 CC1=CCC(C2C(=C3OCCO3)C(=O)COC2OC2OC(C(O)CBr)C(O)=C2O)C2C1CC(O)C2O 1 OC1=C(O)C(C(O)CBr)OC1[*] OC1C(O)C2C(C1)C(C)=CCC2C1C(O*)OCC(=O)C1=C1OCCO1 O=C1COC(OC2C=CCO2)C(C2CC=CC3CCCC32)C1=C1OCCO1 0.3100000 0.3100 0.4280863 0.4281 0.6666667 0.6667 0.5719137 0.5719 0.0000000 575.4050 0.5008732 5.9621 1.0000000 1.0000 0.0 1.0 0.462493243193887 0.33333333333333337 []
 | 20.7088 29.0359 41.2701 0.5492655 OCC1CCC(CC2OC(C(O)CO)C(O)=C2O)N(Cc2ccccc2)C1 1 C1([*])C(O)=C(O)C(C(CO)O)O1 C1(CO)CCC(C*)N(Cc2ccccc2)C1 C1=CC(CC2CCCCN2Cc2ccccc2)OC1 0.4950000 0.4950 0.5166825 0.5167 0.3333333 0.3333 0.4833175 0.4833 1.0000000 379.4530 0.5396153 4.2759 1.0000000 1.0000 0.0 1.0 0.49997499937496875 0.6666666666666667 []
 | 19.8763 25.8663 46.8129 0.5678069 CC(C)OC1CC(OC2OC(C(O)CO)C(OCc3ccccc3)=C2O)C1 1 C(C1OC([*])C(O)=C1OCc1ccccc1)(CO)O C1C(OC(C)C)CC1O* C1=C(OCc2ccccc2)COC1OC1CCC1 0.4850000 0.4850 0.6509868 0.6510 0.3333333 0.3333 0.3490132 0.3490 1.0000000 380.4370 0.5437954 4.0931 1.0000000 1.0000 0.0 1.0 0.4997749493522059 0.6666666666666667 []
 | 16.9983 21.1749 48.5985 0.5451051 COc1ccc(S(=O)(=O)N2CCN(C3(C)OCC(C4OC(=O)C(O)=C4O)O3)C(=O)C2)cc1 1 C1(C2C(O)=C(O)C(=O)O2)OC([*])(C)OC1 O=C1N(*)CCN(S(=O)(=O)c2ccc(OC)cc2)C1 O=C1C=CC(C2COC(N3CCN(S(=O)(=O)c4ccccc4)CC3=O)O2)O1 0.4050000 0.4050 0.6472754 0.6473 0.3333333 0.3333 0.3527246 0.3527 1.0000000 470.4560 0.5440685 4.0812 1.0000000 1.0000 0.0 1.0 0.4908920451586072 0.6666666666666667 []
 | 14.1353 18.6079 55.5025 0.5789879 Cc1cc(NC(=O)C2=C(O)C(=O)OC2C2COC(C)(C)O2)ccc1Cl 1 C1(=O)OC(C2COC(C)(C)O2)C([*])=C1O c1(C)cc(NC(=O)*)ccc1Cl O=C1C=C(C(=O)Nc2ccccc2)C(C2COCO2)O1 0.2950000 0.2950 0.6713171 0.6713 0.6666667 0.6667 0.3286829 0.3287 1.0000000 367.7850 0.5566233 3.4697 1.0000000 1.0000 0.0 1.0 0.4560427611529428 0.33333333333333337 []
 | 14.6738 21.5691 65.7914 0.6825041 O=C1OC(C(O)CO)C(O)=C1c1cn[nH]c1 1 C(C(C1OC(=O)C([*])=C1O)O)O C1(*)=CNN=C1 O=C1OCC=C1c1cn[nH]c1 0.6200000 0.6200 0.6813300 0.6813 0.6666667 0.6667 0.3186700 0.3187 1.0000000 226.1880 0.5443254 4.0699 1.0000000 1.0000 0.0 1.0 0.48538644398046393 0.33333333333333337 []
21:23:22 <WARN> reinvent_plugins.normalizers.rdkit_smiles: O=c1n(C)c(=O)c2c3c(n(*)nc3n1)cccc2 could not be converted
21:23:22 <WARN> reinvent_plugins.normalizers.rdkit_smiles: N1(*)C(C)=CCC1C=C1C2C(CC)C3CC(C)COC13=CC2 could not be converted
21:23:22 <WARN> reinvent_plugins.normalizers.rdkit_smiles: C1(N*)=C(O)C=CC==C1 could not be converted
21:23:22 <WARN> reinvent_plugins.normalizers.rdkit_smiles: c1(C)nc2ccccc2n(C)c1=O)C(=O)* could not be converted
21:23:22 <WARN> reinvent_plugins.normalizers.rdkit_smiles: c1cc(=O)c2ccccc2c1C(=O)* could not be converted
21:23:22 <WARN> reinvent_plugins.normalizers.rdkit_smiles: C(CC(O)C(*)=O)=C1(C)C=CC(O)C1 could not be converted
21:23:22 <WARN> reinvent_plugins.normalizers.rdkit_smiles: c12c(cccc1OC)CC(C*)=C1O122CCOC2 could not be converted
21:23:22 <WARN> reinvent_plugins.normalizers.rdkit_smiles: O=C1N2=CC(=O)C=CC2=CC(*)=C1 could not be converted
21:23:22 <WARN> reinvent_plugins.normalizers.rdkit_smiles: C1(*)CN(S(N)==O)CC1 could not be converted
21:23:22 <WARN> reinvent_plugins.normalizers.rdkit_smiles: c12ncnc-1cnn1Cc2c3ccnn3cn1OC* could not be converted
21:23:22 <WARN> reinvent_plugins.normalizers.rdkit_smiles: O=C1N(*)C(=O)C23C=CC(S2(=O)C2)C=CC12=O could not be converted
21:23:22 <WARN> reinvent_plugins.normalizers.rdkit_smiles: C12C(*)(C)CCC13CO11C3(CC)C(C)(CC2=O)C1OC(=O)C=C1C could not be converted
21:23:22 <WARN> reinvent_plugins.normalizers.rdkit_smiles: C1(O*)C=CC2O1CC=CC2 could not be converted
21:23:22 <WARN> reinvent_plugins.normalizers.rdkit_smiles: N(CCS(CC1=CCOC1=O)C)(*)(=O)=O could not be converted
21:23:22 <WARN> reinvent_plugins.normalizers.rdkit_smiles: C1CN(S(=O)(=O)c2ccccn2C)CCC1* could not be converted
21:23:22 <WARN> reinvent_plugins.normalizers.rdkit_smiles: C1(=O)CCCO1C(N1CC(*)CCC1)COCC=C could not be converted
21:23:22 <WARN> reinvent_plugins.normalizers.rdkit_smiles: N1=C(*)C(=O)N2=C=C(C=C3C(=O)=C=CC=C2)Cc1C=CC#N could not be converted
21:23:22 <WARN> reinvent_plugins.normalizers.rdkit_smiles: C1(O)CC=CCC1)* could not be converted
21:23:22 <WARN> reinvent_plugins.normalizers.rdkit_smiles: O1(C*)CCC(C)=CC1=O could not be converted
21:23:22 <WARN> reinvent_plugins.normalizers.rdkit_smiles: C1(C)=Cc2nncnc2=C(C(*)=O)O1 could not be converted
21:23:22 <WARN> reinvent_plugins.normalizers.rdkit_smiles: C1(COC(=O)C)=C(O)CC(C)=N1* could not be converted
21:23:22 <WARN> reinvent_plugins.normalizers.rdkit_smiles: O1C(C)(*)CCC1C#C1C=C(Cl)C1=O could not be converted
21:23:22 <WARN> reinvent_plugins.normalizers.rdkit_smiles: N1(CC)C(C(N*)CO)=OC(C)c2ccccc21 could not be converted
21:23:22 <WARN> reinvent_plugins.normalizers.rdkit_smiles: [nH]1c(=O)n(C2CCC(O)(*)C=C2)cc(=O)c1 could not be converted
21:23:22 <WARN> reinvent_plugins.normalizers.rdkit_smiles: O=C1N(C2CC2)C(OC)=C(C*)C=1 could not be converted
21:23:22 <WARN> reinvent_plugins.normalizers.rdkit_smiles: O=C1c2c(cccc2)C(=O)(*)C1 could not be converted
21:23:22 <WARN> reinvent_plugins.normalizers.rdkit_smiles: n1cc(*)n2ccnc1-2 could not be converted
21:23:22 <WARN> reinvent_plugins.normalizers.rdkit_smiles: c1(OC)c2c(c3ccccc13)C(O)C(*)(O)CC2 could not be converted
21:23:22 <WARN> reinvent_plugins.normalizers.rdkit_smiles: N1(CC*)CCn2cc(C)cc(O)c21 could not be converted
21:23:37 <INFO> Score: 0.48 Agent NLL: 20.43 Valid:  93% Step: 19
 | Agent Prior Target Score SMILES SMILES_state Input_Scaffold R-groups Scaffold predicted_activity predicted_activity (raw) training_similarity training_similarity (raw) taf_consistency taf_consistency (raw) novelty novelty (raw) MW_window MW_window (raw) synthetic_feasibility synthetic_feasibility (raw) curated alerts filter curated alerts filter (raw) stereo_validity (predicted_activity) scaffold_novelty (predicted_activity) uncertainty (predicted_activity) taf_disrupted (predicted_activity) matchting_patterns (curated alerts filter)
 | 14.3763 17.4167 56.9356 0.5808773 CC1(C2C=CCC(=O)C2=O)OCC(C2OC(=O)C(O)=C2O)O1 1 C1(O)=C(O)C(C2OC(C)([*])OC2)OC1=O O=C1C(=O)CC=CC1* O=C1C=CC(C2COC(C3C=CCC(=O)C3=O)O2)O1 0.5150000 0.5150 0.7238999 0.7239 0.3333333 0.3333 0.2761001 0.2761 1.0000000 310.2580 0.5257210 4.8820 1.0000000 1.0000 0.0 1.0 0.4997749493522059 0.6666666666666667 []
 | 18.4729 18.8583 42.4264 0.4787862 CC(=O)OC(C1=C(O)C(=O)OC1C1COC(C)(C)O1)c1cccc2ccccc12 1 C1(C)(C)OCC(C2OC(=O)C(O)=C2[*])O1 c1(C(*)OC(=O)C)cccc2ccccc12 O=C1C=C(Cc2cccc3ccccc23)C(C2COCO2)O1 0.2200000 0.2200 0.6659122 0.6659 0.3333333 0.3333 0.3417194 0.3417 1.0000000 398.4110 0.5489360 3.8679 1.0000000 1.0000 0.0 1.0 0.41424630354415964 0.6666666666666667 []
 | 11.7063 18.2067 68.2197 0.6752067 O=C1NCC(=O)N(C2=C(O)C(C(O)CO)OC2=O)C1=O 1 O=C1OC(C(CO)O)C(O)=C1[*] O=C1N(*)C(=O)C(=O)NC1 O=C1NCC(=O)N(C2=CCOC2=O)C1=O 0.6000000 0.6000 0.6640783 0.6641 0.6666667 0.6667 0.3359217 0.3359 1.0000000 286.1960 0.5438014 4.0928 1.0000000 1.0000 0.0 1.0 0.48989794855663565 0.33333333333333337 []
 | 24.4007 26.9017 35.4450 0.4870838 CC1=CCN(C)C(C)(C=NOC2OC(C(O)CO)C(O)=C2O)C1 1 OC1=C(O)C(C(O)CO)OC1[*] C1(C)=CCN(C)C(C=NO*)(C)C1 C1=CCC(C=NOC2C=CCO2)NC1 0.3500000 0.3500 0.4208127 0.4208 0.3333333 0.3333 0.5791873 0.5792 1.0000000 328.3650 0.5133171 5.4215 1.0000000 1.0000 0.0 1.0 0.47696960070847283 0.6666666666666667 []
 | 23.5038 29.1807 48.3339 0.6055833 OC1=C(O)C(C(O)CBr)OC1CC1C(=S)COc2ccccc21 1 C1([*])C(O)=C(O)C(C(CBr)O)O1 O1c2c(cccc2)C(C*)C(=S)C1 S=C1COc2ccccc2C1CC1C=CCO1 0.4600000 0.4600 0.4969996 0.4970 0.6666667 0.6667 0.5030004 0.5030 1.0000000 401.2780 0.5277834 4.7921 1.0000000 1.0000 0.0 1.0 0.49839743177508444 0.33333333333333337 []
 | 28.6079 40.5833 -40.5833 0.0000000 O=c1n(C)c(=O)c2c3c(n(*)nc3n1)cccc2 0 C(O)(CO)C1C(O)=C(O)C([*])O1 O=c1n(C)c(=O)c2c3c(n(*)nc3n1)cccc2 -- 0.0000000 0.0000 0.0000000 0.0000 0.0000000 0.0000 0.0000000 0.0000 0.0000000 0.0000 0.0000000 0.0000 0.0000000 0.0000 None None None None None
 | 23.5575 38.7492 32.6657 0.5579293 OCC(O)C1OC(NC2COCCC2Oc2cccnn2)C(O)=C1OCc1ccccc1 1 c1ccc(COC2=C(O)C([*])OC2C(CO)O)cc1 C1(Oc2cccnn2)CCOCC1N* C1=C(OCc2ccccc2)COC1NC1COCCC1Oc1cccnn1 0.4950000 0.4950 0.5709531 0.5710 0.3333333 0.3333 0.4290469 0.4290 1.0000000 445.4720 0.5335723 4.5398 1.0000000 1.0000 0.0 1.0 0.49997499937496875 0.6666666666666667 []
 | 14.5277 16.6213 66.5258 0.6495873 CC1(C#Cc2ccncc2)OCC(C2OC(=O)C(O)=C2O)O1 1 C1(O)=C(O)C(C2OC(C)([*])OC2)OC1=O C(#Cc1ccncc1)* O=C1C=CC(C2COC(C#Cc3ccncc3)O2)O1 0.4900000 0.4900 0.7076303 0.7076 0.6666667 0.6667 0.2923697 0.2924 1.0000000 303.2700 0.5359275 4.4370 1.0000000 1.0000 0.0 1.0 0.4998999899979995 0.33333333333333337 []
 | 19.7302 26.9472 29.1651 0.4383774 CC1(C)OCC(C2OC(=O)C(O)=C2CC(=O)N2CCCCC2CCS(C)(=O)=O)O1 1 C1(C)(C)OCC(C2OC(=O)C(O)=C2[*])O1 N1(C(=O)C*)CCCCC1CCS(C)(=O)=O O=C1C=C(CC(=O)N2CCCCC2)C(C2COCO2)O1 0.1550000 0.1550 0.6287461 0.6287 0.3333333 0.3333 0.3712539 0.3713 1.0000000 431.5070 0.5426819 4.1418 1.0000000 1.0000 0.0 1.0 0.36190468358395134 0.6666666666666667 []
 | 46.7291 51.4931 -50.1311 0.0106405 O=C(O)COC1=C(C(=O)Oc2cc3c(=O)[nH]c4c(C5=C(O)C(C(O)CO)OC5=O)cccc4cc-3n2)CCCC1 1 O=C1OC(C(CO)O)C(O)=C1[*] C1(C(=O)Oc2cc3c(=O)[nH]c4c(*)cccc4cc3n2)=C(OCC(O)=O)CCCC1 O=C(Oc1cc2c(=O)[nH]c3c(C4=CCOC4=O)cccc3cc-2n1)C1=CCCCC1 0.5800000 0.5800 0.4915729 0.4916 0.6666667 0.6667 0.5084271 0.5084 0.0000000 552.4920 0.5393764 4.2864 1.0000000 1.0000 0.0 1.0 0.4935585071701226 0.33333333333333337 []
21:23:38 <WARN> reinvent_plugins.normalizers.rdkit_smiles: C1(C*)N(C(=O)C=Cc2ccc(C)cc2)C(=O)C2=CC=CC=CC=12O could not be converted
21:23:38 <WARN> reinvent_plugins.normalizers.rdkit_smiles: C1(*)=C(OC(=O)C=CC)CCO=C1 could not be converted
21:23:38 <WARN> reinvent_plugins.normalizers.rdkit_smiles: C(C1(*)C(=O)C=CC(C)=O1)=CC1=C(C)C(=O)CC(C)=C1 could not be converted
21:23:38 <WARN> reinvent_plugins.normalizers.rdkit_smiles: C1(C)c2ccc(=O)[nH]c2C(=O)CC1=O* could not be converted
21:23:38 <WARN> reinvent_plugins.normalizers.rdkit_smiles: CNC1=NOC(*)(=O)C1=C could not be converted
21:23:38 <WARN> reinvent_plugins.normalizers.rdkit_smiles: *C1C(=O)NCCC1C1=CCOC=O1 could not be converted
21:23:38 <WARN> reinvent_plugins.normalizers.rdkit_smiles: C1(*)n2nc(=O)[nH]c(=O)c2SC(C)C1 could not be converted
21:23:38 <WARN> reinvent_plugins.normalizers.rdkit_smiles: Cn1ccc(=O)[nH]c1=O* could not be converted
21:23:38 <WARN> reinvent_plugins.normalizers.rdkit_smiles: C1(=O)c2cccnc2-n2c1CC(*)=C(Cl)C2=C1C(=O)NC=C(C)C1O could not be converted
21:23:38 <WARN> reinvent_plugins.normalizers.rdkit_smiles: C1(=O)C=C(OC(=O)c2c[nH]cn2)c2ccncc21O* could not be converted
21:23:38 <WARN> reinvent_plugins.normalizers.rdkit_smiles: C1(OC(*)=O)C(=O)CC(OC(=O)C)O1C=O could not be converted
21:23:38 <WARN> reinvent_plugins.normalizers.rdkit_smiles: O(C1=C(*)C(C)=NC1=O)CC1=CCOC=1 could not be converted
21:23:38 <WARN> reinvent_plugins.normalizers.rdkit_smiles: C1(=O)N(=N*)C(=O)C=C1 could not be converted
21:23:38 <WARN> reinvent_plugins.normalizers.rdkit_smiles: C1(C*)C=C(C)C[n+]2nnc3ncnc3c21 could not be converted
21:23:38 <WARN> reinvent_plugins.normalizers.rdkit_smiles: [nH]1ccc(=O)n(C)c1=O)* could not be converted
21:23:38 <WARN> reinvent_plugins.normalizers.rdkit_smiles: C1(C=O)C(=O)C2=C(OC1)OC=C1C(c3nnc4c(*)n[nH]c4=C3)=CO2=C1 could not be converted
21:23:38 <WARN> reinvent_plugins.normalizers.rdkit_smiles: O=C1OCCO1CCN(S(*)(=O)=O)C=c1ccccc1 could not be converted
21:23:38 <WARN> reinvent_plugins.normalizers.rdkit_smiles: C1(=O)C=C(2COC(=O)C2*)C=C1 could not be converted
21:23:38 <WARN> reinvent_plugins.normalizers.rdkit_smiles: [nH]1cnnn1* could not be converted
21:23:38 <WARN> reinvent_plugins.normalizers.rdkit_smiles: c12c(cccc1)C1(C)C=NC(*)CO2C1 could not be converted
21:23:38 <WARN> reinvent_plugins.normalizers.rdkit_smiles: C1CCN(C*)C2C13OC(C)(C)OC3=O could not be converted
21:23:38 <WARN> reinvent_plugins.normalizers.rdkit_smiles: C1=C(O*)C=CC=O1 could not be converted
21:23:38 <WARN> reinvent_plugins.normalizers.rdkit_smiles: c1(=O)[nH]c(*)[nH]c1C1=NOC(C)(C)C=C1 could not be converted
21:23:38 <WARN> reinvent_plugins.normalizers.rdkit_smiles: C1(c2ccc(C)cc2)(*)C1(C)C=C(Br)C=O could not be converted
21:23:38 <WARN> reinvent_plugins.normalizers.rdkit_smiles: C1(O)CO=C(C)C(NO)=C1C(*)=O could not be converted
21:23:52 <INFO> Score: 0.49 Agent NLL: 19.40 Valid:  94% Step: 20
 | Agent Prior Target Score SMILES SMILES_state Input_Scaffold R-groups Scaffold predicted_activity predicted_activity (raw) training_similarity training_similarity (raw) taf_consistency taf_consistency (raw) novelty novelty (raw) MW_window MW_window (raw) synthetic_feasibility synthetic_feasibility (raw) curated alerts filter curated alerts filter (raw) stereo_validity (predicted_activity) scaffold_novelty (predicted_activity) uncertainty (predicted_activity) taf_disrupted (predicted_activity) matchting_patterns (curated alerts filter)
 | 23.3565 26.7491 55.6830 0.6440007 CC(C)(C)OC(=O)C1C(=O)NC(=O)C1(C)C1(C)OCC(C2OC(=O)C(O)=C2O)O1 1 OC1=C(O)C(=O)OC1C1COC(C)([*])O1 C1(=O)NC(=O)C(*)(C)C1C(=O)OC(C)(C)C O=C1CC(C2OCC(C3C=CC(=O)O3)O2)C(=O)N1 0.4900000 0.4900 0.6713171 0.6713 0.6666667 0.6667 0.3286829 0.3287 1.0000000 413.3790 0.5257324 4.8815 1.0000000 1.0000 0.0 1.0 0.4998999899979995 0.33333333333333337 []
 | 14.0562 16.9518 47.2415 0.5015102 CC1=C(C)C(C2=C(O)C(=O)OC2C2COC(C)(C)O2)CC1=O 1 C1(C2COC(C)(C)O2)OC(=O)C(O)=C1[*] *C1C(C)=C(C)C(=O)C1 O=C1C=CC(C2=CC(=O)OC2C2COCO2)C1 0.2600000 0.2600 0.7413457 0.7413 0.3333333 0.3333 0.2586543 0.2587 1.0000000 308.3300 0.5380667 4.3436 1.0000000 1.0000 0.0 1.0 0.4386342439892262 0.6666666666666667 []
 | 15.3659 17.8406 69.1466 0.6795876 O=C1C=C(OC2=C(O)C(C(O)CO)OC2=O)C(=O)C=C1O 1 C1(C(CO)O)C(O)=C([*])C(=O)O1 C1(=O)C=C(O*)C(=O)C=C1O O=C1C=CC(=O)C(OC2=CCOC2=O)=C1 0.6050000 0.6050 0.6882473 0.6882 0.6666667 0.6667 0.3117527 0.3118 1.0000000 298.2030 0.5437897 4.0933 1.0000000 1.0000 0.0 1.0 0.4888506929523574 0.33333333333333337 []
 | 15.5084 20.4281 51.2395 0.5599029 OCC(O)C1OC(CCOc2cccnc2)C(O)=C1O 1 O1C(C(O)CO)C(O)=C(O)C1[*] c1(OCC*)cnccc1 C1=CC(CCOc2cccnc2)OC1 0.5350000 0.5350 0.5182675 0.5183 0.3333333 0.3333 0.4817325 0.4817 1.0000000 283.2800 0.5463495 3.9813 1.0000000 1.0000 0.0 1.0 0.49877349568717055 0.6666666666666667 []
 | 20.6586 23.2362 50.6197 0.5769994 C=CC[N+]1(CC)CCC(O)(C2OC(C(O)CBr)C(O)=C2O)C1=O 1 C1(O)=C(O)C(C(CBr)O)OC1[*] O=C1C(O)(*)CC[N+]1(CC)CC=C O=C1[NH2+]CCC1C1C=CCO1 0.3750000 0.3750 0.4992302 0.4992 0.6666667 0.6667 0.5007698 0.5008 1.0000000 393.2540 0.5102753 5.5537 1.0000000 1.0000 0.0 1.0 0.4841229182759271 0.33333333333333337 []
 | 40.4850 53.5258 -53.5258 0.0000000 C1(C*)N(C(=O)C=Cc2ccc(C)cc2)C(=O)C2=CC=CC=CC=12O 0 C(O)C(C1OC([*])C(O)=C1O)O C1(C*)N(C(=O)C=Cc2ccc(C)cc2)C(=O)C2=CC=CC=CC=12O -- 0.0000000 0.0000 0.0000000 0.0000 0.0000000 0.0000 0.0000000 0.0000 0.0000000 0.0000 0.0000000 0.0000 0.0000000 0.0000 None None None None None
 | 27.1757 30.1934 42.6471 0.5690666 OCC(O)C1OC(CCN=C2C=CC(Cl)(Cl)CO2)C(O)=C1OCc1ccccc1 1 C1(O)=C(OCc2ccccc2)C(C(O)CO)OC1[*] ClC1(Cl)COC(=NCC*)C=C1 C1=CC(=NCCC2C=C(OCc3ccccc3)CO2)OCC1 0.5250000 0.5250 0.5992819 0.5993 0.3333333 0.3333 0.4007181 0.4007 1.0000000 444.3110 0.5286224 4.7556 1.0000000 1.0000 0.0 1.0 0.4993746088859544 0.6666666666666667 []
 | 8.7434 16.4132 54.9889 0.5578288 CC1=CC(C2(C)OCC(C3OC(=O)C(O)=C3O)O2)CCC1 1 OC1=C(O)C(=O)OC1C1COC(C)([*])O1 C1(C)=CC(*)CCC1 O=C1C=CC(C2COC(C3C=CCCC3)O2)O1 0.4300000 0.4300 0.7156264 0.7156 0.3333333 0.3333 0.2843736 0.2844 1.0000000 296.3190 0.5297089 4.7082 1.0000000 1.0000 0.0 1.0 0.4950757517794625 0.6666666666666667 []
 | 17.8977 18.7666 37.3898 0.4387224 CCOc1ccccc1C(=O)CC1=C(O)C(=O)OC1C1COC(C)(C)O1 1 C1(C2COC(C)(C)O2)OC(=O)C(O)=C1[*] C(c1ccccc1OCC)(C*)=O O=C1C=C(CC(=O)c2ccccc2)C(C2COCO2)O1 0.1400000 0.1400 0.7046844 0.7047 0.3333333 0.3333 0.3352970 0.3353 1.0000000 362.3780 0.5555014 3.5796 1.0000000 1.0000 0.0 1.0 0.3469870314579494 0.6666666666666667 []
 | 26.3845 26.8082 -26.8082 0.0000000 C1(*)=C(OC(=O)C=CC)CCO=C1 0 C1(C(CO)O)C(O)=C([*])C(=O)O1 C1(*)=C(OC(=O)C=CC)CCO=C1 -- 0.0000000 0.0000 0.0000000 0.0000 0.0000000 0.0000 0.0000000 0.0000 0.0000000 0.0000 0.0000000 0.0000 0.0000000 0.0000 None None None None None
21:23:53 <WARN> reinvent_plugins.normalizers.rdkit_smiles: C1(C)(C)COCC2=OC3=C2C(=O)C=CN3C1* could not be converted
21:23:53 <WARN> reinvent_plugins.normalizers.rdkit_smiles: S1C(=C(*)C#N)=CC2C=C(C)COC12 could not be converted
21:23:53 <WARN> reinvent_plugins.normalizers.rdkit_smiles: C(N*)c1cc(O)c2c(c1)OCC=C2=O could not be converted
21:23:53 <WARN> reinvent_plugins.normalizers.rdkit_smiles: C1C(=O)C(*)Cc2ccc(OC)c(N=C)c2=O1 could not be converted
21:23:53 <WARN> reinvent_plugins.normalizers.rdkit_smiles: c1c(-n2nn(CC)c(=O)c2*)cccc1 could not be converted
21:23:53 <WARN> reinvent_plugins.normalizers.rdkit_smiles: C1C(*)=OC(=O)C=C1 could not be converted
21:23:53 <WARN> reinvent_plugins.normalizers.rdkit_smiles: N(*)C1C(=O)N2C(C)=N(O)C2(C)C=C1 could not be converted
21:23:53 <WARN> reinvent_plugins.normalizers.rdkit_smiles: C1C(Cc2ccccc2)=CC(=O)C=N1* could not be converted
21:23:53 <WARN> reinvent_plugins.normalizers.rdkit_smiles: C1(O)(C=C)CC(c2ccccc2)CC2=C(C)=CCCN2*1C could not be converted
21:23:53 <WARN> reinvent_plugins.normalizers.rdkit_smiles: O=C1CC(O)C(=C)C1=C1C1CC(*)O could not be converted
21:23:53 <WARN> reinvent_plugins.normalizers.rdkit_smiles: c1(CN2CC3C(*)C(=O)C=CC=CC=C2=O)ccccc1 could not be converted
21:23:53 <WARN> reinvent_plugins.normalizers.rdkit_smiles: C1(=NC*)NCCC1=OC=C1SC(=O)C=C1C could not be converted
21:23:53 <WARN> reinvent_plugins.normalizers.rdkit_smiles: c12c3c3c(*)ccnc3n(C)c1COC2=O could not be converted
21:23:53 <WARN> reinvent_plugins.normalizers.rdkit_smiles: N1(C*)C(=O)CC=C1=O could not be converted
21:23:53 <WARN> reinvent_plugins.normalizers.rdkit_smiles: C1(*)(O)C2CCO1C(O)(C)CO2 could not be converted
21:23:53 <WARN> reinvent_plugins.normalizers.rdkit_smiles: O=C1C=C(C*)C(=O)C==C1 could not be converted
21:23:53 <WARN> reinvent_plugins.normalizers.rdkit_smiles: O1C(C)(*)C(=O)OC(C)=C1=S could not be converted
21:23:53 <WARN> reinvent_plugins.normalizers.rdkit_smiles: C1(=O)C(*)=C(=O)C=CC1=O could not be converted
21:23:53 <WARN> reinvent_plugins.normalizers.rdkit_smiles: C1(=O)C(*)COC(=O)C=1 could not be converted
21:24:08 <INFO> Score: 0.49 Agent NLL: 19.62 Valid:  96% Step: 21
 | Agent Prior Target Score SMILES SMILES_state Input_Scaffold R-groups Scaffold predicted_activity predicted_activity (raw) training_similarity training_similarity (raw) taf_consistency taf_consistency (raw) novelty novelty (raw) MW_window MW_window (raw) synthetic_feasibility synthetic_feasibility (raw) curated alerts filter curated alerts filter (raw) stereo_validity (predicted_activity) scaffold_novelty (predicted_activity) uncertainty (predicted_activity) taf_disrupted (predicted_activity) matchting_patterns (curated alerts filter)
 | 24.5839 35.6341 34.3871 0.5470400 CC(N(C)C(=O)CC1CCC=CC1=O)C1(C)OCC(C2OC(=O)C(O)=C2O)O1 1 [*]C1(C)OC(C2OC(=O)C(O)=C2O)CO1 C1(CC(=O)N(C)C(*)C)CCC=CC1=O O=C(CC1CCC=CC1=O)NCC1OCC(C2C=CC(=O)O2)O1 0.4250000 0.4250 0.6343350 0.6343 0.3333333 0.3333 0.3656650 0.3657 1.0000000 395.4080 0.5235006 4.9786 1.0000000 1.0000 0.0 1.0 0.49434299833212975 0.6666666666666667 []
 | 12.2108 18.9582 54.9533 0.5774338 CC1(C)OCC(C2OC(=O)C(O)=C2C2=CC(=O)CC(O)C2)O1 1 C1(C2COC(C)(C)O2)OC(=O)C(O)=C1[*] C1(=O)C=C(*)CC(O)C1 O=C1C=C(C2=CC(=O)OC2C2COCO2)CCC1 0.2850000 0.2850 0.7238999 0.7239 0.6666667 0.6667 0.2761001 0.2761 1.0000000 310.3020 0.5367756 4.4000 1.0000000 1.0000 0.0 1.0 0.4514144437210666 0.33333333333333337 []
 | 26.0593 37.5234 46.8382 0.6590753 CC1(C(=C2C=CC=N2)C2=C(O)C(C(O)CO)OC2=O)C(=O)NC(=O)NC1=O 1 OC1=C([*])C(=O)OC1C(CO)O C1(C(*)=C2C=CC=N2)(C)C(=O)NC(=O)NC1=O O=C1NC(=O)C(C(C2=CCOC2=O)=C2C=CC=N2)C(=O)N1 0.5850000 0.5850 0.5939697 0.5940 0.6666667 0.6667 0.4060303 0.4060 1.0000000 377.3090 0.5332096 4.5556 1.0000000 1.0000 0.0 1.0 0.49272203116970525 0.33333333333333337 []
 | 10.1550 5.6490 -5.6490 0.0000000 O=C(O)CC1OC(C(O)CO)C(O)=C1O 1 OC(C1C(O)=C(O)C([*])O1)CO O=C(O)C* C1=CCOC1 0.5050000 0.5050 0.5942251 0.5942 0.3333333 0.3333 0.4057749 0.4058 1.0000000 220.1770 0.5396688 4.2736 1.0000000 1.0000 0.0 1.0 0.4999749993749687 0.6666666666666667 []
 | 13.4428 18.8391 62.3434 0.6342383 CC1(C)C(=O)C=CC1C1OC(C(O)CBr)C(O)=C1O 1 OC1=C(O)C(C(CBr)O)OC1[*] C1(C)(C)C(=O)C=CC1* O=C1C=CC(C2C=CCO2)C1 0.4950000 0.4950 0.5966706 0.5967 0.6666667 0.6667 0.4033294 0.4033 1.0000000 333.1780 0.5236907 4.9704 1.0000000 1.0000 0.0 1.0 0.4999749993749687 0.33333333333333337 []
 | 16.3950 24.1236 43.5269 0.5285195 Cc1ncc(C=CC2OC(C(O)CO)C(O)=C2O)[nH]1 1 O1C(C(O)CO)C(O)=C(O)C1[*] c1nc(C)[nH]c1C=C* C1=CC(C=Cc2cnc[nH]2)OC1 0.4550000 0.4550 0.4693340 0.4693 0.3333333 0.3333 0.5306660 0.5307 1.0000000 268.2690 0.5272636 4.8148 1.0000000 1.0000 0.0 1.0 0.49797088268291345 0.6666666666666667 []
 | 17.3479 28.1342 44.4654 0.5671842 COC1(C)C(=O)CC1(C)C1OC(C(O)CO)C(OCc2ccccc2)=C1O 1 O1C(C(CO)O)C(OCc2ccccc2)=C(O)C1[*] O(C1(C)C(C)(*)CC1=O)C O=C1CC(C2C=C(OCc3ccccc3)CO2)C1 0.4750000 0.4750 0.6774581 0.6775 0.3333333 0.3333 0.3225419 0.3225 1.0000000 378.4210 0.5349640 4.4791 1.0000000 1.0000 0.0 1.0 0.4993746088859544 0.6666666666666667 []
 | 11.0983 15.9760 56.5725 0.5667844 CC1(Cc2ccco2)OCC(C2OC(=O)C(O)=C2O)O1 1 [*]C1(C)OC(C2OC(=O)C(O)=C2O)CO1 *CC1=CC=CO1 O=C1C=CC(C2COC(Cc3ccco3)O2)O1 0.4550000 0.4550 0.7238999 0.7239 0.3333333 0.3333 0.2761001 0.2761 1.0000000 282.2480 0.5399441 4.2615 1.0000000 1.0000 0.0 1.0 0.4979708826829134 0.6666666666666667 []
 | 31.0716 36.3903 -36.3903 0.0000000 CC=C(C=CC(=O)C(Cl)=CC=O)C1=C(O)C(=O)OC1C1COC(C)(C)O1 1 C1(C2COC(C)(C)O2)OC(=O)C(O)=C1[*] C(C)=C(*)C=CC(=O)C(Cl)=CC=O O=C1C=CC(C2COCO2)O1 0.2200000 0.2200 0.6781327 0.6781 0.3333333 0.3333 0.3218673 0.3219 1.0000000 382.7960 0.5305606 4.6711 1.0000000 1.0000 0.0 1.0 0.41424630354415964 0.6666666666666667 []
 | 17.7613 25.6647 59.5727 0.6659173 Cc1cc(N)n(C(=O)C2=C(O)C(C(O)CO)OC2=O)c(=O)c1 1 OC1=C([*])C(=O)OC1C(CO)O c1(N)cc(C)cc(=O)n1C(*)=O O=C1OCC=C1C(=O)n1ccccc1=O 0.5850000 0.5850 0.6260991 0.6261 0.6666667 0.6667 0.3739009 0.3739 1.0000000 310.2620 0.5442871 4.0716 1.0000000 1.0000 0.0 1.0 0.4927220311697053 0.33333333333333337 []
21:24:09 <WARN> reinvent_plugins.normalizers.rdkit_smiles: C(n1c(=O)c2nc(-c3ccc(O*)cc3)[nH]c2cc1=O)C1(O)CC1 could not be converted
21:24:09 <WARN> reinvent_plugins.normalizers.rdkit_smiles: C1(*)=C(O)C=CC==C1 could not be converted
21:24:09 <WARN> reinvent_plugins.normalizers.rdkit_smiles: O1CCC(C*)=CC1=[N+]1=C2C=CC=C(=O)C2=C(O)CO1 could not be converted
21:24:09 <WARN> reinvent_plugins.normalizers.rdkit_smiles: C1(CO)(*)CC2=C(C)C(=O)C=CC2C2CC=OC=C21 could not be converted
21:24:09 <WARN> reinvent_plugins.normalizers.rdkit_smiles: n1cnc2c(*)cncc2c1N1C(=O)CC=C1=O could not be converted
21:24:09 <WARN> reinvent_plugins.normalizers.rdkit_smiles: C1CCCN(c2n3c(nc1)ncn3CC2C=C*)CC=C could not be converted
21:24:09 <WARN> reinvent_plugins.normalizers.rdkit_smiles: c12c(*)nc(=O)n1CCC2 could not be converted
21:24:09 <WARN> reinvent_plugins.normalizers.rdkit_smiles: *N1C(C)[N+](=O)[O-]CC1=O could not be converted
21:24:09 <WARN> reinvent_plugins.normalizers.rdkit_smiles: C1(=O)OC(=O)C(*)C==C1 could not be converted
21:24:09 <WARN> reinvent_plugins.normalizers.rdkit_smiles: C1(C)(*)CC(=O)C2=C1S(=O)(=O)C1=C(C=C2C)C=C2C(=O)C=CC2=O could not be converted
21:24:09 <WARN> reinvent_plugins.normalizers.rdkit_smiles: N1(C(N*)=O)CCC(=O)C(=N)(=O)C1 could not be converted
21:24:09 <WARN> reinvent_plugins.normalizers.rdkit_smiles: c1nc(-n2nnc3nnc(*)sc32)ccc1F could not be converted
21:24:09 <WARN> reinvent_plugins.normalizers.rdkit_smiles: C1(=O)OC(C)(=O)C=C1C1=CC(=O)C(*)C1=O could not be converted
21:24:09 <WARN> reinvent_plugins.normalizers.rdkit_smiles: n1c(C2=O)n(*)[nH]c2cc1 could not be converted
21:24:09 <WARN> reinvent_plugins.normalizers.rdkit_smiles: C1(C*)=C=C2C(=O)OC=OC2C=C1 could not be converted
21:24:09 <WARN> reinvent_plugins.normalizers.rdkit_smiles: C1(n2cnc3ccc(*)nc2=O)=C(C(O)=O)=NC=C1N could not be converted
21:24:09 <WARN> reinvent_plugins.normalizers.rdkit_smiles: C1(=O)C(*)=ON(CC(C)=C)C(=O)CO1 could not be converted
21:24:09 <WARN> reinvent_plugins.normalizers.rdkit_smiles: C1(*)C(C)(C)C12C#N could not be converted
21:24:09 <WARN> reinvent_plugins.normalizers.rdkit_smiles: C1(O)OC(*)C(=O)C==C1 could not be converted
21:24:09 <WARN> reinvent_plugins.normalizers.rdkit_smiles: C12=CC3C(CN*)=CC(O)(C)C=C3C1=C2(C)C could not be converted
21:24:09 <WARN> reinvent_plugins.normalizers.rdkit_smiles: S(=O)(=O)(c1cc(OC)c(CNC(=O)*)cc1)O=C=C could not be converted
21:24:09 <WARN> reinvent_plugins.normalizers.rdkit_smiles: c1ccc2c(C*)c3c(c2c1)cccc3 could not be converted
21:24:09 <WARN> reinvent_plugins.normalizers.rdkit_smiles: c1nc(S*)c2c(c(=O)nn(C)c2)n1 could not be converted
21:24:09 <WARN> reinvent_plugins.normalizers.rdkit_smiles: C1(C)=C(*)C(=O)C=C1=O could not be converted
21:24:09 <WARN> reinvent_plugins.normalizers.rdkit_smiles: O=C1c2cnccn2C(=O)CC1=C1N(C*)C(=O)CC=C1 could not be converted
21:24:09 <WARN> reinvent_plugins.normalizers.rdkit_smiles: c12ccccc1n1c3c(ccc1C)N=CC3C(*)=C2=O could not be converted
21:24:09 <WARN> reinvent_plugins.normalizers.rdkit_smiles: c1c2c(nccc2)c(=O)nn1C* could not be converted
21:24:23 <INFO> Score: 0.50 Agent NLL: 19.85 Valid:  94% Step: 22
 | Agent Prior Target Score SMILES SMILES_state Input_Scaffold R-groups Scaffold predicted_activity predicted_activity (raw) training_similarity training_similarity (raw) taf_consistency taf_consistency (raw) novelty novelty (raw) MW_window MW_window (raw) synthetic_feasibility synthetic_feasibility (raw) curated alerts filter curated alerts filter (raw) stereo_validity (predicted_activity) scaffold_novelty (predicted_activity) uncertainty (predicted_activity) taf_disrupted (predicted_activity) matchting_patterns (curated alerts filter)
 | 20.6120 28.2110 40.0042 0.5329314 CC1(C(=O)N2CCCCC2C=Cc2ccccn2)OCC(C2OC(=O)C(O)=C2O)O1 1 [*]C1(C)OCC(C2OC(=O)C(O)=C2O)O1 O=C(*)N1CCCCC1C=Cc1ncccc1 O=C1C=CC(C2COC(C(=O)N3CCCCC3C=Cc3ccccn3)O2)O1 0.3850000 0.3850 0.6077819 0.6078 0.3333333 0.3333 0.3922181 0.3922 1.0000000 416.4300 0.5340816 4.5176 1.0000000 1.0000 0.0 1.0 0.4865953144040744 0.6666666666666667 []
 | 13.8563 17.8009 41.4712 0.4630631 CC1(C)OCC(C2OC(=O)C(O)=C2C(=O)CC2CCCC2=O)O1 1 O=C1OC(C2COC(C)(C)O2)C([*])=C1O *C(=O)CC1C(=O)CCC1 O=C1C=C(C(=O)CC2CCCC2=O)C(C2COCO2)O1 0.1850000 0.1850 0.7076303 0.7076 0.3333333 0.3333 0.2923697 0.2924 1.0000000 324.3290 0.5417842 4.1811 1.0000000 1.0000 0.0 1.0 0.38829756630707846 0.6666666666666667 []
 | 11.2569 23.4085 63.1703 0.6763973 C=C1CC=CC(C2=C(O)C(C(O)CO)OC2=O)=N1 1 OCC(C1OC(=O)C([*])=C1O)O C1(*)=NC(=C)CC=C1 C=C1CC=CC(C2=CCOC2=O)=N1 0.6200000 0.6200 0.6480741 0.6481 0.6666667 0.6667 0.3519259 0.3519 1.0000000 251.2380 0.5332729 4.5528 1.0000000 1.0000 0.0 1.0 0.48538644398046393 0.33333333333333337 []
 | 24.9752 30.4150 39.3239 0.5448355 OCC(O)C1OC(Nc2c(-c3ccncc3)ncc3cccc(O)c23)C(O)=C1O 1 C1([*])C(O)=C(O)C(C(CO)O)O1 n1c(-c2ccncc2)c(N*)c2c(cccc2O)c1 C1=CC(Nc2c(-c3ccncc3)ncc3ccccc23)OC1 0.5400000 0.5400 0.4437602 0.4438 0.3333333 0.3333 0.5562398 0.5562 1.0000000 397.3870 0.5402485 4.2482 1.0000000 1.0000 0.0 1.0 0.49839743177508444 0.6666666666666667 []
 | 15.5537 20.6514 -20.6514 0.0000000 CN1N=C(C2OC(C(O)CBr)C(O)=C2O)CC1(C)C 1 OC1=C(O)C([*])OC1C(CBr)O CC1(C)N(C)N=C(*)C1 C1=CC(C2=NNCC2)OC1 0.0000000 0.0000 0.0000000 0.0000 0.0000000 0.0000 0.0000000 0.0000 0.0000000 0.0000 0.0000000 0.0000 0.0000000 0.0000 None None None None ['[#7;!n][#7;!n]']
 | 38.8000 40.1522 -40.1522 0.0000000 C(n1c(=O)c2nc(-c3ccc(O*)cc3)[nH]c2cc1=O)C1(O)CC1 0 OCC(O)C1C(O)=C(O)C([*])O1 C(n1c(=O)c2nc(-c3ccc(O*)cc3)[nH]c2cc1=O)C1(O)CC1 -- 0.0000000 0.0000 0.0000000 0.0000 0.0000000 0.0000 0.0000000 0.0000 0.0000000 0.0000 0.0000000 0.0000 0.0000000 0.0000 None None None None None
 | 18.5125 21.1364 54.4557 0.5905631 O=C1CC(F)(F)C1C1OC(C(O)CO)C(OCc2ccccc2)=C1O 1 C1(C(CO)O)OC([*])C(O)=C1OCc1ccccc1 C1(F)(F)CC(=O)C1* O=C1CCC1C1C=C(OCc2ccccc2)CO1 0.5550000 0.5550 0.7045671 0.7046 0.3333333 0.3333 0.2954329 0.2954 1.0000000 356.3210 0.5397297 4.2709 1.0000000 1.0000 0.0 1.0 0.4969657935914704 0.6666666666666667 []
 | 15.4509 22.6172 -22.6172 0.0000000 C1(*)=C(O)C=CC==C1 0 [*]C1(C)OCC(C2OC(=O)C(O)=C2O)O1 C1(*)=C(O)C=CC==C1 -- 0.0000000 0.0000 0.0000000 0.0000 0.0000000 0.0000 0.0000000 0.0000 0.0000000 0.0000 0.0000000 0.0000 0.0000000 0.0000 None None None None None
 | 16.5098 16.6775 41.8509 0.4572532 CC1(C)OCC(C2OC(=O)C(O)=C2C2CCCN(Cc3ccccc3)C2)O1 1 O=C1OC(C2COC(C)(C)O2)C([*])=C1O C1CN(Cc2ccccc2)CC(*)C1 O=C1C=C(C2CCCN(Cc3ccccc3)C2)C(C2COCO2)O1 0.1700000 0.1700 0.6978756 0.6979 0.3333333 0.3333 0.3417194 0.3417 1.0000000 373.4490 0.5532008 3.6807 1.0000000 1.0000 0.0 1.0 0.375632799419859 0.6666666666666667 []
 | 17.9008 30.8836 51.7898 0.6458863 O=C1OC(C(O)CO)C(O)=C1N1CCCN(C(=O)C2=COCO2)CC1 1 OCC(C1OC(=O)C([*])=C1O)O C(N1CCN(*)CCC1)(=O)C1=COCO1 O=C1OCC=C1N1CCCN(C(=O)C2=COCO2)CC1 0.5350000 0.5350 0.5824353 0.5824 0.6666667 0.6667 0.4175647 0.4176 1.0000000 356.3310 0.5465860 3.9709 1.0000000 1.0000 0.0 1.0 0.49877349568717055 0.33333333333333337 []
21:24:24 <WARN> reinvent_plugins.normalizers.rdkit_smiles: C1(*)C(=O)C(=O)C(OCC)C(=O)=C1 could not be converted
21:24:24 <WARN> reinvent_plugins.normalizers.rdkit_smiles: C1(c2ccccc2)=C(=NO*)C(=O)C=C1 could not be converted
21:24:24 <WARN> reinvent_plugins.normalizers.rdkit_smiles: c12cccnc1C(*)(O)C(=O)N22CCOCC2 could not be converted
21:24:24 <WARN> reinvent_plugins.normalizers.rdkit_smiles: O=c1ccnn(C)c1N* could not be converted
21:24:24 <WARN> reinvent_plugins.normalizers.rdkit_smiles: O=S(*)(=C1C#C=C1OC)=CC1CCCC=C1 could not be converted
21:24:24 <WARN> reinvent_plugins.normalizers.rdkit_smiles: O=C1CC(*)C=C2NC==CCO12 could not be converted
21:24:24 <WARN> reinvent_plugins.normalizers.rdkit_smiles: C1c2c3c(cc1CN(*)CC3C=C1C=CC=CC1=O)C=C2 could not be converted
21:24:24 <WARN> reinvent_plugins.normalizers.rdkit_smiles: o1c2c(ccc1=O)C=C1C(*)C(CO)=C3OC(C)=CC=C13C2=O could not be converted
21:24:24 <WARN> reinvent_plugins.normalizers.rdkit_smiles: C(=O)(C1(C)(O)C(C)=C(C)C(=CC)C1)* could not be converted
21:24:24 <WARN> reinvent_plugins.normalizers.rdkit_smiles: N1(*)C(=O)C2(CC=C(=O)O()C2)C(=O)OCC1 could not be converted
21:24:24 <WARN> reinvent_plugins.normalizers.rdkit_smiles: c12c(ncc(-c3nc4c(ccnc4)n1)nc1cncnc1N*)CCC(O)N2 could not be converted
21:24:24 <WARN> reinvent_plugins.normalizers.rdkit_smiles: O=c1n2cc(*)n(C2CCC(O)(C)COC)c(=O)n2C1=NC(C)(C)C=C2=O could not be converted
21:24:24 <WARN> reinvent_plugins.normalizers.rdkit_smiles: C1(*)=C(C=O)OC(=O)C=C1=O could not be converted
21:24:24 <WARN> reinvent_plugins.normalizers.rdkit_smiles: O=C1NC(=O)(C(=O)*)CC1 could not be converted
21:24:24 <WARN> reinvent_plugins.normalizers.rdkit_smiles: C1(=O)(*)CCN(C)CC1 could not be converted
21:24:24 <WARN> reinvent_plugins.normalizers.rdkit_smiles: n1cc(C)n(C2(C(=O)O)C=CSC(*)C=C2)c1=O could not be converted
21:24:24 <WARN> reinvent_plugins.normalizers.rdkit_smiles: C(NCC=C)=C(C1=CCCCC=1)C=C* could not be converted
21:24:24 <WARN> reinvent_plugins.normalizers.rdkit_smiles: C1(=O)CCC2=C(O1)CC(*)=C(=O)C2=O could not be converted
21:24:24 <WARN> reinvent_plugins.normalizers.rdkit_smiles: c1(S(*)==C)c2c(cccc2)n(Cc2cccnc2)c1 could not be converted
21:24:24 <WARN> reinvent_plugins.normalizers.rdkit_smiles: O=C1=C(NC(NC(=O)*)C(OC=N)=O)C(C(O)=O)=CO1 could not be converted
21:24:24 <WARN> reinvent_plugins.normalizers.rdkit_smiles: C1(*)n2nnnc1=CCC=C2 could not be converted
21:24:24 <WARN> reinvent_plugins.normalizers.rdkit_smiles: C1(CNC(=O)C)(*)C(=O)N2(CC3C=CC=CC3=O)CC22C1C=C2 could not be converted
21:24:24 <WARN> reinvent_plugins.normalizers.rdkit_smiles: c1c(C(*)=O)c(=C)nc2ccccc12 could not be converted
21:24:24 <WARN> reinvent_plugins.normalizers.rdkit_smiles: O1C(COC(=O)C(C)(C)*)=OC(c2cscc2)C1 could not be converted
21:24:24 <WARN> reinvent_plugins.normalizers.rdkit_smiles: O=C1C=C(O*)C=CC2=C(=O)C=CC=C12 could not be converted
21:24:24 <WARN> reinvent_plugins.normalizers.rdkit_smiles: C12(C1)CC(=O)C(*)C(=O)C2=O could not be converted
21:24:24 <WARN> reinvent_plugins.normalizers.rdkit_smiles: C(*)(=C1CN(C(=O)C(=CC(OC(=O)C)F)=O)CC1)C(CC(=C)F)=O could not be converted
21:24:24 <WARN> reinvent_plugins.normalizers.rdkit_smiles: C1c2[nH]cc(C3CCN(C)CC3)cc2C(*)CC1=O could not be converted
21:24:24 <WARN> reinvent_plugins.normalizers.rdkit_smiles: C1C(*)CCN(C(=O)C(C2(NS(=O)(=O)Cc2ccccc2)C)C)CC1 could not be converted
21:24:24 <WARN> reinvent_plugins.normalizers.rdkit_smiles: C1(O)(*)CC=C(=O)C=C1 could not be converted
21:24:39 <INFO> Score: 0.48 Agent NLL: 20.01 Valid:  93% Step: 23
 | Agent Prior Target Score SMILES SMILES_state Input_Scaffold R-groups Scaffold predicted_activity predicted_activity (raw) training_similarity training_similarity (raw) taf_consistency taf_consistency (raw) novelty novelty (raw) MW_window MW_window (raw) synthetic_feasibility synthetic_feasibility (raw) curated alerts filter curated alerts filter (raw) stereo_validity (predicted_activity) scaffold_novelty (predicted_activity) uncertainty (predicted_activity) taf_disrupted (predicted_activity) matchting_patterns (curated alerts filter)
 | 9.8385 23.7011 49.1562 0.5691976 CC1=C(C2(C)OCC(C3OC(=O)C(O)=C3O)O2)C=CCC1 1 C1C(C2OC(=O)C(O)=C2O)OC([*])(C)O1 C1(*)=C(C)CCC=C1 O=C1C=CC(C2COC(C3=CCCC=C3)O2)O1 0.4700000 0.4700 0.7156264 0.7156 0.3333333 0.3333 0.2843736 0.2844 1.0000000 294.3030 0.5316641 4.6230 1.0000000 1.0000 0.0 1.0 0.49909918853871116 0.6666666666666667 []
 | 13.3812 18.2277 60.8843 0.6180624 CC1(C)OCC(C2OC(=O)C(O)=C2C2NC(=O)C(=O)CCC2=O)O1 1 O1C(C2OC(C)(C)OC2)C([*])=C(O)C1=O O=C1C(*)NC(=O)C(=O)CC1 O=C1C=C(C2NC(=O)C(=O)CCC2=O)C(C2COCO2)O1 0.3850000 0.3850 0.7324670 0.7325 0.6666667 0.6667 0.2675330 0.2675 1.0000000 339.3000 0.5365227 4.4110 1.0000000 1.0000 0.0 1.0 0.4865953144040744 0.33333333333333337 []
 | 9.9422 12.4195 73.3889 0.6703786 O=C1OC(C(O)CO)C(O)=C1C1CCNC1=O 1 OCC(C1OC(=O)C([*])=C1O)O C1(*)CCNC1=O O=C1OCC=C1C1CCNC1=O 0.5700000 0.5700 0.6904757 0.6905 0.6666667 0.6667 0.3095243 0.3095 1.0000000 243.2150 0.5398870 4.2640 1.0000000 1.0000 0.0 1.0 0.4950757517794625 0.33333333333333337 []
 | 12.7972 16.2689 53.9227 0.5483723 CC1(C)C=CC1C1OC(C(O)CO)C(O)=C1O 1 C(O)C(O)C1C(O)=C(O)C([*])O1 C1(C)(C)C(*)C=C1 C1=CC(C2C=CC2)OC1 0.4750000 0.4750 0.5487955 0.5488 0.3333333 0.3333 0.4512045 0.4512 1.0000000 242.2710 0.5261580 4.8629 1.0000000 1.0000 0.0 1.0 0.4993746088859544 0.6666666666666667 []
 | 17.6430 22.6948 53.0175 0.5915016 OC1=C(O)C(C(O)CBr)OC1Nc1nc2c([nH]1)CCCC2 1 C(C(O)C1OC([*])C(O)=C1O)Br C1CCCc2nc(N*)[nH]c21 C1=CC(Nc2nc3c([nH]2)CCCC3)OC1 0.4300000 0.4300 0.4730499 0.4730 0.6666667 0.6667 0.5269501 0.5270 1.0000000 360.2080 0.5295304 4.7160 1.0000000 1.0000 0.0 1.0 0.4950757517794625 0.33333333333333337 []
 | 17.6780 30.7406 36.6785 0.5267115 O=c1occ2n1CC(O)(C1OC(C(O)CO)C(O)=C1O)C2 1 O1C(C(O)CO)C(O)=C(O)C1[*] C1(*)(O)CN2C(=O)OC=C2C1 O=c1occ2n1CC(C1C=CCO1)C2 0.4250000 0.4250 0.5068421 0.5068 0.3333333 0.3333 0.4931579 0.4932 1.0000000 301.2510 0.5174063 5.2437 1.0000000 1.0000 0.0 1.0 0.49434299833212975 0.6666666666666667 []
 | 14.3680 20.6430 56.2479 0.6007099 O=C(C1OC(C(O)CO)C(OCc2ccccc2)=C1O)N1CCC1 1 C1([*])OC(C(CO)O)C(OCc2ccccc2)=C1O N1(C(=O)*)CCC1 O=C(C1C=C(OCc2ccccc2)CO1)N1CCC1 0.6000000 0.6000 0.6881395 0.6881 0.3333333 0.3333 0.3118605 0.3119 1.0000000 335.3560 0.5522519 3.7224 1.0000000 1.0000 0.0 1.0 0.48989794855663565 0.6666666666666667 []
 | 21.0096 20.7394 -20.7394 0.0000000 CC(C)C(C=O)C=CC(=O)C1(C)OCC(C2OC(=O)C(O)=C2O)O1 1 C1C(C2OC(=O)C(O)=C2O)OC([*])(C)O1 *C(=O)C=CC(C(C)C)C=O O=C1C=CC(C2COCO2)O1 0.4700000 0.4700 0.6924107 0.6924 0.3333333 0.3333 0.3075893 0.3076 1.0000000 340.3280 0.5227616 5.0108 1.0000000 1.0000 0.0 1.0 0.49909918853871116 0.6666666666666667 []
 | 15.7741 23.9615 34.0366 0.4531103 CC1(C)OCC(C2OC(=O)C(O)=C2OC2(C)CC2=O)O1 1 O1C(C2OC(C)(C)OC2)C([*])=C(O)C1=O C1(C)(O*)CC1=O O=C1C=C(OC2CC2=O)C(C2COCO2)O1 0.1500000 0.1500 0.8346223 0.8346 0.3333333 0.3333 0.2299464 0.2299 1.0000000 284.2640 0.5363107 4.4203 1.0000000 1.0000 0.0 1.0 0.3570714214271425 0.6666666666666667 []
 | 25.6752 37.7307 44.7311 0.6442325 Cc1c(C(=O)O)cn(C2C=COC2)c(=O)c1C1=C(O)C(C(O)CO)OC1=O 1 OCC(C1OC(=O)C([*])=C1O)O C1(C)=C(*)C(=O)N(C2C=COC2)C=C1C(O)=O O=C1OCC=C1c1cccn(C2C=COC2)c1=O 0.5500000 0.5500 0.5612485 0.5612 0.6666667 0.6667 0.4387515 0.4388 1.0000000 379.3210 0.5335888 4.5391 1.0000000 1.0000 0.0 1.0 0.49749371855331 0.33333333333333337 []
21:24:40 <WARN> reinvent_plugins.normalizers.rdkit_smiles: C1(C2=OC=C(Cl)C(*)=C2C=C)=C(C(O)=O)CC=CC1 could not be converted
21:24:40 <WARN> reinvent_plugins.normalizers.rdkit_smiles: c1(OC)cc(Cn2n(C)nc(*)n2)cc(OC)c1=O could not be converted
21:24:40 <WARN> reinvent_plugins.normalizers.rdkit_smiles: C1(*)(O)C(O)C(O)C=CC12=CC1=CC=COO12 could not be converted
21:24:40 <WARN> reinvent_plugins.normalizers.rdkit_smiles: c12nc(=O)n3cccn3n1cc(C*)n2 could not be converted
21:24:40 <WARN> reinvent_plugins.normalizers.rdkit_smiles: O=C1CC2C2CCC1CNC(=O)* could not be converted
21:24:40 <WARN> reinvent_plugins.normalizers.rdkit_smiles: O(*)C1=OC(O)CC1=O could not be converted
21:24:40 <WARN> reinvent_plugins.normalizers.rdkit_smiles: S1=C(=C*)C(=O)C=CC1=O could not be converted
21:24:40 <WARN> reinvent_plugins.normalizers.rdkit_smiles: C12C(C)=CC(*)O1C(C1=C(C)CCC1)=C(C)CC2 could not be converted
21:24:40 <WARN> reinvent_plugins.normalizers.rdkit_smiles: O=c1c(=O)c(N)n(*)ncc1 could not be converted
21:24:40 <WARN> reinvent_plugins.normalizers.rdkit_smiles: C1(=C)OCC=(C*)C1 could not be converted
21:24:40 <WARN> reinvent_plugins.normalizers.rdkit_smiles: C1=CC(=O)C=CC1=C1=C(C)C(*)C1 could not be converted
21:24:40 <WARN> reinvent_plugins.normalizers.rdkit_smiles: C(c1c(C)n(C)nc1C)(N1CC(*)(O)CCO=C1)=O could not be converted
21:24:40 <WARN> reinvent_plugins.normalizers.rdkit_smiles: C1(=O)C=CC(=O)C1=C1C1=O)=C(C)* could not be converted
21:24:40 <WARN> reinvent_plugins.normalizers.rdkit_smiles: C1(C)=C2C(=O)C(*)=C(C(O)=O)O2C2=C1C1(C)C(c3ccccc31)C=C2 could not be converted
21:24:40 <WARN> reinvent_plugins.normalizers.rdkit_smiles: C=C1(*)C=C2C(=O)C=C(C)CC2=C1 could not be converted
21:24:40 <WARN> reinvent_plugins.normalizers.rdkit_smiles: O=S1(=O)OC(*)(n2cnc(=O)c3c2ncc3)C2=C1C2=O could not be converted
21:24:40 <WARN> reinvent_plugins.normalizers.rdkit_smiles: c12cc3c(cc1C(C)=C1C=CC=C=C32*)C(=O)OC1 could not be converted
21:24:40 <WARN> reinvent_plugins.normalizers.rdkit_smiles: C1(C)=N(OC)C(=C(*)O)C1 could not be converted
21:24:40 <WARN> reinvent_plugins.normalizers.rdkit_smiles: C1(=O)C=C(C)C(=O)C(*)=C1=O could not be converted
21:24:40 <WARN> reinvent_plugins.normalizers.rdkit_smiles: C1n2c(=O)[nH]c(=O)nc2=C(*)C1 could not be converted
21:24:40 <WARN> reinvent_plugins.normalizers.rdkit_smiles: C1(C)=C(*)C(=O)C=C2NC(=O)N()C1(C)C2 could not be converted
21:24:40 <WARN> reinvent_plugins.normalizers.rdkit_smiles: C1(=O)C(=C)C(=O)C=CC1=O* could not be converted
21:24:40 <WARN> reinvent_plugins.normalizers.rdkit_smiles: C1N(C)C(=O)C2=C(*)C=CC=C12C could not be converted
21:24:40 <WARN> reinvent_plugins.normalizers.rdkit_smiles: c12n(CC)nc(C)n1nc(C)n2* could not be converted
21:24:40 <WARN> reinvent_plugins.normalizers.rdkit_smiles: C1CCN(O)C(=O)C1=C(*)C1=C(C)C(=O)C==C1 could not be converted
21:24:40 <WARN> reinvent_plugins.normalizers.rdkit_smiles: c12ncnc3n1CCC(C)(*)C3=C2 could not be converted
21:24:40 <WARN> reinvent_plugins.normalizers.rdkit_smiles: C1(*)C(C)=C(C(O)CN(C)C)=C(C)N1 could not be converted
21:24:40 <WARN> reinvent_plugins.normalizers.rdkit_smiles: C(N(*)C)C=CC(O)C1OC=OC1 could not be converted
21:24:40 <WARN> reinvent_plugins.normalizers.rdkit_smiles: C1(C)=C(C(C(=O)*)O)C=CC2=CCnn12 could not be converted
21:24:40 <WARN> reinvent_plugins.normalizers.rdkit_smiles: c1(C)nccs1C* could not be converted
21:24:40 <WARN> reinvent_plugins.normalizers.rdkit_smiles: N1(*)C(=O)C=C=c1=CCl could not be converted
21:24:40 <WARN> reinvent_plugins.normalizers.rdkit_smiles: O=C(C*)OC(C1CO1C1OC(=C)C(O)CC1)=CC=NOC could not be converted
21:24:54 <INFO> Score: 0.49 Agent NLL: 20.03 Valid:  93% Step: 24
 | Agent Prior Target Score SMILES SMILES_state Input_Scaffold R-groups Scaffold predicted_activity predicted_activity (raw) training_similarity training_similarity (raw) taf_consistency taf_consistency (raw) novelty novelty (raw) MW_window MW_window (raw) synthetic_feasibility synthetic_feasibility (raw) curated alerts filter curated alerts filter (raw) stereo_validity (predicted_activity) scaffold_novelty (predicted_activity) uncertainty (predicted_activity) taf_disrupted (predicted_activity) matchting_patterns (curated alerts filter)
 | 16.2474 18.1478 -18.1478 0.0000000 CC(C)=CCCNC(=O)C1(C)OCC(C2OC(=O)C(O)=C2O)O1 1 OC1=C(O)C(C2COC([*])(C)O2)OC1=O C(CCNC(=O)*)=C(C)C O=C1C=CC(C2COCO2)O1 0.4600000 0.4600 0.7076303 0.7076 0.6666667 0.6667 0.2923697 0.2924 1.0000000 327.3330 0.5365881 4.4082 1.0000000 1.0000 0.0 1.0 0.49839743177508444 0.33333333333333337 []
 | 30.1874 32.7511 36.0706 0.5376693 CC1(C)OCC(C2OC(=O)C(O)=C2C(=O)OCC(=O)CCN2CCC(O)(Cc3ccccc3)CC2)O1 1 CC1(C)OC(C2OC(=O)C(O)=C2[*])CO1 O(C(*)=O)CC(=O)CCN1CCC(Cc2ccccc2)(O)CC1 O=C(CCN1CCC(Cc2ccccc2)CC1)COC(=O)C1=CC(=O)OC1C1COCO1 0.2100000 0.2100 0.6532425 0.6532 0.6666667 0.6667 0.4019432 0.4019 1.0000000 503.5480 0.5497050 3.8342 1.0000000 1.0000 0.0 1.0 0.40730823708832603 0.33333333333333337 []
 | 33.8756 44.5776 35.8497 0.6283388 CC(=CC(=O)N1CC(=O)NC(C2=C(O)C(C(O)CO)OC2=O)C1)c1csc(C)c1 1 C1(O)=C([*])C(=O)OC1C(O)CO C1(*)CN(C(=O)C=C(c2csc(C)c2)C)CC(=O)N1 O=C1CN(C(=O)C=Cc2ccsc2)CC(C2=CCOC2=O)N1 0.5100000 0.5100 0.5334005 0.5334 0.6666667 0.6667 0.4665995 0.4666 1.0000000 422.4590 0.5353847 4.4607 1.0000000 1.0000 0.0 1.0 0.4998999899979995 0.33333333333333337 []
 | 42.7621 42.6504 22.1201 0.5060196 CC1=CCC(=O)C=C2CCC3(O)C(=O)C(OC4OC(C(O)CO)C(O)=C4O)=CC(=O)C3=C12 1 C1(O)=C(O)C(C(CO)O)OC1[*] C1(O*)=CC(=O)C2=C3C(C)=CCC(=O)C=C3CCC2(O)C1=O O=C1C=C2CCC3C(=O)C(OC4C=CCO4)=CC(=O)C3=C2C=CC1 0.4050000 0.4050 0.4318005 0.4318 0.3333333 0.3333 0.5681995 0.5682 1.0000000 446.4080 0.5171585 5.2545 1.0000000 1.0000 0.0 1.0 0.4908920451586072 0.6666666666666667 []
 | 43.1506 60.4740 -60.4740 0.0000000 C1(C2=OC=C(Cl)C(*)=C2C=C)=C(C(O)=O)CC=CC1 0 O1C([*])C(O)=C(O)C1C(O)CBr C1(C2=OC=C(Cl)C(*)=C2C=C)=C(C(O)=O)CC=CC1 -- 0.0000000 0.0000 0.0000000 0.0000 0.0000000 0.0000 0.0000000 0.0000 0.0000000 0.0000 0.0000000 0.0000 0.0000000 0.0000 None None None None None
 | 12.8215 20.4809 50.9987 0.5584341 O=C1C=CC=C(C2OC(C(O)CO)C(O)=C2O)C1=O 1 C1([*])OC(C(O)CO)C(O)=C1O C1=CC(=O)C(=O)C(*)=C1 O=C1C=CC=C(C2C=CCO2)C1=O 0.5050000 0.5050 0.5589565 0.5590 0.3333333 0.3333 0.4410435 0.4410 1.0000000 268.2210 0.5333476 4.5496 1.0000000 1.0000 0.0 1.0 0.49997499937496875 0.6666666666666667 []
 | 17.1996 22.0677 -22.0677 0.0000000 Cc1ccc(CC2OC(C(O)CO)C(OCc3ccccc3)=C2O)cc1F 1 OC1=C(OCc2ccccc2)C(C(O)CO)OC1[*] c1(C*)ccc(C)c(F)c1 C1=C(OCc2ccccc2)COC1Cc1ccccc1 0.5500000 0.5500 0.6445730 0.6446 0.3333333 0.3333 0.3554270 0.3554 1.0000000 374.4080 0.5540217 3.6447 1.0000000 1.0000 0.0 1.0 0.49749371855331 0.6666666666666667 []
 | 31.4448 41.1794 26.4342 0.5282313 CC1(Cn2nc(O)c3ccn(CCCCCl)c3c2=O)OCC(C2OC(=O)C(O)=C2O)O1 1 OC1=C(O)C(C2COC([*])(C)O2)OC1=O c1cc2c(O)nn(C*)c(=O)c2n1CCCCCl O=C1C=CC(C2COC(Cn3ncc4cc[nH]c4c3=O)O2)O1 0.3750000 0.3750 0.5980568 0.5981 0.3333333 0.3333 0.4019432 0.4019 1.0000000 455.8510 0.5316162 4.6251 1.0000000 1.0000 0.0 1.0 0.4841229182759271 0.6666666666666667 []
 | 19.3748 24.5585 35.8043 0.4715844 COC(=O)C1=C(C)C=COC(=O)C1C1=C(O)C(=O)OC1C1COC(C)(C)O1 1 CC1(C)OC(C2OC(=O)C(O)=C2[*])CO1 C1(C)=C(C(OC)=O)C(*)C(=O)OC=C1 O=C1C=C(C2C=CC=COC2=O)C(C2COCO2)O1 0.2000000 0.2000 0.6964236 0.6964 0.3333333 0.3333 0.3352970 0.3353 1.0000000 380.3490 0.5338881 4.5260 1.0000000 1.0000 0.0 1.0 0.4000000000000001 0.6666666666666667 []
 | 19.3171 29.6134 54.8081 0.6595432 O=C1OC(C(O)CO)C(O)=C1N1CCC(O)(C(=O)O)C(=O)C1 1 C1(O)=C([*])C(=O)OC1C(O)CO C1(=O)CN(*)CCC1(O)C(O)=O O=C1CCCN(C2=CCOC2=O)C1 0.5650000 0.5650 0.6260991 0.6261 0.6666667 0.6667 0.3739009 0.3739 1.0000000 317.2500 0.5351183 4.4723 1.0000000 1.0000 0.0 1.0 0.4957569969249047 0.33333333333333337 []
21:24:55 <WARN> reinvent_plugins.normalizers.rdkit_smiles: C12(C=N*)C=CC=CC1=OC=C2 could not be converted
21:24:55 <WARN> reinvent_plugins.normalizers.rdkit_smiles: O=C1c2c3c(cccc3c(*)n2)C=C1 could not be converted
21:24:55 <WARN> reinvent_plugins.normalizers.rdkit_smiles: O=C1c2c(O)nc(*)[nH]c2C(C)=C1 could not be converted
21:24:55 <WARN> reinvent_plugins.normalizers.rdkit_smiles: C1(=O)C2C=C(C)C(*)C(=O)2C=C1Cl could not be converted
21:24:55 <WARN> reinvent_plugins.normalizers.rdkit_smiles: O(C(=O)NC1C(c2nccnc2)=NO1*)CC1OC1 could not be converted
21:24:55 <WARN> reinvent_plugins.normalizers.rdkit_smiles: O1COC(=O)C(=NOC)(C*)C1 could not be converted
21:24:55 <WARN> reinvent_plugins.normalizers.rdkit_smiles: n1c[nH]c2c1NCC(*)C1=O could not be converted
21:24:55 <WARN> reinvent_plugins.normalizers.rdkit_smiles: O=C1C(C*)=C(Cl)SC2=C(C3=OCC=C(C=O)C23)C1=O could not be converted
21:24:55 <WARN> reinvent_plugins.normalizers.rdkit_smiles: O=C1C=C(C)C(=O)O1* could not be converted
21:24:55 <WARN> reinvent_plugins.normalizers.rdkit_smiles: C1(=O)C(*)CCn2n([O-])nnc12 could not be converted
21:24:55 <WARN> reinvent_plugins.normalizers.rdkit_smiles: C12(C1)C=CC(*)C1=C(C=C(O)C(OC)=O)CC1(O)C2 could not be converted
21:24:55 <WARN> reinvent_plugins.normalizers.rdkit_smiles: C1(=O)Cc2c(cc3c(*)n(C)nc3-2)CC1 could not be converted
21:24:55 <WARN> reinvent_plugins.normalizers.rdkit_smiles: C1(CC)=CC(*)C2=N1C=CC=C2 could not be converted
21:24:55 <WARN> reinvent_plugins.normalizers.rdkit_smiles: C1(*)(O)C(=O)C=CC=O1 could not be converted
21:24:55 <WARN> reinvent_plugins.normalizers.rdkit_smiles: c1cccc(C(c2ccccc2)=O(*)c2ncccc2)c1 could not be converted
21:24:55 <WARN> reinvent_plugins.normalizers.rdkit_smiles: c1(C)cncn1C(=Cc1nnc(=O)n1CC1CNCCC1)C* could not be converted
21:24:55 <WARN> reinvent_plugins.normalizers.rdkit_smiles: C1(=O)C(*)C(=O)C=C2C=C(C)N(C=N)C=N21 could not be converted
21:24:55 <WARN> reinvent_plugins.normalizers.rdkit_smiles: c12sc3ncc(*)nc1(=O)C=CC=C2CC(C)=CC3=O could not be converted
21:24:55 <WARN> reinvent_plugins.normalizers.rdkit_smiles: O=c1ncnn1C* could not be converted
21:24:55 <WARN> reinvent_plugins.normalizers.rdkit_smiles: O=C1CC(=O)C=O(*)C1 could not be converted
21:24:55 <WARN> reinvent_plugins.normalizers.rdkit_smiles: C1CC(CO*)O1C could not be converted
21:25:10 <INFO> Score: 0.49 Agent NLL: 20.23 Valid:  95% Step: 25
 | Agent Prior Target Score SMILES SMILES_state Input_Scaffold R-groups Scaffold predicted_activity predicted_activity (raw) training_similarity training_similarity (raw) taf_consistency taf_consistency (raw) novelty novelty (raw) MW_window MW_window (raw) synthetic_feasibility synthetic_feasibility (raw) curated alerts filter curated alerts filter (raw) stereo_validity (predicted_activity) scaffold_novelty (predicted_activity) uncertainty (predicted_activity) taf_disrupted (predicted_activity) matchting_patterns (curated alerts filter)
 | 25.7778 34.3015 38.8285 0.5713275 CC1C(O)=C(C2(C)OCC(C3OC(=O)C(O)=C3O)O2)C2(C)OC1CC2=O 1 OC1=C(O)C(C2OC(C)([*])OC2)OC1=O O1C2(C)C(*)=C(O)C(C)C1CC2=O O=C1C=CC(C2COC(C3=CCC4CC(=O)C3O4)O2)O1 0.4900000 0.4900 0.7238999 0.7239 0.3333333 0.3333 0.2761001 0.2761 1.0000000 368.3380 0.5002472 5.9893 1.0000000 1.0000 0.0 1.0 0.4998999899979995 0.6666666666666667 []
 | 12.7857 15.8476 50.2183 0.5161397 C=C1CC(C2=C(O)C(=O)OC2C2COC(C)(C)O2)OC1=O 1 C1(O)=C([*])C(C2COC(C)(C)O2)OC1=O C1C(*)OC(=O)C1=C C=C1CC(C2=CC(=O)OC2C2COCO2)OC1=O 0.2950000 0.2950 0.7505553 0.7506 0.3333333 0.3333 0.2494447 0.2494 1.0000000 296.2750 0.5359205 4.4373 1.0000000 1.0000 0.0 1.0 0.45604276115294284 0.6666666666666667 []
 | 10.4573 17.1806 67.9913 0.6654056 CC1=CC(C2=C(O)C(C(O)CO)OC2=O)CC=C1 1 [*]C1=C(O)C(C(CO)O)OC1=O C1(C)=CC(*)CC=C1 O=C1OCC=C1C1C=CC=CC1 0.5700000 0.5700 0.6559298 0.6559 0.6666667 0.6667 0.3440702 0.3441 1.0000000 252.2660 0.5362914 4.4211 1.0000000 1.0000 0.0 1.0 0.4950757517794625 0.33333333333333337 []
 | 46.8981 57.5484 4.9448 0.4882281 Cc1cc2c(cc1C=CC(C=C1C(=O)N(C3OC(C(O)CO)C(O)=C3O)C1=O)C1=COCCO1)C=CC2=O 1 [*]C1C(O)=C(O)C(C(O)CO)O1 C1(=O)N(*)C(=O)C1=CC(C=CC1=C(C)C=C2C(=O)C=CC2=C1)C1=COCCO1 O=C1C=Cc2cc(C=CC(C=C3C(=O)N(C4C=CCO4)C3=O)C3=COCCO3)ccc21 0.3650000 0.3650 0.4035058 0.4035 0.3333333 0.3333 0.5964942 0.5965 1.0000000 523.4940 0.5181689 5.2106 1.0000000 1.0000 0.0 1.0 0.4814301610825811 0.6666666666666667 []
 | 28.8439 43.5488 33.6074 0.6027823 CN1C(=O)C(=CC2CCC2C2OC(C(O)CBr)C(O)=C2O)c2nc(Cl)ccc21 1 BrCC(O)C1OC([*])C(O)=C1O C1CC(*)C1C=C1C(=O)N(C)c2ccc(Cl)nc21 O=C1Nc2cccnc2C1=CC1CCC1C1C=CCO1 0.4650000 0.4650 0.4810512 0.4811 0.6666667 0.6667 0.5189488 0.5189 1.0000000 471.7350 0.5222188 5.0344 1.0000000 1.0000 0.0 1.0 0.49877349568717055 0.33333333333333337 []
 | 9.0835 14.0277 -14.0277 0.0000000 CC1=CC(=O)C(C2OC(C(O)CO)C(O)=C2O)C1=O 1 C(O)C(C1C(O)=C(O)C([*])O1)O C1(C)=CC(=O)C(*)C1=O O=C1C=CC(=O)C1C1C=CCO1 0.5200000 0.5200 0.5918363 0.5918 0.3333333 0.3333 0.4081637 0.4082 1.0000000 270.2370 0.5305672 4.6708 1.0000000 1.0000 0.0 1.0 0.4995998398718719 0.6666666666666667 []
 | 19.0864 24.7791 58.0775 0.6473173 COC(=O)C1=C(Cl)C(C2OC(C(O)CO)C(OCc3ccccc3)=C2O)SC1 1 C1(OCc2ccccc2)=C(O)C([*])OC1C(CO)O C(C1=C(Cl)C(*)SC1)(OC)=O C1=CC(C2C=C(OCc3ccccc3)CO2)SC1 0.5150000 0.5150 0.6314802 0.6315 0.6666667 0.6667 0.3685198 0.3685 1.0000000 428.8900 0.5381242 4.3411 1.0000000 1.0000 0.0 1.0 0.4997749493522059 0.33333333333333337 []
 | 29.9622 32.9329 47.0687 0.6250126 CC1C=C(C2(C)OCC(C3OC(=O)C(O)=C3O)O2)C(=O)CC2=C1CC=CN2 1 OC1=C(O)C(C2OC(C)([*])OC2)OC1=O C1=C(*)C(=O)CC2=C(CC=CN2)C1C O=C1C=CC(C2COC(C3=CCC4=C(CC3=O)NC=CC4)O2)O1 0.4450000 0.4450 0.6400757 0.6401 0.6666667 0.6667 0.3599243 0.3599 1.0000000 375.3770 0.5165092 5.2828 1.0000000 1.0000 0.0 1.0 0.49696579359147036 0.33333333333333337 []
 | 20.0371 24.6214 35.8752 0.4726297 CC1(C)OCC(C2OC(=O)C(O)=C2CC=C2CCOC2)O1 1 C1(O)=C([*])C(C2COC(C)(C)O2)OC1=O C(=C1CCOC1)C* O=C1C=C(CC=C2CCOC2)C(C2COCO2)O1 0.2050000 0.2050 0.6998965 0.6999 0.3333333 0.3333 0.3001035 0.3001 1.0000000 296.3190 0.5365371 4.4104 1.0000000 1.0000 0.0 1.0 0.403701622488689 0.6666666666666667 []
 | 25.7395 39.1682 43.0058 0.6419840 CCON=C(C)C1=C(C2=C(O)C(C(O)CO)OC2=O)c2[nH]nc(N)c2C1=O 1 [*]C1=C(O)C(C(CO)O)OC1=O c12c(N)n[nH]c1C(*)=C(C(=NOCC)C)C2=O O=C1OCC=C1C1=CC(=O)c2cn[nH]c21 0.5400000 0.5400 0.5619515 0.5620 0.6666667 0.6667 0.4380485 0.4380 1.0000000 378.3410 0.5353894 4.4605 1.0000000 1.0000 0.0 1.0 0.49839743177508444 0.33333333333333337 []
21:25:11 <WARN> reinvent_plugins.normalizers.rdkit_smiles: O=C1C(=C)c2cnccc2C1=OC* could not be converted
21:25:11 <WARN> reinvent_plugins.normalizers.rdkit_smiles: C1(C)(C)OC(=O)C(C)=CC1=O* could not be converted
21:25:11 <WARN> reinvent_plugins.normalizers.rdkit_smiles: C1=CC=C2CC(C)(*)CC=C2=C1 could not be converted
21:25:11 <WARN> reinvent_plugins.normalizers.rdkit_smiles: C1N(*)C(C)(C2=C(=O)CC(C)=CC2)CC1 could not be converted
21:25:11 <WARN> reinvent_plugins.normalizers.rdkit_smiles: C1(C(=O)N2CC(C*)(Cc3ccccc2)CN(C(C)=O)CC=C)=CCC(=O)C1 could not be converted
21:25:11 <WARN> reinvent_plugins.normalizers.rdkit_smiles: C1(C)C(CO)(O)c2c(nc(C)c(=O)s2)* could not be converted
21:25:11 <WARN> reinvent_plugins.normalizers.rdkit_smiles: C1(*)C=C(C)C=C2N=C(C)=C(C)C12C could not be converted
21:25:11 <WARN> reinvent_plugins.normalizers.rdkit_smiles: s1cc(C)n2c1c(=O)cc(*)n2 could not be converted
21:25:11 <WARN> reinvent_plugins.normalizers.rdkit_smiles: C1(C)(C)COC(c2c[nH]c(C*)c2)=O could not be converted
21:25:11 <WARN> reinvent_plugins.normalizers.rdkit_smiles: C1(CC(=O)NC)(C2=C(=NOC)C(*)=C(C)C(=O)C2)C=C(C)C(C)=C(O)C1=O could not be converted
21:25:11 <WARN> reinvent_plugins.normalizers.rdkit_smiles: C(*)n1nc2c3ccccc3nnc2[nH]1 could not be converted
21:25:11 <WARN> reinvent_plugins.normalizers.rdkit_smiles: O=c1c(-c2cnccn2)cnn(C)c1C* could not be converted
21:25:11 <WARN> reinvent_plugins.normalizers.rdkit_smiles: C1(n2nc3n(ccn()c3=O)n2)C(*)COC(C)C1 could not be converted
21:25:11 <WARN> reinvent_plugins.normalizers.rdkit_smiles: O1C(C)(C)OC(CC(N*)c2nc3c(cc2)C=CCN1C(C=C)C=C)=O could not be converted
21:25:11 <WARN> reinvent_plugins.normalizers.rdkit_smiles: C(C1(N2CC(C=C)(*)C(=O)OC2=O)=C(O)C(=C)CO1)C could not be converted
21:25:11 <WARN> reinvent_plugins.normalizers.rdkit_smiles: C1(C)=C(OC*)C2C(=C1=O)C(=O)C1=C(O2)C=CC=C1 could not be converted
21:25:11 <WARN> reinvent_plugins.normalizers.rdkit_smiles: c1c2c(=O)ccc(*)n2c(=O)[nH]c1 could not be converted
21:25:11 <WARN> reinvent_plugins.normalizers.rdkit_smiles: C1(=O)C2=N(*)C(C)(CO)C12 could not be converted
21:25:11 <WARN> reinvent_plugins.normalizers.rdkit_smiles: C1(=O)C(=C)(C)C(=O)C(*)=C1 could not be converted
21:25:11 <WARN> reinvent_plugins.normalizers.rdkit_smiles: N1(C=N(*)C)CCCC1 could not be converted
21:25:11 <WARN> reinvent_plugins.normalizers.rdkit_smiles: C1(C)=C(CSC2=C(*)C[N+](=O)[O-]N=CC2=O)CC=C=C1 could not be converted
21:25:26 <INFO> Score: 0.50 Agent NLL: 20.64 Valid:  95% Step: 26
 | Agent Prior Target Score SMILES SMILES_state Input_Scaffold R-groups Scaffold predicted_activity predicted_activity (raw) training_similarity training_similarity (raw) taf_consistency taf_consistency (raw) novelty novelty (raw) MW_window MW_window (raw) synthetic_feasibility synthetic_feasibility (raw) curated alerts filter curated alerts filter (raw) stereo_validity (predicted_activity) scaffold_novelty (predicted_activity) uncertainty (predicted_activity) taf_disrupted (predicted_activity) matchting_patterns (curated alerts filter)
 | 24.3990 29.6319 39.6161 0.5409996 CC1(CN2C(=O)Cn3ccnc3C2c2ccccc2)OCC(C2OC(=O)C(O)=C2O)O1 1 OC1=C(O)C(=O)OC1C1OC([*])(C)OC1 O=C1Cn2ccnc2C(c2ccccc2)n1C* O=C1C=CC(C2COC(CN3C(=O)Cn4ccnc4C3c3ccccc3)O2)O1 0.4100000 0.4100 0.6128258 0.6128 0.3333333 0.3333 0.3871742 0.3872 1.0000000 427.4130 0.5330431 4.5629 1.0000000 1.0000 0.0 1.0 0.4918333050943175 0.6666666666666667 []
 | 20.8771 25.5575 38.7200 0.5021682 CC1(C)OCC(C2OC(=O)C(O)=C2CCC2=C(O)N=CC2=O)O1 1 C1(C2COC(C)(C)O2)C([*])=C(O)C(=O)O1 C1(=O)C(CC*)=C(O)N=C1 O=C1C=C(CCC2=CN=CC2=O)C(C2COCO2)O1 0.2700000 0.2700 0.6998965 0.6999 0.3333333 0.3333 0.3001035 0.3001 1.0000000 323.3010 0.5337442 4.5323 1.0000000 1.0000 0.0 1.0 0.4439594576084623 0.6666666666666667 []
 | 18.5621 27.4422 55.7393 0.6498553 O=C1OC(C(O)CO)C(O)=C1NCC1(O)CCOC1 1 O1C(C(O)CO)C(O)=C([*])C1=O C(N*)C1(O)CCOC1 O=C1OCC=C1NCC1CCOC1 0.5200000 0.5200 0.6404940 0.6405 0.6666667 0.6667 0.3595060 0.3595 1.0000000 275.2570 0.5367560 4.4008 1.0000000 1.0000 0.0 1.0 0.4995998398718719 0.33333333333333337 []
 | 7.7726 14.5657 59.1649 0.5760198 CC1=C(C)C(=O)C(C2OC(C(O)CO)C(O)=C2O)C1=O 1 OC1=C(O)C(C(CO)O)OC1[*] C1(C)=C(C)C(=O)C(*)C1=O O=C1C=CC(=O)C1C1C=CCO1 0.5300000 0.5300 0.6363961 0.6364 0.3333333 0.3333 0.3636039 0.3636 1.0000000 284.2640 0.5334242 4.5462 1.0000000 1.0000 0.0 1.0 0.49909918853871116 0.6666666666666667 []
 | 13.9952 24.2965 63.7077 0.6875323 CC1(C2OC(C(O)CBr)C(O)=C2O)COC(=O)C1=O 1 OC1=C(O)C([*])OC1C(O)CBr C1(=O)C(=O)C(*)(C)CO1 O=C1OCC(C2C=CCO2)C1=O 0.5150000 0.5150 0.5966706 0.5967 1.0000000 1.0000 0.4033294 0.4033 1.0000000 337.1220 0.5227453 5.0115 1.0000000 1.0000 0.0 1.0 0.4997749493522059 0.0 []
 | 19.4984 30.1390 34.8522 0.5077436 CC1=C(C=C2CCC2C2OC(C(O)CO)C(O)=C2O)C(=O)C=CC1=O 1 OCC(O)C1OC([*])C(O)=C1O C1(*)CCC1=CC1=C(C)C(=O)C=CC1=O O=C1C=CC(=O)C(C=C2CCC2C2C=CCO2)=C1 0.3500000 0.3500 0.5196153 0.5196 0.3333333 0.3333 0.4803847 0.4804 1.0000000 348.3510 0.5273007 4.8132 1.0000000 1.0000 0.0 1.0 0.47696960070847283 0.6666666666666667 []
 | 18.7718 34.3016 38.7538 0.5707454 OCC(O)C1OC(C2(O)CC(n3cncn3)C2)C(O)=C1OCc1ccccc1 1 O(C1=C(O)C([*])OC1C(O)CO)Cc1ccccc1 C1C(n2cncn2)CC1(*)O C1=C(OCc2ccccc2)COC1C1CC(n2cncn2)C1 0.5200000 0.5200 0.6097050 0.6097 0.3333333 0.3333 0.3902950 0.3903 1.0000000 389.4080 0.5402218 4.2494 1.0000000 1.0000 0.0 1.0 0.4995998398718719 0.6666666666666667 []
 | 23.0989 35.0629 36.4394 0.5586118 Cc1ccc(-c2n[nH]c3ccccc23)cc1C1(C)OCC(C2OC(=O)C(O)=C2O)O1 1 OC1=C(O)C(=O)OC1C1OC([*])(C)OC1 C1(C)=C(*)C=C(c2c3c(cccc3)[nH]n2)C=C1 O=C1C=CC(C2COC(c3cccc(-c4n[nH]c5ccccc45)c3)O2)O1 0.4600000 0.4600 0.6287461 0.6287 0.3333333 0.3333 0.3712539 0.3713 1.0000000 408.4100 0.5458212 4.0044 1.0000000 1.0000 0.0 1.0 0.49839743177508444 0.6666666666666667 []
 | 26.9714 35.8796 32.0123 0.5304062 CC1(C)OCC(C2OC(=O)C(O)=C2NC(=O)c2nccc(C3=CC(=O)CCC3)n2)O1 1 C1(C2COC(C)(C)O2)C([*])=C(O)C(=O)O1 C1C(c2ccnc(C(=O)N*)n2)=CC(=O)CC1 O=C1C=C(c2ccnc(C(=O)NC3=CC(=O)OC3C3COCO3)n2)CCC1 0.2050000 0.2050 0.6367862 0.6368 0.6666667 0.6667 0.3922181 0.3922 1.0000000 415.4020 0.5423968 4.1543 1.0000000 1.0000 0.0 1.0 0.403701622488689 0.33333333333333337 []
 | 19.9986 26.6634 58.6466 0.6664843 O=C1OC(C(O)CO)C(O)=C1CCn1c2c(c3ccccc31)CCC2=O 1 O1C(C(O)CO)C(O)=C([*])C1=O c12c(c3ccccc3n1CC*)CCC2=O O=C1OCC=C1CCn1c2c(c3ccccc31)CCC2=O 0.6050000 0.6050 0.5939697 0.5940 0.6666667 0.6667 0.4060303 0.4060 1.0000000 357.3620 0.5513062 3.7639 1.0000000 1.0000 0.0 1.0 0.4888506929523574 0.33333333333333337 []
21:25:27 <WARN> reinvent_plugins.normalizers.rdkit_smiles: c1ncsc1C(*)C(S(=O)(=O)C)=N1C(=O)C=CC1=O could not be converted
21:25:27 <WARN> reinvent_plugins.normalizers.rdkit_smiles: C1(C)(C(=O)*)=C(C)CCC=C1 could not be converted
21:25:27 <WARN> reinvent_plugins.normalizers.rdkit_smiles: C1Cn2c(nc3ccccc2=)N3C1=O* could not be converted
21:25:27 <WARN> reinvent_plugins.normalizers.rdkit_smiles: C1(*)C(C)=C(C)CCOC1(=O)c1nccn1C could not be converted
21:25:27 <WARN> reinvent_plugins.normalizers.rdkit_smiles: C12=C(O)C(*)CC=C12C(=O)C1=C(O)C=C(O)C1 could not be converted
21:25:27 <WARN> reinvent_plugins.normalizers.rdkit_smiles: C1(*)C(=O)C=C2=COC2C1 could not be converted
21:25:27 <WARN> reinvent_plugins.normalizers.rdkit_smiles: n1c2c(n3c1C=C(*)C=C3)cnc2 could not be converted
21:25:27 <WARN> reinvent_plugins.normalizers.rdkit_smiles: C(c1[nH]c2c(ncccc2C(C)=O)n1)OC(*)=O could not be converted
21:25:27 <WARN> reinvent_plugins.normalizers.rdkit_smiles: C(C1=C(N)C(=O)n2c1ON=CC2*)NC(C=O)=C could not be converted
21:25:27 <WARN> reinvent_plugins.normalizers.rdkit_smiles: Cc1onc(C)c1C(N1CC(C)(=O)N(C*)C(=O)C1)=O could not be converted
21:25:27 <WARN> reinvent_plugins.normalizers.rdkit_smiles: C1(*)CC=C2C3=CC(=O)C(Cn1nnn3)C2C could not be converted
21:25:27 <WARN> reinvent_plugins.normalizers.rdkit_smiles: C1CC(CCn2nnc3c2C=N=CC3*)C1 could not be converted
21:25:27 <WARN> reinvent_plugins.normalizers.rdkit_smiles: C1(n2c3c(cccc3)n(*)c2=O)=C(n2nnc(=C)c2)CC2=C(C1)C=CC1C2COC1=O could not be converted
21:25:27 <WARN> reinvent_plugins.normalizers.rdkit_smiles: C1(*)C(C)(C)C12CC(=O)c1n(O)c3c(ncnc3)n1=C2 could not be converted
21:25:27 <WARN> reinvent_plugins.normalizers.rdkit_smiles: n1c(C(*)=O)cc2cnn(C(C)=C)n2n1 could not be converted
21:25:27 <WARN> reinvent_plugins.normalizers.rdkit_smiles: C1(*)=CC==C2C=CC=CO21 could not be converted
21:25:27 <WARN> reinvent_plugins.normalizers.rdkit_smiles: C1=C(C(C)*)Cn2cnc3c2c1CC=CC3 could not be converted
21:25:27 <WARN> reinvent_plugins.normalizers.rdkit_smiles: N1(C)C(=O)CCC1=O)* could not be converted
21:25:27 <WARN> reinvent_plugins.normalizers.rdkit_smiles: C1(=O)C(*)(O)C(=O)c2cncc3cccc21 could not be converted
21:25:27 <WARN> reinvent_plugins.normalizers.rdkit_smiles: C1(C(=O)C=CC=)(*)CC(=O)OC12CCN(C(=O)Cc1cnn(C)c1)C(C)C2 could not be converted
21:25:27 <WARN> reinvent_plugins.normalizers.rdkit_smiles: [nH]1c(=O)[nH]ccc1=OC* could not be converted
21:25:27 <WARN> reinvent_plugins.normalizers.rdkit_smiles: C1(C)=C1C(=O)C* could not be converted
21:25:27 <WARN> reinvent_plugins.normalizers.rdkit_smiles: C(=O)CCc1[nH]nnn1C* could not be converted
21:25:27 <WARN> reinvent_plugins.normalizers.rdkit_smiles: C1(*)CC(CN(C)CC=C)(=O)OC=C1 could not be converted
21:25:41 <INFO> Score: 0.48 Agent NLL: 18.81 Valid:  94% Step: 27
 | Agent Prior Target Score SMILES SMILES_state Input_Scaffold R-groups Scaffold predicted_activity predicted_activity (raw) training_similarity training_similarity (raw) taf_consistency taf_consistency (raw) novelty novelty (raw) MW_window MW_window (raw) synthetic_feasibility synthetic_feasibility (raw) curated alerts filter curated alerts filter (raw) stereo_validity (predicted_activity) scaffold_novelty (predicted_activity) uncertainty (predicted_activity) taf_disrupted (predicted_activity) matchting_patterns (curated alerts filter)
 | 20.5683 29.5480 50.4046 0.6246299 C=C1CC2(CCOC2)C(O)C1C1(C)OCC(C2OC(=O)C(O)=C2O)O1 1 C1(O)=C(O)C(=O)OC1C1COC([*])(C)O1 C1(O)C(*)C(=C)CC12COCC2 C=C1CC2(CCOC2)CC1C1OCC(C2C=CC(=O)O2)O1 0.4350000 0.4350 0.6713171 0.6713 0.6666667 0.6667 0.3286829 0.3287 1.0000000 354.3550 0.5067644 5.7062 1.0000000 1.0000 0.0 1.0 0.4957569969249047 0.33333333333333337 []
 | 34.8943 48.3914 -48.3914 0.0000000 c1ncsc1C(*)C(S(=O)(=O)C)=N1C(=O)C=CC1=O 0 CC1(C)OCC(C2C([*])=C(O)C(=O)O2)O1 c1ncsc1C(*)C(S(=O)(=O)C)=N1C(=O)C=CC1=O -- 0.0000000 0.0000 0.0000000 0.0000 0.0000000 0.0000 0.0000000 0.0000 0.0000000 0.0000 0.0000000 0.0000 0.0000000 0.0000 None None None None None
 | 20.8522 28.3380 65.4593 0.7327913 CC1(C)C(=O)C1(C)C#CC1=C(O)C(C(O)CO)OC1=O 1 OCC(O)C1OC(=O)C([*])=C1O C1(C)(C)C(C)(C#C*)C1=O O=C1OCC=C1C#CC1CC1=O 0.6250000 0.6250 0.6813300 0.6813 1.0000000 1.0000 0.3186700 0.3187 1.0000000 280.2760 0.5308982 4.6564 1.0000000 1.0000 0.0 1.0 0.4841229182759271 0.0 []
 | 24.3037 39.4254 36.3118 0.5916973 CC1=C(C)C(O)C(C2=CC(=O)OC(=O)C2C2OC(C(O)CO)C(O)=C2O)CC1=O 1 OC(CO)C1C(O)=C(O)C([*])O1 C1(*)C(=O)OC(=O)C=C1C1C(O)C(C)=C(C)C(=O)C1 O=C1C=CCC(C2=CC(=O)OC(=O)C2C2C=CCO2)C1 0.4200000 0.4200 0.4944980 0.4945 0.6666667 0.6667 0.5055020 0.5055 1.0000000 410.3750 0.5179951 5.2181 1.0000000 1.0000 0.0 1.0 0.4935585071701227 0.33333333333333337 []
 | 8.1783 20.8311 60.5712 0.6359554 O=C1C=C(C2OC(C(O)CBr)C(O)=C2O)C(=O)C1 1 C(CBr)(O)C1OC([*])C(O)=C1O C1(=O)C=C(*)C(=O)C1 O=C1C=C(C2C=CCO2)C(=O)C1 0.5100000 0.5100 0.5803432 0.5803 0.6666667 0.6667 0.4196568 0.4197 1.0000000 319.1070 0.5259182 4.8734 1.0000000 1.0000 0.0 1.0 0.4998999899979995 0.33333333333333337 []
 | 37.5938 43.2710 22.5187 0.5139821 Cc1nc2[nH]ccc3nnn(C(C4CC4)C4OC(C(O)CO)C(O)=C4O)c3c1=2 1 C1(C(O)CO)C(O)=C(O)C([*])O1 C1C(C(*)n2nnc3c2c2c([nH]cc3)nc2C)C1 C1=CC(C(C2CC2)n2nnc3cc[nH]c4ncc=4c32)OC1 0.4400000 0.4400 0.4238504 0.4239 0.3333333 0.3333 0.5761496 0.5761 1.0000000 387.3960 0.5204532 5.1112 1.0000000 1.0000 0.0 1.0 0.49638694583963433 0.6666666666666667 []
 | 19.8932 38.0221 35.8445 0.5770824 Cn1ncnc1-c1cnnc(NC2OC(C(O)CO)C(OCc3ccccc3)=C2O)n1 1 C1(O)=C(OCc2ccccc2)C(C(CO)O)OC1[*] c1(N*)nncc(-c2n(C)ncn2)n1 C1=C(OCc2ccccc2)COC1Nc1nncc(-c2ncn[nH]2)n1 0.5700000 0.5700 0.5753964 0.5754 0.3333333 0.3333 0.4246036 0.4246 1.0000000 427.4210 0.5390843 4.2991 1.0000000 1.0000 0.0 1.0 0.4950757517794625 0.6666666666666667 []
 | 12.5334 15.7956 58.5585 0.5808911 CC1(C(=O)N2CCOCC2)OCC(C2OC(=O)C(O)=C2O)O1 1 C1(O)=C(O)C(=O)OC1C1COC([*])(C)O1 C(N1CCOCC1)(*)=O O=C1C=CC(C2COC(C(=O)N3CCOCC3)O2)O1 0.4950000 0.4950 0.7698590 0.7699 0.3333333 0.3333 0.2301410 0.2301 1.0000000 315.2780 0.5412726 4.2035 1.0000000 1.0000 0.0 1.0 0.49997499937496875 0.6666666666666667 []
 | 31.3726 44.6925 25.5896 0.5490796 Cc1cnc([N+]C(=O)N(C)C)nc1NC(=O)C1=C(O)C(=O)OC1C1COC(C)(C)O1 1 CC1(C)OCC(C2C([*])=C(O)C(=O)O2)O1 Cc1c(NC(=O)*)nc([N+]C(=O)N(C)C)nc1 O=C1C=C(C(=O)Nc2ccncn2)C(C2COCO2)O1 0.2500000 0.2500 0.6179975 0.6180 0.6666667 0.6667 0.3820025 0.3820 1.0000000 420.4020 0.5342984 4.5081 1.0000000 1.0000 0.0 1.0 0.4330127018922193 0.33333333333333337 []
 | 8.6352 14.3075 -14.3075 0.0000000 O=C1OC(C(O)CO)C(O)=C1C1C(=O)COC1=O 1 OCC(O)C1OC(=O)C([*])=C1O C1(=O)COC(=O)C1* O=C1OCC=C1C1C(=O)COC1=O 0.5850000 0.5850 0.7000000 0.7000 0.6666667 0.6667 0.3000000 0.3000 1.0000000 258.1820 0.5372490 4.3793 1.0000000 1.0000 0.0 1.0 0.4927220311697053 0.33333333333333337 []
21:25:42 <WARN> reinvent_plugins.normalizers.rdkit_smiles: c1cccc(-c2c(=O)c(=O)c(C)[nH]c2*)c1 could not be converted
21:25:42 <WARN> reinvent_plugins.normalizers.rdkit_smiles: C1(C1C(C)(C)COC(C)=C1C*)O could not be converted
21:25:42 <WARN> reinvent_plugins.normalizers.rdkit_smiles: C1(=O)C(C)=C(*)C(=O)C12C1=CCOCCO1=CC2 could not be converted
21:25:42 <WARN> reinvent_plugins.normalizers.rdkit_smiles: C1(C)(C)COC(C)=N1* could not be converted
21:25:42 <WARN> reinvent_plugins.normalizers.rdkit_smiles: C1(O*)N(CC(C)(C)C)=C=CC=C1 could not be converted
21:25:42 <WARN> reinvent_plugins.normalizers.rdkit_smiles: c1(=O)[nH]cc(O)c2nc(C(C)*)n(CC1=CC=COC)c2=O could not be converted
21:25:42 <WARN> reinvent_plugins.normalizers.rdkit_smiles: C1(c2n(C)ncn2NC)CCCN(*)C1 could not be converted
21:25:42 <WARN> reinvent_plugins.normalizers.rdkit_smiles: C1(*)C(=O)N(C)C2=NC==CC12 could not be converted
21:25:42 <WARN> reinvent_plugins.normalizers.rdkit_smiles: O(C1C(C)(C)C1*)C(C1[n+](C)cccc1)=O could not be converted
21:25:42 <WARN> reinvent_plugins.normalizers.rdkit_smiles: C1(C)(C)=CC2=C(C1)C(*)C=CC2 could not be converted
21:25:42 <WARN> reinvent_plugins.normalizers.rdkit_smiles: C1(*)C=C(C)C(=O)O1C(C)O could not be converted
21:25:42 <WARN> reinvent_plugins.normalizers.rdkit_smiles: C12(C*)CCCC1C(=O)O(C)C2=O could not be converted
21:25:42 <WARN> reinvent_plugins.normalizers.rdkit_smiles: c1(=O)n(CCC(*)=O)c(=O)c(C#N)nc1C could not be converted
21:25:42 <WARN> reinvent_plugins.normalizers.rdkit_smiles: C1(C)(C(=O)N(C)C)(*)C(=O)CCC(C)(C)C1 could not be converted
21:25:42 <WARN> reinvent_plugins.normalizers.rdkit_smiles: c12c3ccccc3c(=O)n(CC)n1CC(*)CO2 could not be converted
21:25:42 <WARN> reinvent_plugins.normalizers.rdkit_smiles: C1(=CC(C(=O)*)O)C=CC=OC1=O could not be converted
21:25:42 <WARN> reinvent_plugins.normalizers.rdkit_smiles: c1(O*)cc(C(O)=OC)ccc1OC1CC(=O)C(C)=CC1=O could not be converted
21:25:42 <WARN> reinvent_plugins.normalizers.rdkit_smiles: n1c(*)csc1C1C(=O)N(C)C2C=C(C)CC(=O)O12 could not be converted
21:25:42 <WARN> reinvent_plugins.normalizers.rdkit_smiles: C1(*)CC(C)(=O)CC1C(=O)C(C)C=NOCC1=CCCC(C)C1C could not be converted
21:25:57 <INFO> Score: 0.49 Agent NLL: 19.95 Valid:  95% Step: 28
 | Agent Prior Target Score SMILES SMILES_state Input_Scaffold R-groups Scaffold predicted_activity predicted_activity (raw) training_similarity training_similarity (raw) taf_consistency taf_consistency (raw) novelty novelty (raw) MW_window MW_window (raw) synthetic_feasibility synthetic_feasibility (raw) curated alerts filter curated alerts filter (raw) stereo_validity (predicted_activity) scaffold_novelty (predicted_activity) uncertainty (predicted_activity) taf_disrupted (predicted_activity) matchting_patterns (curated alerts filter)
 | 21.2978 31.3775 37.5913 0.5388194 CC1(C(=C2CCCS2(=O)=O)c2ccccn2)OCC(C2OC(=O)C(O)=C2O)O1 1 C1OC(C)([*])OC1C1OC(=O)C(O)=C1O C1C(=C(*)c2ccccn2)S(=O)(=O)CC1 O=C1C=CC(C2COC(C(=C3CCCS3(=O)=O)c3ccccn3)O2)O1 0.3950000 0.3950 0.6343350 0.6343 0.3333333 0.3333 0.3656650 0.3657 1.0000000 409.4160 0.5288321 4.7464 1.0000000 1.0000 0.0 1.0 0.48885069295235745 0.6666666666666667 []
 | 11.0015 19.1206 45.1679 0.5022541 CC1=CC(=O)C(=O)C(C)(C2=C(O)C(=O)OC2C2COC(C)(C)O2)C1=O 1 O1C(C)(C)OC(C2OC(=O)C(O)=C2[*])C1 C1(=O)C(*)(C)C(=O)C(C)=CC1=O O=C1C=C(C2C(=O)C=CC(=O)C2=O)C(C2COCO2)O1 0.2650000 0.2650 0.7238999 0.7239 0.3333333 0.3333 0.2761001 0.2761 1.0000000 350.3230 0.5363276 4.4195 1.0000000 1.0000 0.0 1.0 0.4413332074521472 0.6666666666666667 []
 | 23.5420 25.0648 58.8974 0.6559540 CC(=O)c1ccc(C2=NC(C3=C(O)C(C(O)CO)OC3=O)CO2)cc1 1 [*]C1=C(O)C(C(O)CO)OC1=O c1(C2=NC(*)CO2)ccc(C(C)=O)cc1 O=C1OCC=C1C1COC(c2ccccc2)=N1 0.5650000 0.5650 0.5939697 0.5940 0.6666667 0.6667 0.4060303 0.4060 1.0000000 347.3230 0.5477186 3.9213 1.0000000 1.0000 0.0 1.0 0.49575699692490466 0.33333333333333337 []
 | 41.1078 45.1412 31.4511 0.5983768 Cc1nc(-n2cc(CO)nc2C2CC(C3OC(C(O)CO)C(O)=C3O)C(=O)O2)ccc1O 1 O1C(C(O)CO)C(O)=C(O)C1[*] O1C(=O)C(*)CC1c1n(-c2ccc(O)c(C)n2)cc(CO)n1 O=C1OC(c2nccn2-c2ccccn2)CC1C1C=CCO1 0.4450000 0.4450 0.4865401 0.4865 0.6666667 0.6667 0.5134599 0.5135 1.0000000 449.4160 0.5240332 4.9554 1.0000000 1.0000 0.0 1.0 0.49696579359147036 0.33333333333333337 []
 | 10.6911 15.2718 67.6669 0.6479583 O=C1NCC1C1OC(C(O)CBr)C(O)=C1O 1 C1(O)=C(O)C(C(CBr)O)OC1[*] C1(=O)C(*)CN1 O=C1NCC1C1C=CCO1 0.5250000 0.5250 0.6298438 0.6298 0.6666667 0.6667 0.3701562 0.3702 1.0000000 294.1010 0.5242414 4.9464 1.0000000 1.0000 0.0 1.0 0.4993746088859544 0.33333333333333337 []
 | 9.6317 16.8455 55.0813 0.5619282 O=C1CC(=O)C(C2OC(C(O)CO)C(O)=C2O)C1 1 C1(C(CO)O)C(O)=C(O)C([*])O1 C1(*)C(=O)CC(=O)C1 O=C1CC(=O)C(C2C=CCO2)C1 0.4900000 0.4900 0.6085110 0.6085 0.3333333 0.3333 0.3914890 0.3915 1.0000000 258.2260 0.5302788 4.6834 1.0000000 1.0000 0.0 1.0 0.4998999899979995 0.6666666666666667 []
 | 30.9884 35.1669 -35.1669 0.0000000 O=C1C=C(CNCc2ccccc2)CC(=O)C1=NNCC1OC(C(O)CO)C(OCc2ccccc2)=C1O 1 C1([*])OC(C(O)CO)C(OCc2ccccc2)=C1O C1(=O)C(=NNC*)C(=O)CC(CNCc2ccccc2)=C1 O=C1C=C(CNCc2ccccc2)CC(=O)C1=NNCC1C=C(OCc2ccccc2)CO1 0.0000000 0.0000 0.0000000 0.0000 0.0000000 0.0000 0.0000000 0.0000 0.0000000 0.0000 0.0000000 0.0000 0.0000000 0.0000 None None None None ['[#7;!n][#7;!n]']
 | 17.0054 22.3749 49.1265 0.5586044 CC1=CC(=O)C(C(=O)CC2(C)OCC(C3OC(=O)C(O)=C3O)O2)C=C1 1 C1OC(C)([*])OC1C1OC(=O)C(O)=C1O C1(C(=O)C*)C=CC(C)=CC1=O O=C1C=CC(C2COC(CC(=O)C3C=CC=CC3=O)O2)O1 0.4500000 0.4500 0.6713171 0.6713 0.3333333 0.3333 0.3286829 0.3287 1.0000000 350.3230 0.5252210 4.9037 1.0000000 1.0000 0.0 1.0 0.49749371855331004 0.6666666666666667 []
 | 27.5030 39.6213 16.4243 0.4378564 CCOC(C(C)=O)=C1C(C2=C(O)C(=O)OC2C2COC(C)(C)O2)COC1(C)C 1 O1C(C)(C)OC(C2OC(=O)C(O)=C2[*])C1 C1(*)COC(C)(C)C1=C(OCC)C(=O)C C=C1COCC1C1=CC(=O)OC1C1COCO1 0.1500000 0.1500 0.6713171 0.6713 0.3333333 0.3333 0.3286829 0.3287 1.0000000 396.4360 0.5279961 4.7829 1.0000000 1.0000 0.0 1.0 0.3570714214271425 0.6666666666666667 []
 | 27.0986 40.7232 -40.7232 0.0000000 c1cccc(-c2c(=O)c(=O)c(C)[nH]c2*)c1 0 [*]C1=C(O)C(C(O)CO)OC1=O c1cccc(-c2c(=O)c(=O)c(C)[nH]c2*)c1 -- 0.0000000 0.0000 0.0000000 0.0000 0.0000000 0.0000 0.0000000 0.0000 0.0000000 0.0000 0.0000000 0.0000 0.0000000 0.0000 None None None None None
21:25:58 <WARN> reinvent_plugins.normalizers.rdkit_smiles: *C#C1C(O)(C)CCC1=O could not be converted
21:25:58 <WARN> reinvent_plugins.normalizers.rdkit_smiles: C1(C)(C)NC(=O)N(C)C1=OC(=O)* could not be converted
21:25:58 <WARN> reinvent_plugins.normalizers.rdkit_smiles: O=C1C(S)=C(*)C23CC4CC2C=C43CC(=O)N(C)C1=O could not be converted
21:25:58 <WARN> reinvent_plugins.normalizers.rdkit_smiles: c1(C)[nH]c(=O)n(C*)cc1 could not be converted
21:25:58 <WARN> reinvent_plugins.normalizers.rdkit_smiles: C1(C)=C(*)CCN(C(C1=C(C)OCCO1)C)=O could not be converted
21:25:58 <WARN> reinvent_plugins.normalizers.rdkit_smiles: Oc1cc2c(cc1)C1(C)C(C)(C)C1C1(C)C(=C*)C(Cc2nc[nH]1)C=C could not be converted
21:25:58 <WARN> reinvent_plugins.normalizers.rdkit_smiles: c1cc(O)c(C)c(C=C*)[nH]1 could not be converted
21:25:58 <WARN> reinvent_plugins.normalizers.rdkit_smiles: C(O)(C1(C)C(*)Cc2nccc3c(=O)cn(C)cc321)=O could not be converted
21:25:58 <WARN> reinvent_plugins.normalizers.rdkit_smiles: C1C(=O)C(*)C2=CCN(CCC#C)C=C2=[N+]1C could not be converted
21:25:58 <WARN> reinvent_plugins.normalizers.rdkit_smiles: C1(CN*)=CCC2CCC3(C)C1=CCCO2 could not be converted
21:25:58 <WARN> reinvent_plugins.normalizers.rdkit_smiles: C1(CN2CC3C(*)C(=O)CC=C3=CC2=O)CCOC1 could not be converted
21:25:58 <WARN> reinvent_plugins.normalizers.rdkit_smiles: C1(O)C(O)C(nc2c(*)cn(C)c2)C(=O)N1 could not be converted
21:25:58 <WARN> reinvent_plugins.normalizers.rdkit_smiles: C1(=O)C(*)C(C#N)=C(N)Cn2nc(=O)[nH]c(=O)c21 could not be converted
21:25:58 <WARN> reinvent_plugins.normalizers.rdkit_smiles: c12nc(*)n1C(=O)C(=O)C1=C(C2=O)C(=O)CC(C)=C1 could not be converted
21:26:12 <INFO> Score: 0.51 Agent NLL: 21.20 Valid:  96% Step: 29
 | Agent Prior Target Score SMILES SMILES_state Input_Scaffold R-groups Scaffold predicted_activity predicted_activity (raw) training_similarity training_similarity (raw) taf_consistency taf_consistency (raw) novelty novelty (raw) MW_window MW_window (raw) synthetic_feasibility synthetic_feasibility (raw) curated alerts filter curated alerts filter (raw) stereo_validity (predicted_activity) scaffold_novelty (predicted_activity) uncertainty (predicted_activity) taf_disrupted (predicted_activity) matchting_patterns (curated alerts filter)
 | 19.0600 26.1662 53.3448 0.6211798 CC1(C(Br)SC2CCC2)OCC(C2OC(=O)C(O)=C2O)O1 1 C1(C2OC(=O)C(O)=C2O)OC(C)([*])OC1 BrC(*)SC1CCC1 O=C1C=CC(C2COC(CSC3CCC3)O2)O1 0.4000000 0.4000 0.7238999 0.7239 0.6666667 0.6667 0.2761001 0.2761 1.0000000 381.2440 0.5257727 4.8797 1.0000000 1.0000 0.0 1.0 0.48989794855663565 0.33333333333333337 []
 | 11.7088 22.8298 40.9873 0.4985707 CC1(C)OCC(C2OC(=O)C(O)=C2C2=CC(=O)C2(C)C)O1 1 O1C(=O)C(O)=C([*])C1C1COC(C)(C)O1 C1(C)(C)C(*)=CC1=O O=C1C=C(C2=CC(=O)OC2C2COCO2)C1 0.2500000 0.2500 0.7601169 0.7601 0.3333333 0.3333 0.2398831 0.2399 1.0000000 294.3030 0.5411211 4.2101 1.0000000 1.0000 0.0 1.0 0.4330127018922193 0.6666666666666667 []
 | 25.7832 36.6836 44.1789 0.6317387 CC1CC(=O)C(C)(C2=C(O)C(C(O)CO)OC2=O)SC(C)(C)C1 1 O=C1C([*])=C(O)C(C(CO)O)O1 C1C(C)(C)SC(*)(C)C(=O)CC1C O=C1OCC=C1C1SCCCCC1=O 0.4650000 0.4650 0.6331738 0.6332 0.6666667 0.6667 0.3668262 0.3668 1.0000000 344.4290 0.5282599 4.7714 1.0000000 1.0000 0.0 1.0 0.4987734956871706 0.33333333333333337 []
 | 24.9662 26.4595 39.0460 0.5117619 CC1CC(=O)C2CSCC2N1C1OC(C(O)CO)C(O)=C1O 1 C1(O)=C(O)C([*])OC1C(CO)O C1(=O)C2C(CSC2)N(*)C(C)C1 O=C1CCN(C2C=CCO2)C2CSCC12 0.3700000 0.3700 0.5125693 0.5126 0.3333333 0.3333 0.4874307 0.4874 1.0000000 331.3900 0.5175259 5.2385 1.0000000 1.0000 0.0 1.0 0.4828043081829324 0.6666666666666667 []
 | 19.4478 24.5083 51.0843 0.5905677 CC1=CC(=O)CC(=O)C1=CC=CC1OC(C(O)CBr)C(O)=C1O 1 C(CBr)(C1OC([*])C(O)=C1O)O C1(=CC=C*)C(C)=CC(=O)CC1=O O=C1C=CC(=CC=CC2C=CCO2)C(=O)C1 0.4050000 0.4050 0.5095247 0.5095 0.6666667 0.6667 0.4904753 0.4905 1.0000000 385.2100 0.5220183 5.0431 1.0000000 1.0000 0.0 1.0 0.4908920451586072 0.33333333333333337 []
 | 21.7113 31.0367 39.0174 0.5472976 OCC(O)C1OC(C2CCN(c3cnc4[nH]ccc4n3)C2)C(O)=C1O 1 OCC(C1OC([*])C(O)=C1O)O N1(c2cnc3[nH]ccc3n2)CCC(*)C1 C1=CC(C2CCN(c3cnc4[nH]ccc4n3)C2)OC1 0.5350000 0.5350 0.4626814 0.4627 0.3333333 0.3333 0.5373186 0.5373 1.0000000 348.3590 0.5346152 4.4943 1.0000000 1.0000 0.0 1.0 0.49877349568717055 0.6666666666666667 []
 | 16.2864 31.2035 40.5482 0.5605602 CC1(C2OC(C(O)CO)C(OCc3ccccc3)=C2O)CCn2nccc2C1 1 C1([*])C(O)=C(OCc2ccccc2)C(C(CO)O)O1 C1(C)(*)CCn2nccc2C1 C1=C(OCc2ccccc2)COC1C1CCn2nccc2C1 0.4850000 0.4850 0.6044260 0.6044 0.3333333 0.3333 0.3955740 0.3956 1.0000000 386.4480 0.5344821 4.5001 1.0000000 1.0000 0.0 1.0 0.4997749493522059 0.6666666666666667 []
 | 17.4539 24.6836 49.4736 0.5793529 CC1(C(C(=O)O)C2=CC(=O)CC2)OCC(C2OC(=O)C(O)=C2O)O1 1 C1(C2OC(=O)C(O)=C2O)OC(C)([*])OC1 C1(C(C(O)=O)*)=CC(=O)CC1 O=C1C=C(CC2OCC(C3C=CC(=O)O3)O2)CC1 0.5200000 0.5200 0.6924107 0.6924 0.3333333 0.3333 0.3075893 0.3076 1.0000000 340.2840 0.5271809 4.8184 1.0000000 1.0000 0.0 1.0 0.4995998398718719 0.6666666666666667 []
 | 20.3073 24.9920 32.8510 0.4518984 CC(=O)OCC1=CC(C2=C(O)C(=O)OC2C2COC(C)(C)O2)CCC1C 1 O1C(=O)C(O)=C([*])C1C1COC(C)(C)O1 C1(*)CCC(C)C(COC(C)=O)=C1 O=C1C=C(C2C=CCCC2)C(C2COCO2)O1 0.1700000 0.1700 0.6790997 0.6791 0.3333333 0.3333 0.3286829 0.3287 1.0000000 366.4100 0.5336854 4.5348 1.0000000 1.0000 0.0 1.0 0.375632799419859 0.6666666666666667 []
 | 10.9483 14.0336 -14.0336 0.0000000 O=C1OC(C(O)CO)C(O)=C1C1C(=O)CCC1=O 1 O=C1C([*])=C(O)C(C(CO)O)O1 C1(*)C(=O)CCC1=O O=C1OCC=C1C1C(=O)CCC1=O 0.6200000 0.6200 0.7424621 0.7425 0.6666667 0.6667 0.2575379 0.2575 1.0000000 256.2100 0.5450358 4.0388 1.0000000 1.0000 0.0 1.0 0.48538644398046393 0.33333333333333337 []
21:26:14 <WARN> reinvent_plugins.normalizers.rdkit_smiles: FC(F)(=CCn1scnc1=C*)F could not be converted
21:26:14 <WARN> reinvent_plugins.normalizers.rdkit_smiles: C1(CN(C(*)=O)O)C(=O)CCC1=O1C(C)=CCC1 could not be converted
21:26:14 <WARN> reinvent_plugins.normalizers.rdkit_smiles: O=c1c(C2C(C)(C)C2)scc1C(C*)=O could not be converted
21:26:14 <WARN> reinvent_plugins.normalizers.rdkit_smiles: C1C(C)(C)N=C(N)O1)* could not be converted
21:26:14 <WARN> reinvent_plugins.normalizers.rdkit_smiles: C12C(CC(*)C1=C(c1cnccc1)CC=C)C1COCO112CCC1 could not be converted
21:26:14 <WARN> reinvent_plugins.normalizers.rdkit_smiles: C1(C(*)=C)(C)C2(C)C(=O)C(C)=CCO2c2nccnc21 could not be converted
21:26:14 <WARN> reinvent_plugins.normalizers.rdkit_smiles: BrC1=CC(*)n2ncnc2=CC1 could not be converted
21:26:14 <WARN> reinvent_plugins.normalizers.rdkit_smiles: c1(=C)[nH]cnc1C(=O)C1(*)CC=C(C)C(O)C(C)=C1 could not be converted
21:26:14 <WARN> reinvent_plugins.normalizers.rdkit_smiles: C1(=O)N(C(*)=O)C(=O)CC1NC(=O)C1CC12C(F)(F)C(=O)Nc2cccn1 could not be converted
21:26:14 <WARN> reinvent_plugins.normalizers.rdkit_smiles: C1(O)C(C1C=C(C)C)C(*)C=C1 could not be converted
21:26:14 <WARN> reinvent_plugins.normalizers.rdkit_smiles: C1(*)CCN(C(CSCc2ccncc2)C=C)=C=C1 could not be converted
21:26:14 <WARN> reinvent_plugins.normalizers.rdkit_smiles: O(S(C1=C(*)CC1)C)(C)=O could not be converted
21:26:14 <WARN> reinvent_plugins.normalizers.rdkit_smiles: FC(F)(c1ccnc2n1CC(*)CC2)F could not be converted
21:26:14 <WARN> reinvent_plugins.normalizers.rdkit_smiles: C1C(*)C(Cl)=C(OC(C)=O)C[N+](C=Cc1ncccc1O)C could not be converted
21:26:14 <WARN> reinvent_plugins.normalizers.rdkit_smiles: C1C(C*)N(C(CO)=O)CC1CC1(O)CCCCC=1 could not be converted
21:26:14 <WARN> reinvent_plugins.normalizers.rdkit_smiles: n1c(=O)c(C*)n(C)n(CCNC(=O)COC)c1=O could not be converted
21:26:14 <WARN> reinvent_plugins.normalizers.rdkit_smiles: c1[nH]ncn1C1C=CC=CC1* could not be converted
21:26:14 <WARN> reinvent_plugins.normalizers.rdkit_smiles: C1(*)(O)C2C(=O)CC3C(c4c(C=C)Cccc4)(C=C(C)C3)CC12 could not be converted
21:26:14 <WARN> reinvent_plugins.normalizers.rdkit_smiles: N1(*)C(C)(C(=O)O)CN(C(c2cc2cnccc2)=O)CC1 could not be converted
21:26:14 <WARN> reinvent_plugins.normalizers.rdkit_smiles: C1(C*)C(=O)N(CC(=O)N)(C2=CC(=O)CC(C)(C)C2C=C)C(=O)C1 could not be converted
21:26:14 <WARN> reinvent_plugins.normalizers.rdkit_smiles: c1(=O)c(=O)ccn(C)c1NCC(*)c1ncccc1 could not be converted
21:26:14 <WARN> reinvent_plugins.normalizers.rdkit_smiles: C(=Cc1cccnc1OC)(=O)C(C#C)* could not be converted
21:26:14 <WARN> reinvent_plugins.normalizers.rdkit_smiles: S1CC(*)=C(C(NOC(COCC)=O)C)=CC1 could not be converted
21:26:14 <WARN> reinvent_plugins.normalizers.rdkit_smiles: C1(=O)C(=O)C(*)C(=O)C==C1 could not be converted
21:26:28 <INFO> Score: 0.50 Agent NLL: 21.46 Valid:  94% Step: 30
 | Agent Prior Target Score SMILES SMILES_state Input_Scaffold R-groups Scaffold predicted_activity predicted_activity (raw) training_similarity training_similarity (raw) taf_consistency taf_consistency (raw) novelty novelty (raw) MW_window MW_window (raw) synthetic_feasibility synthetic_feasibility (raw) curated alerts filter curated alerts filter (raw) stereo_validity (predicted_activity) scaffold_novelty (predicted_activity) uncertainty (predicted_activity) taf_disrupted (predicted_activity) matchting_patterns (curated alerts filter)
 | 10.1430 19.2863 50.6319 0.5462358 CC1=CC(C2(C)OCC(C3OC(=O)C(O)=C3O)O2)CC(C)C1 1 O1C(=O)C(O)=C(O)C1C1OC([*])(C)OC1 C1(C)=CC(*)CC(C)C1 O=C1C=CC(C2COC(C3C=CCCC3)O2)O1 0.3950000 0.3950 0.7076303 0.7076 0.3333333 0.3333 0.2923697 0.2924 1.0000000 310.3460 0.5255758 4.8883 1.0000000 1.0000 0.0 1.0 0.48885069295235745 0.6666666666666667 []
 | 33.0855 46.9151 -46.9151 0.0000000 FC(F)(=CCn1scnc1=C*)F 0 O=C1C(O)=C([*])C(C2OC(C)(C)OC2)O1 FC(F)(=CCn1scnc1=C*)F -- 0.0000000 0.0000 0.0000000 0.0000 0.0000000 0.0000 0.0000000 0.0000 0.0000000 0.0000 0.0000000 0.0000 0.0000000 0.0000 None None None None None
 | 18.7424 24.3526 61.3332 0.6694203 CC1(Cl)C(=O)C(C2=C(O)C(C(O)CO)OC2=O)C(=O)N1O 1 OC1=C([*])C(=O)OC1C(O)CO C1(=O)C(*)C(=O)C(Cl)(C)N1O O=C1OCC=C1C1C(=O)CNC1=O 0.5950000 0.5950 0.6480741 0.6481 0.6666667 0.6667 0.3519259 0.3519 1.0000000 321.6690 0.5274388 4.8072 1.0000000 1.0000 0.0 1.0 0.4908920451586072 0.33333333333333337 []
 | 18.5583 31.2997 36.1794 0.5271808 CC(=O)N1CC(O)(C2OC(C(O)CO)C(O)=C2O)C(=O)C1=O 1 O1C([*])C(O)=C(O)C1C(CO)O C1(*)(O)C(=O)C(=O)N(C(=O)C)C1 O=C1NCC(C2C=CCO2)C1=O 0.4150000 0.4150 0.5184951 0.5185 0.3333333 0.3333 0.4815049 0.4815 1.0000000 317.2500 0.5277209 4.7949 1.0000000 1.0000 0.0 1.0 0.4927220311697053 0.6666666666666667 []
 | 16.4795 23.7701 53.2191 0.6014784 C#CC1CCCC=C1C1OC(C(O)CBr)C(O)=C1O 1 C(Br)C(C1C(O)=C(O)C([*])O1)O C1=C(*)C(C#C)CCC1 C1=CC(C2=CCCCC2)OC1 0.4600000 0.4600 0.4841821 0.4842 0.6666667 0.6667 0.5158179 0.5158 1.0000000 329.1900 0.5178390 5.2249 1.0000000 1.0000 0.0 1.0 0.49839743177508444 0.33333333333333337 []
 | 14.4382 20.5615 47.7801 0.5339184 CC1=CC(C)(O)C=C1C1OC(C(O)CO)C(O)=C1O 1 OC1=C(O)C(C(O)CO)OC1[*] C1(C)(O)C=C(C)C(*)=C1 C1=CC(C2C=CCO2)=CC1 0.4600000 0.4600 0.4931969 0.4932 0.3333333 0.3333 0.5068031 0.5068 1.0000000 270.2810 0.5214061 5.0698 1.0000000 1.0000 0.0 1.0 0.49839743177508444 0.6666666666666667 []
 | 8.9042 18.4696 65.8241 0.6585442 O=C1OCCC1CC1OC(C(O)CO)C(OCc2ccccc2)=C1O 1 C(CO)(C1OC([*])C(O)=C1OCc1ccccc1)O C1(C*)CCOC1=O O=C1OCCC1CC1C=C(OCc2ccccc2)CO1 0.5250000 0.5250 0.6906139 0.6906 0.6666667 0.6667 0.3093861 0.3094 1.0000000 350.3670 0.5420271 4.1705 1.0000000 1.0000 0.0 1.0 0.4993746088859544 0.33333333333333337 []
 | 29.1785 39.5754 31.4917 0.5552118 C=CC1=C(CC2(C)OCC(C3OC(=O)C(O)=C3O)O2)C(=O)C(C(O)=C(Cl)Cl)O1 1 O1C(=O)C(O)=C(O)C1C1OC([*])(C)OC1 O1C(C=C)=C(C*)C(=O)C1C(O)=C(Cl)Cl O=C1C=CC(C2COC(CC3=COCC3=O)O2)O1 0.4500000 0.4500 0.6520408 0.6520 0.3333333 0.3333 0.3479592 0.3480 1.0000000 435.2120 0.5151528 5.3417 1.0000000 1.0000 0.0 1.0 0.49749371855331004 0.6666666666666667 []
 | 10.1723 13.1745 49.7873 0.4918885 CC1=CC(=O)C(C2=C(O)C(=O)OC2C2COC(C)(C)O2)C(=O)C1 1 O=C1C(O)=C([*])C(C2OC(C)(C)OC2)O1 C1(*)C(=O)CC(C)=CC1=O O=C1C=C(C2C(=O)C=CCC2=O)C(C2COCO2)O1 0.2400000 0.2400 0.7324670 0.7325 0.3333333 0.3333 0.2675330 0.2675 1.0000000 322.3130 0.5360986 4.4295 1.0000000 1.0000 0.0 1.0 0.4270831300812524 0.6666666666666667 []
 | 23.6227 44.0126 39.3199 0.6510352 CCC1(NC(C)=O)C(=O)C(=C(C)C2=C(O)C(C(O)CO)OC2=O)N(C)C1=O 1 OC1=C([*])C(=O)OC1C(O)CO C1(CC)(NC(C)=O)C(=O)N(C)C(=C(*)C)C1=O O=C1CC(=O)C(=CC2=CCOC2=O)N1 0.5550000 0.5550 0.5939697 0.5940 0.6666667 0.6667 0.4060303 0.4060 1.0000000 382.3690 0.5304546 4.6757 1.0000000 1.0000 0.0 1.0 0.4969657935914704 0.33333333333333337 []
21:26:29 <WARN> reinvent_plugins.normalizers.rdkit_smiles: C1(C*)CC(n2cncc(C)c2)=CC1 could not be converted
21:26:29 <WARN> reinvent_plugins.normalizers.rdkit_smiles: c1c2c(ccc1C(=O)C)CC1(C)CCC(*)C(=C)CO1 could not be converted
21:26:29 <WARN> reinvent_plugins.normalizers.rdkit_smiles: n1ncn(C1nnn1*)C=C could not be converted
21:26:29 <WARN> reinvent_plugins.normalizers.rdkit_smiles: n1c(Br)c(C)c(C)c2cccc(*)n12 could not be converted
21:26:29 <WARN> reinvent_plugins.normalizers.rdkit_smiles: C=C1(C)CC(=O)C=C1* could not be converted
21:26:29 <WARN> reinvent_plugins.normalizers.rdkit_smiles: O=C(*)N1=C(C)CCC1=O could not be converted
21:26:29 <WARN> reinvent_plugins.normalizers.rdkit_smiles: C(Cc1cn2c(cc1)C(N)COC2=O)(COC(*)=O)C could not be converted
21:26:29 <WARN> reinvent_plugins.normalizers.rdkit_smiles: N1(CC2=C(C)C(=C(*)n3c(=O)[nH]c4ccccc33)C2)CCOCC1 could not be converted
21:26:29 <WARN> reinvent_plugins.normalizers.rdkit_smiles: C1(C(OCC(=C(C)C)=O)*)CCCC1 could not be converted
21:26:29 <WARN> reinvent_plugins.normalizers.rdkit_smiles: c1cncc2ccnc(C(=CC*)C)c1=CC2 could not be converted
21:26:29 <WARN> reinvent_plugins.normalizers.rdkit_smiles: C1(C)=C2C(=Ccnc2-c2nnnn2C*)C=C1 could not be converted
21:26:29 <WARN> reinvent_plugins.normalizers.rdkit_smiles: C1C(C*)CC2C(=C(C)CN)(C)C12 could not be converted
21:26:29 <WARN> reinvent_plugins.normalizers.rdkit_smiles: C1CN(C*)CCC12C(=C1C(=O)C(=O)Nc2cccc1)c1c(C(OC)=O)cccc1 could not be converted
21:26:29 <WARN> reinvent_plugins.normalizers.rdkit_smiles: C1(*)CC(=O)N(C(C)C(O)C2C2)C1 could not be converted
21:26:29 <WARN> reinvent_plugins.normalizers.rdkit_smiles: C1(*)CCC1=N1S(=O)(=O)C=CC1=O could not be converted
21:26:29 <WARN> reinvent_plugins.normalizers.rdkit_smiles: C1(=OC(C)*)C(n2cnnn2)C(C)=CN1C could not be converted
21:26:45 <INFO> Score: 0.49 Agent NLL: 20.31 Valid:  96% Step: 31
 | Agent Prior Target Score SMILES SMILES_state Input_Scaffold R-groups Scaffold predicted_activity predicted_activity (raw) training_similarity training_similarity (raw) taf_consistency taf_consistency (raw) novelty novelty (raw) MW_window MW_window (raw) synthetic_feasibility synthetic_feasibility (raw) curated alerts filter curated alerts filter (raw) stereo_validity (predicted_activity) scaffold_novelty (predicted_activity) uncertainty (predicted_activity) taf_disrupted (predicted_activity) matchting_patterns (curated alerts filter)
 | 24.0864 35.3443 34.0281 0.5419720 CC1(CC=CC23CCCC2(C)C(=O)CCC3=O)OCC(C2OC(=O)C(O)=C2O)O1 1 C1OC([*])(C)OC1C1C(O)=C(O)C(=O)O1 O=C1C2(C=CC*)CCCC2(C)C(=O)CC1 O=C1C=CC(C2COC(CC=CC34CCCC3C(=O)CCC4=O)O2)O1 0.4000000 0.4000 0.6582806 0.6583 0.3333333 0.3333 0.3417194 0.3417 1.0000000 406.4310 0.5185321 5.1948 1.0000000 1.0000 0.0 1.0 0.48989794855663565 0.6666666666666667 []
 | 11.7069 20.2410 40.8929 0.4776090 CC1CC(=O)CC(C2=C(O)C(=O)OC2C2COC(C)(C)O2)C1 1 C1(C2OC(C)(C)OC2)OC(=O)C(O)=C1[*] C1C(C)CC(*)CC1=O O=C1CCCC(C2=CC(=O)OC2C2COCO2)C1 0.2100000 0.2100 0.7324670 0.7325 0.3333333 0.3333 0.2675330 0.2675 1.0000000 310.3460 0.5371315 4.3844 1.0000000 1.0000 0.0 1.0 0.4073082370883261 0.6666666666666667 []
 | 6.8411 14.4681 -14.4681 0.0000000 O=C1OC(C(O)CO)C(O)=C1C1C(=O)CCC1=O 1 C(C1OC(=O)C([*])=C1O)(O)CO C1(=O)C(*)C(=O)CC1 O=C1OCC=C1C1C(=O)CCC1=O 0.6200000 0.6200 0.7424621 0.7425 0.6666667 0.6667 0.2575379 0.2575 1.0000000 256.2100 0.5450358 4.0388 1.0000000 1.0000 0.0 1.0 0.48538644398046393 0.33333333333333337 []
 | 19.2965 21.7064 46.8376 0.5355000 CCc1cc(NC2OC(C(O)CO)C(O)=C2O)no1 1 OC1=C(O)C(C(CO)O)OC1[*] c1(CC)onc(N*)c1 C1=CC(Nc2ccon2)OC1 0.4700000 0.4700 0.4812178 0.4812 0.3333333 0.3333 0.5187822 0.5188 1.0000000 272.2570 0.5337726 4.5310 1.0000000 1.0000 0.0 1.0 0.49909918853871116 0.6666666666666667 []
 | 11.3627 17.9543 55.6183 0.5747859 C=CC1C(CC2OC(C(O)CBr)C(O)=C2O)C1(C)C 1 C1(O)=C(O)C(C(O)CBr)OC1[*] C1(C)(C)C(C*)C1C=C C1=CC(CC2CC2)OC1 0.3650000 0.3650 0.5024594 0.5025 0.6666667 0.6667 0.4975406 0.4975 1.0000000 333.2220 0.5149698 5.3497 1.0000000 1.0000 0.0 1.0 0.4814301610825811 0.33333333333333337 []
 | 18.8923 17.6695 59.0705 0.5995309 CC#CC1(O)CC(C)(C2OC(C(O)CO)C(O)=C2O)C1=O 1 C1(C(CO)O)C(O)=C(O)C([*])O1 OC1(C#CC)CC(C)(*)C1=O O=C1CCC1C1C=CCO1 0.4300000 0.4300 0.5184951 0.5185 0.6666667 0.6667 0.4815049 0.4815 1.0000000 298.2910 0.5159211 5.3083 1.0000000 1.0000 0.0 1.0 0.4950757517794625 0.33333333333333337 []
 | 26.7647 34.3364 40.3778 0.5837048 Cc1cnc(-c2n[nH]c(=O)n2C)nc1CC1OC(C(O)CO)C(OCc2ccccc2)=C1O 1 C(C(C1C(OCc2ccccc2)=C(O)C([*])O1)O)O Cc1c(C*)nc(-c2n[nH]c(=O)n2C)nc1 O=c1[nH]nc(-c2nccc(CC3C=C(OCc4ccccc4)CO3)n2)[nH]1 0.5750000 0.5750 0.6117355 0.6117 0.3333333 0.3333 0.3882645 0.3883 1.0000000 455.4710 0.5382935 4.3337 1.0000000 1.0000 0.0 1.0 0.49434299833212975 0.6666666666666667 []
 | 20.1586 25.8657 47.9476 0.5766664 CC1(CN2CCC3=C(C2)C(=O)OCC3=O)OCC(C2OC(=O)C(O)=C2O)O1 1 C1OC([*])(C)OC1C1C(O)=C(O)C(=O)O1 C1(=O)COC(=O)C2=C1CCN(C*)C2 O=C1C=CC(C2COC(CN3CCC4=C(C3)C(=O)OCC4=O)O2)O1 0.5200000 0.5200 0.6647030 0.6647 0.3333333 0.3333 0.3352970 0.3353 1.0000000 381.3370 0.5300075 4.6952 1.0000000 1.0000 0.0 1.0 0.49959983987187184 0.6666666666666667 []
 | 21.8678 20.3243 43.7736 0.5007647 Cn1ncc([N+](=O)[O-])c1C1=C(O)C(=O)OC1C1COC(C)(C)O1 1 C1(C2OC(C)(C)OC2)OC(=O)C(O)=C1[*] Cn1ncc([N+]([O-])=O)c1* O=C1C=C(c2ccn[nH]2)C(C2COCO2)O1 0.2700000 0.2700 0.6713171 0.6713 0.3333333 0.3333 0.3286829 0.3287 1.0000000 325.2770 0.5455116 4.0180 1.0000000 1.0000 0.0 1.0 0.4439594576084623 0.6666666666666667 []
 | 39.1539 57.0731 21.7279 0.6156328 CN1C(=O)C(C)(C)N(C(=O)COC(=O)N2CCCC2=O)C(CC2=C(O)C(C(O)CO)OC2=O)C1C1(C)CC1 1 C(C1OC(=O)C([*])=C1O)(O)CO C1(C*)N(C(=O)COC(N2C(=O)CCC2)=O)C(C)(C)C(=O)N(C)C1C1(C)CC1 O=C1CN(C(=O)COC(=O)N2CCCC2=O)C(CC2=CCOC2=O)C(C2CC2)N1 0.4900000 0.4900 0.5056206 0.5056 0.6666667 0.6667 0.4943794 0.4944 1.0000000 537.5660 0.5247782 4.9230 1.0000000 1.0000 0.0 1.0 0.4998999899979995 0.33333333333333337 []
21:26:46 <WARN> reinvent_plugins.normalizers.rdkit_smiles: c1(Cn2c(C)c(C)c3ncnn(*)c32)ccccc1 could not be converted
21:26:46 <WARN> reinvent_plugins.normalizers.rdkit_smiles: C1(=C*)C(=O)N2(NC(=O)C(C)=C)C(=O)C12 could not be converted
21:26:46 <WARN> reinvent_plugins.normalizers.rdkit_smiles: C1C(=C)C(=O)CCC1C(C1C(C)(Cn2nnnc2C*)CC2(C)C2C1)C could not be converted
21:26:46 <WARN> reinvent_plugins.normalizers.rdkit_smiles: C1(CN*)N(C(C(C(C)=CC)=O)(c2ccccc2)C)CN2=CCC=CC2=C1 could not be converted
21:26:46 <WARN> reinvent_plugins.normalizers.rdkit_smiles: C1(C)(C)SC(C)C(=NNC(C(Cc2nc(C=CC(c3ncccc3)*)=NNC=C)C2=O)=C)C1 could not be converted
21:26:46 <WARN> reinvent_plugins.normalizers.rdkit_smiles: C1(C)(Cn2nnc3cc(C(*)=O)ncc23)C1 could not be converted
21:26:46 <WARN> reinvent_plugins.normalizers.rdkit_smiles: O=C1CC(CCC=C)C(=O)O1C* could not be converted
21:26:46 <WARN> reinvent_plugins.normalizers.rdkit_smiles: c12ccc(O)cc1C(=O)CC1(C*)(OO2)CCCC1 could not be converted
21:26:46 <WARN> reinvent_plugins.normalizers.rdkit_smiles: C1(=O)C1=C(S(*)(=O)=O)CN1C(C)(C)C1 could not be converted
21:26:46 <WARN> reinvent_plugins.normalizers.rdkit_smiles: C1C(C)C(=O)OC2(C)C1* could not be converted
21:26:46 <WARN> reinvent_plugins.normalizers.rdkit_smiles: C12CC(C(=O)C)C(C)(*)CC1C1C(=CC(=O)C)(C)CCC12 could not be converted
21:26:46 <WARN> reinvent_plugins.normalizers.rdkit_smiles: C1(C)(C)C1C(C)*C=CC1CC1 could not be converted
21:26:46 <WARN> reinvent_plugins.normalizers.rdkit_smiles: C1N(*)C(C)CO1C(=O)OC1CCCC1 could not be converted
21:26:46 <WARN> reinvent_plugins.normalizers.rdkit_smiles: c1(C2N(*)C(O)C(=O)CO)Ccccc2cccn1 could not be converted
21:26:46 <WARN> reinvent_plugins.normalizers.rdkit_smiles: c1(=O)c(=O)n(C(*)C)ccc1C could not be converted
21:26:46 <WARN> reinvent_plugins.normalizers.rdkit_smiles: FC(F)(F)c1nc2cc(C(*)CN3CCn3ccc(O)c3)ccc2cc1 could not be converted
21:26:46 <WARN> reinvent_plugins.normalizers.rdkit_smiles: C(C*)(O)C1CC(c2cc3[nH]ncnc3cc2)CCC1 could not be converted
21:26:46 <WARN> reinvent_plugins.normalizers.rdkit_smiles: C(C1CC(CBr)C1)n1cccc(C*)n1 could not be converted
21:27:01 <INFO> Score: 0.50 Agent NLL: 22.09 Valid:  96% Step: 32
 | Agent Prior Target Score SMILES SMILES_state Input_Scaffold R-groups Scaffold predicted_activity predicted_activity (raw) training_similarity training_similarity (raw) taf_consistency taf_consistency (raw) novelty novelty (raw) MW_window MW_window (raw) synthetic_feasibility synthetic_feasibility (raw) curated alerts filter curated alerts filter (raw) stereo_validity (predicted_activity) scaffold_novelty (predicted_activity) uncertainty (predicted_activity) taf_disrupted (predicted_activity) matchting_patterns (curated alerts filter)
 | 19.4752 30.9050 48.7738 0.6224906 CC1C(=O)NC(=O)C(C)(CCC2(C)OCC(C3OC(=O)C(O)=C3O)O2)C1C 1 O=C1C(O)=C(O)C(C2COC(C)([*])O2)O1 C1(C)(CC*)C(=O)NC(=O)C(C)C1C O=C1CCC(CCC2OCC(C3C=CC(=O)O3)O2)C(=O)N1 0.4150000 0.4150 0.6924107 0.6924 0.6666667 0.6667 0.3075893 0.3076 1.0000000 383.3970 0.5211096 5.0827 1.0000000 1.0000 0.0 1.0 0.4927220311697053 0.33333333333333337 []
 | 24.1443 35.6737 23.6869 0.4637548 CC1=CC=C(C2=C(O)C(=O)OC2C2COC(C)(C)O2)CC1=NCc1ccccc1 1 CC1(C)OCC(C2C([*])=C(O)C(=O)O2)O1 C1(C)=CC=C(*)CC1=NCc1ccccc1 O=C1C=C(C2=CC=CC(=NCc3ccccc3)C2)C(C2COCO2)O1 0.1850000 0.1850 0.6848301 0.6848 0.3333333 0.3333 0.3540248 0.3540 1.0000000 395.4550 0.5430843 4.1242 1.0000000 1.0000 0.0 1.0 0.38829756630707846 0.6666666666666667 []
 | 26.7571 39.6060 44.1770 0.6545549 O=C1OC(C(O)CO)C(O)=C1c1cn(C(=O)C2C=CCCC2=O)nn1 1 [*]C1=C(O)C(C(O)CO)OC1=O C1(=O)C(C(=O)n2nnc(*)c2)C=CCC1 O=C1OCC=C1c1cn(C(=O)C2C=CCCC2=O)nn1 0.5850000 0.5850 0.5715476 0.5715 0.6666667 0.6667 0.4284524 0.4285 1.0000000 349.2990 0.5297650 4.7058 1.0000000 1.0000 0.0 1.0 0.4927220311697053 0.33333333333333337 []
 | 36.4803 32.0358 41.7415 0.5763855 CCOC(=O)CN1CC2C=CC=C(C3OC(C(O)CO)C(O)=C3O)C2SC1=O 1 OC1=C(O)C(C(CO)O)OC1[*] C(C)OC(CN1C(=O)SC2C(*)=CC=CC2C1)=O O=C1NCC2C=CC=C(C3C=CCO3)C2S1 0.3950000 0.3950 0.4582575 0.4583 0.6666667 0.6667 0.5435646 0.5436 1.0000000 413.4480 0.5231785 4.9926 1.0000000 1.0000 0.0 1.0 0.4888506929523574 0.33333333333333337 []
 | 14.8963 24.7135 49.3681 0.5787626 CC1(CCC2OC(C(O)CBr)C(O)=C2O)C=CC1 1 C1(O)=C(O)C([*])OC1C(CBr)O C1(C)(CC*)CC=C1 C1=CC(CCC2C=CC2)OC1 0.3750000 0.3750 0.5024594 0.5025 0.6666667 0.6667 0.4975406 0.4975 1.0000000 319.1950 0.5191036 5.1699 1.0000000 1.0000 0.0 1.0 0.4841229182759271 0.33333333333333337 []
 | 39.3179 49.4498 8.9712 0.4564144 CC1=CC2C(C1C)C1CCC2C1(O)C(C)C=CCCC1OC(C(O)CO)C(O)=C1O 1 OC1=C(O)C([*])OC1C(CO)O C1(C(C)C=CCC*)(O)C2CCC1C1C(C)C(C)=CC21 C(=CCC1C2CCC1C1CC=CC21)CCC1C=CCO1 0.2800000 0.2800 0.3973597 0.3974 0.3333333 0.3333 0.6026403 0.6026 1.0000000 420.5460 0.4930847 6.3003 1.0000000 1.0000 0.0 1.0 0.44899888641287294 0.6666666666666667 []
 | 24.3783 37.4059 -37.4059 0.0000000 c1(Cn2c(C)c(C)c3ncnn(*)c32)ccccc1 0 c1cccc(COC2=C(O)C([*])OC2C(CO)O)c1 c1(Cn2c(C)c(C)c3ncnn(*)c32)ccccc1 -- 0.0000000 0.0000 0.0000000 0.0000 0.0000000 0.0000 0.0000000 0.0000 0.0000000 0.0000 0.0000000 0.0000 0.0000000 0.0000 None None None None None
 | 19.1528 29.5767 47.8992 0.6052805 CCNCC1C(C)OCC1C1(C)OCC(C2OC(=O)C(O)=C2O)O1 1 O=C1C(O)=C(O)C(C2COC(C)([*])O2)O1 C1(CNCC)C(C)OCC1* O=C1C=CC(C2COC(C3CCOC3)O2)O1 0.3700000 0.3700 0.6781327 0.6781 0.6666667 0.6667 0.3218673 0.3219 1.0000000 343.3760 0.5214984 5.0658 1.0000000 1.0000 0.0 1.0 0.4828043081829324 0.33333333333333337 []
 | 8.6581 4.2728 -4.2728 0.0000000 CC1(C)OCC(C2OC(=O)C(O)=C2C#N)O1 1 CC1(C)OCC(C2C([*])=C(O)C(=O)O2)O1 *C#N O=C1C=CC(C2COCO2)O1 0.4250000 0.4250 0.8023773 0.8024 0.6666667 0.6667 0.1976227 0.1976 1.0000000 225.2000 0.5468469 3.9595 1.0000000 1.0000 0.0 1.0 0.49434299833212975 0.33333333333333337 []
 | 22.2156 34.9600 48.6404 0.6531281 CC(=O)c1ccc2c(c1)CCN(C)C2CC1=C(O)C(C(O)CO)OC1=O 1 [*]C1=C(O)C(C(O)CO)OC1=O N1(C)CCc2cc(C(=O)C)ccc2C1C* O=C1OCC=C1CC1NCCc2ccccc21 0.5700000 0.5700 0.5715476 0.5715 0.6666667 0.6667 0.4284524 0.4285 1.0000000 361.3940 0.5471622 3.9457 1.0000000 1.0000 0.0 1.0 0.4950757517794625 0.33333333333333337 []
21:27:02 <WARN> reinvent_plugins.normalizers.rdkit_smiles: C1(CSC2C3(C)C(=C)CC2=C(*)C3)C1 could not be converted
21:27:02 <WARN> reinvent_plugins.normalizers.rdkit_smiles: C1(=O)C(*)CCO2C1(C)CCC2C could not be converted
21:27:02 <WARN> reinvent_plugins.normalizers.rdkit_smiles: O(C(=C(C(OC1C(C*)C1)C1CC1)=O)C1(C)CCCC1)C(C1CCCC1)=O could not be converted
21:27:02 <WARN> reinvent_plugins.normalizers.rdkit_smiles: C1(C)=C(C*)C(=C1C)C(O)C2 could not be converted
21:27:02 <WARN> reinvent_plugins.normalizers.rdkit_smiles: C1C(C)(C)N(C)C(=C)C1(=OC*)CN1CCC(CN)CC1 could not be converted
21:27:02 <WARN> reinvent_plugins.normalizers.rdkit_smiles: C1CCC1C(*)n1ccn2c1CCCC2 could not be converted
21:27:02 <WARN> reinvent_plugins.normalizers.rdkit_smiles: C1(C#N)=C(*)CN(C(C)(C)C)CC1C#CC#C(C)C=C could not be converted
21:27:02 <WARN> reinvent_plugins.normalizers.rdkit_smiles: c12c(cccc1C1CN(*)CC1=O)[nH]c(-cnn1)cc2 could not be converted
21:27:02 <WARN> reinvent_plugins.normalizers.rdkit_smiles: C12C3C(CC(=O)*)CCC1(C1(C)C(C)(C(C)=C1C(=O)C(C)C)C2)c2cccc2 could not be converted
21:27:02 <WARN> reinvent_plugins.normalizers.rdkit_smiles: C1(C*)C(=O)C=C1(C)C#CC1C(C)C1 could not be converted
21:27:02 <WARN> reinvent_plugins.normalizers.rdkit_smiles: FC1(C*)C1NC=CC1C(=O)COC1=O could not be converted
21:27:02 <WARN> reinvent_plugins.normalizers.rdkit_smiles: C1(C*)=C(Cl)C(=O)C=C1N=C1=CC(=O)CC(C)(C)C1 could not be converted
21:27:02 <WARN> reinvent_plugins.normalizers.rdkit_smiles: C1(=O)C(*)C(CC1C(c2ccccc2)=C)C(C)=C1C could not be converted
21:27:02 <WARN> reinvent_plugins.normalizers.rdkit_smiles: C1(C)(C(=O)N)(*)C2(C)C(C)(C)C1C=C2 could not be converted
21:27:02 <WARN> reinvent_plugins.normalizers.rdkit_smiles: C1(C)(C)C(C1(O)*)(c2cccnc2)C1 could not be converted
21:27:02 <WARN> reinvent_plugins.normalizers.rdkit_smiles: c1(=O)c(C)c(*)c2sccc2c1C could not be converted
21:27:02 <WARN> reinvent_plugins.normalizers.rdkit_smiles: C1C(=O)C(n2nnc3c2CC(C)(C)CC(C)(C)C)(O)C(=O)C1* could not be converted
21:27:02 <WARN> reinvent_plugins.normalizers.rdkit_smiles: N1(*)CC(CCC(=O)O)(C)(C)C1 could not be converted
21:27:02 <WARN> reinvent_plugins.normalizers.rdkit_smiles: *C1C(=O)C(O)(C)C(=Cc2ccc(O)c3ccncc21)CC1CC(=C)C(=O)C1 could not be converted
21:27:02 <WARN> reinvent_plugins.normalizers.rdkit_smiles: C1(C)C(CC(*)C#CC(C2OC3C(C)=C(C)C(=O)C113CC2C)CC(O)CC1)=C could not be converted
21:27:02 <WARN> reinvent_plugins.normalizers.rdkit_smiles: C1(C)N(C)c2cccc3c2C1C1C(=C)C(*)CO1C2(C)C2 could not be converted
21:27:02 <WARN> reinvent_plugins.normalizers.rdkit_smiles: c1c(C)[nH]cn1C1CN(C*)C(=O)C1 could not be converted
21:27:02 <WARN> reinvent_plugins.normalizers.rdkit_smiles: C1C(C)(C(=O)*)(C)C(C)=C(C)C1 could not be converted
21:27:02 <WARN> reinvent_plugins.normalizers.rdkit_smiles: O=C1C(=C(*)C)CC(=O)N2C(C)=C(C#N)C(O)C211CN(C(=O)C)CC1C1=CCC(C)(C)C=C1 could not be converted
21:27:02 <WARN> reinvent_plugins.normalizers.rdkit_smiles: c1(CN(C(C2CCC(*)CC2)C)=O)ccccc1 could not be converted
21:27:02 <WARN> reinvent_plugins.normalizers.rdkit_smiles: C(C1C(=O)N(C*)C(=)C(=CC)C1=O)=C could not be converted
21:27:02 <WARN> reinvent_plugins.normalizers.rdkit_smiles: C1(=O)C(*)C(=O)C(C)=C1C1=C(C)C(=O)C=O1 could not be converted
21:27:16 <INFO> Score: 0.47 Agent NLL: 22.93 Valid:  94% Step: 33
 | Agent Prior Target Score SMILES SMILES_state Input_Scaffold R-groups Scaffold predicted_activity predicted_activity (raw) training_similarity training_similarity (raw) taf_consistency taf_consistency (raw) novelty novelty (raw) MW_window MW_window (raw) synthetic_feasibility synthetic_feasibility (raw) curated alerts filter curated alerts filter (raw) stereo_validity (predicted_activity) scaffold_novelty (predicted_activity) uncertainty (predicted_activity) taf_disrupted (predicted_activity) matchting_patterns (curated alerts filter)
 | 10.2305 16.1713 56.5605 0.5682174 CC1=C(C)C(=O)C(C2(C)OCC(C3OC(=O)C(O)=C3O)O2)C1 1 C1(C2C(O)=C(O)C(=O)O2)OC(C)([*])OC1 C1(=O)C(C)=C(C)CC1* O=C1C=CC(C2COC(C3CC=CC3=O)O2)O1 0.4600000 0.4600 0.7413457 0.7413 0.3333333 0.3333 0.2586543 0.2587 1.0000000 310.3020 0.5289073 4.7432 1.0000000 1.0000 0.0 1.0 0.49839743177508444 0.6666666666666667 []
 | 47.6967 80.5325 -79.5169 0.0079343 CC1C(CC2=C(O)C(=O)OC2C2COC(C)(C)O2)CCN(C(=O)C2C(C)(C)C2(C)C)C1C(=O)NC1SC(C)(C)C1C(=O)Nc1ccccn1 1 C1(C2OC(C)(C)OC2)C([*])=C(O)C(=O)O1 C1(C)(C)C(C)(C)C1C(=O)N1CCC(C*)C(C)C1C(=O)NC1SC(C)(C)C1C(Nc1ccccn1)=O O=C1C=C(CC2CCN(C(=O)C3CC3)C(C(=O)NC3SCC3C(=O)Nc3ccccn3)C2)C(C2COCO2)O1 0.1500000 0.1500 0.5274365 0.5274 0.6666667 0.6667 0.4725635 0.4726 0.0000000 698.8830 0.5140778 5.3884 1.0000000 1.0000 0.0 1.0 0.3570714214271425 0.33333333333333337 []
 | 11.6200 9.5501 74.0360 0.6530164 O=C1OC(C(O)CO)C(O)=C1C1CCNC1 1 OC(C1OC(=O)C([*])=C1O)CO *C1CCNC1 O=C1OCC=C1C1CCNC1 0.5050000 0.5050 0.6904757 0.6905 0.6666667 0.6667 0.3095243 0.3095 1.0000000 229.2320 0.5431321 4.1221 1.0000000 1.0000 0.0 1.0 0.49997499937496875 0.33333333333333337 []
 | 8.9997 15.7891 54.6978 0.5506789 CC1=CC(=O)C(C2OC(C(O)CO)C(O)=C2O)C(=O)C1 1 O1C([*])C(O)=C(O)C1C(CO)O C1(=O)C(*)C(=O)CC(C)=C1 O=C1C=CCC(=O)C1C1C=CCO1 0.4700000 0.4700 0.5692100 0.5692 0.3333333 0.3333 0.4307900 0.4308 1.0000000 284.2640 0.5284851 4.7616 1.0000000 1.0000 0.0 1.0 0.49909918853871116 0.6666666666666667 []
 | 9.7245 17.7108 -17.7108 0.0000000 O=C1CC(=O)N(C2OC(C(O)CBr)C(O)=C2O)C1=O 1 OC1=C(O)C(C(CBr)O)OC1[*] O=C1N(*)C(=O)C(=O)C1 O=C1CC(=O)N(C2C=CCO2)C1=O 0.5200000 0.5200 0.5883484 0.5883 0.6666667 0.6667 0.4116516 0.4117 1.0000000 336.0940 0.5287700 4.7492 1.0000000 1.0000 0.0 1.0 0.4995998398718719 0.33333333333333337 []
 | 20.0394 32.0568 38.1675 0.5486271 O=C1CCC2(N1)C(=O)C(=O)C(C1OC(C(O)CO)C(O)=C1O)C2=O 1 C1(C(O)CO)C(O)=C(O)C([*])O1 C1(=O)C(*)C(=O)C(=O)C12CCC(=O)N2 O=C1CCC2(N1)C(=O)C(=O)C(C1C=CCO1)C2=O 0.4900000 0.4900 0.5366563 0.5367 0.3333333 0.3333 0.4633437 0.4633 1.0000000 341.2720 0.5137397 5.4031 1.0000000 1.0000 0.0 1.0 0.4998999899979995 0.6666666666666667 []
 | 18.1320 27.9926 45.0294 0.5704844 CC(=O)C1(NC2OC(C(O)CO)C(OCc3ccccc3)=C2O)CCC(=O)C1 1 c1ccccc1COC1=C(O)C([*])OC1C(O)CO C(C1(N*)CC(=O)CC1)(C)=O O=C1CCC(NC2C=C(OCc3ccccc3)CO2)C1 0.5000000 0.5000 0.6475993 0.6476 0.3333333 0.3333 0.3524007 0.3524 1.0000000 391.4200 0.5373044 4.3769 1.0000000 1.0000 0.0 1.0 0.5 0.6666666666666667 []
 | 7.3382 14.6374 -14.6374 0.0000000 CC1(CC2CC(=O)CC2=O)OCC(C2OC(=O)C(O)=C2O)O1 1 C1(C2C(O)=C(O)C(=O)O2)OC(C)([*])OC1 C1(C*)CC(=O)CC1=O O=C1CC(=O)C(CC2OCC(C3C=CC(=O)O3)O2)C1 0.5250000 0.5250 0.7238999 0.7239 0.3333333 0.3333 0.2761001 0.2761 1.0000000 312.2740 0.5273185 4.8124 1.0000000 1.0000 0.0 1.0 0.4993746088859544 0.6666666666666667 []
 | 26.7939 39.3785 21.3046 0.4740871 CC1(C)OCC(C2OC(=O)C(O)=C2C2C(=O)C3SCCC4(CCC(=O)C34)C2=O)O1 1 C1(C2OC(C)(C)OC2)C([*])=C(O)C(=O)O1 C1(=O)C(*)C(=O)C2SCCC11C2C(=O)CC1 O=C1C=C(C2C(=O)C3SCCC4(CCC(=O)C34)C2=O)C(C2COCO2)O1 0.2250000 0.2250 0.6459752 0.6460 0.3333333 0.3333 0.3540248 0.3540 1.0000000 422.4550 0.5031608 5.8627 1.0000000 1.0000 0.0 1.0 0.41758232721225164 0.6666666666666667 []
 | 29.5876 36.3028 41.1355 0.6049868 CC1CCCC1(C)CCCC(=O)N(C)C1=C(O)C(C(O)CO)OC1=O 1 OC(C1OC(=O)C([*])=C1O)CO C1(C)(CCCC(=O)N(*)C)C(C)CCC1 O=C(CCCC1CCCC1)NC1=CCOC1=O 0.4050000 0.4050 0.5769144 0.5769 0.6666667 0.6667 0.4230856 0.4231 1.0000000 355.4310 0.5367287 4.4020 1.0000000 1.0000 0.0 1.0 0.4908920451586072 0.33333333333333337 []
21:27:17 <WARN> reinvent_plugins.normalizers.rdkit_smiles: C1(C*)C=C(C(NC(C(=O)O)c2ccccc2)C)=C(OC)C1=O could not be converted
21:27:17 <WARN> reinvent_plugins.normalizers.rdkit_smiles: C1(*)C(=O)C(C)=N(C)C1 could not be converted
21:27:17 <WARN> reinvent_plugins.normalizers.rdkit_smiles: C1C(=C2C(=O)C(=CC=C)CC=C2*)(C)C1 could not be converted
21:27:17 <WARN> reinvent_plugins.normalizers.rdkit_smiles: c12ncccn1c1c(*)ncnc1c2=O could not be converted
21:27:17 <WARN> reinvent_plugins.normalizers.rdkit_smiles: C1CC(=O)C2=C1C(*)=C1CCCC=C21C could not be converted
21:27:17 <WARN> reinvent_plugins.normalizers.rdkit_smiles: c1(C)[nH]c2ccccc2c(*)n1 could not be converted
21:27:17 <WARN> reinvent_plugins.normalizers.rdkit_smiles: C1(=O)C(C)=N(*)C(C)(C)C1 could not be converted
21:27:17 <WARN> reinvent_plugins.normalizers.rdkit_smiles: C1(=O)CCCN1C(Cn1cncn1)=O)C(C*)CC1OC(=O)C(C)=C1C could not be converted
21:27:17 <WARN> reinvent_plugins.normalizers.rdkit_smiles: C(=N1CCC(*)(Cn2nccn2)CC1)(Cn1cncn1)C could not be converted
21:27:17 <WARN> reinvent_plugins.normalizers.rdkit_smiles: O=C1C(C*)NC(C)(C)C12CCCC(C)=O2 could not be converted
21:27:17 <WARN> reinvent_plugins.normalizers.rdkit_smiles: C1C(*)CC(C)=C(Cn2nnc2C)CC1 could not be converted
21:27:17 <WARN> reinvent_plugins.normalizers.rdkit_smiles: C1(CC(=O)C)(C)C1(C1CC1*)CNC(C)=O could not be converted
21:27:17 <WARN> reinvent_plugins.normalizers.rdkit_smiles: C1(C)(*)C(C)(Cc2cc(=O)[nH](C)n()c2=O)CC2=C1CCC2 could not be converted
21:27:17 <WARN> reinvent_plugins.normalizers.rdkit_smiles: C1C(C)=Cn(*)c2C1CN(S(Cc1ccccc1)(=O)=O)C2 could not be converted
21:27:17 <WARN> reinvent_plugins.normalizers.rdkit_smiles: C1(=CCOC(=O)*)C(C)(C#N)C11(C)C=CC(=O)N1C could not be converted
21:27:17 <WARN> reinvent_plugins.normalizers.rdkit_smiles: C1(=O)C1* could not be converted
21:27:17 <WARN> reinvent_plugins.normalizers.rdkit_smiles: C1(C(=O)*)CC(n2cnc3ncnc(N)c1c32)C#CC(C)(C)C could not be converted
21:27:17 <WARN> reinvent_plugins.normalizers.rdkit_smiles: C1(C(*)C#C)C(=C2C(=O)CC(=O)CCC2)(C)C(C)=CC1 could not be converted
21:27:17 <WARN> reinvent_plugins.normalizers.rdkit_smiles: C1C(Cn2cnc3ncc(=C*)cc23)CCC1 could not be converted
21:27:32 <INFO> Score: 0.49 Agent NLL: 22.83 Valid:  96% Step: 34
 | Agent Prior Target Score SMILES SMILES_state Input_Scaffold R-groups Scaffold predicted_activity predicted_activity (raw) training_similarity training_similarity (raw) taf_consistency taf_consistency (raw) novelty novelty (raw) MW_window MW_window (raw) synthetic_feasibility synthetic_feasibility (raw) curated alerts filter curated alerts filter (raw) stereo_validity (predicted_activity) scaffold_novelty (predicted_activity) uncertainty (predicted_activity) taf_disrupted (predicted_activity) matchting_patterns (curated alerts filter)
 | 11.1941 23.6186 46.4916 0.5477360 CC1(CC2(C)C(=O)CCC2(C)C)OCC(C2OC(=O)C(O)=C2O)O1 1 [*]C1(C)OCC(C2OC(=O)C(O)=C2O)O1 C1(C)(C)C(C*)(C)C(=O)CC1 O=C1C=CC(C2COC(CC3CCCC3=O)O2)O1 0.3950000 0.3950 0.7238999 0.7239 0.3333333 0.3333 0.2761001 0.2761 1.0000000 340.3720 0.5266932 4.8396 1.0000000 1.0000 0.0 1.0 0.48885069295235745 0.6666666666666667 []
 | 16.1968 23.1138 38.9213 0.4846488 CC1(C)OCC(C2OC(=O)C(O)=C2C(=O)N2CCCn3ccnc32)O1 1 C1C(C2C([*])=C(O)C(=O)O2)OC(C)(C)O1 N1(C(=O)*)CCCn2ccnc21 O=C1C=C(C(=O)N2CCCn3ccnc32)C(C2COCO2)O1 0.2350000 0.2350 0.6647030 0.6647 0.3333333 0.3333 0.3352970 0.3353 1.0000000 349.3430 0.5428441 4.1347 1.0000000 1.0000 0.0 1.0 0.4239988207530771 0.6666666666666667 []
 | 32.7766 37.0639 -37.0639 0.0000000 C1(C*)C=C(C(NC(C(=O)O)c2ccccc2)C)=C(OC)C1=O 0 O=C1OC(C(O)CO)C(O)=C1[*] C1(C*)C=C(C(NC(C(=O)O)c2ccccc2)C)=C(OC)C1=O -- 0.0000000 0.0000 0.0000000 0.0000 0.0000000 0.0000 0.0000000 0.0000 0.0000000 0.0000 0.0000000 0.0000 0.0000000 0.0000 None None None None None
 | 42.6950 51.4858 26.0260 0.6055610 CC(C#N)N(C)CC1C(=O)C(C2OC(C(O)CO)C(O)=C2O)CC2=CC=CC21 1 OC1=C(O)C(C(O)CO)OC1[*] C1(CN(C)C(C)C#N)C2C=CC=C2CC(*)C1=O O=C1CC2C=CC=C2CC1C1C=CCO1 0.4650000 0.4650 0.4989645 0.4990 0.6666667 0.6667 0.5010355 0.5010 1.0000000 390.4360 0.5130677 5.4323 1.0000000 1.0000 0.0 1.0 0.49877349568717055 0.33333333333333337 []
 | 18.8191 30.4348 54.3317 0.6622381 O=C1CCC2(CC(C3OC(C(O)CBr)C(O)=C3O)C(=O)O2)O1 1 OC1=C(O)C(C(O)CBr)OC1[*] O1C(=O)C(*)CC12CCC(=O)O2 O=C1CCC2(CC(C3C=CCO3)C(=O)O2)O1 0.4600000 0.4600 0.5617468 0.5617 1.0000000 1.0000 0.4382532 0.4383 1.0000000 379.1590 0.5103179 5.5518 1.0000000 1.0000 0.0 1.0 0.49839743177508444 0.0 []
 | 31.4848 43.1383 24.6120 0.5292991 CC(C)CC1(C(=O)CC2OC(C(O)CO)C(O)=C2O)C(=O)N(C(C)C=Cc2ccccc2)C1=O 1 OC1=C(O)C([*])OC1C(CO)O C1(=O)C(CC(C)C)(C(=O)C*)C(=O)N1C(C)C=Cc1ccccc1 O=C(CC1C=CCO1)C1C(=O)N(CC=Cc2ccccc2)C1=O 0.4550000 0.4550 0.4727032 0.4727 0.3333333 0.3333 0.5272968 0.5273 1.0000000 473.5220 0.5280595 4.7801 1.0000000 1.0000 0.0 1.0 0.4979708826829135 0.6666666666666667 []
 | 19.4163 21.4070 69.7085 0.7118400 COC1=C(Br)C(=O)OC1CC1OC(C(O)CO)C(OCc2ccccc2)=C1O 1 c1cccc(COC2=C(O)C([*])OC2C(O)CO)c1 C1(C*)C(OC)=C(Br)C(=O)O1 O=C1C=CC(CC2C=C(OCc3ccccc3)CO2)O1 0.5350000 0.5350 0.7067391 0.7067 1.0000000 1.0000 0.2932609 0.2933 1.0000000 457.2730 0.5361843 4.4258 1.0000000 1.0000 0.0 1.0 0.49877349568717055 0.0 []
 | 36.4120 48.4139 31.3178 0.6229040 C=CNC(C(=O)C1CC1(C)C1C=C(C=C)CC=C1C)C1(C)OCC(C2OC(=O)C(O)=C2O)O1 1 [*]C1(C)OCC(C2OC(=O)C(O)=C2O)O1 C1C(C(=O)C(*)NC=C)C1(C)C1C(C)=CCC(C=C)=C1 O=C1C=CC(C2COC(CC(=O)C3CC3C3C=CCC=C3)O2)O1 0.4700000 0.4700 0.5887840 0.5888 0.6666667 0.6667 0.4112160 0.4112 1.0000000 457.5230 0.5032690 5.8580 1.0000000 1.0000 0.0 1.0 0.49909918853871116 0.33333333333333337 []
 | 17.1871 23.4416 45.8720 0.5415121 CC1(C)OCC(C2OC(=O)C(O)=C2C2CC(C)(O)C(C)(C)CC2=O)O1 1 C1C(C2C([*])=C(O)C(=O)O2)OC(C)(C)O1 C1(*)CC(C)(O)C(C)(C)CC1=O O=C1C=C(C2CCCCC2=O)C(C2COCO2)O1 0.2150000 0.2150 0.7238999 0.7239 0.6666667 0.6667 0.2761001 0.2761 1.0000000 354.3990 0.5291259 4.7336 1.0000000 1.0000 0.0 1.0 0.41082234603292944 0.33333333333333337 []
 | 17.7974 23.0344 -23.0344 0.0000000 C1(*)C(=O)C(C)=N(C)C1 0 O=C1OC(C(O)CO)C(O)=C1[*] C1(*)C(=O)C(C)=N(C)C1 -- 0.0000000 0.0000 0.0000000 0.0000 0.0000000 0.0000 0.0000000 0.0000 0.0000000 0.0000 0.0000000 0.0000 0.0000000 0.0000 None None None None None
21:27:33 <WARN> reinvent_plugins.normalizers.rdkit_smiles: C1(c2c(=C)c(*)ccn2)C(C)=CC2=C(C=CC(=O)C)NC2C1 could not be converted
21:27:33 <WARN> reinvent_plugins.normalizers.rdkit_smiles: C1(C#N)=C(NC(*)CC#C)(CC(C)(C)C)CCC(O)C1 could not be converted
21:27:33 <WARN> reinvent_plugins.normalizers.rdkit_smiles: c1ccncn1CC(C(*)CNC1CC1)CBr could not be converted
21:27:33 <WARN> reinvent_plugins.normalizers.rdkit_smiles: C1CC(Cn2cncn2)(C)CC(C)=N1* could not be converted
21:27:34 <WARN> reinvent_plugins.normalizers.rdkit_smiles: C12CC(*)(O)CO1CC(CN1C(=O)C(=C)CC1)(C)C2 could not be converted
21:27:34 <WARN> reinvent_plugins.normalizers.rdkit_smiles: c1c2nnnn2C1C(*)C1 could not be converted
21:27:34 <WARN> reinvent_plugins.normalizers.rdkit_smiles: c12c(O)ccc(NC(*)=O)n1CC2CC could not be converted
21:27:34 <WARN> reinvent_plugins.normalizers.rdkit_smiles: C1(=NC(Cc2ccsc2CC(C)C)C*)C(=O)CCCC12C(=O)N(C)=C2CCCc1ccncc1 could not be converted
21:27:34 <WARN> reinvent_plugins.normalizers.rdkit_smiles: C1CC(*)C1C#C1C(=O)NC(=O)C1 could not be converted
21:27:34 <WARN> reinvent_plugins.normalizers.rdkit_smiles: C1(C)(C)CC(=O)c2nc3cnc(*)cc3c2C1 could not be converted
21:27:34 <WARN> reinvent_plugins.normalizers.rdkit_smiles: C1(=O)C(*)(C)C(=O)C2=N1C(=O)CC2 could not be converted
21:27:34 <WARN> reinvent_plugins.normalizers.rdkit_smiles: C1(=O)C(C*)C(=O)C(=O)C1=C1C1C#CC12CC3CC(C1)CC(=O)C3C2 could not be converted
21:27:34 <WARN> reinvent_plugins.normalizers.rdkit_smiles: C1(CO(Cc2ccccc2)C*)CCC(O)CC1 could not be converted
21:27:34 <WARN> reinvent_plugins.normalizers.rdkit_smiles: C1(C)(C)N1C(=O)* could not be converted
21:27:34 <WARN> reinvent_plugins.normalizers.rdkit_smiles: C1(*)C=C(C)C(=O)c2ccccc21CC1CCC(C)=CC1=O could not be converted
21:27:49 <INFO> Score: 0.51 Agent NLL: 22.12 Valid:  96% Step: 35
 | Agent Prior Target Score SMILES SMILES_state Input_Scaffold R-groups Scaffold predicted_activity predicted_activity (raw) training_similarity training_similarity (raw) taf_consistency taf_consistency (raw) novelty novelty (raw) MW_window MW_window (raw) synthetic_feasibility synthetic_feasibility (raw) curated alerts filter curated alerts filter (raw) stereo_validity (predicted_activity) scaffold_novelty (predicted_activity) uncertainty (predicted_activity) taf_disrupted (predicted_activity) matchting_patterns (curated alerts filter)
 | 28.3442 41.0521 29.3905 0.5503328 Cc1cccc2c1C(C1(C)OCC(C3OC(=O)C(O)=C3O)O1)C(=O)C21CC1C 1 OC1=C(O)C(=O)OC1C1COC(C)([*])O1 c1ccc(C)c2c1C1(CC1C)C(=O)C2* O=C1C=CC(C2COC(C3C(=O)C4(CC4)c4ccccc43)O2)O1 0.4300000 0.4300 0.6582806 0.6583 0.3333333 0.3333 0.3417194 0.3417 1.0000000 386.4000 0.5149863 5.3490 1.0000000 1.0000 0.0 1.0 0.4950757517794625 0.6666666666666667 []
 | 29.3313 34.6993 28.5241 0.4939330 CC(C(=O)c1cc2c([nH]1)CCN(C)C2=O)C1=C(O)C(=O)OC1C1COC(C)(C)O1 1 C1OC(C)(C)OC1C1OC(=O)C(O)=C1[*] *C(C(=O)c1[nH]c2c(c1)C(=O)N(C)CC2)C O=C1C=C(CC(=O)c2cc3c([nH]2)CCNC3=O)C(C2COCO2)O1 0.2700000 0.2700 0.6179975 0.6180 0.3333333 0.3333 0.3820025 0.3820 1.0000000 404.4190 0.5356470 4.4492 1.0000000 1.0000 0.0 1.0 0.4439594576084622 0.6666666666666667 []
 | 21.0891 22.6595 62.3432 0.6640830 CC(Cc1c[nH]c2ccccc12)C(=O)CC1=C(O)C(C(O)CO)OC1=O 1 [*]C1=C(O)C(C(O)CO)OC1=O c1(CC(C(C*)=O)C)c[nH]c2ccccc12 O=C(CCc1c[nH]c2ccccc12)CC1=CCOC1=O 0.6050000 0.6050 0.5824353 0.5824 0.6666667 0.6667 0.4175647 0.4176 1.0000000 359.3780 0.5488473 3.8718 1.0000000 1.0000 0.0 1.0 0.48885069295235745 0.33333333333333337 []
 | 12.1794 17.6476 53.0955 0.5526805 O=C1C=CCC1CC1OC(C(O)CO)C(O)=C1O 1 C1(O)=C(O)C(C(CO)O)OC1[*] C1C(C*)C(=O)C=C1 O=C1C=CCC1CC1C=CCO1 0.4900000 0.4900 0.5515528 0.5516 0.3333333 0.3333 0.4484472 0.4484 1.0000000 256.2540 0.5265148 4.8474 1.0000000 1.0000 0.0 1.0 0.4998999899979995 0.6666666666666667 []
 | 29.7195 31.0534 43.1792 0.5799424 CC1OCC1(C)C1CC(O)(C#CC2OC(C(O)CBr)C(O)=C2O)C1 1 C1(C(CBr)O)OC([*])C(O)=C1O C1(C2(C)COC2C)CC(O)(C#C*)C1 C(#CC1C=CCO1)C1CC(C2COC2)C1 0.3950000 0.3950 0.4812178 0.4812 0.6666667 0.6667 0.5187822 0.5188 1.0000000 403.2690 0.5109029 5.5264 1.0000000 1.0000 0.0 1.0 0.4888506929523574 0.33333333333333337 []
 | 17.0112 30.5547 47.9457 0.6132846 OCC(O)C1OC(C2(C#Cc3ccccn3)CC2)C(O)=C1O 1 OCC(C1C(O)=C(O)C([*])O1)O C1(*)(C#Cc2ccccn2)CC1 C(#CC1(C2C=CCO2)CC1)c1ccccn1 0.5050000 0.5050 0.4718142 0.4718 0.6666667 0.6667 0.5281858 0.5282 1.0000000 303.3140 0.5339065 4.5252 1.0000000 1.0000 0.0 1.0 0.4999749993749687 0.33333333333333337 []
 | 25.3002 45.1775 25.7552 0.5541614 COc1cnc(CC(=O)N2CCC(O)(C3OC(C(O)CO)C(OCc4ccccc4)=C3O)CC2)c(C)n1 1 C1([*])C(O)=C(OCc2ccccc2)C(C(CO)O)O1 OC1(*)CCN(C(Cc2c(C)nc(OC)cn2)=O)CC1 O=C(Cc1cnccn1)N1CCC(C2C=C(OCc3ccccc3)CO2)CC1 0.4800000 0.4800 0.5658065 0.5658 0.3333333 0.3333 0.4341935 0.4342 1.0000000 515.5630 0.5410389 4.2137 1.0000000 1.0000 0.0 1.0 0.4995998398718719 0.6666666666666667 []
 | 20.2608 29.5228 40.1831 0.5445773 CC(=O)C1CC(C2(C)OCC(C3OC(=O)C(O)=C3O)O2)C(C)(C)[S+]1 1 OC1=C(O)C(=O)OC1C1COC(C)([*])O1 C1(C)(C)[S+]C(C(=O)C)CC1* O=C1C=CC(C2COC(C3CC[S+]C3)O2)O1 0.3900000 0.3900 0.7238999 0.7239 0.3333333 0.3333 0.2761001 0.2761 1.0000000 358.4120 0.5128813 5.4404 1.0000000 1.0000 0.0 1.0 0.4877499359302879 0.6666666666666667 []
 | 13.3234 21.1947 40.9338 0.4853790 CC1(C)OCC(C2OC(=O)C(O)=C2CC2=CC(=O)CCC2=O)O1 1 C1OC(C)(C)OC1C1OC(=O)C(O)=C1[*] C1(C*)=CC(=O)CCC1=O O=C1C=C(CC2=CC(=O)OC2C2COCO2)C(=O)CC1 0.2250000 0.2250 0.7239228 0.7239 0.3333333 0.3333 0.2843736 0.2844 1.0000000 322.3130 0.5405269 4.2361 1.0000000 1.0000 0.0 1.0 0.4175823272122517 0.6666666666666667 []
 | 20.9340 27.8095 53.9675 0.6388829 CC1=CCCC(C)NC1CC1=C(O)C(C(O)CO)OC1=O 1 [*]C1=C(O)C(C(O)CO)OC1=O C1(C*)C(C)=CCCC(C)N1 O=C1OCC=C1CC1C=CCCCN1 0.5000000 0.5000 0.6126329 0.6126 0.6666667 0.6667 0.3873671 0.3874 1.0000000 297.3510 0.5283816 4.7661 1.0000000 1.0000 0.0 1.0 0.5 0.33333333333333337 []
21:27:51 <WARN> reinvent_plugins.normalizers.rdkit_smiles: C1(C*)CCN(C)C1=OC#N could not be converted
21:27:51 <WARN> reinvent_plugins.normalizers.rdkit_smiles: n1[nH]c(=C)cc1C(*)=O could not be converted
21:27:51 <WARN> reinvent_plugins.normalizers.rdkit_smiles: C11(C(c2ccccc2)*)CC1c1cc(Cl)ccc1C(O)=O could not be converted
21:27:51 <WARN> reinvent_plugins.normalizers.rdkit_smiles: C1n2cccc2C1CN1CCC(C*)(=O)CC1 could not be converted
21:27:51 <WARN> reinvent_plugins.normalizers.rdkit_smiles: c1(N)cc(C)c2c(ncnc2*)n1C1C(=O)NCC1 could not be converted
21:27:51 <WARN> reinvent_plugins.normalizers.rdkit_smiles: C1(C)C(=O)C2C(C)(C)C1(C)C(C*)C22O could not be converted
21:27:51 <WARN> reinvent_plugins.normalizers.rdkit_smiles: C1(c2nc3c([nH]2)CC(c2c(*)[nH]c(C)n2)(C)C(=C)C=C)(C1)CCCC1(CCC1)C(=O)N1C2CC1CO2 could not be converted
21:27:51 <WARN> reinvent_plugins.normalizers.rdkit_smiles: c1c(-n2c(=O)c(*)[nH]c2C)ccc(C)c1 could not be converted
21:27:51 <WARN> reinvent_plugins.normalizers.rdkit_smiles: C(#N)c1c(=O)[nH]c2c(cc(-c3nncc4c3C=C)nncc3c2*)c1 could not be converted
21:27:51 <WARN> reinvent_plugins.normalizers.rdkit_smiles: C1(=)c2ccccc2C(=O)C(*)C2C1C(=O)C(=N)C(C1(C)C1)C2(C)C could not be converted
21:27:51 <WARN> reinvent_plugins.normalizers.rdkit_smiles: C1(C(=O)C=Cl)=CN(*)C(C(=O)C(NC)=C)=C1 could not be converted
21:27:51 <WARN> reinvent_plugins.normalizers.rdkit_smiles: O=C1C(=O)C(*)C(=O)C1=NCC#C1CN(C(C)=O)C1 could not be converted
21:28:05 <INFO> Score: 0.51 Agent NLL: 21.75 Valid:  97% Step: 36
 | Agent Prior Target Score SMILES SMILES_state Input_Scaffold R-groups Scaffold predicted_activity predicted_activity (raw) training_similarity training_similarity (raw) taf_consistency taf_consistency (raw) novelty novelty (raw) MW_window MW_window (raw) synthetic_feasibility synthetic_feasibility (raw) curated alerts filter curated alerts filter (raw) stereo_validity (predicted_activity) scaffold_novelty (predicted_activity) uncertainty (predicted_activity) taf_disrupted (predicted_activity) matchting_patterns (curated alerts filter)
 | 11.9441 16.3492 53.2576 0.5438029 CC1CCCCC1CC1(C)OCC(C2OC(=O)C(O)=C2O)O1 1 C1(C2C(O)=C(O)C(=O)O2)OC(C)([*])OC1 C1CCCC(C)C1C* O=C1C=CC(C2COC(CC3CCCCC3)O2)O1 0.3800000 0.3800 0.7238999 0.7239 0.3333333 0.3333 0.2761001 0.2761 1.0000000 312.3620 0.5333556 4.5492 1.0000000 1.0000 0.0 1.0 0.48538644398046393 0.6666666666666667 []
 | 13.1735 17.7628 46.9380 0.5054748 CC1(C)OCC(C2OC(=O)C(O)=C2c2ncncn2)O1 1 C1C(C2C([*])=C(O)C(=O)O2)OC(C)(C)O1 c1ncnc(*)n1 O=C1C=C(c2ncncn2)C(C2COCO2)O1 0.2650000 0.2650 0.7601169 0.7601 0.3333333 0.3333 0.2398831 0.2399 1.0000000 279.2520 0.5450508 4.0381 1.0000000 1.0000 0.0 1.0 0.4413332074521472 0.6666666666666667 []
 | 19.3909 22.2217 -22.2217 0.0000000 O=C1OC(C(O)CO)C(O)=C1C(=O)c1cc(Cl)cc(CO)c1O 1 C1(O)=C([*])C(=O)OC1C(CO)O Clc1cc(CO)c(O)c(C(=O)*)c1 O=C1OCC=C1C(=O)c1ccccc1 0.6550000 0.6550 0.6331738 0.6332 0.6666667 0.6667 0.3668262 0.3668 1.0000000 344.7030 0.5509856 3.7780 1.0000000 1.0000 0.0 1.0 0.4753682782853732 0.33333333333333337 []
 | 15.1465 26.1587 43.9608 0.5478082 C=C1C(=O)C(=O)C(C)=C1C1OC(C(O)CO)C(O)=C1O 1 [*]C1OC(C(CO)O)C(O)=C1O O=C1C(=C)C(*)=C(C)C1=O C=C1C(=O)C(=O)C=C1C1C=CCO1 0.4650000 0.4650 0.5589565 0.5590 0.3333333 0.3333 0.4410435 0.4410 1.0000000 282.2480 0.5291716 4.7317 1.0000000 1.0000 0.0 1.0 0.4987734956871706 0.6666666666666667 []
 | 25.8962 28.0323 53.1967 0.6346013 COC(=O)C1[S+]([O-])C(C2OC(C(O)CBr)C(O)=C2O)C1(C)C 1 C1(O)=C(O)C(C(CBr)O)OC1[*] C1(C)(C)C(*)[S+]([O-])C1C(=O)OC C1=CC(C2CC[SH+]2)OC1 0.4000000 0.4000 0.5262348 0.5262 1.0000000 1.0000 0.4737652 0.4738 1.0000000 399.2590 0.5079302 5.6556 1.0000000 1.0000 0.0 1.0 0.4898979485566356 0.0 []
 | 10.0760 5.3599 -5.3599 0.0000000 NC1OC(C(O)CO)C(O)=C1O 1 OCC(C1C(O)=C(O)C([*])O1)O N* C1=CCOC1 0.5300000 0.5300 0.6123724 0.6124 0.3333333 0.3333 0.3876276 0.3876 1.0000000 177.1560 0.5301107 4.6907 1.0000000 1.0000 0.0 1.0 0.49909918853871116 0.6666666666666667 []
 | 29.0812 41.5300 32.2031 0.5760402 CC1=C(C(=O)n2nnc(C)n2)C(Cl)C1C1OC(C(O)CO)C(OCc2ccccc2)=C1O 1 OCC(C1OC([*])C(O)=C1OCc1ccccc1)O C1(C)=C(C(n2nnc(C)n2)=O)C(Cl)C1* O=C(C1=CC(C2C=C(OCc3ccccc3)CO2)C1)n1ncnn1 0.5450000 0.5450 0.6154907 0.6155 0.3333333 0.3333 0.3845093 0.3845 1.0000000 462.8900 0.5275580 4.8020 1.0000000 1.0000 0.0 1.0 0.4979708826829135 0.6666666666666667 []
 | 25.1303 32.3777 37.5979 0.5466842 C=CC=C(C)C1=C(C)C(C2(C)OCC(C3OC(=O)C(O)=C3O)O2)C1=O 1 C1(C2C(O)=C(O)C(=O)O2)OC(C)([*])OC1 *C1C(=O)C(C(=CC=C)C)=C1C O=C1C=CC(C2COC(C3C=CC3=O)O2)O1 0.4050000 0.4050 0.6851601 0.6852 0.3333333 0.3333 0.3148399 0.3148 1.0000000 348.3510 0.5215456 5.0637 1.0000000 1.0000 0.0 1.0 0.4908920451586072 0.6666666666666667 []
 | 18.9416 21.8337 45.7798 0.5282307 CC1(C)OCC(C2OC(=O)C(O)=C2S(=O)(=O)N2CCC2=O)O1 1 C1C(C2C([*])=C(O)C(=O)O2)OC(C)(C)O1 C1(=O)N(S(=O)(=O)*)CC1 O=C1C=C(S(=O)(=O)N2CCC2=O)C(C2COCO2)O1 0.3300000 0.3300 0.7238999 0.7239 0.3333333 0.3333 0.2761001 0.2761 1.0000000 333.3180 0.5444964 4.0624 1.0000000 1.0000 0.0 1.0 0.4702127178203499 0.6666666666666667 []
 | 24.1751 36.6921 48.6215 0.6665126 CC1CCC(C2=C(O)C(C(O)CO)OC2=O)CC(=CC(=O)O)N1 1 C1(O)=C([*])C(=O)OC1C(CO)O C1C(*)CCC(C)NC1=CC(O)=O C=C1CC(C2=CCOC2=O)CCCN1 0.5850000 0.5850 0.6418059 0.6418 0.6666667 0.6667 0.3581941 0.3582 1.0000000 327.3330 0.5311962 4.6434 1.0000000 1.0000 0.0 1.0 0.49272203116970525 0.33333333333333337 []
21:28:07 <WARN> reinvent_plugins.normalizers.rdkit_smiles: C1(C1CCC1)(C#C*)C1CCCCC1 could not be converted
21:28:07 <WARN> reinvent_plugins.normalizers.rdkit_smiles: n1c(C*)sc2n1CCC2 could not be converted
21:28:07 <WARN> reinvent_plugins.normalizers.rdkit_smiles: NC1(C)C(=O)C(C)=C2N1(C)C(=C)CC2C* could not be converted
21:28:07 <WARN> reinvent_plugins.normalizers.rdkit_smiles: c1(C)csnn1* could not be converted
21:28:07 <WARN> reinvent_plugins.normalizers.rdkit_smiles: O=C(C1C(*)(C)C1)OC1CCn(C)c(=O)cc1=O could not be converted
21:28:07 <WARN> reinvent_plugins.normalizers.rdkit_smiles: C1(C)(*)C(=O)OC(C)(C)C13C1CCN(C(=O)CC)CCCOC1 could not be converted
21:28:07 <WARN> reinvent_plugins.normalizers.rdkit_smiles: C1(C)(C)C22(C*)CCC1C(C)(C)C2 could not be converted
21:28:07 <WARN> reinvent_plugins.normalizers.rdkit_smiles: O1CC(C*)OC(C)(C)n1nc(C)n1 could not be converted
21:28:07 <WARN> reinvent_plugins.normalizers.rdkit_smiles: C1(=O)N(*)C(=O)C(C)=C1=O could not be converted
21:28:07 <WARN> reinvent_plugins.normalizers.rdkit_smiles: c1cc2c3ccccc3nc3cccc(n13)C2* could not be converted
21:28:07 <WARN> reinvent_plugins.normalizers.rdkit_smiles: C1(=O)Cc2c(c(*)[nH]n2C)C1=O could not be converted
21:28:07 <WARN> reinvent_plugins.normalizers.rdkit_smiles: C1(n2nnc3c2C(C*)C(C)CC(=O)C=CC)CCCCC1 could not be converted
21:28:07 <WARN> reinvent_plugins.normalizers.rdkit_smiles: C1(C)(C)CC(*)C1(C#O)C could not be converted
21:28:07 <WARN> reinvent_plugins.normalizers.rdkit_smiles: C1(=O)C(*)C(=O)OC2=CC(=O)CCN12C could not be converted
21:28:22 <INFO> Score: 0.51 Agent NLL: 21.94 Valid:  97% Step: 37
 | Agent Prior Target Score SMILES SMILES_state Input_Scaffold R-groups Scaffold predicted_activity predicted_activity (raw) training_similarity training_similarity (raw) taf_consistency taf_consistency (raw) novelty novelty (raw) MW_window MW_window (raw) synthetic_feasibility synthetic_feasibility (raw) curated alerts filter curated alerts filter (raw) stereo_validity (predicted_activity) scaffold_novelty (predicted_activity) uncertainty (predicted_activity) taf_disrupted (predicted_activity) matchting_patterns (curated alerts filter)
 | 20.1712 29.6273 40.4688 0.5476261 CC1(N2C(=O)CCCC3CCC32)OCC(C2OC(=O)C(O)=C2O)O1 1 C1(O)=C(O)C(=O)OC1C1COC([*])(C)O1 N1(*)C(=O)CCCC2C1CC2 O=C1C=CC(C2COC(N3C(=O)CCCC4CCC43)O2)O1 0.4000000 0.4000 0.6998965 0.6999 0.3333333 0.3333 0.3001035 0.3001 1.0000000 339.3440 0.5304632 4.6754 1.0000000 1.0000 0.0 1.0 0.48989794855663565 0.6666666666666667 []
 | 21.5075 26.8509 41.0336 0.5303477 CC1(C)OCC(C2OC(=O)C(O)=C2Cn2c(CBr)nc3ccccc32)O1 1 OC1=C([*])C(C2OC(C)(C)OC2)OC1=O C(Br)c1nc2c(cccc2)n1C* O=C1C=C(Cn2cnc3ccccc32)C(C2COCO2)O1 0.2050000 0.2050 0.6459752 0.6460 0.6666667 0.6667 0.3540248 0.3540 1.0000000 423.2630 0.5485789 3.8836 1.0000000 1.0000 0.0 1.0 0.403701622488689 0.33333333333333337 []
 | 11.9952 24.3052 59.7256 0.6564904 CC1(C)CCC(=O)C(=O)C1C1=C(O)C(C(O)CO)OC1=O 1 [*]C1=C(O)C(C(CO)O)OC1=O C1(C)(C)C(*)C(=O)C(=O)CC1 O=C1CCCC(C2=CCOC2=O)C1=O 0.5350000 0.5350 0.6559298 0.6559 0.6666667 0.6667 0.3440702 0.3441 1.0000000 298.2910 0.5391630 4.2957 1.0000000 1.0000 0.0 1.0 0.49877349568717055 0.33333333333333337 []
 | 22.2391 44.3397 21.3270 0.5130207 CCc1nc(C)nc(C)c1C1(O)CCC1C1OC(C(O)CO)C(O)=C1O 1 C1([*])C(O)=C(O)C(C(CO)O)O1 c1(CC)nc(C)nc(C)c1C1(O)CCC1* C1=CC(C2CCC2c2cncnc2)OC1 0.4100000 0.4100 0.4525484 0.4525 0.3333333 0.3333 0.5474516 0.5475 1.0000000 366.4140 0.5276816 4.7966 1.0000000 1.0000 0.0 1.0 0.4918333050943175 0.6666666666666667 []
 | 15.4305 14.8640 62.0855 0.6011684 CC1(C)OC1C(=O)NCC1OC(C(O)CBr)C(O)=C1O 1 BrCC(C1OC([*])C(O)=C1O)O O1C(C)(C)C1C(=O)NC* O=C(NCC1C=CCO1)C1CO1 0.4250000 0.4250 0.5271476 0.5271 0.6666667 0.6667 0.4728524 0.4729 1.0000000 352.1810 0.5274469 4.8068 1.0000000 1.0000 0.0 1.0 0.49434299833212975 0.33333333333333337 []
 | 35.6098 42.7186 26.6232 0.5417331 C#CC1(C(C)C)CC(CC2OC(C(O)CO)C(O)=C2O)C(C)(C)C2CCC(=C)C21C 1 OC1=C(O)C(C(CO)O)OC1[*] C1C(C*)C(C)(C)C2CCC(=C)C2(C)C1(C(C)C)C#C C=C1CCC2CC(CC3C=CCO3)CCC12 0.3350000 0.3350 0.4082483 0.4082 0.6666667 0.6667 0.5917517 0.5918 1.0000000 418.5740 0.5070144 5.6954 1.0000000 1.0000 0.0 1.0 0.4719904660054057 0.33333333333333337 []
 | 24.5887 46.4517 23.2910 0.5448646 CN1CC(C=CC2CC2(C)CC2OC(C(O)CO)C(OCc3ccccc3)=C2O)CC1=O 1 C1(O)=C(OCc2ccccc2)C(C(CO)O)OC1[*] C1C(C*)(C)C1C=CC1CC(=O)N(C)C1 O=C1CC(C=CC2CC2CC2C=C(OCc3ccccc3)CO2)CN1 0.4300000 0.4300 0.6070834 0.6071 0.3333333 0.3333 0.3929166 0.3929 1.0000000 443.5400 0.5234049 4.9828 1.0000000 1.0000 0.0 1.0 0.4950757517794625 0.6666666666666667 []
 | 16.8482 17.2519 54.2136 0.5583240 CC1(CC2CCCC3C=CC=CC32)OCC(C2OC(=O)C(O)=C2O)O1 1 C1(O)=C(O)C(=O)OC1C1COC([*])(C)O1 C12C(C*)CCCC1C=CC=C2 O=C1C=CC(C2COC(CC3CCCC4C=CC=CC43)O2)O1 0.4500000 0.4500 0.6713171 0.6713 0.3333333 0.3333 0.3286829 0.3287 1.0000000 348.3950 0.5228528 5.0068 1.0000000 1.0000 0.0 1.0 0.49749371855331004 0.6666666666666667 []
 | 25.5420 31.9863 27.3437 0.4635156 CC1(C)OCC(C2OC(=O)C(O)=C2c2nccc(N3Cc4ccsc4C3)n2)O1 1 OC1=C([*])C(C2OC(C)(C)OC2)OC1=O c1c(N2Cc3sccc3C2)nc(*)nc1 O=C1C=C(c2nccc(N3Cc4ccsc4C3)n2)C(C2COCO2)O1 0.2000000 0.2000 0.6233022 0.6233 0.3333333 0.3333 0.3766978 0.3767 1.0000000 401.4440 0.5446513 4.0556 1.0000000 1.0000 0.0 1.0 0.4000000000000001 0.6666666666666667 []
 | 32.1295 38.7143 43.0586 0.6388503 CC1(C)CS(=O)(=O)N(CC2=C(O)C(C(O)CO)OC2=O)C(=N)C1(C)O 1 [*]C1=C(O)C(C(CO)O)OC1=O OC1(C)C(=N)N(C*)S(=O)(=O)CC1(C)C N=C1CCCS(=O)(=O)N1CC1=CCOC1=O 0.5050000 0.5050 0.6062178 0.6062 0.6666667 0.6667 0.3937822 0.3938 1.0000000 378.4030 0.5252851 4.9009 1.0000000 1.0000 0.0 1.0 0.4999749993749687 0.33333333333333337 []
21:28:23 <WARN> reinvent_plugins.normalizers.rdkit_smiles: c12c(cncc1)-c1c3c(c(C)nn1*)CCC2C2 could not be converted
21:28:23 <WARN> reinvent_plugins.normalizers.rdkit_smiles: n1(N)c(N)[nH]c(=O)c(C#C*)c1 could not be converted
21:28:23 <WARN> reinvent_plugins.normalizers.rdkit_smiles: C1(C)(C)C(COC(C1(C*)CC(C)(C)C(=O)C1)=O)C could not be converted
21:28:23 <WARN> reinvent_plugins.normalizers.rdkit_smiles: O=C1C(*)C(=CC(c1cc([N+](=O)[O-])ccc1)C)=C could not be converted
21:28:23 <WARN> reinvent_plugins.normalizers.rdkit_smiles: c1cc(O*)n(CC)c(=O)n1Cc1cnccc1 could not be converted
21:28:23 <WARN> reinvent_plugins.normalizers.rdkit_smiles: C1C(C)C(CN(C)C)C(C)(C1c2c(C)ccnc2)C(C(*)C)(C)COC1=O could not be converted
21:28:23 <WARN> reinvent_plugins.normalizers.rdkit_smiles: C1(Cn2c(=S)[nH]ccc2)C(C)(C)N(*)C(C)=C1 could not be converted
21:28:23 <WARN> reinvent_plugins.normalizers.rdkit_smiles: C1c2c(C)n(C*)n(C)c2CC(O)C1 could not be converted
21:28:23 <WARN> reinvent_plugins.normalizers.rdkit_smiles: C1C(C*)C(=O)C(C(nCC)C)CC1 could not be converted
21:28:23 <WARN> reinvent_plugins.normalizers.rdkit_smiles: O=C1C(*)C(CC(c2c3c(ccc2)C(=O)CCCn3)C)CC1 could not be converted
21:28:23 <WARN> reinvent_plugins.normalizers.rdkit_smiles: C12C(CS(=O)(=O)C)C(*)CC1C1(C)CO2 could not be converted
21:28:38 <INFO> Score: 0.50 Agent NLL: 21.73 Valid:  97% Step: 38
 | Agent Prior Target Score SMILES SMILES_state Input_Scaffold R-groups Scaffold predicted_activity predicted_activity (raw) training_similarity training_similarity (raw) taf_consistency taf_consistency (raw) novelty novelty (raw) MW_window MW_window (raw) synthetic_feasibility synthetic_feasibility (raw) curated alerts filter curated alerts filter (raw) stereo_validity (predicted_activity) scaffold_novelty (predicted_activity) uncertainty (predicted_activity) taf_disrupted (predicted_activity) matchting_patterns (curated alerts filter)
 | 24.1706 37.0431 32.1041 0.5402127 CC1CCC(C(C)C2(C)OCC(C3OC(=O)C(O)=C3O)O2)C(C2C(C)CCC(=O)C2C)C1 1 O=C1C(O)=C(O)C(C2COC([*])(C)O2)O1 C1(C)C(=O)CCC(C)C1C1CC(C)CCC1C(*)C O=C1CCCC(C2CCCCC2CC2OCC(C3C=CC(=O)O3)O2)C1 0.4050000 0.4050 0.6343350 0.6343 0.3333333 0.3333 0.3656650 0.3657 1.0000000 450.5720 0.5148685 5.3541 1.0000000 1.0000 0.0 1.0 0.4908920451586072 0.6666666666666667 []
 | 20.4027 30.7903 29.2652 0.4691829 CC(C1=C(O)C(=O)OC1C1COC(C)(C)O1)C1OCC(C)(C)N1C 1 CC1(C)OC(C2C([*])=C(O)C(=O)O2)CO1 C1(C)(C)COC(C(C)*)N1C O=C1C=C(CC2NCCO2)C(C2COCO2)O1 0.2000000 0.2000 0.6998965 0.6999 0.3333333 0.3333 0.3001035 0.3001 1.0000000 341.4040 0.5277615 4.7931 1.0000000 1.0000 0.0 1.0 0.4000000000000001 0.6666666666666667 []
 | 30.6911 43.1159 38.4840 0.6374991 CC(C)(Cc1coc(CC2=C(O)C(C(O)CO)OC2=O)n1)C1(O)CCOC1=O 1 O=C1C([*])=C(O)C(C(O)CO)O1 n1c(C*)occ1CC(C)(C)C1(O)CCOC1=O O=C1OCC=C1Cc1nc(CCC2CCOC2=O)co1 0.5350000 0.5350 0.5514870 0.5515 0.6666667 0.6667 0.4485130 0.4485 1.0000000 397.3800 0.5267130 4.8388 1.0000000 1.0000 0.0 1.0 0.49877349568717055 0.33333333333333337 []
 | 33.7068 42.0083 17.7640 0.4669712 CC(=C1CCC(CO)C(C)(C)C1)N1C(C)C1CC1OC(C(O)CO)C(O)=C1O 1 C(C1C(O)=C(O)C([*])O1)(CO)O C1(C)C(C*)N1C(=C1CCC(CO)C(C)(C)C1)C C1=CC(CC2CN2C=C2CCCCC2)OC1 0.2950000 0.2950 0.4120817 0.4121 0.3333333 0.3333 0.5879183 0.5879 1.0000000 397.5120 0.5124689 5.4584 1.0000000 1.0000 0.0 1.0 0.4560427611529428 0.6666666666666667 []
 | 27.7344 34.3479 40.4245 0.5841595 COC1CC(C2OC(C(O)CBr)C(O)=C2O)C(C)CC(C)C1C 1 OC(C1C(O)=C(O)C([*])O1)CBr C1(C)CC(C)C(C)C(OC)CC1* C1=CC(C2CCCCCC2)OC1 0.3800000 0.3800 0.5206793 0.5207 0.6666667 0.6667 0.4793207 0.4793 1.0000000 393.3180 0.5194826 5.1535 1.0000000 1.0000 0.0 1.0 0.48538644398046393 0.33333333333333337 []
 | 31.2658 40.8348 24.6603 0.5116808 C=C1CC2C(C)=C3CC(C)C(=O)CC3=C2C1CC1OC(C(O)CO)C(O)=C1O 1 OC(C1OC([*])C(O)=C1O)CO C1(C)=C2CC(C)C(=O)CC2=C2C(C*)C(=C)CC12 C=C1CC2C=C3CCC(=O)CC3=C2C1CC1C=CCO1 0.4050000 0.4050 0.4626814 0.4627 0.3333333 0.3333 0.5373186 0.5373 1.0000000 388.4600 0.5091188 5.6039 1.0000000 1.0000 0.0 1.0 0.4908920451586072 0.6666666666666667 []
 | 11.8709 25.2428 48.0616 0.5726911 CC1C(=O)CC(=O)C1(C)CC1OC(C(O)CO)C(OCc2ccccc2)=C1O 1 O1C(C(CO)O)C(OCc2ccccc2)=C(O)C1[*] C1(=O)C(C)(C*)C(C)C(=O)C1 O=C1CC(=O)C(CC2C=C(OCc3ccccc3)CO2)C1 0.5000000 0.5000 0.6711560 0.6712 0.3333333 0.3333 0.3288440 0.3288 1.0000000 390.4320 0.5324695 4.5879 1.0000000 1.0000 0.0 1.0 0.5 0.6666666666666667 []
 | 32.6933 38.1482 40.7490 0.6163843 CC(O)C1(CC2CCC(C3(C)OCC(C4OC(=O)C(O)=C4O)O3)CO2)OC=CC1=O 1 O=C1C(O)=C(O)C(C2COC([*])(C)O2)O1 C1(=O)C=COC1(CC1CCC(*)CO1)C(C)O O=C1C=CC(C2COC(C3CCC(CC4OC=CC4=O)OC3)O2)O1 0.4300000 0.4300 0.6179975 0.6180 0.6666667 0.6667 0.3820025 0.3820 1.0000000 426.4180 0.5112975 5.5093 1.0000000 1.0000 0.0 1.0 0.4950757517794625 0.33333333333333337 []
 | 33.2415 33.3333 27.6161 0.4761677 CC1=Nc2nnc(C=CC3=C(O)C(=O)OC3C3COC(C)(C)O3)cc2OC1 1 CC1(C)OC(C2C([*])=C(O)C(=O)O2)CO1 C1C(C)=Nc2nnc(C=C*)cc2O1 O=C1C=C(C=Cc2cc3c(nn2)N=CCO3)C(C2COCO2)O1 0.2250000 0.2250 0.6400757 0.6401 0.3333333 0.3333 0.3599243 0.3599 1.0000000 373.3650 0.5295670 4.7144 1.0000000 1.0000 0.0 1.0 0.4175823272122517 0.6666666666666667 []
 | 16.3574 21.3426 63.1913 0.6604210 CC1CC(=O)CC(=CC2=C(O)C(C(O)CO)OC2=O)C1=O 1 O=C1C([*])=C(O)C(C(O)CO)O1 C1C(=C*)C(=O)C(C)CC1=O O=C1CCC(=O)C(=CC2=CCOC2=O)C1 0.5600000 0.5600 0.6404940 0.6405 0.6666667 0.6667 0.3595060 0.3595 1.0000000 296.2750 0.5351126 4.4726 1.0000000 1.0000 0.0 1.0 0.4963869458396343 0.33333333333333337 []
21:28:39 <WARN> reinvent_plugins.normalizers.rdkit_smiles: c1(C(C)(C#N)C)csc(C)n1C* could not be converted
21:28:39 <WARN> reinvent_plugins.normalizers.rdkit_smiles: n1c(C*)sc2ncnc(SC)n12 could not be converted
21:28:39 <WARN> reinvent_plugins.normalizers.rdkit_smiles: n1c(-nnnn1)nc(C)cc1* could not be converted
21:28:39 <WARN> reinvent_plugins.normalizers.rdkit_smiles: O1C(C)(C(C)=O)=C(C)COC(=O)C1=CC1C(*)C(C)=CC1 could not be converted
21:28:39 <WARN> reinvent_plugins.normalizers.rdkit_smiles: O=C1N(C*)CCn2nnc3ccccc1c23 could not be converted
21:28:39 <WARN> reinvent_plugins.normalizers.rdkit_smiles: C1(OS(=O)(O)=O)C(CC2(*)C(=O)C=C(=C)C2CO)CC1=O could not be converted
21:28:39 <WARN> reinvent_plugins.normalizers.rdkit_smiles: c12scnn1C(=C)C=C(C)C2C1CCC(=O)C1* could not be converted
21:28:39 <WARN> reinvent_plugins.normalizers.rdkit_smiles: C1(C)(C(*)C)CCOC2(C)O1 could not be converted
21:28:39 <WARN> reinvent_plugins.normalizers.rdkit_smiles: FC(*)FCCc1[nH]ncn1 could not be converted
21:28:39 <WARN> reinvent_plugins.normalizers.rdkit_smiles: c1(C)[nH]c(=O)n(C*)c2nc(C)ncc12 could not be converted
21:28:39 <WARN> reinvent_plugins.normalizers.rdkit_smiles: C1(C(C)(C)CC(*)=C(=O)C)CCCC1 could not be converted
21:28:39 <WARN> reinvent_plugins.normalizers.rdkit_smiles: C1(C)(C)C2(C)(CCN1)CC(C)(C*)CC2=O could not be converted
21:28:39 <WARN> reinvent_plugins.normalizers.rdkit_smiles: COC1n2cccc(C)c2C(=O)C1* could not be converted
21:28:39 <WARN> reinvent_plugins.normalizers.rdkit_smiles: O1CCC(CC(N2CC(*)C2)=O)(C)C(=O)O1C(C)(C)Cc1ccccc1 could not be converted
21:28:39 <WARN> reinvent_plugins.normalizers.rdkit_smiles: C1(*)C(=O)C(=O)C(C(C1=CCOC(C)=C1)c1c2c(cccc2)ccn1)C could not be converted
21:28:39 <WARN> reinvent_plugins.normalizers.rdkit_smiles: C1(C)2(CC(*)C1)CC(=O)C1C(=O)CCCC2=C1 could not be converted
21:28:55 <INFO> Score: 0.49 Agent NLL: 20.88 Valid:  96% Step: 39
 | Agent Prior Target Score SMILES SMILES_state Input_Scaffold R-groups Scaffold predicted_activity predicted_activity (raw) training_similarity training_similarity (raw) taf_consistency taf_consistency (raw) novelty novelty (raw) MW_window MW_window (raw) synthetic_feasibility synthetic_feasibility (raw) curated alerts filter curated alerts filter (raw) stereo_validity (predicted_activity) scaffold_novelty (predicted_activity) uncertainty (predicted_activity) taf_disrupted (predicted_activity) matchting_patterns (curated alerts filter)
 | 16.0571 27.6053 54.4704 0.6412168 CC1CC(=O)C(C2(C)OCC(C3OC(=O)C(O)=C3O)O2)C1(C)O 1 C1([*])(C)OCC(C2C(O)=C(O)C(=O)O2)O1 C1(=O)C(*)C(O)(C)C(C)C1 O=C1C=CC(C2COC(C3CCCC3=O)O2)O1 0.4600000 0.4600 0.7324670 0.7325 0.6666667 0.6667 0.2675330 0.2675 1.0000000 328.3170 0.5232961 4.9875 1.0000000 1.0000 0.0 1.0 0.49839743177508444 0.33333333333333337 []
 | 14.2435 22.3021 35.6088 0.4524284 C=C(C)C1CCC(CC2=C(O)C(=O)OC2C2COC(C)(C)O2)CC1 1 C1(=O)C(O)=C([*])C(C2OC(C)(C)OC2)O1 C1(C*)CCC(C(=C)C)CC1 O=C1C=C(CC2CCCCC2)C(C2COCO2)O1 0.1650000 0.1650 0.7156264 0.7156 0.3333333 0.3333 0.2843736 0.2844 1.0000000 336.4280 0.5463194 3.9826 1.0000000 1.0000 0.0 1.0 0.37118054905934933 0.6666666666666667 []
 | 21.7287 35.6703 47.4958 0.6497350 CC(CSCc1ccccc1)N1CCC(CC2=C(O)C(C(O)CO)OC2=O)CC1=O 1 C(C1C(O)=C([*])C(=O)O1)(O)CO C1(C*)CC(=O)N(C(CSCc2ccccc2)C)CC1 O=C1OCC=C1CC1CCN(CCSCc2ccccc2)C(=O)C1 0.5750000 0.5750 0.5514870 0.5515 0.6666667 0.6667 0.4485130 0.4485 1.0000000 435.5420 0.5410734 4.2122 1.0000000 1.0000 0.0 1.0 0.49434299833212975 0.33333333333333337 []
 | 19.3206 25.2315 47.9377 0.5716345 CC1=C(C)C(C2OC(C(O)CO)C(O)=C2O)C(Cc2ccccc2)=CC1=O 1 O1C(C(CO)O)C(O)=C(O)C1[*] C1(*)C(C)=C(C)C(=O)C=C1Cc1ccccc1 O=C1C=CC(C2C=CCO2)C(Cc2ccccc2)=C1 0.5600000 0.5600 0.5575041 0.5575 0.3333333 0.3333 0.4424959 0.4425 1.0000000 372.4170 0.5373087 4.3767 1.0000000 1.0000 0.0 1.0 0.4963869458396343 0.6666666666666667 []
 | 16.9712 24.9454 50.8666 0.5922806 CC1=C(C2OC(C(O)CBr)C(O)=C2O)C(C)(O)CC1 1 C1(O)=C(O)C([*])OC1C(CBr)O OC1(C)C(*)=C(C)CC1 C1=CC(C2=CCCC2)OC1 0.4150000 0.4150 0.5024594 0.5025 0.6666667 0.6667 0.4975406 0.4975 1.0000000 335.1940 0.5217515 5.0547 1.0000000 1.0000 0.0 1.0 0.4927220311697053 0.33333333333333337 []
 | 18.1197 25.7052 36.2991 0.4844090 OCC(O)C1OC(CCCC=C2CCCC2O)C(O)=C1O 1 C1(C(CO)O)OC([*])C(O)=C1O C1(=CCCC*)C(O)CCC1 C1=CC(CCCC=C2CCCC2)OC1 0.3100000 0.3100 0.4629101 0.4629 0.3333333 0.3333 0.5370899 0.5371 1.0000000 300.3510 0.5303571 4.6800 1.0000000 1.0000 0.0 1.0 0.462493243193887 0.6666666666666667 []
 | 9.4395 20.2025 54.4640 0.5833317 Cc1n[nH]c(C2OC(C(O)CO)C(OCc3ccccc3)=C2O)n1 1 C1(O)=C(OCc2ccccc2)C(C(CO)O)OC1[*] c1(C)nc(*)[nH]n1 C1=C(OCc2ccccc2)COC1c1ncn[nH]1 0.5450000 0.5450 0.6575959 0.6576 0.3333333 0.3333 0.3424041 0.3424 1.0000000 333.3440 0.5421349 4.1658 1.0000000 1.0000 0.0 1.0 0.4979708826829135 0.6666666666666667 []
 | 30.5978 46.4880 22.2412 0.5369468 CC1(CN2C=C(C(C)(C)C)C(C)(C)CCC2)OCC(C2OC(=O)C(O)=C2O)O1 1 C1([*])(C)OCC(C2C(O)=C(O)C(=O)O2)O1 N1(C*)CCCC(C)(C)C(C(C)(C)C)=C1 O=C1C=CC(C2COC(CN3C=CCCCC3)O2)O1 0.3800000 0.3800 0.6582806 0.6583 0.3333333 0.3333 0.3417194 0.3417 1.0000000 395.4960 0.5283461 4.7676 1.0000000 1.0000 0.0 1.0 0.48538644398046393 0.6666666666666667 []
 | 13.1935 19.1935 46.8656 0.5160865 CC1(C)CC(CC2=C(O)C(=O)OC2C2COC(C)(C)O2)CCN1 1 C1(=O)C(O)=C([*])C(C2OC(C)(C)OC2)O1 C1C(C)(C)NCCC1C* O=C1C=C(CC2CCNCC2)C(C2COCO2)O1 0.1750000 0.1750 0.6998965 0.6999 0.6666667 0.6667 0.3001035 0.3001 1.0000000 325.4050 0.5360392 4.4321 1.0000000 1.0000 0.0 1.0 0.3799671038392666 0.33333333333333337 []
 | 18.4081 32.1445 54.2575 0.6750158 CC(C(=O)c1cnc2ccccn12)C1=C(O)C(C(O)CO)OC1=O 1 C(C1C(O)=C([*])C(=O)O1)(O)CO c1c(C(=O)C(*)C)n2ccccc2n1 O=C1OCC=C1CC(=O)c1cnc2ccccn12 0.6500000 0.6500 0.5881177 0.5881 0.6666667 0.6667 0.4118823 0.4119 1.0000000 332.3120 0.5431340 4.1220 1.0000000 1.0000 0.0 1.0 0.47696960070847283 0.33333333333333337 []
21:28:56 <WARN> reinvent_plugins.normalizers.rdkit_smiles: n12cccnc1CC(CCC*)(C)C2=O could not be converted
21:28:56 <WARN> reinvent_plugins.normalizers.rdkit_smiles: O1c2ncnn(C3CCC(*)CC3)c2CC1 could not be converted
21:28:56 <WARN> reinvent_plugins.normalizers.rdkit_smiles: C1(=O)C(*)(C)CN2C(=O)C(C)C(C)C(O)C2O could not be converted
21:28:56 <WARN> reinvent_plugins.normalizers.rdkit_smiles: C12C3(C)CCC1CCC2*1C1(C)C(C)CCC3 could not be converted
21:28:56 <WARN> reinvent_plugins.normalizers.rdkit_smiles: C1C(*)CCN(C(CCc2nc4ccccn3cc2=O)=O)C1 could not be converted
21:28:56 <WARN> reinvent_plugins.normalizers.rdkit_smiles: C1C(c2cc(-c3cncc(C)c2)CC(*)C(O)C(C)(CO)C3)CCCC1 could not be converted
21:28:56 <WARN> reinvent_plugins.normalizers.rdkit_smiles: n1c2[nH]nc(C)c2nn(C)c1* could not be converted
21:28:56 <WARN> reinvent_plugins.normalizers.rdkit_smiles: O=c1c(*)cc2cccc(C)n2c1CO could not be converted
21:28:56 <WARN> reinvent_plugins.normalizers.rdkit_smiles: C1(C)(C)C(=O)CCC2(*)CCCC(CO)O2 could not be converted
21:28:56 <WARN> reinvent_plugins.normalizers.rdkit_smiles: C(*)C1C(=C)CCC(C(C1CCOC(C)COC1)C)=C could not be converted
21:28:56 <WARN> reinvent_plugins.normalizers.rdkit_smiles: c1(O*)[nH]c2c(cccc2)cc1 could not be converted
21:29:10 <INFO> Score: 0.47 Agent NLL: 19.74 Valid:  98% Step: 40
 | Agent Prior Target Score SMILES SMILES_state Input_Scaffold R-groups Scaffold predicted_activity predicted_activity (raw) training_similarity training_similarity (raw) taf_consistency taf_consistency (raw) novelty novelty (raw) MW_window MW_window (raw) synthetic_feasibility synthetic_feasibility (raw) curated alerts filter curated alerts filter (raw) stereo_validity (predicted_activity) scaffold_novelty (predicted_activity) uncertainty (predicted_activity) taf_disrupted (predicted_activity) matchting_patterns (curated alerts filter)
 | 30.7033 38.6489 48.1953 0.6784705 CC1(C(Br)CCC(Cc2ccccc2)C(O)C2CC2)OCC(C2OC(=O)C(O)=C2O)O1 1 C1C(C2OC(=O)C(O)=C2O)OC([*])(C)O1 *C(Br)CCC(Cc1ccccc1)C(O)C1CC1 O=C1C=CC(C2COC(CCCC(Cc3ccccc3)CC3CC3)O2)O1 0.4600000 0.4600 0.6400757 0.6401 1.0000000 1.0000 0.3599243 0.3599 1.0000000 497.3820 0.5288298 4.7465 1.0000000 1.0000 0.0 1.0 0.49839743177508444 0.0 []
 | 48.9005 69.7652 -68.6288 0.0088781 CC1=C(C(C=Cc2cccc(F)c2)OC(C)O)C2(CCC(=O)C2C2=C(O)C(=O)OC2C2COC(C)(C)O2)CC1C 1 OC1=C([*])C(C2OC(C)(C)OC2)OC1=O C12(CCC(=O)C1*)CC(C)C(C)=C2C(OC(C)O)C=Cc1cc(F)ccc1 O=C1C=C(C2C(=O)CCC23CCC=C3CC=Cc2ccccc2)C(C2COCO2)O1 0.2400000 0.2400 0.5581563 0.5582 0.6666667 0.6667 0.4418437 0.4418 0.0000000 556.6270 0.5064828 5.7184 1.0000000 1.0000 0.0 1.0 0.4270831300812524 0.33333333333333337 []
 | 25.1186 31.3131 49.6357 0.6324121 CC1(C)OCC1C1C(=O)CC(=O)C1(C)C1=C(O)C(C(O)CO)OC1=O 1 O=C1OC(C(O)CO)C(O)=C1[*] O=C1C(*)(C)C(C2C(C)(C)OC2)C(=O)C1 O=C1OCC=C1C1C(=O)CC(=O)C1C1COC1 0.4800000 0.4800 0.6126329 0.6126 0.6666667 0.6667 0.3873671 0.3874 1.0000000 354.3550 0.5231370 4.9945 1.0000000 1.0000 0.0 1.0 0.4995998398718719 0.33333333333333337 []
 | 41.1146 40.7012 26.5059 0.5250551 O=C1C=C2CCC3(CCc4cccc(OCC5OC(C(O)CO)C(O)=C5O)c4SC3)C2CC1 1 OC1=C(O)C([*])OC1C(O)CO C1=C2C(CCC1=O)C1(CSc3c(OC*)cccc3CC1)CC2 O=C1C=C2CCC3(CCc4cccc(OCC5C=CCO5)c4SC3)C2CC1 0.4550000 0.4550 0.4577377 0.4577 0.3333333 0.3333 0.5568706 0.5569 1.0000000 474.5750 0.5124835 5.4577 1.0000000 1.0000 0.0 1.0 0.49797088268291345 0.6666666666666667 []
 | 16.1933 21.1435 -21.1435 0.0000000 C#CCC1CCN(C2OC(C(O)CBr)C(O)=C2O)CC1 1 O1C(C(CBr)O)C(O)=C(O)C1[*] C1N(*)CCC(CC#C)C1 C1=CC(N2CCCCC2)OC1 0.3900000 0.3900 0.4961389 0.4961 0.6666667 0.6667 0.5038611 0.5039 1.0000000 346.2210 0.5305893 4.6699 1.0000000 1.0000 0.0 1.0 0.4877499359302879 0.33333333333333337 []
 | 26.9045 40.3832 -40.3832 0.0000000 n12cccnc1CC(CCC*)(C)C2=O 0 OC1=C(O)C(C(CO)O)OC1[*] n12cccnc1CC(CCC*)(C)C2=O -- 0.0000000 0.0000 0.0000000 0.0000 0.0000000 0.0000 0.0000000 0.0000 0.0000000 0.0000 0.0000000 0.0000 0.0000000 0.0000 None None None None None
 | 22.2774 35.1603 45.8191 0.6326512 N#CC1(c2ccccn2)CCC(C2OC(C(O)CO)C(OCc3ccccc3)=C2O)C1 1 C(C1OC([*])C(O)=C1OCc1ccccc1)(O)CO C(C1(c2ncccc2)CC(*)CC1)#N C1=C(OCc2ccccc2)COC1C1CCC(c2ccccn2)C1 0.4850000 0.4850 0.5942669 0.5943 0.6666667 0.6667 0.4057331 0.4057 1.0000000 422.4810 0.5363921 4.4167 1.0000000 1.0000 0.0 1.0 0.4997749493522059 0.33333333333333337 []
 | 23.8544 37.8880 30.0693 0.5309160 CC(C)C1(C(=O)OC(C)(C)C)CC(C)(C)C1CC1(C)OCC(C2OC(=O)C(O)=C2O)O1 1 C1C(C2OC(=O)C(O)=C2O)OC([*])(C)O1 C1(C*)C(C)(C)CC1(C(OC(C)(C)C)=O)C(C)C O=C1C=CC(C2COC(CC3CCC3)O2)O1 0.3700000 0.3700 0.6400757 0.6401 0.3333333 0.3333 0.3599243 0.3599 1.0000000 440.5330 0.5215253 5.0646 1.0000000 1.0000 0.0 1.0 0.4828043081829324 0.6666666666666667 []
 | 21.6932 28.9714 33.9419 0.4915099 CCCNC1CC(CC2=C(O)C(=O)OC2C2COC(C)(C)O2)C1 1 OC1=C([*])C(C2OC(C)(C)OC2)OC1=O C(NC1CC(C*)C1)CC O=C1C=C(CC2CCC2)C(C2COCO2)O1 0.1400000 0.1400 0.6924107 0.6924 0.6666667 0.6667 0.3075893 0.3076 1.0000000 325.4050 0.5462157 3.9871 1.0000000 1.0000 0.0 1.0 0.34698703145794946 0.33333333333333337 []
 | 13.8995 22.2614 64.1061 0.6747459 CC1(C)C(=O)NC1C1=C(O)C(C(O)CO)OC1=O 1 O=C1OC(C(O)CO)C(O)=C1[*] N1C(*)C(C)(C)C1=O O=C1CC(C2=CCOC2=O)N1 0.5850000 0.5850 0.7000000 0.7000 0.6666667 0.6667 0.3000000 0.3000 1.0000000 257.2420 0.5353675 4.4614 1.0000000 1.0000 0.0 1.0 0.4927220311697053 0.33333333333333337 []
21:29:11 <WARN> reinvent_plugins.normalizers.rdkit_smiles: C1(C)CCC(C)=C2C(C(*)=O)CCC(c2ncccc1)C2 could not be converted
21:29:11 <WARN> reinvent_plugins.normalizers.rdkit_smiles: C1(C)(CS(*)(=O)=O)C(=O)CC(C)O1C could not be converted
21:29:11 <WARN> reinvent_plugins.normalizers.rdkit_smiles: c1c(=C)[nH]cc(C(CNC)(C)*)c1=O could not be converted
21:29:11 <WARN> reinvent_plugins.normalizers.rdkit_smiles: N1(*)CC(C)n2cccn21 could not be converted
21:29:11 <WARN> reinvent_plugins.normalizers.rdkit_smiles: c1(F)cc(Br)ccc1-c1cc2n(CCC)c(=O)c(C)cn2n1* could not be converted
21:29:11 <WARN> reinvent_plugins.normalizers.rdkit_smiles: c1c(C)n(C)nc(C)c1O* could not be converted
21:29:11 <WARN> reinvent_plugins.normalizers.rdkit_smiles: C1C(N*)C(C)C(=O)C=O1 could not be converted
21:29:11 <WARN> reinvent_plugins.normalizers.rdkit_smiles: c12cnnc1nccc2* could not be converted
21:29:11 <WARN> reinvent_plugins.normalizers.rdkit_smiles: C12C(C)CCCC12C(C*)C could not be converted
21:29:11 <WARN> reinvent_plugins.normalizers.rdkit_smiles: [N+](C(C*)=CC1CCCCC1C)(C)nc1ccccc1 could not be converted
21:29:11 <WARN> reinvent_plugins.normalizers.rdkit_smiles: C1=C(C*)C2(C)CCC3C4(C)CCCC(C)CC3C12C could not be converted
21:29:11 <WARN> reinvent_plugins.normalizers.rdkit_smiles: C1(C)C(=O)CCC(Cn2c(=O)cnc3ccccc23)C1C1C(C)(C)CO1C* could not be converted
21:29:11 <WARN> reinvent_plugins.normalizers.rdkit_smiles: c1nc(-c2cc(C)ns2)ccn1C* could not be converted
21:29:11 <WARN> reinvent_plugins.normalizers.rdkit_smiles: C1C(*)CCN(C(c2cc(Cl)cnc2)C)(C)C1 could not be converted
21:29:11 <WARN> reinvent_plugins.normalizers.rdkit_smiles: C1(C(C*)c2cc(C)cnc2)C1 could not be converted
21:29:11 <WARN> reinvent_plugins.normalizers.rdkit_smiles: O=C1C1C* could not be converted
21:29:26 <INFO> Score: 0.49 Agent NLL: 20.57 Valid:  96% Step: 41
 | Agent Prior Target Score SMILES SMILES_state Input_Scaffold R-groups Scaffold predicted_activity predicted_activity (raw) training_similarity training_similarity (raw) taf_consistency taf_consistency (raw) novelty novelty (raw) MW_window MW_window (raw) synthetic_feasibility synthetic_feasibility (raw) curated alerts filter curated alerts filter (raw) stereo_validity (predicted_activity) scaffold_novelty (predicted_activity) uncertainty (predicted_activity) taf_disrupted (predicted_activity) matchting_patterns (curated alerts filter)
 | 15.9410 33.5857 35.1905 0.5373143 Cc1nnn(C2CCCC2C2(C)OCC(C3OC(=O)C(O)=C3O)O2)n1 1 C1(O)=C(O)C(=O)OC1C1COC([*])(C)O1 C1C(n2nnc(C)n2)C(*)CC1 O=C1C=CC(C2COC(C3CCCC3n3ncnn3)O2)O1 0.3800000 0.3800 0.6647030 0.6647 0.3333333 0.3333 0.3352970 0.3353 1.0000000 352.3470 0.5253580 4.8978 1.0000000 1.0000 0.0 1.0 0.48538644398046393 0.6666666666666667 []
 | 32.0335 41.2698 17.8379 0.4617795 Cc1c(CCC(CC2CCOCC2)C2=C(O)C(=O)OC2C2COC(C)(C)O2)[nH]c2ccccc12 1 OC1=C([*])C(C2OC(C)(C)OC2)OC1=O C(CCc1[nH]c2c(cccc2)c1C)(CC1CCOCC1)* O=C1C=C(C(CCc2cc3ccccc3[nH]2)CC2CCOCC2)C(C2COCO2)O1 0.2000000 0.2000 0.6114296 0.6114 0.3333333 0.3333 0.3885704 0.3886 1.0000000 469.5780 0.5404623 4.2389 1.0000000 1.0000 0.0 1.0 0.4 0.6666666666666667 []
 | 20.6067 31.7689 48.7629 0.6291549 NC(=O)C1NCC(C2=C(O)C(C(O)CO)OC2=O)C1C1CCCC1 1 O1C(=O)C([*])=C(O)C1C(CO)O C1(C2C(*)CNC2C(N)=O)CCCC1 O=C1OCC=C1C1CNCC1C1CCCC1 0.4650000 0.4650 0.6126329 0.6126 0.6666667 0.6667 0.3873671 0.3874 1.0000000 340.3760 0.5321188 4.6032 1.0000000 1.0000 0.0 1.0 0.4987734956871706 0.33333333333333337 []
 | 23.3123 27.9230 47.6052 0.5900639 CC1(C#CC2OC(C(O)CO)C(O)=C2O)C(=O)CC(C)(C(=O)O)C1=O 1 OCC(C1OC([*])C(O)=C1O)O O=C1C(C#C*)(C)C(=O)CC1(C)C(O)=O O=C1CCC(=O)C1C#CC1C=CCO1 0.4150000 0.4150 0.4959410 0.4959 0.6666667 0.6667 0.5040590 0.5041 1.0000000 354.3110 0.5150967 5.3442 1.0000000 1.0000 0.0 1.0 0.49272203116970525 0.33333333333333337 []
 | 35.1646 46.4298 -46.4298 0.0000000 CC(=O)C1(C#CC2OC(C(O)CBr)C(O)=C2O)C=C(C)C(=O)OCCC1C 1 C(C(C1OC([*])C(O)=C1O)O)Br C1C(C)C(C(=O)C)(C#C*)C=C(C)C(=O)OC1 O=C1C=CC(C#CC2C=CCO2)CCCO1 0.0000000 0.0000 0.0000000 0.0000 0.0000000 0.0000 0.0000000 0.0000 0.0000000 0.0000 0.0000000 0.0000 0.0000000 0.0000 None None None None ['[*;r{8-17}]']
 | 26.1743 37.3879 27.9586 0.5105200 CC1CN(C)CCN(C)C1c1cncc(C2OC(C(O)CO)C(O)=C2O)n1 1 C1(O)=C(O)C(C(O)CO)OC1[*] C1(c2nc(*)cnc2)C(C)CN(C)CCN1C C1=CC(c2cncc(C3CCNCCN3)n2)OC1 0.4200000 0.4200 0.4293148 0.4293 0.3333333 0.3333 0.5706852 0.5707 1.0000000 380.4450 0.5258956 4.8744 1.0000000 1.0000 0.0 1.0 0.49355850717012273 0.6666666666666667 []
 | 14.4794 19.8536 53.5826 0.5737207 COc1cc(C2OC(C(O)CO)C(OCc3ccccc3)=C2O)nc(N)n1 1 C1([*])C(O)=C(OCc2ccccc2)C(C(CO)O)O1 COc1nc(N)nc(*)c1 C1=C(OCc2ccccc2)COC1c1ccncn1 0.5200000 0.5200 0.6264123 0.6264 0.3333333 0.3333 0.3735877 0.3736 1.0000000 375.3810 0.5457758 4.0064 1.0000000 1.0000 0.0 1.0 0.4995998398718719 0.6666666666666667 []
 | 13.9946 23.5956 43.9657 0.5278226 C=CCC1C(C)CCC1C1(C)OCC(C2OC(=O)C(O)=C2O)O1 1 C1(O)=C(O)C(=O)OC1C1COC([*])(C)O1 C1(C)C(CC=C)C(*)CC1 O=C1C=CC(C2COC(C3CCCC3)O2)O1 0.3450000 0.3450 0.6851601 0.6852 0.3333333 0.3333 0.3148399 0.3148 1.0000000 324.3730 0.5239955 4.9571 1.0000000 1.0000 0.0 1.0 0.4753682782853732 0.6666666666666667 []
 | 47.1628 63.6600 6.1623 0.5454866 CC(=O)NCC(C1CC(C)(C)OC1=C(C)C(=O)C1=C(O)C(=O)OC1C1COC(C)(C)O1)n1ccnc1 1 OC1=C([*])C(C2OC(C)(C)OC2)OC1=O C1C(C)(C)OC(=C(C)C(*)=O)C1C(n1ccnc1)CNC(=O)C O=C1C=C(C(=O)C=C2OCCC2Cn2ccnc2)C(C2COCO2)O1 0.2550000 0.2550 0.5843065 0.5843 0.6666667 0.6667 0.4156935 0.4157 1.0000000 503.5520 0.5235183 4.9779 1.0000000 1.0000 0.0 1.0 0.43586121644395015 0.33333333333333337 []
 | 35.8572 42.0186 40.4527 0.6443068 Cc1cccc(O)c1C(CC1=C(O)C(C(O)CO)OC1=O)C(C)Cn1cc(C)c(=O)[nH]c1=O 1 O1C(=O)C([*])=C(O)C1C(CO)O c1ccc(C)c(C(C*)C(Cn2cc(C)c(=O)[nH]c2=O)C)c1O O=C1OCC=C1CC(CCn1ccc(=O)[nH]c1=O)c1ccccc1 0.5600000 0.5600 0.5467935 0.5468 0.6666667 0.6667 0.4532065 0.4532 1.0000000 460.4830 0.5358449 4.4406 1.0000000 1.0000 0.0 1.0 0.4963869458396343 0.33333333333333337 []
21:29:27 <WARN> reinvent_plugins.normalizers.rdkit_smiles: C1(C*)C(C)C(=O)O(C)CC1 could not be converted
21:29:27 <WARN> reinvent_plugins.normalizers.rdkit_smiles: C1(CSC)C(*)C(c2[nH]cncc2)=CO1 could not be converted
21:29:27 <WARN> reinvent_plugins.normalizers.rdkit_smiles: C1C(C*)CO=CC1=O could not be converted
21:29:27 <WARN> reinvent_plugins.normalizers.rdkit_smiles: *N1CCc2cc3ccccc2nc1CC=CCC(C)C could not be converted
21:29:27 <WARN> reinvent_plugins.normalizers.rdkit_smiles: c12c(c3cccc(C*)c3n1C)nc[nH]c1=O could not be converted
21:29:27 <WARN> reinvent_plugins.normalizers.rdkit_smiles: O=C1C2(CO)C(=O)C(*)C(=O)CO2C(C)C1 could not be converted
21:29:27 <WARN> reinvent_plugins.normalizers.rdkit_smiles: C1(C*)CC(=O)N(CCn2c3c(ccccc3)cc2)C1 could not be converted
21:29:27 <WARN> reinvent_plugins.normalizers.rdkit_smiles: c1cc2c(C*)nc3ccc(F)nn13ccc2 could not be converted
21:29:27 <WARN> reinvent_plugins.normalizers.rdkit_smiles: n1nc(Cl)nc2ccccc12C* could not be converted
21:29:27 <WARN> reinvent_plugins.normalizers.rdkit_smiles: C1(C)CCN(C(CC1CC(C)OCC1)=O)CC#C* could not be converted
21:29:27 <WARN> reinvent_plugins.normalizers.rdkit_smiles: C1(=O)C(*)Cc1ccc(OC(C)(C)C)cc1 could not be converted
21:29:27 <WARN> reinvent_plugins.normalizers.rdkit_smiles: n1(CC*)n[nH]c2nc(C)c(-c3ccccc3)cc2c1=O could not be converted
21:29:27 <WARN> reinvent_plugins.normalizers.rdkit_smiles: C1CC(C#C*)C2(=NC(C(C)C)CC2)C1=O could not be converted
21:29:27 <WARN> reinvent_plugins.normalizers.rdkit_smiles: c12n(cc(C)c(=O)[nH]1)CC(C)C(=O)C2* could not be converted
21:29:27 <WARN> reinvent_plugins.normalizers.rdkit_smiles: C1(C)(*)C(=O)C(c2ncccc3C(C)N(C)C2=C)C2COC(C)(C)C(C)CC22C1(C)COC2 could not be converted
21:29:27 <WARN> reinvent_plugins.normalizers.rdkit_smiles: C1(C)CC(C)(*)C12C1(C)C(=O)c2cccn1 could not be converted
21:29:27 <WARN> reinvent_plugins.normalizers.rdkit_smiles: C1(=O)CCC(C)(CO)C1C(C(C)=OC*)=O could not be converted
21:29:27 <WARN> reinvent_plugins.normalizers.rdkit_smiles: O=C1CCCO2CCC(C)NC2C1* could not be converted
21:29:27 <WARN> reinvent_plugins.normalizers.rdkit_smiles: C1(=O)C(*)C(C1S(CCCc2ccccc2)(=O)=O)CCCC1 could not be converted
21:29:41 <INFO> Score: 0.49 Agent NLL: 20.10 Valid:  96% Step: 42
 | Agent Prior Target Score SMILES SMILES_state Input_Scaffold R-groups Scaffold predicted_activity predicted_activity (raw) training_similarity training_similarity (raw) taf_consistency taf_consistency (raw) novelty novelty (raw) MW_window MW_window (raw) synthetic_feasibility synthetic_feasibility (raw) curated alerts filter curated alerts filter (raw) stereo_validity (predicted_activity) scaffold_novelty (predicted_activity) uncertainty (predicted_activity) taf_disrupted (predicted_activity) matchting_patterns (curated alerts filter)
 | 13.2190 20.3400 52.9727 0.5727558 CC1(C)CC(=O)C(C2(C)OCC(C3OC(=O)C(O)=C3O)O2)C1=O 1 O1C(C2OC(C)([*])OC2)C(O)=C(O)C1=O C1(*)C(=O)CC(C)(C)C1=O O=C1C=CC(C2COC(C3C(=O)CCC3=O)O2)O1 0.4750000 0.4750 0.7505553 0.7506 0.3333333 0.3333 0.2494447 0.2494 1.0000000 326.3010 0.5274446 4.8069 1.0000000 1.0000 0.0 1.0 0.4993746088859544 0.6666666666666667 []
 | 15.0666 28.4808 33.6019 0.4850212 CC1CC(=O)C1=CCC1=C(O)C(=O)OC1C1COC(C)(C)O1 1 [*]C1=C(O)C(=O)OC1C1OC(C)(C)OC1 C1(C)C(=CC*)C(=O)C1 O=C1C=C(CC=C2CCC2=O)C(C2COCO2)O1 0.2300000 0.2300 0.7076303 0.7076 0.3333333 0.3333 0.2923697 0.2924 1.0000000 308.3300 0.5318621 4.6144 1.0000000 1.0000 0.0 1.0 0.4208325082500163 0.6666666666666667 []
 | 16.1962 24.0373 59.2397 0.6506014 CC1CC(=O)CC1COC(=O)C1=C(O)C(C(O)CO)OC1=O 1 C1(C(O)CO)OC(=O)C([*])=C1O C1(COC(=O)*)CC(=O)CC1C O=C1CCC(COC(=O)C2=CCOC2=O)C1 0.5300000 0.5300 0.6260991 0.6261 0.6666667 0.6667 0.3739009 0.3739 1.0000000 314.2900 0.5378244 4.3542 1.0000000 1.0000 0.0 1.0 0.49909918853871116 0.33333333333333337 []
 | 16.0410 20.6159 47.5636 0.5326521 CC1(C)CC(=O)C1=CC1OC(C(O)CO)C(O)=C1O 1 C1(O)=C(O)C([*])OC1C(O)CO C1(=O)CC(C)(C)C1=C* O=C1CCC1=CC1C=CCO1 0.4150000 0.4150 0.5515528 0.5516 0.3333333 0.3333 0.4484472 0.4484 1.0000000 270.2810 0.5265406 4.8463 1.0000000 1.0000 0.0 1.0 0.49272203116970525 0.6666666666666667 []
 | 17.9883 31.0894 41.6712 0.5684421 OC1=C(O)C(C(O)CBr)OC1C#CCC1CC1C1CCC1 1 OC(CBr)C1C(O)=C(O)C([*])O1 C1C(CC#C*)C1C1CCC1 C(#CC1C=CCO1)CC1CC1C1CCC1 0.3600000 0.3600 0.4785189 0.4785 0.6666667 0.6667 0.5214811 0.5215 1.0000000 357.2440 0.5183510 5.2027 1.0000000 1.0000 0.0 1.0 0.48 0.33333333333333337 []
 | 31.7197 42.2433 18.1912 0.4721442 CCCCC1=C(C)CC2CN(S(=O)(=O)C3OC(C(O)CO)C(O)=C3O)CC12 1 OC(C1OC([*])C(O)=C1O)CO N1(S(=O)(=O)*)CC2C(C1)C(CCCC)=C(C)C2 O=S(=O)(C1C=CCO1)N1CC2C=CCC2C1 0.2800000 0.2800 0.4587980 0.4588 0.3333333 0.3333 0.5428571 0.5429 1.0000000 403.4970 0.5231582 4.9935 1.0000000 1.0000 0.0 1.0 0.44899888641287294 0.6666666666666667 []
 | 15.8587 35.2525 41.8789 0.6025887 O=C1C(CC2OC(C(O)CO)C(OCc3ccccc3)=C2O)C(=O)C1c1ncccn1 1 c1cc(COC2=C(O)C([*])OC2C(O)CO)ccc1 C1(=O)C(C*)C(=O)C1c1ncccn1 O=C1C(CC2C=C(OCc3ccccc3)CO2)C(=O)C1c1ncccn1 0.6150000 0.6150 0.6906139 0.6906 0.3333333 0.3333 0.3093861 0.3094 1.0000000 426.4250 0.5384706 4.3259 1.0000000 1.0000 0.0 1.0 0.4865953144040744 0.6666666666666667 []
 | 17.6834 26.2298 -26.2298 0.0000000 C1(C*)C(C)C(=O)O(C)CC1 0 O1C(C2OC(C)([*])OC2)C(O)=C(O)C1=O C1(C*)C(C)C(=O)O(C)CC1 -- 0.0000000 0.0000 0.0000000 0.0000 0.0000000 0.0000 0.0000000 0.0000 0.0000000 0.0000 0.0000000 0.0000 0.0000000 0.0000 None None None None None
 | 13.8810 25.8314 39.8796 0.5133669 CC1(C)OCC(C2OC(=O)C(O)=C2C(=O)C2C(=O)COC2(C)C)O1 1 [*]C1=C(O)C(=O)OC1C1OC(C)(C)OC1 O=C1COC(C)(C)C1C(*)=O O=C1C=C(C(=O)C2COCC2=O)C(C2COCO2)O1 0.2900000 0.2900 0.7413457 0.7413 0.3333333 0.3333 0.2586543 0.2587 1.0000000 340.3280 0.5337277 4.5330 1.0000000 1.0000 0.0 1.0 0.4537620521815371 0.6666666666666667 []
 | 12.9966 16.9336 66.7481 0.6537635 CC1(C)CCC(=O)CC1C1=C(O)C(C(O)CO)OC1=O 1 C1(C(O)CO)OC(=O)C([*])=C1O CC1(C)C(*)CC(=O)CC1 O=C1CCCC(C2=CCOC2=O)C1 0.5200000 0.5200 0.6640783 0.6641 0.6666667 0.6667 0.3359217 0.3359 1.0000000 284.3080 0.5414915 4.1939 1.0000000 1.0000 0.0 1.0 0.4995998398718719 0.33333333333333337 []
21:29:42 <WARN> reinvent_plugins.normalizers.rdkit_smiles: N1(*)C(=O)C(C)(CCCc2c(=O)n3c(nccc3)[nH]2)C(C)(C)C1=O could not be converted
21:29:42 <WARN> reinvent_plugins.normalizers.rdkit_smiles: C1C(C)=CC(C)(C)CO1C* could not be converted
21:29:42 <WARN> reinvent_plugins.normalizers.rdkit_smiles: C1(C*)C(C)(C)CCc1nccn1 could not be converted
21:29:42 <WARN> reinvent_plugins.normalizers.rdkit_smiles: C1Cn2ncn(C*)c2C(=O)NC1C could not be converted
21:29:42 <WARN> reinvent_plugins.normalizers.rdkit_smiles: C1(CC)(*)CC12C(c1n(C)c3c(N)nccc3CC1)C(=O)O2 could not be converted
21:29:42 <WARN> reinvent_plugins.normalizers.rdkit_smiles: C1(C(C)=C)CCCN(C)(*)C1 could not be converted
21:29:42 <WARN> reinvent_plugins.normalizers.rdkit_smiles: C1(C)NC(Cc2nnc3cccnc-3n2*)CO1 could not be converted
21:29:42 <WARN> reinvent_plugins.normalizers.rdkit_smiles: C1(Cc2ccccc2C*)C(=C(C)C)C(=Cc1ccccc1)C(O)=O could not be converted
21:29:42 <WARN> reinvent_plugins.normalizers.rdkit_smiles: C1(C*)N1C(c1n(C)c2ncccc2c1)=O could not be converted
21:29:43 <WARN> reinvent_plugins.normalizers.rdkit_smiles: CC1(C*)C(=O)C(C1(Cl)C)C1 could not be converted
21:29:43 <WARN> reinvent_plugins.normalizers.rdkit_smiles: c1nc(CC2CCCC2)n1CCC(c1ncccn1*)CC could not be converted
21:29:43 <WARN> reinvent_plugins.normalizers.rdkit_smiles: C1(O)(*)C1(C)C1CC1 could not be converted
21:29:43 <WARN> reinvent_plugins.normalizers.rdkit_smiles: O=C(CCn1nnc2ccccc12*)O could not be converted
21:29:58 <INFO> Score: 0.50 Agent NLL: 19.80 Valid:  97% Step: 43
 | Agent Prior Target Score SMILES SMILES_state Input_Scaffold R-groups Scaffold predicted_activity predicted_activity (raw) training_similarity training_similarity (raw) taf_consistency taf_consistency (raw) novelty novelty (raw) MW_window MW_window (raw) synthetic_feasibility synthetic_feasibility (raw) curated alerts filter curated alerts filter (raw) stereo_validity (predicted_activity) scaffold_novelty (predicted_activity) uncertainty (predicted_activity) taf_disrupted (predicted_activity) matchting_patterns (curated alerts filter)
 | 28.7508 39.9069 28.5018 0.5344426 C=Cc1c(COC(=O)CCC2(C)OCC(C3OC(=O)C(O)=C3O)O2)n[nH]c1C 1 C1(O)=C(O)C(C2OC([*])(C)OC2)OC1=O c1(COC(CC*)=O)c(C=C)c(C)[nH]n1 O=C1C=CC(C2COC(CCC(=O)OCc3cc[nH]n3)O2)O1 0.3900000 0.3900 0.6077819 0.6078 0.3333333 0.3333 0.3922181 0.3922 1.0000000 394.3800 0.5339096 4.5251 1.0000000 1.0000 0.0 1.0 0.4877499359302879 0.6666666666666667 []
 | 8.0172 16.6663 44.6304 0.4788804 CC1(C)OCC(C2OC(=O)C(O)=C2C2C(=O)CCC2(C)C)O1 1 OC1=C([*])C(C2OC(C)(C)OC2)OC1=O C1(C)(C)C(*)C(=O)CC1 O=C1C=C(C2CCCC2=O)C(C2COCO2)O1 0.2100000 0.2100 0.7505553 0.7506 0.3333333 0.3333 0.2494447 0.2494 1.0000000 310.3460 0.5388206 4.3106 1.0000000 1.0000 0.0 1.0 0.4073082370883261 0.6666666666666667 []
 | 21.3305 31.5719 47.6066 0.6185817 CC1(C2CCCC2CC(=O)O)CC1C1=C(O)C(C(O)CO)OC1=O 1 C(C1OC(=O)C([*])=C1O)(O)CO C1(*)CC1(C)C1C(CC(=O)O)CCC1 O=C1OCC=C1C1CC1C1CCCC1 0.4400000 0.4400 0.5939697 0.5940 0.6666667 0.6667 0.4060303 0.4060 1.0000000 340.3720 0.5326753 4.5789 1.0000000 1.0000 0.0 1.0 0.4963869458396343 0.33333333333333337 []
 | 38.9888 52.4557 -52.4557 0.0000000 N1(*)C(=O)C(C)(CCCc2c(=O)n3c(nccc3)[nH]2)C(C)(C)C1=O 0 OCC(C1OC([*])C(O)=C1O)O N1(*)C(=O)C(C)(CCCc2c(=O)n3c(nccc3)[nH]2)C(C)(C)C1=O -- 0.0000000 0.0000 0.0000000 0.0000 0.0000000 0.0000 0.0000000 0.0000 0.0000000 0.0000 0.0000000 0.0000 0.0000000 0.0000 None None None None None
 | 17.6265 27.3912 -27.3912 0.0000000 CC(C)C1OCC(C2OC(C(O)CBr)C(O)=C2O)C1(C)C 1 C1([*])OC(C(CBr)O)C(O)=C1O C1(C)(C)C(*)COC1C(C)C C1=CC(C2CCOC2)OC1 0.3650000 0.3650 0.5271476 0.5271 0.6666667 0.6667 0.4728524 0.4729 1.0000000 365.2640 0.5193710 5.1583 1.0000000 1.0000 0.0 1.0 0.4814301610825811 0.33333333333333337 []
 | 11.8620 13.4601 -13.4601 0.0000000 O=C1CC(C2OC(C(O)CO)C(O)=C2O)CC(=O)O1 1 O1C(C(CO)O)C(O)=C(O)C1[*] O=C1CC(*)CC(=O)O1 O=C1CC(C2C=CCO2)CC(=O)O1 0.4850000 0.4850 0.6266796 0.6267 0.6666667 0.6667 0.3733204 0.3733 1.0000000 274.2250 0.5345972 4.4951 1.0000000 1.0000 0.0 1.0 0.4997749493522059 0.33333333333333337 []
 | 14.9008 30.4377 52.1358 0.6451055 C#CC1(C2OC(C(O)CO)C(OCc3ccccc3)=C2O)CCC=C1C 1 c1c(COC2=C(O)C([*])OC2C(O)CO)cccc1 C1(C)=CCCC1(*)C#C C1=CC(C2C=C(OCc3ccccc3)CO2)CC1 0.5150000 0.5150 0.6206915 0.6207 0.6666667 0.6667 0.3793085 0.3793 1.0000000 356.4180 0.5338997 4.5255 1.0000000 1.0000 0.0 1.0 0.4997749493522059 0.33333333333333337 []
 | 38.0010 50.5547 16.2996 0.5222994 CC(=O)N1CCC(C(C(=O)O)N(C)C(=O)C2CC2CC2(C)OCC(C3OC(=O)C(O)=C3O)O2)CC1C 1 C1(O)=C(O)C(C2OC([*])(C)OC2)OC1=O C1C(C*)C1C(N(C)C(C(=O)O)C1CCN(C(=O)C)C(C)C1)=O O=C1C=CC(C2COC(CC3CC3C(=O)NCC3CCNCC3)O2)O1 0.3600000 0.3600 0.6022347 0.6022 0.3333333 0.3333 0.3977653 0.3978 1.0000000 510.5400 0.5160389 5.3032 1.0000000 1.0000 0.0 1.0 0.48 0.6666666666666667 []
 | 22.9047 32.3871 28.0639 0.4722733 CC1(C)OCC(C2OC(=O)C(O)=C2C2C(=O)CC(=O)C(C)(Cc3ccccc3)C2(C)C)O1 1 OC1=C([*])C(C2OC(C)(C)OC2)OC1=O C1(C)(C)C(*)C(=O)CC(=O)C1(Cc1ccccc1)C O=C1C=C(C2CC(Cc3ccccc3)C(=O)CC2=O)C(C2COCO2)O1 0.2000000 0.2000 0.6978756 0.6979 0.3333333 0.3333 0.3417194 0.3417 1.0000000 442.5080 0.5346266 4.4938 1.0000000 1.0000 0.0 1.0 0.4000000000000001 0.6666666666666667 []
 | 11.7242 16.5116 70.3441 0.6785597 CC1C=CC(C2=C(O)C(C(O)CO)OC2=O)C1 1 C(C1OC(=O)C([*])=C1O)(O)CO C1(*)C=CC(C)C1 O=C1OCC=C1C1C=CCC1 0.6100000 0.6100 0.6813300 0.6813 0.6666667 0.6667 0.3186700 0.3187 1.0000000 240.2550 0.5337373 4.5326 1.0000000 1.0000 0.0 1.0 0.4877499359302879 0.33333333333333337 []
21:29:59 <WARN> reinvent_plugins.normalizers.rdkit_smiles: C(Cn1ccc2ccccc12=O)* could not be converted
21:29:59 <WARN> reinvent_plugins.normalizers.rdkit_smiles: c1(C#CC1(C)C(=O)N(C*)C(=O)C1)C could not be converted
21:30:00 <WARN> reinvent_plugins.normalizers.rdkit_smiles: C1(*)CC(C)N(C)CC12O could not be converted
21:30:00 <WARN> reinvent_plugins.normalizers.rdkit_smiles: C1(C*)CCN(Cc2[nH]cc(C#CCC)cc2=O)CCC1 could not be converted
21:30:00 <WARN> reinvent_plugins.normalizers.rdkit_smiles: C1(C(=O)O)(O)C(*)c2cccc3cccc1c22 could not be converted
21:30:14 <INFO> Score: 0.51 Agent NLL: 19.23 Valid:  99% Step: 44
 | Agent Prior Target Score SMILES SMILES_state Input_Scaffold R-groups Scaffold predicted_activity predicted_activity (raw) training_similarity training_similarity (raw) taf_consistency taf_consistency (raw) novelty novelty (raw) MW_window MW_window (raw) synthetic_feasibility synthetic_feasibility (raw) curated alerts filter curated alerts filter (raw) stereo_validity (predicted_activity) scaffold_novelty (predicted_activity) uncertainty (predicted_activity) taf_disrupted (predicted_activity) matchting_patterns (curated alerts filter)
 | 11.7441 26.1975 56.7792 0.6482554 CC1(C)NC(=O)C1C1(C)OCC(C2OC(=O)C(O)=C2O)O1 1 C1([*])(C)OC(C2C(O)=C(O)C(=O)O2)CO1 C1(C)(C)NC(=O)C1* O=C1C=CC(C2COC(C3CNC3=O)O2)O1 0.4750000 0.4750 0.7601169 0.7601 0.6666667 0.6667 0.2398831 0.2399 1.0000000 299.2790 0.5251861 4.9053 1.0000000 1.0000 0.0 1.0 0.4993746088859544 0.33333333333333337 []
 | 17.6839 27.6282 42.6563 0.5490977 CC#Cc1ccncc1CC1=C(O)C(=O)OC1C1COC(C)(C)O1 1 C1(C2C([*])=C(O)C(=O)O2)OC(C)(C)OC1 *Cc1c(C#CC)ccnc1 O=C1C=C(Cc2cccnc2)C(C2COCO2)O1 0.2400000 0.2400 0.6520408 0.6520 0.6666667 0.6667 0.3479592 0.3480 1.0000000 329.3520 0.5407663 4.2256 1.0000000 1.0000 0.0 1.0 0.4270831300812525 0.33333333333333337 []
 | 14.6723 20.0409 73.1962 0.7284147 Cc1nc(Br)cn1CC1=C(O)C(C(O)CO)OC1=O 1 O=C1OC(C(CO)O)C(O)=C1[*] n1(C*)cc(Br)nc1C O=C1OCC=C1Cn1ccnc1 0.6300000 0.6300 0.6331738 0.6332 1.0000000 1.0000 0.3668262 0.3668 1.0000000 333.1380 0.5418728 4.1772 1.0000000 1.0000 0.0 1.0 0.4828043081829324 0.0 []
 | 21.3454 31.8036 37.2194 0.5392425 O=C1CC(O)(C2OC(C(O)CO)C(O)=C2O)C(Cc2ccccn2)C(=O)N1 1 OC1=C(O)C([*])OC1C(CO)O C1(Cc2ncccc2)C(O)(*)CC(=O)NC1=O O=C1CC(C2C=CCO2)C(Cc2ccccn2)C(=O)N1 0.4800000 0.4800 0.4898979 0.4899 0.3333333 0.3333 0.5101021 0.5101 1.0000000 380.3530 0.5292907 4.7265 1.0000000 1.0000 0.0 1.0 0.4995998398718719 0.6666666666666667 []
 | 25.3270 36.7028 39.4446 0.5949021 Cc1cc(OCC(=O)N2CCC(C3OC(C(O)CBr)C(O)=C3O)CC2)cnc1C 1 C(Br)C(O)C1OC([*])C(O)=C1O *C1CCN(C(COc2cnc(C)c(C)c2)=O)CC1 O=C(COc1cccnc1)N1CCC(C2C=CCO2)CC1 0.4400000 0.4400 0.4675719 0.4676 0.6666667 0.6667 0.5324281 0.5324 1.0000000 471.3480 0.5428118 4.1361 1.0000000 1.0000 0.0 1.0 0.4963869458396343 0.33333333333333337 []
 | 48.5486 55.1705 16.9519 0.5634562 CC(=O)CSCCC(=CO)c1nc(C2OC(C(O)CO)C(O)=C2O)c(C#CCN2CCOCC2)s1 1 OC1=C(O)C([*])OC1C(CO)O c1(*)nc(C(=CO)CCSCC(C)=O)sc1C#CCN1CCOCC1 C(#Cc1scnc1C1C=CCO1)CN1CCOCC1 0.4000000 0.4000 0.4006938 0.4007 0.6666667 0.6667 0.5993062 0.5993 1.0000000 526.6330 0.5232177 4.9909 1.0000000 1.0000 0.0 1.0 0.4898979485566356 0.33333333333333337 []
 | 14.8270 19.0191 66.6182 0.6690421 O=C1CC(C2OC(C(O)CO)C(OCc3ccccc3)=C2O)C(c2ccccc2)O1 1 C(OC1=C(O)C([*])OC1C(CO)O)c1ccccc1 C1(c2ccccc2)OC(=O)CC1* O=C1CC(C2C=C(OCc3ccccc3)CO2)C(c2ccccc2)O1 0.5500000 0.5500 0.7207354 0.7207 0.6666667 0.6667 0.2792646 0.2793 1.0000000 412.4380 0.5446826 4.0543 1.0000000 1.0000 0.0 1.0 0.49749371855331 0.33333333333333337 []
 | 39.3546 47.0649 29.3818 0.5972404 CC1(CC2CC(O)C(=O)C(OCC(O)CC3CCOCC3)C2)OCC(C2OC(=O)C(O)=C2O)O1 1 C1([*])(C)OC(C2C(O)=C(O)C(=O)O2)CO1 O(C1CC(C*)CC(O)C1=O)CC(O)CC1CCOCC1 O=C1C=CC(C2COC(CC3CCC(=O)C(OCCCC4CCOCC4)C3)O2)O1 0.3750000 0.3750 0.6077819 0.6078 0.6666667 0.6667 0.3922181 0.3922 1.0000000 486.5140 0.5177495 5.2288 1.0000000 1.0000 0.0 1.0 0.4841229182759271 0.33333333333333337 []
 | 16.6566 27.8391 39.7940 0.5283834 Cc1nccn1CC(C#N)C1=C(O)C(=O)OC1C1COC(C)(C)O1 1 C1(C2C([*])=C(O)C(=O)O2)OC(C)(C)OC1 Cc1nccn1CC(*)C#N O=C1C=C(CCn2ccnc2)C(C2COCO2)O1 0.2050000 0.2050 0.6400757 0.6401 0.6666667 0.6667 0.3599243 0.3599 1.0000000 333.3440 0.5368262 4.3978 1.0000000 1.0000 0.0 1.0 0.403701622488689 0.33333333333333337 []
 | 9.6759 14.4350 69.0470 0.6522037 CC1CCC(C2=C(O)C(C(O)CO)OC2=O)CC1 1 O=C1OC(C(CO)O)C(O)=C1[*] C1C(*)CCC(C)C1 O=C1OCC=C1C1CCCCC1 0.4900000 0.4900 0.7099295 0.7099 0.6666667 0.6667 0.2900705 0.2901 1.0000000 256.2980 0.5538235 3.6534 1.0000000 1.0000 0.0 1.0 0.49989998999799945 0.33333333333333337 []
21:30:15 <WARN> reinvent_plugins.normalizers.rdkit_smiles: O=C1C(C)CSc2c(*)n(C)n(-c3ccccc3)c21 could not be converted
21:30:15 <WARN> reinvent_plugins.normalizers.rdkit_smiles: BrC1C(O)(c2nc(*)c3ncn(C)c(=O)c32)CCOC1 could not be converted
21:30:15 <WARN> reinvent_plugins.normalizers.rdkit_smiles: C(C)C1(C(C)*)CCN(C(=O)C2C(C)(CSCc2sccc2)C)CC1C could not be converted
21:30:15 <WARN> reinvent_plugins.normalizers.rdkit_smiles: C1C(C#=C*)CC2(C)C(=O)C1(C)C2(C)C could not be converted
21:30:15 <WARN> reinvent_plugins.normalizers.rdkit_smiles: c1c(C)[nH]cn1* could not be converted
21:30:15 <WARN> reinvent_plugins.normalizers.rdkit_smiles: C1(COC(=O)C)(Cl)C1C* could not be converted
21:30:15 <WARN> reinvent_plugins.normalizers.rdkit_smiles: C1(C)n(C*)c2ccccc2n1 could not be converted
21:30:15 <WARN> reinvent_plugins.normalizers.rdkit_smiles: c1(CN(Cc2ccccn2)C)cnc2[nH]ccc(*)c2c1 could not be converted
21:30:15 <WARN> reinvent_plugins.normalizers.rdkit_smiles: C1(=O)CCC(C)CO1CC* could not be converted
21:30:30 <INFO> Score: 0.50 Agent NLL: 20.13 Valid:  98% Step: 45
 | Agent Prior Target Score SMILES SMILES_state Input_Scaffold R-groups Scaffold predicted_activity predicted_activity (raw) training_similarity training_similarity (raw) taf_consistency taf_consistency (raw) novelty novelty (raw) MW_window MW_window (raw) synthetic_feasibility synthetic_feasibility (raw) curated alerts filter curated alerts filter (raw) stereo_validity (predicted_activity) scaffold_novelty (predicted_activity) uncertainty (predicted_activity) taf_disrupted (predicted_activity) matchting_patterns (curated alerts filter)
 | 11.6886 13.2433 58.1338 0.5576334 CC1=CCCC1C1(C)OCC(C2OC(=O)C(O)=C2O)O1 1 C1(O)=C(O)C(=O)OC1C1COC(C)([*])O1 *C1C(C)=CCC1 O=C1C=CC(C2COC(C3C=CCC3)O2)O1 0.4250000 0.4250 0.7324670 0.7325 0.3333333 0.3333 0.2675330 0.2675 1.0000000 282.2920 0.5287232 4.7512 1.0000000 1.0000 0.0 1.0 0.49434299833212975 0.6666666666666667 []
 | 21.1828 27.6306 29.4806 0.4461814 CC1(C)OCC(C2OC(=O)C(O)=C2c2cncnc2-c2cccnc2)O1 1 OC1=C([*])C(C2OC(C)(C)OC2)OC1=O c1ncc(-c2c(*)cncn2)cc1 O=C1C=C(c2cncnc2-c2cccnc2)C(C2COCO2)O1 0.1600000 0.1600 0.6659122 0.6659 0.3333333 0.3333 0.3417194 0.3417 1.0000000 355.3500 0.5501180 3.8161 1.0000000 1.0000 0.0 1.0 0.36660605559646714 0.6666666666666667 []
 | 31.0794 41.4002 38.4212 0.6236046 COc1ccc(C(CN2CCC(C)CC2)NCC2=C(O)C(C(O)CO)OC2=O)nc1 1 O1C(=O)C([*])=C(O)C1C(O)CO C(NC*)(CN1CCC(C)CC1)c1ccc(OC)cn1 O=C1OCC=C1CNC(CN1CCCCC1)c1ccccn1 0.4700000 0.4700 0.5612666 0.5613 0.6666667 0.6667 0.4387334 0.4387 1.0000000 421.4940 0.5451491 4.0338 1.0000000 1.0000 0.0 1.0 0.4990991885387111 0.33333333333333337 []
 | 44.8109 45.1229 22.1005 0.5251828 CC1C(C(=O)n2ccn2C)C2C1N2C1OC(C(O)CO)C(O)=C1O 1 OC1=C(O)C([*])OC1C(O)CO N1(*)C2C(C)C(C(=O)n3ccn3C)C12 O=C(C1CC2C1N2C1C=CCO1)n1cc[nH]1 0.4500000 0.4500 0.4718142 0.4718 0.3333333 0.3333 0.5281858 0.5282 1.0000000 339.3480 0.5047853 5.7922 1.0000000 1.0000 0.0 1.0 0.49749371855331004 0.6666666666666667 []
 | 27.6672 40.4636 34.4784 0.5854843 OC1=C(O)C(C2CN(CCCF)Cc3ncccc32)OC1C(O)CBr 1 OC(C1OC([*])C(O)=C1O)CBr c1cnc2c(c1)C(*)CN(CCCF)C2 C1=CC(C2CNCc3ncccc32)OC1 0.4250000 0.4250 0.4536964 0.4537 0.6666667 0.6667 0.5463036 0.5463 1.0000000 417.2750 0.5297868 4.7048 1.0000000 1.0000 0.0 1.0 0.49434299833212975 0.33333333333333337 []
 | 17.8944 37.8056 24.9746 0.4904709 CCC1(CC)CCC(CCC2OC(C(O)CO)C(O)=C2O)CC1=O 1 C(CO)(C1OC([*])C(O)=C1O)O C1(CC*)CC(=O)C(CC)(CC)CC1 O=C1CCCC(CCC2C=CCO2)C1 0.3050000 0.3050 0.5068421 0.5068 0.3333333 0.3333 0.4931579 0.4932 1.0000000 342.4320 0.5289004 4.7435 1.0000000 1.0000 0.0 1.0 0.460407428263272 0.6666666666666667 []
 | 13.9976 19.0927 54.7097 0.5765811 CC1(C2OC(C(O)CO)C(OCc3ccccc3)=C2O)C(=O)CCNC1=O 1 C1([*])OC(C(O)CO)C(OCc2ccccc2)=C1O O=C1C(C)(*)C(=O)NCC1 O=C1CCNC(=O)C1C1C=C(OCc2ccccc2)CO1 0.5150000 0.5150 0.6650267 0.6650 0.3333333 0.3333 0.3349733 0.3350 1.0000000 377.3930 0.5393130 4.2891 1.0000000 1.0000 0.0 1.0 0.4997749493522059 0.6666666666666667 []
 | 17.7409 23.0521 48.7949 0.5613049 CC1CC=C(C(=O)CC2(C)OCC(C3OC(=O)C(O)=C3O)O2)CO1 1 C1(O)=C(O)C(=O)OC1C1COC(C)([*])O1 C1(C(=O)C*)=CCC(C)OC1 O=C1C=CC(C2COC(CC(=O)C3=CCCOC3)O2)O1 0.4500000 0.4500 0.6971369 0.6971 0.3333333 0.3333 0.3028631 0.3029 1.0000000 340.3280 0.5255617 4.8889 1.0000000 1.0000 0.0 1.0 0.49749371855331004 0.6666666666666667 []
 | 35.1808 49.9200 13.0300 0.4917968 CCC1(CCC(N)C2=C(O)C(=O)OC2C2COC(C)(C)O2)CCN(CC=CC2CCCCC2)C1 1 OC1=C([*])C(C2OC(C)(C)OC2)OC1=O C1CC(CC)(CCC(*)N)CN1CC=CC1CCCCC1 O=C1C=C(CCCC2CCN(CC=CC3CCCCC3)C2)C(C2COCO2)O1 0.1600000 0.1600 0.5784813 0.5785 0.6666667 0.6667 0.4243503 0.4244 1.0000000 476.6580 0.5295526 4.7150 1.0000000 1.0000 0.0 1.0 0.36660605559646714 0.33333333333333337 []
 | 34.2000 48.5993 32.7287 0.6353753 C=C(c1c(CCC2=C(O)C(C(O)CO)OC2=O)cc(C)nc1C)C1CCOCC1 1 O1C(=O)C([*])=C(O)C1C(O)CO c1(C(C2CCOCC2)=C)c(C)nc(C)cc1CC* C=C(c1cnccc1CCC1=CCOC1=O)C1CCOCC1 0.5050000 0.5050 0.5715476 0.5715 0.6666667 0.6667 0.4284524 0.4285 1.0000000 403.4750 0.5439644 4.0857 1.0000000 1.0000 0.0 1.0 0.49997499937496875 0.33333333333333337 []
21:30:31 <WARN> reinvent_plugins.normalizers.rdkit_smiles: C1(OC2C(C)(C)CCCC=C2=O)C(C)(*)C1 could not be converted
21:30:31 <WARN> reinvent_plugins.normalizers.rdkit_smiles: C1(C)(C#C*)CCCCC1(C(NC(CCCC)C)C(O)=O)=O could not be converted
21:30:31 <WARN> reinvent_plugins.normalizers.rdkit_smiles: C1C(C*)C(C)=C(=O)C1 could not be converted
21:30:31 <WARN> reinvent_plugins.normalizers.rdkit_smiles: C1(=O)C(*)CC(=O)C(C)(C)C1C1CC(C)=OOC1 could not be converted
21:30:31 <WARN> reinvent_plugins.normalizers.rdkit_smiles: C1(C*)C1(C)C=CC could not be converted
21:30:31 <WARN> reinvent_plugins.normalizers.rdkit_smiles: n1c(=O)c(*)[nH]c2scc(C)c12 could not be converted
21:30:31 <WARN> reinvent_plugins.normalizers.rdkit_smiles: C1(C)OC(=O)C(C)C2(C)C12CC(C*)=O could not be converted
21:30:31 <WARN> reinvent_plugins.normalizers.rdkit_smiles: C1(*)Cc2ncc(C(O)=O)c2C1 could not be converted
21:30:46 <INFO> Score: 0.49 Agent NLL: 19.90 Valid:  98% Step: 46
 | Agent Prior Target Score SMILES SMILES_state Input_Scaffold R-groups Scaffold predicted_activity predicted_activity (raw) training_similarity training_similarity (raw) taf_consistency taf_consistency (raw) novelty novelty (raw) MW_window MW_window (raw) synthetic_feasibility synthetic_feasibility (raw) curated alerts filter curated alerts filter (raw) stereo_validity (predicted_activity) scaffold_novelty (predicted_activity) uncertainty (predicted_activity) taf_disrupted (predicted_activity) matchting_patterns (curated alerts filter)
 | 16.5205 24.9512 50.6771 0.5908465 CC1(c2nnc(O)[nH]2)OCC(C2OC(=O)C(O)=C2O)O1 1 C1(O)=C(O)C(C2COC(C)([*])O2)OC1=O c1(O)[nH]c(*)nn1 O=C1C=CC(C2COC(c3nnc[nH]3)O2)O1 0.5500000 0.5500 0.7413457 0.7413 0.3333333 0.3333 0.2586543 0.2587 1.0000000 285.2120 0.5257884 4.8790 1.0000000 1.0000 0.0 1.0 0.49749371855331 0.6666666666666667 []
 | 10.9554 18.2830 54.0698 0.5652567 CC1(O)CC(C2=C(O)C(=O)OC2C2COC(C)(C)O2)C1 1 [*]C1=C(O)C(=O)OC1C1COC(C)(C)O1 C1(C)(O)CC(*)C1 O=C1C=C(C2CCC2)C(C2COCO2)O1 0.2500000 0.2500 0.7803902 0.7804 0.6666667 0.6667 0.2196098 0.2196 1.0000000 284.3080 0.5429920 4.1283 1.0000000 1.0000 0.0 1.0 0.4330127018922193 0.33333333333333337 []
 | 22.7142 36.8789 46.8734 0.6543147 C=Cc1nc(C=CCC2=C(O)C(C(O)CO)OC2=O)c(C)nc1C 1 O=C1C([*])=C(O)C(C(O)CO)O1 c1(C)nc(C)c(C=CC*)nc1C=C O=C1OCC=C1CC=Cc1cnccn1 0.5400000 0.5400 0.6331738 0.6332 0.6666667 0.6667 0.3668262 0.3668 1.0000000 332.3560 0.5372896 4.3775 1.0000000 1.0000 0.0 1.0 0.49839743177508444 0.33333333333333337 []
 | 17.2961 19.1262 49.4577 0.5358120 Cc1cc(C)cc(OCC2OC(C(O)CO)C(O)=C2O)c1 1 [*]C1OC(C(CO)O)C(O)=C1O c1(C)cc(C)cc(OC*)c1 C1=CC(COc2ccccc2)OC1 0.4350000 0.4350 0.5231144 0.5231 0.3333333 0.3333 0.4768856 0.4769 1.0000000 296.3190 0.5482374 3.8985 1.0000000 1.0000 0.0 1.0 0.4957569969249047 0.6666666666666667 []
 | 23.3027 24.1445 61.8859 0.6721127 C=C1C(=O)OC(C(C)C2OC(C(O)CBr)C(O)=C2O)=C1OC 1 C(Br)C(C1C(O)=C(O)C([*])O1)O O1C(C(C)*)=C(OC)C(=C)C1=O C=C1C=C(CC2C=CCO2)OC1=O 0.4800000 0.4800 0.5749662 0.5750 1.0000000 1.0000 0.4250338 0.4250 1.0000000 377.1870 0.5174192 5.2432 1.0000000 1.0000 0.0 1.0 0.4995998398718719 0.0 []
 | 15.5713 21.6295 44.9789 0.5203783 CC1CCC(C=CCC2OC(C(O)CO)C(O)=C2O)C1=O 1 C1(C(O)CO)OC([*])C(O)=C1O C1(C=CC*)C(=O)C(C)CC1 O=C1CCCC1C=CCC1C=CCO1 0.3900000 0.3900 0.5246314 0.5246 0.3333333 0.3333 0.4753686 0.4754 1.0000000 298.3350 0.5219352 5.0468 1.0000000 1.0000 0.0 1.0 0.4877499359302879 0.6666666666666667 []
 | 9.0606 9.7381 -9.7381 0.0000000 CC1(C)OC(=O)C(C2OC(C(O)CO)C(OCc3ccccc3)=C2O)O1 1 OC(C1OC([*])C(O)=C1OCc1ccccc1)CO O1C(C)(C)OC(=O)C1* O=C1OCOC1C1C=C(OCc2ccccc2)CO1 0.5100000 0.5100 0.7118685 0.7119 0.6666667 0.6667 0.2881315 0.2881 1.0000000 366.3660 0.5416191 4.1883 1.0000000 1.0000 0.0 1.0 0.4998999899979995 0.33333333333333337 []
 | 12.9613 20.0696 48.9719 0.5393866 CCC(=O)N1CCC(C2(C)OCC(C3OC(=O)C(O)=C3O)O2)CC1 1 C1(O)=C(O)C(C2COC(C)([*])O2)OC1=O C1C(*)CCN(C(=O)CC)C1 O=C1C=CC(C2COC(C3CCNCC3)O2)O1 0.3700000 0.3700 0.6998965 0.6999 0.3333333 0.3333 0.3001035 0.3001 1.0000000 341.3600 0.5408987 4.2198 1.0000000 1.0000 0.0 1.0 0.4828043081829324 0.6666666666666667 []
 | 14.1107 29.6864 31.2271 0.4758870 CC1(C)OCC(C2OC(=O)C(O)=C2C(C2CCCO2)n2ccnc2)O1 1 [*]C1=C(O)C(=O)OC1C1COC(C)(C)O1 C1(C(*)n2cncc2)CCCO1 O=C1C=C(C(C2CCCO2)n2ccnc2)C(C2COCO2)O1 0.2250000 0.2250 0.6343350 0.6343 0.3333333 0.3333 0.3656650 0.3657 1.0000000 350.3710 0.5329574 4.5666 1.0000000 1.0000 0.0 1.0 0.41758232721225164 0.6666666666666667 []
 | 21.3875 29.2267 51.9598 0.6342695 O=C(O)CC1CCN(CCC2=C(O)C(C(O)CO)OC2=O)C1 1 O=C1C([*])=C(O)C(C(O)CO)O1 C1(CC(O)=O)CCN(CC*)C1 O=C1OCC=C1CCN1CCCC1 0.4750000 0.4750 0.6126329 0.6126 0.6666667 0.6667 0.3873671 0.3874 1.0000000 315.3220 0.5484963 3.8872 1.0000000 1.0000 0.0 1.0 0.4993746088859544 0.33333333333333337 []
21:30:47 <WARN> reinvent_plugins.normalizers.rdkit_smiles: n1cc(Br)n2cc3c(=O)n(C*)sc3c12 could not be converted
21:30:47 <WARN> reinvent_plugins.normalizers.rdkit_smiles: O=C1n2ccccc2C(*)C1C1(C)CCC(=O)C1 could not be converted
21:30:47 <WARN> reinvent_plugins.normalizers.rdkit_smiles: N(C1C(=C)C(*)C(C)=C1=O)C1CCC(C)(C)C1 could not be converted
21:30:47 <WARN> reinvent_plugins.normalizers.rdkit_smiles: C1(CC*)OCCn2cc(=O)[nH]c2C1 could not be converted
21:30:47 <WARN> reinvent_plugins.normalizers.rdkit_smiles: C1(C*)CN(=Cc2c(O)c(C)cc(C)c2)CC=C1 could not be converted
21:30:47 <WARN> reinvent_plugins.normalizers.rdkit_smiles: c1c[nH]cn1* could not be converted
21:30:47 <WARN> reinvent_plugins.normalizers.rdkit_smiles: C1(c2[nH]c3c(*)nc(-c4ncccc4)cc2CCC)COC2(CCO2)C1 could not be converted
21:30:47 <WARN> reinvent_plugins.normalizers.rdkit_smiles: c1c(C*)[nH]cc(C)n1 could not be converted
21:30:47 <WARN> reinvent_plugins.normalizers.rdkit_smiles: C1C(*)C(=O)CC12C1C(C)C(=O)OC(C)OO21 could not be converted
21:31:02 <INFO> Score: 0.49 Agent NLL: 19.24 Valid:  98% Step: 47
 | Agent Prior Target Score SMILES SMILES_state Input_Scaffold R-groups Scaffold predicted_activity predicted_activity (raw) training_similarity training_similarity (raw) taf_consistency taf_consistency (raw) novelty novelty (raw) MW_window MW_window (raw) synthetic_feasibility synthetic_feasibility (raw) curated alerts filter curated alerts filter (raw) stereo_validity (predicted_activity) scaffold_novelty (predicted_activity) uncertainty (predicted_activity) taf_disrupted (predicted_activity) matchting_patterns (curated alerts filter)
 | 9.9050 9.9657 74.5935 0.6606191 CC1(C2CCNC2=O)OCC(C2OC(=O)C(O)=C2O)O1 1 C1(C2COC(C)([*])O2)OC(=O)C(O)=C1O O=C1NCCC1* O=C1C=CC(C2COC(C3CCNC3=O)O2)O1 0.5200000 0.5200 0.7413457 0.7413 0.6666667 0.6667 0.2586543 0.2587 1.0000000 285.2520 0.5298706 4.7012 1.0000000 1.0000 0.0 1.0 0.49959983987187184 0.33333333333333337 []
 | 6.9909 15.0374 46.2214 0.4785843 CC1(C)OCC(C2OC(=O)C(O)=C2CC2CC2)O1 1 O1C(C)(C)OCC1C1C([*])=C(O)C(=O)O1 C1C(C*)C1 O=C1C=C(CC2CC2)C(C2COCO2)O1 0.2050000 0.2050 0.7803902 0.7804 0.3333333 0.3333 0.2196098 0.2196 1.0000000 254.2820 0.5473037 3.9395 1.0000000 1.0000 0.0 1.0 0.40370162248868907 0.6666666666666667 []
 | 15.0373 32.7142 54.5523 0.6817700 CN1C(=O)C(C2=C(O)C(C(O)CO)OC2=O)C1Cc1ccccc1 1 OC1=C([*])C(=O)OC1C(O)CO O=C1N(C)C(Cc2ccccc2)C1* O=C1OCC=C1C1C(=O)NC1Cc1ccccc1 0.6500000 0.6500 0.6260991 0.6261 0.6666667 0.6667 0.3739009 0.3739 1.0000000 333.3400 0.5448430 4.0472 1.0000000 1.0000 0.0 1.0 0.47696960070847283 0.33333333333333337 []
 | 16.4277 21.8279 49.1044 0.5541586 O=c1[nH]nc(CNC2OC(C(O)CO)C(O)=C2O)[nH]1 1 OC(CO)C1C(O)=C(O)C([*])O1 N(Cc1[nH]c(=O)[nH]n1)* O=c1[nH]nc(CNC2C=CCO2)[nH]1 0.5050000 0.5050 0.5375872 0.5376 0.3333333 0.3333 0.4624128 0.4624 1.0000000 274.2330 0.5279690 4.7841 1.0000000 1.0000 0.0 1.0 0.49997499937496875 0.6666666666666667 []
 | 22.4915 40.5256 31.7755 0.5648521 Cc1nnn(C2COC(C)(C)O2)c1C(=O)C1OC(C(O)CBr)C(O)=C1O 1 [*]C1OC(C(CBr)O)C(O)=C1O C1(n2nnc(C)c2C(*)=O)OC(C)(C)OC1 O=C(c1cnnn1C1COCO1)C1C=CCO1 0.3650000 0.3650 0.4536964 0.4537 0.6666667 0.6667 0.5463036 0.5463 1.0000000 434.2430 0.5200781 5.1275 1.0000000 1.0000 0.0 1.0 0.4814301610825811 0.33333333333333337 []
 | 28.8900 44.7298 33.9953 0.6150401 CC#Cc1cc(=O)c(C)cc(C(C)C2OC(C(O)CO)C(O)=C2O)n1 1 OC1=C(O)C(C(O)CO)OC1[*] c1(=O)c(C)cc(C(C)*)nc(C#CC)c1 O=c1ccnc(CC2C=CCO2)cc1 0.5000000 0.5000 0.4907477 0.4907 0.6666667 0.6667 0.5092523 0.5093 1.0000000 347.3670 0.5241398 4.9508 1.0000000 1.0000 0.0 1.0 0.5 0.33333333333333337 []
 | 18.8732 37.1418 36.6032 0.5761329 O=C(Cc1ccccn1)C1CCC(C2OC(C(O)CO)C(OCc3ccccc3)=C2O)C1 1 OC(C1C(OCc2ccccc2)=C(O)C([*])O1)CO C1(*)CCC(C(=O)Cc2ccccn2)C1 O=C(Cc1ccccn1)C1CCC(C2C=C(OCc3ccccc3)CO2)C1 0.5350000 0.5350 0.6206848 0.6207 0.3333333 0.3333 0.3793152 0.3793 1.0000000 439.5080 0.5420612 4.1690 1.0000000 1.0000 0.0 1.0 0.49877349568717055 0.6666666666666667 []
 | 16.6723 20.9910 61.4126 0.6437782 CC1(O)CC1(C)C1(C)OCC(C2OC(=O)C(O)=C2O)O1 1 C1(C2COC(C)([*])O2)OC(=O)C(O)=C1O C1(C)(*)C(C)(O)C1 O=C1C=CC(C2COC(C3CC3)O2)O1 0.4550000 0.4550 0.7911548 0.7912 0.6666667 0.6667 0.2088452 0.2088 1.0000000 286.2800 0.5246828 4.9272 1.0000000 1.0000 0.0 1.0 0.49797088268291345 0.33333333333333337 []
 | 20.7835 27.8645 45.5109 0.5732456 CC1(C)OCC(C2OC(=O)C(O)=C2C(CO)COc2cnccn2)O1 1 O1C(C)(C)OCC1C1C([*])=C(O)C(=O)O1 c1nccnc1OCC(CO)* O=C1C=C(CCOc2cnccn2)C(C2COCO2)O1 0.2900000 0.2900 0.6534641 0.6535 0.6666667 0.6667 0.3540248 0.3540 1.0000000 352.3430 0.5394605 4.2827 1.0000000 1.0000 0.0 1.0 0.4537620521815371 0.33333333333333337 []
 | 28.4893 51.1512 30.6523 0.6390902 Cc1[nH]ccc1CC(C1=C(O)C(C(O)CO)OC1=O)c1ccc(CC2(C)CO2)cc1 1 OC1=C([*])C(=O)OC1C(O)CO C1(C)(Cc2ccc(C(Cc3c(C)[nH]cc3)*)cc2)CO1 O=C1OCC=C1C(Cc1cc[nH]c1)c1ccc(CC2CO2)cc1 0.5400000 0.5400 0.5467935 0.5468 0.6666667 0.6667 0.4532065 0.4532 1.0000000 413.4700 0.5356153 4.4506 1.0000000 1.0000 0.0 1.0 0.49839743177508444 0.33333333333333337 []
21:31:03 <WARN> reinvent_plugins.normalizers.rdkit_smiles: C1(=C(C#C*)[S+](C)C)CCC2(C)C1C(CO)Cn1ncc1C2 could not be converted
21:31:03 <WARN> reinvent_plugins.normalizers.rdkit_smiles: C(CC1CCN(C)CC1(*)=O)(=O)N(C)C could not be converted
21:31:03 <WARN> reinvent_plugins.normalizers.rdkit_smiles: C1(C*)N1C(c1nc(C)ccc1)=O could not be converted
21:31:03 <WARN> reinvent_plugins.normalizers.rdkit_smiles: c1c(C2C(CC)=C(C)C(=OC*)C=C2)nccn1 could not be converted
21:31:03 <WARN> reinvent_plugins.normalizers.rdkit_smiles: O=C1N(*)C(=O)C12CC1NCCCC2 could not be converted
21:31:03 <WARN> reinvent_plugins.normalizers.rdkit_smiles: c1(O*)nnc2sccc12 could not be converted
21:31:03 <WARN> reinvent_plugins.normalizers.rdkit_smiles: O=C1NC(C*)C1C(=O)c1cccc(=C)c1OC could not be converted
21:31:03 <WARN> reinvent_plugins.normalizers.rdkit_smiles: c1c(CN*)n(C)cc(=O)c1C could not be converted
21:31:03 <WARN> reinvent_plugins.normalizers.rdkit_smiles: Cc1cc(-n2c(C*)[nH]c(=O)c(C)c2=O)cnc1 could not be converted
21:31:03 <WARN> reinvent_plugins.normalizers.rdkit_smiles: c1(*)nc2c(cc1)sc(=C)n2 could not be converted
21:31:03 <WARN> reinvent_plugins.normalizers.rdkit_smiles: n1c2cccc(C*)nc2ncc1 could not be converted
21:31:03 <WARN> reinvent_plugins.normalizers.rdkit_smiles: C(=C)C1Cc2c(ccs2*)C=C1 could not be converted
21:31:03 <WARN> reinvent_plugins.normalizers.rdkit_smiles: C1(C*)=N(c2ncccn2)C(=O)CC1 could not be converted
21:31:03 <WARN> reinvent_plugins.normalizers.rdkit_smiles: c12c(c(C*)nc3cc(C#CC)n(CC)c3c1O)C(=O)NC2 could not be converted
21:31:03 <WARN> reinvent_plugins.normalizers.rdkit_smiles: C1(C*)N1C(=O)Cn1nccc1 could not be converted
21:31:03 <WARN> reinvent_plugins.normalizers.rdkit_smiles: C1(=O)C1C* could not be converted
21:31:03 <WARN> reinvent_plugins.normalizers.rdkit_smiles: O#C1c2c(ccs2)CCC1C* could not be converted
21:31:03 <WARN> reinvent_plugins.normalizers.rdkit_smiles: O=c1n(C*)c(=O)c(O)c(=O)[nH]1 could not be converted
21:31:03 <WARN> reinvent_plugins.normalizers.rdkit_smiles: C12C(C*)C(=O)O1CCC2 could not be converted
21:31:03 <WARN> reinvent_plugins.normalizers.rdkit_smiles: C1c2c(C(NCC*)=O)cncn2CCC1 could not be converted
21:31:03 <WARN> reinvent_plugins.normalizers.rdkit_smiles: [nH]1c(=O)[nH]c(C)cc1=O* could not be converted
21:31:03 <WARN> reinvent_plugins.normalizers.rdkit_smiles: O1C(C)(CO*)C=OC1 could not be converted
21:31:17 <INFO> Score: 0.48 Agent NLL: 20.03 Valid:  95% Step: 48
 | Agent Prior Target Score SMILES SMILES_state Input_Scaffold R-groups Scaffold predicted_activity predicted_activity (raw) training_similarity training_similarity (raw) taf_consistency taf_consistency (raw) novelty novelty (raw) MW_window MW_window (raw) synthetic_feasibility synthetic_feasibility (raw) curated alerts filter curated alerts filter (raw) stereo_validity (predicted_activity) scaffold_novelty (predicted_activity) uncertainty (predicted_activity) taf_disrupted (predicted_activity) matchting_patterns (curated alerts filter)
 | 9.4985 18.3843 49.0316 0.5266873 CN1CCC(CCC2(C)OCC(C3OC(=O)C(O)=C3O)O2)CC1 1 C1(O)=C(O)C(C2OC(C)([*])OC2)OC1=O C1(CC*)CCN(C)CC1 O=C1C=CC(C2COC(CCC3CCNCC3)O2)O1 0.3300000 0.3300 0.7076303 0.7076 0.3333333 0.3333 0.2923697 0.2924 1.0000000 327.3770 0.5424454 4.1522 1.0000000 1.0000 0.0 1.0 0.4702127178203499 0.6666666666666667 []
 | 7.4890 14.4788 43.8478 0.4556763 CC1(C)OCC(C2OC(=O)C(O)=C2CC2CCCO2)O1 1 C1(C)(C)OC(C2OC(=O)C(O)=C2[*])CO1 C1(C*)CCCO1 O=C1C=C(CC2CCCO2)C(C2COCO2)O1 0.1700000 0.1700 0.7238999 0.7239 0.3333333 0.3333 0.2761001 0.2761 1.0000000 284.3080 0.5427759 4.1377 1.0000000 1.0000 0.0 1.0 0.375632799419859 0.6666666666666667 []
 | 17.3412 32.6507 53.1740 0.6705054 Cc1c(CCC2=C(O)C(C(O)CO)OC2=O)nc2cnccn12 1 C(O)(CO)C1C(O)=C([*])C(=O)O1 c1(CC*)nc2cnccn2c1C O=C1OCC=C1CCc1cn2ccncc2n1 0.6250000 0.6250 0.5939697 0.5940 0.6666667 0.6667 0.4060303 0.4060 1.0000000 319.3170 0.5453240 4.0262 1.0000000 1.0000 0.0 1.0 0.4841229182759271 0.33333333333333337 []
 | 28.1863 39.3942 -39.3942 0.0000000 CCS1(C2OC(C(O)CO)C(O)=C2O)C(C2CC2)CCN1C 1 C1(O)=C(O)C(C(CO)O)OC1[*] C1(C2CCN(C)S2(*)CC)CC1 C1=CC([SH]2NCCC2C2CC2)OC1 0.0000000 0.0000 0.0000000 0.0000 0.0000000 0.0000 0.0000000 0.0000 0.0000000 0.0000 0.0000000 0.0000 0.0000000 0.0000 None None None None ['[#7;!n][S;!$(S(=O)=O)]']
 | 13.1807 21.7328 55.0403 0.5997892 C=CCn1nnnc1C1OC(C(O)CBr)C(O)=C1O 1 C1(O)=C(O)C([*])OC1C(CBr)O n1n(CC=C)c(*)nn1 C1=CC(c2nnn[nH]2)OC1 0.4500000 0.4500 0.4841821 0.4842 0.6666667 0.6667 0.5158179 0.5158 1.0000000 333.1420 0.5275856 4.8008 1.0000000 1.0000 0.0 1.0 0.49749371855331004 0.33333333333333337 []
 | 18.8048 24.1970 55.1649 0.6200149 COC(=O)c1cc2ccccn2c1CC1OC(C(O)CO)C(O)=C1O 1 O1C([*])C(O)=C(O)C1C(CO)O c1(C*)n2ccccc2cc1C(OC)=O C1=CC(Cc2ccc3ccccn23)OC1 0.5050000 0.5050 0.4940484 0.4940 0.6666667 0.6667 0.5239048 0.5239 1.0000000 349.3390 0.5389425 4.3053 1.0000000 1.0000 0.0 1.0 0.4999749993749687 0.33333333333333337 []
 | 22.0687 30.2751 41.6891 0.5622202 COC1C[N+](C)(CCC2OC(C(O)CO)C(OCc3ccccc3)=C2O)C1 1 C1(C(CO)O)OC([*])C(O)=C1OCc1ccccc1 [N+]1(CC*)(C)CC(OC)C1 C1=C(OCc2ccccc2)COC1CC[NH+]1CCC1 0.4750000 0.4750 0.6322942 0.6323 0.3333333 0.3333 0.3677058 0.3677 1.0000000 380.4610 0.5384263 4.3279 1.0000000 1.0000 0.0 1.0 0.4993746088859544 0.6666666666666667 []
 | 31.9341 43.4629 31.6161 0.5865546 CC(=O)NCCCN1CCC2(CCCN(C(=O)CC3(C)OCC(C4OC(=O)C(O)=C4O)O3)CC2)CC1=O 1 C1(O)=C(O)C(C2OC(C)([*])OC2)OC1=O C1N(C(=O)C*)CCC2(CC1)CC(=O)N(CCCNC(C)=O)CC2 O=C1CC2(CCCN(C(=O)CC3OCC(C4C=CC(=O)O4)O3)CC2)CCN1 0.3550000 0.3550 0.5799296 0.5799 0.6666667 0.6667 0.4200704 0.4201 1.0000000 523.5830 0.5247906 4.9225 1.0000000 1.0000 0.0 1.0 0.478513322698543 0.33333333333333337 []
 | 15.3056 23.2788 47.8610 0.5557793 CC1(C)OCC(C2OC(=O)C(O)=C2C2CCCC2NC(N)=O)O1 1 C1(C)(C)OC(C2OC(=O)C(O)=C2[*])CO1 C1(*)CCCC1NC(N)=O O=C1C=C(C2CCCC2)C(C2COCO2)O1 0.2450000 0.2450 0.6924107 0.6924 0.6666667 0.6667 0.3075893 0.3076 1.0000000 326.3490 0.5390381 4.3011 1.0000000 1.0000 0.0 1.0 0.43008720046055776 0.33333333333333337 []
 | 16.3841 26.0288 60.3864 0.6751186 Cc1ccc2c(c1)CC(C1=C(O)C(C(O)CO)OC1=O)C(=O)O2 1 C(O)(CO)C1C(O)=C([*])C(=O)O1 O=C1C(*)Cc2cc(C)ccc2O1 O=C1OCC=C1C1Cc2ccccc2OC1=O 0.6150000 0.6150 0.6350853 0.6351 0.6666667 0.6667 0.3649147 0.3649 1.0000000 320.2970 0.5468593 3.9589 1.0000000 1.0000 0.0 1.0 0.4865953144040744 0.33333333333333337 []
21:31:19 <WARN> reinvent_plugins.normalizers.rdkit_smiles: c1(C)ncccc1C(C)(CS*)=O could not be converted
21:31:19 <WARN> reinvent_plugins.normalizers.rdkit_smiles: n1(CCC=C)cnc2ccnc(N*)n12 could not be converted
21:31:19 <WARN> reinvent_plugins.normalizers.rdkit_smiles: C1(C*)CC(C)(C)CO1=O could not be converted
21:31:19 <WARN> reinvent_plugins.normalizers.rdkit_smiles: O=C1n2cccc(*)c2CCC1 could not be converted
21:31:19 <WARN> reinvent_plugins.normalizers.rdkit_smiles: c1c(C*)c(=O)c(C2OC(=O)CC2=O)sc1C1CCC1 could not be converted
21:31:19 <WARN> reinvent_plugins.normalizers.rdkit_smiles: n1cnn2ccccc2c1* could not be converted
21:31:19 <WARN> reinvent_plugins.normalizers.rdkit_smiles: O=C1CCSCC(Cc1ccc(C*)cc1)=C could not be converted
21:31:19 <WARN> reinvent_plugins.normalizers.rdkit_smiles: O=[N+]1(*)C(C#CC(=O)CO)CCC1 could not be converted
21:31:19 <WARN> reinvent_plugins.normalizers.rdkit_smiles: C1(C)S(=O)(=O)N(*)S(C)(=O)=OC1 could not be converted
21:31:19 <WARN> reinvent_plugins.normalizers.rdkit_smiles: C1(C)(C*)C(=O)C(=O)C(Cn2cc(C)nc(=O)c2=O)(CF)C1 could not be converted
21:31:19 <WARN> reinvent_plugins.normalizers.rdkit_smiles: C1(C#O)(*)C(=O)CCN1 could not be converted
21:31:19 <WARN> reinvent_plugins.normalizers.rdkit_smiles: C1(COC)CO1CC(C*)OCc1ccccc1 could not be converted
21:31:19 <WARN> reinvent_plugins.normalizers.rdkit_smiles: C1(C)C(*)Cn2cccc(CC=C)c21 could not be converted
21:31:19 <WARN> reinvent_plugins.normalizers.rdkit_smiles: C1(C)ncccc1CC1CC(=O)C(=O)C1* could not be converted
21:31:19 <WARN> reinvent_plugins.normalizers.rdkit_smiles: C1(C(C2(S(=O)(c2nccnc2)C)=O)*)CC1 could not be converted
21:31:19 <WARN> reinvent_plugins.normalizers.rdkit_smiles: C1(C)C(C=C#CC)C(=O)CC1* could not be converted
21:31:19 <WARN> reinvent_plugins.normalizers.rdkit_smiles: C1(C)ncccc1C* could not be converted
21:31:33 <INFO> Score: 0.50 Agent NLL: 20.27 Valid:  95% Step: 49
 | Agent Prior Target Score SMILES SMILES_state Input_Scaffold R-groups Scaffold predicted_activity predicted_activity (raw) training_similarity training_similarity (raw) taf_consistency taf_consistency (raw) novelty novelty (raw) MW_window MW_window (raw) synthetic_feasibility synthetic_feasibility (raw) curated alerts filter curated alerts filter (raw) stereo_validity (predicted_activity) scaffold_novelty (predicted_activity) uncertainty (predicted_activity) taf_disrupted (predicted_activity) matchting_patterns (curated alerts filter)
 | 20.6953 21.2091 60.7845 0.6405747 CC1(C2Cc3[nH]ccc3CC2O)OCC(C2OC(=O)C(O)=C2O)O1 1 C1(O)=C(O)C(C2COC(C)([*])O2)OC1=O c12[nH]ccc1CC(O)C(*)C2 O=C1C=CC(C2COC(C3CCc4cc[nH]c4C3)O2)O1 0.4800000 0.4800 0.6713171 0.6713 0.6666667 0.6667 0.3286829 0.3287 1.0000000 337.3280 0.5221859 5.0358 1.0000000 1.0000 0.0 1.0 0.4995998398718719 0.33333333333333337 []
 | 21.6893 29.4604 28.3753 0.4518413 CC(=O)OC1(C)CC(C2=C(O)C(=O)OC2C2COC(C)(C)O2)C(C)CO1 1 C1(C)(C)OC(C2OC(=O)C(O)=C2[*])CO1 C1(C)C(*)CC(C)(OC(=O)C)OC1 O=C1C=C(C2CCOCC2)C(C2COCO2)O1 0.1700000 0.1700 0.6924107 0.6924 0.3333333 0.3333 0.3075893 0.3076 1.0000000 370.3980 0.5265666 4.8451 1.0000000 1.0000 0.0 1.0 0.375632799419859 0.6666666666666667 []
 | 22.8169 34.0267 51.7293 0.6699686 O=C1OC(C(O)CO)C(O)=C1C(O)Cn1c(C2CC2)nc2ccccc21 1 C1(=O)OC(C(CO)O)C(O)=C1[*] C1(c2n(CC(O)*)c3ccccc3n2)CC1 O=C1OCC=C1CCn1c(C2CC2)nc2ccccc21 0.6250000 0.6250 0.5881177 0.5881 0.6666667 0.6667 0.4118823 0.4119 1.0000000 360.3660 0.5490832 3.8615 1.0000000 1.0000 0.0 1.0 0.4841229182759271 0.33333333333333337 []
 | 10.4688 17.3595 51.0061 0.5341058 CC1=C(CC2OC(C(O)CO)C(O)=C2O)CCCC1=O 1 C1([*])OC(C(O)CO)C(O)=C1O C1(C*)=C(C)C(=O)CCC1 O=C1C=C(CC2C=CCO2)CCC1 0.4250000 0.4250 0.5375872 0.5376 0.3333333 0.3333 0.4624128 0.4624 1.0000000 284.3080 0.5349982 4.4776 1.0000000 1.0000 0.0 1.0 0.49434299833212975 0.6666666666666667 []
 | 26.6390 29.3419 43.3795 0.5681362 CC1CC(C(=O)O)(C2CC2)C(C)N1C1OC(C(O)CBr)C(O)=C1O 1 OC(CBr)C1C(O)=C(O)C([*])O1 C1(C)N(*)C(C)CC1(C(O)=O)C1CC1 C1=CC(N2CCC(C3CC3)C2)OC1 0.3550000 0.3550 0.4863101 0.4863 0.6666667 0.6667 0.5136899 0.5137 1.0000000 406.2730 0.5167192 5.2736 1.0000000 1.0000 0.0 1.0 0.4785133226985431 0.33333333333333337 []
 | 21.7462 22.2415 57.5320 0.6232300 OCC(O)C1OC(C(Br)C2C=CC=C2)C(O)=C1O 1 C1(O)=C(O)C([*])OC1C(O)CO *C(Br)C1C=CC=C1 C1=CC(CC2C=CCO2)C=C1 0.4950000 0.4950 0.5388159 0.5388 0.6666667 0.6667 0.4611841 0.4612 1.0000000 319.1510 0.5199248 5.1342 1.0000000 1.0000 0.0 1.0 0.4999749993749687 0.33333333333333337 []
 | 19.9381 31.2319 53.0836 0.6587148 OCC(O)C1OC(Oc2nc(-c3ccccn3)c(Br)s2)C(O)=C1OCc1ccccc1 1 c1ccc(COC2=C(O)C([*])OC2C(CO)O)cc1 c1(O*)sc(Br)c(-c2ccccn2)n1 C1=C(OCc2ccccc2)COC1Oc1nc(-c2ccccn2)cs1 0.5750000 0.5750 0.5992819 0.5993 0.6666667 0.6667 0.4007181 0.4007 1.0000000 507.3620 0.5423616 4.1558 1.0000000 1.0000 0.0 1.0 0.49434299833212975 0.33333333333333337 []
 | 17.4175 21.6344 52.8777 0.5821258 C=C1CC(=O)C(=O)C(CC2(C)OCC(C3OC(=O)C(O)=C3O)O2)C1=O 1 C1(O)=C(O)C(C2COC(C)([*])O2)OC1=O O=C1C(=O)C(C*)C(=O)C(=C)C1 C=C1CC(=O)C(=O)C(CC2OCC(C3C=CC(=O)O3)O2)C1=O 0.5300000 0.5300 0.6998965 0.6999 0.3333333 0.3333 0.3001035 0.3001 1.0000000 352.2950 0.5236219 4.9733 1.0000000 1.0000 0.0 1.0 0.49909918853871116 0.6666666666666667 []
 | 14.3802 24.0719 39.8141 0.4991099 CC1(C)OCC(C2OC(=O)C(O)=C2C2C(=O)c3nccnc3C2=O)O1 1 C1(C)(C)OC(C2OC(=O)C(O)=C2[*])CO1 C1(=O)C(*)C(=O)c2nccnc21 O=C1C=C(C2C(=O)c3nccnc3C2=O)C(C2COCO2)O1 0.2550000 0.2550 0.7324670 0.7325 0.3333333 0.3333 0.2675330 0.2675 1.0000000 346.2950 0.5414427 4.1960 1.0000000 1.0000 0.0 1.0 0.43586121644395015 0.6666666666666667 []
 | 11.5361 20.9893 66.9666 0.6871553 Cc1nccc(C2=C(O)C(C(O)CO)OC2=O)n1 1 C1(=O)OC(C(CO)O)C(O)=C1[*] c1(C)nc(*)ccn1 O=C1OCC=C1c1ccncn1 0.6500000 0.6500 0.6559298 0.6559 0.6666667 0.6667 0.3440702 0.3441 1.0000000 252.2260 0.5508582 3.7836 1.0000000 1.0000 0.0 1.0 0.47696960070847283 0.33333333333333337 []
21:31:34 <WARN> reinvent_plugins.normalizers.rdkit_smiles: c1c(O)c(Cl)sn1* could not be converted
21:31:34 <WARN> reinvent_plugins.normalizers.rdkit_smiles: c1c(C(C(=O)N)*)ncc(NC2=C(C#N)CSC=CC=C)c1C(O)=CC(C)=N could not be converted
21:31:34 <WARN> reinvent_plugins.normalizers.rdkit_smiles: n1c2ccc([N+](=O)[O-])cc2[nH]c(=O)n1C* could not be converted
21:31:34 <WARN> reinvent_plugins.normalizers.rdkit_smiles: C(c1sc2n(C*)nc-2c(=O)n1C)CCc1ccncc1 could not be converted
21:31:34 <WARN> reinvent_plugins.normalizers.rdkit_smiles: c1(*)cc2c(cc1)CCN(C(C1(=O)CCC(=O)C1)=O)C2 could not be converted
21:31:34 <WARN> reinvent_plugins.normalizers.rdkit_smiles: c1c(CCO)c(C(=O)OCC)c(=C)n1C1C(*)=C(C)C=C1 could not be converted
21:31:34 <WARN> reinvent_plugins.normalizers.rdkit_smiles: *CCc1ccc(=OOCc2cn(CCn3n[nH]cc3)nc2)nc1 could not be converted
21:31:34 <WARN> reinvent_plugins.normalizers.rdkit_smiles: [S+]12C(C)=C(*)C(C)=CC1=Cc2ncn1 could not be converted
21:31:34 <WARN> reinvent_plugins.normalizers.rdkit_smiles: c12c(c(O)cc3c1C[S+](*)C3)O(C)C(=O)C(C=C)C2=O could not be converted
21:31:34 <WARN> reinvent_plugins.normalizers.rdkit_smiles: C1(C*)C(C)=C(C)C=C2C(C)=C(C)CCO12 could not be converted
21:31:34 <WARN> reinvent_plugins.normalizers.rdkit_smiles: C1(=O)O(C)C(C)=C1C(*)=O could not be converted
21:31:49 <INFO> Score: 0.50 Agent NLL: 20.23 Valid:  97% Step: 50
 | Agent Prior Target Score SMILES SMILES_state Input_Scaffold R-groups Scaffold predicted_activity predicted_activity (raw) training_similarity training_similarity (raw) taf_consistency taf_consistency (raw) novelty novelty (raw) MW_window MW_window (raw) synthetic_feasibility synthetic_feasibility (raw) curated alerts filter curated alerts filter (raw) stereo_validity (predicted_activity) scaffold_novelty (predicted_activity) uncertainty (predicted_activity) taf_disrupted (predicted_activity) matchting_patterns (curated alerts filter)
 | 14.1823 19.9723 62.3267 0.6429606 CC1(C2CC=CC(O)C2)OCC(C2OC(=O)C(O)=C2O)O1 1 [*]C1(C)OC(C2C(O)=C(O)C(=O)O2)CO1 C1(*)CC(O)C=CC1 O=C1C=CC(C2COC(C3CC=CCC3)O2)O1 0.4700000 0.4700 0.7156264 0.7156 0.6666667 0.6667 0.2843736 0.2844 1.0000000 298.2910 0.5251471 4.9070 1.0000000 1.0000 0.0 1.0 0.49909918853871116 0.33333333333333337 []
 | 15.1417 25.8787 32.6112 0.4569519 CSCC1(CC2=C(O)C(=O)OC2C2COC(C)(C)O2)CCCC1=O 1 O1CC(C2OC(=O)C(O)=C2[*])OC1(C)C C1(C*)(CSC)C(=O)CCC1 O=C1C=C(CC2CCCC2=O)C(C2COCO2)O1 0.1800000 0.1800 0.6781327 0.6781 0.3333333 0.3333 0.3218673 0.3219 1.0000000 356.4400 0.5320878 4.6045 1.0000000 1.0000 0.0 1.0 0.38418745424597095 0.6666666666666667 []
 | 24.1220 40.3062 43.6761 0.6561120 CC1(C)OCCC1(C(=O)O)c1ccccc1OC1=C(O)C(C(O)CO)OC1=O 1 [*]C1=C(O)C(C(O)CO)OC1=O C1(c2ccccc2O*)(C(O)=O)C(C)(C)OCC1 O=C1OCC=C1Oc1ccccc1C1CCOC1 0.5650000 0.5650 0.6014066 0.6014 0.6666667 0.6667 0.3985934 0.3986 1.0000000 394.3760 0.5393894 4.2858 1.0000000 1.0000 0.0 1.0 0.4957569969249047 0.33333333333333337 []
 | 24.1772 37.4673 28.7510 0.5173303 OCC(O)C1OC(CCc2ncc3ccn(CCN4CCOCC4)c3n2)C(O)=C1O 1 OC(C1C(O)=C(O)C([*])O1)CO c1(CC*)nc2n(CCN3CCOCC3)ccc2cn1 C1=CC(CCc2ncc3ccn(CCN4CCOCC4)c3n2)OC1 0.4700000 0.4700 0.3973597 0.3974 0.3333333 0.3333 0.6026403 0.6026 1.0000000 420.4660 0.5404038 4.2414 1.0000000 1.0000 0.0 1.0 0.49909918853871116 0.6666666666666667 []
 | 29.4843 38.5408 38.2727 0.6001057 CC#CC(C1OC(C(O)CBr)C(O)=C1O)C(c1ccccc1)C1(O)COC1 1 O1C(C(O)CBr)C(O)=C(O)C1[*] C(C(*)C#CC)(C1(O)COC1)c1ccccc1 C1=CC(CC(c2ccccc2)C2COC2)OC1 0.4600000 0.4600 0.4762820 0.4763 0.6666667 0.6667 0.5237180 0.5237 1.0000000 439.3020 0.5210901 5.0835 1.0000000 1.0000 0.0 1.0 0.49839743177508444 0.33333333333333337 []
 | 32.8287 44.3470 20.1782 0.5041030 CCCCC1CC(=O)C2CON2CC1C1OC(C(O)CO)C(O)=C1O 1 OC1=C(O)C(C(O)CO)OC1[*] O=C1CC(CCCC)C(*)CN2OCC12 O=C1CCC(C2C=CCO2)CN2OCC12 0.3500000 0.3500 0.5041009 0.5041 0.3333333 0.3333 0.4958991 0.4959 1.0000000 357.4030 0.5184884 5.1967 1.0000000 1.0000 0.0 1.0 0.47696960070847283 0.6666666666666667 []
 | 14.0467 23.0199 48.2640 0.5569056 CC(C)N1CCC(CC2OC(C(O)CO)C(OCc3ccccc3)=C2O)C1 1 O1C([*])C(O)=C(OCc2ccccc2)C1C(O)CO C1(C*)CCN(C(C)C)C1 C1=C(OCc2ccccc2)COC1CC1CCNC1 0.4550000 0.4550 0.6264123 0.6264 0.3333333 0.3333 0.3735877 0.3736 1.0000000 377.4810 0.5454159 4.0222 1.0000000 1.0000 0.0 1.0 0.4979708826829134 0.6666666666666667 []
 | 29.8728 42.5190 37.8321 0.6277431 CC1(CC2C(=O)NCC3(COCC3C=O)C2=O)OCC(C2OC(=O)C(O)=C2O)O1 1 [*]C1(C)OC(C2C(O)=C(O)C(=O)O2)CO1 C1(=O)C(C*)C(=O)NCC12C(C=O)COC2 O=C1C=CC(C2COC(CC3C(=O)NCC4(CCOC4)C3=O)O2)O1 0.4650000 0.4650 0.6287461 0.6287 0.6666667 0.6667 0.3712539 0.3713 1.0000000 411.3630 0.5035686 5.8450 1.0000000 1.0000 0.0 1.0 0.4987734956871706 0.33333333333333337 []
 | 14.7951 23.0135 38.7226 0.4823135 CC1(C)OCC(C2OC(=O)C(O)=C2C2(F)CCC(=O)C2)O1 1 O1CC(C2OC(=O)C(O)=C2[*])OC1(C)C C1(F)(*)CC(=O)CC1 O=C1CCC(C2=CC(=O)OC2C2COCO2)C1 0.2200000 0.2200 0.7324670 0.7325 0.3333333 0.3333 0.2675330 0.2675 1.0000000 300.2820 0.5345477 4.4972 1.0000000 1.0000 0.0 1.0 0.4142463035441596 0.6666666666666667 []
 | 8.6968 24.4768 63.4548 0.6869656 CC1=C(C2=C(O)C(C(O)CO)OC2=O)C(=O)C=C1 1 [*]C1=C(O)C(C(O)CO)OC1=O C1(C)=C(*)C(=O)C=C1 O=C1C=CC=C1C1=CCOC1=O 0.6250000 0.6250 0.7099295 0.7099 0.6666667 0.6667 0.2900705 0.2901 1.0000000 252.2220 0.5432119 4.1186 1.0000000 1.0000 0.0 1.0 0.4841229182759271 0.33333333333333337 []
21:31:50 <WARN> reinvent_plugins.normalizers.rdkit_smiles: C(=O)(CCC1C(*)C1)OC1C(C=C)COC=O1 could not be converted
21:31:50 <WARN> reinvent_plugins.normalizers.rdkit_smiles: C1(=C*)C(=O)C2(C)C(=OC1)C1C(C1)C(c2ccccc1)OC1 could not be converted
21:31:50 <WARN> reinvent_plugins.normalizers.rdkit_smiles: c1(NC(=O)Cn2cc(C)ncc2)n[nH]cc1C(C(=O)*)=NOC could not be converted
21:31:50 <WARN> reinvent_plugins.normalizers.rdkit_smiles: C1C2C3(C(C)C(*)C(O)CN3C)(C2)CN1 could not be converted
21:31:50 <WARN> reinvent_plugins.normalizers.rdkit_smiles: O=C1N(C)C(C*)C1C#C1 could not be converted
21:31:50 <WARN> reinvent_plugins.normalizers.rdkit_smiles: n1c2c(O*)nccc2cccc1 could not be converted
21:31:50 <WARN> reinvent_plugins.normalizers.rdkit_smiles: c1(=O)[nH][nH]c(=*)c1CC(C)Cc1ncccc1 could not be converted
21:31:51 <WARN> reinvent_plugins.normalizers.rdkit_smiles: c1c(Cn2nc(OC3C(*)CO)ccc2=O)c(C#C)c(Br)c(=O)[nH]1 could not be converted
21:31:51 <WARN> reinvent_plugins.normalizers.rdkit_smiles: O1C(=C*)c2cccc3cccc1c3c2 could not be converted
21:31:51 <WARN> reinvent_plugins.normalizers.rdkit_smiles: C1(CO)C(O)(*)C2(OC1=O)CO(C)Cc1ccccc2C1 could not be converted
21:31:51 <WARN> reinvent_plugins.normalizers.rdkit_smiles: C1(*)C(C)(C)NC(=O)O1Cn1nccc1 could not be converted
21:31:51 <WARN> reinvent_plugins.normalizers.rdkit_smiles: OC(=O)N1CCc2cccc(*)n2C1=O could not be converted
21:31:51 <WARN> reinvent_plugins.normalizers.rdkit_smiles: N1(*)C2C(=O)CC3=C(C)C(=O)C(C)C2OC1(C)C could not be converted
21:31:51 <WARN> reinvent_plugins.normalizers.rdkit_smiles: C1(=O)C(=O)C(*)C(=O)C1=Nc1ccc(CCCc2cc(O)c(C3COC=C)cn2C)cc1 could not be converted
21:31:51 <WARN> reinvent_plugins.normalizers.rdkit_smiles: C1C(c2csc([S+]([O-])C)c2)O1C(=O)C(Cc1cnccc1)* could not be converted
21:31:51 <WARN> reinvent_plugins.normalizers.rdkit_smiles: n12c(C)ccn1C(*)C(O)C2=O could not be converted
21:31:51 <WARN> reinvent_plugins.normalizers.rdkit_smiles: c1nc2n(c(=O)n1*)C(c1ccccc1)(O)CCO2 could not be converted
21:31:51 <WARN> reinvent_plugins.normalizers.rdkit_smiles: C1(=O)C(*)c2c(OC)[nH]c(=O)[nH]c2C1 could not be converted
21:31:51 <WARN> reinvent_plugins.normalizers.rdkit_smiles: C1(C*)CC(Cc2ccc(-c3nc(C(O)=O)[nH]cc3)cc2)(Cc2cccs2)C=C1 could not be converted
21:31:51 <WARN> reinvent_plugins.normalizers.rdkit_smiles: O1OC(C)(C*)C=[N+]1=C could not be converted
21:31:51 <WARN> reinvent_plugins.normalizers.rdkit_smiles: O1C(C)C(C)(C*)CC(=O)C(F)=O1 could not be converted
21:31:51 <WARN> reinvent_plugins.normalizers.rdkit_smiles: C1(=O)C(*)C(O)C2(O1)C1=COOC=O1 could not be converted
21:32:05 <INFO> Score: 0.48 Agent NLL: 21.39 Valid:  95% Step: 51
 | Agent Prior Target Score SMILES SMILES_state Input_Scaffold R-groups Scaffold predicted_activity predicted_activity (raw) training_similarity training_similarity (raw) taf_consistency taf_consistency (raw) novelty novelty (raw) MW_window MW_window (raw) synthetic_feasibility synthetic_feasibility (raw) curated alerts filter curated alerts filter (raw) stereo_validity (predicted_activity) scaffold_novelty (predicted_activity) uncertainty (predicted_activity) taf_disrupted (predicted_activity) matchting_patterns (curated alerts filter)
 | 20.7287 24.9397 44.6308 0.5435196 CC1(CSc2ncc([N+](=O)[O-])s2)OCC(C2OC(=O)C(O)=C2O)O1 1 OC1=C(O)C(=O)OC1C1OC([*])(C)OC1 c1c([N+]([O-])=O)sc(SC*)n1 O=C1C=CC(C2COC(CSc3nccs3)O2)O1 0.4050000 0.4050 0.6459752 0.6460 0.3333333 0.3333 0.3540248 0.3540 1.0000000 376.3680 0.5313442 4.6370 1.0000000 1.0000 0.0 1.0 0.4908920451586072 0.6666666666666667 []
 | 21.2481 29.6867 31.3110 0.4765449 CCc1c(-c2ccncc2)n[nH]c1C(=O)C1=C(O)C(=O)OC1C1COC(C)(C)O1 1 [*]C1=C(O)C(=O)OC1C1OC(C)(C)OC1 c1(CC)c(C(=O)*)[nH]nc1-c1ccncc1 O=C1C=C(C(=O)c2cc(-c3ccncc3)n[nH]2)C(C2COCO2)O1 0.2250000 0.2250 0.6287461 0.6287 0.3333333 0.3333 0.3712539 0.3713 1.0000000 399.4030 0.5459397 3.9992 1.0000000 1.0000 0.0 1.0 0.4175823272122517 0.6666666666666667 []
 | 35.0269 46.5741 35.7395 0.6430749 CC1OC(C)C(OC(=O)C2C(C(=O)C3=C(O)C(C(O)CO)OC3=O)C2c2ccccn2)OC1=O 1 C1(C(O)CO)C(O)=C([*])C(=O)O1 C1(C(=O)*)C(c2ncccc2)C1C(=O)OC1C(C)OC(C)C(=O)O1 O=C1COCC(OC(=O)C2C(C(=O)C3=CCOC3=O)C2c2ccccn2)O1 0.5700000 0.5700 0.5388159 0.5388 0.6666667 0.6667 0.4611841 0.4612 1.0000000 477.4220 0.5198998 5.1353 1.0000000 1.0000 0.0 1.0 0.4950757517794625 0.33333333333333337 []
 | 32.5403 40.0946 27.9230 0.5313874 O=C(Cc1ccc(O)cc1)N(C1OC(C(O)CO)C(O)=C1O)S(=O)(=O)Cn1cncn1 1 [*]C1C(O)=C(O)C(C(O)CO)O1 c1c(O)ccc(CC(=O)N(*)S(=O)(Cn2cncn2)=O)c1 O=C(Cc1ccccc1)N(C1C=CCO1)S(=O)(=O)Cn1cncn1 0.5000000 0.5000 0.4276180 0.4276 0.3333333 0.3333 0.5723820 0.5724 1.0000000 456.4330 0.5357583 4.4444 1.0000000 1.0000 0.0 1.0 0.5 0.6666666666666667 []
 | 14.0028 23.9407 50.2685 0.5797594 Cc1cc(C2OC(C(O)CBr)C(O)=C2O)n(CC2CC2)n1 1 OC1=C(O)C([*])OC1C(O)CBr C1(Cn2nc(C)cc2*)CC1 C1=CC(c2ccnn2CC2CC2)OC1 0.3950000 0.3950 0.4677643 0.4678 0.6666667 0.6667 0.5322357 0.5322 1.0000000 359.2200 0.5336865 4.5348 1.0000000 1.0000 0.0 1.0 0.48885069295235745 0.33333333333333337 []
 | 24.8745 29.3518 46.1544 0.5898923 Cc1csc2c(C(C#N)C3OC(C(O)CO)C(O)=C3O)ccnc12 1 C(O)(C1C(O)=C(O)C([*])O1)CO c1c(C(C#N)*)c2scc(C)c2nc1 C1=CC(Cc2ccnc3ccsc23)OC1 0.4650000 0.4650 0.4250000 0.4250 0.6666667 0.6667 0.5750000 0.5750 1.0000000 348.3800 0.5286274 4.7554 1.0000000 1.0000 0.0 1.0 0.49877349568717055 0.33333333333333337 []
 | 15.9214 29.5614 46.2003 0.5918885 OCC(O)C1OC(c2ncnc(OCc3ccccc3)n2)C(O)=C1OCc1ccccc1 1 c1cccc(COC2=C(O)C([*])OC2C(O)CO)c1 c1(*)ncnc(OCc2ccccc2)n1 C1=C(OCc2ccccc2)COC1c1ncnc(OCc2ccccc2)n1 0.5750000 0.5750 0.6644106 0.6644 0.3333333 0.3333 0.3355894 0.3356 1.0000000 437.4520 0.5483034 3.8956 1.0000000 1.0000 0.0 1.0 0.49434299833212975 0.6666666666666667 []
 | 23.9732 30.7429 39.8000 0.5511164 CC1(C2OCC3C(=O)CCC3c3ccccc32)OCC(C2OC(=O)C(O)=C2O)O1 1 OC1=C(O)C(=O)OC1C1OC([*])(C)OC1 c12ccccc1C1CCC(=O)C1COC2* O=C1C=CC(C2COC(C3OCC4C(=O)CCC4c4ccccc43)O2)O1 0.4250000 0.4250 0.6647030 0.6647 0.3333333 0.3333 0.3352970 0.3353 1.0000000 402.3990 0.5276901 4.7962 1.0000000 1.0000 0.0 1.0 0.49434299833212975 0.6666666666666667 []
 | 22.7098 40.8518 29.5270 0.5498343 CC1(C)OCC(C2OC(=O)C(O)=C2C(=O)N2CCC(C(N)=O)(c3ccccn3)C2)O1 1 [*]C1=C(O)C(=O)OC1C1OC(C)(C)OC1 C1C(C(=O)N)(c2ccccn2)CN(C(*)=O)C1 O=C1C=C(C(=O)N2CCC(c3ccccn3)C2)C(C2COCO2)O1 0.2500000 0.2500 0.6179975 0.6180 0.6666667 0.6667 0.3820025 0.3820 1.0000000 417.4180 0.5409439 4.2178 1.0000000 1.0000 0.0 1.0 0.4330127018922193 0.33333333333333337 []
 | 17.5384 24.7030 59.4691 0.6575945 CC1CCC(C(=O)O)(C2=C(O)C(C(O)CO)OC2=O)C1=O 1 C1(C(O)CO)C(O)=C([*])C(=O)O1 O=C(C1(*)C(=O)C(C)CC1)O O=C1OCC=C1C1CCCC1=O 0.5500000 0.5500 0.6404940 0.6405 0.6666667 0.6667 0.3595060 0.3595 1.0000000 300.2630 0.5337421 4.5324 1.0000000 1.0000 0.0 1.0 0.49749371855331 0.33333333333333337 []
21:32:07 <WARN> reinvent_plugins.normalizers.rdkit_smiles: c1c(=O)[nH]c(C*)c(=O)[nH]1 could not be converted
21:32:07 <WARN> reinvent_plugins.normalizers.rdkit_smiles: N1C(C*)Cc2ccccn21 could not be converted
21:32:07 <WARN> reinvent_plugins.normalizers.rdkit_smiles: C1(C(O*)=O)OC(=O)Cc1c1ncnc(Br)c1 could not be converted
21:32:07 <WARN> reinvent_plugins.normalizers.rdkit_smiles: c1(=O)c(=O)n(C)c2ccccc2c1C1(O)C(=O)N(c2ccnc(*)n2)C1=O could not be converted
21:32:07 <WARN> reinvent_plugins.normalizers.rdkit_smiles: c1c(COC(*)=O)cc2c(sc(C1C=C)nc2)CCN could not be converted
21:32:07 <WARN> reinvent_plugins.normalizers.rdkit_smiles: c1(NC2CO(*)C(=O)COC2C=C)ccc(C)nc1 could not be converted
21:32:07 <WARN> reinvent_plugins.normalizers.rdkit_smiles: N1(*)C(=O)c2cncc3c2c1CC(N)C3=O could not be converted
21:32:07 <WARN> reinvent_plugins.normalizers.rdkit_smiles: O1COc(=O)ccc1C* could not be converted
21:32:07 <WARN> reinvent_plugins.normalizers.rdkit_smiles: c1(C)sc(*)nnc1=O could not be converted
21:32:07 <WARN> reinvent_plugins.normalizers.rdkit_smiles: C1(C)=CC(*)C=N(C)C1=O could not be converted
21:32:07 <WARN> reinvent_plugins.normalizers.rdkit_smiles: Fc1cc2c(cn[nH]c2=O)n(C*)n1 could not be converted
21:32:07 <WARN> reinvent_plugins.normalizers.rdkit_smiles: c1(*)c([N+](=O)[O-])cn(-n2cnncc2)n1 could not be converted
21:32:07 <WARN> reinvent_plugins.normalizers.rdkit_smiles: O=C(C1(C*)C1)Nc1ccc(CO)cn1 could not be converted
21:32:07 <WARN> reinvent_plugins.normalizers.rdkit_smiles: C1(=O)C(=O)C=C2C(=C)C(=O)C(C*)(C)O12 could not be converted
21:32:07 <WARN> reinvent_plugins.normalizers.rdkit_smiles: c1(-c2c(*)nccnn2)c(O)ccc(C2=CC(=O)CC2)c1 could not be converted
21:32:07 <WARN> reinvent_plugins.normalizers.rdkit_smiles: c1cc(OC2(C)CC(=O)CC2)ncn1* could not be converted
21:32:21 <INFO> Score: 0.49 Agent NLL: 20.37 Valid:  96% Step: 52
 | Agent Prior Target Score SMILES SMILES_state Input_Scaffold R-groups Scaffold predicted_activity predicted_activity (raw) training_similarity training_similarity (raw) taf_consistency taf_consistency (raw) novelty novelty (raw) MW_window MW_window (raw) synthetic_feasibility synthetic_feasibility (raw) curated alerts filter curated alerts filter (raw) stereo_validity (predicted_activity) scaffold_novelty (predicted_activity) uncertainty (predicted_activity) taf_disrupted (predicted_activity) matchting_patterns (curated alerts filter)
 | 11.4803 17.7794 55.2397 0.5704621 CC(=O)N1CCC(C2(C)OCC(C3OC(=O)C(O)=C3O)O2)C1 1 O1C(C2C(O)=C(O)C(=O)O2)COC1(C)[*] C1(*)CCN(C(C)=O)C1 O=C1C=CC(C2COC(C3CCNC3)O2)O1 0.4650000 0.4650 0.7431505 0.7432 0.3333333 0.3333 0.2568495 0.2568 1.0000000 313.3060 0.5351850 4.4694 1.0000000 1.0000 0.0 1.0 0.4987734956871706 0.6666666666666667 []
 | 19.1902 30.6508 44.3454 0.5859078 C#CCC1CC1(F)C1=C(O)C(=O)OC1C1COC(C)(C)O1 1 C1C(C2OC(=O)C(O)=C2[*])OC(C)(C)O1 FC1(*)CC1CC#C O=C1C=C(C2CC2)C(C2COCO2)O1 0.3100000 0.3100 0.7138236 0.7138 0.6666667 0.6667 0.2861764 0.2862 1.0000000 296.2940 0.5243858 4.9401 1.0000000 1.0000 0.0 1.0 0.462493243193887 0.33333333333333337 []
 | 17.4374 25.1187 63.4716 0.6921116 O=C1OC(C(O)CO)C(O)=C1C1(CO)C(=O)OC1=O 1 C1(O)=C([*])C(=O)OC1C(CO)O *C1(CO)C(=O)OC1=O O=C1OCC=C1C1C(=O)OC1=O 0.6450000 0.6450 0.7202941 0.7203 0.6666667 0.6667 0.2797059 0.2797 1.0000000 274.1810 0.5376644 4.3612 1.0000000 1.0000 0.0 1.0 0.4785133226985431 0.33333333333333337 []
 | 41.5430 59.4646 5.9491 0.5110446 C=CCC(COC(C)=C(c1ccccc1)C1C(=O)NCCc2ccccc21)C1OC(C(O)CO)C(O)=C1O 1 OC(CO)C1OC([*])C(O)=C1O O(CC(*)CC=C)C(=C(c1ccccc1)C1C(=O)NCCc2ccccc21)C O=C1NCCc2ccccc2C1C(=COCCC1C=CCO1)c1ccccc1 0.4000000 0.4000 0.4543089 0.4543 0.3333333 0.3333 0.5581402 0.5581 1.0000000 521.6100 0.5272344 4.8161 1.0000000 1.0000 0.0 1.0 0.4898979485566356 0.6666666666666667 []
 | 15.7778 20.7925 66.8479 0.6846907 O=C1OC(O)(c2ccccc2)C(=O)C1C1OC(C(O)CBr)C(O)=C1O 1 C(O)(C1OC([*])C(O)=C1O)CBr C1(O)(c2ccccc2)C(=O)C(*)C(=O)O1 O=C1OC(c2ccccc2)C(=O)C1C1C=CCO1 0.5250000 0.5250 0.5617468 0.5617 1.0000000 1.0000 0.4382532 0.4383 1.0000000 415.1920 0.5288838 4.7442 1.0000000 1.0000 0.0 1.0 0.4993746088859544 0.0 []
 | 20.3516 29.6212 51.2945 0.6321540 O=C1OC=C(C2OC(C(O)CO)C(O)=C2O)C1=Cc1ccsc1 1 O1C([*])C(O)=C(O)C1C(O)CO O=C1OC=C(*)C1=Cc1cscc1 O=C1OC=C(C2C=CCO2)C1=Cc1ccsc1 0.5200000 0.5200 0.5428572 0.5429 0.6666667 0.6667 0.4571428 0.4571 1.0000000 338.3370 0.5293628 4.7233 1.0000000 1.0000 0.0 1.0 0.49959983987187184 0.33333333333333337 []
 | 16.6214 22.7100 54.9026 0.6063477 O=c1[nH]c(NC2OC(C(O)CO)C(OCc3ccccc3)=C2O)nc2nccnc12 1 C(C(O)C1C(OCc2ccccc2)=C(O)C([*])O1)O c1cnc2nc(N*)[nH]c(=O)c2n1 O=c1[nH]c(NC2C=C(OCc3ccccc3)CO2)nc2nccnc12 0.6450000 0.6450 0.6634907 0.6635 0.3333333 0.3333 0.3365093 0.3365 1.0000000 413.3900 0.5423779 4.1551 1.0000000 1.0000 0.0 1.0 0.478513322698543 0.6666666666666667 []
 | 20.1209 33.6948 34.0903 0.5295709 CC1(Cc2ccc(OCc3nccs3)nc2)OCC(C2OC(=O)C(O)=C2O)O1 1 O1C(C2C(O)=C(O)C(=O)O2)COC1(C)[*] s1ccnc1COc1ncc(C*)cc1 O=C1C=CC(C2COC(Cc3ccc(OCc4nccs4)nc3)O2)O1 0.3700000 0.3700 0.6128258 0.6128 0.3333333 0.3333 0.3871742 0.3872 1.0000000 406.4160 0.5400963 4.2549 1.0000000 1.0000 0.0 1.0 0.4828043081829324 0.6666666666666667 []
 | 35.9003 48.4782 10.8372 0.4634014 CC1(C)OCC(C2OC(=O)C(O)=C2CC(=O)c2nnc(CC3SCCCC3C(=O)O)s2)O1 1 C1C(C2OC(=O)C(O)=C2[*])OC(C)(C)O1 C1(Cc2sc(C(=O)C*)nn2)C(C(=O)O)CCCS1 O=C1C=C(CC(=O)c2nnc(CC3CCCCS3)s2)C(C2COCO2)O1 0.2100000 0.2100 0.5933661 0.5934 0.3333333 0.3333 0.4066339 0.4066 1.0000000 484.5520 0.5275273 4.8033 1.0000000 1.0000 0.0 1.0 0.40730823708832603 0.6666666666666667 []
 | 30.4221 37.6448 52.1517 0.7015348 Cc1c(C(=O)c2ccccc2Br)c(Cl)nn1C(=O)C1=C(O)C(C(O)CO)OC1=O 1 C1(O)=C([*])C(=O)OC1C(CO)O c1(C)n(C(*)=O)nc(Cl)c1C(=O)c1c(Br)cccc1 O=C1OCC=C1C(=O)n1cc(C(=O)c2ccccc2)cn1 0.5800000 0.5800 0.5563036 0.5563 1.0000000 1.0000 0.4436964 0.4437 1.0000000 485.6740 0.5471787 3.9449 1.0000000 1.0000 0.0 1.0 0.4935585071701227 0.0 []
21:32:22 <WARN> reinvent_plugins.normalizers.rdkit_smiles: c12c(*)nn3ccccc1c23 could not be converted
21:32:22 <WARN> reinvent_plugins.normalizers.rdkit_smiles: C1(*)C(=O)C=C1=O could not be converted
21:32:22 <WARN> reinvent_plugins.normalizers.rdkit_smiles: C1(C#N)(C)(O)COC1* could not be converted
21:32:22 <WARN> reinvent_plugins.normalizers.rdkit_smiles: O=C1C1O* could not be converted
21:32:22 <WARN> reinvent_plugins.normalizers.rdkit_smiles: n12c(nc(=O)n(C*)c1C)ccn2 could not be converted
21:32:22 <WARN> reinvent_plugins.normalizers.rdkit_smiles: C1(C)=C(*)C(=O)C(c2ccncc2)C[N+]([O-])=C(COC)=C1 could not be converted
21:32:22 <WARN> reinvent_plugins.normalizers.rdkit_smiles: c1(C)cc2c(*)nns2cc1 could not be converted
21:32:22 <WARN> reinvent_plugins.normalizers.rdkit_smiles: c12ccccc1c(*)n(CC1C(C)C1)C2=O could not be converted
21:32:22 <WARN> reinvent_plugins.normalizers.rdkit_smiles: C1(c2c(=O)c(=O)c2*)C(C)C1N#CC=Cc1ncccc1 could not be converted
21:32:22 <WARN> reinvent_plugins.normalizers.rdkit_smiles: O1c2c(O)ccc(C*)n2C=CC1 could not be converted
21:32:22 <WARN> reinvent_plugins.normalizers.rdkit_smiles: c1(OC)ccc(C)cn1* could not be converted
21:32:22 <WARN> reinvent_plugins.normalizers.rdkit_smiles: O=C(C1=NCC2(C*)C(=)c3ccccc3CC12)O could not be converted
21:32:22 <WARN> reinvent_plugins.normalizers.rdkit_smiles: c1c2n(CC*)c(=O)n(Cc3ccccc3)c2ccc1C#C2 could not be converted
21:32:22 <WARN> reinvent_plugins.normalizers.rdkit_smiles: O1C=C2C(C)C(*)C(=O)=C=C2C1=O could not be converted
21:32:22 <WARN> reinvent_plugins.normalizers.rdkit_smiles: C1(*)CCN(C(=O)OC(C[N+](=O)[O-])Cc3ccccc2)C(=O)C1 could not be converted
21:32:22 <WARN> reinvent_plugins.normalizers.rdkit_smiles: n1n(C)c(=NC*)c(C)o1 could not be converted
21:32:22 <WARN> reinvent_plugins.normalizers.rdkit_smiles: C1(CCc2nnc3n2C)CCC(=O)C1* could not be converted
21:32:22 <WARN> reinvent_plugins.normalizers.rdkit_smiles: C(c1ccc(CCC)cc1)(NCC1Cc2c(cccc2)(CC*)C(=O)C1)=O could not be converted
21:32:22 <WARN> reinvent_plugins.normalizers.rdkit_smiles: CC1(*)CC(=O)c2c[nH]c(CC)n2C1 could not be converted
21:32:22 <WARN> reinvent_plugins.normalizers.rdkit_smiles: C1(C)[N+](C)(C)C2Cc1nn(C(=O)*)c2C could not be converted
21:32:22 <WARN> reinvent_plugins.normalizers.rdkit_smiles: C1(=O)CO=C(*)CC1=O could not be converted
21:32:22 <WARN> reinvent_plugins.normalizers.rdkit_smiles: C1(=O)NC(=O)C(C*)(=O)N1C1CC1 could not be converted
21:32:22 <WARN> reinvent_plugins.normalizers.rdkit_smiles: *C1CCN(C(c2cc3ccc(=O)n(C)c2=O)cc3)C[N+]1(C)C could not be converted
21:32:22 <WARN> reinvent_plugins.normalizers.rdkit_smiles: c1(Oc2ccccc2)ccccc1-c1n2ccccc2nn1* could not be converted
21:32:22 <WARN> reinvent_plugins.normalizers.rdkit_smiles: O(C(=O)C1C(C)=N(C)C(=O)N(*)C1C)C could not be converted
21:32:22 <WARN> reinvent_plugins.normalizers.rdkit_smiles: C1C(=C)C2=C(C#N)C1OC(C)=N2* could not be converted
21:32:36 <INFO> Score: 0.48 Agent NLL: 20.53 Valid:  93% Step: 53
 | Agent Prior Target Score SMILES SMILES_state Input_Scaffold R-groups Scaffold predicted_activity predicted_activity (raw) training_similarity training_similarity (raw) taf_consistency taf_consistency (raw) novelty novelty (raw) MW_window MW_window (raw) synthetic_feasibility synthetic_feasibility (raw) curated alerts filter curated alerts filter (raw) stereo_validity (predicted_activity) scaffold_novelty (predicted_activity) uncertainty (predicted_activity) taf_disrupted (predicted_activity) matchting_patterns (curated alerts filter)
 | 17.4773 34.9336 46.3775 0.6352431 CC1(NCc2cnn(-c3ncccn3)c2)OCC(C2OC(=O)C(O)=C2O)O1 1 CC1([*])OCC(C2OC(=O)C(O)=C2O)O1 n1c(-n2ncc(CN*)c2)nccc1 O=C1C=CC(C2COC(NCc3cnn(-c4ncccn4)c3)O2)O1 0.4700000 0.4700 0.6400757 0.6401 0.6666667 0.6667 0.3599243 0.3599 1.0000000 375.3410 0.5358740 4.4393 1.0000000 1.0000 0.0 1.0 0.49909918853871116 0.33333333333333337 []
 | 35.6168 53.0039 3.8770 0.4443820 C=[SH]CC1C(=O)c2ncccc2CC(=O)C1C1=C(O)C(=O)OC1C1COC(C)(C)O1 1 C1(C2OC(C)(C)OC2)OC(=O)C(O)=C1[*] C1(=O)C(*)C(CS=C)C(=O)c2ncccc2C1 O=C1C=C(C2CC(=O)c3ncccc3CC2=O)C(C2COCO2)O1 0.1700000 0.1700 0.6179975 0.6180 0.3333333 0.3333 0.3820025 0.3820 1.0000000 433.4820 0.5218008 5.0526 1.0000000 1.0000 0.0 1.0 0.375632799419859 0.6666666666666667 []
 | 19.3646 25.0674 60.8602 0.6713093 NC(=O)C(C1=C(O)C(C(O)CO)OC1=O)c1ncc[nH]1 1 OCC(O)C1C(O)=C([*])C(=O)O1 c1nc(C(C(=O)N)*)[nH]c1 O=C1OCC=C1Cc1ncc[nH]1 0.6100000 0.6100 0.6260991 0.6261 0.6666667 0.6667 0.3739009 0.3739 1.0000000 283.2400 0.5382715 4.3346 1.0000000 1.0000 0.0 1.0 0.4877499359302879 0.33333333333333337 []
 | 16.0063 28.7599 -28.7599 0.0000000 c12c(*)nn3ccccc1c23 0 C(O)C(O)C1C(O)=C(O)C([*])O1 c12c(*)nn3ccccc1c23 -- 0.0000000 0.0000 0.0000000 0.0000 0.0000000 0.0000 0.0000000 0.0000 0.0000000 0.0000 0.0000000 0.0000 0.0000000 0.0000 None None None None None
 | 17.4000 24.8037 52.5017 0.6039483 CC1(CC2OC(C(O)CBr)C(O)=C2O)CCc2ccccc2O1 1 C1([*])C(O)=C(O)C(C(CBr)O)O1 C1(C)(C*)Oc2ccccc2CC1 C1=CC(CC2CCc3ccccc3O2)OC1 0.4600000 0.4600 0.4863101 0.4863 0.6666667 0.6667 0.5136899 0.5137 1.0000000 385.2540 0.5334842 4.5436 1.0000000 1.0000 0.0 1.0 0.49839743177508444 0.33333333333333337 []
 | 20.8162 28.6338 49.4969 0.6103958 CC(C1OC(=O)NC1=O)N(C)C1OC(C(O)CO)C(O)=C1O 1 C1(C(CO)O)OC([*])C(O)=C1O C1(C(N(*)C)C)OC(=O)NC1=O O=C1NC(=O)C(CNC2C=CCO2)O1 0.4400000 0.4400 0.5554921 0.5555 0.6666667 0.6667 0.4445079 0.4445 1.0000000 318.2820 0.5209993 5.0875 1.0000000 1.0000 0.0 1.0 0.4963869458396343 0.33333333333333337 []
 | 28.1060 28.2226 54.7783 0.6484446 COc1ccc(OC)c2c1CC(OC1OC(C(O)CO)C(OCc3ccccc3)=C1O)OC2=O 1 c1cccc(COC2=C(O)C([*])OC2C(O)CO)c1 c1(OC)ccc(OC)c2c1CC(O*)OC2=O O=C1OC(OC2C=C(OCc3ccccc3)CO2)Cc2ccccc21 0.5050000 0.5050 0.6579383 0.6579 0.6666667 0.6667 0.3420617 0.3421 1.0000000 474.4620 0.5395193 4.2801 1.0000000 1.0000 0.0 1.0 0.4999749993749687 0.33333333333333337 []
 | 13.7223 15.2989 59.2146 0.5821369 CC1(CC=C2C(=O)CC(=O)C2=O)OCC(C2OC(=O)C(O)=C2O)O1 1 CC1([*])OCC(C2OC(=O)C(O)=C2O)O1 C1(=CC*)C(=O)C(=O)CC1=O O=C1C=CC(C2COC(CC=C3C(=O)CC(=O)C3=O)O2)O1 0.5150000 0.5150 0.7348469 0.7348 0.3333333 0.3333 0.2651531 0.2652 1.0000000 338.2680 0.5287047 4.7520 1.0000000 1.0000 0.0 1.0 0.4997749493522059 0.6666666666666667 []
 | 17.5893 24.6396 41.7679 0.5188085 CC1(C)OCC(C2OC(=O)C(O)=C2C(=O)CN2CC(=O)CC2=O)O1 1 C1(C2OC(C)(C)OC2)OC(=O)C(O)=C1[*] O=C1CN(CC(*)=O)C(=O)C1 O=C1CC(=O)N(CC(=O)C2=CC(=O)OC2C2COCO2)C1 0.3100000 0.3100 0.6998965 0.6999 0.3333333 0.3333 0.3001035 0.3001 1.0000000 339.3000 0.5429486 4.1302 1.0000000 1.0000 0.0 1.0 0.46249324319388707 0.6666666666666667 []
 | 14.5687 18.8013 66.7775 0.6685848 O=C1C=C(CC2=C(O)C(C(O)CO)OC2=O)C(=O)CC1 1 OCC(O)C1C(O)=C([*])C(=O)O1 C1(=O)CCC(=O)C=C1C* O=C1C=C(CC2=CCOC2=O)C(=O)CC1 0.5750000 0.5750 0.6640783 0.6641 0.6666667 0.6667 0.3359217 0.3359 1.0000000 282.2480 0.5418571 4.1779 1.0000000 1.0000 0.0 1.0 0.49434299833212975 0.33333333333333337 []
21:32:37 <WARN> reinvent_plugins.normalizers.rdkit_smiles: Clc1cnc(NC*)c2ncnc1N could not be converted
21:32:37 <WARN> reinvent_plugins.normalizers.rdkit_smiles: C1(*)C(=O)C(C1c2cccc(CO)c2CC2CCC(=O)CC21)=O could not be converted
21:32:37 <WARN> reinvent_plugins.normalizers.rdkit_smiles: C1(=O)CC(=O)c2ncccc21* could not be converted
21:32:37 <WARN> reinvent_plugins.normalizers.rdkit_smiles: C1(C*)=C(CCn2ncccc2)C(=O)C=C(C)C1=O could not be converted
21:32:37 <WARN> reinvent_plugins.normalizers.rdkit_smiles: c1(*)nc2n(c1=O)CC=C2 could not be converted
21:32:37 <WARN> reinvent_plugins.normalizers.rdkit_smiles: [nH]1ccc(C(=O)O)cc1=O* could not be converted
21:32:37 <WARN> reinvent_plugins.normalizers.rdkit_smiles: C(C)(*)c1[nH]nc(=O)n1C(C)=C1CCC(C)=CC1=O could not be converted
21:32:37 <WARN> reinvent_plugins.normalizers.rdkit_smiles: c1n2c(=O)cccc2cc1CO* could not be converted
21:32:37 <WARN> reinvent_plugins.normalizers.rdkit_smiles: C1(=O)C(C*)CC(=C(c1ccccc1)C)C could not be converted
21:32:37 <WARN> reinvent_plugins.normalizers.rdkit_smiles: Brc1n(C*)nnc1=O could not be converted
21:32:37 <WARN> reinvent_plugins.normalizers.rdkit_smiles: O1C=OC(=O)C=c1* could not be converted
21:32:37 <WARN> reinvent_plugins.normalizers.rdkit_smiles: c12n(C*)ncc1cc1n(Cc2cnccc2)c(=O)n(C)c1=O could not be converted
21:32:37 <WARN> reinvent_plugins.normalizers.rdkit_smiles: C1(n2ncc(N*)c(=O)n2)CCC1 could not be converted
21:32:37 <WARN> reinvent_plugins.normalizers.rdkit_smiles: C1(C(*)n2c3c(ccc(C#CCc4ccccc4)cc3)cc2)=C(C#N)COC(=O)C1 could not be converted
21:32:37 <WARN> reinvent_plugins.normalizers.rdkit_smiles: C1(C)=OC2C(=C)OC1OC2* could not be converted
21:32:37 <WARN> reinvent_plugins.normalizers.rdkit_smiles: c1c(*)[nH]c2c1C1ccccc1NC2=O could not be converted
21:32:37 <WARN> reinvent_plugins.normalizers.rdkit_smiles: C1(C)OC(C)=N(*)C1 could not be converted
21:32:37 <WARN> reinvent_plugins.normalizers.rdkit_smiles: c12ccccc1c(C=C*)cn2 could not be converted
21:32:37 <WARN> reinvent_plugins.normalizers.rdkit_smiles: [nH]1c(C(*)CS(Cc2cc(Occcc2)(=O)=O)C)cnc1 could not be converted
21:32:37 <WARN> reinvent_plugins.normalizers.rdkit_smiles: N1(Cc2c(=O)n(C*)c(=O)cn2C)Cc2ncccc2C1 could not be converted
21:32:37 <WARN> reinvent_plugins.normalizers.rdkit_smiles: O(*)C1(CCCC)(C(=O)C=Nc2ccccc2)CCC1 could not be converted
21:32:37 <WARN> reinvent_plugins.normalizers.rdkit_smiles: C1C(C)OC(C)(=O)C1* could not be converted
21:32:37 <WARN> reinvent_plugins.normalizers.rdkit_smiles: C1C(c2ccccc2)(c2ccccc2)(*)C1(c1ccccc1)C#C could not be converted
21:32:37 <WARN> reinvent_plugins.normalizers.rdkit_smiles: C1(C*)C(=O)NO=C1C1=CCCN1Cc1ccncc1C could not be converted
21:32:37 <WARN> reinvent_plugins.normalizers.rdkit_smiles: C1=C(*)C2C(=C(C#N)=O)C=C1C(=O)CC2 could not be converted
21:32:50 <INFO> Score: 0.48 Agent NLL: 20.64 Valid:  94% Step: 54
 | Agent Prior Target Score SMILES SMILES_state Input_Scaffold R-groups Scaffold predicted_activity predicted_activity (raw) training_similarity training_similarity (raw) taf_consistency taf_consistency (raw) novelty novelty (raw) MW_window MW_window (raw) synthetic_feasibility synthetic_feasibility (raw) curated alerts filter curated alerts filter (raw) stereo_validity (predicted_activity) scaffold_novelty (predicted_activity) uncertainty (predicted_activity) taf_disrupted (predicted_activity) matchting_patterns (curated alerts filter)
 | 26.2278 38.1461 -38.1461 0.0000000 Clc1cnc(NC*)c2ncnc1N 0 C1(C)([*])OC(C2OC(=O)C(O)=C2O)CO1 Clc1cnc(NC*)c2ncnc1N -- 0.0000000 0.0000 0.0000000 0.0000 0.0000000 0.0000 0.0000000 0.0000 0.0000000 0.0000 0.0000000 0.0000 0.0000000 0.0000 None None None None None
 | 26.2475 46.2201 15.7312 0.4839950 C=C1C(=O)OCOC1C=C1CC1C1=C(O)C(=O)OC1C1COC(C)(C)O1 1 [*]C1=C(O)C(=O)OC1C1COC(C)(C)O1 C1C(*)C1=CC1OCOC(=O)C1=C C=C1C(=O)OCOC1C=C1CC1C1=CC(=O)OC1C1COCO1 0.2400000 0.2400 0.6582806 0.6583 0.3333333 0.3333 0.3417194 0.3417 1.0000000 364.3500 0.5202949 5.1181 1.0000000 1.0000 0.0 1.0 0.4270831300812524 0.6666666666666667 []
 | 23.0690 30.1223 52.9394 0.6489195 Cc1cccn2c(C(C)C3=C(O)C(C(O)CO)OC3=O)c(C=O)nc12 1 C(O)C(O)C1OC(=O)C([*])=C1O n1c2c(C)cccn2c(C(*)C)c1C=O O=C1OCC=C1Cc1cnc2ccccn12 0.5550000 0.5550 0.5769144 0.5769 0.6666667 0.6667 0.4230856 0.4231 1.0000000 346.3390 0.5371349 4.3843 1.0000000 1.0000 0.0 1.0 0.4969657935914704 0.33333333333333337 []
 | 25.9836 43.4920 27.7928 0.5569122 O=C1C(O)C(C2OC(C(O)CO)C(O)=C2O)C1c1ccc2ncsc2n1 1 C1(C(CO)O)C(O)=C(O)C([*])O1 C1(*)C(O)C(=O)C1c1nc2scnc2cc1 O=C1CC(C2C=CCO2)C1c1ccc2ncsc2n1 0.5550000 0.5550 0.4944980 0.4945 0.3333333 0.3333 0.5055020 0.5055 1.0000000 380.3780 0.5212790 5.0753 1.0000000 1.0000 0.0 1.0 0.4969657935914704 0.6666666666666667 []
 | 26.9452 38.7520 45.4606 0.6579106 O=C1OC(CC2OC(C(O)CBr)C(O)=C2O)CCC=[N+]1[O-] 1 OC1=C(O)C(C(O)CBr)OC1[*] C1(=O)OC(C*)CCC=[n+]1[O-] O=C1[NH+]=CCCC(CC2C=CCO2)O1 0.4500000 0.4500 0.5554701 0.5555 1.0000000 1.0000 0.4445299 0.4445 1.0000000 366.1640 0.5112048 5.5133 1.0000000 1.0000 0.0 1.0 0.49749371855331004 0.0 []
 | 15.9161 23.0740 45.6590 0.5369766 COc1cc(CC2OC(C(O)CO)C(O)=C2O)cnc1OC 1 C1([*])OC(C(CO)O)C(O)=C1O O(C)c1c(OC)ncc(C*)c1 C1=CC(Cc2cccnc2)OC1 0.4500000 0.4500 0.5039033 0.5039 0.3333333 0.3333 0.5202984 0.5203 1.0000000 313.3060 0.5437158 4.0966 1.0000000 1.0000 0.0 1.0 0.49749371855331004 0.6666666666666667 []
 | 20.2384 31.5123 42.4986 0.5782105 O=c1cc2c(n[nH]1)C(C1OC(C(O)CO)C(OCc3ccccc3)=C1O)CC2 1 OC(C1OC([*])C(O)=C1OCc1ccccc1)CO *C1CCc2cc(=O)[nH]nc21 O=c1cc2c(n[nH]1)C(C1C=C(OCc3ccccc3)CO1)CC2 0.5300000 0.5300 0.6475993 0.6476 0.3333333 0.3333 0.3524007 0.3524 1.0000000 386.4040 0.5397449 4.2703 1.0000000 1.0000 0.0 1.0 0.49909918853871116 0.6666666666666667 []
 | 13.5805 16.2192 65.5056 0.6384757 CC1(CC2OC(=O)CC2O)OCC(C2OC(=O)C(O)=C2O)O1 1 C1(C)([*])OC(C2OC(=O)C(O)=C2O)CO1 C1C(=O)OC(C*)C1O O=C1C=CC(C2COC(CC3CCC(=O)O3)O2)O1 0.4500000 0.4500 0.7324670 0.7325 0.6666667 0.6667 0.2675330 0.2675 1.0000000 316.2620 0.5261304 4.8641 1.0000000 1.0000 0.0 1.0 0.49749371855331004 0.33333333333333337 []
 | 29.3071 49.4084 16.0974 0.5117639 CC1(C)OCC(C2OC(=O)C(O)=C2C2CCCOC(CO)(c3ccncn3)C2)O1 1 [*]C1=C(O)C(=O)OC1C1COC(C)(C)O1 C1C(*)CC(CO)(c2ccncn2)OCC1 O=C1C=C(C2CCCOC(c3ccncn3)C2)C(C2COCO2)O1 0.1850000 0.1850 0.6077819 0.6078 0.6666667 0.6667 0.3922181 0.3922 1.0000000 406.4350 0.5298134 4.7037 1.0000000 1.0000 0.0 1.0 0.38829756630707846 0.33333333333333337 []
 | 16.9000 31.1990 50.7212 0.6400015 CC1(O)COC12CC(=O)N(C1=C(O)C(C(O)CO)OC1=O)C2=O 1 C(O)C(O)C1OC(=O)C([*])=C1O C1(=O)N(*)C(=O)CC12C(C)(O)CO2 O=C1OCC=C1N1C(=O)CC2(CCO2)C1=O 0.5100000 0.5100 0.6126329 0.6126 0.6666667 0.6667 0.3873671 0.3874 1.0000000 329.2610 0.5159230 5.3082 1.0000000 1.0000 0.0 1.0 0.4998999899979995 0.33333333333333337 []
21:32:51 <WARN> reinvent_plugins.normalizers.rdkit_smiles: C1(=O)C(OC(c2nccnc2)=O)c2nccc(*)n2C1 could not be converted
21:32:51 <WARN> reinvent_plugins.normalizers.rdkit_smiles: C1C(=O)N(*)C(=O)C12C(=O)CC1(CC2)C1 could not be converted
21:32:51 <WARN> reinvent_plugins.normalizers.rdkit_smiles: C1(=C(=O)N2CCC(*)(c3cc(CCO)ccc3)CC2)C(C)C(=O)C(O)C1=O could not be converted
21:32:51 <WARN> reinvent_plugins.normalizers.rdkit_smiles: O(C1OC(=O)C(*)=C1=O)C(CCc1nc(C)cs1)=O could not be converted
21:32:51 <WARN> reinvent_plugins.normalizers.rdkit_smiles: C1(=O)c2c(cccc2)C(=O)O1* could not be converted
21:32:51 <WARN> reinvent_plugins.normalizers.rdkit_smiles: C1(=O)C(C)C(=O)C1c1c(=O)[nH]cn1C(*)C could not be converted
21:32:51 <WARN> reinvent_plugins.normalizers.rdkit_smiles: C1C(N*)=C(Cl)BrCC1 could not be converted
21:32:51 <WARN> reinvent_plugins.normalizers.rdkit_smiles: C1(*)S(O)(=O)=OCC1=O could not be converted
21:32:51 <WARN> reinvent_plugins.normalizers.rdkit_smiles: C1C(C*)CCN(S(=O)(=O)C2CCCO(C)C2)C1 could not be converted
21:32:52 <WARN> reinvent_plugins.normalizers.rdkit_smiles: CCCc1n2cccc(*)c2s1 could not be converted
21:32:52 <WARN> reinvent_plugins.normalizers.rdkit_smiles: C1(=O)C(O)C(*)C1C#C(c1ccc(OC)cc1)CC(OC)Cn1n2c(=O)cccc2nn1 could not be converted
21:32:52 <WARN> reinvent_plugins.normalizers.rdkit_smiles: n1cn(C2=C=C(C#N)CC(=O)O2*)cc1 could not be converted
21:32:52 <WARN> reinvent_plugins.normalizers.rdkit_smiles: C1(C*)C(=O)C(Cc2ccccc2)Oc2ccccc21=O could not be converted
21:32:52 <WARN> reinvent_plugins.normalizers.rdkit_smiles: C1(=O)C(C)(C(*)O)C(=O)C1=C(C1CCN1)=O could not be converted
21:32:52 <WARN> reinvent_plugins.normalizers.rdkit_smiles: C1(=O)N(C*)CC(c2c(F)cccc2)=COC12CC3(CO)c1ccccc1C2O could not be converted
21:32:52 <WARN> reinvent_plugins.normalizers.rdkit_smiles: C1(=O)C(*)C(=O)C=N1c1ccc(F)c(=O)[nH]1 could not be converted
21:32:52 <WARN> reinvent_plugins.normalizers.rdkit_smiles: N1CC(C(=O)c2cc(C)[nH]cc2=O)(*)C(=O)[S+]C(=O)C1 could not be converted
21:33:06 <INFO> Score: 0.51 Agent NLL: 21.13 Valid:  96% Step: 55
 | Agent Prior Target Score SMILES SMILES_state Input_Scaffold R-groups Scaffold predicted_activity predicted_activity (raw) training_similarity training_similarity (raw) taf_consistency taf_consistency (raw) novelty novelty (raw) MW_window MW_window (raw) synthetic_feasibility synthetic_feasibility (raw) curated alerts filter curated alerts filter (raw) stereo_validity (predicted_activity) scaffold_novelty (predicted_activity) uncertainty (predicted_activity) taf_disrupted (predicted_activity) matchting_patterns (curated alerts filter)
 | 13.2534 22.3972 48.0370 0.5502669 CC1(CCc2cccc3cnccc23)OCC(C2OC(=O)C(O)=C2O)O1 1 C1C(C2OC(=O)C(O)=C2O)OC(C)([*])O1 c1(CC*)c2ccncc2ccc1 O=C1C=CC(C2COC(CCc3cccc4cnccc34)O2)O1 0.4200000 0.4200 0.6520408 0.6520 0.3333333 0.3333 0.3479592 0.3480 1.0000000 357.3620 0.5456258 4.0130 1.0000000 1.0000 0.0 1.0 0.4935585071701227 0.6666666666666667 []
 | 33.5781 42.8771 24.6970 0.5279230 COC1c2ncccc2OC(=C(N)C2=C(O)C(=O)OC2C2COC(C)(C)O2)C1O 1 C1(=O)OC(C2COC(C)(C)O2)C([*])=C1O C1(OC)C(O)C(=C(*)N)Oc2cccnc21 O=C1C=C(C=C2CCc3ncccc3O2)C(C2COCO2)O1 0.2000000 0.2000 0.6530471 0.6530 0.6666667 0.6667 0.3766978 0.3767 1.0000000 406.3910 0.5278794 4.7880 1.0000000 1.0000 0.0 1.0 0.4 0.33333333333333337 []
 | 16.3173 24.2213 60.3084 0.6603885 CC1=CC(O)(CC2=C(O)C(C(O)CO)OC2=O)CO1 1 OC1=C([*])C(=O)OC1C(O)CO C1(C*)(O)COC(C)=C1 O=C1OCC=C1CC1C=COC1 0.5600000 0.5600 0.6480741 0.6481 0.6666667 0.6667 0.3519259 0.3519 1.0000000 272.2530 0.5269089 4.8302 1.0000000 1.0000 0.0 1.0 0.4963869458396343 0.33333333333333337 []
 | 27.3121 36.0483 39.6889 0.5916975 C=CC(CC1OC(C(O)CO)C(O)=C1O)=C1C=C(COC)COC1=O 1 C(O)(CO)C1OC([*])C(O)=C1O C1(=C(C=C)C*)C(=O)OCC(COC)=C1 O=C1OCC=CC1=CCC1C=CCO1 0.4050000 0.4050 0.5101444 0.5101 0.6666667 0.6667 0.5055020 0.5055 1.0000000 354.3550 0.5234293 4.9817 1.0000000 1.0000 0.0 1.0 0.4908920451586072 0.33333333333333337 []
 | 36.2217 43.2096 36.1672 0.6201319 CC1Sc2cc3ccccc3cc2NC(=O)C1(O)C1OC(C(O)CBr)C(O)=C1O 1 [*]C1C(O)=C(O)C(C(O)CBr)O1 c12cc3c(cc1cccc2)SC(C)C(O)(*)C(=O)N3 O=C1Nc2cc3ccccc3cc2SCC1C1C=CCO1 0.5000000 0.5000 0.5118338 0.5118 0.6666667 0.6667 0.4881662 0.4882 1.0000000 482.3520 0.5278096 4.7910 1.0000000 1.0000 0.0 1.0 0.5 0.33333333333333337 []
 | 18.2560 26.7632 37.5905 0.5027635 Cn1cc(CC2OC(C(O)CO)C(O)=C2O)nc1C1CCOC1 1 C1(O)=C(O)C(C(CO)O)OC1[*] c1(C*)nc(C2CCOC2)n(C)c1 C1=CC(Cc2c[nH]c(C3CCOC3)n2)OC1 0.3950000 0.3950 0.4242641 0.4243 0.3333333 0.3333 0.5757359 0.5757 1.0000000 326.3490 0.5285813 4.7574 1.0000000 1.0000 0.0 1.0 0.4888506929523574 0.6666666666666667 []
 | 13.4961 23.1600 53.6194 0.5998396 O=C1C(=O)C(CC2OC(C(O)CO)C(OCc3ccccc3)=C2O)Nc2ccccc21 1 C1(C(O)CO)C(OCc2ccccc2)=C(O)C([*])O1 C1(=O)C(C*)Nc2ccccc2C1=O O=C1C(=O)C(CC2C=C(OCc3ccccc3)CO2)Nc2ccccc21 0.6100000 0.6100 0.6711560 0.6712 0.3333333 0.3333 0.3288440 0.3288 1.0000000 425.4370 0.5427595 4.1384 1.0000000 1.0000 0.0 1.0 0.4877499359302879 0.6666666666666667 []
 | 33.6307 42.2517 39.6895 0.6401655 CC1C=C(C(=O)NCC2(C)OCC(C3OC(=O)C(O)=C3O)O2)N1CC1=C(O)C(=O)CCC1=O 1 C1C(C2OC(=O)C(O)=C2O)OC(C)([*])O1 C1(C(=O)NC*)=CC(C)N1CC1=C(O)C(=O)CCC1=O O=C1C=C(CN2CC=C2C(=O)NCC2OCC(C3C=CC(=O)O3)O2)C(=O)CC1 0.4950000 0.4950 0.6363961 0.6364 0.6666667 0.6667 0.3636039 0.3636 1.0000000 464.4270 0.5217469 5.0550 1.0000000 1.0000 0.0 1.0 0.49997499937496875 0.33333333333333337 []
 | 21.3557 27.5692 48.2555 0.5923805 CC1(C)OCC(C2OC(=O)C(O)=C2S(=O)(=O)n2cc(N)cn2)O1 1 C1(=O)OC(C2COC(C)(C)O2)C([*])=C1O c1c(N)cn(S(=O)(=O)*)n1 O=C1C=C(S(=O)(=O)n2cccn2)C(C2COCO2)O1 0.3300000 0.3300 0.6781327 0.6781 0.6666667 0.6667 0.3218673 0.3219 1.0000000 345.3330 0.5400385 4.2574 1.0000000 1.0000 0.0 1.0 0.4702127178203499 0.33333333333333337 []
 | 11.4847 19.0531 -19.0531 0.0000000 CN1CC(=O)C(C2=C(O)C(C(O)CO)OC2=O)C1=O 1 OC1=C([*])C(=O)OC1C(O)CO C1N(C)C(=O)C(*)C1=O O=C1OCC=C1C1C(=O)CNC1=O 0.5850000 0.5850 0.6725382 0.6725 0.6666667 0.6667 0.3274618 0.3275 1.0000000 271.2250 0.5382823 4.3342 1.0000000 1.0000 0.0 1.0 0.49272203116970525 0.33333333333333337 []
21:33:07 <WARN> reinvent_plugins.normalizers.rdkit_smiles: O=c1n(C)c2nc(C)cc(*)n2c1 could not be converted
21:33:07 <WARN> reinvent_plugins.normalizers.rdkit_smiles: N1(C)CC(=O)O(C(*)O)CC1c1c([N+](=O)[O-])cccc1 could not be converted
21:33:07 <WARN> reinvent_plugins.normalizers.rdkit_smiles: C1(CC(*)=O)C(=O)C(=O)C(c2ccc(O)c(O)c2)(C)C21c1ccccc1=N2 could not be converted
21:33:07 <WARN> reinvent_plugins.normalizers.rdkit_smiles: O=C1c2c(nccc2)C(=O)O1C(=O)CN1CCC(*)(O)C1=O could not be converted
21:33:07 <WARN> reinvent_plugins.normalizers.rdkit_smiles: C1(C(=O)O)(S(=O)(=O)N)=C(*)C(=O)N1 could not be converted
21:33:07 <WARN> reinvent_plugins.normalizers.rdkit_smiles: O=c1c2cnccc2n2c(*)[nH]nc2n1 could not be converted
21:33:07 <WARN> reinvent_plugins.normalizers.rdkit_smiles: Brc1c(Br)cc(CO)cn1* could not be converted
21:33:07 <WARN> reinvent_plugins.normalizers.rdkit_smiles: C1CC2C(C*)=C(C(=O)N)C1C1c2cccc1 could not be converted
21:33:07 <WARN> reinvent_plugins.normalizers.rdkit_smiles: n1c2c(cc(*)n2CC1O)nccc1 could not be converted
21:33:07 <WARN> reinvent_plugins.normalizers.rdkit_smiles: C1(*)CC(=O)C(=O)C2=C1N=C(C#N)=CC2=O could not be converted
21:33:07 <WARN> reinvent_plugins.normalizers.rdkit_smiles: C1(c2sc(-c3nc(C#C*)ccc3)c(=O)[nH]2)(C)N=C(c2ccc(-c3ncccn3)cc2)OC1 could not be converted
21:33:07 <WARN> reinvent_plugins.normalizers.rdkit_smiles: C1Oc2ccc(*)cn2C1=O could not be converted
21:33:07 <WARN> reinvent_plugins.normalizers.rdkit_smiles: C1(=O)C(c2cccc(O*)c2)O=C(C)OC1 could not be converted
21:33:07 <WARN> reinvent_plugins.normalizers.rdkit_smiles: n1n2c(ccc1*)C(=O)N(C)C2 could not be converted
21:33:07 <WARN> reinvent_plugins.normalizers.rdkit_smiles: OC(=O)C1C(=O)C(c2ccccc2)O1C(C*)=O could not be converted
21:33:07 <WARN> reinvent_plugins.normalizers.rdkit_smiles: O=c1c(C*)ccc(=O)[nH]c1C could not be converted
21:33:07 <WARN> reinvent_plugins.normalizers.rdkit_smiles: C1(C)C(C*)(OCCc2ncccc2)OC(=O)C2=N1CCC2 could not be converted
21:33:07 <WARN> reinvent_plugins.normalizers.rdkit_smiles: *N1C(C)(C)C(C)N(C)C(=O)[S+]1c2ncccc2COC1 could not be converted
21:33:07 <WARN> reinvent_plugins.normalizers.rdkit_smiles: C1(C(=O)c2ccccc2)C(N)(C*)=CC(=O)C=C1 could not be converted
21:33:07 <WARN> reinvent_plugins.normalizers.rdkit_smiles: C1(*)c2sccc2OC2O1(C)CO2 could not be converted
21:33:07 <WARN> reinvent_plugins.normalizers.rdkit_smiles: C1(c2csc(=O)[nH]2)(*)CC(=O)OCC1=c1cccc(F)c1 could not be converted
21:33:07 <WARN> reinvent_plugins.normalizers.rdkit_smiles: C1(C)OC(=O)C(=CN*)BrC1 could not be converted
21:33:07 <WARN> reinvent_plugins.normalizers.rdkit_smiles: C1(=CC=C*)C(=O)NC(=O)(O)(C)C1CCc1ccccc1 could not be converted
21:33:07 <WARN> reinvent_plugins.normalizers.rdkit_smiles: C1(n2c(*)ncc2C)C(=O)N(C)(CCc2ncccn2)C(=O)CC1 could not be converted
21:33:07 <WARN> reinvent_plugins.normalizers.rdkit_smiles: n1n2c([nH]c1=O)C1(*)C(=O)C(=C)C(C=O)C2C1 could not be converted
21:33:07 <WARN> reinvent_plugins.normalizers.rdkit_smiles: c1(=O)ccc(C*)[nH]c1CC(=O)O could not be converted
21:33:07 <WARN> reinvent_plugins.normalizers.rdkit_smiles: C1C(*)(O)Cc2nccc(=O)c2C1 could not be converted
21:33:07 <WARN> reinvent_plugins.normalizers.rdkit_smiles: C1(C)(ccccc2OC)CC(C)(O)CO1C* could not be converted
21:33:07 <WARN> reinvent_plugins.normalizers.rdkit_smiles: C(=C1C(C(*)C=C)=CC(=O)O1(C)C)C(O)=O could not be converted
21:33:07 <WARN> reinvent_plugins.normalizers.rdkit_smiles: O1C2C(=O)Cc3cc(O*)cc2OCCCOC12 could not be converted
21:33:21 <INFO> Score: 0.48 Agent NLL: 21.59 Valid:  92% Step: 56
 | Agent Prior Target Score SMILES SMILES_state Input_Scaffold R-groups Scaffold predicted_activity predicted_activity (raw) training_similarity training_similarity (raw) taf_consistency taf_consistency (raw) novelty novelty (raw) MW_window MW_window (raw) synthetic_feasibility synthetic_feasibility (raw) curated alerts filter curated alerts filter (raw) stereo_validity (predicted_activity) scaffold_novelty (predicted_activity) uncertainty (predicted_activity) taf_disrupted (predicted_activity) matchting_patterns (curated alerts filter)
 | 29.5334 40.9221 28.2279 0.5402343 CC(=O)C1=C(CN2CCc3ccccc3C2)C(=O)C(C2(C)OCC(C3OC(=O)C(O)=C3O)O2)C1=O 1 C1(C2OC(C)([*])OC2)OC(=O)C(O)=C1O O=C1C(*)C(=O)C(C(=O)C)=C1CN1CCc2ccccc2C1 O=C1C=CC(C2COC(C3C(=O)C=C(CN4CCc5ccccc5C4)C3=O)O2)O1 0.4100000 0.4100 0.6077819 0.6078 0.3333333 0.3333 0.3922181 0.3922 1.0000000 483.4730 0.5323036 4.5951 1.0000000 1.0000 0.0 1.0 0.4918333050943175 0.6666666666666667 []
 | 16.8765 21.8565 39.3211 0.4779501 CC(=CC1=C(O)C(=O)OC1C1COC(C)(C)O1)N1CCOCC1 1 CC1(C)OC(C2C([*])=C(O)C(=O)O2)CO1 N1(C(=C*)C)CCOCC1 O=C1C=C(C=CN2CCOCC2)C(C2COCO2)O1 0.2050000 0.2050 0.7698590 0.7699 0.3333333 0.3333 0.2301410 0.2301 1.0000000 325.3610 0.5453931 4.0232 1.0000000 1.0000 0.0 1.0 0.40370162248868907 0.6666666666666667 []
 | 13.4408 24.5974 64.3663 0.6950284 O=C1OC(C(O)CO)C(O)=C1N1C(=O)SC1=O 1 C1(=O)OC(C(O)CO)C(O)=C1[*] O=C1SC(=O)N1* O=C1OCC=C1N1C(=O)SC1=O 0.6500000 0.6500 0.7311262 0.7311 0.6666667 0.6667 0.2688738 0.2689 1.0000000 261.2110 0.5421731 4.1641 1.0000000 1.0000 0.0 1.0 0.47696960070847283 0.33333333333333337 []
 | 17.9970 32.8552 38.8361 0.5600886 O=C1C=CC(c2cccc(CC3OC(C(O)CO)C(O)=C3O)n2)=C1 1 C(O)C(O)C1C(O)=C(O)C([*])O1 C1(c2nc(C*)ccc2)=CC(=O)C=C1 O=C1C=CC(c2cccc(CC3C=CCO3)n2)=C1 0.5350000 0.5350 0.5251139 0.5251 0.3333333 0.3333 0.4748861 0.4749 1.0000000 331.3240 0.5368512 4.3967 1.0000000 1.0000 0.0 1.0 0.49877349568717055 0.6666666666666667 []
 | 16.4964 21.7240 57.3538 0.6177948 C=CC1C(=O)CC(C2OC(C(O)CBr)C(O)=C2O)C1=O 1 OC(C1C(O)=C(O)C([*])O1)CBr O=C1CC(*)C(=O)C1C=C O=C1CC(=O)C(C2C=CCO2)C1 0.4500000 0.4500 0.5819357 0.5819 0.6666667 0.6667 0.4180643 0.4181 1.0000000 347.1610 0.5184082 5.2002 1.0000000 1.0000 0.0 1.0 0.49749371855331004 0.33333333333333337 []
 | 9.5366 13.3118 -13.3118 0.0000000 O=C1c2ccccc2C(=O)C1C1OC(C(O)CO)C(O)=C1O 1 O1C(C(O)CO)C(O)=C(O)C1[*] C1(=O)c2c(cccc2)C(=O)C1* O=C1c2ccccc2C(=O)C1C1C=CCO1 0.5950000 0.5950 0.6173949 0.6174 0.3333333 0.3333 0.3826051 0.3826 1.0000000 306.2700 0.5457118 4.0092 1.0000000 1.0000 0.0 1.0 0.4908920451586072 0.6666666666666667 []
 | 21.6584 29.7828 46.2314 0.5938610 O=C(c1ccncc1)c1cc(C2OC(C(O)CO)C(OCc3ccccc3)=C2O)ccc1O 1 c1ccc(COC2=C(O)C([*])OC2C(CO)O)cc1 c1(O)c(C(=O)c2ccncc2)cc(*)cc1 O=C(c1ccncc1)c1cccc(C2C=C(OCc3ccccc3)CO2)c1 0.6050000 0.6050 0.6260127 0.6260 0.3333333 0.3333 0.3739873 0.3740 1.0000000 449.4590 0.5504752 3.8004 1.0000000 1.0000 0.0 1.0 0.4888506929523574 0.6666666666666667 []
 | 10.7847 15.8556 58.0619 0.5774803 CC1(N2C(=O)c3ccncc3C2=O)OCC(C2OC(=O)C(O)=C2O)O1 1 C1(C2OC(C)([*])OC2)OC(=O)C(O)=C1O c12ccncc1C(=O)N(*)C2=O O=C1C=CC(C2COC(N3C(=O)c4ccncc4C3=O)O2)O1 0.5100000 0.5100 0.6851601 0.6852 0.3333333 0.3333 0.3148399 0.3148 1.0000000 348.2670 0.5386020 4.3202 1.0000000 1.0000 0.0 1.0 0.4998999899979995 0.6666666666666667 []
 | 14.8671 27.2816 47.2775 0.5824927 CC1(C)OCC(C2OC(=O)C(O)=C2C2(CO)CCC(=O)C(=O)C2)O1 1 CC1(C)OC(C2C([*])=C(O)C(=O)O2)CO1 C1(=O)CC(CO)(*)CCC1=O O=C1C=C(C2CCC(=O)C(=O)C2)C(C2COCO2)O1 0.3000000 0.3000 0.7076303 0.7076 0.6666667 0.6667 0.2923697 0.2924 1.0000000 340.3280 0.5359596 4.4356 1.0000000 1.0000 0.0 1.0 0.45825756949558394 0.33333333333333337 []
 | 12.7864 13.9008 70.3348 0.6580910 O=C1OC(C(O)CO)C(O)=C1CC1CC(CO)OC1=O 1 C1(=O)OC(C(O)CO)C(O)=C1[*] C1(C*)CC(CO)OC1=O O=C1OCC=C1CC1CCOC1=O 0.5350000 0.5350 0.6725382 0.6725 0.6666667 0.6667 0.3274618 0.3275 1.0000000 288.2520 0.5347042 4.4904 1.0000000 1.0000 0.0 1.0 0.49877349568717055 0.33333333333333337 []
21:33:23 <WARN> reinvent_plugins.normalizers.rdkit_smiles: C1(CC(=O)OC)=NN(C(C(N*)=O)=O)=CO[S+]1[O-] could not be converted
21:33:23 <WARN> reinvent_plugins.normalizers.rdkit_smiles: C1(*)C(=O)C2(C)C(=O)C1(C#N)=C(=O)N2 could not be converted
21:33:23 <WARN> reinvent_plugins.normalizers.rdkit_smiles: N1C(=O)c2c(cc(Br)cc2)C(=O)=C1C* could not be converted
21:33:23 <WARN> reinvent_plugins.normalizers.rdkit_smiles: O=C1c2ccc(C(*)c3cccc(OCC3O)nc2)C(=O)C(=O)N1C could not be converted
21:33:23 <WARN> reinvent_plugins.normalizers.rdkit_smiles: N([s+](c1ccc2cccnc2c1)C(c1ccc(O)c(O)c1)*)C(=O)c1ccc(C#N)cc1[N+](=O)[O-] could not be converted
21:33:23 <WARN> reinvent_plugins.normalizers.rdkit_smiles: *C#C1(c2ccccc2)C(=O)N(C)C1=O could not be converted
21:33:23 <WARN> reinvent_plugins.normalizers.rdkit_smiles: O=C1C(CC2CC(=C)C(*)=C2=C(c2ncccc2)C)NC(=O)N1 could not be converted
21:33:23 <WARN> reinvent_plugins.normalizers.rdkit_smiles: c1(=O)n(CCC)c2ccccc2c1O* could not be converted
21:33:23 <WARN> reinvent_plugins.normalizers.rdkit_smiles: c1(C*)ncnc2c1OC(C)(C)CN1C(=O)C=N21 could not be converted
21:33:23 <WARN> reinvent_plugins.normalizers.rdkit_smiles: c1(C(=O)N)c(=O)c2cncc(*)n2c(C)c1 could not be converted
21:33:23 <WARN> reinvent_plugins.normalizers.rdkit_smiles: O=C1C(C)=C(C)c2ncc(C*)[n+]2C1=O could not be converted
21:33:23 <WARN> reinvent_plugins.normalizers.rdkit_smiles: C1(*)C(C#Ccnccc1)C(O)=O could not be converted
21:33:23 <WARN> reinvent_plugins.normalizers.rdkit_smiles: n1c(*)sc2c1CC(C)(C)N=C2=O could not be converted
21:33:23 <WARN> reinvent_plugins.normalizers.rdkit_smiles: O=C1C(=O)N(*)C=N2C1C[S+]([O-])C(C(=O)O)C2=O could not be converted
21:33:23 <WARN> reinvent_plugins.normalizers.rdkit_smiles: O=C1OC(C*)=O(C)C(=O)C1 could not be converted
21:33:23 <WARN> reinvent_plugins.normalizers.rdkit_smiles: c1cc2c(c(=O)c(O)c(*)c2-c2ccncc2)cc1 could not be converted
21:33:23 <WARN> reinvent_plugins.normalizers.rdkit_smiles: c1(*)nnc2c(=O)c3c(nccc3)nn2c1 could not be converted
21:33:23 <WARN> reinvent_plugins.normalizers.rdkit_smiles: c1(=O)n(C)c(=O)nc(C*)cn1C(c1ccccc1)c1ccccc1 could not be converted
21:33:23 <WARN> reinvent_plugins.normalizers.rdkit_smiles: c1(CN*)nc2c(c(=O)n(C3OC(C#C)C(=O)O3)n1)C=CC2 could not be converted
21:33:23 <WARN> reinvent_plugins.normalizers.rdkit_smiles: C1C(C2(*)CC(=O)Oc3c(c2)OCC(=O)O3)C1 could not be converted
21:33:23 <WARN> reinvent_plugins.normalizers.rdkit_smiles: C1(*)C(=O)OC1(CC1NC(=O)C(C)=C1)=O could not be converted
21:33:23 <WARN> reinvent_plugins.normalizers.rdkit_smiles: C1(c2cc(CCCc3[nH]cnc3)cc2CO)OC(=O)N(*)C1 could not be converted
21:33:23 <WARN> reinvent_plugins.normalizers.rdkit_smiles: O=C1C2=CC(=O)CC1O2* could not be converted
21:33:37 <INFO> Score: 0.50 Agent NLL: 22.16 Valid:  95% Step: 57
 | Agent Prior Target Score SMILES SMILES_state Input_Scaffold R-groups Scaffold predicted_activity predicted_activity (raw) training_similarity training_similarity (raw) taf_consistency taf_consistency (raw) novelty novelty (raw) MW_window MW_window (raw) synthetic_feasibility synthetic_feasibility (raw) curated alerts filter curated alerts filter (raw) stereo_validity (predicted_activity) scaffold_novelty (predicted_activity) uncertainty (predicted_activity) taf_disrupted (predicted_activity) matchting_patterns (curated alerts filter)
 | 25.3521 39.7691 33.3453 0.5712064 CC1=C2CC(=NC=N1)C(=O)N(C1(C)OCC(C3OC(=O)C(O)=C3O)O1)C2 1 C1(C2COC([*])(C)O2)C(O)=C(O)C(=O)O1 C1(=O)N(*)Cc2c(C)ncnc1C2 O=C1C=CC(C2COC(N3CC4=CN=CN=C(C4)C3=O)O2)O1 0.5050000 0.5050 0.6771193 0.6771 0.3333333 0.3333 0.3228807 0.3229 1.0000000 363.3260 0.5046631 5.7975 1.0000000 1.0000 0.0 1.0 0.4999749993749687 0.6666666666666667 []
 | 22.1716 31.6946 32.9605 0.5051182 CC1(C)OCC(C2OC(=O)C(O)=C2CN2CC(C(=O)Cl)OC2=O)O1 1 C1([*])=C(O)C(=O)OC1C1OC(C)(C)OC1 C1(C(Cl)=O)OC(=O)N(C*)C1 O=C1C=C(CN2CCOC2=O)C(C2COCO2)O1 0.2800000 0.2800 0.6851601 0.6852 0.3333333 0.3333 0.3148399 0.3148 1.0000000 361.7340 0.5355437 4.4537 1.0000000 1.0000 0.0 1.0 0.44899888641287294 0.6666666666666667 []
 | 20.0415 27.2990 58.3416 0.6690672 Cc1c(Cl)cnn1NC1=C(O)C(C(O)CO)OC1=O 1 OC1=C([*])C(=O)OC1C(O)CO Clc1c(C)n(N*)nc1 O=C1OCC=C1Nn1cccn1 0.6000000 0.6000 0.6260991 0.6261 0.6666667 0.6667 0.3739009 0.3739 1.0000000 289.6750 0.5398616 4.2651 1.0000000 1.0000 0.0 1.0 0.48989794855663565 0.33333333333333337 []
 | 23.6627 35.2086 45.1703 0.6279598 O=C1OC(=O)C1=C(C1OC(C(O)CO)C(O)=C1O)N1CCNC1=O 1 C1(O)=C(O)C([*])OC1C(O)CO C1(=O)OC(=O)C1=C(*)N1CCNC1=O O=C1OC(=O)C1=C(C1C=CCO1)N1CCNC1=O 0.5000000 0.5000 0.5489948 0.5490 0.6666667 0.6667 0.4510052 0.4510 1.0000000 342.2600 0.5301315 4.6898 1.0000000 1.0000 0.0 1.0 0.5 0.33333333333333337 []
 | 20.7273 32.6796 49.4161 0.6413724 O=C1NC(c2ccc(OC3OC(C(O)CBr)C(O)=C3O)cc2)C12COC2=O 1 OC(CBr)C1OC([*])C(O)=C1O C1(c2ccc(O*)cc2)NC(=O)C12C(=O)OC2 O=C1NC(c2ccc(OC3C=CCO3)cc2)C12COC2=O 0.4450000 0.4450 0.4848952 0.4849 1.0000000 1.0000 0.5151048 0.5151 1.0000000 442.2180 0.5143020 5.3787 1.0000000 1.0000 0.0 1.0 0.49696579359147036 0.0 []
 | 16.8851 20.7710 48.2020 0.5388510 C[n+]1ccc(C(O)C2OC(C(O)CO)C(O)=C2O)cc1 1 C1([*])C(O)=C(O)C(C(CO)O)O1 c1(C(O)*)cc[n+](C)cc1 C1=CC(Cc2cc[nH+]cc2)OC1 0.4600000 0.4600 0.5144958 0.5145 0.3333333 0.3333 0.4855042 0.4855 1.0000000 284.2880 0.5294880 4.7179 1.0000000 1.0000 0.0 1.0 0.49839743177508444 0.6666666666666667 []
 | 16.7253 26.4278 48.3242 0.5840000 OCc1nc(NC2OC(C(O)CO)C(OCc3ccccc3)=C2O)c2ccncc2n1 1 C(CO)(C1C(OCc2ccccc2)=C(O)C([*])O1)O n1c2cnccc2c(N*)nc1CO C1=C(OCc2ccccc2)COC1Nc1ncnc2cnccc12 0.5850000 0.5850 0.5942669 0.5943 0.3333333 0.3333 0.4057331 0.4057 1.0000000 426.4290 0.5439243 4.0875 1.0000000 1.0000 0.0 1.0 0.4927220311697053 0.6666666666666667 []
 | 26.6568 34.1769 47.1478 0.6353495 CC=C(C(=O)NCCC1(C)OCC(C2OC(=O)C(O)=C2O)O1)C1CNC1=O 1 C1(C2COC([*])(C)O2)C(O)=C(O)C(=O)O1 C1(=O)C(C(C(=O)NCC*)=CC)CN1 C=C(C(=O)NCCC1OCC(C2C=CC(=O)O2)O1)C1CNC1=O 0.4750000 0.4750 0.6400757 0.6401 0.6666667 0.6667 0.3599243 0.3599 1.0000000 382.3690 0.5254431 4.8941 1.0000000 1.0000 0.0 1.0 0.4993746088859545 0.33333333333333337 []
 | 44.4158 57.6280 -57.6280 0.0000000 C1(CC(=O)OC)=NN(C(C(N*)=O)=O)=CO[S+]1[O-] 0 C1([*])=C(O)C(=O)OC1C1OC(C)(C)OC1 C1(CC(=O)OC)=NN(C(C(N*)=O)=O)=CO[S+]1[O-] -- 0.0000000 0.0000 0.0000000 0.0000 0.0000000 0.0000 0.0000000 0.0000 0.0000000 0.0000 0.0000000 0.0000 0.0000000 0.0000 None None None None None
 | 16.6096 13.5829 74.0237 0.6844261 O=C(Oc1ccccc1O)C1=C(O)C(C(O)CO)OC1=O 1 OC1=C([*])C(=O)OC1C(O)CO c1(OC(*)=O)c(O)cccc1 O=C1OCC=C1C(=O)Oc1ccccc1 0.6300000 0.6300 0.6640783 0.6641 0.6666667 0.6667 0.3359217 0.3359 1.0000000 296.2310 0.5572757 3.4984 1.0000000 1.0000 0.0 1.0 0.4828043081829324 0.33333333333333337 []
21:33:38 <WARN> reinvent_plugins.normalizers.rdkit_smiles: N1(*)C2(C(=O)O)C=N(C1)C2 could not be converted
21:33:38 <WARN> reinvent_plugins.normalizers.rdkit_smiles: c12c(=C(*)=N)cc3c(c1nccc2)C=CC(=O)C3 could not be converted
21:33:38 <WARN> reinvent_plugins.normalizers.rdkit_smiles: c1(CN*)c(=O)n(Cc2ccccc2)c2cc3c(c2c1)C(=O)NC(=O)C3 could not be converted
21:33:38 <WARN> reinvent_plugins.normalizers.rdkit_smiles: O1C(C*)C=C(c2ccccc2)=c2ccccc21 could not be converted
21:33:38 <WARN> reinvent_plugins.normalizers.rdkit_smiles: *CC1=CC(=O)C(=O)C1(C1C(C)=CC(=O)C1C=O)=O could not be converted
21:33:38 <WARN> reinvent_plugins.normalizers.rdkit_smiles: C1(C#O)=C(*)C(=O)N1 could not be converted
21:33:38 <WARN> reinvent_plugins.normalizers.rdkit_smiles: C1(=C(C)C*)(C)CNC(=O)N1 could not be converted
21:33:38 <WARN> reinvent_plugins.normalizers.rdkit_smiles: O1CO=C(c2ccc(OC)nc2O*)C1 could not be converted
21:33:38 <WARN> reinvent_plugins.normalizers.rdkit_smiles: O=C1N(CC*)C(=O)c2sccc2c1CCc1c2cn[nH]c2ccc1 could not be converted
21:33:38 <WARN> reinvent_plugins.normalizers.rdkit_smiles: n1c(N*)ccc2c1nc1c(n2C)cccc1 could not be converted
21:33:38 <WARN> reinvent_plugins.normalizers.rdkit_smiles: c1(=O)nc(*)c(-c2c(OC)ccc(CCO)n2)sc1 could not be converted
21:33:38 <WARN> reinvent_plugins.normalizers.rdkit_smiles: C1(=C(*)C#N)C(C)=N(O)C1=O could not be converted
21:33:38 <WARN> reinvent_plugins.normalizers.rdkit_smiles: c1(*)n2ccccc2c(=O)[nH]1 could not be converted
21:33:38 <WARN> reinvent_plugins.normalizers.rdkit_smiles: C1(=O)C(C*)CC2c3[nH]ccc3C(=O)C(C)(C)N2=C1 could not be converted
21:33:38 <WARN> reinvent_plugins.normalizers.rdkit_smiles: C1(C(*)CCCC(=CCc2ccccc2)=O)CCN(C(C=Cc2ccccc2)=O)CC1 could not be converted
21:33:38 <WARN> reinvent_plugins.normalizers.rdkit_smiles: O=C1C(C(=O)O)Oc2ccc(C(c3cscc3)*)c2O1 could not be converted
21:33:38 <WARN> reinvent_plugins.normalizers.rdkit_smiles: C1(*)(O)CN2c(C#CC(O)=C)cn(CCN=C(c3ccccc3)C#=O)c2C1=O could not be converted
21:33:38 <WARN> reinvent_plugins.normalizers.rdkit_smiles: C1CN(*)CCc2c(Cccncc2)OC1 could not be converted
21:33:38 <WARN> reinvent_plugins.normalizers.rdkit_smiles: O=c1n(C)c(=O)c(C*)n(CCCC)c1 could not be converted
21:33:38 <WARN> reinvent_plugins.normalizers.rdkit_smiles: O1COc2ccccc2c1* could not be converted
21:33:38 <WARN> reinvent_plugins.normalizers.rdkit_smiles: C1(*)C(C#O)=CC1C(OC)=O could not be converted
21:33:38 <WARN> reinvent_plugins.normalizers.rdkit_smiles: [nH]1nc(C)c(C)c1=OC(CCc1[nH]c(C)nc1)* could not be converted
21:33:38 <WARN> reinvent_plugins.normalizers.rdkit_smiles: c1c(C(N2CC(=O)N3C(c3nc(*)[nH]c(=O)c3)C2)=O)ccc(O)c1 could not be converted
21:33:38 <WARN> reinvent_plugins.normalizers.rdkit_smiles: O=C1C(C*)COC2C1C1(C)C(c2cccc1)C could not be converted
21:33:38 <WARN> reinvent_plugins.normalizers.rdkit_smiles: C1C(=O)C(=C(C)*)(C)C=C(C)C1=O could not be converted
21:33:38 <WARN> reinvent_plugins.normalizers.rdkit_smiles: C1(C(=O)*)CCC(OC(c1ccccc1)(c1ccccc1)c1ccccc1)C could not be converted
21:33:38 <WARN> reinvent_plugins.normalizers.rdkit_smiles: c12c(cc3c(N*)ncnc13)ccs2 could not be converted
21:33:38 <WARN> reinvent_plugins.normalizers.rdkit_smiles: n1c(*)ncco1 could not be converted
21:33:38 <WARN> reinvent_plugins.normalizers.rdkit_smiles: C1(=O)C(C)OC(=O)C(=C)O1C* could not be converted
21:33:53 <INFO> Score: 0.51 Agent NLL: 22.22 Valid:  94% Step: 58
 | Agent Prior Target Score SMILES SMILES_state Input_Scaffold R-groups Scaffold predicted_activity predicted_activity (raw) training_similarity training_similarity (raw) taf_consistency taf_consistency (raw) novelty novelty (raw) MW_window MW_window (raw) synthetic_feasibility synthetic_feasibility (raw) curated alerts filter curated alerts filter (raw) stereo_validity (predicted_activity) scaffold_novelty (predicted_activity) uncertainty (predicted_activity) taf_disrupted (predicted_activity) matchting_patterns (curated alerts filter)
 | 10.6145 16.9065 -16.9065 0.0000000 CC1(CC2CCC(=O)C2=O)OCC(C2OC(=O)C(O)=C2O)O1 1 C1(C2OC(=O)C(O)=C2O)COC(C)([*])O1 C1(=O)C(C*)CCC1=O O=C1C=CC(C2COC(CC3CCC(=O)C3=O)O2)O1 0.5200000 0.5200 0.7238999 0.7239 0.3333333 0.3333 0.2761001 0.2761 1.0000000 312.2740 0.5297746 4.7054 1.0000000 1.0000 0.0 1.0 0.49959983987187184 0.6666666666666667 []
 | 10.7079 15.1558 46.2038 0.4793717 CC1=C(CC2=C(O)C(=O)OC2C2COC(C)(C)O2)COC1 1 CC1(C)OCC(C2OC(=O)C(O)=C2[*])O1 C1(C)=C(C*)COC1 O=C1C=C(CC2=CCOC2)C(C2COCO2)O1 0.2150000 0.2150 0.7238999 0.7239 0.3333333 0.3333 0.2761001 0.2761 1.0000000 296.3190 0.5355310 4.4543 1.0000000 1.0000 0.0 1.0 0.41082234603292944 0.6666666666666667 []
 | 21.0067 29.9338 61.7061 0.7159371 N#CC(C1=CC(=Cc2ccncc2)C(=O)O1)C1=C(O)C(C(O)CO)OC1=O 1 C1([*])=C(O)C(C(CO)O)OC1=O C1(=O)OC(C(*)C#N)=CC1=Cc1ccncc1 O=C1OC(CC2=CCOC2=O)=CC1=Cc1ccncc1 0.6300000 0.6300 0.5715476 0.5715 1.0000000 1.0000 0.4284524 0.4285 1.0000000 370.3170 0.5349672 4.4789 1.0000000 1.0000 0.0 1.0 0.4828043081829324 0.0 []
 | 16.8880 16.7467 56.5299 0.5724731 O=c1cc(CC2OC(C(O)CO)C(O)=C2O)c2ccccc2[nH]1 1 C1(O)=C(O)C([*])OC1C(CO)O c12ccccc1C(C*)=CC(=O)N2 O=c1cc(CC2C=CCO2)c2ccccc2[nH]1 0.5750000 0.5750 0.5366563 0.5367 0.3333333 0.3333 0.4633437 0.4633 1.0000000 319.3130 0.5471424 3.9465 1.0000000 1.0000 0.0 1.0 0.49434299833212975 0.6666666666666667 []
 | 26.3265 34.4632 39.4286 0.5772801 CCCC1(CN2CCCC2)C(=O)C(=O)N(C2OC(C(O)CBr)C(O)=C2O)C1=O 1 BrCC(O)C1C(O)=C(O)C([*])O1 O=C1N(*)C(=O)C(=O)C1(CN1CCCC1)CCC O=C1C(=O)N(C2C=CCO2)C(=O)C1CN1CCCC1 0.3750000 0.3750 0.4895355 0.4895 0.6666667 0.6667 0.5104645 0.5105 1.0000000 461.3090 0.5289422 4.7416 1.0000000 1.0000 0.0 1.0 0.4841229182759271 0.33333333333333337 []
 | 22.8767 33.9517 -33.9517 0.0000000 N1(*)C2(C(=O)O)C=N(C1)C2 0 C1([*])OC(C(O)CO)C(O)=C1O N1(*)C2(C(=O)O)C=N(C1)C2 -- 0.0000000 0.0000 0.0000000 0.0000 0.0000000 0.0000 0.0000000 0.0000 0.0000000 0.0000 0.0000000 0.0000 0.0000000 0.0000 None None None None None
 | 10.0829 12.0988 63.2279 0.5884905 OCC(O)C1OC(c2ccc3c(c2)OCO3)C(O)=C1OCc1ccccc1 1 c1cccc(COC2=C(O)C([*])OC2C(CO)O)c1 O1COc2ccc(*)cc21 C1=C(OCc2ccccc2)COC1c1ccc2c(c1)OCO2 0.5650000 0.5650 0.6509868 0.6510 0.3333333 0.3333 0.3490132 0.3490 1.0000000 372.3730 0.5529313 3.6926 1.0000000 1.0000 0.0 1.0 0.4957569969249047 0.6666666666666667 []
 | 12.0337 18.1437 66.2108 0.6590190 CC1(C2C=CC(=O)N2)OCC(C2OC(=O)C(O)=C2O)O1 1 C1(C2OC(=O)C(O)=C2O)COC(C)([*])O1 C1=CC(=O)NC1* O=C1C=CC(C2OCC(C3C=CC(=O)O3)O2)N1 0.5200000 0.5200 0.7324670 0.7325 0.6666667 0.6667 0.2675330 0.2675 1.0000000 283.2360 0.5239544 4.9589 1.0000000 1.0000 0.0 1.0 0.4995998398718719 0.33333333333333337 []
 | 16.3043 18.6650 43.4043 0.4849158 CC1(C)OCC(C2OC(=O)C(O)=C2C2OCOc3ccccc32)O1 1 CC1(C)OCC(C2OC(=O)C(O)=C2[*])O1 O1COC(*)c2ccccc21 O=C1C=C(C2OCOc3ccccc32)C(C2COCO2)O1 0.2300000 0.2300 0.6924107 0.6924 0.3333333 0.3333 0.3075893 0.3076 1.0000000 334.3240 0.5432742 4.1159 1.0000000 1.0000 0.0 1.0 0.4208325082500163 0.6666666666666667 []
 | 27.0239 29.9019 57.7251 0.6845861 O=C1OC(C(O)CO)C(O)=C1Cn1c2ccccc2c2cc3ccccc3cc21 1 C1([*])=C(O)C(C(CO)O)OC1=O c1c2c(ccc1)cc1c(c2)n(C*)c2ccccc12 O=C1OCC=C1Cn1c2ccccc2c2cc3ccccc3cc21 0.6650000 0.6650 0.6126329 0.6126 0.6666667 0.6667 0.3873671 0.3874 1.0000000 389.4070 0.5562956 3.4553 1.0000000 1.0000 0.0 1.0 0.4719904660054057 0.33333333333333337 []
21:33:54 <WARN> reinvent_plugins.normalizers.rdkit_smiles: c1cc(C(=O)N2C3C(*)C=CC2CO)cccc1 could not be converted
21:33:54 <WARN> reinvent_plugins.normalizers.rdkit_smiles: c1(C*)c(=O)n(C2C(=O)OC(=O)CC2)CC1=O could not be converted
21:33:54 <WARN> reinvent_plugins.normalizers.rdkit_smiles: N1(*)CC(=C=C)nc2c1cccc2 could not be converted
21:33:54 <WARN> reinvent_plugins.normalizers.rdkit_smiles: O=C1N(*)OC(=O)C12=COC2=O could not be converted
21:33:54 <WARN> reinvent_plugins.normalizers.rdkit_smiles: C1CC(=O)C(=O)O1C1(*)C=C(C(O)=O)CCC1=O could not be converted
21:33:54 <WARN> reinvent_plugins.normalizers.rdkit_smiles: C1(C(*)=O)(c2c(C)nnc2CS(=O)(N)=O)COC1 could not be converted
21:33:54 <WARN> reinvent_plugins.normalizers.rdkit_smiles: C1(Cnc2n(CC*)ccn2)C(=O)OC(=O)C1 could not be converted
21:33:54 <WARN> reinvent_plugins.normalizers.rdkit_smiles: c12scc(=O)[nH]c1c(O*)cc2 could not be converted
21:33:54 <WARN> reinvent_plugins.normalizers.rdkit_smiles: c1ccc(COc2nc(OC3=SCC(=O)NS33*)ccc2)cc1 could not be converted
21:33:54 <WARN> reinvent_plugins.normalizers.rdkit_smiles: C12C(C*)=c3ccccc3C1=CC(=O)C2(c1ccccc1)O could not be converted
21:33:54 <WARN> reinvent_plugins.normalizers.rdkit_smiles: [nH]1cnccc1=O)* could not be converted
21:33:54 <WARN> reinvent_plugins.normalizers.rdkit_smiles: n1c2c(c3ccc(F)cc3n1C*)CCCC2 could not be converted
21:33:54 <WARN> reinvent_plugins.normalizers.rdkit_smiles: C1(C*)OC2C(=O)OC(=O)C=N2C=C1 could not be converted
21:33:54 <WARN> reinvent_plugins.normalizers.rdkit_smiles: C1(C2=NO(*)CC2O)N=C(C)OC1=O could not be converted
21:33:54 <WARN> reinvent_plugins.normalizers.rdkit_smiles: C(C*)c1ncc(=O)c2ccccn12 could not be converted
21:33:54 <WARN> reinvent_plugins.normalizers.rdkit_smiles: c1(COC(c2cccn(S(c3ccc(C#N)cc3)*)(=O)=O)c2)ccccn1 could not be converted
21:33:54 <WARN> reinvent_plugins.normalizers.rdkit_smiles: OC1(C)CC2C(=O)C(C*)=CC1=C(=O)C(=O)O2 could not be converted
21:33:54 <WARN> reinvent_plugins.normalizers.rdkit_smiles: C1(Cc2nc(-c3ccccc3)cc2*)C(=O)OC1 could not be converted
21:33:54 <WARN> reinvent_plugins.normalizers.rdkit_smiles: O=C1N(*)C(=O)C2C(=O)N(C)C(=O)C(=C(c3ccccc3)C)O2C1 could not be converted
21:33:54 <WARN> reinvent_plugins.normalizers.rdkit_smiles: O=C1CCC(=O)N1CC(C*)=C(=O)O could not be converted
21:33:54 <WARN> reinvent_plugins.normalizers.rdkit_smiles: c1c2c3c(cc1)OC1(C(=O)C1C(=O)C(C)C(=O)CCC*)OCC2=C(C(O)=O)C=C(C)O could not be converted
21:33:54 <WARN> reinvent_plugins.normalizers.rdkit_smiles: C12C(C#C*)(O)C(=CO)=C(C(=O)O)C=C1C(=O)C=C2 could not be converted
21:33:54 <WARN> reinvent_plugins.normalizers.rdkit_smiles: n1c2n(c(*)n1)Cc1cccc(OCc3ccccc3)c1c2 could not be converted
21:33:54 <WARN> reinvent_plugins.normalizers.rdkit_smiles: C1=C(C(=O)NS(=O)(=O)C)=N(*)C12C(=O)N=C(C)C2C(=O)N could not be converted
21:34:09 <INFO> Score: 0.51 Agent NLL: 22.38 Valid:  94% Step: 59
 | Agent Prior Target Score SMILES SMILES_state Input_Scaffold R-groups Scaffold predicted_activity predicted_activity (raw) training_similarity training_similarity (raw) taf_consistency taf_consistency (raw) novelty novelty (raw) MW_window MW_window (raw) synthetic_feasibility synthetic_feasibility (raw) curated alerts filter curated alerts filter (raw) stereo_validity (predicted_activity) scaffold_novelty (predicted_activity) uncertainty (predicted_activity) taf_disrupted (predicted_activity) matchting_patterns (curated alerts filter)
 | 21.8721 25.8932 39.5769 0.5114853 CCCCCC1=CC(C=CC2(C)OCC(C3OC(=O)C(O)=C3O)O2)CCC1 1 O1C(=O)C(O)=C(O)C1C1COC([*])(C)O1 C1(C=C*)CCCC(CCCCC)=C1 O=C1C=CC(C2COC(C=CC3C=CCCC3)O2)O1 0.3150000 0.3150 0.6287461 0.6287 0.3333333 0.3333 0.3712539 0.3713 1.0000000 378.4650 0.5265656 4.8452 1.0000000 1.0000 0.0 1.0 0.46451587701606073 0.6666666666666667 []
 | 23.0033 26.2168 31.4510 0.4505295 CCCCCC(C1=C(C)CC(=O)OC1=O)C1=C(O)C(=O)OC1C1COC(C)(C)O1 1 O1C(C2OC(C)(C)OC2)C([*])=C(O)C1=O C1(=O)CC(C)=C(C(*)CCCCC)C(=O)O1 O=C1C=C(CC2=CCC(=O)OC2=O)C(C2COCO2)O1 0.1700000 0.1700 0.6588293 0.6588 0.3333333 0.3333 0.3540248 0.3540 1.0000000 408.4470 0.5356072 4.4510 1.0000000 1.0000 0.0 1.0 0.375632799419859 0.6666666666666667 []
 | 20.5998 33.2093 57.6391 0.7097529 CC1=C(Br)C(=O)C(=CCC2=C(O)C(C(O)CO)OC2=O)C1=O 1 C1(=O)OC(C(CO)O)C(O)=C1[*] C1(=CC*)C(=O)C(Br)=C(C)C1=O O=C1C=CC(=O)C1=CCC1=CCOC1=O 0.5500000 0.5500 0.6559298 0.6559 1.0000000 1.0000 0.3440702 0.3441 1.0000000 373.1550 0.5381033 4.3420 1.0000000 1.0000 0.0 1.0 0.49749371855331 0.0 []
 | 34.4112 36.2361 -36.2361 0.0000000 c1cc(C(=O)N2C3C(*)C=CC2CO)cccc1 0 C1(C(O)CO)C(O)=C(O)C([*])O1 c1cc(C(=O)N2C3C(*)C=CC2CO)cccc1 -- 0.0000000 0.0000 0.0000000 0.0000 0.0000000 0.0000 0.0000000 0.0000 0.0000000 0.0000 0.0000000 0.0000 0.0000000 0.0000 None None None None None
 | 21.1253 24.6719 57.8976 0.6450742 CC1(C(O)CC2OC(C(O)CBr)C(O)=C2O)CCOC(=O)O1 1 OC1=C(O)C(C(CBr)O)OC1[*] C1(=O)OC(C)(C(C*)O)CCO1 O=C1OCCC(CCC2C=CCO2)O1 0.4100000 0.4100 0.5554701 0.5555 1.0000000 1.0000 0.4445299 0.4445 1.0000000 383.1910 0.5157479 5.3159 1.0000000 1.0000 0.0 1.0 0.4918333050943175 0.0 []
 | 26.6832 41.7737 26.1012 0.5302726 CC1(O)COc2c(O)cc(CC3OC(C(O)CO)C(O)=C3O)cc2OC1=O 1 OC1=C(O)C([*])OC1C(CO)O C1(O)(C)C(=O)Oc2cc(C*)cc(O)c2OC1 O=C1CCOc2ccc(CC3C=CCO3)cc2O1 0.4600000 0.4600 0.4714952 0.4715 0.3333333 0.3333 0.5285048 0.5285 1.0000000 384.3370 0.5274692 4.8058 1.0000000 1.0000 0.0 1.0 0.49839743177508444 0.6666666666666667 []
 | 42.9545 64.9642 -63.7741 0.0092973 Cc1noc(CCC(N2C(=O)C(=O)C(C3OC(C(O)CO)C(OCc4ccccc4)=C3O)C2=O)C2(C)CNC2=O)n1 1 OC1=C(OCc2ccccc2)C(C(O)CO)OC1[*] C1(=O)C(*)C(=O)C(=O)N1C(CCc1onc(C)n1)C1(C)C(=O)NC1 O=C1NCC1C(CCc1ncno1)N1C(=O)C(=O)C(C2C=C(OCc3ccccc3)CO2)C1=O 0.5050000 0.5050 0.5620501 0.5621 0.3333333 0.3333 0.4379499 0.4379 0.0000000 570.5550 0.5198616 5.1370 1.0000000 1.0000 0.0 1.0 0.49997499937496875 0.6666666666666667 []
 | 32.0415 50.0692 -50.0692 0.0000000 CN(CCc1ccccc1)Cc1ccc([SH](CC2(C)OCC(C3OC(=O)C(O)=C3O)O2)N2CCOCC2)nc1 1 O1C(=O)C(O)=C(O)C1C1COC([*])(C)O1 C1N(S(c2ccc(CN(CCc3ccccc3)C)cn2)C*)CCOC1 O=C1C=CC(C2COC(C[SH](c3ccc(CNCCc4ccccc4)cn3)N3CCOCC3)O2)O1 0.0000000 0.0000 0.0000000 0.0000 0.0000000 0.0000 0.0000000 0.0000 0.0000000 0.0000 0.0000000 0.0000 0.0000000 0.0000 None None None None ['[#7;!n][S;!$(S(=O)=O)]']
 | 27.8999 36.8942 28.3249 0.5095241 CC(=O)c1ccc(Nc2ccnc(C=CC3=C(O)C(=O)OC3C3COC(C)(C)O3)c2)cc1 1 O1C(C2OC(C)(C)OC2)C([*])=C(O)C1=O c1c(C(=O)C)ccc(Nc2cc(C=C*)ncc2)c1 O=C1C=C(C=Cc2cc(Nc3ccccc3)ccn2)C(C2COCO2)O1 0.1750000 0.1750 0.6233022 0.6233 0.6666667 0.6667 0.3766978 0.3767 1.0000000 436.4640 0.5499941 3.8215 1.0000000 1.0000 0.0 1.0 0.3799671038392666 0.33333333333333337 []
 | 23.7313 34.9447 49.4436 0.6592831 O=C1OC(C(O)CO)C(O)=C1CC1C(=O)CC(c2ccccn2)c2ncccc21 1 C1(=O)OC(C(CO)O)C(O)=C1[*] c12ncccc1C(C*)C(=O)CC2c1ncccc1 O=C1OCC=C1CC1C(=O)CC(c2ccccn2)c2ncccc21 0.6050000 0.6050 0.5663279 0.5663 0.6666667 0.6667 0.4336721 0.4337 1.0000000 396.3990 0.5356512 4.4491 1.0000000 1.0000 0.0 1.0 0.4888506929523574 0.33333333333333337 []
21:34:10 <WARN> reinvent_plugins.normalizers.rdkit_smiles: C1(C*)=COC=CC2C1(C)C(C)=C(C#N)=C2 could not be converted
21:34:10 <WARN> reinvent_plugins.normalizers.rdkit_smiles: C1(C*)(C(O)C)C1=S could not be converted
21:34:10 <WARN> reinvent_plugins.normalizers.rdkit_smiles: C1N(*)CC(=O)N(C)CC12CCCCN(=O)C2 could not be converted
21:34:10 <WARN> reinvent_plugins.normalizers.rdkit_smiles: C1(C*)OC(CO)(C)C=C1=C could not be converted
21:34:10 <WARN> reinvent_plugins.normalizers.rdkit_smiles: c1(C)cc(C(OS(*)=C)(=O)=O)cc(-n2cnnc2)c1 could not be converted
21:34:10 <WARN> reinvent_plugins.normalizers.rdkit_smiles: O=C1N(*)C(=O)C2=N1C(C)=C(C)C2=O could not be converted
21:34:10 <WARN> reinvent_plugins.normalizers.rdkit_smiles: n1c2ccccc2[nH](C(=O)*)c1=O could not be converted
21:34:10 <WARN> reinvent_plugins.normalizers.rdkit_smiles: c1(C)cc(C#C*)[nH]2cc(-c3ccccc3)nc12 could not be converted
21:34:10 <WARN> reinvent_plugins.normalizers.rdkit_smiles: C1(C)(C*)CO=C12OC(=O)CO2 could not be converted
21:34:10 <WARN> reinvent_plugins.normalizers.rdkit_smiles: n1c(-c2ccc(=O)[nH]c2)cccn1C* could not be converted
21:34:10 <WARN> reinvent_plugins.normalizers.rdkit_smiles: C1C(C*)O=CC1O could not be converted
21:34:10 <WARN> reinvent_plugins.normalizers.rdkit_smiles: c1c(F)cc2[nH]c(=O)ccc2c1C(*)=C#C could not be converted
21:34:10 <WARN> reinvent_plugins.normalizers.rdkit_smiles: c12c(C*)n[nH]c1C1(C1)C(=O)Nc1ccccc1C(=O)O2 could not be converted
21:34:10 <WARN> reinvent_plugins.normalizers.rdkit_smiles: c12ncccc1CC(=O)C(=O)=C2* could not be converted
21:34:25 <INFO> Score: 0.53 Agent NLL: 21.61 Valid:  96% Step: 60
 | Agent Prior Target Score SMILES SMILES_state Input_Scaffold R-groups Scaffold predicted_activity predicted_activity (raw) training_similarity training_similarity (raw) taf_consistency taf_consistency (raw) novelty novelty (raw) MW_window MW_window (raw) synthetic_feasibility synthetic_feasibility (raw) curated alerts filter curated alerts filter (raw) stereo_validity (predicted_activity) scaffold_novelty (predicted_activity) uncertainty (predicted_activity) taf_disrupted (predicted_activity) matchting_patterns (curated alerts filter)
 | 31.2884 45.4540 -44.1358 0.0102984 CC1(CCC2(N(Cc3ccccc3)S(=O)(=O)Cc3ccccc3)C(=O)CNC2=O)OCC(C2OC(=O)C(O)=C2O)O1 1 C1(O)=C(O)C(C2COC([*])(C)O2)OC1=O O=C1CNC(=O)C1(CC*)N(Cc1ccccc1)S(=O)(=O)Cc1ccccc1 O=C1C=CC(C2COC(CCC3(N(Cc4ccccc4)S(=O)(=O)Cc4ccccc4)C(=O)CNC3=O)O2)O1 0.4350000 0.4350 0.5980568 0.5981 0.6666667 0.6667 0.4019432 0.4019 0.0000000 586.6190 0.5303155 4.6818 1.0000000 1.0000 0.0 1.0 0.49575699692490466 0.33333333333333337 []
 | 18.2270 26.4841 40.8351 0.5259315 CC1(C)OCC(C2OC(=O)C(O)=C2NCC(=O)Nc2cccc3cccnc23)O1 1 C1(C)(C)OC(C2OC(=O)C(O)=C2[*])CO1 n1cccc2cccc(NC(=O)CN*)c12 O=C(CNC1=CC(=O)OC1C1COCO1)Nc1cccc2cccnc12 0.2000000 0.2000 0.6287461 0.6287 0.6666667 0.6667 0.3712539 0.3713 1.0000000 399.4030 0.5536430 3.6613 1.0000000 1.0000 0.0 1.0 0.4000000000000001 0.33333333333333337 []
 | 27.3892 34.2962 -34.2962 0.0000000 CN1N=C(CC2=C(O)C(C(O)CO)OC2=O)C(CC2=NCCC2)C1=O 1 C1(=O)OC(C(O)CO)C(O)=C1[*] C1(CC2C(=O)N(C)N=C2C*)=NCCC1 O=C1OCC=C1CC1=NNC(=O)C1CC1=NCCC1 0.0000000 0.0000 0.0000000 0.0000 0.0000000 0.0000 0.0000000 0.0000 0.0000000 0.0000 0.0000000 0.0000 0.0000000 0.0000 None None None None ['[#7;!n][#7;!n]']
 | 24.3630 44.7354 24.9227 0.5442045 O=C1CCc2sc(-c3ccccn3)cc2N(C2OC(C(O)CO)C(O)=C2O)C1=O 1 O1C([*])C(O)=C(O)C1C(CO)O N1(*)C(=O)C(=O)CCc2sc(-c3ncccc3)cc21 O=C1CCc2sc(-c3ccccn3)cc2N(C2C=CCO2)C1=O 0.5150000 0.5150 0.4686801 0.4687 0.3333333 0.3333 0.5313199 0.5313 1.0000000 418.4270 0.5367148 4.4026 1.0000000 1.0000 0.0 1.0 0.4997749493522059 0.6666666666666667 []
 | 22.9403 34.2331 43.7576 0.6093016 N#Cc1cc(OC2OC(C(O)CBr)C(O)=C2O)cc2c1C(=O)CC2=O 1 OC(CBr)C1C(O)=C(O)C([*])O1 *Oc1cc2c(c(C#N)c1)C(=O)CC2=O O=C1CC(=O)c2cc(OC3C=CCO3)ccc21 0.4700000 0.4700 0.4992302 0.4992 0.6666667 0.6667 0.5007698 0.5008 1.0000000 410.1760 0.5303766 4.6791 1.0000000 1.0000 0.0 1.0 0.49909918853871116 0.33333333333333337 []
 | 35.2066 42.3408 -42.3408 0.0000000 C1(C*)=COC=CC2C1(C)C(C)=C(C#N)=C2 0 C1(C(O)CO)OC([*])C(O)=C1O C1(C*)=COC=CC2C1(C)C(C)=C(C#N)=C2 -- 0.0000000 0.0000 0.0000000 0.0000 0.0000000 0.0000 0.0000000 0.0000 0.0000000 0.0000 0.0000000 0.0000 0.0000000 0.0000 None None None None None
 | 24.4995 35.8484 -35.8484 0.0000000 C1(C*)(C(O)C)C1=S 0 OC(CO)C1C(OCc2ccccc2)=C(O)C([*])O1 C1(C*)(C(O)C)C1=S -- 0.0000000 0.0000 0.0000000 0.0000 0.0000000 0.0000 0.0000000 0.0000 0.0000000 0.0000 0.0000000 0.0000 0.0000000 0.0000 None None None None None
 | 28.1006 35.5532 43.4055 0.6168651 CC1(CC2CC(=O)NC(CC(=O)c3ccc4ccccc4c3)C2=O)OCC(C2OC(=O)C(O)=C2O)O1 1 C1(O)=C(O)C(C2COC([*])(C)O2)OC1=O N1C(=O)CC(C*)C(=O)C1CC(=O)c1ccc2ccccc2c1 O=C1CC(CC2OCC(C3C=CC(=O)O3)O2)C(=O)C(CC(=O)c2ccc3ccccc3c2)N1 0.4350000 0.4350 0.5933661 0.5934 0.6666667 0.6667 0.4066339 0.4066 1.0000000 495.4840 0.5322950 4.5955 1.0000000 1.0000 0.0 1.0 0.49575699692490466 0.33333333333333337 []
 | 43.8075 68.0002 -66.9525 0.0081854 CCCC1CN(C(=O)c2ncccn2)CC1NC(=O)C1(c2ncc[nH]2)CC1C1=C(O)C(=O)OC1C1COC(C)(C)O1 1 C1(C)(C)OC(C2OC(=O)C(O)=C2[*])CO1 *C1CC1(C(=O)NC1C(CCC)CN(C(=O)c2ncccn2)C1)c1[nH]ccn1 O=C1C=C(C2CC2(C(=O)NC2CCN(C(=O)c3ncccn3)C2)c2ncc[nH]2)C(C2COCO2)O1 0.1650000 0.1650 0.5517272 0.5517 0.6666667 0.6667 0.4590373 0.4590 0.0000000 566.6150 0.5199431 5.1334 1.0000000 1.0000 0.0 1.0 0.37118054905934933 0.33333333333333337 []
 | 20.0281 31.9337 52.7163 0.6613283 CN1CC(CC2=C(O)C(C(O)CO)OC2=O)=C(Cc2cccnc2)C1=O 1 C1(=O)OC(C(O)CO)C(O)=C1[*] C1(=O)N(C)CC(C*)=C1Cc1cnccc1 O=C1NCC(CC2=CCOC2=O)=C1Cc1cccnc1 0.6050000 0.6050 0.5715476 0.5715 0.6666667 0.6667 0.4284524 0.4285 1.0000000 360.3660 0.5434051 4.1102 1.0000000 1.0000 0.0 1.0 0.48885069295235745 0.33333333333333337 []
21:34:26 <WARN> reinvent_plugins.normalizers.rdkit_smiles: c1c(-c2csc(CCc3ccccc3)c(=O)n2)cccc1O* could not be converted
21:34:26 <WARN> reinvent_plugins.normalizers.rdkit_smiles: C1(=CC(C)=O)(*)C(=O)NC(=O)C(=O)C1 could not be converted
21:34:26 <WARN> reinvent_plugins.normalizers.rdkit_smiles: O=C1CC(c2ccccc2)NC1=O* could not be converted
21:34:26 <WARN> reinvent_plugins.normalizers.rdkit_smiles: C1(=O)NC(=O)CO1(C=C)* could not be converted
21:34:26 <WARN> reinvent_plugins.normalizers.rdkit_smiles: n1c(*)c2c(ccc(C#CC3(O)C(=O)C(c4ccccc4)C(=C)C2=O)O3)cc1 could not be converted
21:34:26 <WARN> reinvent_plugins.normalizers.rdkit_smiles: c12c3c(=O)n(C*)ncc1CCCCC3=O could not be converted
21:34:26 <WARN> reinvent_plugins.normalizers.rdkit_smiles: C1(=Cc2ccccc2)C1(C*)C(=O)O could not be converted
21:34:26 <WARN> reinvent_plugins.normalizers.rdkit_smiles: C1(*)C(=O)c2ccccc2C(C(NC(=O)c2c(C(=O)c3c(O)cccn3)ncc2)=O)C1 could not be converted
21:34:26 <WARN> reinvent_plugins.normalizers.rdkit_smiles: C1(Br)(C(C)=O)COC1=O* could not be converted
21:34:26 <WARN> reinvent_plugins.normalizers.rdkit_smiles: C1c2c(cccc2)C(C(=O)NC)(=O)C1C* could not be converted
21:34:26 <WARN> reinvent_plugins.normalizers.rdkit_smiles: c1(C(=[N+])nccn1)cccc1OC1C(*)c2c(cccc2)CN1C(=O)C could not be converted
21:34:26 <WARN> reinvent_plugins.normalizers.rdkit_smiles: C1(C#S(=C)=O)CN(CC(=O)N*)CC1 could not be converted
21:34:26 <WARN> reinvent_plugins.normalizers.rdkit_smiles: C1(COS(=O)(=O)N*)C1C(O)=O could not be converted
21:34:26 <WARN> reinvent_plugins.normalizers.rdkit_smiles: n1c(NCC2CCCO2)cnc(C(*)=C#C)c1 could not be converted
21:34:26 <WARN> reinvent_plugins.normalizers.rdkit_smiles: C1(C#C*)C1(C)C=CC1=C(OC)OC(=O)C(C=C)=C1 could not be converted
21:34:26 <WARN> reinvent_plugins.normalizers.rdkit_smiles: C1(=O)C(C)(*)C(=O)O1=O could not be converted
21:34:26 <WARN> reinvent_plugins.normalizers.rdkit_smiles: C1(=O)N(OC2C3=N(C(C(=O)O)C(C*)C(=O)CO3)C=CC2=O)CC(=O)C1=O could not be converted
21:34:26 <WARN> reinvent_plugins.normalizers.rdkit_smiles: C1c2cc(O)ccc2C(*)C2=[N+](C)C(=O)C(C#=C)=C12 could not be converted
21:34:26 <WARN> reinvent_plugins.normalizers.rdkit_smiles: C1(=O)N2C(C*)(C(=O)N(C)=C2C)C1 could not be converted
21:34:26 <WARN> reinvent_plugins.normalizers.rdkit_smiles: n1(C*)c(=O)c(=O)c(O)n(C)c1C1CCC1 could not be converted
21:34:26 <WARN> reinvent_plugins.normalizers.rdkit_smiles: C1(CN*)Oc2ccc(OC3CCC(C#O)C3)cc2C1 could not be converted
21:34:26 <WARN> reinvent_plugins.normalizers.rdkit_smiles: c1c(Cnc2nc(N*)ccc2)cncc1 could not be converted
21:34:26 <WARN> reinvent_plugins.normalizers.rdkit_smiles: C1(Cc2cc(-c3cc(C)c(O)c(O*)c3)ccn2)C1 could not be converted
21:34:26 <WARN> reinvent_plugins.normalizers.rdkit_smiles: c12ccncn1CCC21C(C)(C)OC(=O)* could not be converted
21:34:26 <WARN> reinvent_plugins.normalizers.rdkit_smiles: n1cccc2c1nc(*)cc2=O could not be converted
21:34:41 <INFO> Score: 0.48 Agent NLL: 22.25 Valid:  94% Step: 61
 | Agent Prior Target Score SMILES SMILES_state Input_Scaffold R-groups Scaffold predicted_activity predicted_activity (raw) training_similarity training_similarity (raw) taf_consistency taf_consistency (raw) novelty novelty (raw) MW_window MW_window (raw) synthetic_feasibility synthetic_feasibility (raw) curated alerts filter curated alerts filter (raw) stereo_validity (predicted_activity) scaffold_novelty (predicted_activity) uncertainty (predicted_activity) taf_disrupted (predicted_activity) matchting_patterns (curated alerts filter)
 | 16.5156 15.1510 -15.1510 0.0000000 CC1(Cc2c(F)cccc2Cl)OCC(C2OC(=O)C(O)=C2O)O1 1 O1C(C)([*])OCC1C1C(O)=C(O)C(=O)O1 c1(Cl)cccc(F)c1C* O=C1C=CC(C2COC(Cc3ccccc3)O2)O1 0.4550000 0.4550 0.6851601 0.6852 0.3333333 0.3333 0.3148399 0.3148 1.0000000 344.7220 0.5441284 4.0785 1.0000000 1.0000 0.0 1.0 0.4979708826829134 0.6666666666666667 []
 | 14.9510 19.5495 46.9227 0.5193140 CC1(C)OCC(C2OC(=O)C(O)=C2CCC2CCC(O)CC2)O1 1 O1C(C)(C)OCC1C1C([*])=C(O)C(=O)O1 C1C(CC*)CCC(O)C1 O=C1C=C(CCC2CCCCC2)C(C2COCO2)O1 0.1750000 0.1750 0.7238999 0.7239 0.6666667 0.6667 0.2761001 0.2761 1.0000000 326.3890 0.5479698 3.9103 1.0000000 1.0000 0.0 1.0 0.3799671038392666 0.33333333333333337 []
 | 21.9731 28.9030 55.4436 0.6589577 CCC(=O)OCc1cscc1C1=C(O)C(C(O)CO)OC1=O 1 OC1=C([*])C(=O)OC1C(O)CO c1(COC(=O)CC)cscc1* O=C1OCC=C1c1ccsc1 0.5650000 0.5650 0.6123725 0.6124 0.6666667 0.6667 0.3876275 0.3876 1.0000000 328.3420 0.5469778 3.9537 1.0000000 1.0000 0.0 1.0 0.4957569969249047 0.33333333333333337 []
 | 31.8875 42.6569 24.0794 0.5213771 Cc1nc(C(=O)c2cccnc2)[nH]c1SCCC1OC(C(O)CO)C(O)=C1O 1 C1([*])C(O)=C(O)C(C(O)CO)O1 c1(SCC*)[nH]c(C(c2cnccc2)=O)nc1C O=C(c1cccnc1)c1ncc(SCCC2C=CCO2)[nH]1 0.4500000 0.4500 0.4389381 0.4389 0.3333333 0.3333 0.5610619 0.5611 1.0000000 407.4480 0.5332436 4.5541 1.0000000 1.0000 0.0 1.0 0.49749371855331004 0.6666666666666667 []
 | 18.6850 21.5591 55.2822 0.6003221 COc1cc(NC2OC(C(O)CBr)C(O)=C2O)c2ccccc2n1 1 C(CBr)(O)C1OC([*])C(O)=C1O n1c2c(c(N*)cc1OC)cccc2 C1=CC(Nc2ccnc3ccccc23)OC1 0.4550000 0.4550 0.4714952 0.4715 0.6666667 0.6667 0.5285048 0.5285 1.0000000 397.2250 0.5432608 4.1165 1.0000000 1.0000 0.0 1.0 0.49797088268291345 0.33333333333333337 []
 | 32.9667 48.0252 18.2995 0.5181616 N=CC=C1CC1(CC1OC(C(O)CO)C(O)=C1O)c1ccc2ccccc2c1 1 C(O)C(O)C1OC([*])C(O)=C1O C1C(c2cc3ccccc3cc2)(C*)C1=CC=N C=C1CC1(CC1C=CCO1)c1ccc2ccccc2c1 0.4350000 0.4350 0.4437602 0.4438 0.3333333 0.3333 0.5562398 0.5562 1.0000000 381.4280 0.5299090 4.6995 1.0000000 1.0000 0.0 1.0 0.4957569969249047 0.6666666666666667 []
 | 23.8015 28.0075 45.4853 0.5741628 O=C1CC(O)CC(OCCCC2OC(C(O)CO)C(OCc3ccccc3)=C2O)C1O 1 C(C1C(OCc2ccccc2)=C(O)C([*])O1)(O)CO O(CCC*)C1C(O)C(=O)CC(O)C1 O=C1CCCC(OCCCC2C=C(OCc3ccccc3)CO2)C1 0.5200000 0.5200 0.6420877 0.6421 0.3333333 0.3333 0.3579123 0.3579 1.0000000 438.4730 0.5321122 4.6035 1.0000000 1.0000 0.0 1.0 0.49959983987187184 0.6666666666666667 []
 | 29.3287 59.2210 19.7027 0.6165915 CC1(C#CC2(C#N)CC2(C#N)CCc2ccnnc2)OCC(C2OC(=O)C(O)=C2O)O1 1 O1C(C)([*])OCC1C1C(O)=C(O)C(=O)O1 C1C(C#N)(C#C*)C1(C#N)CCc1cnncc1 O=C1C=CC(C2COC(C#CC3CC3CCc3ccnnc3)O2)O1 0.4400000 0.4400 0.5980568 0.5981 0.6666667 0.6667 0.4019432 0.4019 1.0000000 422.3970 0.5124694 5.4583 1.0000000 1.0000 0.0 1.0 0.4963869458396343 0.33333333333333337 []
 | 13.8153 19.6876 56.0171 0.5914427 CC1(C)OCC(C2OC(=O)C(O)=C2N2CC(O)CC2=O)O1 1 O1C(C)(C)OCC1C1C([*])=C(O)C(=O)O1 O=C1CC(O)CN1* O=C1C=C(N2CCCC2=O)C(C2COCO2)O1 0.3150000 0.3150 0.7324670 0.7325 0.6666667 0.6667 0.2675330 0.2675 1.0000000 299.2790 0.5392773 4.2907 1.0000000 1.0000 0.0 1.0 0.46451587701606073 0.33333333333333337 []
 | 31.8693 36.3672 53.4807 0.7019367 CCOc1nc(OCC(C)(C)O)c(C#N)cc1C1=C(O)C(C(O)CO)OC1=O 1 OC1=C([*])C(=O)OC1C(O)CO *c1c(OCC)nc(OCC(O)(C)C)c(C#N)c1 O=C1OCC=C1c1cccnc1 0.5650000 0.5650 0.5802979 0.5803 1.0000000 1.0000 0.4197021 0.4197 1.0000000 394.3800 0.5446360 4.0563 1.0000000 1.0000 0.0 1.0 0.4957569969249047 0.0 []
21:34:42 <WARN> reinvent_plugins.normalizers.rdkit_smiles: C1(C(CC=C(*)=O)=O)OC(c2ncccc2)C(=O)C1 could not be converted
21:34:42 <WARN> reinvent_plugins.normalizers.rdkit_smiles: C(C1C(C(*)c2ccccc2)C1)=OC could not be converted
21:34:42 <WARN> reinvent_plugins.normalizers.rdkit_smiles: n1cnc2c(C)n(*)nc1c2N could not be converted
21:34:42 <WARN> reinvent_plugins.normalizers.rdkit_smiles: n1c2c(c(*)nc1CCCC)C(=O)N(C1CC1)Cc1cnccc1 could not be converted
21:34:42 <WARN> reinvent_plugins.normalizers.rdkit_smiles: n1(C*)cccc(=O)n1 could not be converted
21:34:42 <WARN> reinvent_plugins.normalizers.rdkit_smiles: c1nc(*)n(C2C(=O)CCC1)c(=O)[nH]c2=O could not be converted
21:34:42 <WARN> reinvent_plugins.normalizers.rdkit_smiles: c1(C#N)c(=O)c2ncncn2n1C* could not be converted
21:34:42 <WARN> reinvent_plugins.normalizers.rdkit_smiles: O1C(=O)C(C(=O)C*)[N+](=O)[O-]c1 could not be converted
21:34:42 <WARN> reinvent_plugins.normalizers.rdkit_smiles: c1(=O)c(C(C)=C)nc2n(c1*)C(C)(C)c1c-2nccc1 could not be converted
21:34:42 <WARN> reinvent_plugins.normalizers.rdkit_smiles: c12nc[nH]c1C(=O)C(C#(c)*)C2CC(=O)O could not be converted
21:34:42 <WARN> reinvent_plugins.normalizers.rdkit_smiles: O(CC*)Cc1ccc(Oc(=O)[nH]c1)C could not be converted
21:34:42 <WARN> reinvent_plugins.normalizers.rdkit_smiles: C1(CBr)c2c(c(C(c3ccccc3)*)ccc2)C=C1=C could not be converted
21:34:42 <WARN> reinvent_plugins.normalizers.rdkit_smiles: c1cc(C)c(C(C*)C)c[nH]1 could not be converted
21:34:42 <WARN> reinvent_plugins.normalizers.rdkit_smiles: C1(C*)CO(C)c2ccccc21 could not be converted
21:34:42 <WARN> reinvent_plugins.normalizers.rdkit_smiles: O=C1C(*)c2cc(=O)cc(=O)n2C1 could not be converted
21:34:42 <WARN> reinvent_plugins.normalizers.rdkit_smiles: n1c(*)n2c(=O)cccc2c1CC=O could not be converted
21:34:42 <WARN> reinvent_plugins.normalizers.rdkit_smiles: S1C(C*)C(=O)N(C(c2nc(C)ccc2)Cc2ccccc2)(C)C1=O could not be converted
21:34:42 <WARN> reinvent_plugins.normalizers.rdkit_smiles: C1(CC(O)=O)=C(C*)CN(C(c2ccn(S(C)(=O)=O)cc2)=O)C1CO could not be converted
21:34:42 <WARN> reinvent_plugins.normalizers.rdkit_smiles: O=C1NC(=O)CO1C* could not be converted
21:34:42 <WARN> reinvent_plugins.normalizers.rdkit_smiles: C1(CO)(C(=O)OC*)C(=O)CC1(C=C)C(c1c(=C)c(C)[nH]c1)=O could not be converted
21:34:42 <WARN> reinvent_plugins.normalizers.rdkit_smiles: n1c2cccc(*)ccc2nc1 could not be converted
21:34:57 <INFO> Score: 0.50 Agent NLL: 22.11 Valid:  95% Step: 62
 | Agent Prior Target Score SMILES SMILES_state Input_Scaffold R-groups Scaffold predicted_activity predicted_activity (raw) training_similarity training_similarity (raw) taf_consistency taf_consistency (raw) novelty novelty (raw) MW_window MW_window (raw) synthetic_feasibility synthetic_feasibility (raw) curated alerts filter curated alerts filter (raw) stereo_validity (predicted_activity) scaffold_novelty (predicted_activity) uncertainty (predicted_activity) taf_disrupted (predicted_activity) matchting_patterns (curated alerts filter)
 | 15.6979 25.5279 57.1439 0.6458734 CC1(C2(c3cccnc3)CC(=O)NC2=O)OCC(C2OC(=O)C(O)=C2O)O1 1 C1(C2OC([*])(C)OC2)OC(=O)C(O)=C1O c1ncccc1C1(*)C(=O)NC(=O)C1 O=C1CC(c2cccnc2)(C2OCC(C3C=CC(=O)O3)O2)C(=O)N1 0.5000000 0.5000 0.6582806 0.6583 0.6666667 0.6667 0.3417194 0.3417 1.0000000 376.3210 0.5306921 4.6654 1.0000000 1.0000 0.0 1.0 0.5 0.33333333333333337 []
 | 10.2984 14.4175 46.8243 0.4784516 CC1(C)OCC(C2OC(=O)C(O)=C2Cc2ccncc2)O1 1 C1([*])=C(O)C(=O)OC1C1OC(C)(C)OC1 *Cc1ccncc1 O=C1C=C(Cc2ccncc2)C(C2COCO2)O1 0.2100000 0.2100 0.7238999 0.7239 0.3333333 0.3333 0.2761001 0.2761 1.0000000 291.3030 0.5517136 3.7460 1.0000000 1.0000 0.0 1.0 0.40730823708832603 0.6666666666666667 []
 | 32.6707 49.4693 -49.4693 0.0000000 C1(C(CC=C(*)=O)=O)OC(c2ncccc2)C(=O)C1 0 C(O)C(O)C1OC(=O)C([*])=C1O C1(C(CC=C(*)=O)=O)OC(c2ncccc2)C(=O)C1 -- 0.0000000 0.0000 0.0000000 0.0000 0.0000000 0.0000 0.0000000 0.0000 0.0000000 0.0000 0.0000000 0.0000 0.0000000 0.0000 None None None None None
 | 17.5377 25.7026 47.4483 0.5714914 O=c1ccnc2cccc(C3OC(C(O)CO)C(O)=C3O)n12 1 C1(C(O)CO)OC([*])C(O)=C1O c1(*)cccc2nccc(=O)n12 O=c1ccnc2cccc(C3C=CCO3)n12 0.5750000 0.5750 0.5366563 0.5367 0.3333333 0.3333 0.4633437 0.4633 1.0000000 306.2740 0.5387554 4.3135 1.0000000 1.0000 0.0 1.0 0.49434299833212975 0.6666666666666667 []
 | 24.7206 42.4768 36.0939 0.6138342 OC1=C(O)C(C(O)CBr)OC1Cc1ncc2nc3cccnc3cc2n1 1 OC1=C(O)C([*])OC1C(CBr)O n1c2cc3c(cnc(C*)n3)nc2ccc1 C1=CC(Cc2ncc3nc4cccnc4cc3n2)OC1 0.5050000 0.5050 0.4714952 0.4715 0.6666667 0.6667 0.5285048 0.5285 1.0000000 419.2350 0.5388263 4.3104 1.0000000 1.0000 0.0 1.0 0.4999749993749687 0.33333333333333337 []
 | 18.2992 21.5551 47.8189 0.5419843 Cc1nc2c(CC3OC(C(O)CO)C(O)=C3O)cccc2n1C 1 C1(O)=C(O)C([*])OC1C(O)CO c1c(C*)c2nc(C)n(C)c2cc1 C1=CC(Cc2cccc3[nH]cnc23)OC1 0.5050000 0.5050 0.4667680 0.4668 0.3333333 0.3333 0.5332320 0.5332 1.0000000 320.3450 0.5416552 4.1867 1.0000000 1.0000 0.0 1.0 0.4999749993749687 0.6666666666666667 []
 | 13.8475 17.9492 57.1576 0.5867721 Cn1cc(C2OC(C(O)CO)C(OCc3ccccc3)=C2O)nc1N 1 OC1=C(OCc2ccccc2)C(C(CO)O)OC1[*] c1c(*)nc(N)n1C C1=C(OCc2ccccc2)COC1c1c[nH]cn1 0.5700000 0.5700 0.6383450 0.6383 0.3333333 0.3333 0.3616550 0.3617 1.0000000 347.3710 0.5425510 4.1476 1.0000000 1.0000 0.0 1.0 0.4950757517794625 0.6666666666666667 []
 | 17.0452 21.3601 46.7874 0.5324020 CCCCn1ccnc1C1(C)OCC(C2OC(=O)C(O)=C2O)O1 1 C1(C2OC([*])(C)OC2)OC(=O)C(O)=C1O c1(*)n(CCCC)ccn1 O=C1C=CC(C2COC(c3ncc[nH]3)O2)O1 0.3600000 0.3600 0.6647030 0.6647 0.3333333 0.3333 0.3352970 0.3353 1.0000000 324.3330 0.5389137 4.3066 1.0000000 1.0000 0.0 1.0 0.48 0.6666666666666667 []
 | 33.1773 52.2230 13.4574 0.5131283 COCc1ccc(NC(=O)c2cccc(CNCC3=C(O)C(=O)OC3C3COC(C)(C)O3)c2OC)cn1 1 C1([*])=C(O)C(=O)OC1C1OC(C)(C)OC1 c1c(NC(=O)c2c(OC)c(CNC*)ccc2)ccc(COC)n1 O=C1C=C(CNCc2cccc(C(=O)Nc3cccnc3)c2)C(C2COCO2)O1 0.1800000 0.1800 0.6063391 0.6063 0.6666667 0.6667 0.4405690 0.4406 1.0000000 513.5470 0.5497917 3.8304 1.0000000 1.0000 0.0 1.0 0.38418745424597095 0.33333333333333337 []
 | 24.7902 38.2948 -38.2948 0.0000000 C(C1C(C(*)c2ccccc2)C1)=OC 0 C(O)C(O)C1OC(=O)C([*])=C1O C(C1C(C(*)c2ccccc2)C1)=OC -- 0.0000000 0.0000 0.0000000 0.0000 0.0000000 0.0000 0.0000000 0.0000 0.0000000 0.0000 0.0000000 0.0000 0.0000000 0.0000 None None None None None
21:34:58 <WARN> reinvent_plugins.normalizers.rdkit_smiles: n1n2c(*)cccc2c(=O)n1C could not be converted
21:34:58 <WARN> reinvent_plugins.normalizers.rdkit_smiles: O=C1C(C#=CC*)OC(=O)C1 could not be converted
21:34:58 <WARN> reinvent_plugins.normalizers.rdkit_smiles: n1ccc2n3c(c(*)n1)c(C)ccc32 could not be converted
21:34:58 <WARN> reinvent_plugins.normalizers.rdkit_smiles: C1(C*)C(=O)N(c2ccccc2O)CC12C1(O)(C(=O)O)C(CNC)COCC1(C(O)=O)C2 could not be converted
21:34:58 <WARN> reinvent_plugins.normalizers.rdkit_smiles: C1(Cn2nc(C)c(*)c2)C(C)=N(C)CC1 could not be converted
21:34:58 <WARN> reinvent_plugins.normalizers.rdkit_smiles: C1(Cc2ccccc2)C(=O)NC(=O)O1* could not be converted
21:34:58 <WARN> reinvent_plugins.normalizers.rdkit_smiles: C1(C*)=Cnc2ccccc21 could not be converted
21:34:58 <WARN> reinvent_plugins.normalizers.rdkit_smiles: C1(C*)=C(C#O)OCC1=O could not be converted
21:34:58 <WARN> reinvent_plugins.normalizers.rdkit_smiles: c12c(c([N+](=O)[O-])c(O*)c(C#O)c1)OCO2 could not be converted
21:34:58 <WARN> reinvent_plugins.normalizers.rdkit_smiles: C1(CC*)(=O)C(=O)N(c2cc(C(F)F)cnc2)C1 could not be converted
21:34:58 <WARN> reinvent_plugins.normalizers.rdkit_smiles: O(C(COc1c2c(cccc2)ccc1)=O)C12(c3ccccc3N1C)C(C)(*)CC2 could not be converted
21:35:13 <INFO> Score: 0.52 Agent NLL: 22.11 Valid:  97% Step: 63
 | Agent Prior Target Score SMILES SMILES_state Input_Scaffold R-groups Scaffold predicted_activity predicted_activity (raw) training_similarity training_similarity (raw) taf_consistency taf_consistency (raw) novelty novelty (raw) MW_window MW_window (raw) synthetic_feasibility synthetic_feasibility (raw) curated alerts filter curated alerts filter (raw) stereo_validity (predicted_activity) scaffold_novelty (predicted_activity) uncertainty (predicted_activity) taf_disrupted (predicted_activity) matchting_patterns (curated alerts filter)
 | 16.6542 27.1680 64.6237 0.7171228 CC1(C#CC2NC(=O)C(=O)C2=O)OCC(C2OC(=O)C(O)=C2O)O1 1 C1(C2OC(=O)C(O)=C2O)COC([*])(C)O1 O=C1C(=O)C(C#C*)NC1=O O=C1C=CC(C2COC(C#CC3NC(=O)C(=O)C3=O)O2)O1 0.5650000 0.5650 0.6998965 0.6999 1.0000000 1.0000 0.3001035 0.3001 1.0000000 337.2400 0.5191213 5.1692 1.0000000 1.0000 0.0 1.0 0.4957569969249047 0.0 []
 | 21.3346 28.8465 50.1503 0.6171622 CC#CC(=C1CCCNC1)C1=C(O)C(=O)OC1C1COC(C)(C)O1 1 C1(=O)OC(C2COC(C)(C)O2)C([*])=C1O C1C(=C(C#CC)*)CNCC1 O=C1C=C(C=C2CCCNC2)C(C2COCO2)O1 0.2900000 0.2900 0.6713171 0.6713 1.0000000 1.0000 0.3286829 0.3287 1.0000000 333.3840 0.5348495 4.4840 1.0000000 1.0000 0.0 1.0 0.4537620521815371 0.0 []
 | 26.1497 27.2916 58.5217 0.6704168 O=C1OC(C(O)CO)C(O)=C1c1nc(-c2ccc(O)cc2)cc2[nH]c(=O)[nH]c(=O)c12 1 O1C(=O)C([*])=C(O)C1C(CO)O Oc1ccc(-c2nc(*)c3c(=O)[nH]c(=O)[nH]c3c2)cc1 O=C1OCC=C1c1nc(-c2ccccc2)cc2[nH]c(=O)[nH]c(=O)c12 0.6350000 0.6350 0.5769144 0.5769 0.6666667 0.6667 0.4230856 0.4231 1.0000000 413.3420 0.5501848 3.8131 1.0000000 1.0000 0.0 1.0 0.4814301610825811 0.33333333333333337 []
 | 15.6915 19.5711 54.6302 0.5796977 O=c1[nH]nc(CCC2OC(C(O)CO)C(O)=C2O)c2ccccc12 1 O1C(C(O)CO)C(O)=C(O)C1[*] [nH]1nc(CC*)c2c(cccc2)c1=O O=c1[nH]nc(CCC2C=CCO2)c2ccccc12 0.5900000 0.5900 0.5602794 0.5603 0.3333333 0.3333 0.4397206 0.4397 1.0000000 334.3280 0.5450344 4.0389 1.0000000 1.0000 0.0 1.0 0.4918333050943175 0.6666666666666667 []
 | 26.4840 40.0661 43.1902 0.6504399 CC1(C2OC(C(O)CBr)C(O)=C2O)C(=O)OC1=Cc1cn2ccccc2n1 1 OC(CBr)C1OC([*])C(O)=C1O CC1(*)C(=O)OC1=Cc1cn2ccccc2n1 O=C1OC(=Cc2cn3ccccc3n2)C1C1C=CCO1 0.4700000 0.4700 0.4851108 0.4851 1.0000000 1.0000 0.5148892 0.5149 1.0000000 437.2460 0.5227587 5.0109 1.0000000 1.0000 0.0 1.0 0.49909918853871116 0.0 []
 | 33.3069 47.9426 20.2141 0.5324748 OCC(O)C1OC(NCc2ccc(OCCCSc3csc4ccccc34)nc2)C(O)=C1O 1 C1([*])OC(C(O)CO)C(O)=C1O O(c1ncc(CN*)cc1)CCCSc1c2c(cccc2)sc1 C1=CC(NCc2ccc(OCCCSc3csc4ccccc34)nc2)OC1 0.4950000 0.4950 0.4349588 0.4350 0.3333333 0.3333 0.5650412 0.5650 1.0000000 490.6030 0.5409368 4.2182 1.0000000 1.0000 0.0 1.0 0.49997499937496875 0.6666666666666667 []
 | 15.0662 26.5325 58.8223 0.6668348 N#CC1=C(N)C(C2OC(C(O)CO)C(OCc3ccccc3)=C2O)CC1=O 1 C(c1ccccc1)OC1=C(O)C([*])OC1C(CO)O C1(*)C(N)=C(C#N)C(=O)C1 O=C1C=CC(C2C=C(OCc3ccccc3)CO2)C1 0.5700000 0.5700 0.6650267 0.6650 0.6666667 0.6667 0.3349733 0.3350 1.0000000 372.3770 0.5376234 4.3629 1.0000000 1.0000 0.0 1.0 0.4950757517794625 0.33333333333333337 []
 | 19.4381 30.6939 49.8249 0.6290532 CC1(N)Cc2ccccc2C(C2(C)OCC(C3OC(=O)C(O)=C3O)O2)O1 1 C1(C2OC(=O)C(O)=C2O)COC([*])(C)O1 O1C(C)(N)Cc2ccccc2C1* O=C1C=CC(C2COC(C3OCCc4ccccc43)O2)O1 0.4350000 0.4350 0.6851601 0.6852 0.6666667 0.6667 0.3148399 0.3148 1.0000000 363.3660 0.5273921 4.8092 1.0000000 1.0000 0.0 1.0 0.49575699692490466 0.33333333333333337 []
 | 15.9856 27.1185 29.7354 0.4441710 CC1(C)OCC(C2OC(=O)C(O)=C2CCn2cnc3ncccc32)O1 1 C1(=O)OC(C2COC(C)(C)O2)C([*])=C1O n1c2ncccc2n(CC*)c1 O=C1C=C(CCn2cnc3ncccc32)C(C2COCO2)O1 0.1600000 0.1600 0.6520408 0.6520 0.3333333 0.3333 0.3479592 0.3480 1.0000000 345.3550 0.5469464 3.9551 1.0000000 1.0000 0.0 1.0 0.36660605559646714 0.6666666666666667 []
 | 12.9893 20.2079 66.9898 0.6812324 O=C1CN(C2=C(O)C(C(O)CO)OC2=O)C(=O)N1 1 O1C(=O)C([*])=C(O)C1C(CO)O O=C1N(*)CC(=O)N1 O=C1CN(C2=CCOC2=O)C(=O)N1 0.6100000 0.6100 0.6904757 0.6905 0.6666667 0.6667 0.3095243 0.3095 1.0000000 258.1860 0.5447147 4.0529 1.0000000 1.0000 0.0 1.0 0.4877499359302879 0.33333333333333337 []
21:35:14 <WARN> reinvent_plugins.normalizers.rdkit_smiles: c1sc(-n2cc(CNCCc3cnc[nH]c3*)cc2)nc1 could not be converted
21:35:14 <WARN> reinvent_plugins.normalizers.rdkit_smiles: c1nn2c(*)cnc2c1 could not be converted
21:35:14 <WARN> reinvent_plugins.normalizers.rdkit_smiles: CC1(c2cn3cccc(*)n3n2)COC(=O)N1 could not be converted
21:35:14 <WARN> reinvent_plugins.normalizers.rdkit_smiles: c1cnc(CC)[nH]1C1(*)CC1 could not be converted
21:35:14 <WARN> reinvent_plugins.normalizers.rdkit_smiles: C1(C#O)Oc2cccc(NCc3ccccc3CC*)c2C1 could not be converted
21:35:14 <WARN> reinvent_plugins.normalizers.rdkit_smiles: C1(C(C#C*)=O)OC=OC(C)C1 could not be converted
21:35:14 <WARN> reinvent_plugins.normalizers.rdkit_smiles: C1(*)CCc2ccc(-c3c(C)n(C)c4ccccc3)c3cc21 could not be converted
21:35:14 <WARN> reinvent_plugins.normalizers.rdkit_smiles: C1(C*)=OC(=O)C(C)=C1C#N could not be converted
21:35:14 <WARN> reinvent_plugins.normalizers.rdkit_smiles: c1(CO*)c2ncnc-2n2c(n1)C(=O)CCc2ccc1 could not be converted
21:35:14 <WARN> reinvent_plugins.normalizers.rdkit_smiles: C1(OC(C(CCc2ccccc2)Nc2ccncc2)=O)C(=O)C(C)=N(*)C1 could not be converted
21:35:14 <WARN> reinvent_plugins.normalizers.rdkit_smiles: n1cnc(*)c2cccc(C)n12 could not be converted
21:35:14 <WARN> reinvent_plugins.normalizers.rdkit_smiles: O1C(=O)C(=N)O1C(=O)C1=C(*)C(=O)C(Cl)=C1C could not be converted
21:35:14 <WARN> reinvent_plugins.normalizers.rdkit_smiles: O1C(=C)C(C(*)C#=C)=C(O)c2cccc(C#CC)c21 could not be converted
21:35:29 <INFO> Score: 0.52 Agent NLL: 21.24 Valid:  97% Step: 64
 | Agent Prior Target Score SMILES SMILES_state Input_Scaffold R-groups Scaffold predicted_activity predicted_activity (raw) training_similarity training_similarity (raw) taf_consistency taf_consistency (raw) novelty novelty (raw) MW_window MW_window (raw) synthetic_feasibility synthetic_feasibility (raw) curated alerts filter curated alerts filter (raw) stereo_validity (predicted_activity) scaffold_novelty (predicted_activity) uncertainty (predicted_activity) taf_disrupted (predicted_activity) matchting_patterns (curated alerts filter)
 | 26.0521 37.1349 42.9786 0.6258860 CC1=C2CCC(C)(NC3(C)OCC(C4OC(=O)C(O)=C4O)O3)C2(C)C(=O)CC1 1 C1(C2C(O)=C(O)C(=O)O2)OC([*])(C)OC1 C1(=O)C2(C)C(C)(N*)CCC2=C(C)CC1 O=C1C=CC(C2COC(NC3CCC4=CCCC(=O)C43)O2)O1 0.4350000 0.4350 0.6713171 0.6713 0.6666667 0.6667 0.3286829 0.3287 1.0000000 393.4360 0.5160106 5.3044 1.0000000 1.0000 0.0 1.0 0.4957569969249047 0.33333333333333337 []
 | 13.7425 16.9805 50.2862 0.5255214 CC1(C)OCC(C2OC(=O)C(O)=C2C2C(=O)C(=O)C(C)(C)C2=O)O1 1 C1(C)(C)OC(C2OC(=O)C(O)=C2[*])CO1 O=C1C(*)C(=O)C(C)(C)C1=O O=C1C=C(C2C(=O)CC(=O)C2=O)C(C2COCO2)O1 0.3200000 0.3200 0.7505553 0.7506 0.3333333 0.3333 0.2494447 0.2494 1.0000000 338.3120 0.5356151 4.4506 1.0000000 1.0000 0.0 1.0 0.466476151587624 0.6666666666666667 []
 | 20.3021 29.0208 56.4275 0.6675650 COc1cc(OC)nc(C(Cc2ccccc2)C2=C(O)C(C(O)CO)OC2=O)n1 1 OC(C1OC(=O)C([*])=C1O)CO c1(C(*)Cc2ccccc2)nc(OC)cc(OC)n1 O=C1OCC=C1C(Cc1ccccc1)c1ncccn1 0.5750000 0.5750 0.6366698 0.6367 0.6666667 0.6667 0.3893752 0.3894 1.0000000 402.4030 0.5481212 3.9036 1.0000000 1.0000 0.0 1.0 0.49434299833212975 0.33333333333333337 []
 | 38.1789 50.7053 -50.7053 0.0000000 c1sc(-n2cc(CNCCc3cnc[nH]c3*)cc2)nc1 0 C1(O)=C(O)C([*])OC1C(CO)O c1sc(-n2cc(CNCCc3cnc[nH]c3*)cc2)nc1 -- 0.0000000 0.0000 0.0000000 0.0000 0.0000000 0.0000 0.0000000 0.0000 0.0000000 0.0000 0.0000000 0.0000 0.0000000 0.0000 None None None None None
 | 24.7384 29.5469 53.2897 0.6471613 COc1ccccc1CNC(=O)OC(C)CC1OC(C(O)CBr)C(O)=C1O 1 C(CBr)(O)C1OC([*])C(O)=C1O c1cc(OC)c(CNC(=O)OC(C*)C)cc1 O=C(NCc1ccccc1)OCCC1C=CCO1 0.4550000 0.4550 0.4803844 0.4804 1.0000000 1.0000 0.5196156 0.5196 1.0000000 446.2940 0.5415512 4.1913 1.0000000 1.0000 0.0 1.0 0.49797088268291345 0.0 []
 | 14.8805 18.4309 49.9075 0.5338936 O=C(O)C1=C(CC2OC(C(O)CO)C(O)=C2O)OCCC1 1 C1(O)=C(O)C(C(CO)O)OC1[*] C1(C*)=C(C(O)=O)CCCO1 C1=CC(CC2=CCCCO2)OC1 0.4550000 0.4550 0.4937707 0.4938 0.3333333 0.3333 0.5062293 0.5062 1.0000000 302.2790 0.5317092 4.6210 1.0000000 1.0000 0.0 1.0 0.4979708826829135 0.6666666666666667 []
 | 30.7488 47.1850 25.9253 0.5711744 O=C(O)C1C(=O)CC2(CC3OC(C(O)CO)C(OCc4ccccc4)=C3O)c3cc[nH]c3C12 1 c1c(COC2=C(O)C([*])OC2C(O)CO)cccc1 [nH]1c2c(cc1)C1(C*)CC(=O)C(C(O)=O)C12 O=C1CC2c3[nH]ccc3C2(CC2C=C(OCc3ccccc3)CO2)C1 0.5200000 0.5200 0.6263608 0.6264 0.3333333 0.3333 0.3736392 0.3736 1.0000000 455.4630 0.5244156 4.9388 1.0000000 1.0000 0.0 1.0 0.4995998398718719 0.6666666666666667 []
 | 12.2085 16.7375 53.4604 0.5484208 CC1(C)OCC(CCC2(C)OCC(C3OC(=O)C(O)=C3O)O2)O1 1 C1(C2C(O)=C(O)C(=O)O2)OC([*])(C)OC1 C1(CC*)COC(C)(C)O1 O=C1C=CC(C2COC(CCC3COCO3)O2)O1 0.3800000 0.3800 0.8169824 0.8170 0.3333333 0.3333 0.1830176 0.1830 1.0000000 330.3330 0.5326350 4.5807 1.0000000 1.0000 0.0 1.0 0.48538644398046393 0.6666666666666667 []
 | 27.7357 50.1280 22.8084 0.5698159 C#CC1CCN(C(=O)C2CCC2C#C)CC1CC1=C(O)C(=O)OC1C1COC(C)(C)O1 1 C1(C)(C)OC(C2OC(=O)C(O)=C2[*])CO1 C1(C(=O)N2CC(C*)C(C#C)CC2)CCC1C#C O=C1C=C(CC2CCCN(C(=O)C3CCC3)C2)C(C2COCO2)O1 0.3000000 0.3000 0.6179975 0.6180 0.6666667 0.6667 0.3820025 0.3820 1.0000000 427.4970 0.5179818 5.2187 1.0000000 1.0000 0.0 1.0 0.45825756949558394 0.33333333333333337 []
 | 15.5396 20.0362 66.7637 0.6781240 O=C1OC(C(O)CO)C(O)=C1CN1C(=O)c2cccnc2C1=O 1 OC(C1OC(=O)C([*])=C1O)CO c1cc2c(nc1)C(=O)N(C*)C2=O O=C1OCC=C1CN1C(=O)c2cccnc2C1=O 0.6350000 0.6350 0.6192562 0.6193 0.6666667 0.6667 0.3807438 0.3807 1.0000000 320.2570 0.5520605 3.7308 1.0000000 1.0000 0.0 1.0 0.4814301610825811 0.33333333333333337 []
21:35:30 <WARN> reinvent_plugins.normalizers.rdkit_smiles: C1(C#CC*)(=C)CC(=O)CO1 could not be converted
21:35:30 <WARN> reinvent_plugins.normalizers.rdkit_smiles: c1(C(=O)COC*)ccc(O)c2n1ccnc2C#C could not be converted
21:35:30 <WARN> reinvent_plugins.normalizers.rdkit_smiles: C1c2c(C(NC)=O)nccn2CC1(C*)O could not be converted
21:35:30 <WARN> reinvent_plugins.normalizers.rdkit_smiles: C1(CC(C(F)F*)=O)CC(Cc2ccccc2)OC1=O could not be converted
21:35:30 <WARN> reinvent_plugins.normalizers.rdkit_smiles: n1c(N*)ncnc1NCC1(CS(=O)(=O)C)C(=O)C(C)=OC1 could not be converted
21:35:30 <WARN> reinvent_plugins.normalizers.rdkit_smiles: C1(=O)C(=Cc2cc(OC)ncc2)(*)CC1C1=C(c2ccccc2)OC1=O could not be converted
21:35:30 <WARN> reinvent_plugins.normalizers.rdkit_smiles: *CC=C1(C#C)CC(=CC(=CNC#C)O)C=C1C could not be converted
21:35:30 <WARN> reinvent_plugins.normalizers.rdkit_smiles: C1(=O)C(C2C=N(*)C2)C(O)CO1 could not be converted
21:35:30 <WARN> reinvent_plugins.normalizers.rdkit_smiles: C1(=O)C1CN* could not be converted
21:35:30 <WARN> reinvent_plugins.normalizers.rdkit_smiles: C12(*)CCCC1CO2Cc1ccc2c(c1)S(=O)(=O)N1C(=O)CCC(=O)N21 could not be converted
21:35:30 <WARN> reinvent_plugins.normalizers.rdkit_smiles: O1C(C(=O)NC*)C12CC1(C1=O)CCC2 could not be converted
21:35:30 <WARN> reinvent_plugins.normalizers.rdkit_smiles: n1c(*)c(C)n(C2O3CCC2C(=O)N(C)C3)n1 could not be converted
21:35:45 <INFO> Score: 0.52 Agent NLL: 20.71 Valid:  97% Step: 65
 | Agent Prior Target Score SMILES SMILES_state Input_Scaffold R-groups Scaffold predicted_activity predicted_activity (raw) training_similarity training_similarity (raw) taf_consistency taf_consistency (raw) novelty novelty (raw) MW_window MW_window (raw) synthetic_feasibility synthetic_feasibility (raw) curated alerts filter curated alerts filter (raw) stereo_validity (predicted_activity) scaffold_novelty (predicted_activity) uncertainty (predicted_activity) taf_disrupted (predicted_activity) matchting_patterns (curated alerts filter)
 | 28.7002 39.7468 30.9789 0.5525446 CC1(C(c2cnc(-c3cncs3)nc2)c2ccccn2)OCC(C2OC(=O)C(O)=C2O)O1 1 O1C(C2OC([*])(C)OC2)C(O)=C(O)C1=O c1(-c2scnc2)ncc(C(*)c2ccccn2)cn1 O=C1C=CC(C2COC(C(c3cnc(-c4cncs4)nc3)c3ccccn3)O2)O1 0.4550000 0.4550 0.6077819 0.6078 0.3333333 0.3333 0.3922181 0.3922 1.0000000 454.4640 0.5293842 4.7224 1.0000000 1.0000 0.0 1.0 0.49797088268291345 0.6666666666666667 []
 | 13.3241 14.9219 49.3545 0.5021601 CC1(C)OCC(C2OC(=O)C(O)=C2CCn2ccc(=O)[nH]c2=O)O1 1 CC1(C)OCC(C2C([*])=C(O)C(=O)O2)O1 O=c1ccn(CC*)c(=O)[nH]1 O=C1C=C(CCn2ccc(=O)[nH]c2=O)C(C2COCO2)O1 0.2700000 0.2700 0.6790997 0.6791 0.3333333 0.3333 0.3286829 0.3287 1.0000000 338.3160 0.5465980 3.9704 1.0000000 1.0000 0.0 1.0 0.4439594576084623 0.6666666666666667 []
 | 19.5977 38.2321 48.2158 0.6753743 O=C1OC(C(O)CO)C(O)=C1CCC1C(c2ccccc2)C(=O)N1C(=O)c1ccccc1 1 C1(=O)OC(C(CO)O)C(O)=C1[*] C1(CC*)N(C(=O)c2ccccc2)C(=O)C1c1ccccc1 O=C1OCC=C1CCC1C(c2ccccc2)C(=O)N1C(=O)c1ccccc1 0.6500000 0.6500 0.5881177 0.5881 0.6666667 0.6667 0.4118823 0.4119 1.0000000 437.4480 0.5457356 4.0082 1.0000000 1.0000 0.0 1.0 0.47696960070847283 0.33333333333333337 []
 | 22.5510 31.4835 37.3162 0.5374973 CC1(CO)C(=O)C(=O)N=C(CC2OC(C(O)CO)C(O)=C2O)C1=O 1 C1(C(CO)O)OC([*])C(O)=C1O C1(C*)=NC(=O)C(=O)C(C)(CO)C1=O O=C1CC(=O)C(CC2C=CCO2)=NC1=O 0.4550000 0.4550 0.5184951 0.5185 0.3333333 0.3333 0.4815049 0.4815 1.0000000 343.2880 0.5226705 5.0148 1.0000000 1.0000 0.0 1.0 0.4979708826829135 0.6666666666666667 []
 | 19.6830 35.0593 44.9307 0.6249218 CC1C(=O)C(=O)N(C2OC(C(O)CBr)C(O)=C2O)Cc2ccccc21 1 C1(C(CBr)O)OC([*])C(O)=C1O C1N(*)C(=O)C(=O)C(C)c2c1cccc2 O=C1Cc2ccccc2CN(C2C=CCO2)C1=O 0.4950000 0.4950 0.5378316 0.5378 0.6666667 0.6667 0.4621684 0.4622 1.0000000 412.2360 0.5342616 4.5097 1.0000000 1.0000 0.0 1.0 0.4999749993749687 0.33333333333333337 []
 | 28.9458 41.0020 27.9882 0.5389853 Cc1cc(C(=O)NC2=CC(CC3OC(C(O)CO)C(O)=C3O)CC2=O)nc(C)n1 1 C(O)C(O)C1OC([*])C(O)=C1O C1(C*)C=C(NC(=O)c2nc(C)nc(C)c2)C(=O)C1 O=C1CC(CC2C=CCO2)C=C1NC(=O)c1ccncn1 0.4900000 0.4900 0.4768316 0.4768 0.3333333 0.3333 0.5231684 0.5232 1.0000000 405.4070 0.5284542 4.7629 1.0000000 1.0000 0.0 1.0 0.4998999899979995 0.6666666666666667 []
 | 17.7516 24.8609 49.8443 0.5836346 O=C1CCN(C(=O)c2ccccc2)CC1C1OC(C(O)CO)C(OCc2ccccc2)=C1O 1 OCC(C1C(OCc2ccccc2)=C(O)C([*])O1)O *C1C(=O)CCN(C(=O)c2ccccc2)C1 O=C1CCN(C(=O)c2ccccc2)CC1C1C=C(OCc2ccccc2)CO1 0.5450000 0.5450 0.6532553 0.6533 0.3333333 0.3333 0.3467447 0.3467 1.0000000 453.4910 0.5491621 3.8580 1.0000000 1.0000 0.0 1.0 0.4979708826829135 0.6666666666666667 []
 | 27.1632 33.3484 46.3986 0.6230240 CC1(NCc2cc(NC(=O)c3ccc4ccccc4n3)ccc2O)OCC(C2OC(=O)C(O)=C2O)O1 1 O1C(C2OC([*])(C)OC2)C(O)=C(O)C1=O c1(C(=O)Nc2cc(CN*)c(O)cc2)ccc2c(cccc2)n1 O=C1C=CC(C2COC(NCc3cccc(NC(=O)c4ccc5ccccc5n4)c3)O2)O1 0.4550000 0.4550 0.5843065 0.5843 0.6666667 0.6667 0.4156935 0.4157 1.0000000 493.4720 0.5438454 4.0909 1.0000000 1.0000 0.0 1.0 0.49797088268291345 0.33333333333333337 []
 | 14.3321 14.0171 -14.0171 0.0000000 CC1(C)OCC(C2OC(=O)C(O)=C2c2ccc(C(=O)O)cc2)O1 1 CC1(C)OCC(C2C([*])=C(O)C(=O)O2)O1 OC(=O)c1ccc(*)cc1 O=C1C=C(c2ccccc2)C(C2COCO2)O1 0.2650000 0.2650 0.7324670 0.7325 0.3333333 0.3333 0.2675330 0.2675 1.0000000 320.2970 0.5561048 3.4469 1.0000000 1.0000 0.0 1.0 0.4413332074521472 0.6666666666666667 []
 | 18.4104 30.5432 53.4068 0.6558592 CC(C1=C(O)C(C(O)CO)OC1=O)C1(C(=O)O)CNC(=O)O1 1 C1(=O)OC(C(CO)O)C(O)=C1[*] C1(C(O)=O)(C(*)C)OC(=O)NC1 O=C1NCC(CC2=CCOC2=O)O1 0.5550000 0.5550 0.6260991 0.6261 0.6666667 0.6667 0.3739009 0.3739 1.0000000 317.2500 0.5273111 4.8127 1.0000000 1.0000 0.0 1.0 0.4969657935914705 0.33333333333333337 []
21:35:46 <WARN> reinvent_plugins.normalizers.rdkit_smiles: C1(CC#CC)OC(=O)C2(C*)C1=O could not be converted
21:35:46 <WARN> reinvent_plugins.normalizers.rdkit_smiles: C1(C)(Cc2c(-c3ccc(-c4nnc(*)n4)ccc3)cncc2C)C(=O)OC1 could not be converted
21:35:46 <WARN> reinvent_plugins.normalizers.rdkit_smiles: c1n2c(c(C)cc1=O)C1(C*)C(=O)NC2=C(C)CC1 could not be converted
21:35:46 <WARN> reinvent_plugins.normalizers.rdkit_smiles: Oc1cc2c(ccc(C3=C(*)CN=C(c3ccccc3)C#C)n2)cc1 could not be converted
21:35:46 <WARN> reinvent_plugins.normalizers.rdkit_smiles: C1(=O)C(*)C(=O)N(c(cc(CO)cc(O)=O)c1=O)Cc1ccccc1 could not be converted
21:35:46 <WARN> reinvent_plugins.normalizers.rdkit_smiles: c12nc(*)nc(CN=C3CCCCc3)cc1OCO2 could not be converted
21:35:46 <WARN> reinvent_plugins.normalizers.rdkit_smiles: O=C1CCc2c(-c3n(C)nc4c2CCCCO*)ccc3O1 could not be converted
21:35:46 <WARN> reinvent_plugins.normalizers.rdkit_smiles: N1(*)CC(=O)OC(C1C(=O)C(=C)C1O)=C could not be converted
21:35:46 <WARN> reinvent_plugins.normalizers.rdkit_smiles: C1(c2ccccc2)(O)CCC(=C(*)C#C)C(C(O)=OC)C1 could not be converted
21:35:46 <WARN> reinvent_plugins.normalizers.rdkit_smiles: c12[nH]ncc1C(C)CC1C(C*)=C2(C)COC1=O could not be converted
21:35:46 <WARN> reinvent_plugins.normalizers.rdkit_smiles: O=c1[nH]c(*)[nH]c1 could not be converted
21:35:46 <WARN> reinvent_plugins.normalizers.rdkit_smiles: C1(*)CC(CO)2(C)C1(O)C2 could not be converted
21:35:46 <WARN> reinvent_plugins.normalizers.rdkit_smiles: c1(CN*)[nH]c2cccc(O)c2cc1 could not be converted
21:35:46 <WARN> reinvent_plugins.normalizers.rdkit_smiles: N1(C*)C(=)SCC1=O could not be converted
21:35:46 <WARN> reinvent_plugins.normalizers.rdkit_smiles: C1(=O)CC(C(O)=O)(*)CO1CC(=O)c1ccccc1 could not be converted
21:35:46 <WARN> reinvent_plugins.normalizers.rdkit_smiles: c1(-n2c(=O)c(O)c(=O)[nH]c2*)ncccc1 could not be converted
21:35:46 <WARN> reinvent_plugins.normalizers.rdkit_smiles: C1(=O)CC(*)(CN)C(=O)c1cn(CCCCc2ccc(C)c(C)c2)n1 could not be converted
21:36:01 <INFO> Score: 0.50 Agent NLL: 21.57 Valid:  96% Step: 66
 | Agent Prior Target Score SMILES SMILES_state Input_Scaffold R-groups Scaffold predicted_activity predicted_activity (raw) training_similarity training_similarity (raw) taf_consistency taf_consistency (raw) novelty novelty (raw) MW_window MW_window (raw) synthetic_feasibility synthetic_feasibility (raw) curated alerts filter curated alerts filter (raw) stereo_validity (predicted_activity) scaffold_novelty (predicted_activity) uncertainty (predicted_activity) taf_disrupted (predicted_activity) matchting_patterns (curated alerts filter)
 | 30.7251 39.1768 39.7294 0.6164544 Cn1nc(CNC(CC(=O)O)CC2(C)OCC(C3OC(=O)C(O)=C3O)O2)cc1-c1ccncc1 1 OC1=C(O)C(=O)OC1C1COC(C)([*])O1 c1nccc(-c2cc(CNC(C*)CC(=O)O)nn2C)c1 O=C1C=CC(C2COC(CCNCc3cc(-c4ccncc4)[nH]n3)O2)O1 0.4450000 0.4450 0.5714630 0.5715 0.6666667 0.6667 0.4285370 0.4285 1.0000000 474.4700 0.5337809 4.5307 1.0000000 1.0000 0.0 1.0 0.49696579359147036 0.33333333333333337 []
 | 10.2434 12.1614 -12.1614 0.0000000 CC1(C)OCC(C2OC(=O)C(O)=C2Cc2cccnc2)O1 1 C1([*])=C(O)C(=O)OC1C1COC(C)(C)O1 c1cncc(C*)c1 O=C1C=C(Cc2cccnc2)C(C2COCO2)O1 0.2150000 0.2150 0.7076303 0.7076 0.3333333 0.3333 0.2923697 0.2924 1.0000000 291.3030 0.5518317 3.7409 1.0000000 1.0000 0.0 1.0 0.41082234603292944 0.6666666666666667 []
 | 16.2777 17.5558 -17.5558 0.0000000 CC1OC(=O)c2ccc(CC3=C(O)C(C(O)CO)OC3=O)cc21 1 C1([*])=C(O)C(C(CO)O)OC1=O c1(C*)cc2c(cc1)C(=O)OC2C O=C1OCC=C1Cc1ccc2c(c1)COC2=O 0.6200000 0.6200 0.6260991 0.6261 0.6666667 0.6667 0.3739009 0.3739 1.0000000 320.2970 0.5453454 4.0252 1.0000000 1.0000 0.0 1.0 0.48538644398046393 0.33333333333333337 []
 | 24.1983 27.9310 35.9025 0.4986990 CC1(O)CC(C(=O)O)=C(CC2OC(C(O)CO)C(O)=C2O)CC1(O)CO 1 OC1=C(O)C([*])OC1C(CO)O C1(C*)=C(C(=O)O)CC(C)(O)C(O)(CO)C1 C1=CC(CC2=CCCCC2)OC1 0.3550000 0.3550 0.4667680 0.4668 0.3333333 0.3333 0.5332320 0.5332 1.0000000 376.3580 0.5182213 5.2083 1.0000000 1.0000 0.0 1.0 0.4785133226985431 0.6666666666666667 []
 | 19.7157 42.7419 40.0315 0.6466669 N#CCCC(NC1OC(C(O)CBr)C(O)=C1O)C1CC(=O)O1 1 [*]C1OC(C(CBr)O)C(O)=C1O C1(C(N*)CCC#N)OC(=O)C1 O=C1CC(CNC2C=CCO2)O1 0.4200000 0.4200 0.5435231 0.5435 1.0000000 1.0000 0.4564769 0.4565 1.0000000 377.1910 0.5193061 5.1611 1.0000000 1.0000 0.0 1.0 0.4935585071701227 0.0 []
 | 26.7359 40.0765 -40.0765 0.0000000 C1(CC#CC)OC(=O)C2(C*)C1=O 0 C1([*])C(O)=C(O)C(C(O)CO)O1 C1(CC#CC)OC(=O)C2(C*)C1=O -- 0.0000000 0.0000 0.0000000 0.0000 0.0000000 0.0000 0.0000000 0.0000 0.0000000 0.0000 0.0000000 0.0000 0.0000000 0.0000 None None None None None
 | 12.1218 24.3000 -24.3000 0.0000000 O=C1C(=O)C(=O)C(CC2OC(C(O)CO)C(OCc3ccccc3)=C2O)C1=O 1 C1(OCc2ccccc2)=C(O)C([*])OC1C(CO)O C1(=O)C(=O)C(C*)C(=O)C1=O O=C1C(=O)C(=O)C(CC2C=C(OCc3ccccc3)CO2)C1=O 0.6100000 0.6100 0.7271792 0.7272 0.3333333 0.3333 0.2728208 0.2728 1.0000000 390.3440 0.5415850 4.1898 1.0000000 1.0000 0.0 1.0 0.4877499359302879 0.6666666666666667 []
 | 14.2206 18.5357 62.2636 0.6312445 CC1(CC#Cc2cccc(C#N)c2)OCC(C2OC(=O)C(O)=C2O)O1 1 OC1=C(O)C(=O)OC1C1COC(C)([*])O1 c1(C#N)cc(C#CC*)ccc1 O=C1C=CC(C2COC(CC#Cc3ccccc3)O2)O1 0.4450000 0.4450 0.6647030 0.6647 0.6666667 0.6667 0.3352970 0.3353 1.0000000 341.3190 0.5387375 4.3143 1.0000000 1.0000 0.0 1.0 0.49696579359147036 0.33333333333333337 []
 | 25.4455 40.2867 34.5631 0.5847640 C#CCC(CC1=C(O)C(=O)OC1C1COC(C)(C)O1)N(C)Cc1ccc(F)cc1 1 C1([*])=C(O)C(=O)OC1C1COC(C)(C)O1 c1(CN(C)C(CC#C)C*)ccc(F)cc1 O=C1C=C(CCNCc2ccccc2)C(C2COCO2)O1 0.3200000 0.3200 0.6472754 0.6473 0.6666667 0.6667 0.3527246 0.3527 1.0000000 403.4500 0.5409024 4.2197 1.0000000 1.0000 0.0 1.0 0.466476151587624 0.33333333333333337 []
 | 64.5978 71.2981 -71.2981 0.0000000 O=C1OC(C(O)CO)C(O)=C1CCC1CCC23OCCOC24OOC42c4ccccc4OC3C2O1 1 C1([*])=C(O)C(C(CO)O)OC1=O *CCC1OC2C3C4(CC1)C1(OCCO4)OOC21c1c(cccc1)O3 O=C1OCC=C1CCC1CCC23OCCOC24OOC42c4ccccc4OC3C2O1 0.0000000 0.0000 0.0000000 0.0000 0.0000000 0.0000 0.0000000 0.0000 0.0000000 0.0000 0.0000000 0.0000 0.0000000 0.0000 None None None None ['[#8][#8]']
21:36:02 <WARN> reinvent_plugins.normalizers.rdkit_smiles: O=C1NC(c2ccccc2)C=N1* could not be converted
21:36:02 <WARN> reinvent_plugins.normalizers.rdkit_smiles: C1(C*)=N(C)C(=O)C1(O)Cc1ccncc1 could not be converted
21:36:02 <WARN> reinvent_plugins.normalizers.rdkit_smiles: c1cc2c(nccn2)nc1N1* could not be converted
21:36:02 <WARN> reinvent_plugins.normalizers.rdkit_smiles: C1(C#=C2C(=O)NC(=C2C#N)N*)C(=O)C(=O)OC1 could not be converted
21:36:02 <WARN> reinvent_plugins.normalizers.rdkit_smiles: C1C(C)=N(C2Cc3c(cccc3)C(=O)C2*)CC1=C(F)F could not be converted
21:36:02 <WARN> reinvent_plugins.normalizers.rdkit_smiles: c12n(c(O*)c(-c3cccc([N+])3)cc1)nc(C)c2 could not be converted
21:36:17 <INFO> Score: 0.54 Agent NLL: 19.91 Valid:  99% Step: 67
 | Agent Prior Target Score SMILES SMILES_state Input_Scaffold R-groups Scaffold predicted_activity predicted_activity (raw) training_similarity training_similarity (raw) taf_consistency taf_consistency (raw) novelty novelty (raw) MW_window MW_window (raw) synthetic_feasibility synthetic_feasibility (raw) curated alerts filter curated alerts filter (raw) stereo_validity (predicted_activity) scaffold_novelty (predicted_activity) uncertainty (predicted_activity) taf_disrupted (predicted_activity) matchting_patterns (curated alerts filter)
 | 26.5224 39.6154 39.0945 0.6149212 CC=C(CC1(C)OCC(C2OC(=O)C(O)=C2O)O1)c1cc(C#N)c2ccccc2n1 1 C1(C)([*])OCC(C2C(O)=C(O)C(=O)O2)O1 c1(C#N)cc(C(C*)=CC)nc2ccccc12 C=C(CC1OCC(C2C=CC(=O)O2)O1)c1ccc2ccccc2n1 0.4200000 0.4200 0.6077819 0.6078 0.6666667 0.6667 0.3922181 0.3922 1.0000000 408.4100 0.5366812 4.4041 1.0000000 1.0000 0.0 1.0 0.4935585071701227 0.33333333333333337 []
 | 17.9083 26.9444 31.3692 0.4555749 COc1cccc(CN2CCOC(CC3=C(O)C(=O)OC3C3COC(C)(C)O3)C2)c1 1 C1(=O)OC(C2OC(C)(C)OC2)C([*])=C1O C1(C*)CN(Cc2cccc(OC)c2)CCO1 O=C1C=C(CC2CN(Cc3ccccc3)CCO2)C(C2COCO2)O1 0.1750000 0.1750 0.6482037 0.6482 0.3333333 0.3333 0.4019432 0.4019 1.0000000 419.4740 0.5486144 3.8820 1.0000000 1.0000 0.0 1.0 0.3799671038392666 0.6666666666666667 []
 | 29.5026 39.9107 46.6017 0.6758782 O=C1OC(C(O)CO)C(O)=C1Cc1ccc2c(C(=O)O)nnc([N+](=O)[O-])c2c1 1 OC1=C([*])C(=O)OC1C(CO)O n1c([N+](=O)[O-])c2c(ccc(C*)c2)c(C(=O)O)n1 O=C1OCC=C1Cc1ccc2cnncc2c1 0.6750000 0.6750 0.5612485 0.5612 0.6666667 0.6667 0.4387515 0.4388 1.0000000 391.2920 0.5454519 4.0206 1.0000000 1.0000 0.0 1.0 0.4683748498798798 0.33333333333333337 []
 | 17.4176 28.9108 41.4543 0.5497272 NC1CC(O)(CC2OC(C(O)CO)C(O)=C2O)c2ccccc21 1 OC1=C(O)C(C(O)CO)OC1[*] C1(C*)(O)CC(N)c2ccccc21 C1=CC(CC2CCc3ccccc32)OC1 0.5300000 0.5300 0.4824181 0.4824 0.3333333 0.3333 0.5175819 0.5176 1.0000000 323.3450 0.5293320 4.7247 1.0000000 1.0000 0.0 1.0 0.4990991885387111 0.6666666666666667 []
 | 12.6473 30.6995 50.1845 0.6319063 O=C1CC=C1C#CC1OC(C(O)CBr)C(O)=C1O 1 C1([*])OC(C(CBr)O)C(O)=C1O O=C1C(C#C*)=CC1 O=C1CC=C1C#CC1C=CCO1 0.5150000 0.5150 0.5581563 0.5582 0.6666667 0.6667 0.4418437 0.4418 1.0000000 315.1190 0.5156872 5.3185 1.0000000 1.0000 0.0 1.0 0.4997749493522059 0.33333333333333337 []
 | 12.3676 15.5177 -15.5177 0.0000000 OCC(O)C1OC(Cc2cncc(O)c2)C(O)=C1O 1 OC(C1C(O)=C(O)C([*])O1)CO c1ncc(C*)cc1O C1=CC(Cc2cccnc2)OC1 0.5300000 0.5300 0.5000000 0.5000 0.3333333 0.3333 0.5000000 0.5000 1.0000000 269.2530 0.5398996 4.2635 1.0000000 1.0000 0.0 1.0 0.49909918853871116 0.6666666666666667 []
 | 14.3695 22.4389 49.9360 0.5654293 COc1c(CC2OC(C(O)CO)C(OCc3ccccc3)=C2O)ccc2c1OCO2 1 C1(O)=C(OCc2ccccc2)C(C(O)CO)OC1[*] O1COc2ccc(C*)c(OC)c21 C1=C(OCc2ccccc2)COC1Cc1ccc2c(c1)OCO2 0.4950000 0.4950 0.6097050 0.6097 0.3333333 0.3333 0.3902950 0.3903 1.0000000 416.4260 0.5480140 3.9083 1.0000000 1.0000 0.0 1.0 0.4999749993749687 0.6666666666666667 []
 | 15.6334 33.3205 47.7203 0.6331312 C=CC(=O)N1CCCC(C#CC2(C)OCC(C3OC(=O)C(O)=C3O)O2)C1 1 C1(C)([*])OCC(C2C(O)=C(O)C(=O)O2)O1 C1(C#C*)CN(C(=O)C=C)CCC1 O=C1C=CC(C2COC(C#CC3CCCNC3)O2)O1 0.4700000 0.4700 0.6343350 0.6343 0.6666667 0.6667 0.3656650 0.3657 1.0000000 363.3660 0.5261666 4.8626 1.0000000 1.0000 0.0 1.0 0.49909918853871116 0.33333333333333337 []
 | 18.3714 27.9195 33.9646 0.4834691 CC(C)N1Cc2c(cnn2CC2=C(O)C(=O)OC2C2COC(C)(C)O2)C1=O 1 C1(=O)OC(C2OC(C)(C)OC2)C([*])=C1O c12c(cnn1C*)C(=O)N(C(C)C)C2 O=C1C=C(Cn2ncc3c2CNC3=O)C(C2COCO2)O1 0.2400000 0.2400 0.6343350 0.6343 0.3333333 0.3333 0.3656650 0.3657 1.0000000 377.3970 0.5400320 4.2577 1.0000000 1.0000 0.0 1.0 0.4270831300812524 0.6666666666666667 []
 | 13.1861 21.5337 66.8126 0.6902057 O=C1OC(C(O)CO)C(O)=C1Cn1ccc2ccccc21 1 OC1=C([*])C(=O)OC1C(CO)O c12c(cccc1)ccn2C* O=C1OCC=C1Cn1ccc2ccccc21 0.6650000 0.6650 0.6480741 0.6481 0.6666667 0.6667 0.3519259 0.3519 1.0000000 289.2870 0.5560062 3.5574 1.0000000 1.0000 0.0 1.0 0.4719904660054057 0.33333333333333337 []
21:36:18 <WARN> reinvent_plugins.normalizers.rdkit_smiles: c1(=O)c(*)c2ccccc2c(=O)[nH]1C1(C)COC1 could not be converted
21:36:18 <WARN> reinvent_plugins.normalizers.rdkit_smiles: C1(C(N*)C(N)=O)cnccc1 could not be converted
21:36:18 <WARN> reinvent_plugins.normalizers.rdkit_smiles: c1ccc(CC(C#n)nc2C(O)=O)CC(*)C1=C2C1C(=O)OC(C)(O)C1 could not be converted
21:36:18 <WARN> reinvent_plugins.normalizers.rdkit_smiles: C1(=O)N(*)C(=O)C(C)(=O)NC1 could not be converted
21:36:18 <WARN> reinvent_plugins.normalizers.rdkit_smiles: C1(C(N2CCC(C(C1(Cc3ccccc3)S(=O)(=O)*)CCCC2)CC=CC1)=O)C(=C)C could not be converted
21:36:18 <WARN> reinvent_plugins.normalizers.rdkit_smiles: C1(C*)C2(C(=O)O)=CC(=C)C1(C)OO1(C=N2)CCC=C1 could not be converted
21:36:18 <WARN> reinvent_plugins.normalizers.rdkit_smiles: *C1C(=O)C(CN(C)Cc2ccc(-c3ccccc3OC)cc2)O2C1CC2 could not be converted
21:36:18 <WARN> reinvent_plugins.normalizers.rdkit_smiles: c1c2cccnc2ccn1* could not be converted
21:36:18 <WARN> reinvent_plugins.normalizers.rdkit_smiles: C1(=O)CC(C(=O)O)[S+]1[O-]C(*)Cc1ncccc1 could not be converted
21:36:18 <WARN> reinvent_plugins.normalizers.rdkit_smiles: C1(C(O)=O)(O)C(C(C#(CC)C*)C)(C)OCC1 could not be converted
21:36:18 <WARN> reinvent_plugins.normalizers.rdkit_smiles: c1(*)nc(S(C(=O)CO)=CC=C)nn1 could not be converted
21:36:18 <WARN> reinvent_plugins.normalizers.rdkit_smiles: C1C(*)CC(=O)N1C(=O)C#C1CCCC1 could not be converted
21:36:18 <WARN> reinvent_plugins.normalizers.rdkit_smiles: C(#C1(*)CCOC1)(c1ccsc1)O could not be converted
21:36:18 <WARN> reinvent_plugins.normalizers.rdkit_smiles: c1(N)c(C)c(=O)c(C*)c[n+]1C could not be converted
21:36:33 <INFO> Score: 0.52 Agent NLL: 20.96 Valid:  96% Step: 68
 | Agent Prior Target Score SMILES SMILES_state Input_Scaffold R-groups Scaffold predicted_activity predicted_activity (raw) training_similarity training_similarity (raw) taf_consistency taf_consistency (raw) novelty novelty (raw) MW_window MW_window (raw) synthetic_feasibility synthetic_feasibility (raw) curated alerts filter curated alerts filter (raw) stereo_validity (predicted_activity) scaffold_novelty (predicted_activity) uncertainty (predicted_activity) taf_disrupted (predicted_activity) matchting_patterns (curated alerts filter)
 | 19.7984 25.0514 53.8423 0.6163570 CC1(CC#Cc2cnc3c(c2)CCCC3)OCC(C2OC(=O)C(O)=C2O)O1 1 C1(O)=C(O)C(=O)OC1C1COC(C)([*])O1 c1(C#CC*)cc2c(nc1)CCCC2 O=C1C=CC(C2COC(CC#Cc3cnc4c(c3)CCCC4)O2)O1 0.4150000 0.4150 0.6287461 0.6287 0.6666667 0.6667 0.3712539 0.3713 1.0000000 371.3890 0.5361935 4.4254 1.0000000 1.0000 0.0 1.0 0.4927220311697053 0.33333333333333337 []
 | 20.5228 28.2977 46.5142 0.5844682 CC1CC(=C(N)C2=C(O)C(=O)OC2C2COC(C)(C)O2)C1 1 C1(C2OC(=O)C(O)=C2[*])COC(C)(C)O1 C1(=C(*)N)CC(C)C1 O=C1C=C(C=C2CCC2)C(C2COCO2)O1 0.2950000 0.2950 0.7505553 0.7506 0.6666667 0.6667 0.2494447 0.2494 1.0000000 295.3350 0.5412466 4.2046 1.0000000 1.0000 0.0 1.0 0.4560427611529428 0.33333333333333337 []
 | 20.2571 28.5000 55.4792 0.6560876 COc1nnccc1C(O)C1=C(O)C(C(O)CO)OC1=O 1 C1(O)=C([*])C(=O)OC1C(O)CO *C(c1ccnnc1OC)O O=C1OCC=C1Cc1ccnnc1 0.5450000 0.5450 0.6297235 0.6297 0.6666667 0.6667 0.3807438 0.3807 1.0000000 298.2510 0.5383400 4.3316 1.0000000 1.0000 0.0 1.0 0.4979708826829135 0.33333333333333337 []
 | 24.9473 38.1337 -38.1337 0.0000000 c1(=O)c(*)c2ccccc2c(=O)[nH]1C1(C)COC1 0 [*]C1C(O)=C(O)C(C(O)CO)O1 c1(=O)c(*)c2ccccc2c(=O)[nH]1C1(C)COC1 -- 0.0000000 0.0000 0.0000000 0.0000 0.0000000 0.0000 0.0000000 0.0000 0.0000000 0.0000 0.0000000 0.0000 0.0000000 0.0000 None None None None None
 | 18.5892 29.0536 48.5183 0.6060305 N#CC(CC1OC(C(O)CBr)C(O)=C1O)C(=O)N1CCOCC1 1 [*]C1OC(C(O)CBr)C(O)=C1O O1CCN(C(C(C*)C#N)=O)CC1 O=C(CCC1C=CCO1)N1CCOCC1 0.4600000 0.4600 0.4969996 0.4970 0.6666667 0.6667 0.5030004 0.5030 1.0000000 391.2180 0.5313016 4.6388 1.0000000 1.0000 0.0 1.0 0.49839743177508444 0.33333333333333337 []
 | 11.4978 15.6095 -15.6095 0.0000000 OCC(O)C1OC(Cc2cccc3c2OCO3)C(O)=C1O 1 OC1=C(O)C(C(CO)O)OC1[*] O1COc2c1cccc2C* C1=CC(Cc2cccc3c2OCO3)OC1 0.5350000 0.5350 0.4997560 0.4998 0.3333333 0.3333 0.5002440 0.5002 1.0000000 296.2750 0.5434468 4.1084 1.0000000 1.0000 0.0 1.0 0.49877349568717055 0.6666666666666667 []
 | 19.6005 26.7465 58.4937 0.6659389 O=C1CC(Cc2ccccc2)N(C2OC(C(O)CO)C(OCc3ccccc3)=C2O)CCO1 1 O1C(C(O)CO)C(OCc2ccccc2)=C(O)C1[*] C1(Cc2ccccc2)N(*)CCOC(=O)C1 O=C1CC(Cc2ccccc2)N(C2C=C(OCc3ccccc3)CO2)CCO1 0.5700000 0.5700 0.6532553 0.6533 0.6666667 0.6667 0.3467447 0.3467 1.0000000 455.5070 0.5429202 4.1314 1.0000000 1.0000 0.0 1.0 0.4950757517794625 0.33333333333333337 []
 | 29.0147 36.6444 31.9512 0.5359032 CN1CC(ON=CCc2ccccc2)C(C2(C)OCC(C3OC(=O)C(O)=C3O)O2)C1 1 C1(O)=C(O)C(=O)OC1C1COC(C)([*])O1 O(C1C(*)CN(C)C1)N=CCc1ccccc1 O=C1C=CC(C2COC(C3CNCC3ON=CCc3ccccc3)O2)O1 0.3950000 0.3950 0.6128258 0.6128 0.3333333 0.3333 0.3871742 0.3872 1.0000000 418.4460 0.5274001 4.8088 1.0000000 1.0000 0.0 1.0 0.48885069295235745 0.6666666666666667 []
 | 24.2111 39.1008 33.4884 0.5671030 C#CCCCCCC1(C2=C(O)C(=O)OC2C2COC(C)(C)O2)CC(=O)N(C)C1=O 1 C1(C2OC(=O)C(O)=C2[*])COC(C)(C)O1 C1(CCCCCC#C)(*)C(=O)N(C)C(=O)C1 O=C1CC(C2=CC(=O)OC2C2COCO2)C(=O)N1 0.2800000 0.2800 0.6469575 0.6470 0.6666667 0.6667 0.3530425 0.3530 1.0000000 405.4470 0.5364204 4.4155 1.0000000 1.0000 0.0 1.0 0.44899888641287294 0.33333333333333337 []
 | 21.7126 22.7317 62.2573 0.6639761 O=C1OC(C(O)CO)C(O)=C1C1CON=CC1=O 1 C1(O)=C([*])C(=O)OC1C(O)CO O=C1C=NOCC1* O=C1OCC=C1C1CON=CC1=O 0.5650000 0.5650 0.6640783 0.6641 0.6666667 0.6667 0.3359217 0.3359 1.0000000 257.1980 0.5273356 4.8116 1.0000000 1.0000 0.0 1.0 0.4957569969249047 0.33333333333333337 []
21:36:34 <WARN> reinvent_plugins.normalizers.rdkit_smiles: C(N1CC(=C*)C1)(C(C(nc1ccccc1)=C)=O)=O could not be converted
21:36:34 <WARN> reinvent_plugins.normalizers.rdkit_smiles: c1c(OC)nn(C)c1C(C)=OCCOC(=O)* could not be converted
21:36:34 <WARN> reinvent_plugins.normalizers.rdkit_smiles: c12c(ccc3c1OC(=O)CO2)OC(*)CC2 could not be converted
21:36:34 <WARN> reinvent_plugins.normalizers.rdkit_smiles: c1(C#CC=C*)cc[n+](CC=C)c1 could not be converted
21:36:34 <WARN> reinvent_plugins.normalizers.rdkit_smiles: c1(CNC*)cc2c(cc1)OC(C)C(=O)Cn2 could not be converted
21:36:34 <WARN> reinvent_plugins.normalizers.rdkit_smiles: c12nc(*)n(C)c(=O)n1CC(c1ccccc1)CCO2 could not be converted
21:36:50 <INFO> Score: 0.52 Agent NLL: 20.00 Valid:  99% Step: 69
 | Agent Prior Target Score SMILES SMILES_state Input_Scaffold R-groups Scaffold predicted_activity predicted_activity (raw) training_similarity training_similarity (raw) taf_consistency taf_consistency (raw) novelty novelty (raw) MW_window MW_window (raw) synthetic_feasibility synthetic_feasibility (raw) curated alerts filter curated alerts filter (raw) stereo_validity (predicted_activity) scaffold_novelty (predicted_activity) uncertainty (predicted_activity) taf_disrupted (predicted_activity) matchting_patterns (curated alerts filter)
 | 12.9103 18.7431 65.7937 0.6604439 C=C1C(=O)NC(=O)C(C2(C)OCC(C3OC(=O)C(O)=C3O)O2)C1=O 1 O1C(C2OC(=O)C(O)=C2O)COC1(C)[*] O=C1C(*)C(=O)NC(=O)C1=C C=C1C(=O)NC(=O)C(C2OCC(C3C=CC(=O)O3)O2)C1=O 0.5300000 0.5300 0.7156264 0.7156 0.6666667 0.6667 0.2843736 0.2844 1.0000000 339.2560 0.5257623 4.8802 1.0000000 1.0000 0.0 1.0 0.49909918853871116 0.33333333333333337 []
 | 11.4518 16.1424 -16.1424 0.0000000 CN1CCOC(CC2=C(O)C(=O)OC2C2COC(C)(C)O2)C1 1 C1(=O)OC(C2COC(C)(C)O2)C([*])=C1O O1CCN(C)CC1C* O=C1C=C(CC2CNCCO2)C(C2COCO2)O1 0.1950000 0.1950 0.6924107 0.6924 0.3333333 0.3333 0.3075893 0.3076 1.0000000 313.3500 0.5400349 4.2576 1.0000000 1.0000 0.0 1.0 0.3962007067131506 0.6666666666666667 []
 | 20.3739 27.3636 -27.3636 0.0000000 CN(C)S(=O)(=O)c1ccc(CC(C#N)C2=C(O)C(C(O)CO)OC2=O)cc1 1 C1(O)=C([*])C(=O)OC1C(CO)O c1(CC(C#N)*)ccc(S(=O)(N(C)C)=O)cc1 O=C1OCC=C1CCc1ccccc1 0.6250000 0.6250 0.5881177 0.5881 1.0000000 1.0000 0.4118823 0.4119 1.0000000 396.4210 0.5486112 3.8822 1.0000000 1.0000 0.0 1.0 0.4841229182759271 0.0 []
 | 15.6674 27.2915 43.1445 0.5502807 OCC(O)C1OC(c2cc(-c3cccs3)ccn2)C(O)=C1O 1 OC(CO)C1C(O)=C(O)C([*])O1 c1cnc(*)cc1-c1sccc1 C1=CC(c2cc(-c3cccs3)ccn2)OC1 0.5350000 0.5350 0.4718142 0.4718 0.3333333 0.3333 0.5281858 0.5282 1.0000000 321.3540 0.5436110 4.1012 1.0000000 1.0000 0.0 1.0 0.49877349568717055 0.6666666666666667 []
 | 16.4767 24.3234 53.3078 0.6064938 OC1=C(O)C(C(O)CBr)OC1Nc1ccc2ccncc2c1 1 O1C([*])C(O)=C(O)C1C(O)CBr c1c2c(cncc2)cc(N*)c1 C1=CC(Nc2ccc3ccncc3c2)OC1 0.4800000 0.4800 0.4677643 0.4678 0.6666667 0.6667 0.5322357 0.5322 1.0000000 367.1990 0.5422568 4.1604 1.0000000 1.0000 0.0 1.0 0.4995998398718719 0.33333333333333337 []
 | 22.5702 26.3540 49.6641 0.5938914 C=C1C(O)C(=O)OC(CC2OC(C(O)CO)C(O)=C2O)C1C(=O)O 1 C1([*])C(O)=C(O)C(C(CO)O)O1 C1(C(=O)O)C(C*)OC(=O)C(O)C1=C C=C1CC(=O)OC(CC2C=CCO2)C1 0.4000000 0.4000 0.5366563 0.5367 0.6666667 0.6667 0.4633437 0.4633 1.0000000 346.2880 0.5190816 5.1709 1.0000000 1.0000 0.0 1.0 0.4898979485566356 0.33333333333333337 []
 | 13.1426 22.7929 52.3035 0.5866908 OCC(O)C1OC(Cc2nnc3ccccn23)C(O)=C1OCc1ccccc1 1 OCC(O)C1C(OCc2ccccc2)=C(O)C([*])O1 n12ccccc1nnc2C* C1=C(OCc2ccccc2)COC1Cc1nnc2ccccn12 0.5700000 0.5700 0.6322942 0.6323 0.3333333 0.3333 0.3677058 0.3677 1.0000000 383.4040 0.5486422 3.8808 1.0000000 1.0000 0.0 1.0 0.4950757517794625 0.6666666666666667 []
 | 14.3655 22.6133 61.3787 0.6561879 CC1(C2COCNC2=O)OCC(C2OC(=O)C(O)=C2O)O1 1 O1C(C2OC(=O)C(O)=C2O)COC1(C)[*] O1CC(*)C(=O)NC1 O=C1C=CC(C2COC(C3COCNC3=O)O2)O1 0.5100000 0.5100 0.7324670 0.7325 0.6666667 0.6667 0.2675330 0.2675 1.0000000 301.2510 0.5240013 4.9568 1.0000000 1.0000 0.0 1.0 0.4998999899979995 0.33333333333333337 []
 | 11.4884 17.4607 39.5556 0.4454401 CC(=O)N1CCC(CCC2=C(O)C(=O)OC2C2COC(C)(C)O2)CC1 1 C1(=O)OC(C2COC(C)(C)O2)C([*])=C1O C1(CC*)CCN(C(=O)C)CC1 O=C1C=C(CCC2CCNCC2)C(C2COCO2)O1 0.1550000 0.1550 0.6998965 0.6999 0.3333333 0.3333 0.3001035 0.3001 1.0000000 353.4150 0.5506279 3.7937 1.0000000 1.0000 0.0 1.0 0.36190468358395134 0.6666666666666667 []
 | 12.7982 18.5428 70.2867 0.6939799 Nc1ccnc(C2=C(O)C(C(O)CO)OC2=O)c1 1 C1(O)=C([*])C(=O)OC1C(CO)O c1cnc(*)cc1N O=C1OCC=C1c1ccccn1 0.6800000 0.6800 0.6559298 0.6559 0.6666667 0.6667 0.3440702 0.3441 1.0000000 252.2260 0.5501446 3.8149 1.0000000 1.0000 0.0 1.0 0.46647615158762407 0.33333333333333337 []
21:36:51 <WARN> reinvent_plugins.normalizers.rdkit_smiles: C1C(C*)CN(C)S12(=O)=O could not be converted
21:36:51 <WARN> reinvent_plugins.normalizers.rdkit_smiles: C1C(C#N)C(=O)C(O2)N=C(N*)C1 could not be converted
21:36:51 <WARN> reinvent_plugins.normalizers.rdkit_smiles: C1(C)N(C(=O)C*)C(c2cn(CC3CC(=O)N3)CCC2)ncc1 could not be converted
21:36:51 <WARN> reinvent_plugins.normalizers.rdkit_smiles: c1(CCC*)[nH]nc(=O)[nH]c1=O could not be converted
21:36:51 <WARN> reinvent_plugins.normalizers.rdkit_smiles: c1ccnc(C)n1C* could not be converted
21:36:51 <WARN> reinvent_plugins.normalizers.rdkit_smiles: C1(C)(C)C(C#NC*)C1 could not be converted
21:36:51 <WARN> reinvent_plugins.normalizers.rdkit_smiles: n1c(C*)nc2c(n1)CN(C)C21CCCC1C1C(N)(=O)CCC1 could not be converted
21:36:51 <WARN> reinvent_plugins.normalizers.rdkit_smiles: c1[nH]c(=C(*)C#N)cc1N could not be converted
21:36:51 <WARN> reinvent_plugins.normalizers.rdkit_smiles: n1nc(*)ccc1-c1cccc(C#O)c1 could not be converted
21:36:51 <WARN> reinvent_plugins.normalizers.rdkit_smiles: c1nccc(C(*)C#N)nc1N could not be converted
21:36:51 <WARN> reinvent_plugins.normalizers.rdkit_smiles: O=C1c2c(cccc2)OC2(C)C1=O(*)CCC2 could not be converted
21:36:51 <WARN> reinvent_plugins.normalizers.rdkit_smiles: n1c2ccccn2cc(C*)n1 could not be converted
21:36:51 <WARN> reinvent_plugins.normalizers.rdkit_smiles: c12cnccc1C(C*)=O could not be converted
21:37:06 <INFO> Score: 0.52 Agent NLL: 19.12 Valid:  97% Step: 70
 | Agent Prior Target Score SMILES SMILES_state Input_Scaffold R-groups Scaffold predicted_activity predicted_activity (raw) training_similarity training_similarity (raw) taf_consistency taf_consistency (raw) novelty novelty (raw) MW_window MW_window (raw) synthetic_feasibility synthetic_feasibility (raw) curated alerts filter curated alerts filter (raw) stereo_validity (predicted_activity) scaffold_novelty (predicted_activity) uncertainty (predicted_activity) taf_disrupted (predicted_activity) matchting_patterns (curated alerts filter)
 | 26.9756 47.5280 34.1559 0.6381556 CC1(NCC(O)C=CC2CCNCC2=O)OCC(C2OC(=O)C(O)=C2O)O1 1 C1(C2C(O)=C(O)C(=O)O2)OC(C)([*])OC1 C1(C=CC(O)CN*)C(=O)CNCC1 O=C1C=CC(C2COC(NCCC=CC3CCNCC3=O)O2)O1 0.4950000 0.4950 0.6287461 0.6287 0.6666667 0.6667 0.3712539 0.3713 1.0000000 384.3850 0.5152950 5.3355 1.0000000 1.0000 0.0 1.0 0.49997499937496875 0.33333333333333337 []
 | 25.9646 36.4065 34.0021 0.5500677 CC1(C)OCC(C2OC(=O)C(O)=C2C(C#N)c2cnc3c(c2)OC(C)(C#N)O3)O1 1 C1([*])=C(O)C(=O)OC1C1OC(C)(C)OC1 O1C(C#N)(C)Oc2ncc(C(*)C#N)cc21 O=C1C=C(Cc2cnc3c(c2)OCO3)C(C2COCO2)O1 0.2550000 0.2550 0.6179975 0.6180 0.6666667 0.6667 0.3820025 0.3820 1.0000000 399.3590 0.5219290 5.0470 1.0000000 1.0000 0.0 1.0 0.43586121644395015 0.33333333333333337 []
 | 41.7902 54.8027 27.0336 0.6393459 CN1c2ccccc2C(C2=C(O)C(C(O)CO)OC2=O)C(C(N)=O)C(=O)C12CNC(=O)NC2=O 1 C(O)C(O)C1C(O)=C([*])C(=O)O1 c1ccc2c(c1)N(C)C1(C(=O)C(C(=O)N)C2*)C(=O)NC(=O)NC1 O=C1NCC2(Nc3ccccc3C(C3=CCOC3=O)CC2=O)C(=O)N1 0.5600000 0.5600 0.5334005 0.5334 0.6666667 0.6667 0.4665995 0.4666 1.0000000 474.4260 0.5191689 5.1671 1.0000000 1.0000 0.0 1.0 0.4963869458396343 0.33333333333333337 []
 | 16.7994 19.2598 -19.2598 0.0000000 O=C(O)c1ccc(CCC2OC(C(O)CO)C(O)=C2O)cc1O 1 OC1=C(O)C(C(CO)O)OC1[*] Oc1c(C(O)=O)ccc(CC*)c1 C1=CC(CCc2ccccc2)OC1 0.5450000 0.5450 0.4879954 0.4880 0.3333333 0.3333 0.5120046 0.5120 1.0000000 326.3010 0.5476948 3.9223 1.0000000 1.0000 0.0 1.0 0.4979708826829135 0.6666666666666667 []
 | 14.9770 25.0046 53.3027 0.6117758 OC1=C(O)C(C(O)CBr)OC1Oc1cccc2nncn12 1 BrCC(C1OC([*])C(O)=C1O)O n1nc2cccc(O*)n2c1 C1=CC(Oc2cccc3nncn23)OC1 0.4850000 0.4850 0.4915677 0.4916 0.6666667 0.6667 0.5084323 0.5084 1.0000000 358.1480 0.5295818 4.7138 1.0000000 1.0000 0.0 1.0 0.4997749493522059 0.33333333333333337 []
 | 17.8490 23.9392 42.7463 0.5209800 CC1(CC2OC(C(O)CO)C(O)=C2O)CN(O)C1=O 1 O1C(C(CO)O)C(O)=C(O)C1[*] C1C(C)(C*)C(=O)N1O O=C1NCC1CC1C=CCO1 0.3850000 0.3850 0.5375872 0.5376 0.3333333 0.3333 0.4624128 0.4624 1.0000000 275.2570 0.5211372 5.0815 1.0000000 1.0000 0.0 1.0 0.4865953144040744 0.6666666666666667 []
 | 13.1901 18.6611 59.4227 0.6100301 O=c1[nH]ncnc1C1OC(C(O)CO)C(OCc2ccccc2)=C1O 1 C(C(O)C1C(OCc2ccccc2)=C(O)C([*])O1)O n1cnc(*)c(=O)[nH]1 O=c1[nH]ncnc1C1C=C(OCc2ccccc2)CO1 0.6350000 0.6350 0.7136344 0.7136 0.3333333 0.3333 0.2863656 0.2864 1.0000000 347.3270 0.5448637 4.0463 1.0000000 1.0000 0.0 1.0 0.4814301610825811 0.6666666666666667 []
 | 19.6186 28.8952 52.1273 0.6329881 CC1(CNC(=O)c2ccc3c(c2)COCC3)OCC(C2OC(=O)C(O)=C2O)O1 1 C1(C2C(O)=C(O)C(=O)O2)OC(C)([*])OC1 c1cc(C(NC*)=O)cc2c1CCOC2 O=C1C=CC(C2COC(CNC(=O)c3ccc4c(c3)COCC4)O2)O1 0.4650000 0.4650 0.6287461 0.6287 0.6666667 0.6667 0.3712539 0.3713 1.0000000 391.3760 0.5427269 4.1399 1.0000000 1.0000 0.0 1.0 0.4987734956871706 0.33333333333333337 []
 | 15.9703 28.1528 38.1182 0.5177426 CC1(C)OCC(C2OC(=O)C(O)=C2CC2CNC(c3ccccc3)C2)O1 1 C1([*])=C(O)C(=O)OC1C1OC(C)(C)OC1 C1C(c2ccccc2)NCC1C* O=C1C=C(CC2CNC(c3ccccc3)C2)C(C2COCO2)O1 0.1800000 0.1800 0.6724090 0.6724 0.6666667 0.6667 0.3352970 0.3353 1.0000000 359.4220 0.5404894 4.2377 1.0000000 1.0000 0.0 1.0 0.38418745424597095 0.33333333333333337 []
 | 13.2854 23.3127 61.1509 0.6598719 CN1CC(CNC2=C(O)C(C(O)CO)OC2=O)OC1=O 1 C(O)C(O)C1C(O)=C([*])C(=O)O1 C1(CN*)OC(=O)N(C)C1 O=C1NCC(CNC2=CCOC2=O)O1 0.5550000 0.5550 0.6404940 0.6405 0.6666667 0.6667 0.3595060 0.3595 1.0000000 288.2560 0.5407348 4.2270 1.0000000 1.0000 0.0 1.0 0.4969657935914704 0.33333333333333337 []
21:37:07 <WARN> reinvent_plugins.normalizers.rdkit_smiles: C1(=C#C*)C(=O)NCCC1 could not be converted
21:37:07 <WARN> reinvent_plugins.normalizers.rdkit_smiles: C1(=O)N(C)CC(C*)=c2ccccc21 could not be converted
21:37:07 <WARN> reinvent_plugins.normalizers.rdkit_smiles: C1(c2cccs2)(O)C(=O)CO1C* could not be converted
21:37:07 <WARN> reinvent_plugins.normalizers.rdkit_smiles: C1(N(C)*)C(=O)OC12C(=O)NC1=C(=C2C)C(=O)C(=CCCC)C1 could not be converted
21:37:07 <WARN> reinvent_plugins.normalizers.rdkit_smiles: N1(C)C(=O)COC1(C(C)=C*)=O could not be converted
21:37:07 <WARN> reinvent_plugins.normalizers.rdkit_smiles: O1COC(c2nc(C(O)=O)[nH]c(*)c2)C1 could not be converted
21:37:22 <INFO> Score: 0.51 Agent NLL: 19.51 Valid:  98% Step: 71
 | Agent Prior Target Score SMILES SMILES_state Input_Scaffold R-groups Scaffold predicted_activity predicted_activity (raw) training_similarity training_similarity (raw) taf_consistency taf_consistency (raw) novelty novelty (raw) MW_window MW_window (raw) synthetic_feasibility synthetic_feasibility (raw) curated alerts filter curated alerts filter (raw) stereo_validity (predicted_activity) scaffold_novelty (predicted_activity) uncertainty (predicted_activity) taf_disrupted (predicted_activity) matchting_patterns (curated alerts filter)
 | 22.5754 45.5770 42.5887 0.6887952 CC1(CNCC=C2C(N)=C2C#N)OCC(C2OC(=O)C(O)=C2O)O1 1 C1([*])(C)OC(C2OC(=O)C(O)=C2O)CO1 C1(=CCNC*)C(C#N)=C1N O=C1C=CC(C2COC(CNCC=C3C=C3)O2)O1 0.4800000 0.4800 0.6708204 0.6708 1.0000000 1.0000 0.3291796 0.3292 1.0000000 335.3160 0.5249801 4.9142 1.0000000 1.0000 0.0 1.0 0.4995998398718719 0.0 []
 | 11.2496 16.1836 52.2425 0.5345783 CC1(C)OCC(C2OC(=O)C(O)=C2Cc2ccc(N)nc2)O1 1 C1([*])=C(O)C(=O)OC1C1COC(C)(C)O1 c1(C*)ccc(N)nc1 O=C1C=C(Cc2cccnc2)C(C2COCO2)O1 0.2050000 0.2050 0.6851601 0.6852 0.6666667 0.6667 0.3148399 0.3148 1.0000000 306.3180 0.5489337 3.8680 1.0000000 1.0000 0.0 1.0 0.40370162248868907 0.33333333333333337 []
 | 13.1911 26.2902 61.5738 0.6864378 O=C1OC(C(O)CO)C(O)=C1NC(c1ccccc1)c1ccncc1 1 O1C(C(CO)O)C(O)=C([*])C1=O c1c(C(N*)c2ccccc2)ccnc1 O=C1OCC=C1NC(c1ccccc1)c1ccncc1 0.6550000 0.6550 0.6404940 0.6405 0.6666667 0.6667 0.3595060 0.3595 1.0000000 342.3510 0.5538107 3.6539 1.0000000 1.0000 0.0 1.0 0.4753682782853732 0.33333333333333337 []
 | 23.6941 39.0252 36.7160 0.5917278 CC(=NO)c1n[nH]c(C#CC2OC(C(O)CO)C(O)=C2O)n1 1 OC(C1OC([*])C(O)=C1O)CO n1[nH]c(C#C*)nc1C(C)=NO C(#CC1C=CCO1)c1ncn[nH]1 0.4650000 0.4650 0.4375950 0.4376 0.6666667 0.6667 0.5624050 0.5624 1.0000000 310.2660 0.5173372 5.2468 1.0000000 1.0000 0.0 1.0 0.49877349568717055 0.33333333333333337 []
 | 17.5989 26.9875 50.1358 0.6025259 CC1(O)C=CC(=CCC2OC(C(O)CBr)C(O)=C2O)C1=O 1 C1([*])OC(C(CBr)O)C(O)=C1O C1(=CC*)C(=O)C(O)(C)C=C1 O=C1CC=CC1=CCC1C=CCO1 0.4350000 0.4350 0.5262348 0.5262 0.6666667 0.6667 0.4737652 0.4738 1.0000000 361.1880 0.5151865 5.3403 1.0000000 1.0000 0.0 1.0 0.4957569969249047 0.33333333333333337 []
 | 19.6167 22.3980 -22.3980 0.0000000 O=C(O)COc1cccc(O)c1CC1OC(C(O)CO)C(O)=C1O 1 O1C([*])C(O)=C(O)C1C(O)CO c1(O)c(C*)c(OCC(=O)O)ccc1 C1=CC(Cc2ccccc2)OC1 0.5500000 0.5500 0.5090255 0.5090 0.3333333 0.3333 0.4909745 0.4910 1.0000000 342.3000 0.5452297 4.0303 1.0000000 1.0000 0.0 1.0 0.49749371855331 0.6666666666666667 []
 | 11.5884 26.7647 58.8203 0.6686332 CN1C=C(C#N)C(C2OC(C(O)CO)C(OCc3ccccc3)=C2O)C1=O 1 C(C(C1OC([*])C(O)=C1OCc1ccccc1)O)O C1(*)C(C#N)=CN(C)C1=O O=C1NC=CC1C1C=C(OCc2ccccc2)CO1 0.5750000 0.5750 0.6711560 0.6712 0.6666667 0.6667 0.3288440 0.3288 1.0000000 372.3770 0.5353758 4.4611 1.0000000 1.0000 0.0 1.0 0.49434299833212975 0.33333333333333337 []
 | 17.2183 24.6327 48.6435 0.5724698 C=C1C(=O)CCC(C2(C)OCC(C3OC(=O)C(O)=C3O)O2)=C1C 1 C1([*])(C)OC(C2OC(=O)C(O)=C2O)CO1 O=C1C(=C)C(C)=C(*)CC1 C=C1C=C(C2OCC(C3C=CC(=O)O3)O2)CCC1=O 0.4750000 0.4750 0.7431505 0.7432 0.3333333 0.3333 0.2568495 0.2568 1.0000000 322.3130 0.5293645 4.7232 1.0000000 1.0000 0.0 1.0 0.4993746088859544 0.6666666666666667 []
 | 14.3378 24.5730 44.8302 0.5422128 CC1(C)OCC(C2OC(=O)C(O)=C2Nc2ncnc3cccn23)O1 1 C1([*])=C(O)C(=O)OC1C1COC(C)(C)O1 c1c2ncnc(N*)n2cc1 O=C1C=C(Nc2ncnc3cccn23)C(C2COCO2)O1 0.2250000 0.2250 0.6582806 0.6583 0.6666667 0.6667 0.3417194 0.3417 1.0000000 332.3160 0.5427742 4.1378 1.0000000 1.0000 0.0 1.0 0.4175823272122517 0.33333333333333337 []
 | 28.9112 34.6955 46.9902 0.6381698 CC(N)C(=O)NC(C1=C(O)C(C(O)CO)OC1=O)C1C(=O)OC1CN 1 O1C(C(CO)O)C(O)=C([*])C1=O C1(C(*)NC(C(C)N)=O)C(CN)OC1=O O=C1OCC=C1CC1COC1=O 0.5050000 0.5050 0.6000000 0.6000 0.6666667 0.6667 0.4000000 0.4000 1.0000000 359.3350 0.5277922 4.7918 1.0000000 1.0000 0.0 1.0 0.4999749993749687 0.33333333333333337 []
21:37:23 <WARN> reinvent_plugins.normalizers.rdkit_smiles: n1c(-c2ccncc2)ccs1C* could not be converted
21:37:23 <WARN> reinvent_plugins.normalizers.rdkit_smiles: O1COc2cc(CC3C(=O)C(=O)C2*)c(O)cc21 could not be converted
21:37:23 <WARN> reinvent_plugins.normalizers.rdkit_smiles: c12c(c(C3C(=O)N(*)C(=O)CO)ccc3n1)OCCO2 could not be converted
21:37:23 <WARN> reinvent_plugins.normalizers.rdkit_smiles: c1(=O)c(CO*)c2c(cccc2)n(C)c1 could not be converted
21:37:23 <WARN> reinvent_plugins.normalizers.rdkit_smiles: O=C1N(*)CCN(CC(=O)O)C1C(C#O)c1ccccc1 could not be converted
21:37:23 <WARN> reinvent_plugins.normalizers.rdkit_smiles: c1c(=O)ccc(C#N)n1C* could not be converted
21:37:38 <INFO> Score: 0.52 Agent NLL: 19.49 Valid:  99% Step: 72
 | Agent Prior Target Score SMILES SMILES_state Input_Scaffold R-groups Scaffold predicted_activity predicted_activity (raw) training_similarity training_similarity (raw) taf_consistency taf_consistency (raw) novelty novelty (raw) MW_window MW_window (raw) synthetic_feasibility synthetic_feasibility (raw) curated alerts filter curated alerts filter (raw) stereo_validity (predicted_activity) scaffold_novelty (predicted_activity) uncertainty (predicted_activity) taf_disrupted (predicted_activity) matchting_patterns (curated alerts filter)
 | 13.8495 22.1323 59.0416 0.6341718 CC1(CNC(=O)c2cc[nH]n2)OCC(C2OC(=O)C(O)=C2O)O1 1 [*]C1(C)OC(C2C(O)=C(O)C(=O)O2)CO1 [nH]1nc(C(=O)NC*)cc1 O=C1C=CC(C2COC(CNC(=O)c3cc[nH]n3)O2)O1 0.4600000 0.4600 0.6582806 0.6583 0.6666667 0.6667 0.3417194 0.3417 1.0000000 325.2770 0.5318663 4.6142 1.0000000 1.0000 0.0 1.0 0.49839743177508444 0.33333333333333337 []
 | 14.2504 23.8914 44.6297 0.5353210 Cn1cc(CNCCCC2=C(O)C(=O)OC2C2COC(C)(C)O2)cn1 1 O1C(=O)C(O)=C([*])C1C1OC(C)(C)OC1 c1(CNCCC*)cnn(C)c1 O=C1C=C(CCCNCc2cn[nH]c2)C(C2COCO2)O1 0.2150000 0.2150 0.6400757 0.6401 0.6666667 0.6667 0.3599243 0.3599 1.0000000 351.4030 0.5488459 3.8719 1.0000000 1.0000 0.0 1.0 0.41082234603292944 0.33333333333333337 []
 | 19.5694 30.2268 54.1307 0.6590427 O=C(NCc1ccnc2c1C(=O)CC2)C1=C(O)C(C(O)CO)OC1=O 1 C1(O)=C([*])C(=O)OC1C(CO)O c12c(c(CNC(*)=O)ccn1)C(=O)CC2 O=C(NCc1ccnc2c1C(=O)CC2)C1=CCOC1=O 0.5850000 0.5850 0.5824353 0.5824 0.6666667 0.6667 0.4175647 0.4176 1.0000000 348.3110 0.5481147 3.9039 1.0000000 1.0000 0.0 1.0 0.4927220311697053 0.33333333333333337 []
 | 14.4076 20.2294 58.4864 0.6149670 O=C1CC(=O)C(C=CCC2OC(C(O)CO)C(O)=C2O)O1 1 O1C(C(CO)O)C(O)=C(O)C1[*] C1(=O)C(C=CC*)OC(=O)C1 O=C1CC(=O)C(C=CCC2C=CCO2)O1 0.4550000 0.4550 0.5554921 0.5555 0.6666667 0.6667 0.4445079 0.4445 1.0000000 300.2630 0.5210531 5.0851 1.0000000 1.0000 0.0 1.0 0.4979708826829135 0.33333333333333337 []
 | 16.0935 22.9121 55.5749 0.6131798 COc1cccc2c1OC(CC1OC(C(O)CBr)C(O)=C1O)CO2 1 C1(C(CBr)O)OC([*])C(O)=C1O C1(C*)Oc2c(cccc2OC)OC1 C1=CC(CC2COc3ccccc3O2)OC1 0.4650000 0.4650 0.5217733 0.5218 0.6666667 0.6667 0.4782267 0.4782 1.0000000 403.2250 0.5349504 4.4796 1.0000000 1.0000 0.0 1.0 0.49877349568717066 0.33333333333333337 []
 | 12.8023 14.4646 -14.4646 0.0000000 OCC(O)C1OC(OC2OC(CO)C(O)C2O)C(O)=C1O 1 OC1=C(O)C(C(CO)O)OC1[*] C1(O)C(O*)OC(CO)C1O C1=CC(OC2CCCO2)OC1 0.3100000 0.3100 0.5000000 0.5000 0.3333333 0.3333 0.5000000 0.5000 1.0000000 310.2550 0.5289373 4.7419 1.0000000 1.0000 0.0 1.0 0.462493243193887 0.6666666666666667 []
 | 18.0834 24.5895 49.8574 0.5816164 O=C1CC(O)(c2ccccc2)C(=O)C1C1OC(C(O)CO)C(OCc2ccccc2)=C1O 1 c1cc(COC2=C(O)C([*])OC2C(O)CO)ccc1 C1(=O)C(O)(c2ccccc2)CC(=O)C1* O=C1CC(c2ccccc2)C(=O)C1C1C=C(OCc2ccccc2)CO1 0.5300000 0.5300 0.6774581 0.6775 0.3333333 0.3333 0.3225419 0.3225 1.0000000 440.4480 0.5387318 4.3145 1.0000000 1.0000 0.0 1.0 0.49909918853871116 0.6666666666666667 []
 | 27.5784 38.1749 41.3019 0.6209124 CC1(CC#CC2CCCN2C(=O)C(=O)Cc2ccccc2)OCC(C2OC(=O)C(O)=C2O)O1 1 [*]C1(C)OC(C2C(O)=C(O)C(=O)O2)CO1 O=C(N1CCCC1C#CC*)C(=O)Cc1ccccc1 O=C1C=CC(C2COC(CC#CC3CCCN3C(=O)C(=O)Cc3ccccc3)O2)O1 0.4450000 0.4450 0.5980568 0.5981 0.6666667 0.6667 0.4019432 0.4019 1.0000000 455.4630 0.5335172 4.5422 1.0000000 1.0000 0.0 1.0 0.49696579359147036 0.33333333333333337 []
 | 22.3300 39.6132 31.6777 0.5569602 CC1(C)OCC(C2OC(=O)C(O)=C2CCC(=O)NCc2ccc3c(c2)COc2ccccc2C3)O1 1 O1C(=O)C(O)=C([*])C1C1OC(C)(C)OC1 c1(CNC(=O)CC*)cc2c(cc1)Cc1ccccc1OC2 O=C(CCC1=CC(=O)OC1C1COCO1)NCc1ccc2c(c1)COc1ccccc1C2 0.2700000 0.2700 0.5933661 0.5934 0.6666667 0.6667 0.4066339 0.4066 1.0000000 479.5290 0.5509462 3.7797 1.0000000 1.0000 0.0 1.0 0.4439594576084623 0.33333333333333337 []
 | 20.2432 27.5471 56.3100 0.6551335 Cc1nc(CC2=C(O)C(C(O)CO)OC2=O)cc2c1OCC2=O 1 C1(O)=C([*])C(=O)OC1C(CO)O c1(C*)nc(C)c2c(c1)C(=O)CO2 O=C1OCC=C1Cc1cc2c(cn1)OCC2=O 0.5650000 0.5650 0.5939697 0.5940 0.6666667 0.6667 0.4060303 0.4060 1.0000000 321.2850 0.5415838 4.1899 1.0000000 1.0000 0.0 1.0 0.49575699692490466 0.33333333333333337 []
21:37:39 <WARN> reinvent_plugins.normalizers.rdkit_smiles: c1c(*)cn2cccc(CO)c2n1 could not be converted
21:37:39 <WARN> reinvent_plugins.normalizers.rdkit_smiles: O=C1OCc2c(CC=C)cccc21* could not be converted
21:37:39 <WARN> reinvent_plugins.normalizers.rdkit_smiles: C1n2c(*)cc(-c3ncccc3)nc2C(=O)C1C(C)C could not be converted
21:37:39 <WARN> reinvent_plugins.normalizers.rdkit_smiles: O=C1CCC(CC*)N1C(=O)C(CC#=)O could not be converted
21:37:39 <WARN> reinvent_plugins.normalizers.rdkit_smiles: c1c2c(c(C#NC*)nc1)C(=O)NCCCO2 could not be converted
21:37:39 <WARN> reinvent_plugins.normalizers.rdkit_smiles: c1cc(S(=O)(=O)N*)ncn1C could not be converted
21:37:39 <WARN> reinvent_plugins.normalizers.rdkit_smiles: c12nc(*)[nH]c1C(=O)NC1CNCCOC==C1 could not be converted
21:37:39 <WARN> reinvent_plugins.normalizers.rdkit_smiles: c12c(cnccc1)NC(=O)C2* could not be converted
21:37:39 <WARN> reinvent_plugins.normalizers.rdkit_smiles: c1(C2OC3(C(=O)N*)CCC2CO)ccccc1 could not be converted
21:37:39 <WARN> reinvent_plugins.normalizers.rdkit_smiles: N1(*)CC12C(=O)C(C#O)=C(C)O2 could not be converted
21:37:54 <INFO> Score: 0.51 Agent NLL: 19.16 Valid:  97% Step: 73
 | Agent Prior Target Score SMILES SMILES_state Input_Scaffold R-groups Scaffold predicted_activity predicted_activity (raw) training_similarity training_similarity (raw) taf_consistency taf_consistency (raw) novelty novelty (raw) MW_window MW_window (raw) synthetic_feasibility synthetic_feasibility (raw) curated alerts filter curated alerts filter (raw) stereo_validity (predicted_activity) scaffold_novelty (predicted_activity) uncertainty (predicted_activity) taf_disrupted (predicted_activity) matchting_patterns (curated alerts filter)
 | 19.1244 34.1351 37.4248 0.5590614 CC1CC(CC2(C)OCC(C3OC(=O)C(O)=C3O)O2)c2cccn21 1 C1OC([*])(C)OC1C1OC(=O)C(O)=C1O *CC1CC(C)n2cccc21 O=C1C=CC(C2COC(CC3CCn4cccc43)O2)O1 0.4550000 0.4550 0.6647030 0.6647 0.3333333 0.3333 0.3352970 0.3353 1.0000000 335.3560 0.5236967 4.9701 1.0000000 1.0000 0.0 1.0 0.4979708826829134 0.6666666666666667 []
 | 37.2107 52.1738 -52.1738 0.0000000 CC1(C)OCC(C2OC(=O)C(O)=C2c2nccc(CNC(=O)C3(O)CCCC(O)CC(=O)C3)n2)O1 1 O=C1C(O)=C([*])C(C2OC(C)(C)OC2)O1 c1(*)nc(CNC(=O)C2(O)CC(=O)CC(O)CCC2)ccn1 O=C1CCCCCC(C(=O)NCc2ccnc(C3=CC(=O)OC3C3COCO3)n2)C1 0.0000000 0.0000 0.0000000 0.0000 0.0000000 0.0000 0.0000000 0.0000 0.0000000 0.0000 0.0000000 0.0000 0.0000000 0.0000 None None None None ['[*;r{8-17}]']
 | 17.1525 34.6338 49.0612 0.6538668 O=C1OC(C(O)CO)C(O)=C1Cc1ccc(CC2CCOC2)nc1 1 C(CO)(C1C(O)=C([*])C(=O)O1)O C1(Cc2ncc(C*)cc2)CCOC1 O=C1OCC=C1Cc1ccc(CC2CCOC2)nc1 0.5700000 0.5700 0.5769144 0.5769 0.6666667 0.6667 0.4230856 0.4231 1.0000000 335.3560 0.5452628 4.0289 1.0000000 1.0000 0.0 1.0 0.4950757517794625 0.33333333333333337 []
 | 17.2766 21.8610 57.8831 0.6230007 COC(=O)C1C(=O)C(=O)C(C2OC(C(O)CO)C(O)=C2O)C1=O 1 C1(C(CO)O)C(O)=C(O)C([*])O1 C1(=O)C(*)C(=O)C(=O)C1C(OC)=O O=C1CC(=O)C(C2C=CCO2)C1=O 0.4750000 0.4750 0.5622255 0.5622 0.6666667 0.6667 0.4377745 0.4378 1.0000000 330.2450 0.5277573 4.7933 1.0000000 1.0000 0.0 1.0 0.4993746088859544 0.33333333333333337 []
 | 16.8075 35.4640 -35.4640 0.0000000 COCc1cc(CC2OC(C(O)CBr)C(O)=C2O)cnc1C#N 1 OC1=C(O)C([*])OC1C(CBr)O n1c(C#N)c(COC)cc(C*)c1 C1=CC(Cc2cccnc2)OC1 0.4400000 0.4400 0.4437602 0.4438 0.6666667 0.6667 0.5562398 0.5562 1.0000000 385.2140 0.5341141 4.5161 1.0000000 1.0000 0.0 1.0 0.49638694583963433 0.33333333333333337 []
 | 17.8965 24.4720 45.7064 0.5482686 O=C1CCc2cc(COC3OC(C(O)CO)C(O)=C3O)ccc2C1 1 C(O)(CO)C1C(O)=C(O)C([*])O1 c1cc2c(cc1CO*)CCC(=O)C2 O=C1CCc2cc(COC3C=CCO3)ccc2C1 0.5000000 0.5000 0.5035812 0.5036 0.3333333 0.3333 0.4964188 0.4964 1.0000000 336.3400 0.5418960 4.1762 1.0000000 1.0000 0.0 1.0 0.5 0.6666666666666667 []
 | 13.0977 21.3784 55.0766 0.5973044 O=C1NC(CC2OC(C(O)CO)C(OCc3ccccc3)=C2O)C(=O)C1c1ccccc1 1 C(c1ccccc1)OC1=C(O)C([*])OC1C(O)CO C1(=O)NC(C*)C(=O)C1c1ccccc1 O=C1NC(CC2C=C(OCc3ccccc3)CO2)C(=O)C1c1ccccc1 0.6000000 0.6000 0.6711560 0.6712 0.3333333 0.3333 0.3288440 0.3288 1.0000000 439.4640 0.5400200 4.2582 1.0000000 1.0000 0.0 1.0 0.4898979485566357 0.6666666666666667 []
 | 22.1664 32.3356 47.9258 0.6270421 CC1(C(=O)c2c(Cl)ncnc2C#N)OCC(C2OC(=O)C(O)=C2O)O1 1 C1OC([*])(C)OC1C1OC(=O)C(O)=C1O n1cnc(Cl)c(C(*)=O)c1C#N O=C1C=CC(C2COC(C(=O)c3cncnc3)O2)O1 0.4400000 0.4400 0.6520408 0.6520 0.6666667 0.6667 0.3479592 0.3480 1.0000000 367.7010 0.5313130 4.6383 1.0000000 1.0000 0.0 1.0 0.4963869458396343 0.33333333333333337 []
 | 26.4348 33.4280 21.7397 0.4309978 CN(C)CCC=CCCCC1CC(=O)C(C2=C(O)C(=O)OC2C2COC(C)(C)O2)C1=O 1 O=C1C(O)=C([*])C(C2OC(C)(C)OC2)O1 O=C1C(*)C(=O)CC1CCCC=CCCN(C)C O=C1C=C(C2C(=O)CCC2=O)C(C2COCO2)O1 0.1450000 0.1450 0.6287461 0.6287 0.3333333 0.3333 0.3712539 0.3713 1.0000000 435.5170 0.5322485 4.5975 1.0000000 1.0000 0.0 1.0 0.352100837829165 0.6666666666666667 []
 | 20.6907 34.8340 47.2427 0.6412238 O=C1OC(C(O)CO)C(O)=C1CC1COCC(C(=O)O)OC1=O 1 C(CO)(C1C(O)=C([*])C(=O)O1)O O1CC(C*)C(=O)OC(C(=O)O)C1 O=C1OCC=C1CC1COCCOC1=O 0.4950000 0.4950 0.6331738 0.6332 0.6666667 0.6667 0.3668262 0.3668 1.0000000 332.2610 0.5330800 4.5613 1.0000000 1.0000 0.0 1.0 0.4999749993749687 0.33333333333333337 []
21:37:55 <WARN> reinvent_plugins.normalizers.rdkit_smiles: c1c2n(C2C(O)C(O)C(CO)(*)CO2)ccc1 could not be converted
21:37:55 <WARN> reinvent_plugins.normalizers.rdkit_smiles: c12c(cccc1O)CCC(C#N*)=C2O could not be converted
21:37:55 <WARN> reinvent_plugins.normalizers.rdkit_smiles: C1C(C*)Cn2c(-c3ccccn3)c(CC)cc2O1=O could not be converted
21:37:55 <WARN> reinvent_plugins.normalizers.rdkit_smiles: c12cc(*)ccc1c1c(cnn2C)ccn1 could not be converted
21:37:55 <WARN> reinvent_plugins.normalizers.rdkit_smiles: C1C(O)C=OCCC1CN* could not be converted
21:37:55 <WARN> reinvent_plugins.normalizers.rdkit_smiles: C1(=O)NC2(CC1=O)CCC(N*)C=O could not be converted
21:37:55 <WARN> reinvent_plugins.normalizers.rdkit_smiles: C1(C(O)=O)CC=C(C(O)C*)=C1 could not be converted
21:38:10 <INFO> Score: 0.52 Agent NLL: 19.79 Valid:  98% Step: 74
 | Agent Prior Target Score SMILES SMILES_state Input_Scaffold R-groups Scaffold predicted_activity predicted_activity (raw) training_similarity training_similarity (raw) taf_consistency taf_consistency (raw) novelty novelty (raw) MW_window MW_window (raw) synthetic_feasibility synthetic_feasibility (raw) curated alerts filter curated alerts filter (raw) stereo_validity (predicted_activity) scaffold_novelty (predicted_activity) uncertainty (predicted_activity) taf_disrupted (predicted_activity) matchting_patterns (curated alerts filter)
 | 10.3917 16.2638 -16.2638 0.0000000 CC1(Cc2ccncn2)OCC(C2OC(=O)C(O)=C2O)O1 1 C1(C2C(O)=C(O)C(=O)O2)OC(C)([*])OC1 c1(C*)ncncc1 O=C1C=CC(C2COC(Cc3ccncn3)O2)O1 0.4700000 0.4700 0.6998965 0.6999 0.3333333 0.3333 0.3001035 0.3001 1.0000000 294.2630 0.5382205 4.3369 1.0000000 1.0000 0.0 1.0 0.49909918853871116 0.6666666666666667 []
 | 31.4886 53.9899 25.9631 0.6246331 CC1(C)OCC(C2OC(=O)C(O)=C2N2CCC3(C2)NC(=O)C2(C#N)CCC32)O1 1 C1(C2COC(C)(C)O2)C([*])=C(O)C(=O)O1 C1N(*)CCC12C1C(C(=O)N2)(C#N)CC1 O=C1C=C(N2CCC3(C2)NC(=O)C2CCC23)C(C2COCO2)O1 0.3250000 0.3250 0.6343350 0.6343 1.0000000 1.0000 0.3656650 0.3657 1.0000000 389.4080 0.5093164 5.5953 1.0000000 1.0000 0.0 1.0 0.4683748498798799 0.0 []
 | 21.8397 28.2480 58.0023 0.6738303 Nc1cccc(CNc2cc(C3=C(O)C(C(O)CO)OC3=O)nc(N)n2)n1 1 O1C(=O)C([*])=C(O)C1C(CO)O c1cc(N)nc(CNc2cc(*)nc(N)n2)c1 O=C1OCC=C1c1cc(NCc2ccccn2)ncn1 0.6550000 0.6550 0.5715476 0.5715 0.6666667 0.6667 0.4284524 0.4285 1.0000000 374.3570 0.5487220 3.8773 1.0000000 1.0000 0.0 1.0 0.4753682782853732 0.33333333333333337 []
 | 23.6276 35.5431 34.8229 0.5497345 O=C(Nc1ccccn1)c1cc(CNC2OC(C(O)CO)C(O)=C2O)[nH]n1 1 C(CO)(C1OC([*])C(O)=C1O)O c1(NC(c2cc(CN*)[nH]n2)=O)ccccn1 O=C(Nc1ccccn1)c1cc(CNC2C=CCO2)[nH]n1 0.5500000 0.5500 0.4543441 0.4543 0.3333333 0.3333 0.5456559 0.5457 1.0000000 377.3570 0.5426355 4.1439 1.0000000 1.0000 0.0 1.0 0.49749371855331 0.6666666666666667 []
 | 13.6010 23.0780 54.6655 0.6073717 N#CC1CC(=O)C(CC2OC(C(O)CBr)C(O)=C2O)C1 1 C1([*])C(O)=C(O)C(C(CBr)O)O1 C1(C*)CC(C#N)CC1=O O=C1CCCC1CC1C=CCO1 0.4350000 0.4350 0.5513075 0.5513 0.6666667 0.6667 0.4486925 0.4487 1.0000000 346.1770 0.5155739 5.3234 1.0000000 1.0000 0.0 1.0 0.4957569969249047 0.33333333333333337 []
 | 31.0327 40.2439 20.4893 0.4744781 OCC(O)C1OC(CC2Cn3ncc(CC4CCCCC4)c3N2)C(O)=C1O 1 [*]C1C(O)=C(O)C(C(CO)O)O1 C1C(C*)Nc2n1ncc2CC1CCCCC1 C1=CC(CC2Cn3ncc(CC4CCCCC4)c3N2)OC1 0.3150000 0.3150 0.4082483 0.4082 0.3333333 0.3333 0.5917517 0.5918 1.0000000 379.4570 0.5272466 4.8155 1.0000000 1.0000 0.0 1.0 0.46451587701606073 0.6666666666666667 []
 | 29.7522 44.2890 37.7362 0.6408223 COCCC1=C(C#N)CCC(CC2OC(C(O)CO)C(OCc3ccccc3)=C2O)=NC1=O 1 c1ccc(COC2=C(O)C([*])OC2C(CO)O)cc1 C1(C#N)=C(CCOC)C(=O)N=C(C*)CC1 O=C1C=CCCC(CC2C=C(OCc3ccccc3)CO2)=N1 0.5100000 0.5100 0.6025360 0.6025 0.6666667 0.6667 0.3974640 0.3975 1.0000000 456.4950 0.5340218 4.5202 1.0000000 1.0000 0.0 1.0 0.4998999899979995 0.33333333333333337 []
 | 26.3747 38.4467 30.9267 0.5419795 CC1(COC(=O)c2ccnc(N3CCOC(=O)C3)c2)OCC(C2OC(=O)C(O)=C2O)O1 1 C1(C2C(O)=C(O)C(=O)O2)OC(C)([*])OC1 C1C(=O)OCCN1c1nccc(C(=O)OC*)c1 O=C1C=CC(C2COC(COC(=O)c3ccnc(N4CCOC(=O)C4)c3)O2)O1 0.4250000 0.4250 0.5843065 0.5843 0.3333333 0.3333 0.4156935 0.4157 1.0000000 436.3730 0.5391018 4.2984 1.0000000 1.0000 0.0 1.0 0.49434299833212975 0.6666666666666667 []
 | 24.7850 41.6178 28.4069 0.5470683 CC1(C)OCC(C2OC(=O)C(O)=C2C2C=C(C(=O)O)COC(CC#N)C2)O1 1 C1(C2COC(C)(C)O2)C([*])=C(O)C(=O)O1 C1(CC#N)OCC(C(O)=O)=CC(*)C1 O=C1C=C(C2C=CCOCC2)C(C2COCO2)O1 0.2450000 0.2450 0.6287461 0.6287 0.6666667 0.6667 0.3712539 0.3713 1.0000000 379.3650 0.5259798 4.8707 1.0000000 1.0000 0.0 1.0 0.43008720046055776 0.33333333333333337 []
 | 20.4622 28.1964 55.8727 0.6567899 CC1=CC2(C(=O)N1)C(=O)OC(C1=C(O)C(C(O)CO)OC1=O)C2=O 1 O1C(=O)C([*])=C(O)C1C(CO)O O=C1C(*)OC(=O)C12C(=O)NC(C)=C2 O=C1OCC=C1C1OC(=O)C2(C=CNC2=O)C1=O 0.5700000 0.5700 0.6192562 0.6193 0.6666667 0.6667 0.3807438 0.3807 1.0000000 339.2560 0.5138549 5.3981 1.0000000 1.0000 0.0 1.0 0.4950757517794625 0.33333333333333337 []
21:38:11 <WARN> reinvent_plugins.normalizers.rdkit_smiles: c1sc(CN*)nnc1=O could not be converted
21:38:11 <WARN> reinvent_plugins.normalizers.rdkit_smiles: n1(C*)ncc(C)c(=O)c1 could not be converted
21:38:11 <WARN> reinvent_plugins.normalizers.rdkit_smiles: O1C(C#C*)=C(O)CC1=C(C#N)C#=CCC could not be converted
21:38:11 <WARN> reinvent_plugins.normalizers.rdkit_smiles: c12ccccc1ccc(C1=CCC(=O)C1*)C2 could not be converted
21:38:11 <WARN> reinvent_plugins.normalizers.rdkit_smiles: C1N(c2ccnc(*)cc2)CCC(=O)N1 could not be converted
21:38:11 <WARN> reinvent_plugins.normalizers.rdkit_smiles: *C1CN(c2nccc(C)c2C#O)C1 could not be converted
21:38:11 <WARN> reinvent_plugins.normalizers.rdkit_smiles: [nH]1cncc1C1C(=ONC*)C1 could not be converted
21:38:11 <WARN> reinvent_plugins.normalizers.rdkit_smiles: n1c(N*)ccc(C#O)c1 could not be converted
21:38:11 <WARN> reinvent_plugins.normalizers.rdkit_smiles: C1(C#N)CC(C*)C1C=C(C)C#O could not be converted
21:38:26 <INFO> Score: 0.54 Agent NLL: 20.30 Valid:  98% Step: 75
 | Agent Prior Target Score SMILES SMILES_state Input_Scaffold R-groups Scaffold predicted_activity predicted_activity (raw) training_similarity training_similarity (raw) taf_consistency taf_consistency (raw) novelty novelty (raw) MW_window MW_window (raw) synthetic_feasibility synthetic_feasibility (raw) curated alerts filter curated alerts filter (raw) stereo_validity (predicted_activity) scaffold_novelty (predicted_activity) uncertainty (predicted_activity) taf_disrupted (predicted_activity) matchting_patterns (curated alerts filter)
 | 10.9639 20.7790 61.2575 0.6409098 Cc1cnc(CNC2(C)OCC(C3OC(=O)C(O)=C3O)O2)cn1 1 OC1=C(O)C(=O)OC1C1OC([*])(C)OC1 n1c(CN*)cnc(C)c1 O=C1C=CC(C2COC(NCc3cnccn3)O2)O1 0.4700000 0.4700 0.6851601 0.6852 0.6666667 0.6667 0.3148399 0.3148 1.0000000 323.3050 0.5344445 4.5017 1.0000000 1.0000 0.0 1.0 0.49909918853871116 0.33333333333333337 []
 | 42.0154 61.7261 14.6516 0.5967009 CC1(C)OCC(C2OC(=O)C(O)=C2Cc2c(F)cncc2C2NC(=O)C(C#N)N2C(=O)C2CC2)O1 1 C1([*])=C(O)C(=O)OC1C1COC(C)(C)O1 C(=O)(C1CC1)N1C(C#N)C(=O)NC1c1c(C*)c(F)cnc1 O=C1CN(C(=O)C2CC2)C(c2cnccc2CC2=CC(=O)OC2C2COCO2)N1 0.2800000 0.2800 0.5698879 0.5699 1.0000000 1.0000 0.4366432 0.4366 1.0000000 486.4560 0.5246441 4.9289 1.0000000 1.0000 0.0 1.0 0.44899888641287294 0.0 []
 | 27.0782 38.9469 42.2915 0.6346754 CC1ONC(=O)C1C(=O)N1CC(CCC2=C(O)C(C(O)CO)OC2=O)OC1=O 1 C(O)(CO)C1OC(=O)C([*])=C1O O=C(N1CC(CC*)OC1=O)C1C(=O)NOC1C O=C1OCC=C1CCC1CN(C(=O)C2CONC2=O)C(=O)O1 0.5200000 0.5200 0.5612485 0.5612 0.6666667 0.6667 0.4387515 0.4388 1.0000000 400.3400 0.5218029 5.0525 1.0000000 1.0000 0.0 1.0 0.4995998398718719 0.33333333333333337 []
 | 17.1681 21.6846 47.1700 0.5379268 COCCc1ccc(CC2OC(C(O)CO)C(O)=C2O)nc1 1 C(O)C(O)C1C(O)=C(O)C([*])O1 c1nc(C*)ccc1CCOC C1=CC(Cc2ccccn2)OC1 0.4600000 0.4600 0.5006940 0.5007 0.3333333 0.3333 0.4993060 0.4993 1.0000000 311.3340 0.5443721 4.0679 1.0000000 1.0000 0.0 1.0 0.49839743177508444 0.6666666666666667 []
 | 12.1989 20.9251 68.4378 0.6981479 O=C1OC(Cc2ccccc2)C(=O)C1C1OC(C(O)CBr)C(O)=C1O 1 C1(O)=C(O)C([*])OC1C(CBr)O C1(=O)C(*)C(=O)OC1Cc1ccccc1 O=C1OC(Cc2ccccc2)C(=O)C1C1C=CCO1 0.5500000 0.5500 0.5913123 0.5913 1.0000000 1.0000 0.4086877 0.4087 1.0000000 413.2200 0.5328572 4.5710 1.0000000 1.0000 0.0 1.0 0.49749371855331004 0.0 []
 | 13.8634 32.7145 46.0534 0.6153743 N#CC1=C(C2OC(C(O)CO)C(O)=C2O)C(=O)C(=O)C1 1 O1C(C(O)CO)C(O)=C(O)C1[*] C1(C#N)=C(*)C(=O)C(=O)C1 O=C1CC=C(C2C=CCO2)C1=O 0.4650000 0.4650 0.5375872 0.5376 0.6666667 0.6667 0.4624128 0.4624 1.0000000 281.2200 0.5274538 4.8065 1.0000000 1.0000 0.0 1.0 0.49877349568717055 0.33333333333333337 []
 | 13.9387 19.0271 55.6770 0.5836253 CCc1nc(C2OC(C(O)CO)C(OCc3ccccc3)=C2O)n[nH]1 1 c1cccc(COC2=C(O)C([*])OC2C(O)CO)c1 n1c(*)nc(CC)[nH]1 C1=C(OCc2ccccc2)COC1c1nc[nH]n1 0.5550000 0.5550 0.6383450 0.6383 0.3333333 0.3333 0.3616550 0.3617 1.0000000 347.3710 0.5452380 4.0300 1.0000000 1.0000 0.0 1.0 0.4969657935914704 0.6666666666666667 []
 | 18.4939 36.2884 35.2529 0.5589162 CC1(N2CCN(C(=O)C3COCCO3)CC2)OCC(C2OC(=O)C(O)=C2O)O1 1 OC1=C(O)C(=O)OC1C1OC([*])(C)OC1 C1N(*)CCN(C(=O)C2COCCO2)C1 O=C1C=CC(C2COC(N3CCN(C(=O)C4COCCO4)CC3)O2)O1 0.4500000 0.4500 0.6647030 0.6647 0.3333333 0.3333 0.3352970 0.3353 1.0000000 400.3840 0.5341485 4.5146 1.0000000 1.0000 0.0 1.0 0.49749371855331004 0.6666666666666667 []
 | 32.5096 41.5678 28.9648 0.5510360 CC1(C)OCC(C2OC(=O)C(O)=C2C2C3CCC(=O)N3CCN2C(=O)c2scnc2N)O1 1 C1([*])=C(O)C(=O)OC1C1COC(C)(C)O1 n1c(N)c(C(N2CCN3C(=O)CCC3C2*)=O)sc1 O=C1C=C(C2C3CCC(=O)N3CCN2C(=O)c2cncs2)C(C2COCO2)O1 0.2650000 0.2650 0.5843065 0.5843 0.6666667 0.6667 0.4156935 0.4157 1.0000000 464.5000 0.5309858 4.6526 1.0000000 1.0000 0.0 1.0 0.4413332074521472 0.33333333333333337 []
 | 38.4703 51.9253 27.3785 0.6195607 Cc1nc(-c2ccccc2)ccc1C1(O)CC2C=C1CC(CNC1=C(O)C(C(O)CO)OC1=O)C2 1 C(O)(CO)C1OC(=O)C([*])=C1O C1C(CN*)CC2C=C1C(O)(c1ccc(-c3ccccc3)nc1C)C2 O=C1OCC=C1NCC1CC2=CC(C1)CC2c1ccc(-c2ccccc2)nc1 0.5100000 0.5100 0.5056206 0.5056 0.6666667 0.6667 0.4943794 0.4944 1.0000000 478.5450 0.5129638 5.4369 1.0000000 1.0000 0.0 1.0 0.4998999899979995 0.33333333333333337 []
21:38:27 <WARN> reinvent_plugins.normalizers.rdkit_smiles: O1CC(=C(CO*)C#N)C12CNCC1C2 could not be converted
21:38:27 <WARN> reinvent_plugins.normalizers.rdkit_smiles: c1nnc(C#C*)ccc1 could not be converted
21:38:27 <WARN> reinvent_plugins.normalizers.rdkit_smiles: N1CC(C#C*)=OC1 could not be converted
21:38:27 <WARN> reinvent_plugins.normalizers.rdkit_smiles: n1cc(OC2CN3C4C(C*)CCC(C3)C3C2)ccc1 could not be converted
21:38:27 <WARN> reinvent_plugins.normalizers.rdkit_smiles: O1COc2ccc(C*)nc21CC could not be converted
21:38:27 <WARN> reinvent_plugins.normalizers.rdkit_smiles: c1cc([N+]([O-])=O)ccn1CC(O)(*)C could not be converted
21:38:27 <WARN> reinvent_plugins.normalizers.rdkit_smiles: C1(C)(C*)CCCC=C1=O could not be converted
21:38:27 <WARN> reinvent_plugins.normalizers.rdkit_smiles: C1(Cc2ccncc2)OC(=O)NC1=OC* could not be converted
21:38:27 <WARN> reinvent_plugins.normalizers.rdkit_smiles: C1(C#N)C12CC(=O)N(C*)C2=O could not be converted
21:38:27 <WARN> reinvent_plugins.normalizers.rdkit_smiles: OC1(C#O)C(C#N)(O)CC1* could not be converted
21:38:42 <INFO> Score: 0.54 Agent NLL: 20.37 Valid:  97% Step: 76
 | Agent Prior Target Score SMILES SMILES_state Input_Scaffold R-groups Scaffold predicted_activity predicted_activity (raw) training_similarity training_similarity (raw) taf_consistency taf_consistency (raw) novelty novelty (raw) MW_window MW_window (raw) synthetic_feasibility synthetic_feasibility (raw) curated alerts filter curated alerts filter (raw) stereo_validity (predicted_activity) scaffold_novelty (predicted_activity) uncertainty (predicted_activity) taf_disrupted (predicted_activity) matchting_patterns (curated alerts filter)
 | 40.9972 46.1887 30.2762 0.5973817 CC1(C2(O)NC(CCCCCCNC(=O)C=O)OC2=O)OCC(C2OC(=O)C(O)=C2O)O1 1 O=C1OC(C2OC([*])(C)OC2)C(O)=C1O O1C(=O)C(O)(*)NC1CCCCCCNC(=O)C=O O=C1C=CC(C2COC(C3NCOC3=O)O2)O1 0.3700000 0.3700 0.6179975 0.6180 0.6666667 0.6667 0.3820025 0.3820 1.0000000 458.4200 0.5209669 5.0889 1.0000000 1.0000 0.0 1.0 0.4828043081829324 0.33333333333333337 []
 | 14.5757 32.5565 38.5558 0.5555652 CC1(C)OCC(C2OC(=O)C(O)=C2CC2OC(C#N)C=C2C#N)O1 1 O1C(C2OC(=O)C(O)=C2[*])COC1(C)C C1(C#N)=CC(C#N)OC1C* O=C1C=C(CC2C=CCO2)C(C2COCO2)O1 0.2550000 0.2550 0.6647030 0.6647 0.6666667 0.6667 0.3352970 0.3353 1.0000000 332.3120 0.5198213 5.1387 1.0000000 1.0000 0.0 1.0 0.43586121644395015 0.33333333333333337 []
 | 15.7589 26.5041 65.3565 0.7176609 N#CC(C1=C(O)C(C(O)CO)OC1=O)c1ccc2c(c1)CNC2=O 1 OCC(O)C1OC(=O)C([*])=C1O c12cc(C(C#N)*)ccc1C(=O)NC2 O=C1OCC=C1Cc1ccc2c(c1)CNC2=O 0.6250000 0.6250 0.5824353 0.5824 1.0000000 1.0000 0.4175647 0.4176 1.0000000 330.2960 0.5404164 4.2409 1.0000000 1.0000 0.0 1.0 0.4841229182759271 0.0 []
 | 23.0104 33.9567 35.9256 0.5459554 CC(Nc1ncnc2ccc(-c3ccccc3)cc12)C1OC(C(O)CO)C(O)=C1O 1 C(C1OC([*])C(O)=C1O)(O)CO n1cnc(NC(C)*)c2cc(-c3ccccc3)ccc12 C1=CC(CNc2ncnc3ccc(-c4ccccc4)cc23)OC1 0.5300000 0.5300 0.4559607 0.4560 0.3333333 0.3333 0.5440393 0.5440 1.0000000 409.4420 0.5459462 3.9989 1.0000000 1.0000 0.0 1.0 0.49909918853871116 0.6666666666666667 []
 | 27.5983 41.6509 42.4660 0.6571637 O=C1OCN(CC(O)c2cnn(CC3OC(C(O)CBr)C(O)=C3O)c2)C1=O 1 O1C(C(CBr)O)C(O)=C(O)C1[*] c1nn(C*)cc1C(CN1C(=O)C(=O)OC1)O O=C1OCN(CCc2cnn(CC3C=CCO3)c2)C1=O 0.4750000 0.4750 0.5070724 0.5071 1.0000000 1.0000 0.4929276 0.4929 1.0000000 448.2260 0.5229034 5.0046 1.0000000 1.0000 0.0 1.0 0.4993746088859544 0.0 []
 | 25.6643 29.0619 52.7714 0.6393225 CC(=O)C1=C(C(C)C2OC(C(O)CO)C(O)=C2O)OC1=O 1 OC(C1C(O)=C(O)C([*])O1)CO C1(C(*)C)=C(C(C)=O)C(=O)O1 O=C1C=C(CC2C=CCO2)O1 0.5200000 0.5200 0.5839971 0.5840 0.6666667 0.6667 0.4160029 0.4160 1.0000000 300.2630 0.5257260 4.8817 1.0000000 1.0000 0.0 1.0 0.49959983987187184 0.33333333333333337 []
 | 18.3546 21.1948 52.7362 0.5775858 O=C1CCC(c2ccc(OC3OC(C(O)CO)C(OCc4ccccc4)=C3O)cc2)N1 1 C1(O)=C(OCc2ccccc2)C(C(CO)O)OC1[*] C1C(c2ccc(O*)cc2)NC(=O)C1 O=C1CCC(c2ccc(OC3C=C(OCc4ccccc4)CO3)cc2)N1 0.5250000 0.5250 0.6475993 0.6476 0.3333333 0.3333 0.3524007 0.3524 1.0000000 427.4530 0.5447490 4.0514 1.0000000 1.0000 0.0 1.0 0.4993746088859545 0.6666666666666667 []
 | 15.9591 24.0014 58.4546 0.6441874 COC(=O)C1NC(=O)C(C2(C)OCC(C3OC(=O)C(O)=C3O)O2)C1=O 1 O=C1OC(C2OC([*])(C)OC2)C(O)=C1O C1(=O)C(C(OC)=O)NC(=O)C1* O=C1C=CC(C2COC(C3C(=O)CNC3=O)O2)O1 0.4850000 0.4850 0.6851601 0.6852 0.6666667 0.6667 0.3148399 0.3148 1.0000000 357.2710 0.5254756 4.8926 1.0000000 1.0000 0.0 1.0 0.4997749493522059 0.33333333333333337 []
 | 17.2391 15.8677 -15.8677 0.0000000 CC1(C)OCC(C2OC(=O)C(O)=C2CC=CS(N)(=O)=O)O1 1 O1C(C2OC(=O)C(O)=C2[*])COC1(C)C O=S(=O)(C=CC*)N O=C1C=CC(C2COCO2)O1 0.3100000 0.3100 0.7156264 0.7156 0.6666667 0.6667 0.2843736 0.2844 1.0000000 319.3350 0.5381591 4.3395 1.0000000 1.0000 0.0 1.0 0.462493243193887 0.33333333333333337 []
 | 29.1362 31.0459 55.4425 0.6756908 O=C1OC(C(O)CO)C(O)=C1C(=O)c1[nH]c2ccccc2c1Cn1cncn1 1 OCC(O)C1OC(=O)C([*])=C1O O=C(c1[nH]c2ccccc2c1Cn1ncnc1)* O=C1OCC=C1C(=O)c1[nH]c2ccccc2c1Cn1cncn1 0.6800000 0.6800 0.5514870 0.5515 0.6666667 0.6667 0.4485130 0.4485 1.0000000 384.3480 0.5504013 3.8036 1.0000000 1.0000 0.0 1.0 0.46647615158762407 0.33333333333333337 []
21:38:43 <WARN> reinvent_plugins.normalizers.rdkit_smiles: N1(*)CC(CNC(C#C2C(=O)NC(=C)CC2)=O)C1 could not be converted
21:38:43 <WARN> reinvent_plugins.normalizers.rdkit_smiles: c12c(ccc3c(O)cccc3*)ccc1ccc2 could not be converted
21:38:43 <WARN> reinvent_plugins.normalizers.rdkit_smiles: O=C1C(C#N)=C(NCC*)C(=O)C(CC#N)C1=CCC1=O could not be converted
21:38:43 <WARN> reinvent_plugins.normalizers.rdkit_smiles: C1(C#=C*)OCOC1=O could not be converted
21:38:43 <WARN> reinvent_plugins.normalizers.rdkit_smiles: O=C1c2c(ccc(O)c2)C(=O)O1C(=O)C* could not be converted
21:38:43 <WARN> reinvent_plugins.normalizers.rdkit_smiles: O1C(=O)C(C#N)(*)C1=OO could not be converted
21:38:43 <WARN> reinvent_plugins.normalizers.rdkit_smiles: c1(C#N)c(=O)c2c(cccc2)c(*)[nH]1 could not be converted
21:38:43 <WARN> reinvent_plugins.normalizers.rdkit_smiles: N1C(=O)COC(=C(C(Nc2cccc(CC)c2)*)=O)C1 could not be converted
21:38:43 <WARN> reinvent_plugins.normalizers.rdkit_smiles: S(=C1(C)CC1)(=O)(=O)N* could not be converted
21:38:43 <WARN> reinvent_plugins.normalizers.rdkit_smiles: O1COnc2c1cc(C#CCO)nc2* could not be converted
21:38:43 <WARN> reinvent_plugins.normalizers.rdkit_smiles: c12c(n[nH]c(*)c1=O)COc1cccc(-c3ccccc3)c12 could not be converted
21:38:43 <WARN> reinvent_plugins.normalizers.rdkit_smiles: O1C(C(=O)NC*)(O)C(=O)C1C#NC=CNC(N1C(C)(C)C(=O)NC1)=O could not be converted
21:38:58 <INFO> Score: 0.52 Agent NLL: 21.09 Valid:  97% Step: 77
 | Agent Prior Target Score SMILES SMILES_state Input_Scaffold R-groups Scaffold predicted_activity predicted_activity (raw) training_similarity training_similarity (raw) taf_consistency taf_consistency (raw) novelty novelty (raw) MW_window MW_window (raw) synthetic_feasibility synthetic_feasibility (raw) curated alerts filter curated alerts filter (raw) stereo_validity (predicted_activity) scaffold_novelty (predicted_activity) uncertainty (predicted_activity) taf_disrupted (predicted_activity) matchting_patterns (curated alerts filter)
 | 20.7546 36.8160 45.0198 0.6393425 CC1(NC(=O)c2cccc3cc(O)cnc23)OCC(C2OC(=O)C(O)=C2O)O1 1 O1C(C2OC(=O)C(O)=C2O)COC1(C)[*] c1(C(N*)=O)c2ncc(O)cc2ccc1 O=C1C=CC(C2COC(NC(=O)c3cccc4cccnc34)O2)O1 0.4850000 0.4850 0.6343350 0.6343 0.6666667 0.6667 0.3656650 0.3657 1.0000000 388.3320 0.5395031 4.2808 1.0000000 1.0000 0.0 1.0 0.4997749493522059 0.33333333333333337 []
 | 26.8707 39.8243 19.7322 0.4652856 C=S(CC1CCC=NC1=O)C1=C(O)C(=O)OC1C1COC(C)(C)O1 1 CC1(C)OCC(C2C([*])=C(O)C(=O)O2)O1 O=C1C(CS(*)=C)CCC=N1 C=S(CC1CCC=NC1=O)C1=CC(=O)OC1C1COCO1 0.2000000 0.2000 0.6647030 0.6647 0.3333333 0.3333 0.3352970 0.3353 1.0000000 355.4120 0.5192587 5.1632 1.0000000 1.0000 0.0 1.0 0.4000000000000001 0.6666666666666667 []
 | 20.4956 29.7369 55.2769 0.6641699 O=C1NC(c2cccnc2)C(CC2=C(O)C(C(O)CO)OC2=O)S1 1 O=C1C([*])=C(O)C(C(O)CO)O1 S1C(C*)C(c2cccnc2)NC1=O O=C1NC(c2cccnc2)C(CC2=CCOC2=O)S1 0.6100000 0.6100 0.5881177 0.5881 0.6666667 0.6667 0.4118823 0.4119 1.0000000 352.3680 0.5330421 4.5629 1.0000000 1.0000 0.0 1.0 0.4877499359302879 0.33333333333333337 []
 | 23.8434 28.7783 41.4542 0.5486914 CC1N=C(C2OC(C(O)CO)C(O)=C2O)c2ccc(O)cc2O1 1 OC(C1C(O)=C(O)C([*])O1)CO c12c(ccc(O)c1)C(*)=NC(C)O2 C1=CC(C2=NCOc3ccccc32)OC1 0.5050000 0.5050 0.5068421 0.5068 0.3333333 0.3333 0.4931579 0.4932 1.0000000 323.3010 0.5294496 4.7195 1.0000000 1.0000 0.0 1.0 0.49997499937496875 0.6666666666666667 []
 | 14.9139 32.5755 45.7710 0.6120824 Cc1nn(CC2OC(C(O)CBr)C(O)=C2O)nc1C#N 1 C1(O)=C(O)C([*])OC1C(O)CBr c1(C#N)c(C)nn(C*)n1 C1=CC(Cn2nccn2)OC1 0.4950000 0.4950 0.4841821 0.4842 0.6666667 0.6667 0.5158179 0.5158 1.0000000 345.1530 0.5233698 4.9843 1.0000000 1.0000 0.0 1.0 0.4999749993749687 0.33333333333333337 []
 | 24.8417 30.9492 37.4931 0.5347049 O=C1CC(c2cc([N+](=O)[O-])ccn2)C(=O)N1C1OC(C(O)CO)C(O)=C1O 1 O1C([*])C(O)=C(O)C1C(O)CO n1ccc([N+]([O-])=O)cc1C1CC(=O)N(*)C1=O O=C1CC(c2ccccn2)C(=O)N1C1C=CCO1 0.4900000 0.4900 0.4543441 0.4543 0.3333333 0.3333 0.5456559 0.5457 1.0000000 381.2970 0.5327116 4.5773 1.0000000 1.0000 0.0 1.0 0.4998999899979995 0.6666666666666667 []
 | 17.8451 29.4648 52.1236 0.6374094 N#Cc1ccc2c(n1)CN(CC1OC(C(O)CO)C(OCc3ccccc3)=C1O)CC2 1 C(C(O)C1C(OCc2ccccc2)=C(O)C([*])O1)O N1(C*)CCc2c(nc(C#N)cc2)C1 C1=C(OCc2ccccc2)COC1CN1CCc2cccnc2C1 0.5100000 0.5100 0.5753964 0.5754 0.6666667 0.6667 0.4246036 0.4246 1.0000000 423.4690 0.5435555 4.1036 1.0000000 1.0000 0.0 1.0 0.4998999899979995 0.33333333333333337 []
 | 25.8618 39.1102 42.1336 0.6347171 CC1(NC2=C(O)c3ccccc3C2C(=O)O)OCC(C2OC(=O)C(O)=C2O)O1 1 O1C(C2OC(=O)C(O)=C2O)COC1(C)[*] C1(C(=O)O)C(N*)=C(O)c2ccccc21 O=C1C=CC(C2COC(NC3=Cc4ccccc4C3)O2)O1 0.4600000 0.4600 0.6647030 0.6647 0.6666667 0.6667 0.3352970 0.3353 1.0000000 391.3320 0.5296940 4.7089 1.0000000 1.0000 0.0 1.0 0.49839743177508444 0.33333333333333337 []
 | 10.8139 18.0060 53.3875 0.5577619 CC1(C)OCC(C2OC(=O)C(O)=C2NCc2cnccn2)O1 1 CC1(C)OCC(C2C([*])=C(O)C(=O)O2)O1 n1ccnc(CN*)c1 O=C1C=C(NCc2cnccn2)C(C2COCO2)O1 0.2500000 0.2500 0.6781327 0.6781 0.6666667 0.6667 0.3218673 0.3219 1.0000000 307.3060 0.5472751 3.9407 1.0000000 1.0000 0.0 1.0 0.4330127018922193 0.33333333333333337 []
 | 19.4293 27.0913 55.4495 0.6448503 COc1cc(CNCCC2=C(O)C(C(O)CO)OC2=O)c(CO)cc1O 1 O=C1C([*])=C(O)C(C(O)CO)O1 c1(CNCC*)cc(OC)c(O)cc1CO O=C1OCC=C1CCNCc1ccccc1 0.5200000 0.5200 0.5922801 0.5923 0.6666667 0.6667 0.4175647 0.4176 1.0000000 369.3700 0.5514748 3.7565 1.0000000 1.0000 0.0 1.0 0.49959983987187184 0.33333333333333337 []
21:39:00 <WARN> reinvent_plugins.normalizers.rdkit_smiles: c1cc(C(N)=N)cnn1C* could not be converted
21:39:00 <WARN> reinvent_plugins.normalizers.rdkit_smiles: n1ccc(NCC*)cnc1N1CCCC1 could not be converted
21:39:00 <WARN> reinvent_plugins.normalizers.rdkit_smiles: c1(*)nc(C)n2c(cccc2)c1=O could not be converted
21:39:00 <WARN> reinvent_plugins.normalizers.rdkit_smiles: n1(CC2CNCCC2)nc2c(c(*)n1)CCCN2 could not be converted
21:39:00 <WARN> reinvent_plugins.normalizers.rdkit_smiles: c1c2c(c(*)nn2CC=CCCC#N)ccnc1 could not be converted
21:39:00 <WARN> reinvent_plugins.normalizers.rdkit_smiles: C1(C#=C*)Cc2nc(C)cn2CC(=O)NC1 could not be converted
21:39:00 <WARN> reinvent_plugins.normalizers.rdkit_smiles: O(*)C1C(C)=C(C#N)=C1C#N could not be converted
21:39:14 <INFO> Score: 0.55 Agent NLL: 20.28 Valid:  98% Step: 78
 | Agent Prior Target Score SMILES SMILES_state Input_Scaffold R-groups Scaffold predicted_activity predicted_activity (raw) training_similarity training_similarity (raw) taf_consistency taf_consistency (raw) novelty novelty (raw) MW_window MW_window (raw) synthetic_feasibility synthetic_feasibility (raw) curated alerts filter curated alerts filter (raw) stereo_validity (predicted_activity) scaffold_novelty (predicted_activity) uncertainty (predicted_activity) taf_disrupted (predicted_activity) matchting_patterns (curated alerts filter)
 | 23.1698 41.0265 47.7860 0.6938475 CC1(Nc2ccc(N3C(=O)C(C#N)C3=O)cc2)OCC(C2OC(=O)C(O)=C2O)O1 1 C1(O)=C(O)C(C2OC([*])(C)OC2)OC1=O C1(=O)C(C#N)C(=O)N1c1ccc(N*)cc1 O=C1C=CC(C2COC(Nc3ccc(N4C(=O)CC4=O)cc3)O2)O1 0.5000000 0.5000 0.6520408 0.6520 1.0000000 1.0000 0.3479592 0.3480 1.0000000 401.3310 0.5349033 4.4817 1.0000000 1.0000 0.0 1.0 0.5 0.0 []
 | 16.2288 26.8443 34.0050 0.4753855 CC1C(=O)CCOC1CC1=C(O)C(=O)OC1C1COC(C)(C)O1 1 C1(C2C([*])=C(O)C(=O)O2)COC(C)(C)O1 C1(C)C(C*)OCCC1=O O=C1CCOC(CC2=CC(=O)OC2C2COCO2)C1 0.2100000 0.2100 0.7076303 0.7076 0.3333333 0.3333 0.2923697 0.2924 1.0000000 326.3450 0.5325779 4.5832 1.0000000 1.0000 0.0 1.0 0.4073082370883261 0.6666666666666667 []
 | 18.3899 26.0104 58.3969 0.6594319 CC1(CO)CC(=O)N(CCC2=C(O)C(C(O)CO)OC2=O)C1=O 1 OCC(C1C(O)=C([*])C(=O)O1)O O=C1CC(C)(CO)C(=O)N1CC* O=C1OCC=C1CCN1C(=O)CCC1=O 0.5500000 0.5500 0.6487446 0.6487 0.6666667 0.6667 0.3512554 0.3513 1.0000000 329.3050 0.5384604 4.3264 1.0000000 1.0000 0.0 1.0 0.49749371855331 0.33333333333333337 []
 | 27.7848 35.0232 30.9017 0.5150375 CN1CCNn2c(nc3nc(C4OC(C(O)CO)C(O)=C4O)ccc32)C1 1 OC1=C(O)C(C(O)CO)OC1[*] n1c(*)ccc2n3c(nc12)CN(C)CCN3 C1=CC(c2ccc3c(n2)nc2n3NCCNC2)OC1 0.4600000 0.4600 0.4045199 0.4045 0.3333333 0.3333 0.5954801 0.5955 1.0000000 363.3740 0.5255346 4.8901 1.0000000 1.0000 0.0 1.0 0.49839743177508444 0.6666666666666667 []
 | 28.5664 43.8991 34.5577 0.6129436 CCCN1CCN(C(COCc2ccccc2)CC2OC(C(O)CBr)C(O)=C2O)CC1=O 1 C1(C(O)CBr)OC([*])C(O)=C1O C1N(C(COCc2ccccc2)C*)CCN(CCC)C1=O O=C1CN(C(COCc2ccccc2)CC2C=CCO2)CCN1 0.4950000 0.4950 0.4802099 0.4802 0.6666667 0.6667 0.5197901 0.5198 1.0000000 513.4290 0.5371890 4.3819 1.0000000 1.0000 0.0 1.0 0.49997499937496875 0.33333333333333337 []
 | 16.5641 17.5686 50.7504 0.5337427 CN1CCCC(C2OC(C(O)CO)C(O)=C2O)C1=O 1 C1(O)=C(O)C([*])OC1C(O)CO N1(C)CCCC(*)C1=O O=C1NCCCC1C1C=CCO1 0.4050000 0.4050 0.5692100 0.5692 0.3333333 0.3333 0.4307900 0.4308 1.0000000 273.2850 0.5373039 4.3769 1.0000000 1.0000 0.0 1.0 0.4908920451586072 0.6666666666666667 []
 | 15.2604 17.1899 56.3358 0.5744198 OCC(O)C1OC(C2CN3CCC2CC3)C(O)=C1OCc1ccccc1 1 OC(C1OC([*])C(O)=C1OCc1ccccc1)CO N12CC(*)C(CC1)CC2 C1=C(OCc2ccccc2)COC1C1CN2CCC1CC2 0.5150000 0.5150 0.6575959 0.6576 0.3333333 0.3333 0.3424041 0.3424 1.0000000 361.4380 0.5285796 4.7574 1.0000000 1.0000 0.0 1.0 0.4997749493522059 0.6666666666666667 []
 | 13.5227 24.9272 57.1378 0.6411324 CC1(N2CCC(O)(c3ccccc3)CC2)OCC(C2OC(=O)C(O)=C2O)O1 1 C1(O)=C(O)C(C2OC([*])(C)OC2)OC1=O C1(O)(c2ccccc2)CCN(*)CC1 O=C1C=CC(C2COC(N3CCC(c4ccccc4)CC3)O2)O1 0.4650000 0.4650 0.6924107 0.6924 0.6666667 0.6667 0.3075893 0.3076 1.0000000 377.3930 0.5413196 4.2014 1.0000000 1.0000 0.0 1.0 0.49877349568717055 0.33333333333333337 []
 | 22.7259 35.8409 34.6762 0.5509153 CC1(C)OCC(C2OC(=O)C(O)=C2CCNCC2CCOC(C(=O)O)O2)O1 1 C1(C2C([*])=C(O)C(=O)O2)COC(C)(C)O1 C1(CNCC*)OC(C(=O)O)OCC1 O=C1C=C(CCNCC2CCOCO2)C(C2COCO2)O1 0.2500000 0.2500 0.6343350 0.6343 0.6666667 0.6667 0.3656650 0.3657 1.0000000 387.3850 0.5318124 4.6165 1.0000000 1.0000 0.0 1.0 0.4330127018922193 0.33333333333333337 []
 | 25.8793 42.7501 47.7166 0.7067708 Cc1n[nH]c2c1CCCCC2=C(O)C#CC1=C(O)C(C(O)CO)OC1=O 1 OCC(C1C(O)=C([*])C(=O)O1)O c12c(C)n[nH]c1C(=C(C#C*)O)CCCC2 O=C1OCC=C1C#CC=C1CCCCc2cn[nH]c21 0.6000000 0.6000 0.5663279 0.5663 1.0000000 1.0000 0.4336721 0.4337 1.0000000 360.3660 0.5323584 4.5927 1.0000000 1.0000 0.0 1.0 0.4898979485566356 0.0 []
21:39:16 <WARN> reinvent_plugins.normalizers.rdkit_smiles: C1(C#N)CC(NCC=C#C*)C1 could not be converted
21:39:16 <WARN> reinvent_plugins.normalizers.rdkit_smiles: C1(CNcc2cc(C#C*)ccn2)OC(=O)CC1 could not be converted
21:39:16 <WARN> reinvent_plugins.normalizers.rdkit_smiles: C1(CCC(C#CCC)C1C*)C(O)C=C(O)C1 could not be converted
21:39:16 <WARN> reinvent_plugins.normalizers.rdkit_smiles: c1(CN1CCC(C*)CC1)C(CC=C)OC could not be converted
21:39:16 <WARN> reinvent_plugins.normalizers.rdkit_smiles: c1(=O)n(C)c(=O)c(*)c(=O)n1CCc1nc(-c2ccccc2)ccc1 could not be converted
21:39:16 <WARN> reinvent_plugins.normalizers.rdkit_smiles: FC1(CC*)CCCCC=N1CC(=O)C1C(C#N)C(=O)NCC1 could not be converted
21:39:16 <WARN> reinvent_plugins.normalizers.rdkit_smiles: c1(CCc2ccc(CC#CC(=O)O)cc2)c(=O)c2ccccc2n1CC* could not be converted
21:39:16 <WARN> reinvent_plugins.normalizers.rdkit_smiles: C1(C*)=C(C#c)c(C2=CCOCC2)CN(C)C1=O could not be converted
21:39:16 <WARN> reinvent_plugins.normalizers.rdkit_smiles: C1(=Cc2ncc(-c3ccccc3)nc2)C(C#=NO)CCN1* could not be converted
21:39:31 <INFO> Score: 0.54 Agent NLL: 22.05 Valid:  98% Step: 79
 | Agent Prior Target Score SMILES SMILES_state Input_Scaffold R-groups Scaffold predicted_activity predicted_activity (raw) training_similarity training_similarity (raw) taf_consistency taf_consistency (raw) novelty novelty (raw) MW_window MW_window (raw) synthetic_feasibility synthetic_feasibility (raw) curated alerts filter curated alerts filter (raw) stereo_validity (predicted_activity) scaffold_novelty (predicted_activity) uncertainty (predicted_activity) taf_disrupted (predicted_activity) matchting_patterns (curated alerts filter)
 | 12.9442 26.2216 58.9150 0.6651292 CC1(CCNCC2(C#N)CC2)OCC(C2OC(=O)C(O)=C2O)O1 1 O=C1OC(C2COC(C)([*])O2)C(O)=C1O C1(C#N)(CNCC*)CC1 O=C1C=CC(C2COC(CCNCC3CC3)O2)O1 0.4050000 0.4050 0.6781327 0.6781 1.0000000 1.0000 0.3218673 0.3219 1.0000000 324.3330 0.5315496 4.6280 1.0000000 1.0000 0.0 1.0 0.4908920451586072 0.0 []
 | 15.2059 28.1143 53.3304 0.6362869 CC1(C)OCC(C2OC(=O)C(O)=C2C#Cc2ccnc(CO)n2)O1 1 C1(C)(C)OC(C2OC(=O)C(O)=C2[*])CO1 c1(C#C*)nc(CO)ncc1 O=C1C=C(C#Cc2ccncn2)C(C2COCO2)O1 0.3350000 0.3350 0.6582806 0.6583 1.0000000 1.0000 0.3417194 0.3417 1.0000000 332.3120 0.5401285 4.2535 1.0000000 1.0000 0.0 1.0 0.4719904660054057 0.0 []
 | 21.6790 36.6276 53.1727 0.7015646 O=C1CN(c2ccnc(C#CCC3=C(O)C(C(O)CO)OC3=O)n2)CCN1 1 C(CO)(C1OC(=O)C([*])=C1O)O C1N(c2ccnc(C#CC*)n2)CC(=O)NC1 O=C1CN(c2ccnc(C#CCC3=CCOC3=O)n2)CCN1 0.5950000 0.5950 0.5422176 0.5422 1.0000000 1.0000 0.4577824 0.4578 1.0000000 374.3530 0.5407099 4.2281 1.0000000 1.0000 0.0 1.0 0.4908920451586072 0.0 []
 | 25.6412 35.3516 41.0471 0.5968654 CC(=O)C1C(=O)OCC(=O)N(CC2OC(C(O)CO)C(O)=C2O)C1=O 1 C1([*])C(O)=C(O)C(C(CO)O)O1 O1CC(=O)N(C*)C(=O)C(C(=O)C)C1=O O=C1CC(=O)N(CC2C=CCO2)C(=O)CO1 0.4300000 0.4300 0.4959410 0.4959 0.6666667 0.6667 0.5040590 0.5041 1.0000000 359.2870 0.5319172 4.6120 1.0000000 1.0000 0.0 1.0 0.4950757517794625 0.33333333333333337 []
 | 23.8399 32.2679 45.5244 0.6077526 OC1=C(O)C(C(O)CBr)OC1COCC(O)c1nnc2ccccn12 1 C1(O)=C(O)C([*])OC1C(CBr)O n1c(C(O)COC*)n2ccccc2n1 C1=CC(COCCc2nnc3ccccn23)OC1 0.4900000 0.4900 0.4668498 0.4668 0.6666667 0.6667 0.5331502 0.5332 1.0000000 416.2280 0.5318648 4.6142 1.0000000 1.0000 0.0 1.0 0.4998999899979995 0.33333333333333337 []
 | 28.4521 43.4738 39.5538 0.6486532 C=C1C(=O)OC1(C#CC)C#CC=CCCC1OC(C(O)CO)C(O)=C1O 1 [*]C1OC(C(O)CO)C(O)=C1O O=C1OC(C#CC=CCC*)(C#CC)C1=C C=C1C(=O)OC1C#CC=CCCC1C=CCO1 0.4550000 0.4550 0.5041009 0.5041 1.0000000 1.0000 0.4958991 0.4959 1.0000000 360.3620 0.5115620 5.4978 1.0000000 1.0000 0.0 1.0 0.4979708826829135 0.0 []
 | 17.6999 23.4533 59.8087 0.6504846 CC1(COC2OC(C(O)CO)C(OCc3ccccc3)=C2O)OC(=O)CC1O 1 c1c(COC2=C(O)C([*])OC2C(CO)O)cccc1 OC1C(CO*)(C)OC(=O)C1 O=C1CCC(COC2C=C(OCc3ccccc3)CO2)O1 0.5150000 0.5150 0.6590621 0.6591 0.6666667 0.6667 0.3409379 0.3409 1.0000000 396.3920 0.5325277 4.5853 1.0000000 1.0000 0.0 1.0 0.4997749493522059 0.33333333333333337 []
 | 14.0091 20.6793 59.6534 0.6275996 CC1(CNCCN2CCC(O)CC2)OCC(C2OC(=O)C(O)=C2O)O1 1 O=C1OC(C2COC(C)([*])O2)C(O)=C1O N1(CCNC*)CCC(O)CC1 O=C1C=CC(C2COC(CNCCN3CCCCC3)O2)O1 0.4300000 0.4300 0.6713171 0.6713 0.6666667 0.6667 0.3286829 0.3287 1.0000000 358.3910 0.5412358 4.2051 1.0000000 1.0000 0.0 1.0 0.4950757517794625 0.33333333333333337 []
 | 43.6816 54.2708 15.4264 0.5445096 CC1(C)OCC(C2OC(=O)C(O)=C2CN=C2C(=CC#CC#N)c3ccccc3C(=O)N2Cc2cccnc2)O1 1 C1(C)(C)OC(C2OC(=O)C(O)=C2[*])CO1 C1(=NC*)N(Cc2cccnc2)C(=O)c2c(cccc2)C1=CC#CC#N C=C1C(=NCC2=CC(=O)OC2C2COCO2)N(Cc2cccnc2)C(=O)c2ccccc21 0.2550000 0.2550 0.5692099 0.5692 0.6666667 0.6667 0.4307901 0.4308 1.0000000 524.5330 0.5351365 4.4715 1.0000000 1.0000 0.0 1.0 0.4358612164439502 0.33333333333333337 []
 | 16.0267 23.4637 69.7912 0.7285542 N#CC(C1=C(O)C(C(O)CO)OC1=O)C1Cc2ccccc2C1 1 C(CO)(C1OC(=O)C([*])=C1O)O C1(C(C#N)*)Cc2c(cccc2)C1 O=C1OCC=C1CC1Cc2ccccc2C1 0.6250000 0.6250 0.6404940 0.6405 1.0000000 1.0000 0.3595060 0.3595 1.0000000 315.3250 0.5433559 4.1123 1.0000000 1.0000 0.0 1.0 0.4841229182759271 0.0 []
21:39:32 <WARN> reinvent_plugins.normalizers.rdkit_smiles: n1n2cc(*)nc2oc1=O could not be converted
21:39:32 <WARN> reinvent_plugins.normalizers.rdkit_smiles: c12c(OC)ncc(*)n1nc(C)c(C#N)c2 could not be converted
21:39:32 <WARN> reinvent_plugins.normalizers.rdkit_smiles: C1(C#N)CC(C#N*)NC1 could not be converted
21:39:32 <WARN> reinvent_plugins.normalizers.rdkit_smiles: n1c2c(nc(CC*)cn2)CCC1O could not be converted
21:39:32 <WARN> reinvent_plugins.normalizers.rdkit_smiles: C1(c2[nH]cnc2)=C(OCCO=C)CC(*)C(=O)C1 could not be converted
21:39:32 <WARN> reinvent_plugins.normalizers.rdkit_smiles: C1(*)OC(=O)C2=C(O)N=CC12=O could not be converted
21:39:32 <WARN> reinvent_plugins.normalizers.rdkit_smiles: C1C(C2S3(=O)C(C#CC*)CO2)CCCC1 could not be converted
21:39:32 <WARN> reinvent_plugins.normalizers.rdkit_smiles: c1(OC)n2ncc(C#N)c2nc(C)n1Cc1c(*)nccc1 could not be converted
21:39:32 <WARN> reinvent_plugins.normalizers.rdkit_smiles: C1(C#n)nc(*)cc1 could not be converted
21:39:32 <WARN> reinvent_plugins.normalizers.rdkit_smiles: c1c(C)ccc2nccc(=O)c1* could not be converted
21:39:32 <WARN> reinvent_plugins.normalizers.rdkit_smiles: N1(C(=O)c2n[nH](C)c(=O)c2)CC(C*)C1 could not be converted
21:39:32 <WARN> reinvent_plugins.normalizers.rdkit_smiles: C1(=O)C(C*)CC(CC#C)=O1 could not be converted
21:39:32 <WARN> reinvent_plugins.normalizers.rdkit_smiles: N1(C(c2nc(*)ccn2O)=O)CCC(C)CC1 could not be converted
21:39:32 <WARN> reinvent_plugins.normalizers.rdkit_smiles: c12c(*)nc3cccnc1cc3cc[nH]2 could not be converted
21:39:32 <WARN> reinvent_plugins.normalizers.rdkit_smiles: C1(C#N)(*)c2nccc(C#N)n2CCCN1 could not be converted
21:39:32 <WARN> reinvent_plugins.normalizers.rdkit_smiles: C1(=CNC2CCOCC2)C(C#C*)NCCc2cc(OC)ccc22N15C(=O)N2 could not be converted
21:39:32 <WARN> reinvent_plugins.normalizers.rdkit_smiles: C1C(C*)=C(=Cc2ccccc2OC)C(=O)N1 could not be converted
21:39:32 <WARN> reinvent_plugins.normalizers.rdkit_smiles: CC1(C*)C(C)(C)O2OC(=C)C1O2 could not be converted
21:39:32 <WARN> reinvent_plugins.normalizers.rdkit_smiles: C1(=O)C(C#=C(*)C#CNC=O)=CC1C1C(=O)OC(C)=CC1 could not be converted
21:39:32 <WARN> reinvent_plugins.normalizers.rdkit_smiles: N1(=C*)C(c2ccccc2)C(=O)c2ccc(OC)cc2C1 could not be converted
21:39:32 <WARN> reinvent_plugins.normalizers.rdkit_smiles: C1c2sccn2C(=CN*)C1O could not be converted
21:39:32 <WARN> reinvent_plugins.normalizers.rdkit_smiles: C1N(C(=O)CO*)CC=C12CCN(C(c1ccsc1)=O)CC2 could not be converted
21:39:32 <WARN> reinvent_plugins.normalizers.rdkit_smiles: c1(O)c(C)n(COC)c(N)n1C* could not be converted
21:39:32 <WARN> reinvent_plugins.normalizers.rdkit_smiles: C1(=O)N2CCN(*)C(C(C(O)=O)(C#C)=O)CC2=OC1 could not be converted
21:39:47 <INFO> Score: 0.54 Agent NLL: 23.28 Valid:  95% Step: 80
 | Agent Prior Target Score SMILES SMILES_state Input_Scaffold R-groups Scaffold predicted_activity predicted_activity (raw) training_similarity training_similarity (raw) taf_consistency taf_consistency (raw) novelty novelty (raw) MW_window MW_window (raw) synthetic_feasibility synthetic_feasibility (raw) curated alerts filter curated alerts filter (raw) stereo_validity (predicted_activity) scaffold_novelty (predicted_activity) uncertainty (predicted_activity) taf_disrupted (predicted_activity) matchting_patterns (curated alerts filter)
 | 15.4205 17.6202 55.8138 0.5737034 CC1C(=O)C(=O)CC1CC1(C)OCC(C2OC(=O)C(O)=C2O)O1 1 OC1=C(O)C(=O)OC1C1COC(C)([*])O1 C1(C*)C(C)C(=O)C(=O)C1 O=C1C=CC(C2COC(CC3CC(=O)C(=O)C3)O2)O1 0.4900000 0.4900 0.7156264 0.7156 0.3333333 0.3333 0.2843736 0.2844 1.0000000 326.3010 0.5251223 4.9080 1.0000000 1.0000 0.0 1.0 0.4998999899979995 0.6666666666666667 []
 | 24.0371 33.4953 37.2283 0.5525282 CC1(C)OCC(C2OC(=O)C(O)=C2CC2CNC(=O)CC2C(=O)NCCCN2CCOCC2)O1 1 C1(C2OC(=O)C(O)=C2[*])OC(C)(C)OC1 C1(C*)CNC(=O)CC1C(=O)NCCCN1CCOCC1 O=C1CC(C(=O)NCCCN2CCOCC2)C(CC2=CC(=O)OC2C2COCO2)CN1 0.2600000 0.2600 0.6067799 0.6068 0.6666667 0.6667 0.3932201 0.3932 1.0000000 481.5460 0.5358866 4.4388 1.0000000 1.0000 0.0 1.0 0.4386342439892262 0.33333333333333337 []
 | 15.6140 24.7706 61.2256 0.6718447 CC(C)=C1C(=O)C(=O)N1C1=C(O)C(C(O)CO)OC1=O 1 C1(=O)C([*])=C(O)C(C(O)CO)O1 C1(=O)N(*)C(=C(C)C)C1=O C=C1C(=O)C(=O)N1C1=CCOC1=O 0.5800000 0.5800 0.6813300 0.6813 0.6666667 0.6667 0.3186700 0.3187 1.0000000 283.2360 0.5398320 4.2664 1.0000000 1.0000 0.0 1.0 0.4935585071701226 0.33333333333333337 []
 | 26.0084 39.5911 36.3126 0.5929979 C=CC#Cc1cc2c(C3OC(C(O)CO)C(O)=C3O)ncnc2nn1 1 C(O)(CO)C1C(O)=C(O)C([*])O1 n1c2c(cc(C#CC=C)n1)c(*)ncn2 C1=CC(c2ncnc3nnccc23)OC1 0.4800000 0.4800 0.4219265 0.4219 0.6666667 0.6667 0.5839748 0.5840 1.0000000 342.3110 0.5244580 4.9370 1.0000000 1.0000 0.0 1.0 0.4995998398718719 0.33333333333333337 []
 | 27.5590 45.8561 27.8481 0.5758140 CN(CC#CC1OC(C(O)CBr)C(O)=C1O)C(O)C1=C(C#N)CC=C1 1 [*]C1C(O)=C(O)C(C(O)CBr)O1 C1(C(N(C)CC#C*)O)=C(C#N)CC=C1 C(#CC1C=CCO1)CNCC1=CCC=C1 0.4200000 0.4200 0.4310180 0.4310 0.6666667 0.6667 0.5689820 0.5690 1.0000000 411.2520 0.5090461 5.6071 1.0000000 1.0000 0.0 1.0 0.4935585071701227 0.33333333333333337 []
 | 38.9232 45.9762 20.7223 0.5210824 Cn1cnc(CN2C(=O)C(O)(CC3OC(C(O)CO)C(O)=C3O)C(CO)(C(=O)O)C2=O)c1 1 O1C([*])C(O)=C(O)C1C(O)CO OC1(C*)C(C(=O)O)(CO)C(=O)N(Cc2ncn(C)c2)C1=O O=C1CC(CC2C=CCO2)C(=O)N1Cc1c[nH]cn1 0.4550000 0.4550 0.4389381 0.4389 0.3333333 0.3333 0.5610619 0.5611 1.0000000 457.3920 0.5189412 5.1770 1.0000000 1.0000 0.0 1.0 0.49797088268291345 0.6666666666666667 []
 | 15.9559 24.8574 47.9259 0.5686193 COCc1nccn1CCC1OC(C(O)CO)C(OCc2ccccc2)=C1O 1 c1cccc(COC2=C(O)C([*])OC2C(O)CO)c1 n1ccn(CC*)c1COC C1=C(OCc2ccccc2)COC1CCn1ccnc1 0.5050000 0.5050 0.6151246 0.6151 0.3333333 0.3333 0.3848754 0.3849 1.0000000 390.4360 0.5472062 3.9437 1.0000000 1.0000 0.0 1.0 0.4999749993749687 0.6666666666666667 []
 | 27.9081 37.6433 43.4983 0.6339190 CCCN1CCc2nnc(C(O)C3(C)OCC(C4OC(=O)C(O)=C4O)O3)n2CC1 1 OC1=C(O)C(=O)OC1C1COC(C)([*])O1 N1(CCC)CCn2c(nnc2C(*)O)CC1 O=C1C=CC(C2COC(Cc3nnc4n3CCNCC4)O2)O1 0.4750000 0.4750 0.6233022 0.6233 0.6666667 0.6667 0.3766978 0.3767 1.0000000 410.4270 0.5331731 4.5572 1.0000000 1.0000 0.0 1.0 0.4993746088859544 0.33333333333333337 []
 | 13.5615 25.7709 49.3230 0.5866713 CC1(C)OCC(C2OC(=O)C(O)=C2CCNC(=O)C2=CC(=O)N2)O1 1 C1(C2OC(=O)C(O)=C2[*])OC(C)(C)OC1 C1(C(=O)NCC*)=CC(=O)N1 O=C1C=C(C(=O)NCCC2=CC(=O)OC2C2COCO2)N1 0.3150000 0.3150 0.6781327 0.6781 0.6666667 0.6667 0.3218673 0.3219 1.0000000 338.3160 0.5432237 4.1181 1.0000000 1.0000 0.0 1.0 0.46451587701606073 0.33333333333333337 []
 | 15.3596 21.2126 65.9795 0.6811882 Cc1ccc(NCC2=C(O)C(C(O)CO)OC2=O)nn1 1 C1(=O)C([*])=C(O)C(C(O)CO)O1 n1nc(C)ccc1NC* O=C1OCC=C1CNc1cccnn1 0.6400000 0.6400 0.6331738 0.6332 0.6666667 0.6667 0.3668262 0.3668 1.0000000 281.2680 0.5494905 3.8436 1.0000000 1.0000 0.0 1.0 0.48 0.33333333333333337 []
21:39:48 <WARN> reinvent_plugins.normalizers.rdkit_smiles: S(CCCCC#CC(=CC1CCC(C#C)N1)=O)* could not be converted
21:39:48 <WARN> reinvent_plugins.normalizers.rdkit_smiles: C1(=C#N)N(*)C(C#N)C1 could not be converted
21:39:48 <WARN> reinvent_plugins.normalizers.rdkit_smiles: c1c(COC(C(*)(C#N)=C)C)nccc1 could not be converted
21:39:48 <WARN> reinvent_plugins.normalizers.rdkit_smiles: c1(C#N)n(*)c(N)nc1C#C(F)C could not be converted
21:39:48 <WARN> reinvent_plugins.normalizers.rdkit_smiles: C1(C(*)C#CCC(C)n2nccc(CN)c2)CC1 could not be converted
21:39:48 <WARN> reinvent_plugins.normalizers.rdkit_smiles: C1(*)C(=C(C#N)OC)C1=C(C#O)C#N could not be converted
21:39:48 <WARN> reinvent_plugins.normalizers.rdkit_smiles: C1(=O)C(C#N)=N(C*)CC1 could not be converted
21:39:48 <WARN> reinvent_plugins.normalizers.rdkit_smiles: C1(=O)c2ccc(C(=O)C*)cn2CC1O could not be converted
21:39:48 <WARN> reinvent_plugins.normalizers.rdkit_smiles: n1cc(C#CC#C#C*)cc(CN)c1 could not be converted
21:39:48 <WARN> reinvent_plugins.normalizers.rdkit_smiles: c1(C(N*)CCn2cc(C)ccn2)cc(O)ccc1 could not be converted
21:39:48 <WARN> reinvent_plugins.normalizers.rdkit_smiles: c1(=O)c(OC)cc(O*)n(C)c1 could not be converted
21:39:48 <WARN> reinvent_plugins.normalizers.rdkit_smiles: C1(OC(=O)NC(=O)*)CC(C#N)=CCCO(C)c1C could not be converted
21:39:48 <WARN> reinvent_plugins.normalizers.rdkit_smiles: O=C1CC(C*)C(=O)C(NCC#C2CCCCC2)C1=O could not be converted
21:39:48 <WARN> reinvent_plugins.normalizers.rdkit_smiles: n12c(cccc1C#N)CCCC2NC(C1C(*)CNC1=O)=O could not be converted
21:40:03 <INFO> Score: 0.55 Agent NLL: 22.13 Valid:  97% Step: 81
 | Agent Prior Target Score SMILES SMILES_state Input_Scaffold R-groups Scaffold predicted_activity predicted_activity (raw) training_similarity training_similarity (raw) taf_consistency taf_consistency (raw) novelty novelty (raw) MW_window MW_window (raw) synthetic_feasibility synthetic_feasibility (raw) curated alerts filter curated alerts filter (raw) stereo_validity (predicted_activity) scaffold_novelty (predicted_activity) uncertainty (predicted_activity) taf_disrupted (predicted_activity) matchting_patterns (curated alerts filter)
 | 39.6215 50.1382 21.1801 0.5571743 CC1ON2C(=O)CC2OCC1C(=O)CCC1(C)OCC(C2OC(=O)C(O)=C2O)O1 1 C1(C)([*])OC(C2C(O)=C(O)C(=O)O2)CO1 *CCC(=O)C1COC2CC(=O)N2OC1C O=C1C=CC(C2COC(CCC(=O)C3COC4CC(=O)N4OC3)O2)O1 0.4650000 0.4650 0.6343350 0.6343 0.3333333 0.3333 0.3656650 0.3657 1.0000000 413.3790 0.5158659 5.3107 1.0000000 1.0000 0.0 1.0 0.49877349568717055 0.6666666666666667 []
 | 20.4887 27.4892 38.5633 0.5160353 CC1(C)OCC(C2OC(=O)C(O)=C2C(CCCc2ccccn2)C(N)=O)O1 1 O1C(C2COC(C)(C)O2)C([*])=C(O)C1=O c1nc(CCCC(C(=O)N)*)ccc1 O=C1C=C(CCCCc2ccccn2)C(C2COCO2)O1 0.1850000 0.1850 0.6287461 0.6287 0.6666667 0.6667 0.3712539 0.3713 1.0000000 376.4090 0.5453784 4.0238 1.0000000 1.0000 0.0 1.0 0.3882975663070784 0.33333333333333337 []
 | 32.5972 41.3526 39.2179 0.6294572 CCN(CC)C(=O)CCN1CC(NC2=C(O)C(C(O)CO)OC2=O)C1=O 1 C(C(O)C1OC(=O)C([*])=C1O)O C1N(CCC(N(CC)CC)=O)C(=O)C1N* O=C1OCC=C1NC1CNC1=O 0.4750000 0.4750 0.5881177 0.5881 0.6666667 0.6667 0.4118823 0.4119 1.0000000 371.3900 0.5422714 4.1598 1.0000000 1.0000 0.0 1.0 0.4993746088859544 0.33333333333333337 []
 | 20.2454 31.3284 47.2328 0.6137593 O=CC=C1OC(CNC2OC(C(O)CO)C(O)=C2O)C(=O)OC1=O 1 C1(C(O)CO)C(O)=C(O)C([*])O1 O1C(CN*)C(=O)OC(=O)C1=CC=O C=C1OC(CNC2C=CCO2)C(=O)OC1=O 0.4500000 0.4500 0.5602794 0.5603 0.6666667 0.6667 0.4397206 0.4397 1.0000000 345.2600 0.5166826 5.2752 1.0000000 1.0000 0.0 1.0 0.49749371855331004 0.33333333333333337 []
 | 19.0882 26.9945 47.6821 0.5834109 OC1=C(O)C(C(O)CBr)OC1c1nnn(C2CC2)n1 1 C1(O)=C(O)C(C(O)CBr)OC1[*] n1c(*)nn(C2CC2)n1 C1=CC(c2nnn(C3CC3)n2)OC1 0.3900000 0.3900 0.4961389 0.4961 0.6666667 0.6667 0.5038611 0.5039 1.0000000 333.1420 0.5263284 4.8555 1.0000000 1.0000 0.0 1.0 0.4877499359302879 0.33333333333333337 []
 | 17.0261 24.9126 57.6850 0.6452938 O=C1OCC1CC#CCCC1OC(C(O)CO)C(O)=C1O 1 C1(C(CO)O)OC([*])C(O)=C1O C1(CC#CCC*)C(=O)OC1 O=C1OCC1CC#CCCC1C=CCO1 0.4250000 0.4250 0.5246314 0.5246 1.0000000 1.0000 0.4753686 0.4754 1.0000000 298.2910 0.5254350 4.8944 1.0000000 1.0000 0.0 1.0 0.49434299833212975 0.0 []
 | 9.3978 17.2411 68.4545 0.6694964 N#Cc1n[nH]c(NC2OC(C(O)CO)C(OCc3ccccc3)=C2O)n1 1 C1(C(CO)O)OC([*])C(O)=C1OCc1ccccc1 n1c(C#N)n[nH]c1N* C1=C(OCc2ccccc2)COC1Nc1ncn[nH]1 0.6100000 0.6100 0.6151246 0.6151 0.6666667 0.6667 0.3848754 0.3849 1.0000000 359.3420 0.5379804 4.3473 1.0000000 1.0000 0.0 1.0 0.4877499359302879 0.33333333333333337 []
 | 12.3043 32.0249 51.4784 0.6523691 CC1(CN2CC(C#N)CC2=O)OCC(C2OC(=O)C(O)=C2O)O1 1 C1(C)([*])OC(C2C(O)=C(O)C(=O)O2)CO1 N1(C*)CC(C#N)CC1=O O=C1C=CC(C2COC(CN3CCCC3=O)O2)O1 0.5150000 0.5150 0.6781327 0.6781 0.6666667 0.6667 0.3218673 0.3219 1.0000000 324.2890 0.5282893 4.7701 1.0000000 1.0000 0.0 1.0 0.4997749493522059 0.33333333333333337 []
 | 19.7319 29.1717 39.0788 0.5332075 CC1(C)OCC(C2OC(=O)C(O)=C2Cc2ccnc(NC3CCCNC3=O)n2)O1 1 O1C(C2COC(C)(C)O2)C([*])=C(O)C1=O n1c(NC2C(=O)NCCC2)nc(C*)cc1 O=C1C=C(Cc2ccnc(NC3CCCNC3=O)n2)C(C2COCO2)O1 0.2150000 0.2150 0.6311581 0.6312 0.6666667 0.6667 0.3688419 0.3688 1.0000000 404.4230 0.5394149 4.2847 1.0000000 1.0000 0.0 1.0 0.41082234603292944 0.33333333333333337 []
 | 31.3916 57.7490 30.6727 0.6907946 CC#CCC#CC1(NC(=O)CC2=C(O)C(C(O)CO)OC2=O)CC1c1ncccn1 1 C(C(O)C1OC(=O)C([*])=C1O)O C1(C#CCC#CC)(NC(=O)C*)CC1c1ncccn1 O=C(CC1=CCOC1=O)NC1CC1c1ncccn1 0.5650000 0.5650 0.5422176 0.5422 1.0000000 1.0000 0.4577824 0.4578 1.0000000 411.4140 0.5217140 5.0564 1.0000000 1.0000 0.0 1.0 0.49575699692490466 0.0 []
21:40:04 <WARN> reinvent_plugins.normalizers.rdkit_smiles: c1(O)c(=O)nc(COC)c(*)n1C could not be converted
21:40:04 <WARN> reinvent_plugins.normalizers.rdkit_smiles: O=C1CC(N)(C#N)C(=O)N1C#=N* could not be converted
21:40:04 <WARN> reinvent_plugins.normalizers.rdkit_smiles: c1(O)c2c(c(C#CCN*)n1)c(C)ncc2 could not be converted
21:40:04 <WARN> reinvent_plugins.normalizers.rdkit_smiles: Cc1[nH]ncc1C#CCC1C(*)C1C#=C could not be converted
21:40:04 <WARN> reinvent_plugins.normalizers.rdkit_smiles: c1(OC)ncncc1C(OC)=O)* could not be converted
21:40:04 <WARN> reinvent_plugins.normalizers.rdkit_smiles: O=c1cc(C#N)c(*)[nH]c1C(=O)C(N1C(=O)C(=O)CCC1)=O could not be converted
21:40:04 <WARN> reinvent_plugins.normalizers.rdkit_smiles: C1(n2c(=O)[nH]c(=O)c(C#O)c2)COC=C1* could not be converted
21:40:04 <WARN> reinvent_plugins.normalizers.rdkit_smiles: C1(C#=C*)C(=O)NC1CC#N could not be converted
21:40:04 <WARN> reinvent_plugins.normalizers.rdkit_smiles: N1c2c(c(C3(C#C*)C(=O)N(C)C(=O)CC3C)cc2)C(=O)C1 could not be converted
21:40:04 <WARN> reinvent_plugins.normalizers.rdkit_smiles: C1(=CO)COC(=O)C1=C(C#CC)C#N* could not be converted
21:40:04 <WARN> reinvent_plugins.normalizers.rdkit_smiles: n1(C2C(O)CC(=O)NC(=O)*)cnc2cccc1 could not be converted
21:40:04 <WARN> reinvent_plugins.normalizers.rdkit_smiles: C1(=C)C(=O)N(C*)C2C#NCC21C1CCC(C)(OC)CC1 could not be converted
21:40:04 <WARN> reinvent_plugins.normalizers.rdkit_smiles: c1(C#N)n2c(ncc(C(O)=O)c2=O)cc1C1(CO)C(*)C=CC1=C could not be converted
21:40:04 <WARN> reinvent_plugins.normalizers.rdkit_smiles: c1(C#N)c2c(c(COC(C)=O)c1OC)CN(*)C2 could not be converted
21:40:04 <WARN> reinvent_plugins.normalizers.rdkit_smiles: C1(c2cccc(CN*)c2)C(=O)NOC1(C(C#CCCCCc2cccnc2N)=O)C(=O)OCC1C could not be converted
21:40:19 <INFO> Score: 0.55 Agent NLL: 22.63 Valid:  97% Step: 82
 | Agent Prior Target Score SMILES SMILES_state Input_Scaffold R-groups Scaffold predicted_activity predicted_activity (raw) training_similarity training_similarity (raw) taf_consistency taf_consistency (raw) novelty novelty (raw) MW_window MW_window (raw) synthetic_feasibility synthetic_feasibility (raw) curated alerts filter curated alerts filter (raw) stereo_validity (predicted_activity) scaffold_novelty (predicted_activity) uncertainty (predicted_activity) taf_disrupted (predicted_activity) matchting_patterns (curated alerts filter)
 | 16.9314 34.8248 43.3742 0.6109298 CC1CCN(C)CC1(C#N)CC1(C)OCC(C2OC(=O)C(O)=C2O)O1 1 O1C(C2OC(=O)C(O)=C2O)COC1(C)[*] C1(C)C(C#N)(C*)CN(C)CC1 O=C1C=CC(C2COC(CC3CCCNC3)O2)O1 0.3950000 0.3950 0.6520408 0.6520 0.6666667 0.6667 0.3479592 0.3480 1.0000000 352.3870 0.5215702 5.0626 1.0000000 1.0000 0.0 1.0 0.4888506929523574 0.33333333333333337 []
 | 21.5958 29.3519 41.0172 0.5497583 CC1(C)OCC(C2OC(=O)C(O)=C2CC(=O)N2CCC(O)(CNCc3ccccc3)CC2)O1 1 [*]C1=C(O)C(=O)OC1C1COC(C)(C)O1 N1(C(=O)C*)CCC(O)(CNCc2ccccc2)CC1 O=C1C=C(CC(=O)N2CCC(CNCc3ccccc3)CC2)C(C2COCO2)O1 0.2350000 0.2350 0.6496869 0.6497 0.6666667 0.6667 0.3871742 0.3872 1.0000000 460.5270 0.5502830 3.8088 1.0000000 1.0000 0.0 1.0 0.4239988207530771 0.33333333333333337 []
 | 22.6033 39.9237 49.9567 0.7021907 N#CCNC(=O)C1(C(=O)O)OC(=O)C1C1=C(O)C(C(O)CO)OC1=O 1 OC(C1C(O)=C([*])C(=O)O1)CO C1(C(O)=O)(C(=O)NCC#N)OC(=O)C1* O=C1OCC=C1C1COC1=O 0.5650000 0.5650 0.5939697 0.5940 1.0000000 1.0000 0.4060303 0.4060 1.0000000 356.2430 0.5285020 4.7608 1.0000000 1.0000 0.0 1.0 0.49575699692490466 0.0 []
 | 22.8574 37.7478 44.5049 0.6425993 O=C1CC(=O)C(CCOC#CC2OC(C(O)CO)C(O)=C2O)O1 1 [*]C1C(O)=C(O)C(C(CO)O)O1 O=C1OC(CCOC#C*)C(=O)C1 O=C1CC(=O)C(CCOC#CC2C=CCO2)O1 0.4200000 0.4200 0.5251139 0.5251 1.0000000 1.0000 0.4748861 0.4749 1.0000000 328.2730 0.5173930 5.2443 1.0000000 1.0000 0.0 1.0 0.4935585071701227 0.0 []
 | 18.7709 32.4139 41.9262 0.5807813 CC(C#CC1OC(C(O)CBr)C(O)=C1O)=C1CCCN(C)C1 1 OC1=C(O)C(C(O)CBr)OC1[*] C1C(=C(C#C*)C)CCCN1C C(#CC1C=CCO1)C=C1CCCNC1 0.4100000 0.4100 0.4577036 0.4577 0.6666667 0.6667 0.5422964 0.5423 1.0000000 372.2590 0.5217094 5.0566 1.0000000 1.0000 0.0 1.0 0.4918333050943175 0.33333333333333337 []
 | 12.3462 19.6081 -19.6081 0.0000000 N#Cc1ccnc(NC2OC(C(O)CO)C(O)=C2O)c1 1 C1(O)=C(O)C([*])OC1C(CO)O n1ccc(C#N)cc1N* C1=CC(Nc2ccccn2)OC1 0.5250000 0.5250 0.4629101 0.4629 0.6666667 0.6667 0.5370899 0.5371 1.0000000 279.2520 0.5395124 4.2804 1.0000000 1.0000 0.0 1.0 0.4993746088859544 0.33333333333333337 []
 | 31.1409 40.0701 39.4674 0.6213861 N#Cc1ccccc1OC1OCC(C2CCN(C3OC(C(O)CO)C(OCc4ccccc4)=C3O)CC2)O1 1 OC1=C(OCc2ccccc2)C(C(O)CO)OC1[*] c1(C#N)c(OC2OC(C3CCN(*)CC3)CO2)cccc1 C1=C(OCc2ccccc2)COC1N1CCC(C2COC(Oc3ccccc3)O2)CC1 0.4700000 0.4700 0.5582166 0.5582 0.6666667 0.6667 0.4417834 0.4418 1.0000000 524.5700 0.5322493 4.5975 1.0000000 1.0000 0.0 1.0 0.49909918853871116 0.33333333333333337 []
 | 12.3705 36.1069 51.7333 0.6862520 CC1(CNCC2CC2C#N)OCC(C2OC(=O)C(O)=C2O)O1 1 O1C(C2OC(=O)C(O)=C2O)COC1(C)[*] C1(CNC*)C(C#N)C1 O=C1C=CC(C2COC(CNCC3CC3)O2)O1 0.4700000 0.4700 0.6781327 0.6781 1.0000000 1.0000 0.3218673 0.3219 1.0000000 310.3060 0.5229458 5.0028 1.0000000 1.0000 0.0 1.0 0.49909918853871116 0.0 []
 | 38.4642 54.6691 17.0244 0.5601060 CCCCCC#CC1=CC(=C(CNC(=O)C#N)C2=C(O)C(=O)OC2C2COC(C)(C)O2)C(O)C1O 1 [*]C1=C(O)C(=O)OC1C1COC(C)(C)O1 C1(=C(*)CNC(=O)C#N)C(O)C(O)C(C#CCCCCC)=C1 O=C1C=C(C=C2C=CCC2)C(C2COCO2)O1 0.2000000 0.2000 0.6060432 0.6060 1.0000000 1.0000 0.4243503 0.4244 1.0000000 486.5210 0.5203258 5.1168 1.0000000 1.0000 0.0 1.0 0.4000000000000001 0.0 []
 | 9.6827 17.7870 67.6806 0.6677153 O=C1OC(C(O)CO)C(O)=C1CC1NCCC1=O 1 OC(C1C(O)=C([*])C(=O)O1)CO C1(=O)C(C*)NCC1 O=C1OCC=C1CC1NCCC1=O 0.5700000 0.5700 0.6725382 0.6725 0.6666667 0.6667 0.3274618 0.3275 1.0000000 257.2420 0.5368097 4.3985 1.0000000 1.0000 0.0 1.0 0.4950757517794625 0.33333333333333337 []
21:40:20 <WARN> reinvent_plugins.normalizers.rdkit_smiles: c12c(COC)c(CCC#N)nn(C)c1n(*)n2 could not be converted
21:40:20 <WARN> reinvent_plugins.normalizers.rdkit_smiles: n1c(N*)nc(C)cc1-c1c2c(cccc2)n(C)c1C#C(CN)O could not be converted
21:40:20 <WARN> reinvent_plugins.normalizers.rdkit_smiles: c1(C#CC#N*)[nH]c(N)nc1C#C could not be converted
21:40:20 <WARN> reinvent_plugins.normalizers.rdkit_smiles: C1(C#N)C1CO* could not be converted
21:40:20 <WARN> reinvent_plugins.normalizers.rdkit_smiles: c1(-c2cnn3c3cc(O)ncc3c2)n2ccc(O*)cc2cn1 could not be converted
21:40:20 <WARN> reinvent_plugins.normalizers.rdkit_smiles: C1(CC*)SC(=O)C(C#=CC#CC#CC=C)N1 could not be converted
21:40:21 <WARN> reinvent_plugins.normalizers.rdkit_smiles: C1(=O)N(C*)C(=O)C(C#Nc2nc(C)ccc2)CN1 could not be converted
21:40:21 <WARN> reinvent_plugins.normalizers.rdkit_smiles: C1C(=O)C(OC2C(*)CC=C2=O)(C)C=CCC1 could not be converted
21:40:21 <WARN> reinvent_plugins.normalizers.rdkit_smiles: O=C1Nc2c(c(O*)nc(N3C(C5CCOCC3)C)c2)C1 could not be converted
21:40:21 <WARN> reinvent_plugins.normalizers.rdkit_smiles: c12nc(N)[n+]cc(Oc3ncc(O)c(C(*)=O)n3)c1cccc2 could not be converted
21:40:21 <WARN> reinvent_plugins.normalizers.rdkit_smiles: O1C(=O)C2(CO*)C(=C#C=CC2O)C(=C)C1 could not be converted
21:40:21 <WARN> reinvent_plugins.normalizers.rdkit_smiles: O=c1cc2c(C#C*)cccc2[nH]1 could not be converted
21:40:21 <WARN> reinvent_plugins.normalizers.rdkit_smiles: C1(C)OC(=O)C=C1C#NCCC* could not be converted
21:40:21 <WARN> reinvent_plugins.normalizers.rdkit_smiles: N(C1=N(C)C(=O)CCC1)c1cc(C#CC*)cnc1 could not be converted
21:40:21 <WARN> reinvent_plugins.normalizers.rdkit_smiles: C1(=O)C(C)(CCc2c[nH]c3ccccc23=O)CC(=O)C1* could not be converted
21:40:21 <WARN> reinvent_plugins.normalizers.rdkit_smiles: O=C1C1* could not be converted
21:40:36 <INFO> Score: 0.55 Agent NLL: 22.53 Valid:  96% Step: 83
 | Agent Prior Target Score SMILES SMILES_state Input_Scaffold R-groups Scaffold predicted_activity predicted_activity (raw) training_similarity training_similarity (raw) taf_consistency taf_consistency (raw) novelty novelty (raw) MW_window MW_window (raw) synthetic_feasibility synthetic_feasibility (raw) curated alerts filter curated alerts filter (raw) stereo_validity (predicted_activity) scaffold_novelty (predicted_activity) uncertainty (predicted_activity) taf_disrupted (predicted_activity) matchting_patterns (curated alerts filter)
 | 21.0618 41.7132 40.3198 0.6408828 CC1(CC(=O)N2CC(C#CC3CCOC3)C2C#N)OCC(C2OC(=O)C(O)=C2O)O1 1 C1(C2OC(=O)C(O)=C2O)COC(C)([*])O1 C1(C#CC2CCOC2)C(C#N)N(C(=O)C*)C1 O=C1C=CC(C2COC(CC(=O)N3CC(C#CC4CCOC4)C3)O2)O1 0.5200000 0.5200 0.6028605 0.6029 0.6666667 0.6667 0.3971395 0.3971 1.0000000 418.4020 0.5137316 5.4035 1.0000000 1.0000 0.0 1.0 0.49959983987187184 0.33333333333333337 []
 | 16.7647 24.7182 36.6260 0.4792511 CC1(C)OCC(C2OC(=O)C(O)=C2CCN2CCOC(=O)CC2)O1 1 C1(=O)OC(C2COC(C)(C)O2)C([*])=C1O N1(CC*)CCC(=O)OCC1 O=C1C=C(CCN2CCOC(=O)CC2)C(C2COCO2)O1 0.2200000 0.2200 0.6781327 0.6781 0.3333333 0.3333 0.3218673 0.3219 1.0000000 341.3600 0.5469114 3.9567 1.0000000 1.0000 0.0 1.0 0.41424630354415964 0.6666666666666667 []
 | 22.7701 38.2803 54.5218 0.7250171 N#Cc1[nH]c2ccccc2c1C(C#N)NCC1=C(O)C(C(O)CO)OC1=O 1 [*]C1=C(O)C(C(CO)O)OC1=O c1(C(NC*)C#N)c(C#N)[nH]c2c1cccc2 O=C1OCC=C1CNCc1c[nH]c2ccccc12 0.6650000 0.6650 0.5715476 0.5715 1.0000000 1.0000 0.4284524 0.4285 1.0000000 368.3490 0.5378051 4.3550 1.0000000 1.0000 0.0 1.0 0.4719904660054057 0.0 []
 | 15.9109 24.0360 53.8226 0.6082708 O=C1OCC(O)C=C1COC1OC(C(O)CO)C(O)=C1O 1 OC1=C(O)C(C(CO)O)OC1[*] O1C(=O)C(CO*)=CC(O)C1 O=C1OCCC=C1COC1C=CCO1 0.4400000 0.4400 0.5427204 0.5427 0.6666667 0.6667 0.4572796 0.4573 1.0000000 304.2510 0.5229843 5.0011 1.0000000 1.0000 0.0 1.0 0.4963869458396343 0.33333333333333337 []
 | 22.2977 38.1763 37.5200 0.5913775 O=C1CCC(c2ccc3c(C4OC(C(O)CBr)C(O)=C4O)ncnc3c2)C1=O 1 C1(C(CBr)O)C(O)=C(O)C([*])O1 C1(=O)C(=O)C(c2cc3ncnc(*)c3cc2)CC1 O=C1CCC(c2ccc3c(C4C=CCO4)ncnc3c2)C1=O 0.4300000 0.4300 0.4717281 0.4717 0.6666667 0.6667 0.5282719 0.5283 1.0000000 449.2570 0.5309647 4.6535 1.0000000 1.0000 0.0 1.0 0.4950757517794625 0.33333333333333337 []
 | 27.1576 34.5317 31.0166 0.5120959 COc1ccc(CC2CCCn3c2nnc3C2OC(C(O)CO)C(O)=C2O)cc1OC 1 OC(C1OC([*])C(O)=C1O)CO n1nc2n(c1*)CCCC2Cc1cc(OC)c(OC)cc1 C1=CC(c2nnc3n2CCCC3Cc2ccccc2)OC1 0.4100000 0.4100 0.4388939 0.4389 0.3333333 0.3333 0.5798194 0.5798 1.0000000 433.4610 0.5394506 4.2831 1.0000000 1.0000 0.0 1.0 0.4918333050943175 0.6666666666666667 []
 | 20.9693 29.6248 45.3491 0.5857339 COc1nn(CC2OC(C(O)CO)C(OCc3ccccc3)=C2O)c(=O)cc1O 1 C1(C(O)CO)C(OCc2ccccc2)=C(O)C([*])O1 n1(C*)nc(OC)c(O)cc1=O O=c1cccnn1CC1C=C(OCc2ccccc2)CO1 0.5600000 0.5600 0.6475993 0.6476 0.3333333 0.3333 0.3524007 0.3524 1.0000000 406.3910 0.5431173 4.1228 1.0000000 1.0000 0.0 1.0 0.4963869458396343 0.6666666666666667 []
 | 19.1604 29.8218 61.2268 0.7113174 CC1(CC#CC#CC2(O)CCCC2=O)OCC(C2OC(=O)C(O)=C2O)O1 1 C1(C2OC(=O)C(O)=C2O)COC(C)([*])O1 C1C(=O)C(C#CC#CC*)(O)CC1 O=C1C=CC(C2COC(CC#CC#CC3CCCC3=O)O2)O1 0.5650000 0.5650 0.6582806 0.6583 1.0000000 1.0000 0.3417194 0.3417 1.0000000 362.3340 0.5178263 5.2255 1.0000000 1.0000 0.0 1.0 0.4957569969249047 0.0 []
 | 23.8510 33.9125 47.2688 0.6342285 CNC(=O)C(C#N)N1CC(CNC2=C(O)C(=O)OC2C2COC(C)(C)O2)OC1=O 1 C1(=O)OC(C2COC(C)(C)O2)C([*])=C1O C1(CN*)OC(=O)N(C(C(=O)NC)C#N)C1 O=C1C=C(NCC2CNC(=O)O2)C(C2COCO2)O1 0.3500000 0.3500 0.6128258 0.6128 1.0000000 1.0000 0.3871742 0.3872 1.0000000 410.3830 0.5275199 4.8036 1.0000000 1.0000 0.0 1.0 0.47696960070847283 0.0 []
 | 17.1134 34.5420 58.7587 0.7289118 N#Cc1cc2ccc(CC3=C(O)C(C(O)CO)OC3=O)nc2[nH]1 1 [*]C1=C(O)C(C(CO)O)OC1=O n1c2[nH]c(C#N)cc2ccc1C* O=C1OCC=C1Cc1ccc2cc[nH]c2n1 0.6650000 0.6650 0.5881177 0.5881 1.0000000 1.0000 0.4118823 0.4119 1.0000000 315.2850 0.5414943 4.1938 1.0000000 1.0000 0.0 1.0 0.4719904660054057 0.0 []
21:40:37 <WARN> reinvent_plugins.normalizers.rdkit_smiles: *C(c1cnc(N)c([N+]([O-])=O)c1)#CCNC could not be converted
21:40:37 <WARN> reinvent_plugins.normalizers.rdkit_smiles: c1(O)[nH]c2c(c(-c3nc(*)ccn3)c1)cccc2 could not be converted
21:40:37 <WARN> reinvent_plugins.normalizers.rdkit_smiles: c1c(NCCC)[nH]nc1C)* could not be converted
21:40:37 <WARN> reinvent_plugins.normalizers.rdkit_smiles: c1cnc(N*)cc(C#N)n1 could not be converted
21:40:37 <WARN> reinvent_plugins.normalizers.rdkit_smiles: O=C1NC(=O)C(*)C1=C#N could not be converted
21:40:37 <WARN> reinvent_plugins.normalizers.rdkit_smiles: C1(=O)c2cccc(C)n2C(C#N)C1C1C(*)CN1c1nc(C#N)ccc1 could not be converted
21:40:37 <WARN> reinvent_plugins.normalizers.rdkit_smiles: c1nn(C(=O)CCCC(=C)C#N)c(C(OC)=O)n1C(=O)C* could not be converted
21:40:37 <WARN> reinvent_plugins.normalizers.rdkit_smiles: *C1C(c2occc(C)c2=O)CNNC1=O could not be converted
21:40:37 <WARN> reinvent_plugins.normalizers.rdkit_smiles: C1(C#O)C(CN*)OCC(Cl)=C1 could not be converted
21:40:37 <WARN> reinvent_plugins.normalizers.rdkit_smiles: c1(C)n(C*)cnc(C#N)c1=O could not be converted
21:40:37 <WARN> reinvent_plugins.normalizers.rdkit_smiles: c1(CNC2C(=O)NCC3CC2NC(=O)C)cc(*)ccc1 could not be converted
21:40:37 <WARN> reinvent_plugins.normalizers.rdkit_smiles: C1(C#N)C(=CC*)C(=O)C(O)(C#N)C(=O)C1NC(=O)C1C(C)O=C1C could not be converted
21:40:52 <INFO> Score: 0.55 Agent NLL: 22.99 Valid:  97% Step: 84
 | Agent Prior Target Score SMILES SMILES_state Input_Scaffold R-groups Scaffold predicted_activity predicted_activity (raw) training_similarity training_similarity (raw) taf_consistency taf_consistency (raw) novelty novelty (raw) MW_window MW_window (raw) synthetic_feasibility synthetic_feasibility (raw) curated alerts filter curated alerts filter (raw) stereo_validity (predicted_activity) scaffold_novelty (predicted_activity) uncertainty (predicted_activity) taf_disrupted (predicted_activity) matchting_patterns (curated alerts filter)
 | 11.2569 24.2856 66.4820 0.7091217 CC1(C2NC(=O)C2C#N)OCC(C2OC(=O)C(O)=C2O)O1 1 [*]C1(C)OCC(C2OC(=O)C(O)=C2O)O1 N1C(=O)C(C#N)C1* O=C1CC(C2OCC(C3C=CC(=O)O3)O2)N1 0.5300000 0.5300 0.7156264 0.7156 1.0000000 1.0000 0.2843736 0.2844 1.0000000 296.2350 0.5212028 5.0786 1.0000000 1.0000 0.0 1.0 0.49909918853871116 0.0 []
 | 29.0030 44.4624 31.1123 0.5904270 CC1(C)OCC(C2OC(=O)C(O)=C2C#Cc2c(O)cc(-n3nc[nH]c3=O)cc2C#N)O1 1 CC1(C)OCC(C2C([*])=C(O)C(=O)O2)O1 c1(C#C*)c(C#N)cc(-n2nc[nH]c2=O)cc1O O=C1C=C(C#Cc2ccc(-n3nc[nH]c3=O)cc2)C(C2COCO2)O1 0.3550000 0.3550 0.5980568 0.5981 0.6666667 0.6667 0.4019432 0.4019 1.0000000 424.3690 0.5328861 4.5697 1.0000000 1.0000 0.0 1.0 0.4785133226985431 0.33333333333333337 []
 | 32.3982 37.7789 44.4893 0.6427203 CC=C1CCC(C(C2=C(O)C(C(O)CO)OC2=O)N2C(=O)CCCC2=O)CC1N 1 OC(C1C(O)=C([*])C(=O)O1)CO C1C(C(*)N2C(=O)CCCC2=O)CC(N)C(=CC)C1 C=C1CCC(C(C2=CCOC2=O)N2C(=O)CCCC2=O)CC1 0.5450000 0.5450 0.5663279 0.5663 0.6666667 0.6667 0.4336721 0.4337 1.0000000 408.4510 0.5249898 4.9138 1.0000000 1.0000 0.0 1.0 0.4979708826829135 0.33333333333333337 []
 | 30.5812 52.0446 28.6316 0.6302830 O=C1CC(=O)C(C2=C(C3OC(C(O)CO)C(O)=C3O)OC2=O)C(=O)C1=O 1 OC1=C(O)C([*])OC1C(O)CO C1(=O)CC(=O)C(=O)C(=O)C1C1=C(*)OC1=O O=C1CC(=O)C(C2=C(C3C=CCO3)OC2=O)C(=O)C1=O 0.5000000 0.5000 0.5664706 0.5665 0.6666667 0.6667 0.4335294 0.4335 1.0000000 368.2500 0.5229551 5.0024 1.0000000 1.0000 0.0 1.0 0.5 0.33333333333333337 []
 | 16.7042 26.1331 49.6630 0.5921573 COCC1NC(=O)C1CC1OC(C(O)CBr)C(O)=C1O 1 BrCC(C1OC([*])C(O)=C1O)O C1(=O)NC(COC)C1C* O=C1NCC1CC1C=CCO1 0.3900000 0.3900 0.5447048 0.5447 0.6666667 0.6667 0.4552952 0.4553 1.0000000 352.1810 0.5198896 5.1358 1.0000000 1.0000 0.0 1.0 0.4877499359302879 0.33333333333333337 []
 | 33.1205 46.1557 -46.1557 0.0000000 *C(c1cnc(N)c([N+]([O-])=O)c1)#CCNC 0 C(O)C(C1OC([*])C(O)=C1O)O *C(c1cnc(N)c([N+]([O-])=O)c1)#CCNC -- 0.0000000 0.0000 0.0000000 0.0000 0.0000000 0.0000 0.0000000 0.0000 0.0000000 0.0000 0.0000000 0.0000 0.0000000 0.0000 None None None None None
 | 26.0204 48.7824 35.1771 0.6559337 C#CCn1nc(C2NCCCCC2=O)nc1C1OC(C(O)CO)C(OCc2ccccc2)=C1O 1 C1(O)=C(OCc2ccccc2)C(C(CO)O)OC1[*] O=C1C(c2nc(*)n(CC#C)n2)NCCCC1 O=C1CCCCNC1c1n[nH]c(C2C=C(OCc3ccccc3)CO2)n1 0.5800000 0.5800 0.5853171 0.5853 0.6666667 0.6667 0.4146829 0.4147 1.0000000 468.5100 0.5305921 4.6697 1.0000000 1.0000 0.0 1.0 0.4935585071701226 0.33333333333333337 []
 | 16.6447 34.9001 54.0560 0.6949689 CC1(C#CC2CC(N)CCCO2)OCC(C2OC(=O)C(O)=C2O)O1 1 [*]C1(C)OCC(C2OC(=O)C(O)=C2O)O1 O1C(C#C*)CC(N)CCC1 O=C1C=CC(C2COC(C#CC3CCCCCO3)O2)O1 0.5050000 0.5050 0.6647030 0.6647 1.0000000 1.0000 0.3352970 0.3353 1.0000000 339.3440 0.5196112 5.1479 1.0000000 1.0000 0.0 1.0 0.4999749993749687 0.0 []
 | 21.7013 37.2343 38.8186 0.5941633 C#CC1CCC(CCCNC(=O)C2=C(O)C(=O)OC2C2COC(C)(C)O2)CO1 1 CC1(C)OCC(C2C([*])=C(O)C(=O)O2)O1 C1(CCCNC(=O)*)CCC(C#C)OC1 O=C1C=C(C(=O)NCCCC2CCCOC2)C(C2COCO2)O1 0.2550000 0.2550 0.6287461 0.6287 1.0000000 1.0000 0.3712539 0.3713 1.0000000 393.4360 0.5336459 4.5366 1.0000000 1.0000 0.0 1.0 0.43586121644395015 0.0 []
 | 37.2749 63.3421 26.2985 0.7003169 C#CC(CO)C(C)=C1C(=O)CC(C#N)(C2=C(O)C(C(O)CO)OC2=O)C1=O 1 OC(C1C(O)=C([*])C(=O)O1)CO O=C1C(C#N)(*)CC(=O)C1=C(C(CO)C#C)C C=C1C(=O)CC(C2=CCOC2=O)C1=O 0.5750000 0.5750 0.5769144 0.5769 1.0000000 1.0000 0.4230856 0.4231 1.0000000 375.3330 0.5194240 5.1560 1.0000000 1.0000 0.0 1.0 0.49434299833212975 0.0 []
21:40:53 <WARN> reinvent_plugins.normalizers.rdkit_smiles: C1(O)C(C*)C(=O)NC1=C(C#CC#Cc2cc(O)cc(OC)c2)CCC1=O could not be converted
21:40:53 <WARN> reinvent_plugins.normalizers.rdkit_smiles: n1c(-n2nnc(C)c2)c(C#N)[nH]n1* could not be converted
21:40:53 <WARN> reinvent_plugins.normalizers.rdkit_smiles: C1C(C(=O)OC)(CC#CCC=CC=C#CC)CC(O)CC1* could not be converted
21:40:53 <WARN> reinvent_plugins.normalizers.rdkit_smiles: O=C(NCCc1nnc2cnc(*)nc21)C=C could not be converted
21:40:53 <WARN> reinvent_plugins.normalizers.rdkit_smiles: n1c(CN*)c(C)n(CC=C)c1=O could not be converted
21:40:53 <WARN> reinvent_plugins.normalizers.rdkit_smiles: N1(*)C(=O)C(=O)C=CC(O)(C#C=C)C1 could not be converted
21:40:53 <WARN> reinvent_plugins.normalizers.rdkit_smiles: c1(C(*)C#CCCC#N)nnc2cccnc12 could not be converted
21:40:53 <WARN> reinvent_plugins.normalizers.rdkit_smiles: O1C(=O)COC1C1C1C* could not be converted
21:40:53 <WARN> reinvent_plugins.normalizers.rdkit_smiles: C1C(N*)CCC(Cc2c(C#O)cccc2)C(=O)C1 could not be converted
21:40:53 <WARN> reinvent_plugins.normalizers.rdkit_smiles: c12c(nc3c(c1N)c(C)nnc(O*)c2)CCC(=O)NCF could not be converted
21:40:53 <WARN> reinvent_plugins.normalizers.rdkit_smiles: n1c(*)cnc(C#N)c1C#NC1C(O)COC1 could not be converted
21:40:53 <WARN> reinvent_plugins.normalizers.rdkit_smiles: n1n(C)c(OC)nn1CCC#C* could not be converted
21:40:53 <WARN> reinvent_plugins.normalizers.rdkit_smiles: N1(C(CC2(=O)CCC2=C)C(*)C#N)CCOCC1C#N could not be converted
21:41:09 <INFO> Score: 0.56 Agent NLL: 23.47 Valid:  97% Step: 85
 | Agent Prior Target Score SMILES SMILES_state Input_Scaffold R-groups Scaffold predicted_activity predicted_activity (raw) training_similarity training_similarity (raw) taf_consistency taf_consistency (raw) novelty novelty (raw) MW_window MW_window (raw) synthetic_feasibility synthetic_feasibility (raw) curated alerts filter curated alerts filter (raw) stereo_validity (predicted_activity) scaffold_novelty (predicted_activity) uncertainty (predicted_activity) taf_disrupted (predicted_activity) matchting_patterns (curated alerts filter)
 | 33.7300 42.5382 33.8897 0.5970928 COc1ccc(CC2OC=C(CC3(C)OCC(C4OC(=O)C(O)=C4O)O3)Nc3ccccc32)cc1 1 O1C(C2OC(C)([*])OC2)C(O)=C(O)C1=O O1C(Cc2ccc(OC)cc2)c2c(cccc2)NC(C*)=C1 O=C1C=CC(C2COC(CC3=COC(Cc4ccccc4)c4ccccc4N3)O2)O1 0.3750000 0.3750 0.5933661 0.5934 0.6666667 0.6667 0.4066339 0.4066 1.0000000 481.5010 0.5342361 4.5108 1.0000000 1.0000 0.0 1.0 0.4841229182759271 0.33333333333333337 []
 | 23.1366 38.7132 36.9619 0.5912118 CC1(C)OCC(C2OC(=O)C(O)=C2N2CC(=O)C(C3CCC(=O)NC3)C2=O)O1 1 C1(C2OC(=O)C(O)=C2[*])COC(C)(C)O1 C1(=O)N(*)CC(=O)C1C1CCC(=O)NC1 O=C1CCC(C2C(=O)CN(C3=CC(=O)OC3C3COCO3)C2=O)CN1 0.3400000 0.3400 0.6459752 0.6460 0.6666667 0.6667 0.3540248 0.3540 1.0000000 394.3800 0.5301893 4.6873 1.0000000 1.0000 0.0 1.0 0.4737087712930804 0.33333333333333337 []
 | 25.1248 41.8572 43.8943 0.6699338 O=C1NC(=O)C(CC2=C(O)C(C(O)CO)OC2=O)(c2cccc3nccnc23)O1 1 O=C1C([*])=C(O)C(C(O)CO)O1 C1(c2c3c(nccn3)ccc2)(C*)OC(=O)NC1=O O=C1NC(=O)C(CC2=CCOC2=O)(c2cccc3nccnc23)O1 0.6450000 0.6450 0.5715476 0.5715 0.6666667 0.6667 0.4284524 0.4285 1.0000000 401.3310 0.5370908 4.3862 1.0000000 1.0000 0.0 1.0 0.478513322698543 0.33333333333333337 []
 | 15.5860 31.1179 44.7429 0.5926625 CN1CCC(=C(C#N)C#CC2OC(C(O)CO)C(O)=C2O)C1=O 1 OC1=C(O)C(C(O)CO)OC1[*] C1(=C(C#N)C#C*)CCN(C)C1=O O=C1NCCC1=CC#CC1C=CCO1 0.4200000 0.4200 0.4959410 0.4959 0.6666667 0.6667 0.5040590 0.5041 1.0000000 320.3010 0.5231929 4.9920 1.0000000 1.0000 0.0 1.0 0.4935585071701227 0.33333333333333337 []
 | 17.0646 47.6098 32.1172 0.6228672 N#CC1=C(C#N)C(C#N)(C#CCC2OC(C(O)CBr)C(O)=C2O)C1=O 1 OC1=C(O)C([*])OC1C(CBr)O C1(C#N)(C#CC*)C(=O)C(C#N)=C1C#N O=C1C=CC1C#CCC1C=CCO1 0.5150000 0.5150 0.5149166 0.5149 0.6666667 0.6667 0.4850834 0.4851 1.0000000 404.1760 0.5127319 5.4469 1.0000000 1.0000 0.0 1.0 0.4997749493522059 0.33333333333333337 []
 | 19.0601 31.3334 35.0451 0.5185823 Cc1nc2c(c(C3OC(C(O)CO)C(O)=C3O)n1)CN(C)CC2 1 C1(C(O)CO)OC([*])C(O)=C1O N1(C)CCc2c(c(*)nc(C)n2)C1 C1=CC(c2ncnc3c2CNCC3)OC1 0.4350000 0.4350 0.4423259 0.4423 0.3333333 0.3333 0.5576741 0.5577 1.0000000 323.3490 0.5367074 4.4029 1.0000000 1.0000 0.0 1.0 0.4957569969249047 0.6666666666666667 []
 | 15.6376 32.2023 51.6068 0.6547587 N#CC1(O)CC(=O)C1(O)C#CC1OC(C(O)CO)C(OCc2ccccc2)=C1O 1 C(c1ccccc1)OC1=C(O)C([*])OC1C(O)CO C1(C#C*)(O)C(=O)CC1(O)C#N O=C1CCC1C#CC1C=C(OCc2ccccc2)CO1 0.5400000 0.5400 0.6475993 0.6476 0.6666667 0.6667 0.3524007 0.3524 1.0000000 401.3710 0.5251251 4.9079 1.0000000 1.0000 0.0 1.0 0.49839743177508444 0.33333333333333337 []
 | 28.5368 53.5688 32.0518 0.6689105 COCC#CCNC(=O)C1C(=O)N(C2(C)OCC(C3OC(=O)C(O)=C3O)O2)C1CO 1 O1C(C2OC(C)([*])OC2)C(O)=C(O)C1=O C1(CO)C(C(=O)NCC#CCOC)C(=O)N1* O=C1C=CC(C2COC(N3CCC3=O)O2)O1 0.4400000 0.4400 0.6287461 0.6287 1.0000000 1.0000 0.3712539 0.3713 1.0000000 426.3780 0.5207003 5.1005 1.0000000 1.0000 0.0 1.0 0.4963869458396343 0.0 []
 | 10.7138 13.6335 -13.6335 0.0000000 CC1(C)OCC(C2OC(=O)C(O)=C2C2(C#N)CC2)O1 1 C1(C2OC(=O)C(O)=C2[*])COC(C)(C)O1 C1C(C#N)(*)C1 O=C1C=C(C2CC2)C(C2COCO2)O1 0.3050000 0.3050 0.7700536 0.7701 0.6666667 0.6667 0.2299464 0.2299 1.0000000 265.2650 0.5417497 4.1826 1.0000000 1.0000 0.0 1.0 0.4604074282632721 0.33333333333333337 []
 | 26.2055 39.8002 47.7920 0.6843140 C#CCCCC#Cc1cc2nc(C3=C(O)C(C(O)CO)OC3=O)sc2cc1OC 1 O=C1C([*])=C(O)C(C(O)CO)O1 n1c(*)sc2cc(OC)c(C#CCCCC#C)cc12 O=C1OCC=C1c1nc2ccccc2s1 0.5350000 0.5350 0.5338741 0.5339 1.0000000 1.0000 0.4750000 0.4750 1.0000000 413.4510 0.5432954 4.1150 1.0000000 1.0000 0.0 1.0 0.49877349568717055 0.0 []
21:41:10 <WARN> reinvent_plugins.normalizers.rdkit_smiles: c1c(O)nc(*)n2c1C(=O)N(C(=O)C1C(C)(C)CO1)C2 could not be converted
21:41:10 <WARN> reinvent_plugins.normalizers.rdkit_smiles: c1(C#N)nc(*)c2c(=O)c3c(cccc3)nc2c1 could not be converted
21:41:10 <WARN> reinvent_plugins.normalizers.rdkit_smiles: C1(=O)CC(O)=N(*)CC1S(=O)(=O)C could not be converted
21:41:10 <WARN> reinvent_plugins.normalizers.rdkit_smiles: C1(C#C#CC*)NCCOC1 could not be converted
21:41:10 <WARN> reinvent_plugins.normalizers.rdkit_smiles: N1(*)CCOCC1C#C1CCC1 could not be converted
21:41:10 <WARN> reinvent_plugins.normalizers.rdkit_smiles: c1(Cl)[nH]nc(N*)c1C#C1CC(=O)C(=NOC)C1 could not be converted
21:41:10 <WARN> reinvent_plugins.normalizers.rdkit_smiles: c1c(O)ccncc1C* could not be converted
21:41:10 <WARN> reinvent_plugins.normalizers.rdkit_smiles: O1CC(C)(C)C(CC1(c2c(O)ccc(OC)c2)CC(=O)COC1C)C#C* could not be converted
21:41:10 <WARN> reinvent_plugins.normalizers.rdkit_smiles: n12ccn(C)c(=O)c1N(*)CC(=C)C2 could not be converted
21:41:10 <WARN> reinvent_plugins.normalizers.rdkit_smiles: O=C1CN(*)Cc2ccccc21CCC1C(=CCCNC)C(=O)O1 could not be converted
21:41:10 <WARN> reinvent_plugins.normalizers.rdkit_smiles: C1C2NC=CC=C2C(O)O1* could not be converted
21:41:10 <WARN> reinvent_plugins.normalizers.rdkit_smiles: O1CCCN(S(n2nc(C)cn2*)(=O)=O)CC1 could not be converted
21:41:10 <WARN> reinvent_plugins.normalizers.rdkit_smiles: C1CC2C(CC1C#C)(C#N)C1(C#CN*)C1COC2 could not be converted
21:41:10 <WARN> reinvent_plugins.normalizers.rdkit_smiles: n1cnc2cc(C#N)ccn12* could not be converted
21:41:10 <WARN> reinvent_plugins.normalizers.rdkit_smiles: n1c(C(C*)C#N)cc(C#CCC2C(=O)N(C)C(=O)OC2)c1 could not be converted
21:41:10 <WARN> reinvent_plugins.normalizers.rdkit_smiles: n1c(C(O)CC=C)nc(C(=O)O)n1C)* could not be converted
21:41:25 <INFO> Score: 0.55 Agent NLL: 22.72 Valid:  96% Step: 86
 | Agent Prior Target Score SMILES SMILES_state Input_Scaffold R-groups Scaffold predicted_activity predicted_activity (raw) training_similarity training_similarity (raw) taf_consistency taf_consistency (raw) novelty novelty (raw) MW_window MW_window (raw) synthetic_feasibility synthetic_feasibility (raw) curated alerts filter curated alerts filter (raw) stereo_validity (predicted_activity) scaffold_novelty (predicted_activity) uncertainty (predicted_activity) taf_disrupted (predicted_activity) matchting_patterns (curated alerts filter)
 | 19.3076 20.9220 -20.9220 0.0000000 C=CCCCC=CCC(O)C1(C)OCC(C2OC(=O)C(O)=C2O)O1 1 OC1=C(O)C(C2COC(C)([*])O2)OC1=O *C(O)CC=CCCCC=C O=C1C=CC(C2COCO2)O1 0.3850000 0.3850 0.6781327 0.6781 0.6666667 0.6667 0.3218673 0.3219 1.0000000 340.3720 0.5288187 4.7470 1.0000000 1.0000 0.0 1.0 0.4865953144040744 0.33333333333333337 []
 | 28.1804 41.7974 34.3774 0.5951162 CC1(C)OCC(C2OC(=O)C(O)=C2CCCC#Cc2nc3c(o2)NCCC3=O)O1 1 C1(O)=C([*])C(C2COC(C)(C)O2)OC1=O c1(C#CCCC*)oc2c(n1)C(=O)CCN2 O=C1C=C(CCCC#Cc2nc3c(o2)NCCC3=O)C(C2COCO2)O1 0.2650000 0.2650 0.6028605 0.6029 1.0000000 1.0000 0.3971395 0.3971 1.0000000 402.4030 0.5307785 4.6616 1.0000000 1.0000 0.0 1.0 0.4413332074521472 0.0 []
 | 17.7058 24.5799 -24.5799 0.0000000 NC(=O)C#CCNC1=C(O)C(C(O)CO)OC1=O 1 O=C1C([*])=C(O)C(C(O)CO)O1 N(CC#CC(=O)N)* O=C1C=CCO1 0.6450000 0.6450 0.6640783 0.6641 1.0000000 1.0000 0.3359217 0.3359 1.0000000 256.2140 0.5366760 4.4043 1.0000000 1.0000 0.0 1.0 0.4785133226985431 0.0 []
 | 22.8352 33.0474 34.7888 0.5299702 Nc1ncc(CO)cc1CCOC1OC(C(O)CO)C(O)=C1O 1 C1(O)=C(O)C([*])OC1C(CO)O c1c(CO)cnc(N)c1CCO* C1=CC(OCCc2cccnc2)OC1 0.4600000 0.4600 0.4641396 0.4641 0.3333333 0.3333 0.5358604 0.5359 1.0000000 328.3210 0.5385467 4.3226 1.0000000 1.0000 0.0 1.0 0.49839743177508444 0.6666666666666667 []
 | 14.7540 24.2557 53.1604 0.6048131 O=C(C#CC1OC(C(O)CBr)C(O)=C1O)NCC1CC1 1 OC1=C(O)C(C(CBr)O)OC1[*] C1C(CNC(=O)C#C*)C1 O=C(C#CC1C=CCO1)NCC1CC1 0.4450000 0.4450 0.5144435 0.5144 0.6666667 0.6667 0.4855565 0.4856 1.0000000 346.1770 0.5277711 4.7927 1.0000000 1.0000 0.0 1.0 0.49696579359147036 0.33333333333333337 []
 | 48.1589 60.0757 19.9484 0.6251889 C=C1OC(=O)C1=C(C#Cc1ccc2c(c1)C(=C(F)F)CCN2C)CC1OC(C(O)CO)C(O)=C1O 1 OC(C1C(O)=C(O)C([*])O1)CO C1(=C(C*)C#Cc2ccc3c(c2)C(=C(F)F)CCN3C)C(=O)OC1=C C=C1OC(=O)C1=C(C#Cc1ccc2c(c1)C(=C)CCN2)CC1C=CCO1 0.4300000 0.4300 0.4365641 0.4366 1.0000000 1.0000 0.5634359 0.5634 1.0000000 487.4550 0.5208712 5.0931 1.0000000 1.0000 0.0 1.0 0.4950757517794625 0.0 []
 | 9.7855 14.7317 70.1697 0.6632916 N#CC1(C2OC(C(O)CO)C(OCc3ccccc3)=C2O)CC1 1 OC(CO)C1C(OCc2ccccc2)=C(O)C([*])O1 C1(C#N)(*)CC1 C1=C(OCc2ccccc2)COC1C1CC1 0.5500000 0.5500 0.6714416 0.6714 0.6666667 0.6667 0.3285584 0.3286 1.0000000 317.3410 0.5441260 4.0786 1.0000000 1.0000 0.0 1.0 0.49749371855331 0.33333333333333337 []
 | 25.6153 41.4864 46.6147 0.6882902 CC1(C2CC(O)C2C#CC#CC2CCC2)OCC(C2OC(=O)C(O)=C2O)O1 1 OC1=C(O)C(C2COC(C)([*])O2)OC1=O C1(C#CC#CC2C(*)CC2O)CCC1 O=C1C=CC(C2COC(C3CCC3C#CC#CC3CCC3)O2)O1 0.4850000 0.4850 0.6647030 0.6647 1.0000000 1.0000 0.3352970 0.3353 1.0000000 374.3890 0.5164568 5.2850 1.0000000 1.0000 0.0 1.0 0.4997749493522059 0.0 []
 | 31.7507 38.8479 24.4357 0.4944030 Cc1nc2c(c(=O)[nH]1)C(=O)n1c(cnc1C1=C(O)C(=O)OC1C1COC(C)(C)O1)OC2 1 C1(O)=C([*])C(C2COC(C)(C)O2)OC1=O c12cnc(*)n1C(=O)c1c(nc(C)[nH]c1=O)CO2 O=C1C=C(c2ncc3n2C(=O)c2c(nc[nH]c2=O)CO3)C(C2COCO2)O1 0.2750000 0.2750 0.6077819 0.6078 0.3333333 0.3333 0.3922181 0.3922 1.0000000 430.3730 0.5327849 4.5741 1.0000000 1.0000 0.0 1.0 0.4465142774872938 0.6666666666666667 []
 | 31.2564 40.8261 49.3866 0.7047861 Cc1nc(CC2=C(O)C(C(O)CO)OC2=O)c(C#CCCO)cc1OCC(=O)O 1 O=C1C([*])=C(O)C(C(O)CO)O1 OCCC#Cc1cc(OCC(O)=O)c(C)nc1C* O=C1OCC=C1Cc1ccccn1 0.6050000 0.6050 0.5432145 0.5432 1.0000000 1.0000 0.4567855 0.4568 1.0000000 407.3750 0.5434728 4.1072 1.0000000 1.0000 0.0 1.0 0.4888506929523574 0.0 []
21:41:26 <WARN> reinvent_plugins.normalizers.rdkit_smiles: C1(=O)C(C(*)C#CC#=)CC(C)=N1 could not be converted
21:41:26 <WARN> reinvent_plugins.normalizers.rdkit_smiles: n1c(*)c(O)c(=C)cc1 could not be converted
21:41:26 <WARN> reinvent_plugins.normalizers.rdkit_smiles: c1(*)[nH]c2c(cc(-c3ccccc3C#N)n2)n1 could not be converted
21:41:26 <WARN> reinvent_plugins.normalizers.rdkit_smiles: c12c(c(C(*)=C#CC#N)ncc1)CC(=O)N2 could not be converted
21:41:26 <WARN> reinvent_plugins.normalizers.rdkit_smiles: c1(-c2cc(-c3c(C)nc(N*)ccc3)ncc2)ccccc1 could not be converted
21:41:26 <WARN> reinvent_plugins.normalizers.rdkit_smiles: C1C(CC=C)(OC)C(=O)CO1* could not be converted
21:41:26 <WARN> reinvent_plugins.normalizers.rdkit_smiles: n1c2c(c(*)nc1)C(=O)C(O)(C#C=C)C2=O could not be converted
21:41:26 <WARN> reinvent_plugins.normalizers.rdkit_smiles: O=C1c2c(*)nc(CN)cn2CC1 could not be converted
21:41:26 <WARN> reinvent_plugins.normalizers.rdkit_smiles: O=C1COC(=O)C1C(=O)c1cc(OC)n(C*)c(C#N)n1 could not be converted
21:41:26 <WARN> reinvent_plugins.normalizers.rdkit_smiles: N1(C#C)CC(=O)C(=O)C=C1C#NCC1(*)COC1 could not be converted
21:41:26 <WARN> reinvent_plugins.normalizers.rdkit_smiles: C1C(C#N)(C#CC*)C(=O)CC[n+]1C could not be converted
21:41:26 <WARN> reinvent_plugins.normalizers.rdkit_smiles: O=C1COC(C#N)=N1* could not be converted
21:41:26 <WARN> reinvent_plugins.normalizers.rdkit_smiles: c1(C)n(C*)nc2ncc(C#N)c(=O)c12 could not be converted
21:41:42 <INFO> Score: 0.56 Agent NLL: 23.46 Valid:  97% Step: 87
 | Agent Prior Target Score SMILES SMILES_state Input_Scaffold R-groups Scaffold predicted_activity predicted_activity (raw) training_similarity training_similarity (raw) taf_consistency taf_consistency (raw) novelty novelty (raw) MW_window MW_window (raw) synthetic_feasibility synthetic_feasibility (raw) curated alerts filter curated alerts filter (raw) stereo_validity (predicted_activity) scaffold_novelty (predicted_activity) uncertainty (predicted_activity) taf_disrupted (predicted_activity) matchting_patterns (curated alerts filter)
 | 34.7782 64.9767 -64.9767 0.0000000 C#CC(C#CC1(C)OCC(C2OC(=O)C(O)=C2O)O1)=C1CN2C(=O)C(C#N)C=CN12 1 [*]C1(C)OCC(C2C(O)=C(O)C(=O)O2)O1 C1(C#N)C(=O)N2N(C(=C(C#C*)C#C)C2)C=C1 O=C1C=CC(C2COC(C#CC=C3CN4C(=O)CC=CN34)O2)O1 0.0000000 0.0000 0.0000000 0.0000 0.0000000 0.0000 0.0000000 0.0000 0.0000000 0.0000 0.0000000 0.0000 0.0000000 0.0000 None None None None ['[#7;!n][#7;!n]']
 | 28.4586 44.8258 26.2147 0.5550037 Cc1c(S(=O)(=O)C#CC2=C(O)C(=O)OC2C2COC(C)(C)O2)ncc(O)c1C#N 1 C1(O)=C([*])C(C2COC(C)(C)O2)OC1=O c1(C#N)c(C)c(S(=O)(C#C*)=O)ncc1O O=C1C=C(C#CS(=O)(=O)c2ccccn2)C(C2COCO2)O1 0.2600000 0.2600 0.6287461 0.6287 0.6666667 0.6667 0.3712539 0.3713 1.0000000 420.3990 0.5316716 4.6227 1.0000000 1.0000 0.0 1.0 0.43863424398922624 0.33333333333333337 []
 | 29.0192 44.6283 44.3924 0.6954739 CC(OCC#CCC1C=CC(=O)O1)C(=O)C1=C(O)C(C(O)CO)OC1=O 1 C1(=O)C([*])=C(O)C(C(O)CO)O1 C1(CC#CCOC(C(=O)*)C)OC(=O)C=C1 O=C1C=CC(CC#CCOCC(=O)C2=CCOC2=O)O1 0.5500000 0.5500 0.5824353 0.5824 1.0000000 1.0000 0.4175647 0.4176 1.0000000 366.3220 0.5260382 4.8682 1.0000000 1.0000 0.0 1.0 0.49749371855331 0.0 []
 | 16.6042 28.0200 49.8746 0.6085512 N#CC1(C2OC(C(O)CO)C(O)=C2O)CC(N)C1=O 1 C1(O)=C(O)C(C(CO)O)OC1[*] C1(C#N)(*)C(=O)C(N)C1 O=C1CCC1C1C=CCO1 0.4500000 0.4500 0.5309908 0.5310 0.6666667 0.6667 0.4690092 0.4690 1.0000000 270.2410 0.5192165 5.1650 1.0000000 1.0000 0.0 1.0 0.49749371855331004 0.33333333333333337 []
 | 21.2094 30.2473 43.1174 0.5731615 O=C1NCCC1C(=O)N1CCC(CNC2OC(C(O)CBr)C(O)=C2O)CC1 1 O1C([*])C(O)=C(O)C1C(CBr)O N1C(=O)C(C(N2CCC(CN*)CC2)=O)CC1 O=C1NCCC1C(=O)N1CCC(CNC2C=CCO2)CC1 0.3650000 0.3650 0.4848952 0.4849 0.6666667 0.6667 0.5151048 0.5151 1.0000000 448.3140 0.5316173 4.6250 1.0000000 1.0000 0.0 1.0 0.4814301610825811 0.33333333333333337 []
 | 18.7283 30.7719 44.7039 0.5896547 CC(=O)N1CCc2cncc(C#CC3OC(C(O)CO)C(O)=C3O)c21 1 C1([*])C(O)=C(O)C(C(O)CO)O1 c12c(c(C#C*)cnc1)N(C(C)=O)CC2 C(#CC1C=CCO1)c1cncc2c1NCC2 0.4500000 0.4500 0.4395538 0.4396 0.6666667 0.6667 0.5604462 0.5604 1.0000000 346.3390 0.5312063 4.6430 1.0000000 1.0000 0.0 1.0 0.49749371855331004 0.33333333333333337 []
 | 15.0045 23.2489 68.5799 0.7174125 O=C1OCc2cccc(C#CC3OC(C(O)CO)C(OCc4ccccc4)=C3O)c21 1 c1c(COC2=C(O)C([*])OC2C(CO)O)cccc1 c12c(cccc1C#C*)COC2=O O=C1OCc2cccc(C#CC3C=C(OCc4ccccc4)CO3)c21 0.5800000 0.5800 0.6475993 0.6476 1.0000000 1.0000 0.3524007 0.3524 1.0000000 408.4060 0.5415480 4.1914 1.0000000 1.0000 0.0 1.0 0.4935585071701227 0.0 []
 | 16.7371 33.3187 56.1945 0.6993215 CC1(C(C#N)=C2CSC(=O)N2)OCC(C2OC(=O)C(O)=C2O)O1 1 [*]C1(C)OCC(C2C(O)=C(O)C(=O)O2)O1 S1C(=O)NC(=C(C#N)*)C1 O=C1C=CC(C2COC(C=C3CSC(=O)N3)O2)O1 0.5100000 0.5100 0.6851601 0.6852 1.0000000 1.0000 0.3148399 0.3148 1.0000000 340.3130 0.5201536 5.1243 1.0000000 1.0000 0.0 1.0 0.4998999899979995 0.0 []
 | 25.3274 47.0794 33.2825 0.6278273 CC#CC(C(=O)N1CCNCC1C#N)C(C)C1=C(O)C(=O)OC1C1COC(C)(C)O1 1 C1(O)=C([*])C(C2COC(C)(C)O2)OC1=O C1(C#N)N(C(C(C(C)*)C#CC)=O)CCNC1 O=C1C=C(CCC(=O)N2CCNCC2)C(C2COCO2)O1 0.3400000 0.3400 0.6028605 0.6029 1.0000000 1.0000 0.3971395 0.3971 1.0000000 417.4620 0.5219072 5.0480 1.0000000 1.0000 0.0 1.0 0.4737087712930804 0.0 []
 | 28.6659 40.3165 49.0629 0.6982770 Cn1cc(C2=CC(=O)C(=O)C2)cc(C#CC2=C(O)C(C(O)CO)OC2=O)c1=O 1 C1(=O)C([*])=C(O)C(C(O)CO)O1 C1(=O)CC(c2cc(C#C*)c(=O)n(C)c2)=CC1=O O=C1C=C(c2c[nH]c(=O)c(C#CC3=CCOC3=O)c2)CC1=O 0.5700000 0.5700 0.5612485 0.5612 1.0000000 1.0000 0.4387515 0.4388 1.0000000 385.3280 0.5361692 4.4264 1.0000000 1.0000 0.0 1.0 0.4950757517794625 0.0 []
21:41:43 <WARN> reinvent_plugins.normalizers.rdkit_smiles: C1(C#N)(CO*)C1 could not be converted
21:41:43 <WARN> reinvent_plugins.normalizers.rdkit_smiles: O=C1NC(=O)NC12CC1(C(=O)O)C=C(*)C(=O)O2 could not be converted
21:41:43 <WARN> reinvent_plugins.normalizers.rdkit_smiles: c1(CCNCC*)nc(C)c2c(c1)C1(C(=O)CC)CC2C2C2(=O)CCC1 could not be converted
21:41:43 <WARN> reinvent_plugins.normalizers.rdkit_smiles: O1C=C(C#C2C(C*)OC2=O)CC1 could not be converted
21:41:43 <WARN> reinvent_plugins.normalizers.rdkit_smiles: C1(CNc2c(-c3ccncc3)[nH]c(COC)c2)C1* could not be converted
21:41:43 <WARN> reinvent_plugins.normalizers.rdkit_smiles: O1CCC(C#C*)=C(C#N)C1=C#C could not be converted
21:41:43 <WARN> reinvent_plugins.normalizers.rdkit_smiles: C1C(CN*)OC(Cn2nc(Cc4ccccc3)[nH]c2=O)C1 could not be converted
21:41:43 <WARN> reinvent_plugins.normalizers.rdkit_smiles: C1(C#N)(S(C)(=O)=O)C(=C#C*)C(=O)C(=O)C1=C could not be converted
21:41:43 <WARN> reinvent_plugins.normalizers.rdkit_smiles: c1(-c2c(C(=O)C)nccn2CC#C*)ccccc1 could not be converted
21:41:43 <WARN> reinvent_plugins.normalizers.rdkit_smiles: C1(=C(C#CC#CCO*)C#N)C(=O)C2=CCCC(CC#C#C)O2C1 could not be converted
21:41:43 <WARN> reinvent_plugins.normalizers.rdkit_smiles: C1(=O)NCC(c2nc(C(N)=O)c(N)nc2CC)C(=O)O1C* could not be converted
21:41:43 <WARN> reinvent_plugins.normalizers.rdkit_smiles: c1c2c3c(ccc2)C(=O)N(CC(CC3(O)*)C)C1=O could not be converted
21:41:43 <WARN> reinvent_plugins.normalizers.rdkit_smiles: C1(=C(C#N)C#N)C(=O)C1C#N* could not be converted
21:41:43 <WARN> reinvent_plugins.normalizers.rdkit_smiles: C1C(*)O(C)C(=O)NC1(C(=O)O)C#N could not be converted
21:41:43 <WARN> reinvent_plugins.normalizers.rdkit_smiles: c1(*)[nH]c2cccc(C#N)n2n1 could not be converted
21:41:43 <WARN> reinvent_plugins.normalizers.rdkit_smiles: C1(=O)c2c(c(C(=O)c3nc(C)cc(C(=O)C)n3)cc2)C(C#C*)(C)C1 could not be converted
21:41:43 <WARN> reinvent_plugins.normalizers.rdkit_smiles: C1(C)=C(C#O)C(=O)C1C* could not be converted
21:41:43 <WARN> reinvent_plugins.normalizers.rdkit_smiles: O1C(*)C(=C#C)C(=O)OC1 could not be converted
21:41:58 <INFO> Score: 0.57 Agent NLL: 23.57 Valid:  96% Step: 88
 | Agent Prior Target Score SMILES SMILES_state Input_Scaffold R-groups Scaffold predicted_activity predicted_activity (raw) training_similarity training_similarity (raw) taf_consistency taf_consistency (raw) novelty novelty (raw) MW_window MW_window (raw) synthetic_feasibility synthetic_feasibility (raw) curated alerts filter curated alerts filter (raw) stereo_validity (predicted_activity) scaffold_novelty (predicted_activity) uncertainty (predicted_activity) taf_disrupted (predicted_activity) matchting_patterns (curated alerts filter)
 | 16.9780 52.8263 36.8363 0.7004895 CC1(C#CNC2=C(C#N)C(C#N)COC2)OCC(C2OC(=O)C(O)=C2O)O1 1 CC1([*])OCC(C2C(O)=C(O)C(=O)O2)O1 C1(C#N)C(C#N)=C(NC#C*)COC1 O=C1C=CC(C2COC(C#CNC3=CCCOC3)O2)O1 0.5400000 0.5400 0.6400757 0.6401 1.0000000 1.0000 0.3599243 0.3599 1.0000000 373.3210 0.5115402 5.4987 1.0000000 1.0000 0.0 1.0 0.49839743177508444 0.0 []
 | 13.2901 14.7338 -14.7338 0.0000000 CC1(C)OCC(C2OC(=O)C(O)=C2C2COC2=O)O1 1 O=C1OC(C2OC(C)(C)OC2)C([*])=C1O C1(=O)OCC1* O=C1C=C(C2COC2=O)C(C2COCO2)O1 0.3350000 0.3350 0.7803902 0.7804 0.3333333 0.3333 0.2196098 0.2196 1.0000000 270.2370 0.5390146 4.3022 1.0000000 1.0000 0.0 1.0 0.4719904660054057 0.6666666666666667 []
 | 19.2034 30.9912 54.5331 0.6681590 Cc1nc(CO)nc2ccnc(C3=C(O)C(C(O)CO)OC3=O)c12 1 OC1=C([*])C(=O)OC1C(O)CO n1c(*)c2c(C)nc(CO)nc2cc1 O=C1OCC=C1c1nccc2ncncc12 0.6150000 0.6150 0.5939697 0.5940 0.6666667 0.6667 0.4060303 0.4060 1.0000000 333.3000 0.5457106 4.0093 1.0000000 1.0000 0.0 1.0 0.4865953144040744 0.33333333333333337 []
 | 37.3878 41.9386 34.2299 0.5950669 CC1(C)CCCC2C(O)(C(O)C#CC#CCC3OC(C(O)CO)C(O)=C3O)C21C(=O)O 1 C1(O)=C(O)C([*])OC1C(O)CO C1(C(O)C#CC#CC*)(O)C2CCCC(C)(C)C21C(=O)O C(C#CCC1C2CCCCC12)#CCC1C=CCO1 0.4700000 0.4700 0.4503410 0.4503 0.6666667 0.6667 0.5496590 0.5497 1.0000000 436.4570 0.5076008 5.6699 1.0000000 1.0000 0.0 1.0 0.49909918853871116 0.33333333333333337 []
 | 32.9952 34.8755 43.7847 0.6145329 CC1=CC(=O)c2ccccc2C1C(COS(=O)(=O)O)C1OC(C(O)CBr)C(O)=C1O 1 BrCC(C1OC([*])C(O)=C1O)O C1(C(COS(=O)(O)=O)*)C(C)=CC(=O)c2c1cccc2 O=C1C=CC(CC2C=CCO2)c2ccccc21 0.4850000 0.4850 0.5070724 0.5071 0.6666667 0.6667 0.4929276 0.4929 1.0000000 505.3390 0.5247058 4.9262 1.0000000 1.0000 0.0 1.0 0.4997749493522059 0.33333333333333337 []
 | 25.8134 37.5258 37.1161 0.5831398 N#CC1C(=O)C2CC(OC3OC(C(O)CO)C(O)=C3O)C(=O)N1C2 1 C1([*])C(O)=C(O)C(C(O)CO)O1 C1(=O)C(C#N)N2C(=O)C(O*)CC1C2 O=C1CN2CC1CC(OC1C=CCO1)C2=O 0.4100000 0.4100 0.4808326 0.4808 0.6666667 0.6667 0.5191674 0.5192 1.0000000 340.2880 0.4989097 6.0474 1.0000000 1.0000 0.0 1.0 0.4918333050943175 0.33333333333333337 []
 | 14.7812 24.2752 62.3740 0.6769469 O=C1NC(=O)C(CO)(CC2OC(C(O)CO)C(OCc3ccccc3)=C2O)O1 1 c1c(COC2=C(O)C([*])OC2C(O)CO)cccc1 C1(=O)C(CO)(C*)OC(=O)N1 O=C1NC(=O)C(CC2C=C(OCc3ccccc3)CO2)O1 0.6050000 0.6050 0.6774581 0.6775 0.6666667 0.6667 0.3225419 0.3225 1.0000000 395.3640 0.5345978 4.4950 1.0000000 1.0000 0.0 1.0 0.48885069295235745 0.33333333333333337 []
 | 23.2739 45.4284 26.7658 0.5640178 Cc1c(C2CC(C(=O)O)N(C3(C)OCC(C4OC(=O)C(O)=C4O)O3)C2)cnn1C 1 CC1([*])OCC(C2C(O)=C(O)C(=O)O2)O1 C1C(C(O)=O)N(*)CC1c1c(C)n(C)nc1 O=C1C=CC(C2COC(N3CCC(c4cn[nH]c4)C3)O2)O1 0.4950000 0.4950 0.6179975 0.6180 0.3333333 0.3333 0.3820025 0.3820 1.0000000 409.3950 0.5260406 4.8680 1.0000000 1.0000 0.0 1.0 0.49997499937496875 0.6666666666666667 []
 | 15.5257 22.6002 -22.6002 0.0000000 C#CC1CCC(C2=C(O)C(=O)OC2C2COC(C)(C)O2)CC1 1 O=C1OC(C2OC(C)(C)OC2)C([*])=C1O C1(*)CCC(C#C)CC1 O=C1C=C(C2CCCCC2)C(C2COCO2)O1 0.2650000 0.2650 0.7324670 0.7325 0.6666667 0.6667 0.2675330 0.2675 1.0000000 306.3580 0.5421618 4.1646 1.0000000 1.0000 0.0 1.0 0.4413332074521472 0.33333333333333337 []
 | 28.4938 41.3269 39.6022 0.6322587 CNC(CCCc1cccc(O)c1)C(=O)N1CCC(CC2=C(O)C(C(O)CO)OC2=O)CC1 1 OC1=C([*])C(=O)OC1C(O)CO C1(C*)CCN(C(=O)C(CCCc2cc(O)ccc2)NC)CC1 O=C1OCC=C1CC1CCN(C(=O)CCCCc2ccccc2)CC1 0.5250000 0.5250 0.5250000 0.5250 0.6666667 0.6667 0.4750000 0.4750 1.0000000 462.5430 0.5476270 3.9253 1.0000000 1.0000 0.0 1.0 0.4993746088859544 0.33333333333333337 []
21:41:59 <WARN> reinvent_plugins.normalizers.rdkit_smiles: O1C(=O)C2(C(*)C#=C)CC(=O)N21 could not be converted
21:41:59 <WARN> reinvent_plugins.normalizers.rdkit_smiles: C1(C#O)(C#N)CC(C(*)=O)(C#N)C1 could not be converted
21:41:59 <WARN> reinvent_plugins.normalizers.rdkit_smiles: c1(C#N)c(C#N)c[nH]c(N*)c1 could not be converted
21:41:59 <WARN> reinvent_plugins.normalizers.rdkit_smiles: C1(C#N)(CC2CCN(C)N2C)C(C*)CO=N1 could not be converted
21:41:59 <WARN> reinvent_plugins.normalizers.rdkit_smiles: c12c([nH]cc2*)nc(N)n1 could not be converted
21:41:59 <WARN> reinvent_plugins.normalizers.rdkit_smiles: C(#Cc1c(C#N)nsc1)(C)(*)O could not be converted
21:41:59 <WARN> reinvent_plugins.normalizers.rdkit_smiles: O=c1cc(C#N)c(OC*)[nH]1 could not be converted
21:41:59 <WARN> reinvent_plugins.normalizers.rdkit_smiles: C1(=C(=O)C)CN(S(=O)(*)=O)CC1(C#CC#C)CC=C could not be converted
21:41:59 <WARN> reinvent_plugins.normalizers.rdkit_smiles: c1(N*)c(=O)[nH]c(=O)c(N)n(CC#C)c1=O could not be converted
21:41:59 <WARN> reinvent_plugins.normalizers.rdkit_smiles: n1c(CCC2=O)n(CC*)nn2c(=O)cc1 could not be converted
21:41:59 <WARN> reinvent_plugins.normalizers.rdkit_smiles: C1(CO*)CC(=C(C)O)C(C#=C)C1 could not be converted
21:41:59 <WARN> reinvent_plugins.normalizers.rdkit_smiles: c1(=C(C#N)C#N)cnn2c(*)nnc2c1 could not be converted
21:41:59 <WARN> reinvent_plugins.normalizers.rdkit_smiles: C1(C(=O)C(*)C#N)(C)C1(C#N)CNC could not be converted
21:41:59 <WARN> reinvent_plugins.normalizers.rdkit_smiles: c12c(c3c(cc(C#C*)cc3)[nH]c1=O)CC(=O)c1c(C)n(C)c(=O)[nH]c12 could not be converted
21:42:15 <INFO> Score: 0.55 Agent NLL: 23.64 Valid:  97% Step: 89
 | Agent Prior Target Score SMILES SMILES_state Input_Scaffold R-groups Scaffold predicted_activity predicted_activity (raw) training_similarity training_similarity (raw) taf_consistency taf_consistency (raw) novelty novelty (raw) MW_window MW_window (raw) synthetic_feasibility synthetic_feasibility (raw) curated alerts filter curated alerts filter (raw) stereo_validity (predicted_activity) scaffold_novelty (predicted_activity) uncertainty (predicted_activity) taf_disrupted (predicted_activity) matchting_patterns (curated alerts filter)
 | 26.6454 44.9048 36.4987 0.6359652 CC1(C(C#N)CC=CCN2CC2C#N)OCC(C2OC(=O)C(O)=C2O)O1 1 O=C1C(O)=C(O)C(C2COC(C)([*])O2)O1 N1(CC=CCC(C#N)*)C(C#N)C1 O=C1C=CC(C2COC(CCC=CCN3CC3)O2)O1 0.4850000 0.4850 0.6343350 0.6343 0.6666667 0.6667 0.3656650 0.3657 1.0000000 361.3540 0.5143894 5.3749 1.0000000 1.0000 0.0 1.0 0.4997749493522059 0.33333333333333337 []
 | 14.9960 39.6124 30.6595 0.5489992 CC#CC(C#CC1CCC1)CC1=C(O)C(=O)OC1C1COC(C)(C)O1 1 O1C(C)(C)OC(C2OC(=O)C(O)=C2[*])C1 C1(C#CC(C#CC)C*)CCC1 O=C1C=C(CCC#CC2CCC2)C(C2COCO2)O1 0.2400000 0.2400 0.6647030 0.6647 0.6666667 0.6667 0.3352970 0.3353 1.0000000 344.4070 0.5272806 4.8140 1.0000000 1.0000 0.0 1.0 0.4270831300812524 0.33333333333333337 []
 | 21.6339 40.2708 50.1306 0.7062613 CN(C)C(C#N)C1C(=O)NC1C1=C(O)C(C(O)CO)OC1=O 1 OCC(O)C1OC(=O)C([*])=C1O C1(C(N(C)C)C#N)C(=O)NC1* O=C1CC(C2=CCOC2=O)N1 0.5650000 0.5650 0.6192562 0.6193 1.0000000 1.0000 0.3807438 0.3807 1.0000000 311.2940 0.5255307 4.8903 1.0000000 1.0000 0.0 1.0 0.4957569969249047 0.0 []
 | 40.1410 46.5045 -46.5045 0.0000000 CC1(C)NC(=O)NC(=O)C(C2OC(C(O)CO)C(O)=C2O)C(=O)C1c1ccccc1C#N 1 O1C([*])C(O)=C(O)C1C(O)CO C1(=O)C(*)C(=O)NC(=O)NC(C)(C)C1c1ccccc1C#N O=C1NCC(c2ccccc2)C(=O)C(C2C=CCO2)C(=O)N1 0.0000000 0.0000 0.0000000 0.0000 0.0000000 0.0000 0.0000000 0.0000 0.0000000 0.0000 0.0000000 0.0000 0.0000000 0.0000 None None None None ['[*;r{8-17}]']
 | 19.9759 43.9044 31.3065 0.5875856 N#Cc1nc(NC2OC(C(O)CBr)C(O)=C2O)nc(N2CCNCC2)n1 1 [*]C1OC(C(CBr)O)C(O)=C1O c1(N2CCNCC2)nc(C#N)nc(N*)n1 C1=CC(Nc2ncnc(N3CCNCC3)n2)OC1 0.4500000 0.4500 0.4310180 0.4310 0.6666667 0.6667 0.5689820 0.5690 1.0000000 428.2470 0.5320239 4.6073 1.0000000 1.0000 0.0 1.0 0.49749371855331004 0.33333333333333337 []
 | 25.8330 33.1535 33.1292 0.5178337 Nc1nc(C2OC(C(O)CO)C(O)=C2O)c2ccn(CCN3CCOCC3)c2n1 1 [*]C1C(O)=C(O)C(C(O)CO)O1 n1c(N)nc(*)c2ccn(CCN3CCOCC3)c12 C1=CC(c2ncnc3c2ccn3CCN2CCOCC2)OC1 0.4650000 0.4650 0.4045199 0.4045 0.3333333 0.3333 0.5954801 0.5955 1.0000000 407.4270 0.5399758 4.2602 1.0000000 1.0000 0.0 1.0 0.49877349568717055 0.6666666666666667 []
 | 25.8351 32.2182 -32.2182 0.0000000 C=CCCOC(C=CCC(=C)C)CC1OC(C(O)CO)C(OCc2ccccc2)=C1O 1 c1(COC2=C(O)C([*])OC2C(O)CO)ccccc1 O(C(C*)C=CCC(C)=C)CCC=C C1=C(OCc2ccccc2)COC1 0.4500000 0.4500 0.5846034 0.5846 0.3333333 0.3333 0.4153966 0.4154 1.0000000 430.5410 0.5330283 4.5635 1.0000000 1.0000 0.0 1.0 0.49749371855331004 0.6666666666666667 []
 | 27.2662 34.1066 37.4621 0.5591304 CN1C(=O)COC2CC21C(=O)CC1(C)OCC(C2OC(=O)C(O)=C2O)O1 1 O=C1C(O)=C(O)C(C2COC(C)([*])O2)O1 N1(C)C(=O)COC2C1(C(=O)C*)C2 O=C1COC2CC2(C(=O)CC2OCC(C3C=CC(=O)O3)O2)N1 0.4600000 0.4600 0.6582806 0.6583 0.3333333 0.3333 0.3417194 0.3417 1.0000000 369.3260 0.5190467 5.1724 1.0000000 1.0000 0.0 1.0 0.49839743177508444 0.6666666666666667 []
 | 18.1187 42.5592 -42.5592 0.0000000 C#CC(O)C#CC1CCCCC1CC1=C(O)C(=O)OC1C1COC(C)(C)O1 1 O1C(C)(C)OC(C2OC(=O)C(O)=C2[*])C1 C1(C*)C(C#CC(C#C)O)CCCC1 O=C1C=C(CC2CCCCC2)C(C2COCO2)O1 0.3650000 0.3650 0.6400757 0.6401 1.0000000 1.0000 0.3599243 0.3599 1.0000000 374.4330 0.5211471 5.0810 1.0000000 1.0000 0.0 1.0 0.4814301610825811 0.0 []
 | 27.8976 35.0385 44.6285 0.6223985 O=C1OC(C(O)CO)C(O)=C1CC1CCOC2C1CCCC(O)C2C(=O)O 1 OCC(O)C1OC(=O)C([*])=C1O C1(C*)CCOC2C(C(=O)O)C(O)CCCC12 O=C1OCC=C1CC1CCOC2CCCCCC12 0.4650000 0.4650 0.5769144 0.5769 0.6666667 0.6667 0.4230856 0.4231 1.0000000 386.3970 0.5256090 4.8868 1.0000000 1.0000 0.0 1.0 0.49877349568717055 0.33333333333333337 []
21:42:16 <WARN> reinvent_plugins.normalizers.rdkit_smiles: C12C(=CC)(C(=O)NC*)CCCC1OC(=O)C2 could not be converted
21:42:16 <WARN> reinvent_plugins.normalizers.rdkit_smiles: n1n(CCCC#CCCC)cnc(C(=O)C(*)C)c1=O could not be converted
21:42:16 <WARN> reinvent_plugins.normalizers.rdkit_smiles: C1(C#Cc2c(C*)[nH]cnc2C)CCCC1 could not be converted
21:42:16 <WARN> reinvent_plugins.normalizers.rdkit_smiles: C1(C#CC22C(=O)SC(C#N)*C2)CCNC1=O could not be converted
21:42:16 <WARN> reinvent_plugins.normalizers.rdkit_smiles: C1(C(=O)N1CC(C*)=CC1)C#C could not be converted
21:42:16 <WARN> reinvent_plugins.normalizers.rdkit_smiles: C1(C#N)(=CNC*)COCC1 could not be converted
21:42:16 <WARN> reinvent_plugins.normalizers.rdkit_smiles: C1(Cc2ccccc2)(CC#C)C(=O)C(*)C2C(C)OC(C)O21 could not be converted
21:42:16 <WARN> reinvent_plugins.normalizers.rdkit_smiles: C1c2ccc(C)cn2C(N*)C(=O)N1 could not be converted
21:42:16 <WARN> reinvent_plugins.normalizers.rdkit_smiles: c1(C#N)nc(N)ccn1C* could not be converted
21:42:16 <WARN> reinvent_plugins.normalizers.rdkit_smiles: C1(C#=CC#C*)CC1=CC(C1CC(O)C1)=O could not be converted
21:42:16 <WARN> reinvent_plugins.normalizers.rdkit_smiles: c1(=O)n(C)c(=O)c(*)[nH]c1C#C could not be converted
21:42:16 <WARN> reinvent_plugins.normalizers.rdkit_smiles: C1(C(O)=O)(C#C*)C1 could not be converted
21:42:16 <WARN> reinvent_plugins.normalizers.rdkit_smiles: N1C(=O)C(C*)NCC1C(O)C(C)#C could not be converted
21:42:16 <WARN> reinvent_plugins.normalizers.rdkit_smiles: c1(S*)c(C#CC(c2cc[nH]c2)C)cc(C#N)n1 could not be converted
21:42:31 <INFO> Score: 0.56 Agent NLL: 21.74 Valid:  96% Step: 90
 | Agent Prior Target Score SMILES SMILES_state Input_Scaffold R-groups Scaffold predicted_activity predicted_activity (raw) training_similarity training_similarity (raw) taf_consistency taf_consistency (raw) novelty novelty (raw) MW_window MW_window (raw) synthetic_feasibility synthetic_feasibility (raw) curated alerts filter curated alerts filter (raw) stereo_validity (predicted_activity) scaffold_novelty (predicted_activity) uncertainty (predicted_activity) taf_disrupted (predicted_activity) matchting_patterns (curated alerts filter)
 | 29.9686 58.3949 28.6313 0.6798921 CC1(CC(O)n2c(C#CC3CNCCO3)cnc2N)OCC(C2OC(=O)C(O)=C2O)O1 1 C1(C)([*])OC(C2C(O)=C(O)C(=O)O2)CO1 c1nc(N)n(C(C*)O)c1C#CC1OCCNC1 O=C1C=CC(C2COC(CCn3cncc3C#CC3CNCCO3)O2)O1 0.5100000 0.5100 0.5714630 0.5715 1.0000000 1.0000 0.4285370 0.4285 1.0000000 436.4210 0.5129178 5.4389 1.0000000 1.0000 0.0 1.0 0.4998999899979995 0.0 []
 | 19.4363 56.1025 22.2397 0.6120481 CC1(C)OCC(C2OC(=O)C(O)=C2C#CC2=CCC2(C#N)C#CCN)O1 1 CC1(C)OCC(C2C([*])=C(O)C(=O)O2)O1 C1(C#CCN)(C#N)C(C#C*)=CC1 O=C1C=C(C#CC2=CCC2)C(C2COCO2)O1 0.2900000 0.2900 0.6416889 0.6417 1.0000000 1.0000 0.3656650 0.3657 1.0000000 354.3620 0.5204651 5.1107 1.0000000 1.0000 0.0 1.0 0.4537620521815371 0.0 []
 | 31.1381 39.2344 41.6858 0.6321890 COC1(C)CCc2[nH]c(CCOCCC3=C(O)C(C(O)CO)OC3=O)nc2C1=O 1 C1(C(CO)O)OC(=O)C([*])=C1O c1(CCOCC*)[nH]c2c(n1)C(=O)C(OC)(C)CC2 O=C1OCC=C1CCOCCc1nc2c([nH]1)CCCC2=O 0.5150000 0.5150 0.5477225 0.5477 0.6666667 0.6667 0.4522775 0.4523 1.0000000 410.4230 0.5326856 4.5785 1.0000000 1.0000 0.0 1.0 0.4997749493522059 0.33333333333333337 []
 | 29.7342 34.4265 31.5704 0.5156010 Cc1ccncc1C1C(NC2OC(C(O)CO)C(O)=C2O)=NC1C(=O)O 1 C1(O)=C(O)C(C(CO)O)OC1[*] C1(C(O)=O)N=C(N*)C1c1cnccc1C C1=CC(NC2=NCC2c2cccnc2)OC1 0.4350000 0.4350 0.4354648 0.4355 0.3333333 0.3333 0.5645352 0.5645 1.0000000 365.3420 0.5231863 4.9923 1.0000000 1.0000 0.0 1.0 0.49575699692490466 0.6666666666666667 []
 | 12.0562 14.5971 -14.5971 0.0000000 OC1=C(O)C(C(O)CBr)OC1Cn1ccnc1 1 C1(C(O)CBr)C(O)=C(O)C([*])O1 c1ncn(C*)c1 C1=CC(Cn2ccnc2)OC1 0.5150000 0.5150 0.5090278 0.5090 0.6666667 0.6667 0.4909722 0.4910 1.0000000 305.1280 0.5317823 4.6178 1.0000000 1.0000 0.0 1.0 0.4997749493522059 0.33333333333333337 []
 | 29.3917 36.8338 36.7190 0.5746311 N#CC1C=CC(C#Cc2c[nH]c(CC3OC(C(O)CO)C(O)=C3O)c2)=CC1 1 C(O)(CO)C1OC([*])C(O)=C1O [nH]1cc(C#CC2=CCC(C#N)C=C2)cc1C* C(#Cc1c[nH]c(CC2C=CCO2)c1)C1=CCCC=C1 0.4400000 0.4400 0.4008918 0.4009 0.6666667 0.6667 0.5991082 0.5991 1.0000000 368.3890 0.5155688 5.3236 1.0000000 1.0000 0.0 1.0 0.4963869458396343 0.33333333333333337 []
 | 21.5026 33.1591 40.0059 0.5716015 OCC(O)C1OC(CCc2nc3c([nH]2)CC=C=C3)C(O)=C1OCc1ccccc1 1 C(O)(CO)C1OC([*])C(O)=C1OCc1ccccc1 [nH]1c(CC*)nc2c1CC=C=C2 C1=CCc2[nH]c(CCC3C=C(OCc4ccccc4)CO3)nc2C=1 0.5450000 0.5450 0.5846034 0.5846 0.3333333 0.3333 0.4153966 0.4154 1.0000000 396.4430 0.5288508 4.7456 1.0000000 1.0000 0.0 1.0 0.4979708826829135 0.6666666666666667 []
 | 17.9738 32.6203 53.5458 0.6731721 C#CC1(C2(C)OCC(C3OC(=O)C(O)=C3O)O2)OCC1=C 1 C1(C)([*])OC(C2C(O)=C(O)C(=O)O2)CO1 C1(C#C)(*)C(=C)CO1 C=C1COC1C1OCC(C2C=CC(=O)O2)O1 0.5800000 0.5800 0.7238999 0.7239 0.6666667 0.6667 0.2761001 0.2761 1.0000000 294.2590 0.5155149 5.3260 1.0000000 1.0000 0.0 1.0 0.4935585071701226 0.33333333333333337 []
 | 16.2590 24.5085 38.5904 0.4929599 COc1nnc(C2=C(O)C(=O)OC2C2COC(C)(C)O2)c(O)c1OC 1 CC1(C)OCC(C2C([*])=C(O)C(=O)O2)O1 c1(OC)c(OC)c(O)c(*)nn1 O=C1C=C(c2cccnn2)C(C2COCO2)O1 0.2350000 0.2350 0.7332965 0.7333 0.3333333 0.3333 0.3001035 0.3001 1.0000000 354.3150 0.5433689 4.1118 1.0000000 1.0000 0.0 1.0 0.4239988207530771 0.6666666666666667 []
 | 21.9029 32.4116 52.3742 0.6623891 CN(Cc1cnccn1)C(=O)CC1=C(O)C(C(O)CO)OC1=O 1 C1(C(CO)O)OC(=O)C([*])=C1O n1ccncc1CN(C)C(=O)C* O=C(CC1=CCOC1=O)NCc1cnccn1 0.5850000 0.5850 0.6000000 0.6000 0.6666667 0.6667 0.4000000 0.4000 1.0000000 323.3050 0.5499540 3.8233 1.0000000 1.0000 0.0 1.0 0.4927220311697053 0.33333333333333337 []
21:42:33 <WARN> reinvent_plugins.normalizers.rdkit_smiles: C1(C)=C(C(=O)NC)CO1C* could not be converted
21:42:33 <WARN> reinvent_plugins.normalizers.rdkit_smiles: c1c(O)c(*)c2c([nH]1)CCCC2 could not be converted
21:42:33 <WARN> reinvent_plugins.normalizers.rdkit_smiles: C1(C*)Cn(C)c(=O)c(C#CC#C)C1 could not be converted
21:42:33 <WARN> reinvent_plugins.normalizers.rdkit_smiles: c1(C(*)=C#N)cnn2c1ccc(C#N)c2 could not be converted
21:42:33 <WARN> reinvent_plugins.normalizers.rdkit_smiles: c12c(cnc(C#C*)c1)Oc1c(ccc(C#O)c1)C2 could not be converted
21:42:33 <WARN> reinvent_plugins.normalizers.rdkit_smiles: c12c(cc(=O)[nH]n1*)CCC2 could not be converted
21:42:33 <WARN> reinvent_plugins.normalizers.rdkit_smiles: C1(=O)OC2(COC#O)CC(N*)C(=O)C2C1 could not be converted
21:42:33 <WARN> reinvent_plugins.normalizers.rdkit_smiles: n1c(N)nc(O*)c2ccc(C#N)cn12 could not be converted
21:42:33 <WARN> reinvent_plugins.normalizers.rdkit_smiles: C1(C#CC2C(=O)C(c3cc(C)ccc3)(C#N)C2*CNC)C1 could not be converted
21:42:33 <WARN> reinvent_plugins.normalizers.rdkit_smiles: n1c2c(C#CC*)c(=O)[nH]cn2cc1 could not be converted
21:42:33 <WARN> reinvent_plugins.normalizers.rdkit_smiles: c1c2c(CCC*)cc(-c3ccccc3)cc2cnc(NCC)c1 could not be converted
21:42:33 <WARN> reinvent_plugins.normalizers.rdkit_smiles: O1c2c(NC(=O)C)c(*)ncn2CCC1 could not be converted
21:42:33 <WARN> reinvent_plugins.normalizers.rdkit_smiles: n1n2c(c(C#N)nc(C#C*)c2)[nH]c1=O could not be converted
21:42:48 <INFO> Score: 0.54 Agent NLL: 22.35 Valid:  97% Step: 91
 | Agent Prior Target Score SMILES SMILES_state Input_Scaffold R-groups Scaffold predicted_activity predicted_activity (raw) training_similarity training_similarity (raw) taf_consistency taf_consistency (raw) novelty novelty (raw) MW_window MW_window (raw) synthetic_feasibility synthetic_feasibility (raw) curated alerts filter curated alerts filter (raw) stereo_validity (predicted_activity) scaffold_novelty (predicted_activity) uncertainty (predicted_activity) taf_disrupted (predicted_activity) matchting_patterns (curated alerts filter)
 | 17.9955 25.1190 46.6397 0.5606146 Cc1[nH]c(=O)ncc1CCC1(C)OCC(C2OC(=O)C(O)=C2O)O1 1 C1(C2OC(=O)C(O)=C2O)OC([*])(C)OC1 n1cc(CC*)c(C)[nH]c1=O O=C1C=CC(C2COC(CCc3cnc(=O)[nH]c3)O2)O1 0.4550000 0.4550 0.6647030 0.6647 0.3333333 0.3333 0.3352970 0.3353 1.0000000 338.3160 0.5369372 4.3929 1.0000000 1.0000 0.0 1.0 0.4979708826829134 0.6666666666666667 []
 | 21.2709 41.7594 32.3534 0.5790064 CC1(C)OCC(C2OC(=O)C(O)=C2C2OCc3nc(C#N)nc(C#N)c32)O1 1 C1([*])=C(O)C(=O)OC1C1COC(C)(C)O1 O1Cc2c(c(C#N)nc(C#N)n2)C1* O=C1C=C(C2OCc3ncncc32)C(C2COCO2)O1 0.3100000 0.3100 0.6459752 0.6460 0.6666667 0.6667 0.3540248 0.3540 1.0000000 370.3210 0.5286008 4.7565 1.0000000 1.0000 0.0 1.0 0.462493243193887 0.33333333333333337 []
 | 18.6630 18.8414 65.7344 0.6607478 O=C1Cc2ccc(O)cc2C(=CC2=C(O)C(C(O)CO)OC2=O)N1 1 O=C1OC(C(CO)O)C(O)=C1[*] O=C1NC(=C*)c2cc(O)ccc2C1 O=C1Cc2ccccc2C(=CC2=CCOC2=O)N1 0.5850000 0.5850 0.5939697 0.5940 0.6666667 0.6667 0.4060303 0.4060 1.0000000 333.2960 0.5455117 4.0180 1.0000000 1.0000 0.0 1.0 0.49272203116970525 0.33333333333333337 []
 | 35.7438 35.5889 32.9454 0.5354243 O=C(C=CCc1ccc(O)cc1)CC(CC1OC(C(O)CO)C(O)=C1O)OCc1ccco1 1 C1(O)=C(O)C([*])OC1C(CO)O c1c(COC(C*)CC(C=CCc2ccc(O)cc2)=O)occ1 O=C(C=CCc1ccccc1)CC(CC1C=CCO1)OCc1ccco1 0.5000000 0.5000 0.4457002 0.4457 0.3333333 0.3333 0.5542998 0.5543 1.0000000 460.4790 0.5347533 4.4882 1.0000000 1.0000 0.0 1.0 0.5 0.6666666666666667 []
 | 21.2987 38.1536 42.5906 0.6308145 O=C1OCN(C(=O)CNC2OC(C(O)CBr)C(O)=C2O)CC1CO 1 C1(O)=C(O)C(C(O)CBr)OC1[*] N1(C(CN*)=O)CC(CO)C(=O)OC1 O=C1CCN(C(=O)CNC2C=CCO2)CO1 0.4000000 0.4000 0.4992302 0.4992 1.0000000 1.0000 0.5007698 0.5008 1.0000000 411.2050 0.5230440 4.9985 1.0000000 1.0000 0.0 1.0 0.4898979485566356 0.0 []
 | 17.6183 30.0065 44.1263 0.5791629 CC(C#CC#CC1OC(C(O)CO)C(O)=C1O)C1CCOCC1 1 C1(C(CO)O)C(O)=C(O)C([*])O1 C1(C(C#CC#C*)C)CCOCC1 C(C#CC1C=CCO1)#CCC1CCOCC1 0.4050000 0.4050 0.4574957 0.4575 0.6666667 0.6667 0.5425043 0.5425 1.0000000 322.3570 0.5218037 5.0525 1.0000000 1.0000 0.0 1.0 0.4908920451586072 0.33333333333333337 []
 | 12.3216 15.1590 70.0346 0.6655748 CC1(CC2OC(C(O)CO)C(OCc3ccccc3)=C2O)OC(=O)O1 1 c1ccc(COC2=C(O)C([*])OC2C(CO)O)cc1 O1C(C)(C*)OC1=O O=C1OC(CC2C=C(OCc3ccccc3)CO2)O1 0.5450000 0.5450 0.7045671 0.7046 0.6666667 0.6667 0.2954329 0.2954 1.0000000 352.3390 0.5416228 4.1882 1.0000000 1.0000 0.0 1.0 0.4979708826829135 0.33333333333333337 []
 | 17.3669 31.9547 59.0616 0.7110650 CC1(C#CC2=C(C#N)CCC(=O)N2)OCC(C2OC(=O)C(O)=C2O)O1 1 C1(C2OC(=O)C(O)=C2O)OC([*])(C)OC1 C1(=O)NC(C#C*)=C(C#N)CC1 O=C1CCC=C(C#CC2OCC(C3C=CC(=O)O3)O2)N1 0.5550000 0.5550 0.6713171 0.6713 1.0000000 1.0000 0.3286829 0.3287 1.0000000 346.2950 0.5224340 5.0250 1.0000000 1.0000 0.0 1.0 0.4969657935914705 0.0 []
 | 14.2925 27.0417 46.9611 0.5781467 CC1(C)OCC(C2OC(=O)C(O)=C2CCC#Cc2ccc(=O)[nH]n2)O1 1 C1([*])=C(O)C(=O)OC1C1COC(C)(C)O1 c1(C#CCC*)n[nH]c(=O)cc1 O=C1C=C(CCC#Cc2ccc(=O)[nH]n2)C(C2COCO2)O1 0.3050000 0.3050 0.6459752 0.6460 0.6666667 0.6667 0.3540248 0.3540 1.0000000 346.3390 0.5388200 4.3107 1.0000000 1.0000 0.0 1.0 0.460407428263272 0.33333333333333337 []
 | 25.3906 49.4434 40.5019 0.7026984 CC1Cc2c(C#CCC#CC3=C(O)C(C(O)CO)OC3=O)cnc(O)c2O1 1 O=C1OC(C(CO)O)C(O)=C1[*] c12c(c(C#CCC#C*)cnc1O)CC(C)O2 O=C1OCC=C1C#CCC#Cc1cncc2c1CCO2 0.5850000 0.5850 0.5715476 0.5715 1.0000000 1.0000 0.4284524 0.4285 1.0000000 371.3450 0.5244969 4.9353 1.0000000 1.0000 0.0 1.0 0.49272203116970525 0.0 []
21:42:49 <WARN> reinvent_plugins.normalizers.rdkit_smiles: c1(C#CC*)[nH]c(=O)nn1C could not be converted
21:42:49 <WARN> reinvent_plugins.normalizers.rdkit_smiles: OC(*)=C#CC1=CN(C(NCC=C)=O)CC1 could not be converted
21:42:49 <WARN> reinvent_plugins.normalizers.rdkit_smiles: c1(=O)nc(N)c(CCCCO)n(C*)c1 could not be converted
21:42:49 <WARN> reinvent_plugins.normalizers.rdkit_smiles: c1(C#CC1(N*)Cc2ccccc2SCC1)C(C)=C could not be converted
21:42:49 <WARN> reinvent_plugins.normalizers.rdkit_smiles: n1c(*)c2ccnc3c2c(ccc3)c1O could not be converted
21:42:49 <WARN> reinvent_plugins.normalizers.rdkit_smiles: n1(C*)c2c(c(C=C)c1)cc(C#CC1OC3=O(O)C(=O)CC2C1)ccc3 could not be converted
21:42:49 <WARN> reinvent_plugins.normalizers.rdkit_smiles: c1(*)cc(-c2ccc(C(NCC#N)nc2)=O)ccc1 could not be converted
21:42:49 <WARN> reinvent_plugins.normalizers.rdkit_smiles: C1(C#=Cc2cc(C(C#N)*)cnc2)CCOCC1 could not be converted
21:42:49 <WARN> reinvent_plugins.normalizers.rdkit_smiles: c12c(N)[nH]c(=O)nc1c(C[S+]1-c3c(CC*)[nH]cc1)CC2 could not be converted
21:43:04 <INFO> Score: 0.56 Agent NLL: 21.49 Valid:  98% Step: 92
 | Agent Prior Target Score SMILES SMILES_state Input_Scaffold R-groups Scaffold predicted_activity predicted_activity (raw) training_similarity training_similarity (raw) taf_consistency taf_consistency (raw) novelty novelty (raw) MW_window MW_window (raw) synthetic_feasibility synthetic_feasibility (raw) curated alerts filter curated alerts filter (raw) stereo_validity (predicted_activity) scaffold_novelty (predicted_activity) uncertainty (predicted_activity) taf_disrupted (predicted_activity) matchting_patterns (curated alerts filter)
 | 27.9545 58.0529 27.9409 0.6718261 CC1(CC(O)C#CC(=O)c2ccc3c(C#N)nccc3n2)OCC(C2OC(=O)C(O)=C2O)O1 1 O1C(C)([*])OC(C2C(O)=C(O)C(=O)O2)C1 c1(C(C#CC(C*)O)=O)nc2c(c(C#N)ncc2)cc1 O=C1C=CC(C2COC(CCC#CC(=O)c3ccc4cnccc4n3)O2)O1 0.4750000 0.4750 0.5756497 0.5756 1.0000000 1.0000 0.4243503 0.4244 1.0000000 451.3910 0.5254345 4.8944 1.0000000 1.0000 0.0 1.0 0.4993746088859544 0.0 []
 | 19.6573 33.6941 32.2259 0.5150002 CC1(C)OCC(C2OC(=O)C(O)=C2CC2(C#Cc3ccccn3)CC2)O1 1 O=C1OC(C2COC(C)(C)O2)C([*])=C1O C1(C*)(C#Cc2ncccc2)CC1 O=C1C=C(CC2(C#Cc3ccccn3)CC2)C(C2COCO2)O1 0.1800000 0.1800 0.6520408 0.6520 0.6666667 0.6667 0.3479592 0.3480 1.0000000 355.3900 0.5398914 4.2639 1.0000000 1.0000 0.0 1.0 0.38418745424597095 0.33333333333333337 []
 | 14.3591 23.9450 69.9123 0.7332603 O=C1OC(C(O)CO)C(O)=C1CC#Cc1ccc2ncccc2c1 1 OC(C1OC(=O)C([*])=C1O)CO n1c2ccc(C#CC*)cc2ccc1 O=C1OCC=C1CC#Cc1ccc2ncccc2c1 0.6550000 0.6550 0.6161233 0.6161 1.0000000 1.0000 0.3838767 0.3839 1.0000000 325.3200 0.5518601 3.7396 1.0000000 1.0000 0.0 1.0 0.4753682782853732 0.0 []
 | 36.1694 43.5774 31.3416 0.5853046 O=C(NO)c1ccc(C#CC2CCC(C#CCCCC3OC(C(O)CO)C(O)=C3O)O2)cc1 1 OCC(C1C(O)=C(O)C([*])O1)O c1cc(C#CC2CCC(C#CCCC*)O2)ccc1C(=O)NO C(#CC1CCC(C#Cc2ccccc2)O1)CCCC1C=CCO1 0.4450000 0.4450 0.4314879 0.4315 0.6666667 0.6667 0.5685121 0.5685 1.0000000 457.4790 0.5243609 4.9412 1.0000000 1.0000 0.0 1.0 0.49696579359147036 0.33333333333333337 []
 | 21.3191 34.9015 -34.9015 0.0000000 C=CC#CC1C(=O)CC(C2OC(C(O)CBr)C(O)=C2O)C1C 1 C1(O)=C(O)C(C(CBr)O)OC1[*] C1(=O)C(C#CC=C)C(C)C(*)C1 O=C1CCC(C2C=CCO2)C1 0.4750000 0.4750 0.5378316 0.5378 0.6666667 0.6667 0.4621684 0.4622 1.0000000 371.2270 0.5088607 5.6151 1.0000000 1.0000 0.0 1.0 0.4993746088859544 0.33333333333333337 []
 | 35.5828 54.9637 18.8252 0.5764758 O=C1CC(NCC#CC2CCCC2)C(O)C1C(CC1OC(C(O)CO)C(O)=C1O)c1ccccc1 1 OC1=C(O)C(C(O)CO)OC1[*] C1(C#CCNC2C(O)C(C(c3ccccc3)C*)C(=O)C2)CCCC1 O=C1CC(NCC#CC2CCCC2)CC1C(CC1C=CCO1)c1ccccc1 0.4000000 0.4000 0.4535573 0.4536 0.6666667 0.6667 0.5464427 0.5464 1.0000000 485.5770 0.5204431 5.1117 1.0000000 1.0000 0.0 1.0 0.4898979485566356 0.33333333333333337 []
 | 19.6411 26.1914 49.4118 0.5906499 Nc1cccc2c1ncn2CC1OC(C(O)CO)C(OCc2ccccc2)=C1O 1 C1([*])OC(C(O)CO)C(OCc2ccccc2)=C1O c1n(C*)c2cccc(N)c2n1 C1=C(OCc2ccccc2)COC1Cn1cnc2ccccc21 0.5850000 0.5850 0.6370934 0.6371 0.3333333 0.3333 0.3629066 0.3629 1.0000000 397.4310 0.5479352 3.9118 1.0000000 1.0000 0.0 1.0 0.49272203116970525 0.6666666666666667 []
 | 15.0196 20.2721 59.8929 0.6262894 COC1=C(C)C(C2(C)OCC(C3OC(=O)C(O)=C3O)O2)NC1=O 1 O1C(C)([*])OC(C2C(O)=C(O)C(=O)O2)C1 C1(C)=C(OC)C(=O)NC1* O=C1C=CC(C2OCC(C3C=CC(=O)O3)O2)N1 0.4200000 0.4200 0.7076303 0.7076 0.6666667 0.6667 0.2923697 0.2924 1.0000000 327.2890 0.5250944 4.9092 1.0000000 1.0000 0.0 1.0 0.49355850717012273 0.33333333333333337 []
 | 16.1747 33.9883 37.6834 0.5599356 CC1(C)OCC(C2OC(=O)C(O)=C2C#CC2CC(C#N)(CC#N)C2)O1 1 O=C1OC(C2COC(C)(C)O2)C([*])=C1O C1C(C#C*)CC1(C#N)CC#N O=C1C=C(C#CC2CCC2)C(C2COCO2)O1 0.2600000 0.2600 0.6713171 0.6713 0.6666667 0.6667 0.3286829 0.3287 1.0000000 342.3510 0.5302444 4.6849 1.0000000 1.0000 0.0 1.0 0.4386342439892262 0.33333333333333337 []
 | 22.4457 40.3750 49.3886 0.7012785 CC(C1=C(O)C(C(O)CO)OC1=O)c1nc(C#N)nc2c1CCOC2 1 OC(C1OC(=O)C([*])=C1O)CO c1(C#N)nc(C(*)C)c2c(n1)COCC2 O=C1OCC=C1Cc1ncnc2c1CCOC2 0.5800000 0.5800 0.5663279 0.5663 1.0000000 1.0000 0.4336721 0.4337 1.0000000 347.3270 0.5310777 4.6486 1.0000000 1.0000 0.0 1.0 0.4935585071701227 0.0 []
21:43:05 <WARN> reinvent_plugins.normalizers.rdkit_smiles: c1(CCN#C*)[nH]c2c(c(C#N)ncc2)c1 could not be converted
21:43:05 <WARN> reinvent_plugins.normalizers.rdkit_smiles: C1(C(=CC(C)*)=O)C(=O)NC1 could not be converted
21:43:05 <WARN> reinvent_plugins.normalizers.rdkit_smiles: C1(=C)C(*)=C(=O)COC1 could not be converted
21:43:05 <WARN> reinvent_plugins.normalizers.rdkit_smiles: c1nc(C#N)c(C#N)c(=O)[nH]1CC#C*CC could not be converted
21:43:05 <WARN> reinvent_plugins.normalizers.rdkit_smiles: C1(C#N)(C#CC)C(=O)CO1)* could not be converted
21:43:05 <WARN> reinvent_plugins.normalizers.rdkit_smiles: C1(C#CC*)C(CN)(=C)C(=O)N1 could not be converted
21:43:05 <WARN> reinvent_plugins.normalizers.rdkit_smiles: c12c(c(N3CCOCC3)c(O*)c(OC)cc1)nncc2 could not be converted
21:43:05 <WARN> reinvent_plugins.normalizers.rdkit_smiles: n1c2c(c3n(cccc1=O)cc(C*)n3)ccc2 could not be converted
21:43:05 <WARN> reinvent_plugins.normalizers.rdkit_smiles: C1(C(*)C#=N)C(C#N)C1c1cc(C#N)c(C#N)cn1 could not be converted
21:43:05 <WARN> reinvent_plugins.normalizers.rdkit_smiles: C1C(C#CC(*)NC)(=CC#C)CCCC1 could not be converted
21:43:05 <WARN> reinvent_plugins.normalizers.rdkit_smiles: n1c(N)nc(C=C*)c(C#NCC#C)c1 could not be converted
21:43:05 <WARN> reinvent_plugins.normalizers.rdkit_smiles: c12nc(C#CC(C)*)cc(O)c1cc(C#CC(C)#C)cc2 could not be converted
21:43:05 <WARN> reinvent_plugins.normalizers.rdkit_smiles: O=C1C(*)C(=O)CC(=C#C)C1 could not be converted
21:43:05 <WARN> reinvent_plugins.normalizers.rdkit_smiles: C1(C#C(C#C*)O)C(C#N)CC1 could not be converted
21:43:05 <WARN> reinvent_plugins.normalizers.rdkit_smiles: c12c(c(CCC#CC)ccc1)C(=O)CC1(OC1=O)C1C1(C#C*)C2 could not be converted
21:43:05 <WARN> reinvent_plugins.normalizers.rdkit_smiles: C(=C1C(C*)COC(C#C)C1)#C1(O)CCN(C)C1=O could not be converted
21:43:21 <INFO> Score: 0.54 Agent NLL: 21.43 Valid:  96% Step: 93
 | Agent Prior Target Score SMILES SMILES_state Input_Scaffold R-groups Scaffold predicted_activity predicted_activity (raw) training_similarity training_similarity (raw) taf_consistency taf_consistency (raw) novelty novelty (raw) MW_window MW_window (raw) synthetic_feasibility synthetic_feasibility (raw) curated alerts filter curated alerts filter (raw) stereo_validity (predicted_activity) scaffold_novelty (predicted_activity) uncertainty (predicted_activity) taf_disrupted (predicted_activity) matchting_patterns (curated alerts filter)
 | 23.2356 48.4094 35.1843 0.6530758 CC1(N2C(=O)C(=O)CC2CC#CC#N)OCC(C2OC(=O)C(O)=C2O)O1 1 O1C(C)([*])OC(C2OC(=O)C(O)=C2O)C1 C1(CC#CC#N)CC(=O)C(=O)N1* O=C1C=CC(C2COC(N3CCC(=O)C3=O)O2)O1 0.5350000 0.5350 0.6520408 0.6520 0.6666667 0.6667 0.3479592 0.3480 1.0000000 362.2940 0.5182627 5.2065 1.0000000 1.0000 0.0 1.0 0.49877349568717055 0.33333333333333337 []
 | 12.3565 13.9232 -13.9232 0.0000000 CC1(C)OCC(C2OC(=O)C(O)=C2CCN2CCCCC2)O1 1 C1(C)(C)OCC(C2C([*])=C(O)C(=O)O2)O1 C1N(CC*)CCCC1 O=C1C=C(CCN2CCCCC2)C(C2COCO2)O1 0.1500000 0.1500 0.7238999 0.7239 0.3333333 0.3333 0.2761001 0.2761 1.0000000 311.3780 0.5527971 3.6985 1.0000000 1.0000 0.0 1.0 0.3570714214271425 0.6666666666666667 []
 | 17.5350 36.0466 55.1321 0.7123332 CC#CC1(OC)C(=O)N(CC2=C(O)C(C(O)CO)OC2=O)C1=O 1 C1([*])=C(O)C(C(CO)O)OC1=O O(C1(C#CC)C(=O)N(C*)C1=O)C O=C1OCC=C1CN1C(=O)CC1=O 0.5800000 0.5800 0.6260991 0.6261 1.0000000 1.0000 0.3739009 0.3739 1.0000000 325.2730 0.5307671 4.6621 1.0000000 1.0000 0.0 1.0 0.4935585071701226 0.0 []
 | 22.2915 36.9322 38.6485 0.5904737 N#CC1=C(C#N)C2C(C#CC3OC(C(O)CO)C(O)=C3O)CC2C1 1 C1(O)=C(O)C(C(CO)O)OC1[*] C1(C#N)=C(C#N)CC2CC(C#C*)C12 C(#CC1CC2CC=CC12)C1C=CCO1 0.4600000 0.4600 0.4423259 0.4423 0.6666667 0.6667 0.5576741 0.5577 1.0000000 328.3240 0.5093290 5.5948 1.0000000 1.0000 0.0 1.0 0.49839743177508444 0.33333333333333337 []
 | 17.5065 28.1690 47.7180 0.5928671 CC#CC(O)C1CC1(O)C#CC1OC(C(O)CBr)C(O)=C1O 1 C1(O)=C(O)C([*])OC1C(CBr)O C1(C(O)C#CC)C(C#C*)(O)C1 C(#CC1C=CCO1)C1CC1 0.4500000 0.4500 0.4677643 0.4678 0.6666667 0.6667 0.5322357 0.5322 1.0000000 373.1990 0.5028535 5.8761 1.0000000 1.0000 0.0 1.0 0.49749371855331004 0.33333333333333337 []
 | 24.0538 30.9097 38.4415 0.5418067 Cc1c(C2C(=O)CC(=O)C2C2OC(C(O)CO)C(O)=C2O)[nH][nH]c1=O 1 C1(C(O)CO)C(O)=C(O)C([*])O1 C1(c2c(C)c(=O)[nH][nH]2)C(*)C(=O)CC1=O O=C1CC(=O)C(C2C=CCO2)C1c1cc(=O)[nH][nH]1 0.4450000 0.4450 0.5602794 0.5603 0.3333333 0.3333 0.4397206 0.4397 1.0000000 354.3150 0.5214266 5.0689 1.0000000 1.0000 0.0 1.0 0.49696579359147036 0.6666666666666667 []
 | 13.1766 23.5563 50.2244 0.5764113 COc1ncc(CCC2OC(C(O)CO)C(OCc3ccccc3)=C2O)cn1 1 C(O)(C1C(OCc2ccccc2)=C(O)C([*])O1)CO c1(CC*)cnc(OC)nc1 C1=C(OCc2ccccc2)COC1CCc1cncnc1 0.5200000 0.5200 0.6445730 0.6446 0.3333333 0.3333 0.3554270 0.3554 1.0000000 388.4200 0.5484478 3.8893 1.0000000 1.0000 0.0 1.0 0.4995998398718719 0.6666666666666667 []
 | 14.0245 28.8385 51.4063 0.6269130 CC1(C(C#N)C2CCCC(=O)C2)OCC(C2OC(=O)C(O)=C2O)O1 1 O1C(C)([*])OC(C2OC(=O)C(O)=C2O)C1 C1(=O)CC(C(*)C#N)CCC1 O=C1CCCC(CC2OCC(C3C=CC(=O)O3)O2)C1 0.4350000 0.4350 0.6713171 0.6713 0.6666667 0.6667 0.3286829 0.3287 1.0000000 337.3280 0.5236808 4.9708 1.0000000 1.0000 0.0 1.0 0.4957569969249047 0.33333333333333337 []
 | 19.0689 25.3579 -25.3579 0.0000000 CC#CC(=O)c1ccc(C2=C(O)C(=O)OC2C2COC(C)(C)O2)cc1 1 C1(C)(C)OCC(C2C([*])=C(O)C(=O)O2)O1 c1c(C(=O)C#CC)ccc(*)c1 O=C1C=C(c2ccccc2)C(C2COCO2)O1 0.2800000 0.2800 0.6924107 0.6924 0.6666667 0.6667 0.3075893 0.3076 1.0000000 342.3470 0.5485508 3.8848 1.0000000 1.0000 0.0 1.0 0.44899888641287294 0.33333333333333337 []
 | 40.2821 75.7308 12.4394 0.6888298 C#CC(C1CC(O)(C#CC)C1C)C1(O)C(=O)C1C#CC1=C(O)C(C(O)CO)OC1=O 1 C1([*])=C(O)C(C(CO)O)OC1=O C1(C)C(C#CC)(O)CC1C(C1(O)C(C#C*)C1=O)C#C O=C1OCC=C1C#CC1C(=O)C1CC1CCC1 0.5700000 0.5700 0.5422176 0.5422 1.0000000 1.0000 0.4577824 0.4578 1.0000000 414.4100 0.4996281 6.0162 1.0000000 1.0000 0.0 1.0 0.4950757517794625 0.0 []
21:43:22 <WARN> reinvent_plugins.normalizers.rdkit_smiles: c1nc(-c2c[nH]cc(*)n2)ccc1 could not be converted
21:43:22 <WARN> reinvent_plugins.normalizers.rdkit_smiles: Brc1c(C#N)cnc(N)c1C#N* could not be converted
21:43:22 <WARN> reinvent_plugins.normalizers.rdkit_smiles: C1(CC(N)C#N*)C(C)N1 could not be converted
21:43:22 <WARN> reinvent_plugins.normalizers.rdkit_smiles: c1(N)nc(CO*)[nH]cc1=O could not be converted
21:43:22 <WARN> reinvent_plugins.normalizers.rdkit_smiles: O1cc(O)cc(C)c1C(=O)c1c(OC)n(C*)cn1 could not be converted
21:43:22 <WARN> reinvent_plugins.normalizers.rdkit_smiles: C1N(CCc2ccc[n+]C2C*)CCC1 could not be converted
21:43:22 <WARN> reinvent_plugins.normalizers.rdkit_smiles: c1(CCC#C)nnc2c1CCC(C*)C2 could not be converted
21:43:22 <WARN> reinvent_plugins.normalizers.rdkit_smiles: C1C(C#N)(CN*)CCN2(CCOC2)C1=O could not be converted
21:43:37 <INFO> Score: 0.55 Agent NLL: 21.31 Valid:  98% Step: 94
 | Agent Prior Target Score SMILES SMILES_state Input_Scaffold R-groups Scaffold predicted_activity predicted_activity (raw) training_similarity training_similarity (raw) taf_consistency taf_consistency (raw) novelty novelty (raw) MW_window MW_window (raw) synthetic_feasibility synthetic_feasibility (raw) curated alerts filter curated alerts filter (raw) stereo_validity (predicted_activity) scaffold_novelty (predicted_activity) uncertainty (predicted_activity) taf_disrupted (predicted_activity) matchting_patterns (curated alerts filter)
 | 12.5103 15.2400 55.2727 0.5508807 CC1(CC2CC(=O)OC2(C)C)OCC(C2OC(=O)C(O)=C2O)O1 1 O=C1C(O)=C(O)C(C2COC([*])(C)O2)O1 C1(C*)C(C)(C)OC(=O)C1 O=C1C=CC(C2COC(CC3COC(=O)C3)O2)O1 0.4050000 0.4050 0.7238999 0.7239 0.3333333 0.3333 0.2761001 0.2761 1.0000000 328.3170 0.5274953 4.8047 1.0000000 1.0000 0.0 1.0 0.4908920451586072 0.6666666666666667 []
 | 36.1408 66.7933 5.9610 0.5683929 CC#CC1(C#Cc2nccc(C#CC3=C(O)C(=O)OC3C3COC(C)(C)O3)n2)CC(C)(O)CO1 1 C1(O)=C([*])C(C2OC(C)(C)OC2)OC1=O n1c(C#CC2(C#CC)CC(O)(C)CO2)nc(C#C*)cc1 O=C1C=C(C#Cc2ccnc(C#CC3CCCO3)n2)C(C2COCO2)O1 0.2200000 0.2200 0.5956099 0.5956 1.0000000 1.0000 0.4112160 0.4112 1.0000000 464.4740 0.5145657 5.3672 1.0000000 1.0000 0.0 1.0 0.41424630354415964 0.0 []
 | 18.5491 26.8159 58.3811 0.6656017 C=C(C1=C(O)C(C(O)CO)OC1=O)c1ccc2c(c1)NCC2 1 C1(=O)OC(C(CO)O)C(O)=C1[*] c1(C(*)=C)ccc2c(c1)NCC2 C=C(C1=CCOC1=O)c1ccc2c(c1)NCC2 0.5950000 0.5950 0.6062178 0.6062 0.6666667 0.6667 0.3937822 0.3938 1.0000000 303.3140 0.5473715 3.9365 1.0000000 1.0000 0.0 1.0 0.4908920451586072 0.33333333333333337 []
 | 20.1535 32.5942 40.3863 0.5701604 C#CC1(C#CC2OC(C(O)CO)C(O)=C2O)CNCC(C)O1 1 C(C(O)C1OC([*])C(O)=C1O)O C1(C)CNCC(C#C*)(C#C)O1 C(#CC1CNCCO1)C1C=CCO1 0.4000000 0.4000 0.4337638 0.4338 0.6666667 0.6667 0.5662362 0.5662 1.0000000 309.3180 0.5080355 5.6510 1.0000000 1.0000 0.0 1.0 0.48989794855663565 0.33333333333333337 []
 | 24.7416 37.5589 43.0543 0.6297904 C=CC1COC(=O)C1(C#CC1OC(C(O)CBr)C(O)=C1O)C(=O)O 1 C1([*])C(O)=C(O)C(C(O)CBr)O1 O=C1C(C(=O)O)(C#C*)C(C=C)CO1 O=C1OCCC1C#CC1C=CCO1 0.4050000 0.4050 0.4943115 0.4943 1.0000000 1.0000 0.5056885 0.5057 1.0000000 403.1810 0.5108575 5.5284 1.0000000 1.0000 0.0 1.0 0.4908920451586072 0.0 []
 | 16.8961 24.6708 45.8310 0.5507952 O=C1Cc2cccc(S(=O)(=O)NC3OC(C(O)CO)C(O)=C3O)c2C1=O 1 C1([*])C(O)=C(O)C(C(O)CO)O1 c12c(c(S(=O)(=O)N*)ccc1)C(=O)C(=O)C2 O=C1Cc2cccc(S(=O)(=O)NC3C=CCO3)c2C1=O 0.5000000 0.5000 0.5196153 0.5196 0.3333333 0.3333 0.4803847 0.4804 1.0000000 385.3500 0.5374845 4.3690 1.0000000 1.0000 0.0 1.0 0.5 0.6666666666666667 []
 | 14.5239 25.3689 47.1613 0.5666421 COC1CC(COC2OC(C(O)CO)C(OCc3ccccc3)=C2O)C1 1 OC1=C(OCc2ccccc2)C(C(O)CO)OC1[*] C1(CO*)CC(OC)C1 C1=C(OCc2ccccc2)COC1OCC1CCC1 0.4800000 0.4800 0.6509868 0.6510 0.3333333 0.3333 0.3490132 0.3490 1.0000000 366.4100 0.5450171 4.0396 1.0000000 1.0000 0.0 1.0 0.4995998398718719 0.6666666666666667 []
 | 33.2244 48.2088 34.8887 0.6491993 CC1(NC2CC(=O)C(C(O)C(=O)O)C[S+]2)OCC(C2OC(=O)C(O)=C2O)O1 1 O=C1C(O)=C(O)C(C2COC([*])(C)O2)O1 C1(=O)C(C(O)C(=O)O)C[S+]C(N*)C1 O=C1CC[S+]C(NC2OCC(C3C=CC(=O)O3)O2)C1 0.5300000 0.5300 0.6459752 0.6460 0.6666667 0.6667 0.3540248 0.3540 1.0000000 405.3810 0.5064672 5.7191 1.0000000 1.0000 0.0 1.0 0.49909918853871116 0.33333333333333337 []
 | 19.6384 42.5958 37.2008 0.6234115 CC1(C)OCC(C2OC(=O)C(O)=C2CC(O)C=C2COCC2C#N)O1 1 C1(O)=C([*])C(C2OC(C)(C)OC2)OC1=O O1CC(=CC(C*)O)C(C#N)C1 O=C1C=C(CCC=C2CCOC2)C(C2COCO2)O1 0.3150000 0.3150 0.6459752 0.6460 1.0000000 1.0000 0.3540248 0.3540 1.0000000 351.3550 0.5203639 5.1151 1.0000000 1.0000 0.0 1.0 0.46451587701606073 0.0 []
 | 18.0839 24.1375 60.2771 0.6594887 C=C(C)c1csc(CC2=C(O)C(C(O)CO)OC2=O)n1 1 C1(=O)OC(C(CO)O)C(O)=C1[*] c1(C*)scc(C(=C)C)n1 O=C1OCC=C1Cc1nccs1 0.5650000 0.5650 0.6192562 0.6193 0.6666667 0.6667 0.3807438 0.3807 1.0000000 297.3320 0.5426522 4.1431 1.0000000 1.0000 0.0 1.0 0.4957569969249047 0.33333333333333337 []
21:43:38 <WARN> reinvent_plugins.normalizers.rdkit_smiles: C1(=O)C(C#=C*)C(=O)C=C1 could not be converted
21:43:38 <WARN> reinvent_plugins.normalizers.rdkit_smiles: c1nc(OCC(O)=O)nc(N)n1* could not be converted
21:43:38 <WARN> reinvent_plugins.normalizers.rdkit_smiles: n12c(O)[nH]c(=O)c1cc(*)cc2 could not be converted
21:43:38 <WARN> reinvent_plugins.normalizers.rdkit_smiles: N1CCc2cc(C(=O)*)cc2C1=O could not be converted
21:43:38 <WARN> reinvent_plugins.normalizers.rdkit_smiles: n1c2c(c(*)cn1C)C=CC2Cc1ccccc1 could not be converted
21:43:38 <WARN> reinvent_plugins.normalizers.rdkit_smiles: O=C1N(*)C(=O)C12(C2)CC1C(O)C1 could not be converted
21:43:38 <WARN> reinvent_plugins.normalizers.rdkit_smiles: C1C(O)C(=O)O1C1OC(*)C1 could not be converted
21:43:38 <WARN> reinvent_plugins.normalizers.rdkit_smiles: c12c(cccc1)[nH]c(-c1cc(C*)nn1)c2 could not be converted
21:43:53 <INFO> Score: 0.55 Agent NLL: 20.64 Valid:  98% Step: 95
 | Agent Prior Target Score SMILES SMILES_state Input_Scaffold R-groups Scaffold predicted_activity predicted_activity (raw) training_similarity training_similarity (raw) taf_consistency taf_consistency (raw) novelty novelty (raw) MW_window MW_window (raw) synthetic_feasibility synthetic_feasibility (raw) curated alerts filter curated alerts filter (raw) stereo_validity (predicted_activity) scaffold_novelty (predicted_activity) uncertainty (predicted_activity) taf_disrupted (predicted_activity) matchting_patterns (curated alerts filter)
 | 28.2350 44.5684 34.9499 0.6212362 CC(=O)NCC1(C)CC(F)(C(=O)O)C1CC1(C)OCC(C2OC(=O)C(O)=C2O)O1 1 O1C(C2OC(=O)C(O)=C2O)COC1([*])C FC1(C(O)=O)C(C*)C(C)(CNC(=O)C)C1 O=C1C=CC(C2COC(CC3CCC3)O2)O1 0.4300000 0.4300 0.6459752 0.6460 0.6666667 0.6667 0.3540248 0.3540 1.0000000 417.3860 0.5176963 5.2311 1.0000000 1.0000 0.0 1.0 0.4950757517794625 0.33333333333333337 []
 | 12.1592 13.5583 60.5196 0.5787343 CC1(C)OCC(C2OC(=O)C(O)=C2c2nccnc2N)O1 1 C1(=O)OC(C2OC(C)(C)OC2)C([*])=C1O c1(*)nccnc1N O=C1C=C(c2cnccn2)C(C2COCO2)O1 0.2850000 0.2850 0.7238999 0.7239 0.6666667 0.6667 0.2761001 0.2761 1.0000000 293.2790 0.5477539 3.9197 1.0000000 1.0000 0.0 1.0 0.4514144437210666 0.33333333333333337 []
 | 20.7051 31.5268 51.1619 0.6460051 CC(=O)NC(C(=O)C1CCC(N)C1)C1=C(O)C(C(O)CO)OC1=O 1 C1(O)=C([*])C(=O)OC1C(O)CO C1(C(C(NC(=O)C)*)=O)CCC(N)C1 O=C1OCC=C1CC(=O)C1CCCC1 0.5300000 0.5300 0.6000000 0.6000 0.6666667 0.6667 0.4000000 0.4000 1.0000000 342.3480 0.5348002 4.4862 1.0000000 1.0000 0.0 1.0 0.49909918853871116 0.33333333333333337 []
 | 17.7361 38.1890 46.5827 0.6622789 O=C1OC(=O)C1CCC#CC#CC1OC(C(O)CO)C(O)=C1O 1 C1(O)=C(O)C(C(CO)O)OC1[*] O1C(=O)C(CCC#CC#C*)C1=O O=C1OC(=O)C1CCC#CC#CC1C=CCO1 0.4750000 0.4750 0.5309908 0.5310 1.0000000 1.0000 0.4690092 0.4690 1.0000000 322.2690 0.5215960 5.0615 1.0000000 1.0000 0.0 1.0 0.4993746088859544 0.0 []
 | 17.1662 24.2940 55.1452 0.6206191 Nc1nc(CC2OC(C(O)CBr)C(O)=C2O)ns1 1 OC1=C(O)C(C(O)CBr)OC1[*] c1(C*)nsc(N)n1 C1=CC(Cc2ncsn2)OC1 0.5100000 0.5100 0.5024594 0.5025 0.6666667 0.6667 0.4975406 0.4975 1.0000000 338.1830 0.5261364 4.8639 1.0000000 1.0000 0.0 1.0 0.4998999899979995 0.33333333333333337 []
 | 12.2776 25.7067 50.1141 0.5923501 C#CC1(O)CCC1C#CC1OC(C(O)CO)C(O)=C1O 1 OC(CO)C1C(O)=C(O)C([*])O1 C1(C#C*)C(C#C)(O)CC1 C(#CC1C=CCO1)C1CCC1 0.4450000 0.4450 0.4685213 0.4685 0.6666667 0.6667 0.5314787 0.5315 1.0000000 280.2760 0.5088373 5.6162 1.0000000 1.0000 0.0 1.0 0.49696579359147036 0.33333333333333337 []
 | 12.3192 31.9923 53.2796 0.6661869 CC#CC1NC(=O)C1CC1OC(C(O)CO)C(OCc2ccccc2)=C1O 1 [*]C1OC(C(O)CO)C(OCc2ccccc2)=C1O C1(C#CC)NC(=O)C1C* O=C1NCC1CC1C=C(OCc2ccccc2)CO1 0.5750000 0.5750 0.6590621 0.6591 0.6666667 0.6667 0.3409379 0.3409 1.0000000 373.4050 0.5294832 4.7181 1.0000000 1.0000 0.0 1.0 0.49434299833212975 0.33333333333333337 []
 | 9.3167 23.3270 61.5104 0.6627918 CC1(CC#CC2COC(=O)C2)OCC(C2OC(=O)C(O)=C2O)O1 1 O1C(C2OC(=O)C(O)=C2O)COC1([*])C C1(C#CC*)CC(=O)OC1 O=C1C=CC(C2COC(CC#CC3COC(=O)C3)O2)O1 0.5500000 0.5500 0.6924107 0.6924 0.6666667 0.6667 0.3075893 0.3076 1.0000000 324.2850 0.5217940 5.0529 1.0000000 1.0000 0.0 1.0 0.49749371855331004 0.33333333333333337 []
 | 31.4932 48.1700 5.2377 0.4172482 COCc1nc(-n2nccn2)ncc1C(=O)CCCC1=C(O)C(=O)OC1C1COC(C)(C)O1 1 C1(=O)OC(C2OC(C)(C)OC2)C([*])=C1O n1c(COC)c(C(=O)CCC*)cnc1-n1nccn1 O=C1C=C(CCCC(=O)c2cnc(-n3nccn3)nc2)C(C2COCO2)O1 0.1250000 0.1250 0.6121905 0.6122 0.3333333 0.3333 0.4156935 0.4157 1.0000000 459.4590 0.5393140 4.2891 1.0000000 1.0000 0.0 1.0 0.33071891388307384 0.6666666666666667 []
 | 32.5339 41.9983 36.6302 0.6142851 COC(=O)NC1C(CCCC2=C(O)C(C(O)CO)OC2=O)NCC1C(=O)OC 1 C1(O)=C([*])C(=O)OC1C(O)CO O(C)C(=O)NC1C(CCC*)NCC1C(=O)OC O=C1OCC=C1CCCC1CCCN1 0.4450000 0.4450 0.5612485 0.5612 0.6666667 0.6667 0.4387515 0.4388 1.0000000 402.4000 0.5310779 4.6486 1.0000000 1.0000 0.0 1.0 0.49696579359147036 0.33333333333333337 []
21:43:54 <WARN> reinvent_plugins.normalizers.rdkit_smiles: C1(C#N)C(C)(C#C*)C1(C)C(NCC#C1CCCOC1)=O could not be converted
21:43:54 <WARN> reinvent_plugins.normalizers.rdkit_smiles: O1COc2c1cccn2* could not be converted
21:43:54 <WARN> reinvent_plugins.normalizers.rdkit_smiles: c1(C(O)CO)n2c(=O)[nH]c(=O)cc2c(*)c1-c1ccccc1 could not be converted
21:43:54 <WARN> reinvent_plugins.normalizers.rdkit_smiles: c1[nH]cc(CO)c(*)c1=O could not be converted
21:43:54 <WARN> reinvent_plugins.normalizers.rdkit_smiles: C12C(=O)NCC1CC(=O)N2C1(C)CC2N(C*)C(=O)CC2CO could not be converted
21:43:54 <WARN> reinvent_plugins.normalizers.rdkit_smiles: C1(C#=C)(*)C(C#C)OCOC(C)C1 could not be converted
21:43:54 <WARN> reinvent_plugins.normalizers.rdkit_smiles: O=C1C(=CN)C(=O)C(=O)CCO1CC* could not be converted
21:43:55 <WARN> reinvent_plugins.normalizers.rdkit_smiles: c1(C#C*)sc2c1CCC1C2=CC(=O)C1 could not be converted
21:43:55 <WARN> reinvent_plugins.normalizers.rdkit_smiles: O=C1c2nc(-n3c(CCC*)c(=O)[nH]n3)n(CC)n2C1=O could not be converted
21:43:55 <WARN> reinvent_plugins.normalizers.rdkit_smiles: N1C(=O)C(C)(C)c2ccc(CO*)nn21 could not be converted
21:43:55 <WARN> reinvent_plugins.normalizers.rdkit_smiles: O1C1(C#C*)C=NNC(C)=O could not be converted
21:43:55 <WARN> reinvent_plugins.normalizers.rdkit_smiles: N(*)C#C1(C)CC(=O)NC1 could not be converted
21:43:55 <WARN> reinvent_plugins.normalizers.rdkit_smiles: C1(C#CC(*)C#O)CCC(C#N)CC1 could not be converted
21:44:09 <INFO> Score: 0.55 Agent NLL: 20.95 Valid:  97% Step: 96
 | Agent Prior Target Score SMILES SMILES_state Input_Scaffold R-groups Scaffold predicted_activity predicted_activity (raw) training_similarity training_similarity (raw) taf_consistency taf_consistency (raw) novelty novelty (raw) MW_window MW_window (raw) synthetic_feasibility synthetic_feasibility (raw) curated alerts filter curated alerts filter (raw) stereo_validity (predicted_activity) scaffold_novelty (predicted_activity) uncertainty (predicted_activity) taf_disrupted (predicted_activity) matchting_patterns (curated alerts filter)
 | 25.9160 42.4550 35.8838 0.6120214 Cc1ccc2c(C)c(CNC3(C)OCC(C4OC(=O)C(O)=C4O)O3)cnc2c1N 1 CC1([*])OC(C2C(O)=C(O)C(=O)O2)CO1 c1nc2c(ccc(C)c2N)c(C)c1CN* O=C1C=CC(C2COC(NCc3cnc4ccccc4c3)O2)O1 0.4100000 0.4100 0.6128258 0.6128 0.6666667 0.6667 0.3871742 0.3872 1.0000000 401.4190 0.5336311 4.5372 1.0000000 1.0000 0.0 1.0 0.4918333050943175 0.33333333333333337 []
 | 13.8669 32.5797 42.9258 0.5898872 C=C1OC(C#CCC2=C(O)C(=O)OC2C2COC(C)(C)O2)C1=O 1 O=C1C(O)=C([*])C(C2OC(C)(C)OC2)O1 O1C(C#CC*)C(=O)C1=C C=C1OC(C#CCC2=CC(=O)OC2C2COCO2)C1=O 0.3250000 0.3250 0.6924107 0.6924 0.6666667 0.6667 0.3075893 0.3076 1.0000000 320.2970 0.5235810 4.9751 1.0000000 1.0000 0.0 1.0 0.4683748498798799 0.33333333333333337 []
 | 15.4468 30.3919 56.5948 0.6795836 O=C1OC(C(O)CO)C(O)=C1C1C(=O)C(=O)C1(O)C(=O)O 1 C1(O)=C([*])C(=O)OC1C(O)CO C1(C(O)=O)(O)C(=O)C(=O)C1* O=C1CC(C2=CCOC2=O)C1=O 0.6200000 0.6200 0.6725382 0.6725 0.6666667 0.6667 0.3274618 0.3275 1.0000000 302.1910 0.5316803 4.6223 1.0000000 1.0000 0.0 1.0 0.48538644398046393 0.33333333333333337 []
 | 16.4411 27.5320 42.5282 0.5473453 O=C1CC(=O)C1C=CCC1OC(C(O)CO)C(O)=C1O 1 [*]C1C(O)=C(O)C(C(O)CO)O1 C1(=O)CC(=O)C1C=CC* O=C1CC(=O)C1C=CCC1C=CCO1 0.4650000 0.4650 0.5589565 0.5590 0.3333333 0.3333 0.4410435 0.4410 1.0000000 284.2640 0.5251606 4.9064 1.0000000 1.0000 0.0 1.0 0.49877349568717055 0.6666666666666667 []
 | 21.9621 34.0292 40.4460 0.5818381 CC1C(=O)N(C2(C(=O)O)CC2)C1CC1OC(C(O)CBr)C(O)=C1O 1 OC1=C(O)C(C(CBr)O)OC1[*] C1(C*)C(C)C(=O)N1C1(C(O)=O)CC1 O=C1CC(CC2C=CCO2)N1C1CC1 0.3800000 0.3800 0.5095247 0.5095 0.6666667 0.6667 0.4904753 0.4905 1.0000000 406.2290 0.5185862 5.1924 1.0000000 1.0000 0.0 1.0 0.48538644398046393 0.33333333333333337 []
 | 25.5492 43.3648 27.7443 0.5555397 C#CC1CC(CCCC2OC(C(O)CO)C(O)=C2O)C12CCN2 1 C(O)C(O)C1C(O)=C(O)C([*])O1 C1(CCC*)CC(C#C)C11NCC1 C1=CC(CCCC2CCC23CCN3)OC1 0.3550000 0.3550 0.4375950 0.4376 0.6666667 0.6667 0.5624050 0.5624 1.0000000 323.3890 0.5029922 5.8701 1.0000000 1.0000 0.0 1.0 0.4785133226985431 0.33333333333333337 []
 | 15.0171 19.9714 56.0299 0.5937601 CN1C(=O)C(CC2OC(C(O)CO)C(OCc3ccccc3)=C2O)c2ccccc21 1 C(O)C(O)C1C(OCc2ccccc2)=C(O)C([*])O1 c12ccccc1C(C*)C(=O)N2C O=C1Nc2ccccc2C1CC1C=C(OCc2ccccc2)CO1 0.5850000 0.5850 0.6650267 0.6650 0.3333333 0.3333 0.3349733 0.3350 1.0000000 411.4540 0.5443759 4.0677 1.0000000 1.0000 0.0 1.0 0.4927220311697053 0.6666666666666667 []
 | 18.1854 21.0367 62.8412 0.6552958 C=C1CC=CC1C(O)C1(C)OCC(C2OC(=O)C(O)=C2O)O1 1 CC1([*])OC(C2C(O)=C(O)C(=O)O2)CO1 C1C=CC(C(O)*)C1=C C=C1CC=CC1CC1OCC(C2C=CC(=O)O2)O1 0.5250000 0.5250 0.6924107 0.6924 0.6666667 0.6667 0.3075893 0.3076 1.0000000 310.3020 0.5169491 5.2636 1.0000000 1.0000 0.0 1.0 0.4993746088859544 0.33333333333333337 []
 | 36.6204 66.5439 -66.5439 0.0000000 C1(C#N)C(C)(C#C*)C1(C)C(NCC#C1CCCOC1)=O 0 O=C1C(O)=C([*])C(C2OC(C)(C)OC2)O1 C1(C#N)C(C)(C#C*)C1(C)C(NCC#C1CCCOC1)=O -- 0.0000000 0.0000 0.0000000 0.0000 0.0000000 0.0000 0.0000000 0.0000 0.0000000 0.0000 0.0000000 0.0000 0.0000000 0.0000 None None None None None
 | 13.8573 18.5537 67.2513 0.6703513 O=C1NC(=O)C(=CNC2=C(O)C(C(O)CO)OC2=O)C(=O)N1 1 C1(O)=C([*])C(=O)OC1C(O)CO C1(=CN*)C(=O)NC(=O)NC1=O O=C1NC(=O)C(=CNC2=CCOC2=O)C(=O)N1 0.5800000 0.5800 0.6640783 0.6641 0.6666667 0.6667 0.3359217 0.3359 1.0000000 313.2220 0.5453537 4.0249 1.0000000 1.0000 0.0 1.0 0.4935585071701227 0.33333333333333337 []
21:44:10 <WARN> reinvent_plugins.normalizers.rdkit_smiles: c12c(c(O*)c(O)c(O)c(O)c1)C(=O)C=C2 could not be converted
21:44:10 <WARN> reinvent_plugins.normalizers.rdkit_smiles: C1(CN(C)*)C2CC(=O)CO2C1O could not be converted
21:44:10 <WARN> reinvent_plugins.normalizers.rdkit_smiles: C1(C(=O)OC(C(*)nCC)C#C)NCC1 could not be converted
21:44:11 <WARN> reinvent_plugins.normalizers.rdkit_smiles: c1cccc2c1CC(*)C2(C)C#C1OC(=O)C(=C)C1 could not be converted
21:44:11 <WARN> reinvent_plugins.normalizers.rdkit_smiles: n1c(C(=O)CCC)cnc2ccc(CC*)cn12 could not be converted
21:44:11 <WARN> reinvent_plugins.normalizers.rdkit_smiles: C12CC(=O)C(*)C(=O)C1=C(=C)NC2=O could not be converted
21:44:11 <WARN> reinvent_plugins.normalizers.rdkit_smiles: n1c(-c2ccc(O)cn2)c2c(c1*)CNC2=O could not be converted
21:44:11 <WARN> reinvent_plugins.normalizers.rdkit_smiles: n1c(C#CC=C)[nH]c(=O)[nH]1* could not be converted
21:44:11 <WARN> reinvent_plugins.normalizers.rdkit_smiles: c1n2c(c(Cl)cc1C#N)nc(=O)n1c(C)nc(O)c(*)c12 could not be converted
21:44:11 <WARN> reinvent_plugins.normalizers.rdkit_smiles: O=C(N1C(=O)NCC1C*)c1cnc(-n2ccccc2=O)c(OC)2ccccc12 could not be converted
21:44:26 <INFO> Score: 0.54 Agent NLL: 20.90 Valid:  98% Step: 97
 | Agent Prior Target Score SMILES SMILES_state Input_Scaffold R-groups Scaffold predicted_activity predicted_activity (raw) training_similarity training_similarity (raw) taf_consistency taf_consistency (raw) novelty novelty (raw) MW_window MW_window (raw) synthetic_feasibility synthetic_feasibility (raw) curated alerts filter curated alerts filter (raw) stereo_validity (predicted_activity) scaffold_novelty (predicted_activity) uncertainty (predicted_activity) taf_disrupted (predicted_activity) matchting_patterns (curated alerts filter)
 | 16.2591 21.8428 46.8908 0.5369809 CCOc1cc(CC2(C)OCC(C3OC(=O)C(O)=C3O)O2)ccn1 1 O1CC(C2OC(=O)C(O)=C2O)OC1([*])C c1(C*)cc(OCC)ncc1 O=C1C=CC(C2COC(Cc3ccncc3)O2)O1 0.3750000 0.3750 0.6582806 0.6583 0.3333333 0.3333 0.3417194 0.3417 1.0000000 337.3280 0.5428391 4.1350 1.0000000 1.0000 0.0 1.0 0.4841229182759271 0.6666666666666667 []
 | 15.1008 29.5775 41.7253 0.5570531 CC1(C)OCC(C2OC(=O)C(O)=C2C#Cc2nccc(O)c2C#N)O1 1 C1(=O)C(O)=C([*])C(C2OC(C)(C)OC2)O1 c1(C#C*)c(C#N)c(O)ccn1 O=C1C=C(C#Cc2ccccn2)C(C2COCO2)O1 0.2550000 0.2550 0.6582806 0.6583 0.6666667 0.6667 0.3417194 0.3417 1.0000000 342.3070 0.5388215 4.3106 1.0000000 1.0000 0.0 1.0 0.43586121644395015 0.33333333333333337 []
 | 21.6995 49.9058 39.3731 0.6974912 O=C1OC(C(O)CO)C(O)=C1CC#CC1CC1=CC1C=CC1=O 1 C(O)C(C1C(O)=C([*])C(=O)O1)O C1(C#CC*)CC1=CC1C=CC1=O O=C1OCC=C1CC#CC1CC1=CC1C=CC1=O 0.5550000 0.5550 0.5939697 0.5940 1.0000000 1.0000 0.4060303 0.4060 1.0000000 316.3090 0.5155976 5.3224 1.0000000 1.0000 0.0 1.0 0.4969657935914704 0.0 []
 | 17.9894 24.6017 41.7905 0.5186892 COc1ccc2c(c1)NC(=O)C(CCC1OC(C(O)CO)C(O)=C1O)C2 1 OC1=C(O)C([*])OC1C(CO)O C1(CC*)C(=O)Nc2cc(OC)ccc2C1 O=C1Nc2ccccc2CC1CCC1C=CCO1 0.3800000 0.3800 0.5101444 0.5101 0.3333333 0.3333 0.5329741 0.5330 1.0000000 365.3820 0.5394148 4.2847 1.0000000 1.0000 0.0 1.0 0.48538644398046393 0.6666666666666667 []
 | 16.0197 20.4837 56.6711 0.6027719 N#CC1(c2ccccc2)CCN(CCNC2OC(C(O)CBr)C(O)=C2O)CC1 1 OC(C1OC([*])C(O)=C1O)CBr N1(CCN*)CCC(C#N)(c2ccccc2)CC1 C1=CC(NCCN2CCC(c3ccccc3)CC2)OC1 0.4800000 0.4800 0.4536964 0.4537 0.6666667 0.6667 0.5463036 0.5463 1.0000000 452.3490 0.5396802 4.2731 1.0000000 1.0000 0.0 1.0 0.4995998398718719 0.33333333333333337 []
 | 19.5817 36.6060 44.6149 0.6345384 O=C1NC(=CCc2ccccc2)C(C#CC2OC(C(O)CO)C(O)=C2O)C1=O 1 OC(CO)C1C(O)=C(O)C([*])O1 C1(C#C*)C(=O)C(=O)NC1=CCc1ccccc1 O=C1NC(=CCc2ccccc2)C(C#CC2C=CCO2)C1=O 0.5450000 0.5450 0.5243548 0.5244 0.6666667 0.6667 0.4756452 0.4756 1.0000000 385.3720 0.5259085 4.8738 1.0000000 1.0000 0.0 1.0 0.4979708826829135 0.33333333333333337 []
 | 17.1068 25.9112 49.6160 0.5900563 O=C(CC1OC(C(O)CO)C(OCc2ccccc2)=C1O)C1CNC1=O 1 [*]C1OC(C(O)CO)C(OCc2ccccc2)=C1O O=C1NCC1C(=O)C* O=C(CC1C=C(OCc2ccccc2)CO1)C1CNC1=O 0.5650000 0.5650 0.6774581 0.6775 0.3333333 0.3333 0.3225419 0.3225 1.0000000 363.3660 0.5396829 4.2730 1.0000000 1.0000 0.0 1.0 0.4957569969249047 0.6666666666666667 []
 | 13.5995 21.3099 61.1993 0.6446031 CC1(c2cnc(C#N)cn2)OCC(C2OC(=O)C(O)=C2O)O1 1 O1CC(C2OC(=O)C(O)=C2O)OC1([*])C c1nc(*)cnc1C#N O=C1C=CC(C2COC(c3cnccn3)O2)O1 0.4800000 0.4800 0.6924107 0.6924 0.6666667 0.6667 0.3075893 0.3076 1.0000000 305.2460 0.5333093 4.5513 1.0000000 1.0000 0.0 1.0 0.49959983987187184 0.33333333333333337 []
 | 10.7694 18.4339 49.6985 0.5322845 CC1(C)OCC(C2OC(=O)C(O)=C2CCC2CNC(=O)O2)O1 1 C1(=O)C(O)=C([*])C(C2OC(C)(C)OC2)O1 C1(CC*)OC(=O)NC1 O=C1C=C(CCC2CNC(=O)O2)C(C2COCO2)O1 0.2000000 0.2000 0.7076303 0.7076 0.6666667 0.6667 0.2923697 0.2924 1.0000000 313.3060 0.5357897 4.4430 1.0000000 1.0000 0.0 1.0 0.4 0.33333333333333337 []
 | 25.1889 34.0454 48.2278 0.6427596 O=C1OC(C(O)CO)C(O)=C1CCC1CC(=O)N2OCCC12 1 C(O)C(C1C(O)=C([*])C(=O)O1)O C1(CC*)CC(=O)N2OCCC21 O=C1OCC=C1CCC1CC(=O)N2OCCC12 0.5150000 0.5150 0.6126329 0.6126 0.6666667 0.6667 0.3873671 0.3874 1.0000000 313.3060 0.5259194 4.8733 1.0000000 1.0000 0.0 1.0 0.4997749493522059 0.33333333333333337 []
21:44:27 <WARN> reinvent_plugins.normalizers.rdkit_smiles: c1cccn2cc(CC(C#=C*)=O)nc12 could not be converted
21:44:27 <WARN> reinvent_plugins.normalizers.rdkit_smiles: [nH]1cccc(C#CC(C)N*)2cncc12 could not be converted
21:44:27 <WARN> reinvent_plugins.normalizers.rdkit_smiles: C1(=CC*)C(C)C(=O)C1n(C)CCCOC could not be converted
21:44:27 <WARN> reinvent_plugins.normalizers.rdkit_smiles: c12c(cccc1O*)N(Cc1cc[nH]c1CC#N)ccc2 could not be converted
21:44:27 <WARN> reinvent_plugins.normalizers.rdkit_smiles: n1c2c(c(C)c(CN*)c(O)c2C)CC1 could not be converted
21:44:27 <WARN> reinvent_plugins.normalizers.rdkit_smiles: C1(C#N)CC(C*)O2(C(=O)N)C1COC2 could not be converted
21:44:27 <WARN> reinvent_plugins.normalizers.rdkit_smiles: c12cc3c(ccn1)CC(*)C(=O)N2 could not be converted
21:44:27 <WARN> reinvent_plugins.normalizers.rdkit_smiles: C1(C#CC(C)N*)C(=O)NC1C(C#C)=OC could not be converted
21:44:27 <WARN> reinvent_plugins.normalizers.rdkit_smiles: c12c3c(ccc1nc(C)c(O*)n2)OCO2 could not be converted
21:44:27 <WARN> reinvent_plugins.normalizers.rdkit_smiles: O=C1c2nc(*)c(C(=O)CC)c3ccccc3c2C=C1 could not be converted
21:44:42 <INFO> Score: 0.54 Agent NLL: 20.47 Valid:  98% Step: 98
 | Agent Prior Target Score SMILES SMILES_state Input_Scaffold R-groups Scaffold predicted_activity predicted_activity (raw) training_similarity training_similarity (raw) taf_consistency taf_consistency (raw) novelty novelty (raw) MW_window MW_window (raw) synthetic_feasibility synthetic_feasibility (raw) curated alerts filter curated alerts filter (raw) stereo_validity (predicted_activity) scaffold_novelty (predicted_activity) uncertainty (predicted_activity) taf_disrupted (predicted_activity) matchting_patterns (curated alerts filter)
 | 14.4658 33.7446 50.7520 0.6601294 CN1CCC(C#CC2(C)OCC(C3OC(=O)C(O)=C3O)O2)CC1=O 1 C1(C2OC(=O)C(O)=C2O)COC([*])(C)O1 C1(=O)CC(C#C*)CCN1C O=C1CC(C#CC2OCC(C3C=CC(=O)O3)O2)CCN1 0.5450000 0.5450 0.6781327 0.6781 0.6666667 0.6667 0.3218673 0.3219 1.0000000 337.3280 0.5247041 4.9262 1.0000000 1.0000 0.0 1.0 0.4979708826829135 0.33333333333333337 []
 | 20.1523 20.6505 56.3880 0.6018633 CC(N)=C1OC(=O)C(C2=C(O)C(=O)OC2C2COC(C)(C)O2)C1=O 1 O1C(C)(C)OCC1C1OC(=O)C(O)=C1[*] C1(=O)C(*)C(=O)OC1=C(C)N C=C1OC(=O)C(C2=CC(=O)OC2C2COCO2)C1=O 0.3450000 0.3450 0.7238999 0.7239 0.6666667 0.6667 0.2761001 0.2761 1.0000000 339.3000 0.5318689 4.6141 1.0000000 1.0000 0.0 1.0 0.4753682782853732 0.33333333333333337 []
 | 13.1736 18.1121 -18.1121 0.0000000 Nc1ccc(C2=C(O)C(C(O)CO)OC2=O)nc1 1 C(C(C1OC(=O)C([*])=C1O)O)O c1nc(*)ccc1N O=C1OCC=C1c1ccccn1 0.6800000 0.6800 0.6640783 0.6641 0.6666667 0.6667 0.3359217 0.3359 1.0000000 252.2260 0.5516768 3.7477 1.0000000 1.0000 0.0 1.0 0.46647615158762407 0.33333333333333337 []
 | 18.5350 26.9295 50.5389 0.6052222 O=C1NC(C2CC2C2OC(C(O)CO)C(O)=C2O)CO1 1 C(C(C1C(O)=C(O)C([*])O1)O)O C1(C2CC2*)NC(=O)OC1 O=C1NC(C2CC2C2C=CCO2)CO1 0.4200000 0.4200 0.5622255 0.5622 0.6666667 0.6667 0.4377745 0.4378 1.0000000 287.2680 0.5201873 5.1228 1.0000000 1.0000 0.0 1.0 0.4935585071701227 0.33333333333333337 []
 | 23.6113 39.2229 32.3004 0.5587757 C=CCOc1nc(C#CC2OC(C(O)CBr)C(O)=C2O)cc2c1CCO2 1 C(C1C(O)=C(O)C([*])O1)(CBr)O c12c(cc(C#C*)nc1OCC=C)OCC2 C(#CC1C=CCO1)c1cc2c(cn1)CCO2 0.3700000 0.3700 0.4181129 0.4181 0.6666667 0.6667 0.5914857 0.5915 1.0000000 424.2470 0.5237398 4.9682 1.0000000 1.0000 0.0 1.0 0.4828043081829324 0.33333333333333337 []
 | 21.7476 32.5248 43.5178 0.5940833 C#Cc1cc(OC)ncc1NC1OC(C(O)CO)C(O)=C1O 1 [*]C1OC(C(CO)O)C(O)=C1O N(*)c1c(C#C)cc(OC)nc1 C1=CC(Nc2cccnc2)OC1 0.4300000 0.4300 0.4775023 0.4775 0.6666667 0.6667 0.5454314 0.5454 1.0000000 308.2900 0.5330753 4.5615 1.0000000 1.0000 0.0 1.0 0.4950757517794625 0.33333333333333337 []
 | 17.4157 28.8242 47.3794 0.5953404 O=C1NC(Cn2ccnc2)C1CC1OC(C(O)CO)C(OCc2ccccc2)=C1O 1 OC(CO)C1OC([*])C(O)=C1OCc1ccccc1 C1(Cn2cncc2)NC(=O)C1C* O=C1NC(Cn2ccnc2)C1CC1C=C(OCc2ccccc2)CO1 0.6250000 0.6250 0.6213697 0.6214 0.3333333 0.3333 0.3786303 0.3786 1.0000000 415.4460 0.5327653 4.5750 1.0000000 1.0000 0.0 1.0 0.4841229182759271 0.6666666666666667 []
 | 17.1352 31.3448 51.1919 0.6448178 CC1(C=C2CC(CCN)OC2=O)OCC(C2OC(=O)C(O)=C2O)O1 1 C1(C2OC(=O)C(O)=C2O)COC([*])(C)O1 C1(=C*)CC(CCN)OC1=O O=C1C=CC(C2COC(C=C3CCOC3=O)O2)O1 0.4850000 0.4850 0.6924107 0.6924 0.6666667 0.6667 0.3075893 0.3076 1.0000000 341.3160 0.5239379 4.9596 1.0000000 1.0000 0.0 1.0 0.49977494935220584 0.33333333333333337 []
 | 46.3264 62.7496 -61.6768 0.0083814 Cc1nc(C(=O)CCc2ccc(OCC3CCOCC3)nc2)oc1C#CC1=C(O)C(=O)OC1C1COC(C)(C)O1 1 O1C(C)(C)OCC1C1OC(=O)C(O)=C1[*] O(c1ccc(CCC(c2nc(C)c(C#C*)o2)=O)cn1)CC1CCOCC1 O=C1C=C(C#Cc2cnc(C(=O)CCc3ccc(OCC4CCOCC4)nc3)o2)C(C2COCO2)O1 0.1650000 0.1650 0.6086977 0.6087 0.6666667 0.6667 0.4418437 0.4418 0.0000000 552.5800 0.5367091 4.4029 1.0000000 1.0000 0.0 1.0 0.3711805490593493 0.33333333333333337 []
 | 16.8627 25.0641 59.4172 0.6600103 CNCC1NC(CC2=C(O)C(C(O)CO)OC2=O)O1 1 C(C(C1OC(=O)C([*])=C1O)O)O O1C(CNC)NC1C* O=C1OCC=C1CC1NCO1 0.5550000 0.5550 0.6559298 0.6559 0.6666667 0.6667 0.3440702 0.3441 1.0000000 274.2730 0.5257059 4.8826 1.0000000 1.0000 0.0 1.0 0.4969657935914705 0.33333333333333337 []
21:44:43 <WARN> reinvent_plugins.normalizers.rdkit_smiles: *N1C2(CCC1C#C)C2(C#N)C could not be converted
21:44:43 <WARN> reinvent_plugins.normalizers.rdkit_smiles: c12c3c(c(N)cc1nccc2)OC(=O)C(*)C2 could not be converted
21:44:43 <WARN> reinvent_plugins.normalizers.rdkit_smiles: C1(C(C#CCC2=CC=C2)CC2CCCC2*)C1 could not be converted
21:44:43 <WARN> reinvent_plugins.normalizers.rdkit_smiles: n1c2c(cc(OC)c(OC)c2)COC1N* could not be converted
21:44:43 <WARN> reinvent_plugins.normalizers.rdkit_smiles: [nH]1c(=O)[nH]ncc1C* could not be converted
21:44:43 <WARN> reinvent_plugins.normalizers.rdkit_smiles: c1(O)c(C2=C(O)C(C)OC2=O)c(OC)n(C*)cc1Br could not be converted
21:44:58 <INFO> Score: 0.55 Agent NLL: 20.10 Valid:  98% Step: 99
 | Agent Prior Target Score SMILES SMILES_state Input_Scaffold R-groups Scaffold predicted_activity predicted_activity (raw) training_similarity training_similarity (raw) taf_consistency taf_consistency (raw) novelty novelty (raw) MW_window MW_window (raw) synthetic_feasibility synthetic_feasibility (raw) curated alerts filter curated alerts filter (raw) stereo_validity (predicted_activity) scaffold_novelty (predicted_activity) uncertainty (predicted_activity) taf_disrupted (predicted_activity) matchting_patterns (curated alerts filter)
 | 10.9223 28.8764 -28.8764 0.0000000 CC1(C#CC2(O)CCC(N)C2)OCC(C2OC(=O)C(O)=C2O)O1 1 C1C(C2C(O)=C(O)C(=O)O2)OC(C)([*])O1 C1(C#C*)(O)CC(N)CC1 O=C1C=CC(C2COC(C#CC3CCCC3)O2)O1 0.5400000 0.5400 0.6924107 0.6924 1.0000000 1.0000 0.3075893 0.3076 1.0000000 325.3170 0.5177462 5.2290 1.0000000 1.0000 0.0 1.0 0.49839743177508444 0.0 []
 | 23.4172 32.0249 41.5286 0.5746365 CC1(C)OCC(C2OC(=O)C(O)=C2CCC=CC2(O)CNCC2=O)O1 1 O1C(C)(C)OCC1C1OC(=O)C(O)=C1[*] C1(C=CCC*)(O)CNCC1=O O=C1C=C(CCC=CC2CNCC2=O)C(C2COCO2)O1 0.2950000 0.2950 0.6647030 0.6647 0.6666667 0.6667 0.3352970 0.3353 1.0000000 353.3710 0.5262759 4.8578 1.0000000 1.0000 0.0 1.0 0.4560427611529428 0.33333333333333337 []
 | 21.2337 38.1658 51.7527 0.7024890 CC#CC1(O)CC(=O)N(C)C1C1=C(O)C(C(O)CO)OC1=O 1 C1([*])=C(O)C(C(CO)O)OC1=O C1(=O)N(C)C(*)C(C#CC)(O)C1 O=C1CCC(C2=CCOC2=O)N1 0.5550000 0.5550 0.6126329 0.6126 1.0000000 1.0000 0.3873671 0.3874 1.0000000 311.2900 0.5266474 4.8416 1.0000000 1.0000 0.0 1.0 0.4969657935914704 0.0 []
 | 18.5191 29.6195 35.6364 0.5098123 CC1(O)C(=O)CC(O)(CC2OC(C(O)CO)C(O)=C2O)C1=O 1 OC1=C(O)C([*])OC1C(O)CO C1(O)(C*)C(=O)C(C)(O)C(=O)C1 O=C1CC(=O)C(CC2C=CCO2)C1 0.3500000 0.3500 0.5375872 0.5376 0.3333333 0.3333 0.4624128 0.4624 1.0000000 318.2780 0.5188485 5.1810 1.0000000 1.0000 0.0 1.0 0.47696960070847283 0.6666666666666667 []
 | 19.1141 26.3855 47.9007 0.5803615 CC1(CC2OC(C(O)CBr)C(O)=C2O)CN(C(=O)CO)O1 1 BrCC(O)C1OC([*])C(O)=C1O O1C(C)(C*)CN1C(CO)=O C1=CC(CC2CNO2)OC1 0.3800000 0.3800 0.5026155 0.5026 0.6666667 0.6667 0.4973845 0.4974 1.0000000 368.1800 0.5179855 5.2186 1.0000000 1.0000 0.0 1.0 0.48538644398046393 0.33333333333333337 []
 | 28.2835 33.1575 47.5872 0.6308183 O=C1NC(CO)C1C(=O)OC(c1ccccc1)C1OC(C(O)CO)C(O)=C1O 1 OCC(C1C(O)=C(O)C([*])O1)O OCC1C(C(OC(c2ccccc2)*)=O)C(=O)N1 O=C1NCC1C(=O)OC(c1ccccc1)C1C=CCO1 0.5350000 0.5350 0.5166825 0.5167 0.6666667 0.6667 0.4833175 0.4833 1.0000000 395.3640 0.5297077 4.7083 1.0000000 1.0000 0.0 1.0 0.49877349568717055 0.33333333333333337 []
 | 34.5130 44.6103 43.7646 0.6904286 CC1OC(=O)C(C2OC(C(O)CO)C(OCc3ccccc3)=C2O)C1c1ccc2nc(N)[nH]c(=O)c2c1C#N 1 OCC(C1C(OCc2ccccc2)=C(O)C([*])O1)O C1(C)OC(=O)C(*)C1c1c(C#N)c2c(nc(N)[nH]c2=O)cc1 O=C1OCC(c2ccc3nc[nH]c(=O)c3c2)C1C1C=C(OCc2ccccc2)CO1 0.5200000 0.5200 0.6006128 0.6006 1.0000000 1.0000 0.3993872 0.3994 1.0000000 534.5250 0.5276129 4.7996 1.0000000 1.0000 0.0 1.0 0.4995998398718719 0.0 []
 | 18.2878 29.1999 43.1127 0.5649423 Cc1ccc2nc(C3(C)OCC(C4OC(=O)C(O)=C4O)O3)ccc2n1 1 C1C(C2C(O)=C(O)C(=O)O2)OC(C)([*])O1 n1c(C)ccc2nc(*)ccc12 O=C1C=CC(C2COC(c3ccc4ncccc4n3)O2)O1 0.4550000 0.4550 0.6998965 0.6999 0.3333333 0.3333 0.3001035 0.3001 1.0000000 344.3230 0.5425401 4.1480 1.0000000 1.0000 0.0 1.0 0.4979708826829134 0.6666666666666667 []
 | 12.8953 16.2300 -16.2300 0.0000000 CC1(C)OCC(C2OC(=O)C(O)=C2C2C(=O)CC(C)(C)C2=O)O1 1 O1C(C)(C)OCC1C1OC(=O)C(O)=C1[*] O=C1C(*)C(=O)CC1(C)C O=C1C=C(C2C(=O)CCC2=O)C(C2COCO2)O1 0.2200000 0.2200 0.7505553 0.7506 0.3333333 0.3333 0.2494447 0.2494 1.0000000 324.3290 0.5361324 4.4280 1.0000000 1.0000 0.0 1.0 0.41424630354415964 0.6666666666666667 []
 | 21.4329 32.0554 61.8104 0.7333268 N#CSc1ccc(O)cc1C#CC1=C(O)C(C(O)CO)OC1=O 1 C1([*])=C(O)C(C(CO)O)OC1=O c1(C#C*)c(SC#N)ccc(O)c1 O=C1OCC=C1C#Cc1ccccc1 0.6700000 0.6700 0.6062178 0.6062 1.0000000 1.0000 0.3937822 0.3938 1.0000000 333.3210 0.5397199 4.2713 1.0000000 1.0000 0.0 1.0 0.4702127178203499 0.0 []
21:44:59 <WARN> reinvent_plugins.normalizers.rdkit_smiles: N1CCCC(C(C#N*)CO)C1 could not be converted
21:44:59 <WARN> reinvent_plugins.normalizers.rdkit_smiles: c1(C)[nH]c(C)c(CO)c(C*)c1 could not be converted
21:44:59 <WARN> reinvent_plugins.normalizers.rdkit_smiles: c12c(cc(C(=O)N*)ccc1)OCO2 could not be converted
21:44:59 <WARN> reinvent_plugins.normalizers.rdkit_smiles: C1(C#N)C(=C(*)=O)CCNC1 could not be converted
21:44:59 <WARN> reinvent_plugins.normalizers.rdkit_smiles: C1(C#O)CCN(C(=O)C*)CC1 could not be converted
21:44:59 <WARN> reinvent_plugins.normalizers.rdkit_smiles: C1(C#CC*)C(=O)Cc2ccc3c(c2=O)CC(=O)CC13N could not be converted
21:44:59 <WARN> reinvent_plugins.normalizers.rdkit_smiles: C1(=O)Cc2c(NC*)c3c(cc2CC(=O)c1cccc1)CCC(=O)C3 could not be converted
21:44:59 <WARN> reinvent_plugins.normalizers.rdkit_smiles: O=C1C(CN*)C(=O)Cn2c(O)nc3ccccc32 could not be converted
21:44:59 <WARN> reinvent_plugins.normalizers.rdkit_smiles: *C1C(C=CC)(=O)OC1 could not be converted
21:44:59 <WARN> reinvent_plugins.normalizers.rdkit_smiles: n1c(N)c(*)c2ncccc1O2 could not be converted
21:44:59 <WARN> reinvent_plugins.normalizers.rdkit_smiles: n1c(C)c(C(=O)C[N+]23C(*)CC(C)C2)ccc1C(=C)C#C could not be converted
21:45:14 <INFO> Score: 0.53 Agent NLL: 20.23 Valid:  97% Step: 100
 | Agent Prior Target Score SMILES SMILES_state Input_Scaffold R-groups Scaffold predicted_activity predicted_activity (raw) training_similarity training_similarity (raw) taf_consistency taf_consistency (raw) novelty novelty (raw) MW_window MW_window (raw) synthetic_feasibility synthetic_feasibility (raw) curated alerts filter curated alerts filter (raw) stereo_validity (predicted_activity) scaffold_novelty (predicted_activity) uncertainty (predicted_activity) taf_disrupted (predicted_activity) matchting_patterns (curated alerts filter)
 | 26.9410 39.7121 -39.7121 0.0000000 N1CCCC(C(C#N*)CO)C1 0 C1(=O)OC(C2OC([*])(C)OC2)C(O)=C1O N1CCCC(C(C#N*)CO)C1 -- 0.0000000 0.0000 0.0000000 0.0000 0.0000000 0.0000 0.0000000 0.0000 0.0000000 0.0000 0.0000000 0.0000 0.0000000 0.0000 None None None None None
 | 18.5332 20.0669 44.6263 0.5054158 CC1OC(=O)C(C2=C(O)C(=O)OC2C2COC(C)(C)O2)CN1C=O 1 CC1(C)OC(C2OC(=O)C(O)=C2[*])CO1 C1(C)OC(=O)C(*)CN1C=O O=C1C=C(C2CNCOC2=O)C(C2COCO2)O1 0.2800000 0.2800 0.6998965 0.6999 0.3333333 0.3333 0.3001035 0.3001 1.0000000 341.3160 0.5259458 4.8722 1.0000000 1.0000 0.0 1.0 0.44899888641287294 0.6666666666666667 []
 | 23.6655 41.4075 38.3031 0.6227389 O=C1OC(C(O)CO)C(O)=C1Cn1nnnc1CCC1CC1C1CC1 1 C1(C(O)CO)OC(=O)C([*])=C1O C1(CCc2nnnn2C*)CC1C1CC1 O=C1OCC=C1Cn1nnnc1CCC1CC1C1CC1 0.4650000 0.4650 0.5715476 0.5715 0.6666667 0.6667 0.4284524 0.4285 1.0000000 350.3750 0.5354613 4.4573 1.0000000 1.0000 0.0 1.0 0.49877349568717055 0.33333333333333337 []
 | 14.0914 13.1882 -13.1882 0.0000000 OCC(O)C1OC(Cc2ccc3c(c2)OCC3)C(O)=C1O 1 OCC(C1C(O)=C(O)C([*])O1)O c1c2c(ccc1C*)CCO2 C1=CC(Cc2ccc3c(c2)OCC3)OC1 0.4900000 0.4900 0.4574957 0.4575 0.3333333 0.3333 0.5425043 0.5425 1.0000000 294.3030 0.5447878 4.0497 1.0000000 1.0000 0.0 1.0 0.4998999899979995 0.6666666666666667 []
 | 26.8885 41.6182 34.4727 0.5944604 COC(C)(O)C(=O)N1C(=O)C(CC2OC(C(O)CBr)C(O)=C2O)C1=O 1 C1(O)=C(O)C(C(O)CBr)OC1[*] C1(=O)C(C*)C(=O)N1C(C(C)(OC)O)=O O=C1NC(=O)C1CC1C=CCO1 0.4150000 0.4150 0.5149166 0.5149 0.6666667 0.6667 0.4850834 0.4851 1.0000000 424.2000 0.5187474 5.1854 1.0000000 1.0000 0.0 1.0 0.4927220311697053 0.33333333333333337 []
 | 16.5650 27.1641 42.0164 0.5404730 O=C1NCC1(O)C(=O)C1OC(C(O)CO)C(O)=C1O 1 OCC(O)C1C(O)=C(O)C([*])O1 OC1(C(=O)*)C(=O)NC1 O=C1NCC1C(=O)C1C=CCO1 0.4450000 0.4450 0.5515528 0.5516 0.3333333 0.3333 0.4484472 0.4484 1.0000000 275.2130 0.5221329 5.0382 1.0000000 1.0000 0.0 1.0 0.49696579359147036 0.6666666666666667 []
 | 14.3640 26.6903 46.5258 0.5720011 COc1ncc(CC2OC(C(O)CO)C(OCc3ccccc3)=C2O)nc1N 1 C1(OCc2ccccc2)=C(O)C([*])OC1C(CO)O n1c(N)c(OC)ncc1C* C1=C(OCc2ccccc2)COC1Cc1cnccn1 0.5200000 0.5200 0.6151246 0.6151 0.3333333 0.3333 0.3848754 0.3849 1.0000000 389.4080 0.5443835 4.0674 1.0000000 1.0000 0.0 1.0 0.4995998398718719 0.6666666666666667 []
 | 11.0794 19.3423 -19.3423 0.0000000 CC1(C)OC(=O)C1C1(C)OCC(C2OC(=O)C(O)=C2O)O1 1 C1(=O)OC(C2OC([*])(C)OC2)C(O)=C1O C1(C)(C)OC(=O)C1* O=C1C=CC(C2COC(C3COC3=O)O2)O1 0.4600000 0.4600 0.7700536 0.7701 0.3333333 0.3333 0.2299464 0.2299 1.0000000 300.2630 0.5268297 4.8337 1.0000000 1.0000 0.0 1.0 0.49839743177508444 0.6666666666666667 []
 | 14.6531 19.4517 -19.4517 0.0000000 CC(O)C1CC1CC1=C(O)C(=O)OC1C1COC(C)(C)O1 1 CC1(C)OC(C2OC(=O)C(O)=C2[*])CO1 C1(C*)C(C(C)O)C1 O=C1C=C(CC2CC2)C(C2COCO2)O1 0.2300000 0.2300 0.7156264 0.7156 0.6666667 0.6667 0.2843736 0.2844 1.0000000 298.3350 0.5283905 4.7657 1.0000000 1.0000 0.0 1.0 0.4208325082500163 0.33333333333333337 []
 | 13.0169 25.8926 64.4510 0.7058095 CC(C#CC1CCNC1=O)C1=C(O)C(C(O)CO)OC1=O 1 C1(C(O)CO)OC(=O)C([*])=C1O C1(C#CC(C)*)C(=O)NCC1 O=C1OCC=C1CC#CC1CCNC1=O 0.5600000 0.5600 0.6260991 0.6261 1.0000000 1.0000 0.3739009 0.3739 1.0000000 295.2910 0.5241102 4.9521 1.0000000 1.0000 0.0 1.0 0.4963869458396343 0.0 []
21:45:15 <WARN> Maximum number of steps of 100 reached in stage 1. Terminating all stages.
21:45:15 <INFO> Peak main memory usage: 3283.926 MiB
21:45:15 <INFO> Peak reserved GPU memory usage: 12166.000 MiB
21:45:15 <INFO> Finished REINVENT on 2026-09-14
