20:52:48 <INFO> Started REINVENT 4.8.24 (C) AstraZeneca 2017, 2023 on 2026-09-14
20:52:48 <INFO> Command line: /cluster/home/nbhatt04/Low-data-alpah9alpah10-r01-ligand-based/project/venvs/reinvent312/bin/reinvent /cluster/home/nbhatt04/Low-data-alpah9alpah10-r01-ligand-based/project/reinvent/configs/local_analog_staged_learning.toml
20:52:49 <INFO> Reading run configuration from /cluster/home/nbhatt04/Low-data-alpah9alpah10-r01-ligand-based/project/reinvent/configs/local_analog_staged_learning.toml using format toml
20:52:49 <INFO> User nbhatt04 on host pax063
20:52:49 <INFO> Python version 3.11.16
20:52:49 <INFO> PyTorch version 2.12.0+cu126 git 7661cd9c6b841b62b7f411aa52ec51f05457263b
20:52:49 <INFO> PyTorch compiled with CUDA version 12.6
20:52:49 <INFO> RDKit version 2026.03.6
20:52:49 <INFO> Platform Linux-5.14.0-570.60.1+21.1.el9_6_ciq.x86_64-x86_64-with-glibc2.34
20:52:50 <INFO> CUDA driver version 575.57.08
20:52:50 <INFO> Number of PyTorch CUDA devices 1
20:52:50 <INFO> Using GPU device:0 NVIDIA H100 PCIe
20:52:50 <INFO> GPU memory: 80622 MiB free, 81079 MiB total
20:52:50 <INFO> Writing TensorBoard summary to /cluster/home/nbhatt04/Low-data-alpah9alpah10-r01-ligand-based/project/reinvent/out/local_analog/tb_logs
20:52:50 <INFO> Writing JSON config file to /cluster/home/nbhatt04/Low-data-alpah9alpah10-r01-ligand-based/project/reinvent/out/local_analog/_local_analog.json
20:52:50 <INFO> Starting 1 stage of Reinforcement Learning
20:52:50 <ERRO> /cluster/home/nbhatt04/Low-data-alpah9alpah10-r01-ligand-based/project/priors/reinvent_pubchem.prior has invalid hash:
{ 'comments': ['test small batch size', 'TL'],
  'creation_date': 1741157561.98086,
  'date_format': 'UNIX epoch',
  'hash_id': 'cb6c8ae795fefcc07c366041382b353d',
  'hash_id_format': 'xxhash.xxh3_128_hex 3.4.1',
  'model_id': UUID('4178afaa-e86f-4baf-a5e1-2c324c401e7f'),
  'model_id_format': 'uuid.uuid4 3.10.16',
  'origina_data_source': 'PubChem 2024-06-03',
  'updates': [1741606576.2719467]}
20:52:50 <INFO> Number of network parameters: 5,880,195
20:52:50 <INFO> Network architecture:
RNN(
  (_embedding): Embedding(131, 256)
  (_rnn): LSTM(256, 512, num_layers=3, batch_first=True)
  (_linear): Linear(in_features=512, out_features=131, bias=True)
)
20:52:50 <ERRO> /cluster/home/nbhatt04/Low-data-alpah9alpah10-r01-ligand-based/project/priors/reinvent_pubchem.prior has invalid hash:
{ 'comments': ['test small batch size', 'TL'],
  'creation_date': 1741157561.98086,
  'date_format': 'UNIX epoch',
  'hash_id': 'cb6c8ae795fefcc07c366041382b353d',
  'hash_id_format': 'xxhash.xxh3_128_hex 3.4.1',
  'model_id': UUID('4178afaa-e86f-4baf-a5e1-2c324c401e7f'),
  'model_id_format': 'uuid.uuid4 3.10.16',
  'origina_data_source': 'PubChem 2024-06-03',
  'updates': [1741606576.2719467]}
20:52:50 <INFO> Number of network parameters: 5,880,195
20:52:50 <INFO> Network architecture:
RNN(
  (_embedding): Embedding(131, 256)
  (_rnn): LSTM(256, 512, num_layers=3, batch_first=True)
  (_linear): Linear(in_features=512, out_features=131, bias=True)
)
20:52:50 <INFO> Using generator Reinvent
20:52:50 <INFO> Prior read from /cluster/home/nbhatt04/Low-data-alpah9alpah10-r01-ligand-based/project/priors/reinvent_pubchem.prior
20:52:50 <INFO> Agent read from /cluster/home/nbhatt04/Low-data-alpah9alpah10-r01-ligand-based/project/priors/reinvent_pubchem.prior
20:52:50 <INFO> Using reward strategy dap
20:52:50 <INFO> Using diversity filter IdenticalMurckoScaffold
20:52:50 <INFO> Diversity filter memories are retained between stages
20:52:50 <INFO> Inception SMILES read from /cluster/home/nbhatt04/Low-data-alpah9alpah10-r01-ligand-based/project/reinvent/inception.smi
20:52:50 <INFO> Using inception memory
20:52:50 <ERRO> Component reinvent_plugins.components.OpenEye.comp_rocs could not be imported: No module named 'openeye'
20:52:50 <INFO> Registered scoring component GroupCount
20:52:50 <INFO> Registered scoring component FragmentQed
20:52:50 <INFO> Registered scoring component FragmentSlogP
20:52:50 <INFO> Registered scoring component FragmentMolecularWeight
20:52:50 <INFO> Registered scoring component FragmentTPSA
20:52:50 <INFO> Registered scoring component FragmentDistanceMatrix
20:52:50 <INFO> Registered scoring component FragmentNumAtomStereoCenters
20:52:50 <INFO> Registered scoring component FragmentHBondAcceptors
20:52:50 <INFO> Registered scoring component FragmentHBondDonors
20:52:50 <INFO> Registered scoring component FragmentNumRotBond
20:52:50 <INFO> Registered scoring component FragmentCsp3
20:52:50 <INFO> Registered scoring component Fragmentnumsp
20:52:50 <INFO> Registered scoring component Fragmentnumsp2
20:52:50 <INFO> Registered scoring component Fragmentnumsp3
20:52:50 <INFO> Registered scoring component FragmentEffectiveLength
20:52:50 <INFO> Registered scoring component FragmentGraphLength
20:52:50 <INFO> Registered scoring component FragmentLengthRatio
20:52:50 <INFO> Registered scoring component FragmentNumHeavyAtoms
20:52:50 <INFO> Registered scoring component FragmentNumHeteroAtoms
20:52:50 <INFO> Registered scoring component FragmentNumRings
20:52:50 <INFO> Registered scoring component FragmentNumAromaticRings
20:52:50 <INFO> Registered scoring component FragmentNumAliphaticRings
20:52:50 <INFO> Registered scoring component FragmentSlogP
20:52:50 <INFO> Registered scoring component MatchingSubstructure
20:52:50 <INFO> Registered scoring component MolVolume
20:52:50 <INFO> Registered scoring component Qed
20:52:50 <INFO> Registered scoring component LargestRingSize
20:52:50 <INFO> Registered scoring component MolecularWeight
20:52:50 <INFO> Registered scoring component GraphLength
20:52:50 <INFO> Registered scoring component NumAtomStereoCenters
20:52:50 <INFO> Registered scoring component HBondAcceptors
20:52:50 <INFO> Registered scoring component HBondDonors
20:52:50 <INFO> Registered scoring component NumRotBond
20:52:50 <INFO> Registered scoring component Csp3
20:52:50 <INFO> Registered scoring component numsp
20:52:50 <INFO> Registered scoring component numsp2
20:52:50 <INFO> Registered scoring component numsp3
20:52:50 <INFO> Registered scoring component NumHeavyAtoms
20:52:50 <INFO> Registered scoring component NumHeteroAtoms
20:52:50 <INFO> Registered scoring component NumRings
20:52:50 <INFO> Registered scoring component NumAromaticRings
20:52:50 <INFO> Registered scoring component NumAliphaticRings
20:52:50 <INFO> Registered scoring component SlogP
20:52:50 <INFO> Registered scoring component LargestRingSize
20:52:50 <INFO> Registered scoring component PMI
20:52:50 <INFO> Registered scoring component RDKitDescriptors
20:52:50 <INFO> Registered scoring component TanimotoSimilarity
20:52:50 <INFO> Registered scoring component TanimotoDistance
20:52:50 <INFO> Registered scoring component TPSA
20:52:50 <INFO> Registered scoring component SAScore
20:52:50 <ERRO> Component reinvent_plugins.components.comp_chemprop could not be imported: No module named 'chemprop'
20:52:50 <ERRO> Component reinvent_plugins.components.comp_chemprop2 could not be imported: No module named 'chemprop'
20:52:50 <INFO> Registered scoring component CustomAlerts
20:52:50 <INFO> Registered scoring component DockStream
20:52:50 <INFO> Registered scoring component ExternalProcess
20:52:50 <INFO> Registered scoring component REST
20:52:50 <INFO> Registered scoring component Icolos
20:52:50 <INFO> Registered scoring component MMP
20:52:50 <INFO> Registered scoring component Qptuna
20:52:50 <INFO> Registered scoring component ReactionFilter
20:52:50 <INFO> Registered scoring component RingPrecedence
20:52:50 <INFO> Registered scoring component Maize
20:52:50 <INFO> Registered scoring component SynthSense
20:52:50 <INFO> Registered scoring component CAZP
20:52:50 <INFO> Creating scoring component ExternalProcess
20:52:50 <INFO> Creating scoring component MolecularWeight
20:52:50 <INFO> Creating scoring component SAScore
20:52:50 <INFO> Creating filter component custom_alerts
20:52:50 <INFO> Writing tabular data for stage to local_analog_1.csv
20:52:50 <INFO> Starting stage 1 <<<
20:52:56 <INFO> Score: 0.23 Agent NLL: 35.47 Valid: 100% Step: 1
 | Agent Prior Target Score SMILES SMILES_state Scaffold predicted_activity predicted_activity (raw) training_similarity training_similarity (raw) taf_consistency taf_consistency (raw) novelty novelty (raw) stereo_validity stereo_validity (raw) MW_window MW_window (raw) synthetic_feasibility synthetic_feasibility (raw) curated alerts filter curated alerts filter (raw) taf_disrupted (predicted_activity) scaffold_novelty (predicted_activity) uncertainty (predicted_activity) matchting_patterns (curated alerts filter)
 | 56.8383 56.8383 -6.9887 0.3894503 CC(C)=CCC(N)CCc1cc(C)c(C2CC[C@](CO)(C(=O)O)C2)c(C)c1 1 c1ccc(C2CCCC2)cc1 0.2100000 0.2100 0.2537730 0.2538 0.3333333 0.3333 0.7720196 0.7720 0.3333333 0.3333 1.0000000 373.5370 0.5453241 4.0262 1.0000000 1.0000 0.6666666666666667 1.0 0.4073082370883261 []
 | 30.3158 30.3158 29.6946 0.4688306 CCCc1ccc([C@@H](C)CO)cc1C 1 c1ccccc1 0.2550000 0.2550 0.3138824 0.3139 0.3333333 0.3333 0.7045605 0.7046 1.0000000 1.0000 1.0000000 192.3020 0.5342836 2.4913 1.0000000 1.0000 0.6666666666666667 1.0 0.43586121644395015 []
 | 27.8265 27.8265 -27.3174 0.0039775 CC(c1ccc(C(C)(C)C)cc1)n1ccnc1C=O 1 c1ccc(Cn2ccnc2)cc1 0.2050000 0.2050 0.1714285 0.1714 0.0000000 0.0000 0.8332690 0.8333 0.0000000 0.0000 1.0000000 256.3490 0.5445884 2.9416 1.0000000 1.0000 1.0 1.0 0.403701622488689 []
 | 26.9565 26.9565 33.0044 0.4684447 NC1(CC(=O)NCc2ccccc2C(=O)O)CCC1 1 O=C(CC1CCC1)NCc1ccccc1 0.2650000 0.2650 0.3008473 0.3008 0.3333333 0.3333 0.7297298 0.7297 1.0000000 1.0000 1.0000000 262.3090 0.5266572 2.1588 1.0000000 1.0000 0.6666666666666667 1.0 0.4413332074521472 []
 | 38.3079 38.3079 15.1067 0.4173013 C=C(c1ccccc1Cl)N(C)CCc1cccc2c1CCCN2 1 C=C(NCCc1cccc2c1CCCN2)c1ccccc1 0.1950000 0.1950 0.2224420 0.2224 0.3333333 0.3333 0.8081596 0.8082 1.0000000 1.0000 1.0000000 326.8710 0.5375140 2.6323 1.0000000 1.0000 0.6666666666666667 1.0 0.3962007067131506 []
 | 42.6230 42.6230 -42.0896 0.0041673 Cc1cccc(C2N=C=CCN2c2ccc(B3OC(C)(C)C(C)(C)O3)cc2)c1 1 C1=CCN(c2ccc(B3OCCO3)cc2)C(c2ccccc2)N=1 0.1950000 0.1950 0.2296397 0.2296 0.0000000 0.0000 0.7891815 0.7892 0.0000000 0.0000 1.0000000 374.2930 0.5464541 3.9767 1.0000000 1.0000 1.0 1.0 0.3962007067131506 []
 | 24.7738 24.7738 28.3995 0.4154165 CC(C)[C@@H](CO)NCC(O)C(F)(F)F 1  0.2300000 0.2300 0.2599735 0.2600 0.3333333 0.3333 0.7525126 0.7525 0.5000000 0.5000 1.0000000 215.2150 0.5563417 3.4573 1.0000000 1.0000 0.6666666666666667 1.0 0.4208325082500163 []
 | 27.7506 27.7506 33.0616 0.4750958 CCCCCCOC(=O)CNc1ccc(OC)cc1OC 1 c1ccccc1 0.1350000 0.1350 0.3695745 0.3696 0.6666667 0.6667 0.6963133 0.6963 1.0000000 1.0000 1.0000000 295.3790 0.5204325 1.8879 1.0000000 1.0000 0.33333333333333337 1.0 0.34172357249683555 []
 | 36.1125 36.1125 -32.6293 0.0272124 CN(C(=O)n1cncc1-c1cccnc1)c1cccc(Cl)c1 1 O=C(Nc1ccccc1)n1cncc1-c1cccnc1 0.2600000 0.2600 0.2045983 0.2046 0.0000000 0.0000 0.8211146 0.8211 1.0000000 1.0000 1.0000000 312.7600 0.5372311 2.6199 1.0000000 1.0000 1.0 1.0 0.4386342439892262 []
 | 28.8708 28.8708 26.5548 0.4330128 CCCCCC(=O)N(C)c1c(N)cnn1C 1 c1cn[nH]c1 0.1750000 0.1750 0.3016247 0.3016 0.3333333 0.3333 0.7609543 0.7610 1.0000000 1.0000 1.0000000 224.3080 0.5380818 2.6571 1.0000000 1.0000 0.6666666666666667 1.0 0.3799671038392666 []
20:52:56 <INFO> Sampled SMILES n1(C)c(=O)c2c(n(c(=O)c1OC(C)C)CC(F)F)nccc2 failed to sanitize.
20:52:59 <INFO> Score: 0.22 Agent NLL: 35.13 Valid:  98% Step: 2
 | Agent Prior Target Score SMILES SMILES_state Scaffold predicted_activity predicted_activity (raw) training_similarity training_similarity (raw) taf_consistency taf_consistency (raw) novelty novelty (raw) stereo_validity stereo_validity (raw) MW_window MW_window (raw) synthetic_feasibility synthetic_feasibility (raw) curated alerts filter curated alerts filter (raw) taf_disrupted (predicted_activity) scaffold_novelty (predicted_activity) uncertainty (predicted_activity) matchting_patterns (curated alerts filter)
 | 27.6975 27.5197 24.4260 0.4058256 Clc1cnnc(Cl)c1NCCOC1CCCCC1 1 c1cc(NCCOC2CCCCC2)cnn1 0.1500000 0.1500 0.2484520 0.2485 0.3333333 0.3333 0.8526861 0.8527 1.0000000 1.0000 1.0000000 290.1940 0.5392691 2.7090 1.0000000 1.0000 0.6666666666666667 1.0 0.3570714214271425 []
 | 28.1829 28.1785 25.6590 0.4206059 O=[N+]([O-])c1ccc(Nc2ccc(Br)c(Cl)c2)c([N+](=O)[O-])c1 1 c1ccc(Nc2ccccc2)cc1 0.2000000 0.2000 0.1283740 0.1284 0.6666667 0.6667 0.8918919 0.8919 1.0000000 1.0000 1.0000000 372.5620 0.5264537 2.1499 1.0000000 1.0000 0.33333333333333337 1.0 0.4000000000000001 []
 | 32.3282 32.0985 -23.8542 0.0644089 COc1ccc(C(=O)N2CCCCC2c2nnc(SCC(=O)Nc3cccc4ccccc34)n2C)cc1 1 O=C(CSc1nnc(C2CCCCN2C(=O)c2ccccc2)[nH]1)Nc1cccc2ccccc12 0.1500000 0.1500 0.2533594 0.2534 0.3333333 0.3333 0.7960882 0.7961 0.0000000 0.0000 1.0000000 515.6390 0.5405182 2.7635 1.0000000 1.0000 0.6666666666666667 1.0 0.3570714214271425 []
 | 24.0068 24.0714 -20.7478 0.0259655 Cc1ccccc1Sc1nccn1C 1 c1ccc(Sc2ncc[nH]2)cc1 0.2100000 0.2100 0.2030052 0.2030 0.0000000 0.0000 0.8168312 0.8168 1.0000000 1.0000 1.0000000 204.2980 0.5243965 2.0604 1.0000000 1.0000 1.0 1.0 0.40730823708832603 []
 | 41.5859 41.6447 -33.5247 0.0634376 C=C(N)OC1CCCN(C(=O)NCCl)C1 1 C1CCNCC1 0.1750000 0.1750 0.1960572 0.1961 0.3333333 0.3333 0.8459512 0.8460 0.0000000 0.0000 1.0000000 233.6990 0.5560067 3.5574 1.0000000 1.0000 0.6666666666666667 1.0 0.3799671038392666 []
 | 30.1177 30.0871 22.1179 0.4078509 CCCCN1CCC(N2CCC(NCCCc3ccccc3)CC2)CC1 1 c1ccc(CCCNC2CCN(C3CCNCC3)CC2)cc1 0.1400000 0.1400 0.2857953 0.2858 0.3333333 0.3333 0.7242233 0.7242 1.0000000 1.0000 1.0000000 357.5860 0.5249199 2.0832 1.0000000 1.0000 0.6666666666666667 1.0 0.34698703145794946 []
 | 23.6046 23.7362 31.7610 0.4335720 N#Cc1cc(F)ccc1NCCc1ccncc1 1 c1ccc(NCCc2ccncc2)cc1 0.2200000 0.2200 0.1369992 0.1370 0.6666667 0.6667 0.8630008 0.8630 1.0000000 1.0000 1.0000000 241.2690 0.5244116 2.0610 1.0000000 1.0000 0.33333333333333337 1.0 0.41424630354415964 []
 | 34.0976 33.8945 -33.8945 0.0000000 FC(F)(F)Oc1ccc(N2N=C(c3ccc4c(c3)OCO4)CC2c2ccc(Br)cc2)cc1 1 c1ccc(C2CC(c3ccc4c(c3)OCO4)=NN2c2ccccc2)cc1 0.0000000 0.0000 0.0000000 0.0000 0.0000000 0.0000 0.0000000 0.0000 0.0000000 0.0000 0.0000000 0.0000 0.0000000 0.0000 0.0000000 0.0000 None None None ['[#7;!n][#7;!n]']
 | 23.5060 23.7148 34.6267 0.4557934 CCOCCNC(=O)Nc1ccccc1N 1 c1ccccc1 0.2450000 0.2450 0.2857143 0.2857 0.3333333 0.3333 0.7310736 0.7311 1.0000000 1.0000 1.0000000 223.2760 0.5191516 1.8322 1.0000000 1.0000 0.6666666666666667 1.0 0.4300872004605578 []
 | 36.2756 36.2414 -27.6006 0.0675065 O=C1CCNC2C3=C(C=CN12)CCOC3 1 O=C1CCNC2C3=C(C=CN12)CCOC3 0.2200000 0.2200 0.2182179 0.2182 0.3333333 0.3333 0.8038839 0.8039 0.0000000 0.0000 1.0000000 206.2450 0.5396925 4.2725 1.0000000 1.0000 0.6666666666666667 1.0 0.41424630354415964 []
20:53:00 <INFO> Sampled SMILES c1cccc2n(c3C=C4C(C=CCC4Cc3n21)C)C failed to sanitize.
20:53:00 <INFO> Sampled SMILES c1cccc(c1C1CC(c2c(c(c3c(c2OCC(=O)O[C@H]2CN4CCC5[C@H]6OC(C)(C)O[C@@H]6C(C)(C)O[C@@H]5C[C@]42C)C(=O)C=C(C)C=3)O)O1)=O)C(=O)O failed to sanitize.
20:53:03 <INFO> Score: 0.17 Agent NLL: 32.51 Valid:  97% Step: 3
 | Agent Prior Target Score SMILES SMILES_state Scaffold predicted_activity predicted_activity (raw) training_similarity training_similarity (raw) taf_consistency taf_consistency (raw) novelty novelty (raw) stereo_validity stereo_validity (raw) MW_window MW_window (raw) synthetic_feasibility synthetic_feasibility (raw) curated alerts filter curated alerts filter (raw) taf_disrupted (predicted_activity) scaffold_novelty (predicted_activity) uncertainty (predicted_activity) matchting_patterns (curated alerts filter)
 | 24.5082 24.4919 30.9306 0.4329882 Nc1ncnc(NC2CCOCC2)c1F 1 c1cc(NC2CCOCC2)ncn1 0.2600000 0.2600 0.2007388 0.2007 0.3333333 0.3333 0.8063508 0.8064 1.0000000 1.0000 1.0000000 212.2280 0.5374471 2.6294 1.0000000 1.0000 0.6666666666666667 1.0 0.43863424398922624 []
 | 27.0175 27.1705 -17.6137 0.0746627 COCC(O)CN(C)c1nc(N)ncc1N 1 c1cncnc1 0.2600000 0.2600 0.3098899 0.3099 0.3333333 0.3333 0.7053722 0.7054 0.0000000 0.0000 1.0000000 227.2680 0.5529730 3.3093 1.0000000 1.0000 0.6666666666666667 1.0 0.4386342439892262 []
 | 30.5019 30.5118 21.0494 0.4028219 CCCCCCOc1nc(N)c2nc(C)cnc2n1 1 c1cnc2ncncc2n1 0.1100000 0.1100 0.3380617 0.3381 0.3333333 0.3333 0.7348349 0.7348 1.0000000 1.0000 1.0000000 261.3290 0.5336680 2.4644 1.0000000 1.0000 0.6666666666666667 1.0 0.31288975694324034 []
 | 33.8857 34.1005 28.8505 0.4918044 CCOCCOC(=O)c1ccc(NC(=O)CN[C@@H](C)C(C)(C)C)cc1 1 c1ccccc1 0.2250000 0.2250 0.2548236 0.2548 0.6666667 0.6667 0.7601492 0.7601 1.0000000 1.0000 1.0000000 350.4590 0.5376087 2.6364 1.0000000 1.0000 0.33333333333333337 1.0 0.41758232721225164 []
 | 27.5521 27.1783 -23.4547 0.0290910 CCCc1nc2cccnc2c(=O)s1 1 O=c1scnc2cccnc12 0.2550000 0.2550 0.2990500 0.2990 0.0000000 0.0000 0.7230442 0.7230 1.0000000 1.0000 1.0000000 206.2700 0.5362267 2.5761 1.0000000 1.0000 1.0 1.0 0.43586121644395015 []
 | 29.0797 28.8923 23.4047 0.4085703 COc1ncccc1S(=O)(=O)NCCOC1CCCC1 1 O=S(=O)(NCCOC1CCCC1)c1cccnc1 0.1250000 0.1250 0.3182640 0.3183 0.3333333 0.3333 0.7573762 0.7574 1.0000000 1.0000 1.0000000 300.3800 0.5308135 2.3399 1.0000000 1.0000 0.6666666666666667 1.0 0.33071891388307384 []
 | 29.3463 29.4770 -29.4770 0.0000000 CN(C)CCN(C)NCc1ccc([N+](=O)[O-])cc1 1 c1ccccc1 0.0000000 0.0000 0.0000000 0.0000 0.0000000 0.0000 0.0000000 0.0000 0.0000000 0.0000 0.0000000 0.0000 0.0000000 0.0000 0.0000000 0.0000 None None None ['[#7;!n][#7;!n]']
 | 33.2420 33.6667 -25.8635 0.0609626 CCN1CC(CBr)OC(CN2CCN(C)CC2)C1 1 C1CN(CC2CNCCO2)CCN1 0.1350000 0.1350 0.2113410 0.2113 0.3333333 0.3333 0.7886590 0.7887 0.0000000 0.0000 1.0000000 320.2750 0.5554410 3.4177 1.0000000 1.0000 0.6666666666666667 1.0 0.34172357249683555 []
 | 29.4700 29.7565 -29.1731 0.0045577 O=C(O)CC(C(=O)O)N1C(=O)/C(=C/c2ccccc2Cl)SC1=S 1 O=C1NC(=S)SC1=Cc1ccccc1 0.2650000 0.2650 0.2695787 0.2696 0.0000000 0.0000 0.7304213 0.7304 0.0000000 0.0000 1.0000000 371.8230 0.5422266 2.8383 1.0000000 1.0000 1.0 1.0 0.4413332074521472 []
 | 31.4185 31.9007 -28.7629 0.0245142 CC(C=CC=C(C)C=CC1=C(C)CCCC1(C)C)=CC=CC(C)=CC=CC(C)=CCN1CCCCC1 1 C(C=CC=CC=CC=CC1=CCCCC1)=CC=CC=CC=CCN1CCCCC1 0.1400000 0.1400 0.2222222 0.2222 0.0000000 0.0000 0.8094841 0.8095 1.0000000 1.0000 1.0000000 485.8000 0.5559921 3.5581 1.0000000 1.0000 1.0 1.0 0.3469870314579494 []
20:53:03 <INFO> Sampled SMILES N/C(=C\c1cc(C=N)c(NC2CCN(C(=O)C3CCC(CN(CC)CCO)CC3)=N2)c2n(cc(C)c12)C)Nc1ccc(N2CCN(CC2)C)cc1 failed to sanitize.
20:53:07 <INFO> Score: 0.20 Agent NLL: 37.01 Valid:  97% Step: 4
 | Agent Prior Target Score SMILES SMILES_state Scaffold predicted_activity predicted_activity (raw) training_similarity training_similarity (raw) taf_consistency taf_consistency (raw) novelty novelty (raw) stereo_validity stereo_validity (raw) MW_window MW_window (raw) synthetic_feasibility synthetic_feasibility (raw) curated alerts filter curated alerts filter (raw) taf_disrupted (predicted_activity) scaffold_novelty (predicted_activity) uncertainty (predicted_activity) matchting_patterns (curated alerts filter)
 | 27.1876 27.7964 31.6232 0.4642149 COc1ccc(OCC(=O)NCCC[C@H](N)C(=O)O)cc1 1 c1ccccc1 0.2550000 0.2550 0.2977326 0.2977 0.3333333 0.3333 0.7367509 0.7368 1.0000000 1.0000 1.0000000 296.3230 0.5283526 2.2327 1.0000000 1.0000 0.6666666666666667 1.0 0.43586121644395015 []
 | 30.6324 30.7012 -20.6312 0.0786718 O=C(NCc1ccc(OCC(F)(F)F)nc1)NCC(Cc1ccccc1)C(=O)O 1 O=C(NCCCc1ccccc1)NCc1cccnc1 0.3250000 0.3250 0.3287980 0.3288 0.3333333 0.3333 0.6712020 0.6712 0.0000000 0.0000 1.0000000 411.3800 0.5410268 2.7858 1.0000000 1.0000 0.6666666666666667 1.0 0.4683748498798799 []
 | 38.8571 39.6025 -29.7777 0.0767558 COC(=O)C(CCCCCCc1ccc2ccccc2n1)NC(=O)C1CCCO1 1 O=C(NCCCCCCCc1ccc2ccccc2n1)C1CCCO1 0.1750000 0.1750 0.3032392 0.3032 0.6666667 0.6667 0.7315376 0.7315 0.0000000 0.0000 1.0000000 398.5030 0.5464103 3.0214 1.0000000 1.0000 0.33333333333333337 1.0 0.3799671038392666 []
 | 27.5581 28.1939 -17.6623 0.0822783 CCC(C)OC(=O)CC(=O)Nc1ccccc1N 1 c1ccccc1 0.2700000 0.2700 0.2817181 0.2817 0.6666667 0.6667 0.7260017 0.7260 0.0000000 0.0000 1.0000000 250.2980 0.5344038 2.4965 1.0000000 1.0000 0.33333333333333337 1.0 0.4439594576084622 []
 | 127.2504 127.9585 -127.9585 0.0000000 C(O)(CNC(c1cc(cn1C)NC(=O)c1cc2ccc(OCCCCC(N(CCCNC(=O)CCCC(OCC(COC(c3ccc(cc3)OCCCN=[N+]=[N-])=O)=O)OC(=O)CCCSC(=O)CNC)=O)=O)cc2n1CC1CCN 0 -- 0.0000000 0.0000 0.0000000 0.0000 0.0000000 0.0000 0.0000000 0.0000 0.0000000 0.0000 0.0000000 0.0000 0.0000000 0.0000 0.0000000 0.0000 None None None None
 | 25.2326 25.1666 -24.5724 0.0046423 CCN(CC(=O)Cc1ccccc1)CC1CCCO1 1 O=C(CNCC1CCCO1)Cc1ccccc1 0.2250000 0.2250 0.3594473 0.3594 0.0000000 0.0000 0.6405527 0.6406 0.0000000 0.0000 1.0000000 261.3650 0.5358811 2.5610 1.0000000 1.0000 1.0 1.0 0.41758232721225164 []
 | 73.1298 72.1407 -64.7844 0.0574712 C=C(N)/C(C)=C(/CC(=O)N1CCC1)N=CC1C(=O)N(C2CCC(N(C)C)CC2)C(=O)C1(C)CC 1 C=C(CC(=O)N1CCC1)N=CC1CC(=O)N(C2CCCCC2)C1=O 0.0850000 0.0850 0.2557886 0.2558 0.3333333 0.3333 0.7699782 0.7700 0.0000000 0.0000 1.0000000 471.6460 0.5354375 4.4584 1.0000000 1.0000 0.6666666666666667 1.0 0.27888169534768686 []
 | 54.4667 55.0367 -51.9552 0.0240746 CCN(C=Nc1cc(Cl)cn2cccc12)CCCN1CCN(c2ccco2)CC1 1 C(=Nc1cccn2cccc12)NCCCN1CCN(c2ccco2)CC1 0.1400000 0.1400 0.2016194 0.2016 0.0000000 0.0000 0.8585787 0.8586 1.0000000 1.0000 1.0000000 413.9530 0.5504989 3.2006 1.0000000 1.0000 1.0 1.0 0.3469870314579494 []
 | 22.8366 23.3270 -19.7873 0.0276540 Cc1cccc(F)c1CN1CCOCC1 1 c1ccc(CN2CCOCC2)cc1 0.2350000 0.2350 0.2524467 0.2524 0.0000000 0.0000 0.7704610 0.7705 1.0000000 1.0000 1.0000000 209.2640 0.5204871 1.8902 1.0000000 1.0000 1.0 1.0 0.4239988207530771 []
 | 41.4882 41.2450 10.9849 0.4080459 C=CCN(C(=O)c1cc(C)ccc1C)c1c(N)n(C)c(=O)[nH]c1=S 1 O=C(Nc1c[nH]c(=O)[nH]c1=S)c1ccccc1 0.1750000 0.1750 0.2186870 0.2187 0.3333333 0.3333 0.8388568 0.8389 1.0000000 1.0000 1.0000000 344.4400 0.5436096 2.8988 1.0000000 1.0000 0.6666666666666667 1.0 0.3799671038392666 []
20:53:07 <INFO> Sampled SMILES c1cc(OCC(OC(C)=O)C)c(OC)cc1C=c1[nH]c(-c2ccc(cc2)S(=O)(=O)C)nc1C failed to sanitize.
20:53:11 <INFO> Score: 0.19 Agent NLL: 37.05 Valid:  95% Step: 5
 | Agent Prior Target Score SMILES SMILES_state Scaffold predicted_activity predicted_activity (raw) training_similarity training_similarity (raw) taf_consistency taf_consistency (raw) novelty novelty (raw) stereo_validity stereo_validity (raw) MW_window MW_window (raw) synthetic_feasibility synthetic_feasibility (raw) curated alerts filter curated alerts filter (raw) taf_disrupted (predicted_activity) scaffold_novelty (predicted_activity) uncertainty (predicted_activity) matchting_patterns (curated alerts filter)
 | 50.2366 49.9294 -39.5346 0.0812091 CC(C)(C)OC1=CC2CN(CC(O)CCl)C(=O)C2C(OCc2ccccc2)=C1 1 O=C1NCC2C=CC=C(OCc3ccccc3)C12 0.2950000 0.2950 0.4393747 0.4394 0.3333333 0.3333 0.5606253 0.5606 0.0000000 0.0000 1.0000000 405.9220 0.5428207 4.1358 1.0000000 1.0000 0.6666666666666667 1.0 0.4560427611529428 []
 | 46.0932 45.6873 -41.9956 0.0288413 Cc1cc(-c2ccc(-c3ccc(O)cc3O)cc2CCOc2ccccc2)on1 1 c1ccc(OCCc2cc(-c3ccccc3)ccc2-c2ccno2)cc1 0.2400000 0.2400 0.3084763 0.3085 0.0000000 0.0000 0.6915237 0.6915 1.0000000 1.0000 1.0000000 387.4350 0.5313307 2.3625 1.0000000 1.0000 1.0 1.0 0.4270831300812525 []
 | 30.7505 31.9822 30.2312 0.4860419 CCN(CC)C(=O)c1cccc(NC(=O)COC(=O)CCCNC(=O)c2cccs2)c1 1 O=C(COC(=O)CCCNC(=O)c1cccs1)Nc1ccccc1 0.2200000 0.2200 0.2462755 0.2463 0.6666667 0.6667 0.7892682 0.7893 1.0000000 1.0000 1.0000000 445.5410 0.5271147 2.1787 1.0000000 1.0000 0.33333333333333337 1.0 0.41424630354415964 []
 | 38.3790 38.2394 18.0687 0.4399071 CCOC(=O)c1c(S(=O)(=O)N2CCCC[C@@H]2C(=O)NCCCOC)c(C)n(C)c1C 1 O=S(=O)(c1cc[nH]c1)N1CCCCC1 0.1300000 0.1300 0.2507133 0.2507 0.6666667 0.6667 0.7616343 0.7616 1.0000000 1.0000 1.0000000 443.5660 0.5450239 2.9607 1.0000000 1.0000 0.33333333333333337 1.0 0.33630343441600474 []
 | 36.0028 35.6071 -27.0189 0.0670958 COCCNC(=O)c1nc(C2CCN(C(C)C)C2)ncc1C 1 c1cnc(C2CCNC2)nc1 0.1500000 0.1500 0.3151354 0.3151 0.3333333 0.3333 0.7250000 0.7250 0.0000000 0.0000 1.0000000 306.4100 0.5458034 2.9948 1.0000000 1.0000 0.6666666666666667 1.0 0.3570714214271425 []
 | 24.0761 23.6133 -15.4044 0.0641318 Cn1cc(CC(Br)C2CCCCC2)cn1 1 c1n[nH]cc1CCC1CCCCC1 0.1550000 0.1550 0.2371708 0.2372 0.3333333 0.3333 0.8256285 0.8256 0.0000000 0.0000 1.0000000 271.2020 0.5452937 2.9725 1.0000000 1.0000 0.6666666666666667 1.0 0.36190468358395134 []
 | 25.7882 26.2136 -22.9819 0.0252471 COCc1cncc(-c2cncnc2)n1 1 c1cnc(-c2cncnc2)cn1 0.1700000 0.1700 0.2144225 0.2144 0.0000000 0.0000 0.8418070 0.8418 1.0000000 1.0000 1.0000000 202.2170 0.5352918 2.5353 1.0000000 1.0000 1.0 1.0 0.375632799419859 []
 | 35.2266 35.9541 18.8298 0.4279989 Cc1nc2ccccc2n1CCCNC(=S)Nc1ccc(C(=O)NCCN2CCCCC2)cc1 1 O=C(NCCN1CCCCC1)c1ccc(NC(=S)NCCCn2cnc3ccccc32)cc1 0.2350000 0.2350 0.2111943 0.2112 0.3333333 0.3333 0.8073737 0.8074 1.0000000 1.0000 1.0000000 478.6660 0.5290427 2.2627 1.0000000 1.0000 0.6666666666666667 1.0 0.4239988207530771 []
 | 35.6075 34.4611 17.3975 0.4051460 CCN(c1ccc(OC)cc1NC(=O)C1CCCCC1)S(C)(=O)=O 1 O=C(Nc1ccccc1)C1CCCCC1 0.1400000 0.1400 0.2708645 0.2709 0.3333333 0.3333 0.7937158 0.7937 1.0000000 1.0000 1.0000000 354.4720 0.5270881 2.1776 1.0000000 1.0000 0.6666666666666667 1.0 0.34698703145794946 []
 | 27.5176 26.9894 -23.6243 0.0262897 Cc1nc(CS(=O)(=O)Cc2ccccc2C(F)(F)F)cs1 1 O=S(=O)(Cc1ccccc1)Cc1cscn1 0.2250000 0.2250 0.2000625 0.2001 0.0000000 0.0000 0.8157257 0.8157 1.0000000 1.0000 1.0000000 335.3720 0.5327625 2.4249 1.0000000 1.0000 1.0 1.0 0.4175823272122517 []
20:53:11 <INFO> Sampled SMILES c1(\c(n2[C@H](c3ccc(cc3)OC)C3=C(OC=CC=3)Nc2cc1)=O)=C\c1ccc(OC(F)F)c(OC)c1 failed to sanitize.
20:53:14 <INFO> Score: 0.21 Agent NLL: 34.46 Valid:  98% Step: 6
 | Agent Prior Target Score SMILES SMILES_state Scaffold predicted_activity predicted_activity (raw) training_similarity training_similarity (raw) taf_consistency taf_consistency (raw) novelty novelty (raw) stereo_validity stereo_validity (raw) MW_window MW_window (raw) synthetic_feasibility synthetic_feasibility (raw) curated alerts filter curated alerts filter (raw) taf_disrupted (predicted_activity) scaffold_novelty (predicted_activity) uncertainty (predicted_activity) matchting_patterns (curated alerts filter)
 | 40.7341 41.4733 -32.3954 0.0709205 O=c1cc(CN2CCC(CO)CC2)nc(C2=CCC(N3CCOCC3)C=C2)[nH]1 1 O=c1cc(CN2CCCCC2)nc(C2=CCC(N3CCOCC3)C=C2)[nH]1 0.2100000 0.2100 0.2942449 0.2942 0.3333333 0.3333 0.7303200 0.7303 0.0000000 0.0000 1.0000000 386.4960 0.5544322 3.6266 1.0000000 1.0000 0.6666666666666667 1.0 0.4073082370883261 []
 | 76.1660 76.0683 -75.8696 0.0015527 CCCCCCC(C)CC1(CC)COP(=O)(CCCCNC2CC(CCCC(CCC(C)C)C(C)C)(S(N)(=O)=O)C2)OC1 1 O=P1(CCCCNC2CCC2)OCCCO1 0.1200000 0.1200 0.2595850 0.2596 0.3333333 0.3333 0.8041626 0.8042 0.0000000 0.0000 0.0000000 648.9760 0.5311878 4.6438 1.0000000 1.0000 0.6666666666666667 1.0 0.3249615361854384 []
 | 32.9693 33.0678 32.3000 0.5106864 CC(C)(C)OC(=O)N(Cc1ccc(S(N)(=O)=O)cc1)c1ccc(Oc2ccccc2)cc1 1 c1ccc(CNc2ccc(Oc3ccccc3)cc2)cc1 0.2550000 0.2550 0.2763188 0.2763 0.6666667 0.6667 0.7333676 0.7334 1.0000000 1.0000 1.0000000 454.5480 0.5263312 2.1446 1.0000000 1.0000 0.33333333333333337 1.0 0.43586121644395015 []
 | 22.7119 23.3050 -15.1006 0.0640965 CNCC1CCCN(c2ccc(C(F)(F)F)cn2)C1 1 c1ccc(N2CCCCC2)nc1 0.1450000 0.1450 0.2530240 0.2530 0.3333333 0.3333 0.8477961 0.8478 0.0000000 0.0000 1.0000000 273.3020 0.5387137 2.6847 1.0000000 1.0000 0.6666666666666667 1.0 0.35210083782916507 []
 | 26.1541 26.0872 32.0937 0.4545385 O=C1C=C(Nc2ccc(-c3ccccc3)cc2)C(=O)c2ccccc21 1 O=C1C=C(Nc2ccc(-c3ccccc3)cc2)C(=O)c2ccccc21 0.2550000 0.2550 0.2701351 0.2701 0.3333333 0.3333 0.7298649 0.7299 1.0000000 1.0000 1.0000000 325.3670 0.5218692 1.9504 1.0000000 1.0000 0.6666666666666667 1.0 0.43586121644395015 []
 | 40.7888 41.0024 -41.0024 0.0000000 CC(C)N1N=C(C(=O)Nc2ccc(N3CCN(C)CC3)cc2C(=O)NO)CCC1=O 1 O=C1CCC(C(=O)Nc2ccc(N3CCNCC3)cc2)=NN1 0.0000000 0.0000 0.0000000 0.0000 0.0000000 0.0000 0.0000000 0.0000 0.0000000 0.0000 0.0000000 0.0000 0.0000000 0.0000 0.0000000 0.0000 None None None ['[#7;!n][#7;!n]']
 | 49.9087 50.8481 -49.3603 0.0116236 CCCCN(CCCC)C(=O)c1ccc(C(=O)Nc2cccc(OC)c2CNC(=O)[C@@H](N)CCCc2ccccc2)cc1 1 O=C(CCCCc1ccccc1)NCc1ccccc1NC(=O)c1ccccc1 0.2400000 0.2400 0.3106849 0.3107 0.3333333 0.3333 0.6893151 0.6893 1.0000000 1.0000 0.0000000 586.7770 0.5449484 2.9574 1.0000000 1.0000 0.6666666666666667 1.0 0.4270831300812525 []
 | 36.8111 37.6754 10.5678 0.3769003 COc1ccc(Cn2ncc3c(NCCCN4CCCCC4=O)ncnc32)c(OC)c1 1 O=C1CCCCN1CCCNc1ncnc2c1cnn2Cc1ccccc1 0.1200000 0.1200 0.2164365 0.2164 0.3333333 0.3333 0.8343014 0.8343 1.0000000 1.0000 1.0000000 424.5050 0.5346952 2.5092 1.0000000 1.0000 0.6666666666666667 1.0 0.3249615361854384 []
 | 28.7121 28.8019 23.2977 0.4070284 O=C(NCCC1CCNCC1)c1cc(S(=O)(=O)N2CCCC2)cs1 1 O=C(NCCC1CCNCC1)c1cc(S(=O)(=O)N2CCCC2)cs1 0.1600000 0.1600 0.2391870 0.2392 0.3333333 0.3333 0.8249620 0.8250 1.0000000 1.0000 1.0000000 371.5280 0.5337682 2.4688 1.0000000 1.0000 0.6666666666666667 1.0 0.36660605559646714 []
 | 25.4435 25.3162 -22.1913 0.0244131 Cc1cc(C)n(-c2ccc(S(=O)(=O)N3CCCC3)cn2)n1 1 O=S(=O)(c1ccc(-n2cccn2)nc1)N1CCCC1 0.1550000 0.1550 0.2000625 0.2001 0.0000000 0.0000 0.8499531 0.8500 1.0000000 1.0000 1.0000000 306.3910 0.5266010 2.1564 1.0000000 1.0000 1.0 1.0 0.36190468358395134 []
20:53:15 <INFO> Sampled SMILES C1C(=Nc2cc(ccc2O1)F)c1c(n(c(=O)[nH]c1=O)-c1cc(OC)c(c(c1)OC)OC)=O failed to sanitize.
20:53:15 <INFO> Sampled SMILES n1(c(c(C(F)(F)F)n(c1=O)-c1ccc(F)cc1)=O)CC(=O)N[C@H]1[C@H](Cc2c1cccc2)O failed to sanitize.
20:53:18 <INFO> Score: 0.21 Agent NLL: 36.71 Valid:  95% Step: 7
 | Agent Prior Target Score SMILES SMILES_state Scaffold predicted_activity predicted_activity (raw) training_similarity training_similarity (raw) taf_consistency taf_consistency (raw) novelty novelty (raw) stereo_validity stereo_validity (raw) MW_window MW_window (raw) synthetic_feasibility synthetic_feasibility (raw) curated alerts filter curated alerts filter (raw) taf_disrupted (predicted_activity) scaffold_novelty (predicted_activity) uncertainty (predicted_activity) matchting_patterns (curated alerts filter)
 | 45.3113 43.8999 -34.9552 0.0698804 Nc1cc(CN2C(=O)CCC23CN(C(=O)c2cccc(F)c2)c2ccccc23)ccn1 1 O=C(c1ccccc1)N1CC2(CCC(=O)N2Cc2ccncc2)c2ccccc21 0.2250000 0.2250 0.2538307 0.2538 0.3333333 0.3333 0.7474104 0.7474 0.0000000 0.0000 1.0000000 416.4560 0.5547187 3.6140 1.0000000 1.0000 0.6666666666666667 1.0 0.41758232721225164 []
 | 30.6692 31.5711 31.2056 0.4904426 O=C(Nc1ccc(F)cc1)N(Cc1ccccc1Br)C[C@@H]1CCCO1 1 O=C(Nc1ccccc1)N(Cc1ccccc1)CC1CCCO1 0.2200000 0.2200 0.2587987 0.2588 0.6666667 0.6667 0.7442552 0.7443 1.0000000 1.0000 1.0000000 407.2830 0.5347731 2.5126 1.0000000 1.0000 0.33333333333333337 1.0 0.4142463035441596 []
 | 41.1652 42.3810 -42.3810 0.0000000 CNN(CC(=O)OCc1ccccc1)Cc1ccc(OC)c(OCCCOCc2ccccc2)c1 1 O=C(CNCc1cccc(OCCCOCc2ccccc2)c1)OCc1ccccc1 0.0000000 0.0000 0.0000000 0.0000 0.0000000 0.0000 0.0000000 0.0000 0.0000000 0.0000 0.0000000 0.0000 0.0000000 0.0000 0.0000000 0.0000 None None None ['[#7;!n][#7;!n]']
 | 25.8797 26.0017 26.6354 0.4112278 CCOC(=O)/C=C/c1cnn(CC)c1C 1 c1cn[nH]c1 0.1600000 0.1600 0.2547719 0.2548 0.3333333 0.3333 0.7877813 0.7878 1.0000000 1.0000 1.0000000 208.2610 0.5310226 2.3490 1.0000000 1.0000 0.6666666666666667 1.0 0.36660605559646714 []
 | 56.4991 57.2937 -57.2937 0.0000000 CNC(=O)CNN/C=N/NNC(=O)c1ccc(Cn2c(=S)oc3ccccc3c2=O)cc1 1 O=c1c2ccccc2oc(=S)n1Cc1ccccc1 0.0000000 0.0000 0.0000000 0.0000 0.0000000 0.0000 0.0000000 0.0000 0.0000000 0.0000 0.0000000 0.0000 0.0000000 0.0000 0.0000000 0.0000 None None None ['[#7;!n][#7;!n]']
 | 63.2564 63.3341 -60.3153 0.0235844 Cc1ccc(-n2nnnc2/C(=C\c2nc(COc3ccc(F)c(Cl)c3)n(C)n2)COC(C)(C)C)cc1C 1 C(=Cc1nnnn1-c1ccccc1)c1n[nH]c(COc2ccccc2)n1 0.1400000 0.1400 0.1822707 0.1823 0.0000000 0.0000 0.8428045 0.8428 1.0000000 1.0000 1.0000000 526.0160 0.5524257 3.2852 1.0000000 1.0000 1.0 1.0 0.34698703145794946 []
 | 40.6586 39.8419 8.9031 0.3808200 Fc1cc(OC(F)(F)C(F)(F)F)ccc1C#Cc1cccc2c(F)c(-c3cc(F)c(F)c(F)c3)ccc12 1 C(#Cc1cccc2cc(-c3ccccc3)ccc12)c1ccccc1 0.2150000 0.2150 0.1246112 0.1246 0.3333333 0.3333 0.8788035 0.8788 1.0000000 1.0000 1.0000000 528.3450 0.5458126 2.9952 1.0000000 1.0000 0.6666666666666667 1.0 0.41082234603292944 []
 | 24.2649 24.5984 32.8976 0.4491875 O=C(Cc1csc(NC(=O)Nc2ccccc2)n1)NC1CCCC1 1 O=C(Cc1csc(NC(=O)Nc2ccccc2)n1)NC1CCCC1 0.2550000 0.2550 0.2528903 0.2529 0.3333333 0.3333 0.7521592 0.7522 1.0000000 1.0000 1.0000000 344.4400 0.5226399 1.9839 1.0000000 1.0000 0.6666666666666667 1.0 0.43586121644395015 []
 | 36.1590 37.2949 27.8947 0.5092937 CCCOC(=O)c1ccc(C(N[C@@H](CC)CO)c2ccccc2)cc1 1 c1ccc(Cc2ccccc2)cc1 0.2600000 0.2600 0.3865103 0.3865 0.6666667 0.6667 0.6134897 0.6135 0.5000000 0.5000 1.0000000 341.4510 0.5408387 2.7776 1.0000000 1.0000 0.33333333333333337 1.0 0.4386342439892262 []
 | 133.2963 135.0076 -133.4351 0.0122851 CC[C@@H](C)[C@@]1(O)C[C@]23C[C@@H](O)[C@@H]4[C@@H](C)[C@@](O)(C(=O)OC)N(O)[C@@H]4[C@@]2(O)C[C@H](Oc2c3ccc(O)c2C)[C@@H]1N(C(=O)CN(CCN(C)C)C(=O)c1cccc2c(N)cc(NC)nc12)C(C)C 1 O=C(CNC(=O)c1cccc2cccnc12)NC1CCC23CCC4CCNC4C2CC1Oc1ccccc13 0.2400000 0.2400 0.2449660 0.2450 0.6666667 0.6667 0.7825206 0.7825 1.0000000 1.0000 0.0000000 906.0910 0.4780902 6.9521 1.0000000 1.0000 0.33333333333333337 1.0 0.4270831300812524 []
20:53:18 <INFO> Sampled SMILES C(C)(CC(CC)CCC)CCNCC(C1CCC2C1(C)CCC1=C2CCC2C(C)C(OC3C(NC(C)=O)C(C(OC(=O)C)C(O3)C)O)CCC=12)C failed to sanitize.
20:53:18 <INFO> Sampled SMILES O=C(OCc1cc(=O)oc2cc3c(COC3)c12)c1cc2c(cc(cc2)C)[nH]1 failed to sanitize.
20:53:22 <INFO> Score: 0.21 Agent NLL: 35.73 Valid:  95% Step: 8
 | Agent Prior Target Score SMILES SMILES_state Scaffold predicted_activity predicted_activity (raw) training_similarity training_similarity (raw) taf_consistency taf_consistency (raw) novelty novelty (raw) stereo_validity stereo_validity (raw) MW_window MW_window (raw) synthetic_feasibility synthetic_feasibility (raw) curated alerts filter curated alerts filter (raw) taf_disrupted (predicted_activity) scaffold_novelty (predicted_activity) uncertainty (predicted_activity) matchting_patterns (curated alerts filter)
 | 24.8760 24.8994 -16.0791 0.0689088 CCNC(c1ccccc1OC)C1CCOC1CC 1 c1ccc(CC2CCOC2)cc1 0.1650000 0.1650 0.3229711 0.3230 0.3333333 0.3333 0.7400624 0.7401 0.0000000 0.0000 1.0000000 263.3810 0.5560824 3.4459 1.0000000 1.0000 0.6666666666666667 1.0 0.37118054905934933 []
 | 23.2554 22.8902 29.1720 0.4067365 CCCCCCCCCCCCNC1CNC1 1 C1CNC1 0.1150000 0.1150 0.3382550 0.3383 0.3333333 0.3333 0.7788371 0.7788 1.0000000 1.0000 1.0000000 240.4350 0.5248827 2.0815 1.0000000 1.0000 0.6666666666666667 1.0 0.31902194281898544 []
 | 27.5050 27.6233 -23.9349 0.0288157 CN(C(=O)Cc1cccc(F)c1)[C@@H]1CCS(=O)(=O)C1 1 O=C(Cc1ccccc1)NC1CCS(=O)(=O)C1 0.2350000 0.2350 0.3096116 0.3096 0.0000000 0.0000 0.7175771 0.7176 1.0000000 1.0000 1.0000000 285.3400 0.5372390 2.6203 1.0000000 1.0000 1.0 1.0 0.4239988207530771 []
 | 33.4710 33.2712 -33.2712 0.0000000 CC(C)(CO)CNc1cc(Cl)cc(S(N)(=O)=O)c1F 1 c1ccccc1 0.2500000 0.2500 0.2108663 0.2109 0.3333333 0.3333 0.8279382 0.8279 1.0000000 1.0000 1.0000000 310.7780 0.5391927 2.7056 1.0000000 1.0000 0.6666666666666667 1.0 0.4330127018922193 []
 | 21.3136 22.6317 -22.6317 0.0000000 Cc1ccccc1NCC(=O)NCC#N 1 c1ccccc1 0.2400000 0.2400 0.2626129 0.2626 0.6666667 0.6667 0.7384428 0.7384 1.0000000 1.0000 1.0000000 203.2450 0.5219858 1.9554 1.0000000 1.0000 0.33333333333333337 1.0 0.4270831300812525 []
 | 34.0112 33.5411 25.7906 0.4635286 CC(C)CNC(=O)CCNC(=O)NCc1cccc(-c2ccc(C(F)(F)F)cc2)c1 1 c1ccc(-c2ccccc2)cc1 0.3100000 0.3100 0.2421240 0.2421 0.3333333 0.3333 0.7627105 0.7627 1.0000000 1.0000 1.0000000 421.4630 0.5253105 2.1002 1.0000000 1.0000 0.6666666666666667 1.0 0.462493243193887 []
 | 33.9454 34.5544 -31.1928 0.0262625 COCc1nn(-c2ccc(C(=O)O)c(Cl)c2)c(Cl)c1Cl 1 c1ccc(-n2cccn2)cc1 0.1900000 0.1900 0.2381628 0.2382 0.0000000 0.0000 0.7689267 0.7689 1.0000000 1.0000 1.0000000 335.5740 0.5342669 2.4905 1.0000000 1.0000 1.0 1.0 0.39230090491866065 []
 | 41.6340 41.7578 14.2874 0.4378533 CCCCCCCN1Cc2cccc(NC(=O)c3cc4ccccc4oc3=O)c2C1 1 O=C(Nc1cccc2c1CNC2)c1cc2ccccc2oc1=O 0.1750000 0.1750 0.3251662 0.3252 0.3333333 0.3333 0.7165266 0.7165 1.0000000 1.0000 1.0000000 404.5100 0.5300294 2.3057 1.0000000 1.0000 0.6666666666666667 1.0 0.3799671038392666 []
 | 23.6613 23.4243 -19.9220 0.0273621 CCCc1ccc(-c2cc(=O)[nH]s2)cc1 1 O=c1cc(-c2ccccc2)s[nH]1 0.2250000 0.2250 0.2468853 0.2469 0.0000000 0.0000 0.7598799 0.7599 1.0000000 1.0000 1.0000000 219.3090 0.5368431 2.6030 1.0000000 1.0000 1.0 1.0 0.41758232721225164 []
 | 34.7416 37.1660 17.7836 0.4292944 CCCCC[C@@H](N)CNC(=O)Nc1ccc(CCN2CCN(C)CC2)cc1 1 c1ccc(CCN2CCNCC2)cc1 0.1900000 0.1900 0.2656199 0.2656 0.3333333 0.3333 0.7727157 0.7727 1.0000000 1.0000 1.0000000 375.5610 0.5366727 2.5955 1.0000000 1.0000 0.6666666666666667 1.0 0.39230090491866065 []
20:53:22 <INFO> Sampled SMILES c1(CCNC(=O)OC(C)(C)C)c(c([C@@H]2CC[C@@H](c3ccc(C(F)(F)F)cc32)(C)C)ccc1)F failed to sanitize.
20:53:22 <INFO> Sampled SMILES c1ccc2cn(C3(C=CC(=CCC3)N(CC(C)C)C(O)=C)C)c(=O)c2c1C failed to sanitize.
20:53:25 <INFO> Score: 0.25 Agent NLL: 32.38 Valid:  97% Step: 9
 | Agent Prior Target Score SMILES SMILES_state Scaffold predicted_activity predicted_activity (raw) training_similarity training_similarity (raw) taf_consistency taf_consistency (raw) novelty novelty (raw) stereo_validity stereo_validity (raw) MW_window MW_window (raw) synthetic_feasibility synthetic_feasibility (raw) curated alerts filter curated alerts filter (raw) taf_disrupted (predicted_activity) scaffold_novelty (predicted_activity) uncertainty (predicted_activity) matchting_patterns (curated alerts filter)
 | 33.7757 33.3998 -29.4801 0.0306232 O=C(c1ccccc1)c1cn(C(=O)Oc2ccccc2)c2ccc(OCc3ccccc3)cc12 1 O=C(c1ccccc1)c1cn(C(=O)Oc2ccccc2)c2ccc(OCc3ccccc3)cc12 0.2650000 0.2650 0.3878289 0.3878 0.0000000 0.0000 0.6121711 0.6122 1.0000000 1.0000 1.0000000 447.4900 0.5272162 2.1832 1.0000000 1.0000 1.0 1.0 0.4413332074521472 []
 | 24.9169 25.3400 28.2860 0.4189532 CCCN(CC1CC1)c1cc(F)ccc1N 1 c1ccc(NCC2CC2)cc1 0.1850000 0.1850 0.2405351 0.2405 0.3333333 0.3333 0.8148360 0.8148 1.0000000 1.0000 1.0000000 222.3070 0.5295662 2.2855 1.0000000 1.0000 0.6666666666666667 1.0 0.38829756630707846 []
 | 32.3481 34.1125 23.5522 0.4505048 Cc1c(NC(=O)c2c3ccccc3nn2C(C)C)cccc1[N+](=O)[O-] 1 O=C(Nc1ccccc1)c1[nH]nc2ccccc12 0.3000000 0.3000 0.2144225 0.2144 0.3333333 0.3333 0.7864395 0.7864 1.0000000 1.0000 1.0000000 338.3670 0.5312992 2.3611 1.0000000 1.0000 0.6666666666666667 1.0 0.458257569495584 []
 | 34.3186 36.5549 -36.5549 0.0000000 CCN1CCCC1CCC(=O)N/N=C\c1ccc(N2CCCC2)cc1C 1 O=C(CCC1CCCN1)NN=Cc1ccc(N2CCCC2)cc1 0.0000000 0.0000 0.0000000 0.0000 0.0000000 0.0000 0.0000000 0.0000 0.0000000 0.0000 0.0000000 0.0000 0.0000000 0.0000 0.0000000 0.0000 None None None ['[#7;!n][#7;!n]']
 | 28.3937 28.7192 29.7177 0.4565382 Cc1nn(C)c2nc(-c3ccccc3Cl)cc(C(=O)NCCN3CCOCC3)c12 1 O=C(NCCN1CCOCC1)c1cc(-c2ccccc2)nc2[nH]ncc12 0.2850000 0.2850 0.2423872 0.2424 0.3333333 0.3333 0.7724571 0.7725 1.0000000 1.0000 1.0000000 413.9090 0.5300372 2.3061 1.0000000 1.0000 0.6666666666666667 1.0 0.4514144437210666 []
 | 24.4268 25.1308 30.9318 0.4379884 COc1ccccc1CCNC(=O)Cc1ccccc1OC 1 O=C(Cc1ccccc1)NCCc1ccccc1 0.1750000 0.1750 0.3282661 0.3283 0.3333333 0.3333 0.7384428 0.7384 1.0000000 1.0000 1.0000000 299.3700 0.5154244 1.6701 1.0000000 1.0000 0.6666666666666667 1.0 0.3799671038392666 []
 | 51.3366 51.5289 5.8153 0.4480018 Cc1cc(NS(C)(=O)=O)cc2c1CN(CCN(C)C(=O)Cc1ccc(NC(=O)OC(C)(C)C)cc1)C2=O 1 O=C(Cc1ccccc1)NCCN1Cc2ccccc2C1=O 0.1700000 0.1700 0.2080663 0.2081 0.6666667 0.6667 0.8164793 0.8165 1.0000000 1.0000 1.0000000 530.6470 0.5400876 2.7447 1.0000000 1.0000 0.33333333333333337 1.0 0.375632799419859 []
 | 25.2786 26.0591 -17.5127 0.0667693 NC(=O)C(N)CNCCN1CCCCC1 1 C1CCNCC1 0.2450000 0.2450 0.1851640 0.1852 0.3333333 0.3333 0.8174258 0.8174 0.0000000 0.0000 1.0000000 214.3130 0.5379410 2.6509 1.0000000 1.0000 0.6666666666666667 1.0 0.4300872004605578 []
 | 24.8003 25.1835 27.8193 0.4140842 CC(C)[C@@H](CO)N(C)CC(C)(C)C 1  0.1750000 0.1750 0.2375423 0.2375 0.3333333 0.3333 0.7738665 0.7739 1.0000000 1.0000 1.0000000 187.3270 0.5511327 3.2285 1.0000000 1.0000 0.6666666666666667 1.0 0.3799671038392666 []
 | 24.2451 24.5385 -15.9668 0.0669668 NCc1ccc(OCCC2CCCO2)cc1F 1 c1ccc(OCCC2CCCO2)cc1 0.1650000 0.1650 0.2828427 0.2828 0.3333333 0.3333 0.7660561 0.7661 0.0000000 0.0000 1.0000000 239.2900 0.5373130 2.6235 1.0000000 1.0000 0.6666666666666667 1.0 0.37118054905934933 []
20:53:29 <INFO> Score: 0.23 Agent NLL: 32.97 Valid: 100% Step: 10
 | Agent Prior Target Score SMILES SMILES_state Scaffold predicted_activity predicted_activity (raw) training_similarity training_similarity (raw) taf_consistency taf_consistency (raw) novelty novelty (raw) stereo_validity stereo_validity (raw) MW_window MW_window (raw) synthetic_feasibility synthetic_feasibility (raw) curated alerts filter curated alerts filter (raw) taf_disrupted (predicted_activity) scaffold_novelty (predicted_activity) uncertainty (predicted_activity) matchting_patterns (curated alerts filter)
 | 48.2430 47.1395 7.8783 0.4298270 CC[C@@H](NCCCOc1ccccc1OC)[C@@H]1OC(C)(C)O[C@@H]1N 1 c1ccc(OCCCNCC2COCO2)cc1 0.1300000 0.1300 0.3914516 0.3915 0.3333333 0.3333 0.7006547 0.7007 1.0000000 1.0000 1.0000000 338.4480 0.5557594 3.5683 1.0000000 1.0000 0.6666666666666667 1.0 0.33630343441600474 []
 | 89.8853 90.9447 -89.5680 0.0107552 CCCCC(C)(C)c1ncnc2c1CC(=O)C1=C2CC[C@]2(C)C1C[C@@H](Cc1ccn(CCCCCCCNC(=O)c3ccccc3)c1)C[C@@H]2N 1 O=C1Cc2cncnc2C2=C1C1CC(Cc3ccn(CCCCCCCNC(=O)c4ccccc4)c3)CCC1CC2 0.2100000 0.2100 0.2783148 0.2783 0.3333333 0.3333 0.7414946 0.7415 0.7500000 0.7500 0.0000000 677.9780 0.5284005 4.7653 1.0000000 1.0000 0.6666666666666667 1.0 0.40730823708832603 []
 | 40.4605 42.4971 -31.4651 0.0861882 CC(OC(=O)c1ccc2c(c1)OCC(=O)N2)C(=O)Nc1ccccc1C(=O)NCc1ccc2c(c1)OCO2 1 O=C1COc2cc(C(=O)OCC(=O)Nc3ccccc3C(=O)NCc3ccc4c(c3)OCO4)ccc2N1 0.3000000 0.3000 0.3213525 0.3214 0.6666667 0.6667 0.6786475 0.6786 0.0000000 0.0000 1.0000000 517.4940 0.5437038 2.9029 1.0000000 1.0000 0.33333333333333337 1.0 0.45825756949558394 []
 | 40.7735 40.8863 -32.4212 0.0661332 CN(C)CC1CCN(C(=O)c2cccc3c2NC2C=CC=CN32)C1 1 O=C(c1cccc2c1NC1C=CC=CN21)N1CCCC1 0.1950000 0.1950 0.2192645 0.2193 0.3333333 0.3333 0.8176157 0.8176 0.0000000 0.0000 1.0000000 324.4280 0.5502509 3.8102 1.0000000 1.0000 0.6666666666666667 1.0 0.3962007067131506 []
 | 29.2685 30.1875 26.6462 0.4440129 CN(C)[C@@H](CNC(=O)[C@@H]1CCCN(S(C)(=O)=O)C1)c1ccccc1F 1 O=C(NCCc1ccccc1)C1CCCNC1 0.2350000 0.2350 0.2537730 0.2538 0.3333333 0.3333 0.7492216 0.7492 1.0000000 1.0000 1.0000000 371.4780 0.5451040 2.9642 1.0000000 1.0000 0.6666666666666667 1.0 0.4239988207530771 []
 | 29.9947 30.8714 25.5905 0.4411082 Cc1ccc([C@H](C)NC(=O)N(CCN(C)C)Cc2ccc(F)cc2)o1 1 O=C(NCc1ccccc1)NCc1ccco1 0.2600000 0.2600 0.2214546 0.2215 0.3333333 0.3333 0.7794356 0.7794 1.0000000 1.0000 1.0000000 347.4340 0.5390350 2.6987 1.0000000 1.0000 0.6666666666666667 1.0 0.43863424398922624 []
 | 44.5576 43.7798 14.2753 0.4535553 CCOC(=O)CN(CC(=O)N1CCN(c2nccc(C(F)F)n2)CC1)Cc1ccco1 1 O=C(CNCc1ccco1)N1CCN(c2ncccn2)CC1 0.2450000 0.2450 0.2738613 0.2739 0.3333333 0.3333 0.7261387 0.7261 1.0000000 1.0000 1.0000000 437.4470 0.5393809 2.7138 1.0000000 1.0000 0.6666666666666667 1.0 0.4300872004605578 []
 | 30.7155 32.3402 -21.6121 0.0838136 CCCCCCCCCOC(=O)CCC(O)c1cc2ccccc2o1 1 c1ccc2occc2c1 0.2100000 0.2100 0.4077177 0.4077 0.6666667 0.6667 0.6268988 0.6269 0.0000000 0.0000 1.0000000 346.4670 0.5380880 2.6574 1.0000000 1.0000 0.33333333333333337 1.0 0.40730823708832603 []
 | 32.3367 31.2003 -22.4345 0.0684824 Cc1cccc(CS(=O)(=O)NCC(C)(O)CN2CCCCC2)c1 1 O=S(=O)(Cc1ccccc1)NCCCN1CCCCC1 0.2050000 0.2050 0.2528903 0.2529 0.3333333 0.3333 0.7769433 0.7769 0.0000000 0.0000 1.0000000 340.4890 0.5415689 2.8095 1.0000000 1.0000 0.6666666666666667 1.0 0.40370162248868907 []
 | 28.4425 29.7362 25.2500 0.4295798 Cc1cc([N+](=O)[O-])cc(Br)c1Nc1ccc(F)c(Cl)c1 1 c1ccc(Nc2ccccc2)cc1 0.1950000 0.1950 0.1463415 0.1463 0.6666667 0.6667 0.8859468 0.8859 1.0000000 1.0000 1.0000000 359.5820 0.5277372 2.2058 1.0000000 1.0000 0.33333333333333337 1.0 0.3962007067131506 []
20:53:29 <INFO> Sampled SMILES n1c(oc(n1)C)NC(CSC1N2C(=O)c3c(C=2NC(C)=C1C#N)cccc3)=O failed to sanitize.
20:53:32 <INFO> Score: 0.22 Agent NLL: 33.42 Valid:  98% Step: 11
 | Agent Prior Target Score SMILES SMILES_state Scaffold predicted_activity predicted_activity (raw) training_similarity training_similarity (raw) taf_consistency taf_consistency (raw) novelty novelty (raw) stereo_validity stereo_validity (raw) MW_window MW_window (raw) synthetic_feasibility synthetic_feasibility (raw) curated alerts filter curated alerts filter (raw) taf_disrupted (predicted_activity) scaffold_novelty (predicted_activity) uncertainty (predicted_activity) matchting_patterns (curated alerts filter)
 | 80.0194 82.6660 -20.6897 0.4841900 CC(CCC#N)[C@H](O[C@@H]1CCCOC1)C1CN(C(=O)OCc2ccc3c(c2)OCO3)[C@H](O)[C@@H](N=[N+]=[N-])[C@@H]1O 1 O=C(OCc1ccc2c(c1)OCO2)N1CCCC(COC2CCCOC2)C1 0.1800000 0.1800 0.2541643 0.2542 1.0000000 1.0000 0.7808014 0.7808 0.7142857 0.7143 1.0000000 531.5660 0.5229936 5.0007 1.0000000 1.0000 0.0 1.0 0.38418745424597095 []
 | 37.7823 38.1904 13.6570 0.4050574 CC1CCN(C(=O)COc2cccc(C#N)c2)[C@@H](c2cccc(Cl)c2)C1 1 O=C(COc1ccccc1)N1CCCCC1c1ccccc1 0.1900000 0.1900 0.2806918 0.2807 0.3333333 0.3333 0.7472984 0.7473 0.5000000 0.5000 1.0000000 368.8640 0.5447857 2.9502 1.0000000 1.0000 0.6666666666666667 1.0 0.39230090491866065 []
 | 23.7734 23.3932 -15.1733 0.0642186 COCC(CBr)N1CCCCCC1 1 C1CCCNCC1 0.1750000 0.1750 0.2130032 0.2130 0.3333333 0.3333 0.7998398 0.7998 0.0000000 0.0000 1.0000000 250.1800 0.5444477 2.9354 1.0000000 1.0000 0.6666666666666667 1.0 0.3799671038392666 []
 | 38.4369 38.7503 -38.7503 0.0000000 CCCC(=O)Oc1ccc(C(=O)NNC(=O)c2cc(F)cc3cccnc23)cc1 1 O=C(NNC(=O)c1cccc2cccnc12)c1ccccc1 0.0000000 0.0000 0.0000000 0.0000 0.0000000 0.0000 0.0000000 0.0000 0.0000000 0.0000 0.0000000 0.0000 0.0000000 0.0000 0.0000000 0.0000 None None None ['[#7;!n][#7;!n]']
 | 31.7553 31.4265 16.3057 0.3729081 CN=C(NCCN(C)C1CCCCC1)N1CCN(Cc2ccc(OC)nc2)CC1 1 N=C(NCCNC1CCCCC1)N1CCN(Cc2cccnc2)CC1 0.1000000 0.1000 0.2490291 0.2490 0.3333333 0.3333 0.7762813 0.7763 1.0000000 1.0000 1.0000000 402.5870 0.5381505 2.6601 1.0000000 1.0000 0.6666666666666667 1.0 0.3 []
 | 42.8665 42.2186 -42.2186 0.0000000 COc1coc(=O)c2c1O[C@@H]1O[C@@H](C)[C@H](O2)[C@H](O)[C@@H]1O 1 O=c1occc2c1OC1CCC(OC1)O2 0.0000000 0.0000 0.0000000 0.0000 0.0000000 0.0000 0.0000000 0.0000 0.0000000 0.0000 0.0000000 0.0000 0.0000000 0.0000 0.0000000 0.0000 None None None ['[*;r{8-17}]']
 | 26.5000 25.6175 30.5952 0.4391619 CCCCCCCCC/C=C/C/C=C/C/C=C/CCC(=O)NCC 1  0.1750000 0.1750 0.3257919 0.3258 0.3333333 0.3333 0.7418011 0.7418 1.0000000 1.0000 1.0000000 333.5600 0.5364987 2.5879 1.0000000 1.0000 0.6666666666666667 1.0 0.37996710383926663 []
 | 23.3501 23.0797 -19.9073 0.0247841 CC(C)CCOC(C)(C)C(C)(C)C 1  0.1650000 0.1650 0.2027768 0.2028 0.0000000 0.0000 0.7972232 0.7972 1.0000000 1.0000 1.0000000 186.3390 0.5396299 2.7247 1.0000000 1.0000 1.0 1.0 0.3711805490593493 []
 | 25.4518 25.1561 34.9835 0.4698403 CCOC(=O)c1cc(Cl)ncc1-c1ccccc1 1 c1ccc(-c2cccnc2)cc1 0.2550000 0.2550 0.3243243 0.3243 0.3333333 0.3333 0.6756757 0.6757 1.0000000 1.0000 1.0000000 261.7080 0.5199506 1.8669 1.0000000 1.0000 0.6666666666666667 1.0 0.43586121644395015 []
 | 24.0513 24.8234 -24.8234 0.0000000 COCCCNC(=O)COc1cc(N)ccc1C 1 c1ccccc1 0.2200000 0.2200 0.2939873 0.2940 0.3333333 0.3333 0.7484424 0.7484 1.0000000 1.0000 1.0000000 252.3140 0.5206926 1.8992 1.0000000 1.0000 0.6666666666666667 1.0 0.4142463035441596 []
20:53:33 <INFO> Sampled SMILES O=C1c2c(=O)c3c(cccc3[nH]c2CC(O)(O)C2C(O)C(O)=C(O)C(O2)CO)OC=1 failed to sanitize.
20:53:36 <INFO> Score: 0.21 Agent NLL: 31.63 Valid:  98% Step: 12
 | Agent Prior Target Score SMILES SMILES_state Scaffold predicted_activity predicted_activity (raw) training_similarity training_similarity (raw) taf_consistency taf_consistency (raw) novelty novelty (raw) stereo_validity stereo_validity (raw) MW_window MW_window (raw) synthetic_feasibility synthetic_feasibility (raw) curated alerts filter curated alerts filter (raw) taf_disrupted (predicted_activity) scaffold_novelty (predicted_activity) uncertainty (predicted_activity) matchting_patterns (curated alerts filter)
 | 22.7271 23.5773 -20.3137 0.0254968 Cc1nnnn1CCN1CCCCC1 1 c1nnnn1CCN1CCCCC1 0.1700000 0.1700 0.2295101 0.2295 0.0000000 0.0000 0.7896104 0.7896 1.0000000 1.0000 1.0000000 195.2700 0.5289218 2.2575 1.0000000 1.0000 1.0 1.0 0.375632799419859 []
 | 30.9082 30.5680 -30.0021 0.0044207 Cc1ccc(C)c(CC(CC(=O)O)(C(=O)O)c2ccccc2)c1 1 c1ccc(CCc2ccccc2)cc1 0.2200000 0.2200 0.2795807 0.2796 0.0000000 0.0000 0.7260017 0.7260 0.0000000 0.0000 1.0000000 312.3650 0.5403221 2.7550 1.0000000 1.0000 1.0 1.0 0.41424630354415964 []
 | 37.1965 37.4815 -34.1975 0.0256564 Cc1ccc(C)c(Oc2cccc(N(C)c3ccccc3[N+](=O)[O-])c2)c1 1 c1ccc(Nc2cccc(Oc3ccccc3)c2)cc1 0.2050000 0.2050 0.1960572 0.1961 0.0000000 0.0000 0.8039428 0.8039 1.0000000 1.0000 1.0000000 348.4020 0.5267398 2.1624 1.0000000 1.0000 1.0 1.0 0.40370162248868907 []
 | 29.4512 28.7325 -20.4373 0.0648060 CCCCCCCOC(=O)CC(C(=O)O)C1CCCCC1 1 C1CCCCC1 0.1200000 0.1200 0.3380617 0.3381 0.3333333 0.3333 0.6759094 0.6759 0.0000000 0.0000 1.0000000 298.4230 0.5385597 2.6780 1.0000000 1.0000 0.6666666666666667 1.0 0.3249615361854384 []
 | 29.5393 30.1450 25.4573 0.4343929 COc1cccc(-n2c(C#N)c[nH]c2=O)c1OC 1 O=c1[nH]ccn1-c1ccccc1 0.1950000 0.1950 0.2711139 0.2711 0.3333333 0.3333 0.8133167 0.8133 1.0000000 1.0000 1.0000000 245.2380 0.5391935 2.7057 1.0000000 1.0000 0.6666666666666667 1.0 0.3962007067131506 []
 | 32.6405 33.0887 25.6946 0.4592440 C[C@H](N)c1ccc(Nc2cc(F)cc(C#N)c2)cn1 1 c1ccc(Nc2cccnc2)cc1 0.2600000 0.2600 0.1519109 0.1519 0.6666667 0.6667 0.8602457 0.8602 1.0000000 1.0000 1.0000000 256.2840 0.5435100 2.8944 1.0000000 1.0000 0.33333333333333337 1.0 0.4386342439892262 []
 | 29.1664 30.0955 21.4760 0.4029024 Nc1nnc(NCCc2nccn2C(F)F)o1 1 c1c[nH]c(CCNc2nnco2)n1 0.1950000 0.1950 0.1842743 0.1843 0.3333333 0.3333 0.8157257 0.8157 1.0000000 1.0000 1.0000000 244.2050 0.5492573 3.1462 1.0000000 1.0000 0.6666666666666667 1.0 0.3962007067131506 []
 | 34.5965 34.8882 22.7093 0.4499807 COCCNS(=O)(=O)c1ccc(C(=O)N2CCN(S(=O)(=O)c3ccc(CC(C)C)cc3)CC2)cc1 1 O=C(c1ccccc1)N1CCN(S(=O)(=O)c2ccccc2)CC1 0.2500000 0.2500 0.2575131 0.2575 0.3333333 0.3333 0.7720196 0.7720 1.0000000 1.0000 1.0000000 523.6770 0.5282053 2.2262 1.0000000 1.0000 0.6666666666666667 1.0 0.4330127018922193 []
 | 22.8861 24.1563 -24.1563 0.0000000 CCCN(CCC)C(=O)CSc1ccccc1N 1 c1ccccc1 0.2350000 0.2350 0.2689264 0.2689 0.3333333 0.3333 0.7384428 0.7384 1.0000000 1.0000 1.0000000 266.4100 0.5253106 2.1002 1.0000000 1.0000 0.6666666666666667 1.0 0.4239988207530771 []
 | 35.3736 35.0223 -24.9107 0.0789967 CCOC(=O)C1=C(N)Oc2ccc3ccccc3c2C1c1cc([N+](=O)[O-])ccc1OC 1 C1=CC(c2ccccc2)c2c(ccc3ccccc23)O1 0.1950000 0.1950 0.3142812 0.3143 0.6666667 0.6667 0.7431649 0.7432 0.0000000 0.0000 1.0000000 420.4210 0.5428697 2.8664 1.0000000 1.0000 0.33333333333333337 1.0 0.39620070671315055 []
20:53:40 <INFO> Score: 0.22 Agent NLL: 34.04 Valid: 100% Step: 13
 | Agent Prior Target Score SMILES SMILES_state Scaffold predicted_activity predicted_activity (raw) training_similarity training_similarity (raw) taf_consistency taf_consistency (raw) novelty novelty (raw) stereo_validity stereo_validity (raw) MW_window MW_window (raw) synthetic_feasibility synthetic_feasibility (raw) curated alerts filter curated alerts filter (raw) taf_disrupted (predicted_activity) scaffold_novelty (predicted_activity) uncertainty (predicted_activity) matchting_patterns (curated alerts filter)
 | 34.4434 36.1712 -26.9270 0.0722200 CCNC(CNC(C)=NCCOc1ccccc1Cl)C(=O)N(C)C 1 c1ccccc1 0.2350000 0.2350 0.2897672 0.2898 0.3333333 0.3333 0.7222081 0.7222 0.0000000 0.0000 1.0000000 354.8820 0.5498792 3.1735 1.0000000 1.0000 0.6666666666666667 1.0 0.4239988207530771 []
 | 26.2216 26.9694 22.9398 0.3899154 Cc1nc(SCCS(C)(=O)=O)nc(C)c1N 1 c1cncnc1 0.1950000 0.1950 0.1560976 0.1561 0.3333333 0.3333 0.8639172 0.8639 1.0000000 1.0000 1.0000000 261.3720 0.5390731 2.7004 1.0000000 1.0000 0.6666666666666667 1.0 0.3962007067131506 []
 | 36.6342 38.6687 10.3129 0.3826691 Cc1nn(C)c2c(NC(=O)Nc3ccc(C(C)(C)C)cc3)ccc(N(C)C)c12 1 O=C(Nc1ccccc1)Nc1cccc2cn[nH]c12 0.2050000 0.2050 0.1354322 0.1354 0.3333333 0.3333 0.8800997 0.8801 1.0000000 1.0000 1.0000000 379.5080 0.5331668 2.4425 1.0000000 1.0000 0.6666666666666667 1.0 0.403701622488689 []
 | 62.0847 62.7917 -61.0195 0.0138457 O=C(O[C@H]1[C@H](OCCOc2cc(CO)c(CCc3cccc4ccccc34)cc2O)O[C@H](COCc2ccccc2)C[C@@H]1OCc1ccccc1)c1ccccc1 1 O=C(OC1C(OCc2ccccc2)CC(COCc2ccccc2)OC1OCCOc1ccc(CCc2cccc3ccccc23)cc1)c1ccccc1 0.2900000 0.2900 0.3606800 0.3607 0.6666667 0.6667 0.6393200 0.6393 1.0000000 1.0000 0.0000000 768.9030 0.5414582 4.1954 1.0000000 1.0000 0.33333333333333337 1.0 0.4537620521815371 []
 | 36.8367 38.7904 -35.2946 0.0273106 COCCCN1C(=O)c2cc(Cl)ccc2O[C@@H]1c1cc(OC)c2c(c1)OCO2 1 O=C1NC(c2ccc3c(c2)OCO3)Oc2ccccc21 0.1600000 0.1600 0.3443433 0.3443 0.0000000 0.0000 0.7190243 0.7190 1.0000000 1.0000 1.0000000 405.8340 0.5475100 3.0696 1.0000000 1.0000 1.0 1.0 0.36660605559646714 []
 | 54.7362 57.6658 5.0892 0.4902733 CCOC(=O)NC(=O)Nc1ccc(Br)c(F)c1[C@@H]1C[C@@H](CN)N(OC)C1 1 c1ccc(C2CCNC2)cc1 0.1800000 0.1800 0.2213635 0.2214 1.0000000 1.0000 0.8126828 0.8127 1.0000000 1.0000 1.0000000 433.2780 0.5491071 3.8604 1.0000000 1.0000 0.0 1.0 0.38418745424597095 []
 | 30.8278 31.6968 31.0850 0.4904833 O=C(Nc1cccc(CCn2cccn2)c1)c1ccccc1O 1 O=C(Nc1cccc(CCn2cccn2)c1)c1ccccc1 0.3450000 0.3450 0.2940858 0.2941 0.3333333 0.3333 0.7059142 0.7059 1.0000000 1.0000 1.0000000 307.3530 0.5218539 1.9497 1.0000000 1.0000 0.6666666666666667 1.0 0.4753682782853732 []
 | 47.7675 48.6419 8.5236 0.4466055 CCOc1ccccc1NC(=O)[C@@]1(Nc2ccccc2)C(=O)C[C@H]2C[C@@H](C)C[C@H]1C2 1 O=C1CC2CCCC(C2)C1(Nc1ccccc1)C(=O)Nc1ccccc1 0.1900000 0.1900 0.3320388 0.3320 0.3333333 0.3333 0.6867938 0.6868 1.0000000 1.0000 1.0000000 406.5260 0.5345879 4.4955 1.0000000 1.0000 0.6666666666666667 1.0 0.39230090491866065 []
 | 46.0353 45.6076 -36.7494 0.0692046 O=C(Cc1coc2ccccc12)N1CCC2(CC1)N(CC1CCC1)CCC2(O)Cc1ccccc1 1 O=C(Cc1coc2ccccc12)N1CCC2(CC1)C(Cc1ccccc1)CCN2CC1CCC1 0.1850000 0.1850 0.2978044 0.2978 0.3333333 0.3333 0.7217620 0.7218 0.0000000 0.0000 1.0000000 472.6290 0.5485052 3.8868 1.0000000 1.0000 0.6666666666666667 1.0 0.38829756630707846 []
 | 27.1526 28.0301 24.7872 0.4126351 COC(=O)[C@@H]1CCC(C)C[C@@H]1CC(=O)O 1 C1CCCCC1 0.1800000 0.1800 0.2758621 0.2759 0.3333333 0.3333 0.7965810 0.7966 0.6666667 0.6667 1.0000000 214.2610 0.5530006 3.3105 1.0000000 1.0000 0.6666666666666667 1.0 0.38418745424597095 []
20:53:40 <INFO> Sampled SMILES c1cccc2c(c3ccccc3c(c21)=O)COC(C=Cc1c(cccc1)OC(COC(=O)C=C)COC(=O)C=C)=O failed to sanitize.
20:53:40 <INFO> Sampled SMILES C1CN(CCC1)CCNC([C@H](COC(=O)[C@@](F)(C(=O)OC)F)(C)CCOC)=O failed to sanitize.
20:53:40 <INFO> Sampled SMILES C(c1oc2c(c1C)=NC(N=N2)=NC(N)=O)(CC)C failed to sanitize.
20:53:43 <INFO> Score: 0.22 Agent NLL: 34.98 Valid:  94% Step: 14
 | Agent Prior Target Score SMILES SMILES_state Scaffold predicted_activity predicted_activity (raw) training_similarity training_similarity (raw) taf_consistency taf_consistency (raw) novelty novelty (raw) stereo_validity stereo_validity (raw) MW_window MW_window (raw) synthetic_feasibility synthetic_feasibility (raw) curated alerts filter curated alerts filter (raw) taf_disrupted (predicted_activity) scaffold_novelty (predicted_activity) uncertainty (predicted_activity) matchting_patterns (curated alerts filter)
 | 71.2330 74.2319 -74.2319 0.0000000 CCCCCCCCCCCCCCCC[C@@](CCCN=[N+]=[N-])(OO)C(=O)OCC(C)CCCCCCCCCCCO[C@H]1[C@@H](OS(=O)(=O)O)[C@@H](OC)OC[C@@H]1O 1 C1CCOCC1 0.0000000 0.0000 0.0000000 0.0000 0.0000000 0.0000 0.0000000 0.0000 0.0000000 0.0000 0.0000000 0.0000 0.0000000 0.0000 0.0000000 0.0000 None None None ['[#8][#8]']
 | 29.1090 29.6441 -29.6441 0.0000000 Cc1cc(CC#N)cc(C(C)(C)CO)c1 1 c1ccccc1 0.2300000 0.2300 0.2712254 0.2712 0.6666667 0.6667 0.7898949 0.7899 1.0000000 1.0000 1.0000000 203.2850 0.5355231 2.5454 1.0000000 1.0000 0.33333333333333337 1.0 0.4208325082500163 []
 | 32.9926 33.3406 21.8051 0.4308257 COc1ccc(S(=O)(=O)Nc2ccc(F)c(F)c2)cc1NC(=O)c1cccc(C)c1 1 O=C(Nc1cccc(S(=O)(=O)Nc2ccccc2)c1)c1ccccc1 0.2000000 0.2000 0.2575131 0.2575 0.3333333 0.3333 0.8176157 0.8176 1.0000000 1.0000 1.0000000 432.4480 0.5220740 1.9593 1.0000000 1.0000 0.6666666666666667 1.0 0.4 []
 | 33.3071 34.1718 15.8814 0.3910407 CCc1nn(CCCN(CC)CC)c(Cl)c1/C=C/C(=O)OC 1 c1cn[nH]c1 0.1550000 0.1550 0.2015810 0.2016 0.3333333 0.3333 0.8155338 0.8155 1.0000000 1.0000 1.0000000 327.8560 0.5388581 2.6910 1.0000000 1.0000 0.6666666666666667 1.0 0.36190468358395134 []
 | 48.1920 50.8803 -50.8803 0.0000000 c1cccc2c(c3ccccc3c(c21)=O)COC(C=Cc1c(cccc1)OC(COC(=O)C=C)COC(=O)C=C)=O 0 -- 0.0000000 0.0000 0.0000000 0.0000 0.0000000 0.0000 0.0000000 0.0000 0.0000000 0.0000 0.0000000 0.0000 0.0000000 0.0000 0.0000000 0.0000 None None None None
 | 29.8207 32.0505 29.7363 0.4827097 NC(=O)NCc1ccc(C(=O)OCC(=O)NCC(=O)N2CCCc3ccccc32)cc1 1 O=C(COC(=O)c1ccccc1)NCC(=O)N1CCCc2ccccc21 0.2300000 0.2300 0.2282767 0.2283 0.6666667 0.6667 0.7762813 0.7763 1.0000000 1.0000 1.0000000 424.4570 0.5274967 2.1954 1.0000000 1.0000 0.33333333333333337 1.0 0.4208325082500163 []
 | 27.3253 28.5453 -28.5453 0.0000000 CCCNS(=O)(=O)CCNc1ccc([N+](=O)[O-])cc1C 1 c1ccccc1 0.1950000 0.1950 0.2222392 0.2222 0.3333333 0.3333 0.8043441 0.8043 1.0000000 1.0000 1.0000000 301.3680 0.5289487 2.2586 1.0000000 1.0000 0.6666666666666667 1.0 0.3962007067131506 []
 | 32.2225 32.1543 -32.1543 0.0000000 CC[C@@H](C(=O)NCCCN(C)C(C)C)N(c1ccc(Cl)cc1)S(C)(=O)=O 1 c1ccccc1 0.2500000 0.2500 0.2243001 0.2243 0.3333333 0.3333 0.8175499 0.8175 1.0000000 1.0000 1.0000000 403.9760 0.5430015 2.8722 1.0000000 1.0000 0.6666666666666667 1.0 0.4330127018922193 []
 | 27.2770 28.2139 -28.2139 0.0000000 CC(C)OC(=O)NCCc1ccc(F)c(Cl)c1 1 c1ccccc1 0.2300000 0.2300 0.2409901 0.2410 0.6666667 0.6667 0.7599787 0.7600 1.0000000 1.0000 1.0000000 259.7080 0.5213012 1.9257 1.0000000 1.0000 0.33333333333333337 1.0 0.4208325082500163 []
 | 28.9949 30.9472 20.6417 0.4030388 C[C@@]1(CCO)CC[C@@H](O)[C@@](C)(CO)C1 1 C1CCCCC1 0.1500000 0.1500 0.2434322 0.2434 0.3333333 0.3333 0.7891815 0.7892 1.0000000 1.0000 1.0000000 202.2940 0.5408199 4.2233 1.0000000 1.0000 0.6666666666666667 1.0 0.3570714214271425 []
20:53:47 <INFO> Score: 0.25 Agent NLL: 33.15 Valid: 100% Step: 15
 | Agent Prior Target Score SMILES SMILES_state Scaffold predicted_activity predicted_activity (raw) training_similarity training_similarity (raw) taf_consistency taf_consistency (raw) novelty novelty (raw) stereo_validity stereo_validity (raw) MW_window MW_window (raw) synthetic_feasibility synthetic_feasibility (raw) curated alerts filter curated alerts filter (raw) taf_disrupted (predicted_activity) scaffold_novelty (predicted_activity) uncertainty (predicted_activity) matchting_patterns (curated alerts filter)
 | 23.2027 23.3961 -15.2108 0.0639479 Fc1ccc(CNCC2CSCCS2)cc1 1 c1ccc(CNCC2CSCCS2)cc1 0.1900000 0.1900 0.1903045 0.1903 0.3333333 0.3333 0.8282908 0.8283 0.0000000 0.0000 1.0000000 257.3990 0.5469850 3.0466 1.0000000 1.0000 0.6666666666666667 1.0 0.39230090491866065 []
 | 42.7502 45.4731 10.8550 0.4400627 C[C@H](C[S+](C)[O-])N(Cc1cccc(C(F)(F)F)c1)C(=O)Oc1ccccc1C#N 1 O=C(NCc1ccccc1)Oc1ccccc1 0.3050000 0.3050 0.2636248 0.2636 0.3333333 0.3333 0.7363752 0.7364 0.5000000 0.5000 1.0000000 424.4440 0.5522780 3.7213 1.0000000 1.0000 0.6666666666666667 1.0 0.460407428263272 []
 | 30.3392 29.9677 28.3186 0.4553618 CC[C@@H](C(=O)NCCCc1ccc(OC)cc1)N(c1ccccc1)S(=O)(=O)c1ccccc1 1 O=C(CN(c1ccccc1)S(=O)(=O)c1ccccc1)NCCCc1ccccc1 0.2400000 0.2400 0.2860281 0.2860 0.3333333 0.3333 0.7237544 0.7238 1.0000000 1.0000 1.0000000 466.6030 0.5368878 2.6049 1.0000000 1.0000 0.6666666666666667 1.0 0.4270831300812525 []
 | 33.9943 34.4816 -34.4816 0.0000000 CNC(=O)C(=O)N[C@@H](C[S+](C)[O-])C(=O)OCc1ccccc1 1 c1ccccc1 0.3450000 0.3450 0.3899064 0.3899 0.6666667 0.6667 0.6100936 0.6101 0.5000000 0.5000 1.0000000 326.3740 0.5566711 3.5282 1.0000000 1.0000 0.33333333333333337 1.0 0.4753682782853732 []
 | 72.4957 76.2147 -74.6227 0.0124379 CCC/C=C/C(C)=NO[C@]1(C(=O)NCCCCCCOCCOCCNC(=O)[C@H](CCC(N)=O)NC(=O)OCc2ccccc2)CC[C@H](NC(=O)OC(C)(C)C)CN1 1 O=C(CNC(=O)OCc1ccccc1)NCCOCCOCCCCCCNC(=O)C1CCCCN1 0.1950000 0.1950 0.3096777 0.3097 0.6666667 0.6667 0.7162328 0.7162 1.0000000 1.0000 0.0000000 818.0260 0.5312389 4.6415 1.0000000 1.0000 0.33333333333333337 1.0 0.3962007067131506 []
 | 25.8215 25.9973 22.1929 0.3764860 O=S(=O)(CCNCc1cnc(Cl)s1)N1CCCCC1 1 O=S(=O)(CCNCc1cncs1)N1CCCCC1 0.1350000 0.1350 0.1909640 0.1910 0.3333333 0.3333 0.8420506 0.8421 1.0000000 1.0000 1.0000000 323.8710 0.5347825 2.5130 1.0000000 1.0000 0.6666666666666667 1.0 0.34172357249683555 []
 | 39.1331 37.8353 19.7192 0.4496446 Cc1ncsc1C(=O)Nc1c(C(=O)c2cc3ccccc3oc2=O)oc2ccccc12 1 O=C(Nc1c(C(=O)c2cc3ccccc3oc2=O)oc2ccccc12)c1cncs1 0.2600000 0.2600 0.2460905 0.2461 0.3333333 0.3333 0.7539095 0.7539 1.0000000 1.0000 1.0000000 430.4410 0.5358260 2.5586 1.0000000 1.0000 0.6666666666666667 1.0 0.4386342439892262 []
 | 43.5114 44.8975 15.5270 0.4720663 CC[C@@H](C)n1nc(-c2ccccc2)c(NC(=O)NCCc2ccccc2)c(-c2ccccc2)c1=O 1 O=C(NCCc1ccccc1)Nc1c(-c2ccccc2)n[nH]c(=O)c1-c1ccccc1 0.2750000 0.2750 0.2992660 0.2993 0.3333333 0.3333 0.7007340 0.7007 1.0000000 1.0000 1.0000000 466.5850 0.5425289 2.8515 1.0000000 1.0000 0.6666666666666667 1.0 0.4465142774872938 []
 | 27.7585 28.4063 27.8152 0.4392299 CCCNC(=O)[C@@H](C)N(Cc1ccccc1C)C(=O)CN(c1cc(Cl)ccc1OC)S(C)(=O)=O 1 O=C(CNc1ccccc1)NCc1ccccc1 0.2000000 0.2000 0.2807450 0.2807 0.3333333 0.3333 0.7721644 0.7722 1.0000000 1.0000 1.0000000 510.0560 0.5451869 2.9678 1.0000000 1.0000 0.6666666666666667 1.0 0.4000000000000001 []
 | 35.1306 34.8071 29.6364 0.5034652 O=S(=O)(NC[C@H](O)[C@@H](Cc1ccccc1)NCc1cccs1)c1ccccc1 1 O=S(=O)(NCCC(Cc1ccccc1)NCc1cccs1)c1ccccc1 0.3350000 0.3350 0.3431002 0.3431 0.3333333 0.3333 0.6568998 0.6569 1.0000000 1.0000 1.0000000 416.5680 0.5434477 2.8917 1.0000000 1.0000 0.6666666666666667 1.0 0.4719904660054057 []
20:53:47 <INFO> Sampled SMILES c1c(ccc(c1)F)-c1nc(NC(OCC)=O)s/c1=N\N failed to sanitize.
20:53:50 <INFO> Score: 0.24 Agent NLL: 33.81 Valid:  98% Step: 16
 | Agent Prior Target Score SMILES SMILES_state Scaffold predicted_activity predicted_activity (raw) training_similarity training_similarity (raw) taf_consistency taf_consistency (raw) novelty novelty (raw) stereo_validity stereo_validity (raw) MW_window MW_window (raw) synthetic_feasibility synthetic_feasibility (raw) curated alerts filter curated alerts filter (raw) taf_disrupted (predicted_activity) scaffold_novelty (predicted_activity) uncertainty (predicted_activity) matchting_patterns (curated alerts filter)
 | 27.7289 27.4399 27.8004 0.4315652 Cn1ncc(C(N)=S)c1NC(=O)Cc1cccs1 1 O=C(Cc1cccs1)Nc1ccn[nH]1 0.2300000 0.2300 0.2239570 0.2240 0.3333333 0.3333 0.8017274 0.8017 1.0000000 1.0000 1.0000000 280.3780 0.5351341 2.5284 1.0000000 1.0000 0.6666666666666667 1.0 0.4208325082500163 []
 | 44.6091 45.9347 8.0855 0.4220325 CCCCCCCCCCCCCCC[C@@H](NC(=O)NCC[N+](C)(C)C)[C@@H](O)CNC[C@H](O)CCC 1  0.1800000 0.1800 0.2548236 0.2548 0.3333333 0.3333 0.7601492 0.7601 1.0000000 1.0000 1.0000000 515.8480 0.5514030 3.7597 1.0000000 1.0000 0.6666666666666667 1.0 0.38418745424597095 []
 | 25.1967 24.3484 24.6760 0.3830034 CC1CCN(C(=O)NC2(C(=O)O)CCCCC2)CC1 1 O=C(NC1CCCCC1)N1CCCCC1 0.1200000 0.1200 0.2371708 0.2372 0.3333333 0.3333 0.8063508 0.8064 1.0000000 1.0000 1.0000000 268.3570 0.5300602 2.3071 1.0000000 1.0000 0.6666666666666667 1.0 0.3249615361854384 []
 | 34.2850 35.2940 -26.1796 0.0712059 CC1COCCN1S(=O)(=O)CCNC(=O)c1csc(-c2ccccc2F)n1 1 O=C(NCCS(=O)(=O)N1CCOCC1)c1csc(-c2ccccc2)n1 0.2250000 0.2250 0.2803366 0.2803 0.3333333 0.3333 0.7602684 0.7603 0.0000000 0.0000 1.0000000 413.4960 0.5450553 2.9621 1.0000000 1.0000 0.6666666666666667 1.0 0.41758232721225164 []
 | 30.7631 32.8773 -32.8773 0.0000000 c1c(ccc(c1)F)-c1nc(NC(OCC)=O)s/c1=N\N 0 -- 0.0000000 0.0000 0.0000000 0.0000 0.0000000 0.0000 0.0000000 0.0000 0.0000000 0.0000 0.0000000 0.0000 0.0000000 0.0000 0.0000000 0.0000 None None None None
 | 27.1093 30.8107 -30.8107 0.0000000 NC(=O)[C@H](CO)NC(=O)OCCCCCc1ccccc1 1 c1ccccc1 0.3250000 0.3250 0.3948736 0.3949 0.6666667 0.6667 0.6051264 0.6051 1.0000000 1.0000 1.0000000 294.3510 0.5309714 2.3468 1.0000000 1.0000 0.33333333333333337 1.0 0.4683748498798799 []
 | 39.2327 40.6195 15.0425 0.4348591 Cc1ccc(-n2c(Cc3ccc(O)cc3)nnc2SCC(=O)N2CCC(NS(C)(=O)=O)CC2)cc1 1 O=C(CSc1nnc(Cc2ccccc2)n1-c1ccccc1)N1CCCCC1 0.2100000 0.2100 0.2559372 0.2559 0.3333333 0.3333 0.7877618 0.7878 1.0000000 1.0000 1.0000000 515.6610 0.5340925 2.4829 1.0000000 1.0000 0.6666666666666667 1.0 0.4073082370883261 []
 | 28.8404 29.1292 -29.1292 0.0000000 CCCCc1ccc(OC(=O)OCCC)cc1OC(=O)OCC 1 c1ccccc1 0.1500000 0.1500 0.3518658 0.3519 0.3333333 0.3333 0.7169307 0.7169 1.0000000 1.0000 1.0000000 324.3730 0.5292222 2.2706 1.0000000 1.0000 0.6666666666666667 1.0 0.3570714214271425 []
 | 58.2206 57.5646 7.5460 0.5086762 CNC(=O)[C@@H]1C(=O)OC2OC[C@H](CC(C)C)N3C(=O)C(Br)=C(Br)S[C@@]213 1 O=C1CC23SC=CC(=O)N2CCOC3O1 0.1950000 0.1950 0.3021932 0.3022 1.0000000 1.0000 0.7036752 0.7037 0.7500000 0.7500 1.0000000 498.1930 0.5125840 5.4534 1.0000000 1.0000 0.0 1.0 0.3962007067131506 []
 | 24.1254 25.2299 -25.2299 0.0000000 CC(=O)[C@H](CCCc1ccccc1)NC(=O)OC(C)(C)C 1 c1ccccc1 0.2600000 0.2600 0.3466975 0.3467 0.6666667 0.6667 0.6533025 0.6533 1.0000000 1.0000 1.0000000 291.3910 0.5302427 2.3150 1.0000000 1.0000 0.33333333333333337 1.0 0.4386342439892262 []
20:53:51 <INFO> Sampled SMILES n1nn(Cc2ccc(Cl)cc2)c(c1C(=O)NCCC(O)CC)=O failed to sanitize.
20:53:51 <INFO> Sampled SMILES N1C(c2cc(C(C)(O)C)c(C(O)=O)c(=O)c2)Nc2c1c(OC)cc(OCCCN1CCCC1)c2 failed to sanitize.
20:53:51 <INFO> Sampled SMILES O=c1c2cc3c(ccnn3c(=O)c2ccc1)=Cc1c([nH]c(=O)n(c1N)CCCC)=O failed to sanitize.
20:53:54 <INFO> Score: 0.26 Agent NLL: 34.12 Valid:  94% Step: 17
 | Agent Prior Target Score SMILES SMILES_state Scaffold predicted_activity predicted_activity (raw) training_similarity training_similarity (raw) taf_consistency taf_consistency (raw) novelty novelty (raw) stereo_validity stereo_validity (raw) MW_window MW_window (raw) synthetic_feasibility synthetic_feasibility (raw) curated alerts filter curated alerts filter (raw) taf_disrupted (predicted_activity) scaffold_novelty (predicted_activity) uncertainty (predicted_activity) matchting_patterns (curated alerts filter)
 | 24.4718 25.6689 23.7320 0.3859442 CC(C)C[C@@H](CO)NC1CCOC1 1 C1CCOC1 0.1500000 0.1500 0.2777460 0.2777 0.3333333 0.3333 0.7418011 0.7418 0.5000000 0.5000 1.0000000 187.2830 0.5521745 3.2742 1.0000000 1.0000 0.6666666666666667 1.0 0.3570714214271425 []
 | 29.9888 37.6713 -37.6713 0.0000000 n1nn(Cc2ccc(Cl)cc2)c(c1C(=O)NCCC(O)CC)=O 0 -- 0.0000000 0.0000 0.0000000 0.0000 0.0000000 0.0000 0.0000000 0.0000 0.0000000 0.0000 0.0000000 0.0000 0.0000000 0.0000 0.0000000 0.0000 None None None None
 | 26.2453 27.4884 32.8490 0.4713854 CCCCOc1ccc(CNC(=O)c2cccs2)cc1OCC 1 O=C(NCc1ccccc1)c1cccs1 0.2100000 0.2100 0.3987558 0.3988 0.3333333 0.3333 0.6872284 0.6872 1.0000000 1.0000 1.0000000 333.4530 0.5205494 1.8930 1.0000000 1.0000 0.6666666666666667 1.0 0.4073082370883261 []
 | 28.1475 30.1186 27.0113 0.4463273 CCn1nncc1-c1nc(CO)c(C)o1 1 c1coc(-c2cnn[nH]2)n1 0.2350000 0.2350 0.2571428 0.2571 0.3333333 0.3333 0.7908350 0.7908 1.0000000 1.0000 1.0000000 208.2210 0.5472804 3.0595 1.0000000 1.0000 0.6666666666666667 1.0 0.4239988207530771 []
 | 31.5313 31.7278 29.0779 0.4750447 CC(=O)c1c[nH]c(C(=O)NCC(=O)N[C@H](CC(C)C)c2ccccc2)c1 1 O=C(CNC(=O)c1ccc[nH]1)NCc1ccccc1 0.3200000 0.3200 0.2637806 0.2638 0.3333333 0.3333 0.7362194 0.7362 1.0000000 1.0000 1.0000000 355.4380 0.5384557 2.6734 1.0000000 1.0000 0.6666666666666667 1.0 0.466476151587624 []
 | 32.5196 35.6688 36.4170 0.5631704 O=C(Nc1nc2c(s1)CN(C(=O)OC(CO)CO)CC2)c1ccco1 1 O=C(Nc1nc2c(s1)CNCC2)c1ccco1 0.3450000 0.3450 0.3355780 0.3356 0.6666667 0.6667 0.6644220 0.6644 1.0000000 1.0000 1.0000000 367.3830 0.5394379 2.7163 1.0000000 1.0000 0.33333333333333337 1.0 0.4753682782853732 []
 | 29.9263 29.4582 -26.0498 0.0266286 Cc1ccccc1N1CCN(C(=O)CN2CCN(S(=O)(=O)c3ccc(F)cc3)CC2)CC1 1 O=C(CN1CCN(S(=O)(=O)c2ccccc2)CC1)N1CCN(c2ccccc2)CC1 0.2200000 0.2200 0.2201127 0.2201 0.0000000 0.0000 0.8101684 0.8102 1.0000000 1.0000 1.0000000 460.5750 0.5247082 2.0739 1.0000000 1.0000 1.0 1.0 0.41424630354415964 []
 | 34.4189 34.5219 28.3177 0.4909348 COc1ccccc1NC(=O)[C@H](C)OC(=O)COc1ccc2ccccc2c1CN(C)C 1 O=C(COC(=O)COc1ccc2ccccc2c1)Nc1ccccc1 0.2050000 0.2050 0.2779693 0.2780 0.6666667 0.6667 0.7539095 0.7539 1.0000000 1.0000 1.0000000 436.5080 0.5364817 2.5872 1.0000000 1.0000 0.33333333333333337 1.0 0.40370162248868907 []
 | 23.3264 25.5003 30.5486 0.4378818 COc1ccc(OC)c(NC(=O)NC2(CO)CCCCC2)c1 1 O=C(Nc1ccccc1)NC1CCCCC1 0.1950000 0.1950 0.2865341 0.2865 0.3333333 0.3333 0.7970615 0.7971 1.0000000 1.0000 1.0000000 308.3780 0.5271624 2.1808 1.0000000 1.0000 0.6666666666666667 1.0 0.3962007067131506 []
 | 24.2407 23.4694 31.0704 0.4260928 CC(=O)c1ccc(NC2CCCCC2)c(N)c1 1 c1ccc(NC2CCCCC2)cc1 0.1750000 0.1750 0.2812205 0.2812 0.3333333 0.3333 0.7808215 0.7808 1.0000000 1.0000 1.0000000 232.3270 0.5214894 1.9338 1.0000000 1.0000 0.6666666666666667 1.0 0.3799671038392666 []
20:53:58 <INFO> Score: 0.23 Agent NLL: 32.98 Valid: 100% Step: 18
 | Agent Prior Target Score SMILES SMILES_state Scaffold predicted_activity predicted_activity (raw) training_similarity training_similarity (raw) taf_consistency taf_consistency (raw) novelty novelty (raw) stereo_validity stereo_validity (raw) MW_window MW_window (raw) synthetic_feasibility synthetic_feasibility (raw) curated alerts filter curated alerts filter (raw) taf_disrupted (predicted_activity) scaffold_novelty (predicted_activity) uncertainty (predicted_activity) matchting_patterns (curated alerts filter)
 | 24.1225 25.4893 -25.4893 0.0000000 CCNCCCNc1ccccc1OC(F)F 1 c1ccccc1 0.1950000 0.1950 0.2608970 0.2609 0.3333333 0.3333 0.7744465 0.7744 1.0000000 1.0000 1.0000000 244.2850 0.5242731 2.0550 1.0000000 1.0000 0.6666666666666667 1.0 0.3962007067131506 []
 | 24.6245 25.8344 -25.8344 0.0000000 CCN(CC)Cc1ccc(NC(=O)CNC(=O)[C@@H](N)C(C)C)cc1 1 c1ccccc1 0.2850000 0.2850 0.2111855 0.2112 0.3333333 0.3333 0.7946015 0.7946 1.0000000 1.0000 1.0000000 334.4640 0.5332547 2.4464 1.0000000 1.0000 0.6666666666666667 1.0 0.4514144437210666 []
 | 25.2530 25.4931 -17.5536 0.0620278 CC(C)CNCc1cc(Cl)ccc1N(C)CC1CCOC1 1 c1ccc(NCC2CCOC2)cc1 0.1500000 0.1500 0.2075695 0.2076 0.3333333 0.3333 0.8321396 0.8321 0.0000000 0.0000 1.0000000 310.8690 0.5428352 2.8649 1.0000000 1.0000 0.6666666666666667 1.0 0.3570714214271425 []
 | 22.1565 22.5324 -22.5324 0.0000000 Cc1ccc(C(=O)O)cc1NN=C(C#N)C#N 1 c1ccccc1 0.0000000 0.0000 0.0000000 0.0000 0.0000000 0.0000 0.0000000 0.0000 0.0000000 0.0000 0.0000000 0.0000 0.0000000 0.0000 0.0000000 0.0000 None None None ['[#7;!n][#7;!n]']
 | 27.8766 30.7886 -30.7886 0.0000000 N#Cc1cccc(CNC(=O)OCCCN=[N+]=[N-])c1 1 c1ccccc1 0.3000000 0.3000 0.2478408 0.2478 1.0000000 1.0000 0.7521592 0.7522 1.0000000 1.0000 1.0000000 259.2690 0.5343052 2.4922 1.0000000 1.0000 0.0 1.0 0.45825756949558394 []
 | 32.5915 33.4802 20.7119 0.4233759 CC(C)(C)c1ccc(NC(=O)Nc2ccc(OCc3nnnn3CCO)cc2)cc1 1 O=C(Nc1ccccc1)Nc1ccc(OCc2nnn[nH]2)cc1 0.1950000 0.1950 0.2439750 0.2440 0.3333333 0.3333 0.7627105 0.7627 1.0000000 1.0000 1.0000000 410.4780 0.5283866 2.2341 1.0000000 1.0000 0.6666666666666667 1.0 0.3962007067131506 []
 | 38.2742 39.0624 -28.3426 0.0837483 Cc1ccc2c(c1)CSC(CCCNC(=O)OCc1ccccc1)N2 1 O=C(NCCCC1Nc2ccccc2CS1)OCc1ccccc1 0.2350000 0.2350 0.3561039 0.3561 0.6666667 0.6667 0.6612709 0.6613 0.0000000 0.0000 1.0000000 356.4910 0.5471004 3.0516 1.0000000 1.0000 0.33333333333333337 1.0 0.4239988207530771 []
 | 25.5452 25.2754 -24.7623 0.0040086 O=C(COCC(F)(F)F)C1CCCS1 1 C1CCSC1 0.1350000 0.1350 0.2677398 0.2677 0.0000000 0.0000 0.8317022 0.8317 0.0000000 0.0000 1.0000000 228.2350 0.5569525 3.5158 1.0000000 1.0000 1.0 1.0 0.34172357249683555 []
 | 28.0023 27.0871 -18.9835 0.0633095 CC(c1noc(CC2CNCCO2)n1)C(C)(C)C 1 c1noc(CC2CNCCO2)n1 0.1650000 0.1650 0.2078097 0.2078 0.3333333 0.3333 0.8245884 0.8246 0.0000000 0.0000 1.0000000 253.3460 0.5511698 3.7699 1.0000000 1.0000 0.6666666666666667 1.0 0.37118054905934933 []
 | 33.3245 34.0711 23.2223 0.4476050 O=C(Cn1c(C(=O)Nc2ccc(Cl)cc2)nc2ccccc21)NC[C@H]1CCCO1 1 O=C(Cn1c(C(=O)Nc2ccccc2)nc2ccccc21)NCC1CCCO1 0.2550000 0.2550 0.2445417 0.2445 0.3333333 0.3333 0.7583439 0.7583 1.0000000 1.0000 1.0000000 412.8770 0.5377867 2.6442 1.0000000 1.0000 0.6666666666666667 1.0 0.43586121644395015 []
20:53:58 <INFO> Sampled SMILES c1(=O)[nH]c(=O)n(c(N)c1NCCOCCO)=O failed to sanitize.
20:54:01 <INFO> Score: 0.26 Agent NLL: 31.25 Valid:  97% Step: 19
 | Agent Prior Target Score SMILES SMILES_state Scaffold predicted_activity predicted_activity (raw) training_similarity training_similarity (raw) taf_consistency taf_consistency (raw) novelty novelty (raw) stereo_validity stereo_validity (raw) MW_window MW_window (raw) synthetic_feasibility synthetic_feasibility (raw) curated alerts filter curated alerts filter (raw) taf_disrupted (predicted_activity) scaffold_novelty (predicted_activity) uncertainty (predicted_activity) matchting_patterns (curated alerts filter)
 | 32.8974 35.3391 23.2389 0.4576402 CCc1onc(-c2ccccc2)c1C(=O)NCCn1c2ccccc2c2ccccc21 1 O=C(NCCn1c2ccccc2c2ccccc21)c1conc1-c1ccccc1 0.2650000 0.2650 0.2666324 0.2666 0.3333333 0.3333 0.7333676 0.7334 1.0000000 1.0000 1.0000000 409.4890 0.5298943 2.2998 1.0000000 1.0000 0.6666666666666667 1.0 0.4413332074521472 []
 | 31.8175 32.1898 -32.1898 0.0000000 Nc1c([P+](O)(O)O)cc(Cl)cc1S(=O)(=O)O 1 c1ccccc1 0.2800000 0.2800 0.2105587 0.2106 0.3333333 0.3333 0.8110178 0.8110 1.0000000 1.0000 1.0000000 288.6250 0.5564983 3.4642 1.0000000 1.0000 0.6666666666666667 1.0 0.44899888641287294 []
 | 23.5985 23.8576 36.5705 0.4720948 Nc1ccc(Cn2cncc(Br)c2=O)cc1 1 O=c1ccncn1Cc1ccccc1 0.2300000 0.2300 0.2034334 0.2034 0.6666667 0.6667 0.7965666 0.7966 1.0000000 1.0000 1.0000000 280.1250 0.5263197 2.1441 1.0000000 1.0000 0.33333333333333337 1.0 0.4208325082500163 []
 | 45.8111 46.9156 8.3472 0.4317405 CCc1c(C)[nH]n2c(=O)c(C(=O)O[C@@H](C)c3ccc(Cl)cc3)cc(C)c12 1 O=C(OCc1ccccc1)c1ccc2cc[nH]n2c1=O 0.2150000 0.2150 0.2390457 0.2390 0.3333333 0.3333 0.7675047 0.7675 1.0000000 1.0000 1.0000000 372.8520 0.5492260 3.1448 1.0000000 1.0000 0.6666666666666667 1.0 0.41082234603292944 []
 | 38.2030 38.3101 29.7281 0.5315482 O=C(/C=C/c1ccc(O)cc1)O[C@H]1[C@@H](OC[C@H](O)[C@@H](O)[C@@H](O)CO)O[C@H](CO)[C@@H](O)[C@@H]1O 1 O=C(C=Cc1ccccc1)OC1CCCOC1 0.2300000 0.2300 0.3771682 0.3772 0.6666667 0.6667 0.6644220 0.6644 1.0000000 1.0000 1.0000000 460.4320 0.5390993 4.2985 1.0000000 1.0000 0.33333333333333337 1.0 0.4208325082500163 []
 | 34.0764 34.1911 21.9688 0.4387493 Cc1cccc(F)c1C(=O)OCCc1cnn(-c2ccccc2)c1 1 O=C(OCCc1cnn(-c2ccccc2)c1)c1ccccc1 0.2150000 0.2150 0.2669304 0.2669 0.3333333 0.3333 0.7362194 0.7362 1.0000000 1.0000 1.0000000 324.3550 0.5261173 2.1353 1.0000000 1.0000 0.6666666666666667 1.0 0.41082234603292944 []
 | 23.6900 24.7977 -14.1891 0.0828799 CCCC(CCO)Nc1ncnc(N)c1Br 1 c1cncnc1 0.2750000 0.2750 0.2817181 0.2817 0.6666667 0.6667 0.7348349 0.7348 0.0000000 0.0000 1.0000000 289.1770 0.5514006 3.2402 1.0000000 1.0000 0.33333333333333337 1.0 0.44651427748729383 []
 | 30.8119 32.5203 35.4925 0.5313503 CCC(C)(C)OC(=O)N1C[C@H](O)[C@H](OCc2ccccc2)C1 1 c1ccc(COC2CCNC2)cc1 0.2200000 0.2200 0.3953489 0.3953 0.6666667 0.6667 0.6239408 0.6239 1.0000000 1.0000 1.0000000 307.3900 0.5478880 3.0861 1.0000000 1.0000 0.33333333333333337 1.0 0.41424630354415964 []
 | 21.6087 23.0446 -23.0446 0.0000000 CC(=NOCCO)c1ccc(Cl)cc1 1 c1ccccc1 0.1950000 0.1950 0.2656266 0.2656 0.3333333 0.3333 0.7661464 0.7661 1.0000000 1.0000 1.0000000 213.6640 0.5253645 2.1025 1.0000000 1.0000 0.6666666666666667 1.0 0.3962007067131506 []
 | 24.9174 26.0904 -14.5252 0.0903532 COC(=O)C(COP(=O)(OCc1ccccc1)OCc1ccccc1)NC(C)=O 1 O=[PH](OCc1ccccc1)OCc1ccccc1 0.3000000 0.3000 0.4211985 0.4212 0.6666667 0.6667 0.5788015 0.5788 0.0000000 0.0000 1.0000000 421.3860 0.5406952 2.7713 1.0000000 1.0000 0.33333333333333337 1.0 0.45825756949558394 []
20:54:02 <INFO> Sampled SMILES c1c(C)nc(CNS(=O)(N2CC(CCC2)C)=O)n1 failed to sanitize.
20:54:05 <INFO> Score: 0.25 Agent NLL: 30.96 Valid:  98% Step: 20
 | Agent Prior Target Score SMILES SMILES_state Scaffold predicted_activity predicted_activity (raw) training_similarity training_similarity (raw) taf_consistency taf_consistency (raw) novelty novelty (raw) stereo_validity stereo_validity (raw) MW_window MW_window (raw) synthetic_feasibility synthetic_feasibility (raw) curated alerts filter curated alerts filter (raw) taf_disrupted (predicted_activity) scaffold_novelty (predicted_activity) uncertainty (predicted_activity) matchting_patterns (curated alerts filter)
 | 30.1669 31.4404 24.6645 0.4383190 CNC(=O)c1cc2ccccc2c2ccncc12 1 c1ccc2c(c1)ccc1cnccc12 0.2550000 0.2550 0.2223080 0.2223 0.3333333 0.3333 0.7776920 0.7777 1.0000000 1.0000 1.0000000 236.2740 0.5223762 1.9724 1.0000000 1.0000 0.6666666666666667 1.0 0.43586121644395015 []
 | 26.1068 26.1103 -16.6692 0.0737587 CCOCC(C)Sc1c(C)cccc1N 1 c1ccccc1 0.3050000 0.3050 0.2461830 0.2462 0.3333333 0.3333 0.7538170 0.7538 0.0000000 0.0000 1.0000000 225.3570 0.5489151 3.1312 1.0000000 1.0000 0.6666666666666667 1.0 0.4604074282632721 []
 | 27.8537 28.2077 -19.9955 0.0641577 C1=CCC(Nc2cccc(-c3nccs3)c2)CC1 1 C1=CCC(Nc2cccc(-c3nccs3)c2)CC1 0.2150000 0.2150 0.1707317 0.1707 0.3333333 0.3333 0.8459512 0.8460 0.0000000 0.0000 1.0000000 256.3740 0.5438024 2.9072 1.0000000 1.0000 0.6666666666666667 1.0 0.41082234603292944 []
 | 34.4812 34.6388 -34.6388 0.0000000 CCCCCCCCCCCCCCCCCCN(CCCC)CCc1ccc(NS(C)(=O)=O)cc1 1 c1ccccc1 0.1500000 0.1500 0.2703690 0.2704 0.3333333 0.3333 0.7937605 0.7938 1.0000000 1.0000 1.0000000 522.8840 0.5311379 2.3541 1.0000000 1.0000 0.6666666666666667 1.0 0.3570714214271425 []
 | 33.9519 35.4961 -31.6300 0.0302042 COc1cc([C@@H]2/C(=C(/O)c3ccc(Cl)cc3)C(=O)C(=O)N2c2ccccc2)ccc1OCc1ccccc1 1 O=C1C(=O)N(c2ccccc2)C(c2ccc(OCc3ccccc3)cc2)C1=Cc1ccccc1 0.2300000 0.2300 0.4174060 0.4174 0.0000000 0.0000 0.5825940 0.5826 1.0000000 1.0000 1.0000000 525.9880 0.5369773 2.6088 1.0000000 1.0000 1.0 1.0 0.4208325082500163 []
 | 27.3683 27.4369 23.7605 0.3999803 CCNc1ccc(CN(C)CC2CC2)c([N+](=O)[O-])c1 1 c1ccc(CNCC2CC2)cc1 0.1600000 0.1600 0.2195775 0.2196 0.3333333 0.3333 0.8363366 0.8363 1.0000000 1.0000 1.0000000 263.3410 0.5289469 2.2586 1.0000000 1.0000 0.6666666666666667 1.0 0.3666060555964672 []
 | 26.1929 26.3475 -17.8430 0.0664417 CCN(CC1CCCO1)c1ccc(F)cc1C#N 1 c1ccc(NCC2CCCO2)cc1 0.1950000 0.1950 0.2252818 0.2253 0.3333333 0.3333 0.8309692 0.8310 0.0000000 0.0000 1.0000000 248.3010 0.5425608 2.8529 1.0000000 1.0000 0.6666666666666667 1.0 0.3962007067131506 []
 | 27.0349 27.9535 26.8122 0.4278565 CSc1ccccc1NS(=O)(=O)c1ccc(F)cc1C(=O)O 1 O=S(=O)(Nc1ccccc1)c1ccccc1 0.2300000 0.2300 0.2170093 0.2170 0.3333333 0.3333 0.7920499 0.7920 1.0000000 1.0000 1.0000000 341.3850 0.5253663 2.1026 1.0000000 1.0000 0.6666666666666667 1.0 0.4208325082500163 []
 | 31.3559 31.9613 25.5532 0.4493319 COc1cc([C@@H]2C[C@H](c3ccccc3Cl)n3nnnc3N2)ccc1O 1 c1ccc(C2CC(c3ccccc3)n3nnnc3N2)cc1 0.2200000 0.2200 0.2826857 0.2827 0.3333333 0.3333 0.7741806 0.7742 1.0000000 1.0000 1.0000000 357.8010 0.5572840 3.4988 1.0000000 1.0000 0.6666666666666667 1.0 0.4142463035441596 []
 | 25.6805 25.9623 24.0343 0.3905983 CNc1nccc(Nc2ccc(C)cc2F)n1 1 c1ccc(Nc2ccncn2)cc1 0.1950000 0.1950 0.1583891 0.1584 0.3333333 0.3333 0.8888460 0.8888 1.0000000 1.0000 1.0000000 232.2620 0.5268016 2.1651 1.0000000 1.0000 0.6666666666666667 1.0 0.3962007067131506 []
20:54:05 <INFO> Sampled SMILES O(C)c1cc2c(cc1)=CC1n3c(C=C1Cc1c(c(O)c(c(OC)c1)O)OC)ccc3O2 failed to sanitize.
20:54:09 <INFO> Score: 0.25 Agent NLL: 35.40 Valid:  98% Step: 21
 | Agent Prior Target Score SMILES SMILES_state Scaffold predicted_activity predicted_activity (raw) training_similarity training_similarity (raw) taf_consistency taf_consistency (raw) novelty novelty (raw) stereo_validity stereo_validity (raw) MW_window MW_window (raw) synthetic_feasibility synthetic_feasibility (raw) curated alerts filter curated alerts filter (raw) taf_disrupted (predicted_activity) scaffold_novelty (predicted_activity) uncertainty (predicted_activity) matchting_patterns (curated alerts filter)
 | 36.3449 38.2725 -38.2725 0.0000000 C#Cc1ccc(NC(=O)N[C@@H](CCC(N)=O)C(=O)NCCCO)cc1 1 c1ccccc1 0.3400000 0.3400 0.1972455 0.1972 0.6666667 0.6667 0.8081596 0.8082 1.0000000 1.0000 1.0000000 346.3870 0.5395678 2.7220 1.0000000 1.0000 0.33333333333333337 1.0 0.4737087712930805 []
 | 30.4648 32.6929 30.8592 0.4965005 O=C(Cn1c(SCc2ccc(F)cc2)nc2ccccc21)Nc1ccc(Br)cn1 1 O=C(Cn1c(SCc2ccccc2)nc2ccccc21)Nc1ccccn1 0.2650000 0.2650 0.2282767 0.2283 0.6666667 0.6667 0.7762813 0.7763 1.0000000 1.0000 1.0000000 471.3550 0.5266480 2.1584 1.0000000 1.0000 0.33333333333333337 1.0 0.4413332074521472 []
 | 26.4625 27.3329 -27.3329 0.0000000 COCCCN(CCCOCc1ccccc1)C(=O)OC(C)(C)C 1 c1ccccc1 0.2450000 0.2450 0.3899064 0.3899 0.3333333 0.3333 0.6100936 0.6101 1.0000000 1.0000 1.0000000 337.4600 0.5253559 2.1021 1.0000000 1.0000 0.6666666666666667 1.0 0.4300872004605578 []
 | 32.2158 35.6123 20.8631 0.4412145 CO[C@H]1CN(c2cccc(NC(=O)CN)c2)C[C@H]1C 1 c1ccc(N2CCCC2)cc1 0.2050000 0.2050 0.2799463 0.2799 0.3333333 0.3333 0.7769433 0.7769 1.0000000 1.0000 1.0000000 263.3410 0.5446012 2.9422 1.0000000 1.0000 0.6666666666666667 1.0 0.403701622488689 []
 | 35.0902 35.3296 20.1355 0.4333213 COc1ccccc1NC(=O)n1c[n+](CC(=O)O)c2ccccc21 1 O=C(Nc1ccccc1)n1c[nH+]c2ccccc21 0.1900000 0.1900 0.2799463 0.2799 0.3333333 0.3333 0.7521592 0.7522 1.0000000 1.0000 1.0000000 326.3320 0.5361837 2.5742 1.0000000 1.0000 0.6666666666666667 1.0 0.39230090491866065 []
 | 31.9740 32.4956 -23.6985 0.0687275 Cc1nc2ccccc2nc1C(=O)Nc1ccc(S(=O)(=O)N2CC(C)OC(C)C2)cc1 1 O=C(Nc1ccc(S(=O)(=O)N2CCOCC2)cc1)c1cnc2ccccc2n1 0.2200000 0.2200 0.2396406 0.2396 0.3333333 0.3333 0.7651443 0.7651 0.0000000 0.0000 1.0000000 440.5250 0.5460513 3.0057 1.0000000 1.0000 0.6666666666666667 1.0 0.4142463035441596 []
 | 26.2777 26.2823 32.2894 0.4575916 CN1CCC(NC(=O)c2cc(COc3ccccc3)on2)CC1 1 O=C(NC1CCNCC1)c1cc(COc2ccccc2)on1 0.2000000 0.2000 0.3644845 0.3645 0.3333333 0.3333 0.6402992 0.6403 1.0000000 1.0000 1.0000000 315.3730 0.5250524 2.0889 1.0000000 1.0000 0.6666666666666667 1.0 0.4000000000000001 []
 | 35.9357 35.7708 -35.7708 0.0000000 C/C(C[C@H]1C(=O)O[C@@H]1O)=N/N 1 O=C1CCO1 0.0000000 0.0000 0.0000000 0.0000 0.0000000 0.0000 0.0000000 0.0000 0.0000000 0.0000 0.0000000 0.0000 0.0000000 0.0000 0.0000000 0.0000 None None None ['[#7;!n][#7;!n]']
 | 38.8796 40.2802 13.7003 0.4217223 CC[C@@H](CCN1CCOCC1)CNC(=O)CN(C)Cc1ccc(SC)cc1 1 O=C(CNCc1ccccc1)NCCCCN1CCOCC1 0.2000000 0.2000 0.2282767 0.2283 0.3333333 0.3333 0.7986532 0.7987 1.0000000 1.0000 1.0000000 393.5970 0.5416679 2.8138 1.0000000 1.0000 0.6666666666666667 1.0 0.4000000000000001 []
 | 34.3060 35.8066 18.1696 0.4216898 COc1ccc([C@@H]2OC[C@H](O)[C@H]2CSc2ccccn2)cc1 1 c1ccc(C2OCCC2CSc2ccccn2)cc1 0.1350000 0.1350 0.3409972 0.3410 0.3333333 0.3333 0.7206279 0.7206 1.0000000 1.0000 1.0000000 317.4100 0.5547165 3.3859 1.0000000 1.0000 0.6666666666666667 1.0 0.34172357249683555 []
20:54:09 <INFO> Sampled SMILES c1c(ccc(-c2oc(n[nH]2)Sc2n(-c3ccc(cc3)C#N)c(=O)c3cc(c(cc3n2)Br)OC)c1)OCC failed to sanitize.
20:54:09 <INFO> Sampled SMILES c12C[C@H](N)C[C@H](Cn1c(-c1cccc(c1)OC)nn2)=O failed to sanitize.
20:54:13 <INFO> Score: 0.23 Agent NLL: 33.15 Valid:  97% Step: 22
 | Agent Prior Target Score SMILES SMILES_state Scaffold predicted_activity predicted_activity (raw) training_similarity training_similarity (raw) taf_consistency taf_consistency (raw) novelty novelty (raw) stereo_validity stereo_validity (raw) MW_window MW_window (raw) synthetic_feasibility synthetic_feasibility (raw) curated alerts filter curated alerts filter (raw) taf_disrupted (predicted_activity) scaffold_novelty (predicted_activity) uncertainty (predicted_activity) matchting_patterns (curated alerts filter)
 | 24.8173 26.3797 30.6309 0.4453953 CN=C(NCc1csc(-c2ccccc2)n1)N(C)Cc1ccccc1 1 N=C(NCc1ccccc1)NCc1csc(-c2ccccc2)n1 0.2150000 0.2150 0.2857953 0.2858 0.3333333 0.3333 0.7432519 0.7433 1.0000000 1.0000 1.0000000 350.4910 0.5313848 2.3648 1.0000000 1.0000 0.6666666666666667 1.0 0.41082234603292944 []
 | 38.1050 37.6499 -28.1765 0.0740111 COC(=O)CCCCN1C(=O)C2C(CCCC2(C)C)NC1=S 1 O=C1NC(=S)NC2CCCCC12 0.1550000 0.1550 0.2826755 0.2827 0.6666667 0.6667 0.7336882 0.7337 0.0000000 0.0000 1.0000000 326.4620 0.5562524 3.5466 1.0000000 1.0000 0.33333333333333337 1.0 0.36190468358395134 []
 | 32.0098 32.9928 21.2962 0.4241326 CCCn1cc(C)nc1N(C)Cc1cccc(NC)c1 1 c1ccc(CNc2ncc[nH]2)cc1 0.2350000 0.2350 0.2005649 0.2006 0.3333333 0.3333 0.7994351 0.7994 1.0000000 1.0000 1.0000000 272.3960 0.5378388 2.6465 1.0000000 1.0000 0.6666666666666667 1.0 0.4239988207530771 []
 | 35.6325 35.4686 18.9105 0.4248369 [C-]#[N+]C1(CCOCC2CCN(Cc3ccccc3)CC2)CC1 1 c1ccc(CN2CCC(COCCC3CC3)CC2)cc1 0.1550000 0.1550 0.3132758 0.3133 0.3333333 0.3333 0.7209595 0.7210 1.0000000 1.0000 1.0000000 298.4300 0.5369516 2.6077 1.0000000 1.0000 0.6666666666666667 1.0 0.36190468358395134 []
 | 31.0403 31.1572 -27.9803 0.0248201 COCC1(c2ccccc2)CCN(Cc2ccc(OC)cc2OC)CC1 1 c1ccc(CN2CCC(c3ccccc3)CC2)cc1 0.1300000 0.1300 0.2619790 0.2620 0.0000000 0.0000 0.7994351 0.7994 1.0000000 1.0000 1.0000000 355.4780 0.5278417 2.2104 1.0000000 1.0000 1.0 1.0 0.33630343441600474 []
 | 24.6918 24.9080 -16.1529 0.0683990 O=C(c1ccc(Br)o1)N1CCCC(CBr)C1 1 O=C(c1ccco1)N1CCCCC1 0.1950000 0.1950 0.2660080 0.2660 0.3333333 0.3333 0.7454861 0.7455 0.0000000 0.0000 1.0000000 351.0380 0.5433198 2.8861 1.0000000 1.0000 0.6666666666666667 1.0 0.3962007067131506 []
 | 37.7655 39.4324 15.5756 0.4297494 COc1cc(/C=c2\sc3n(c2=O)CC(Cl)=C(c2cccc(Br)c2)N=3)ccc1OCC#N 1 O=c1c(=Cc2ccccc2)sc2n1CC=C(c1ccccc1)N=2 0.1600000 0.1600 0.3130043 0.3130 0.3333333 0.3333 0.7901237 0.7901 1.0000000 1.0000 1.0000000 516.8040 0.5459191 2.9999 1.0000000 1.0000 0.6666666666666667 1.0 0.36660605559646714 []
 | 47.2191 49.4606 17.2436 0.5211265 CCOC(=O)c1c[nH]c(/C=C2N=C(/C=C/c3ccc(O)cc3F)C(=O)O/2)c1CO 1 O=C1OC(=Cc2ccc[nH]2)N=C1C=Cc1ccccc1 0.2700000 0.2700 0.2813484 0.2813 0.6666667 0.6667 0.7263613 0.7264 1.0000000 1.0000 1.0000000 400.3620 0.5565447 3.5337 1.0000000 1.0000 0.33333333333333337 1.0 0.4439594576084623 []
 | 27.7519 29.6027 -26.1214 0.0271972 CC1CCN(c2nnc(SCC(=O)N3CCc4ccccc4C3)n2-c2ccccc2)CC1 1 O=C(CSc1nnc(N2CCCCC2)n1-c1ccccc1)N1CCc2ccccc2C1 0.2000000 0.2000 0.2697816 0.2698 0.0000000 0.0000 0.7762813 0.7763 1.0000000 1.0000 1.0000000 447.6080 0.5310715 2.3512 1.0000000 1.0000 1.0 1.0 0.4000000000000001 []
 | 26.7493 26.6272 34.8110 0.4799860 CS(=O)(=O)Nc1ccc(Cl)c(C(=O)NCc2ccccc2)c1 1 O=C(NCc1ccccc1)c1ccccc1 0.2950000 0.2950 0.3119251 0.3119 0.3333333 0.3333 0.6880749 0.6881 1.0000000 1.0000 1.0000000 338.8160 0.5162742 1.7070 1.0000000 1.0000 0.6666666666666667 1.0 0.4560427611529428 []
20:54:17 <INFO> Score: 0.27 Agent NLL: 30.97 Valid: 100% Step: 23
 | Agent Prior Target Score SMILES SMILES_state Scaffold predicted_activity predicted_activity (raw) training_similarity training_similarity (raw) taf_consistency taf_consistency (raw) novelty novelty (raw) stereo_validity stereo_validity (raw) MW_window MW_window (raw) synthetic_feasibility synthetic_feasibility (raw) curated alerts filter curated alerts filter (raw) taf_disrupted (predicted_activity) scaffold_novelty (predicted_activity) uncertainty (predicted_activity) matchting_patterns (curated alerts filter)
 | 29.9015 29.7115 27.5362 0.4472475 COc1ccc(NS(=O)(=O)Cc2ccccc2)c(C(=O)c2ccccc2)c1 1 O=C(c1ccccc1)c1ccccc1NS(=O)(=O)Cc1ccccc1 0.2100000 0.2100 0.3059036 0.3059 0.3333333 0.3333 0.6955922 0.6956 1.0000000 1.0000 1.0000000 381.4530 0.5203838 1.8858 1.0000000 1.0000 0.6666666666666667 1.0 0.40730823708832603 []
 | 32.0332 33.1357 30.8234 0.4996801 NC(=O)c1cnc(-n2cc(Br)c(-c3ccccc3)n2)cn1 1 c1ccc(-c2ccn(-c3cnccn3)n2)cc1 0.2550000 0.2550 0.2441931 0.2442 0.6666667 0.6667 0.7630758 0.7631 1.0000000 1.0000 1.0000000 344.1720 0.5334479 2.4548 1.0000000 1.0000 0.33333333333333337 1.0 0.43586121644395015 []
 | 54.9344 61.6740 -59.7299 0.0151881 C#CCOCCOC(=O)[C@H](CSCC(=O)O)NC(=O)c1ccc(NC(=O)c2ccc(OCCCCCCO)cc2O)cc1 1 O=C(Nc1ccccc1)c1ccccc1 0.4100000 0.4100 0.2828427 0.2828 1.0000000 1.0000 0.7249079 0.7249 1.0000000 1.0000 0.0000000 616.6890 0.5524154 3.2848 1.0000000 1.0000 0.0 1.0 0.4918333050943175 []
 | 23.0881 21.9115 29.5877 0.4023377 CCCCc1noc(CCNC)n1 1 c1ncon1 0.1450000 0.1450 0.2511059 0.2511 0.3333333 0.3333 0.8030403 0.8030 1.0000000 1.0000 1.0000000 183.2550 0.5308312 2.3407 1.0000000 1.0000 0.6666666666666667 1.0 0.35210083782916507 []
 | 27.9861 28.9431 -28.9431 0.0000000 COCCOC(=O)c1ccc(Br)c(SC)c1 1 c1ccccc1 0.2450000 0.2450 0.2824942 0.2825 0.6666667 0.6667 0.7609543 0.7610 1.0000000 1.0000 1.0000000 305.1930 0.5278377 2.2102 1.0000000 1.0000 0.33333333333333337 1.0 0.4300872004605578 []
 | 52.3171 54.2939 -44.6769 0.0751329 CCOC(=O)C1C(C#N)=C(SCC(=O)OC(C)(C)C)N=C(CSn2cc3ccccc3n2)C1C 1 C1=CN=C(CSn2cc3ccccc3n2)CC1 0.1950000 0.1950 0.2421987 0.2422 0.6666667 0.6667 0.7901237 0.7901 0.0000000 0.0000 1.0000000 500.6460 0.5402024 4.2503 1.0000000 1.0000 0.33333333333333337 1.0 0.3962007067131506 []
 | 28.5758 31.0957 23.0089 0.4226928 CCN(C)C(=O)Nc1nnc(CCC(=O)O)o1 1 c1nnco1 0.2150000 0.2150 0.2162952 0.2163 0.3333333 0.3333 0.7937605 0.7938 1.0000000 1.0000 1.0000000 242.2350 0.5355447 2.5463 1.0000000 1.0000 0.6666666666666667 1.0 0.41082234603292944 []
 | 35.5534 36.2702 17.4449 0.4196495 O=C(CSc1nnnn1C1CC1)Nc1ccc(Cl)c(NC(=O)c2cccc(F)c2)c1 1 O=C(CSc1nnnn1C1CC1)Nc1cccc(NC(=O)c2ccccc2)c1 0.2250000 0.2250 0.1999600 0.2000 0.3333333 0.3333 0.8105578 0.8106 1.0000000 1.0000 1.0000000 446.8950 0.5278327 2.2100 1.0000000 1.0000 0.6666666666666667 1.0 0.4175823272122517 []
 | 27.3003 29.0354 23.2675 0.4086166 CCCCCCCCCCCCNC(=O)Nc1nnc(SCCCCC)s1 1 c1nncs1 0.1400000 0.1400 0.2857384 0.2857 0.3333333 0.3333 0.7452376 0.7452 1.0000000 1.0000 1.0000000 414.6850 0.5289847 2.2602 1.0000000 1.0000 0.6666666666666667 1.0 0.34698703145794946 []
 | 31.9338 33.4312 -25.3051 0.0634848 C=C(COC(=O)c1ccc(S(=O)(=O)N2CC(C)OC(C)C2)cc1)C(=O)OC 1 O=S(=O)(c1ccccc1)N1CCOCC1 0.1300000 0.1300 0.2708645 0.2709 0.3333333 0.3333 0.7841795 0.7842 0.0000000 0.0000 1.0000000 397.4490 0.5481962 3.0997 1.0000000 1.0000 0.6666666666666667 1.0 0.33630343441600474 []
20:54:20 <INFO> Score: 0.28 Agent NLL: 32.78 Valid: 100% Step: 24
 | Agent Prior Target Score SMILES SMILES_state Scaffold predicted_activity predicted_activity (raw) training_similarity training_similarity (raw) taf_consistency taf_consistency (raw) novelty novelty (raw) stereo_validity stereo_validity (raw) MW_window MW_window (raw) synthetic_feasibility synthetic_feasibility (raw) curated alerts filter curated alerts filter (raw) taf_disrupted (predicted_activity) scaffold_novelty (predicted_activity) uncertainty (predicted_activity) matchting_patterns (curated alerts filter)
 | 32.5780 33.3938 21.7735 0.4309949 CCN(CC)c1ccc2ncc(-c3ccc(NC(=O)O)cc3)n2n1 1 c1ccc(-c2cnc3cccnn23)cc1 0.2450000 0.2450 0.2093024 0.2093 0.3333333 0.3333 0.7994351 0.7994 1.0000000 1.0000 1.0000000 325.3720 0.5334838 2.4564 1.0000000 1.0000 0.6666666666666667 1.0 0.43008720046055776 []
 | 25.0824 25.3312 22.6144 0.3745749 CCCC1CCN(CC2(CNC(C)C)CCC2)CC1 1 C1CCN(CC2CCC2)CC1 0.0900000 0.0900 0.2812205 0.2812 0.3333333 0.3333 0.8180983 0.8181 1.0000000 1.0000 1.0000000 266.4730 0.5334327 2.4541 1.0000000 1.0000 0.6666666666666667 1.0 0.2861817604250837 []
 | 37.3787 37.2164 13.5467 0.3965863 CCOc1ccc2nc(CN3CCN(S(=O)(=O)c4cc(C#N)ccc4C)CC3)[nH]c2c1 1 O=S(=O)(c1ccccc1)N1CCN(Cc2nc3ccccc3[nH]2)CC1 0.1400000 0.1400 0.2419433 0.2419 0.3333333 0.3333 0.7983806 0.7984 1.0000000 1.0000 1.0000000 439.5410 0.5323579 2.4073 1.0000000 1.0000 0.6666666666666667 1.0 0.34698703145794946 []
 | 35.4977 38.5219 -29.1128 0.0735079 CCC1SCCN1C(=O)CN(CCOC)CC(=O)NCCc1ccccc1 1 O=C(CNCC(=O)N1CCSC1)NCCc1ccccc1 0.2450000 0.2450 0.3075623 0.3076 0.3333333 0.3333 0.6924377 0.6924 0.0000000 0.0000 1.0000000 393.5530 0.5449806 2.9588 1.0000000 1.0000 0.6666666666666667 1.0 0.43008720046055776 []
 | 33.9666 32.8355 26.6661 0.4648562 CC[C@@H]1[C@@H](O)[C@@H](C=CC(O)CCc2ccccc2)C[C@H]1O 1 C(=CC1CCCC1)CCCc1ccccc1 0.2400000 0.2400 0.3594473 0.3594 0.3333333 0.3333 0.6405527 0.6406 0.8000000 0.8000 1.0000000 290.4030 0.5484983 3.8871 1.0000000 1.0000 0.6666666666666667 1.0 0.4270831300812525 []
 | 31.7374 32.2350 21.4839 0.4196786 N[C@]1(c2ccccn2)C=Cc2ccccc2O1 1 C1=CC(c2ccccn2)Oc2ccccc21 0.2000000 0.2000 0.2208630 0.2209 0.3333333 0.3333 0.7965666 0.7966 1.0000000 1.0000 1.0000000 224.2630 0.5517822 3.2570 1.0000000 1.0000 0.6666666666666667 1.0 0.4 []
 | 29.9931 33.9640 20.2230 0.4233361 NCCCN(Cc1ccc(F)cc1)C(=O)Nc1cc(Cl)ccc1OC(F)F 1 O=C(NCc1ccccc1)Nc1ccccc1 0.2300000 0.2300 0.2051823 0.2052 0.3333333 0.3333 0.7948177 0.7948 1.0000000 1.0000 1.0000000 401.8160 0.5277206 2.2051 1.0000000 1.0000 0.6666666666666667 1.0 0.4208325082500163 []
 | 35.0757 33.6413 -33.0926 0.0042869 O=C(O)Cc1nn(-c2ccc(F)cc2)c(=O)c2c1C1CCC2C1 1 O=c1c2c(cnn1-c1ccccc1)C1CCC2C1 0.2200000 0.2200 0.2357023 0.2357 0.0000000 0.0000 0.7716942 0.7717 0.0000000 0.0000 1.0000000 314.3160 0.5455570 4.0160 1.0000000 1.0000 1.0 1.0 0.41424630354415964 []
 | 20.3326 23.7119 -23.7119 0.0000000 N[C@@H](CO)c1ccc(O)c(Br)c1 1 c1ccccc1 0.3550000 0.3550 0.2901716 0.2902 0.6666667 0.6667 0.7098284 0.7098 1.0000000 1.0000 1.0000000 232.0770 0.5401571 2.7478 1.0000000 1.0000 0.33333333333333337 1.0 0.478513322698543 []
 | 29.3708 33.7779 18.0286 0.4047383 CCc1ccc(CN(C)c2ncc(Br)n2C)cc1 1 c1ccc(CNc2ncc[nH]2)cc1 0.1950000 0.1950 0.1903045 0.1903 0.3333333 0.3333 0.8282908 0.8283 1.0000000 1.0000 1.0000000 308.2230 0.5356688 2.5517 1.0000000 1.0000 0.6666666666666667 1.0 0.3962007067131506 []
20:54:24 <INFO> Score: 0.28 Agent NLL: 31.11 Valid: 100% Step: 25
 | Agent Prior Target Score SMILES SMILES_state Scaffold predicted_activity predicted_activity (raw) training_similarity training_similarity (raw) taf_consistency taf_consistency (raw) novelty novelty (raw) stereo_validity stereo_validity (raw) MW_window MW_window (raw) synthetic_feasibility synthetic_feasibility (raw) curated alerts filter curated alerts filter (raw) taf_disrupted (predicted_activity) scaffold_novelty (predicted_activity) uncertainty (predicted_activity) matchting_patterns (curated alerts filter)
 | 26.6774 28.2389 -28.2389 0.0000000 CC(C)(C#N)Oc1cccc(F)c1C(=O)O 1 c1ccccc1 0.2400000 0.2400 0.2353796 0.2354 0.3333333 0.3333 0.7744465 0.7744 1.0000000 1.0000 1.0000000 223.2030 0.5346442 2.5070 1.0000000 1.0000 0.6666666666666667 1.0 0.4270831300812524 []
 | 24.6446 27.4386 22.9996 0.3940482 NC(=O)CNCC(=O)NC(=O)O 1  0.2250000 0.2250 0.1434992 0.1435 0.3333333 0.3333 0.8565008 0.8565 1.0000000 1.0000 1.0000000 175.1440 0.5342349 2.4891 1.0000000 1.0000 0.6666666666666667 1.0 0.4175823272122517 []
 | 30.3959 32.6328 -32.6328 0.0000000 CCCCCCCCOP(=O)(OCCCCCCC)OC[C@H](C)O 1  0.1850000 0.1850 0.4152698 0.4153 0.3333333 0.3333 0.5991081 0.5991 0.5000000 0.5000 1.0000000 366.4790 0.5505455 3.2027 1.0000000 1.0000 0.6666666666666667 1.0 0.38829756630707846 []
 | 32.9609 35.1657 30.6161 0.5139204 C[C@@H](N)c1cn(C[C@H](O)COc2ccc(Br)cc2)c2ccccc12 1 c1ccc(OCCCn2ccc3ccccc32)cc1 0.2450000 0.2450 0.2940858 0.2941 0.6666667 0.6667 0.7059142 0.7059 1.0000000 1.0000 1.0000000 389.2930 0.5444070 2.9337 1.0000000 1.0000 0.33333333333333337 1.0 0.4300872004605578 []
 | 26.1196 27.8792 25.5211 0.4171902 O=C(O)[C@H]1O[C@H](CO)[C@H](O)[C@@H](O)[C@@H]1OCCO 1 C1CCOCC1 0.0950000 0.0950 0.4595037 0.4595 0.3333333 0.3333 0.7342576 0.7343 1.0000000 1.0000 1.0000000 252.2190 0.5500090 3.8209 1.0000000 1.0000 0.6666666666666667 1.0 0.29321493822791495 []
 | 26.8431 28.6673 32.5935 0.4785995 O=C(N[C@H](C(=O)c1ccccc1)c1ccccc1)c1cccnc1 1 O=C(NC(C(=O)c1ccccc1)c1ccccc1)c1cccnc1 0.3150000 0.3150 0.2819419 0.2819 0.3333333 0.3333 0.7180581 0.7181 1.0000000 1.0000 1.0000000 316.3600 0.5293127 2.2745 1.0000000 1.0000 0.6666666666666667 1.0 0.46451587701606073 []
 | 28.6135 28.2698 -24.7145 0.0277752 Cc1cc(C(=O)N2c3ccccc3C[C@H]2C(=O)O)c(C)o1 1 O=C(c1ccoc1)N1CCc2ccccc21 0.2100000 0.2100 0.2857953 0.2858 0.0000000 0.0000 0.7432519 0.7433 1.0000000 1.0000 1.0000000 285.2990 0.5389770 2.6962 1.0000000 1.0000 1.0 1.0 0.4073082370883261 []
 | 25.7811 25.2929 28.9244 0.4235728 CC#CCN1CCN(c2ccccc2C)CC1 1 c1ccc(N2CCNCC2)cc1 0.2100000 0.2100 0.2243971 0.2244 0.3333333 0.3333 0.8228384 0.8228 1.0000000 1.0000 1.0000000 228.3390 0.5248985 2.0822 1.0000000 1.0000 0.6666666666666667 1.0 0.40730823708832603 []
 | 61.2052 59.2968 -3.1088 0.4389689 Cc1ncc(-c2cnc3ccc(CNC(=O)c4ccc(=O)[nH]c4)nc3c2)c2c(C(F)F)cnn12 1 O=C(NCc1ccc2ncc(-c3cncn4nccc34)cc2n1)c1ccc(=O)[nH]c1 0.2450000 0.2450 0.2271545 0.2272 0.3333333 0.3333 0.7840329 0.7840 1.0000000 1.0000 1.0000000 461.4320 0.5483057 3.1045 1.0000000 1.0000 0.6666666666666667 1.0 0.4300872004605578 []
 | 32.6034 32.1187 16.1463 0.3770707 COc1cc2c(cc1N)nc(-c1cc(C)ccn1)n2C 1 c1ccc(-c2nc3ccccc3[nH]2)nc1 0.1450000 0.1450 0.1784103 0.1784 0.3333333 0.3333 0.8683755 0.8684 1.0000000 1.0000 1.0000000 268.3200 0.5327990 2.4265 1.0000000 1.0000 0.6666666666666667 1.0 0.352100837829165 []
20:54:24 <INFO> Sampled SMILES c1c(C(N(Cc2ccc(F)cc2)C(COc2ccc(CC)cc2)=O)CC)occc1 failed to sanitize.
20:54:28 <INFO> Score: 0.28 Agent NLL: 31.90 Valid:  98% Step: 26
 | Agent Prior Target Score SMILES SMILES_state Scaffold predicted_activity predicted_activity (raw) training_similarity training_similarity (raw) taf_consistency taf_consistency (raw) novelty novelty (raw) stereo_validity stereo_validity (raw) MW_window MW_window (raw) synthetic_feasibility synthetic_feasibility (raw) curated alerts filter curated alerts filter (raw) taf_disrupted (predicted_activity) scaffold_novelty (predicted_activity) uncertainty (predicted_activity) matchting_patterns (curated alerts filter)
 | 19.0306 22.2005 -22.2005 0.0000000 CC[C@H](CO)NCc1ccccc1 1 c1ccccc1 0.3050000 0.3050 0.4191368 0.4191 0.3333333 0.3333 0.5808632 0.5809 1.0000000 1.0000 1.0000000 179.2630 0.5258226 2.1225 1.0000000 1.0000 0.6666666666666667 1.0 0.4604074282632721 []
 | 30.8155 35.4867 17.2415 0.4119387 CCC[C@@](C)(CO)NC(=O)CNC(=O)C1CCCC1 1 C1CCCC1 0.1650000 0.1650 0.2484520 0.2485 0.3333333 0.3333 0.7642977 0.7643 1.0000000 1.0000 1.0000000 270.3730 0.5407075 2.7718 1.0000000 1.0000 0.6666666666666667 1.0 0.37118054905934933 []
 | 43.7892 46.4631 10.7135 0.4466923 Cc1ccc(-c2cc(C(=O)Nc3cccc([C@H](C)Cc4nccn4C)c3)[nH]n2)cc1C 1 O=C(Nc1cccc(CCc2ncc[nH]2)c1)c1cc(-c2ccccc2)n[nH]1 0.2550000 0.2550 0.2400397 0.2400 0.3333333 0.3333 0.7665380 0.7665 1.0000000 1.0000 1.0000000 413.5250 0.5445260 2.9389 1.0000000 1.0000 0.6666666666666667 1.0 0.43586121644395015 []
 | 30.8279 28.7674 24.8052 0.4185365 CCC(CC)C(=O)Nc1ccc2c(c1)CN(S(C)(=O)=O)CC2 1 c1ccc2c(c1)CCNC2 0.2150000 0.2150 0.2062157 0.2062 0.3333333 0.3333 0.8112926 0.8113 1.0000000 1.0000 1.0000000 324.4460 0.5290983 2.2652 1.0000000 1.0000 0.6666666666666667 1.0 0.41082234603292944 []
 | 36.3727 37.9901 -37.9901 0.0000000 O=C(CBr)N(CCBr)C(=O)NS(=O)(=O)Cc1ccccc1 1 c1ccccc1 0.2900000 0.2900 0.3013982 0.3014 0.6666667 0.6667 0.6986018 0.6986 1.0000000 1.0000 1.0000000 442.1290 0.5431654 2.8793 1.0000000 1.0000 0.33333333333333337 1.0 0.4537620521815371 []
 | 24.0303 23.0198 27.8784 0.3976426 CCC(CC)(CN)Cc1cc(Cl)ccc1OC 1 c1ccccc1 0.1500000 0.1500 0.2262779 0.2263 0.3333333 0.3333 0.8461356 0.8461 1.0000000 1.0000 1.0000000 255.7890 0.5319613 2.3900 1.0000000 1.0000 0.6666666666666667 1.0 0.3570714214271425 []
 | 25.6972 25.6162 -22.3106 0.0258253 COc1ccc(CC(=O)N(C)CCc2ccc(OC)c(OC)c2)cc1 1 O=C(Cc1ccccc1)NCCc1ccccc1 0.1550000 0.1550 0.2711139 0.2711 0.0000000 0.0000 0.7866477 0.7866 1.0000000 1.0000 1.0000000 343.4230 0.5190139 1.8262 1.0000000 1.0000 1.0 1.0 0.36190468358395134 []
 | 42.2225 43.8977 11.4263 0.4322194 C#CCSc1nnc(-c2c(F)c(F)c(OCOC)c(F)c2F)n1-c1ccccc1OC 1 c1ccc(-c2nncn2-c2ccccc2)cc1 0.2200000 0.2200 0.2359733 0.2360 0.3333333 0.3333 0.7640267 0.7640 1.0000000 1.0000 1.0000000 453.4170 0.5452833 2.9720 1.0000000 1.0000 0.6666666666666667 1.0 0.4142463035441596 []
 | 26.4337 28.6511 27.4439 0.4382421 C[C@H](NC(=O)Nc1cccc([N+](=O)[O-])c1)c1cccc2ccccc12 1 O=C(NCc1cccc2ccccc12)Nc1ccccc1 0.2700000 0.2700 0.2069102 0.2069 0.3333333 0.3333 0.8017274 0.8017 1.0000000 1.0000 1.0000000 335.3630 0.5304359 2.3235 1.0000000 1.0000 0.6666666666666667 1.0 0.4439594576084623 []
 | 41.7799 43.1300 9.1337 0.4083103 CCCCCCCCc1ccc(-n2c(C)c(C#N)c(C#N)c2N=Nc2ccc([N+](=O)[O-])cc2Cl)cc1 1 c1ccc(N=Nc2cccn2-c2ccccc2)cc1 0.1650000 0.1650 0.2323137 0.2323 0.3333333 0.3333 0.8388994 0.8389 1.0000000 1.0000 1.0000000 503.0060 0.5453755 2.9761 1.0000000 1.0000 0.6666666666666667 1.0 0.37118054905934933 []
20:54:28 <INFO> Sampled SMILES n1(C)c(cc(C(=O)Nn2cnc3ccccc32)c1C)=O failed to sanitize.
20:54:28 <INFO> Sampled SMILES N(CCSc1nc2CC(CCc2c1Cl)N(C)c1ccc(cc1)Cl)C(O)=O failed to sanitize.
20:54:31 <INFO> Score: 0.27 Agent NLL: 33.03 Valid:  97% Step: 27
 | Agent Prior Target Score SMILES SMILES_state Scaffold predicted_activity predicted_activity (raw) training_similarity training_similarity (raw) taf_consistency taf_consistency (raw) novelty novelty (raw) stereo_validity stereo_validity (raw) MW_window MW_window (raw) synthetic_feasibility synthetic_feasibility (raw) curated alerts filter curated alerts filter (raw) taf_disrupted (predicted_activity) scaffold_novelty (predicted_activity) uncertainty (predicted_activity) matchting_patterns (curated alerts filter)
 | 36.0505 39.6113 -39.6113 0.0000000 O=C(CSC(=Nc1ccccc1)NN=C1c2ccccc2CCc2ccc(Cl)cc21)Nc1ccccc1Br 1 O=C(CSC(=Nc1ccccc1)NN=C1c2ccccc2CCc2ccccc21)Nc1ccccc1 0.0000000 0.0000 0.0000000 0.0000 0.0000000 0.0000 0.0000000 0.0000 0.0000000 0.0000 0.0000000 0.0000 0.0000000 0.0000 0.0000000 0.0000 None None None ['[#7;!n][#7;!n]']
 | 40.0651 40.4251 -40.4251 0.0000000 CCC(N)(c1ncc(Br)cc1Br)[S@@+](N)[O-] 1 c1ccncc1 0.0000000 0.0000 0.0000000 0.0000 0.0000000 0.0000 0.0000000 0.0000 0.0000000 0.0000 0.0000000 0.0000 0.0000000 0.0000 0.0000000 0.0000 None None None ['[#7;!n][S;!$(S(=O)=O)]']
 | 29.2704 29.9428 31.6313 0.4810473 COc1c(Cl)cc(C(=O)NCC(=O)NOCc2ccccc2)cc1Cl 1 O=C(CNC(=O)c1ccccc1)NOCc1ccccc1 0.2500000 0.2500 0.3760592 0.3761 0.3333333 0.3333 0.6239408 0.6239 1.0000000 1.0000 1.0000000 383.2310 0.5258021 2.1216 1.0000000 1.0000 0.6666666666666667 1.0 0.4330127018922193 []
 | 40.1950 46.1453 26.3834 0.5666307 O=C(COC(=O)c1ccc(=O)n([C@H](O)COCc2ccccc2)c1)Nc1ccccc1F 1 O=C(COC(=O)c1ccc(=O)n(CCOCc2ccccc2)c1)Nc1ccccc1 0.3200000 0.3200 0.3768484 0.3768 0.6666667 0.6667 0.6231516 0.6232 1.0000000 1.0000 1.0000000 440.4270 0.5423458 2.8435 1.0000000 1.0000 0.33333333333333337 1.0 0.46647615158762396 []
 | 25.7703 24.7041 -15.2457 0.0738934 CC(C)CC(C)NCc1ccc(F)c(C#N)c1 1 c1ccccc1 0.2550000 0.2550 0.1691652 0.1692 0.6666667 0.6667 0.8308348 0.8308 0.0000000 0.0000 1.0000000 234.3180 0.5373978 2.6272 1.0000000 1.0000 0.33333333333333337 1.0 0.43586121644395015 []
 | 38.6548 37.2134 -28.6422 0.0669628 CCCCOc1ccc(S(=O)(=O)NC2CCN(CC(CCC)NCC)CC2)cc1 1 O=S(=O)(NC1CCNCC1)c1ccccc1 0.1300000 0.1300 0.3622090 0.3622 0.3333333 0.3333 0.7222081 0.7222 0.0000000 0.0000 1.0000000 425.6390 0.5400864 2.7447 1.0000000 1.0000 0.6666666666666667 1.0 0.33630343441600474 []
 | 41.3290 41.2707 -41.2707 0.0000000 CCCCCn1nc(C(=O)NNC(=O)c2cc(-c3ccccc3)n[nH]2)cc1-c1ccc(CC)s1 1 O=C(NNC(=O)c1cc(-c2ccccc2)n[nH]1)c1cc(-c2cccs2)[nH]n1 0.0000000 0.0000 0.0000000 0.0000 0.0000000 0.0000 0.0000000 0.0000 0.0000000 0.0000 0.0000000 0.0000 0.0000000 0.0000 0.0000000 0.0000 None None None ['[#7;!n][#7;!n]']
 | 36.1806 40.1389 15.8186 0.4371682 Cc1ccc(NC(=O)Nc2cccn(Cc3cccs3)c2=O)cc1[N+](=O)[O-] 1 O=C(Nc1ccccc1)Nc1cccn(Cc2cccs2)c1=O 0.2450000 0.2450 0.2253524 0.2254 0.3333333 0.3333 0.8004920 0.8005 1.0000000 1.0000 1.0000000 384.4170 0.5302502 2.3154 1.0000000 1.0000 0.6666666666666667 1.0 0.4300872004605578 []
 | 29.2109 28.4152 -19.6413 0.0685466 COC(=O)C1(F)CCCC1c1ccc(Cl)cc1 1 c1ccc(C2CCCC2)cc1 0.1650000 0.1650 0.3144141 0.3144 0.3333333 0.3333 0.7565678 0.7566 0.0000000 0.0000 1.0000000 256.7040 0.5517487 3.2555 1.0000000 1.0000 0.6666666666666667 1.0 0.37118054905934933 []
 | 41.0226 44.7867 9.0883 0.4208986 CCC(=O)Nc1nnc([C@@H]2C[C@@H](O)C[C@@H](c3cccc(OC)c3OC)O2)s1 1 c1ccc(C2CCCC(c3nncs3)O2)cc1 0.1500000 0.1500 0.3004698 0.3005 0.3333333 0.3333 0.7616343 0.7616 1.0000000 1.0000 1.0000000 393.4650 0.5555027 3.5796 1.0000000 1.0000 0.6666666666666667 1.0 0.3570714214271425 []
20:54:35 <INFO> Score: 0.30 Agent NLL: 29.55 Valid: 100% Step: 28
 | Agent Prior Target Score SMILES SMILES_state Scaffold predicted_activity predicted_activity (raw) training_similarity training_similarity (raw) taf_consistency taf_consistency (raw) novelty novelty (raw) stereo_validity stereo_validity (raw) MW_window MW_window (raw) synthetic_feasibility synthetic_feasibility (raw) curated alerts filter curated alerts filter (raw) taf_disrupted (predicted_activity) scaffold_novelty (predicted_activity) uncertainty (predicted_activity) matchting_patterns (curated alerts filter)
 | 23.5666 25.3372 39.4912 0.5064723 N#Cc1ccccc1NC(=O)c1ccc(S(=O)(=O)N2CCOCC2)cc1 1 O=C(Nc1ccccc1)c1ccc(S(=O)(=O)N2CCOCC2)cc1 0.2950000 0.2950 0.2273315 0.2273 0.6666667 0.6667 0.7794356 0.7794 1.0000000 1.0000 1.0000000 371.4180 0.5219488 1.9538 1.0000000 1.0000 0.33333333333333337 1.0 0.4560427611529428 []
 | 35.3331 36.9042 35.2690 0.5638527 CNC(=O)NC(=O)[C@@H](OC(=O)[C@H](Cc1ccccc1)NC(=O)c1ccccc1C)C(C)C 1 O=C(NCCc1ccccc1)c1ccccc1 0.3550000 0.3550 0.3254934 0.3255 0.6666667 0.6667 0.6745066 0.6745 1.0000000 1.0000 1.0000000 439.5120 0.5448377 2.9525 1.0000000 1.0000 0.33333333333333337 1.0 0.478513322698543 []
 | 24.9319 26.9732 29.6842 0.4426358 CCc1ccc(CCC(=O)NCc2cccc(CN)c2)cc1 1 O=C(CCc1ccccc1)NCc1ccccc1 0.2400000 0.2400 0.2507061 0.2507 0.3333333 0.3333 0.7567568 0.7568 1.0000000 1.0000 1.0000000 296.4140 0.5170410 1.7404 1.0000000 1.0000 0.6666666666666667 1.0 0.4270831300812525 []
 | 32.5032 33.3699 23.3544 0.4431586 O=C(Nn1nnc2ccccc21)c1cc(-c2ccccc2)nn1-c1ccc(F)cc1 1 O=C(Nn1nnc2ccccc21)c1cc(-c2ccccc2)nn1-c1ccccc1 0.2800000 0.2800 0.2113701 0.2114 0.3333333 0.3333 0.7886299 0.7886 1.0000000 1.0000 1.0000000 398.4010 0.5319037 2.3874 1.0000000 1.0000 0.6666666666666667 1.0 0.44899888641287294 []
 | 30.1617 30.3344 26.3551 0.4428869 CC(=O)Nc1ccc(NC(=O)Cc2cccs2)c(S(N)(=O)=O)c1 1 O=C(Cc1cccs1)Nc1ccccc1 0.2600000 0.2600 0.2273315 0.2273 0.3333333 0.3333 0.8039428 0.8039 1.0000000 1.0000 1.0000000 353.4250 0.5259765 2.1292 1.0000000 1.0000 0.6666666666666667 1.0 0.4386342439892262 []
 | 32.0032 31.7425 -31.2151 0.0041202 COc1cccc(CN2CCCCC2c2ccc(F)cc2F)n1 1 c1ccc(C2CCCCN2Cc2ccccn2)cc1 0.1550000 0.1550 0.2737928 0.2738 0.0000000 0.0000 0.8060855 0.8061 0.0000000 0.0000 1.0000000 318.3670 0.5384250 2.6721 1.0000000 1.0000 1.0 1.0 0.36190468358395134 []
 | 34.7453 35.3466 -25.4592 0.0772452 N#Cc1ncn(C2OC(COP(=O)(O)OP(=O)(O)O)C(O)C2O)c1N 1 c1cn(C2CCCO2)cn1 0.1800000 0.1800 0.3045724 0.3046 0.6666667 0.6667 0.7651443 0.7651 0.0000000 0.0000 1.0000000 400.1770 0.5358399 4.4408 1.0000000 1.0000 0.33333333333333337 1.0 0.38418745424597095 []
 | 30.9641 31.9186 29.0566 0.4763688 CC(C)(C)OC(=O)N[C@]1(C(=O)O)CC1C(=O)Nc1ccccc1 1 O=C(Nc1ccccc1)C1CC1 0.2200000 0.2200 0.3134578 0.3135 0.6666667 0.6667 0.7400624 0.7401 0.5000000 0.5000 1.0000000 320.3450 0.5461321 3.0092 1.0000000 1.0000 0.33333333333333337 1.0 0.4142463035441596 []
 | 31.8583 32.8050 22.9345 0.4354647 O=C(Cc1cc2ccccc2o1)NC(=O)Nc1ccc(C(F)(F)F)cc1 1 O=C(Cc1cc2ccccc2o1)NC(=O)Nc1ccccc1 0.2450000 0.2450 0.2230567 0.2231 0.3333333 0.3333 0.7769433 0.7769 1.0000000 1.0000 1.0000000 362.3070 0.5267508 2.1629 1.0000000 1.0000 0.6666666666666667 1.0 0.43008720046055776 []
 | 46.3592 44.3389 -41.3711 0.0231857 Cc1nc(/C=N/c2n[nH]c(C)c2C)nc(N2CCC2)c1C 1 C(=Nc1cc[nH]n1)c1nccc(N2CCC2)n1 0.1800000 0.1800 0.1282051 0.1282 0.0000000 0.0000 0.9122942 0.9123 1.0000000 1.0000 1.0000000 284.3670 0.5518175 3.2585 1.0000000 1.0000 1.0 1.0 0.38418745424597095 []
20:54:35 <INFO> Sampled SMILES O(c1cc(c2n(c([nH]n2)=O)c1)=O)c1ccc(NC(=O)Nc2ccc(c(c2)Cl)F)cc1 failed to sanitize.
20:54:39 <INFO> Score: 0.32 Agent NLL: 30.10 Valid:  98% Step: 29
 | Agent Prior Target Score SMILES SMILES_state Scaffold predicted_activity predicted_activity (raw) training_similarity training_similarity (raw) taf_consistency taf_consistency (raw) novelty novelty (raw) stereo_validity stereo_validity (raw) MW_window MW_window (raw) synthetic_feasibility synthetic_feasibility (raw) curated alerts filter curated alerts filter (raw) taf_disrupted (predicted_activity) scaffold_novelty (predicted_activity) uncertainty (predicted_activity) matchting_patterns (curated alerts filter)
 | 23.2526 26.0814 33.9929 0.4693309 N#Cc1ccc(NC(=O)Cn2cccc2C=O)cc1 1 O=C(Cn1cccc1)Nc1ccccc1 0.2450000 0.2450 0.1842743 0.1843 0.6666667 0.6667 0.8157257 0.8157 1.0000000 1.0000 1.0000000 253.2610 0.5280293 2.2186 1.0000000 1.0000 0.33333333333333337 1.0 0.4300872004605578 []
 | 36.6706 41.1251 24.4129 0.5120157 CC(C)(C)OC(=O)C[C@@H](NC(=O)OC(C)(C)CN)c1ccccn1 1 c1ccncc1 0.2600000 0.2600 0.2695787 0.2696 0.6666667 0.6667 0.7304213 0.7304 1.0000000 1.0000 1.0000000 337.4200 0.5468042 3.0386 1.0000000 1.0000 0.33333333333333337 1.0 0.4386342439892262 []
 | 26.5752 28.2462 27.4818 0.4353752 CCn1c(S[C@@H](C)C(=O)Nc2ccc(S(=O)(=O)N(C)C)cc2)nnc1-c1ccco1 1 O=C(CSc1nnc(-c2ccco2)[nH]1)Nc1ccccc1 0.2400000 0.2400 0.2238868 0.2239 0.3333333 0.3333 0.7892682 0.7893 1.0000000 1.0000 1.0000000 449.5580 0.5403329 2.7555 1.0000000 1.0000 0.6666666666666667 1.0 0.4270831300812525 []
 | 35.4913 41.4033 13.7159 0.4306194 O=C(Nc1cccc([N+](=O)[O-])c1)c1ccc2cc(OC(=O)c3c(F)cccc3F)ccc2c1 1 O=C(Nc1ccccc1)c1ccc2cc(OC(=O)c3ccccc3)ccc2c1 0.2650000 0.2650 0.1931781 0.1932 0.3333333 0.3333 0.8121154 0.8121 1.0000000 1.0000 1.0000000 448.3810 0.5273212 2.1877 1.0000000 1.0000 0.6666666666666667 1.0 0.4413332074521472 []
 | 24.0399 26.1100 -26.1100 0.0000000 C=C(C)CNC(=O)Nc1ccccc1N 1 c1ccccc1 0.2500000 0.2500 0.2695819 0.2696 0.3333333 0.3333 0.7675047 0.7675 1.0000000 1.0000 1.0000000 205.2610 0.5237531 2.0324 1.0000000 1.0000 0.6666666666666667 1.0 0.4330127018922193 []
 | 22.0492 23.4901 -23.4901 0.0000000 CCOC(=O)/C=C\Nc1ccc(Cl)cc1 1 c1ccccc1 0.1900000 0.1900 0.2484709 0.2485 0.6666667 0.6667 0.7812500 0.7812 1.0000000 1.0000 1.0000000 225.6750 0.5235977 2.0256 1.0000000 1.0000 0.33333333333333337 1.0 0.39230090491866065 []
 | 47.2858 51.2362 18.8055 0.5472009 CCOC(=O)[C@H](C)N1C=C(C(F)(F)F)[C@@H](c2ccccc2)[C@@H](C(=O)NCCOC)C1=O 1 O=C1CC(c2ccccc2)C=CN1 0.3000000 0.3000 0.3307189 0.3307 0.6666667 0.6667 0.6692811 0.6693 1.0000000 1.0000 1.0000000 442.4340 0.5493003 3.8519 1.0000000 1.0000 0.33333333333333337 1.0 0.458257569495584 []
 | 30.2338 32.7687 32.8226 0.5124317 CC[C@H](C(=O)O)N(C)C(=O)c1csc(C#CCCO)c1 1 c1ccsc1 0.2650000 0.2650 0.2608203 0.2608 0.6666667 0.6667 0.7716942 0.7717 1.0000000 1.0000 1.0000000 295.3600 0.5545661 3.3792 1.0000000 1.0000 0.33333333333333337 1.0 0.4413332074521472 []
 | 31.0224 32.3870 -22.3848 0.0781422 COc1ccc(CN(C)C(=O)C(N)CCO)c(O)c1 1 c1ccccc1 0.3200000 0.3200 0.3190081 0.3190 0.3333333 0.3333 0.7175771 0.7176 0.0000000 0.0000 1.0000000 268.3130 0.5395091 2.7194 1.0000000 1.0000 0.6666666666666667 1.0 0.466476151587624 []
 | 34.5250 39.3340 22.1995 0.4807306 CCOc1cc(C(=O)OCc2ccc(-c3ccc(F)c(Br)c3)o2)cc(Br)c1OCC 1 O=C(OCc1ccc(-c2ccccc2)o1)c1ccccc1 0.2100000 0.2100 0.2451452 0.2451 0.6666667 0.6667 0.7548548 0.7549 1.0000000 1.0000 1.0000000 542.1950 0.5325161 2.4141 1.0000000 1.0000 0.33333333333333337 1.0 0.4073082370883261 []
20:54:39 <INFO> Sampled SMILES n1c2c(cccc2C)c2nonc21 failed to sanitize.
20:54:39 <INFO> Sampled SMILES C1C(C=C[C@@]2(C3[C@@H](C[C@]4(O)[C@@]([C@H]31)(C=CC(=O)C=4)C)OC2)C)=O failed to sanitize.
20:54:42 <INFO> Score: 0.29 Agent NLL: 30.68 Valid:  97% Step: 30
 | Agent Prior Target Score SMILES SMILES_state Scaffold predicted_activity predicted_activity (raw) training_similarity training_similarity (raw) taf_consistency taf_consistency (raw) novelty novelty (raw) stereo_validity stereo_validity (raw) MW_window MW_window (raw) synthetic_feasibility synthetic_feasibility (raw) curated alerts filter curated alerts filter (raw) taf_disrupted (predicted_activity) scaffold_novelty (predicted_activity) uncertainty (predicted_activity) matchting_patterns (curated alerts filter)
 | 26.4403 28.3969 -28.3969 0.0000000 CC/C=C(/NC(=O)CC)Nc1ccccc1 1 c1ccccc1 0.2300000 0.2300 0.2784230 0.2784 0.3333333 0.3333 0.7298649 0.7299 1.0000000 1.0000 1.0000000 218.3000 0.5318278 2.3841 1.0000000 1.0000 0.6666666666666667 1.0 0.4208325082500163 []
 | 26.2130 28.1257 35.9557 0.5006360 Cc1cccc(C(=O)OCC(=O)Nc2ccc(C#N)cc2Cl)c1 1 O=C(COC(=O)c1ccccc1)Nc1ccccc1 0.2100000 0.2100 0.2166916 0.2167 1.0000000 1.0000 0.8081596 0.8082 1.0000000 1.0000 1.0000000 328.7550 0.5201152 1.8741 1.0000000 1.0000 0.0 1.0 0.4073082370883261 []
 | 35.6175 37.7818 18.7341 0.4415309 Nc1ncnc2c(C(=O)O)c(CO)nc(-c3ccc(Cl)cc3)c12 1 c1ccc(-c2nccc3ncncc23)cc1 0.2550000 0.2550 0.2275896 0.2276 0.3333333 0.3333 0.7743645 0.7744 1.0000000 1.0000 1.0000000 330.7310 0.5370826 2.6134 1.0000000 1.0000 0.6666666666666667 1.0 0.43586121644395015 []
 | 41.2221 43.6930 11.3345 0.4299027 C=C(CC[N+](C)(C)C)OCOC(=O)N(C)Cc1ccc(Oc2ccccc2)cc1 1 c1ccc(Oc2ccccc2)cc1 0.1900000 0.1900 0.2698162 0.2698 0.3333333 0.3333 0.7333676 0.7334 1.0000000 1.0000 1.0000000 399.5110 0.5386714 2.6828 1.0000000 1.0000 0.6666666666666667 1.0 0.39230090491866065 []
 | 26.2357 27.7860 -18.9419 0.0690949 O=C(Nc1nc2ccccc2s1)N1CCCC(CO)C1 1 O=C(Nc1nc2ccccc2s1)N1CCCCC1 0.2200000 0.2200 0.2492224 0.2492 0.3333333 0.3333 0.7576069 0.7576 0.0000000 0.0000 1.0000000 291.3760 0.5346317 2.5064 1.0000000 1.0000 0.6666666666666667 1.0 0.4142463035441596 []
 | 33.6325 33.7880 23.0349 0.4439289 O[C@@H](CN1CCN(Cc2cccc3ccccc23)CC1)[C@@H](O)c1ccc(F)cc1 1 c1ccc(CCCN2CCN(Cc3cccc4ccccc34)CC2)cc1 0.2600000 0.2600 0.2283058 0.2283 0.3333333 0.3333 0.7716942 0.7717 1.0000000 1.0000 1.0000000 394.4900 0.5427120 2.8595 1.0000000 1.0000 0.6666666666666667 1.0 0.4386342439892262 []
 | 26.2177 30.0429 26.1175 0.4387532 Cc1ccc(NC(=O)c2c(C)nn(Cc3ccccc3Cl)c2C)c(C)c1 1 O=C(Nc1ccccc1)c1cnn(Cc2ccccc2)c1 0.2650000 0.2650 0.2144225 0.2144 0.3333333 0.3333 0.7864395 0.7864 1.0000000 1.0000 1.0000000 367.8800 0.5227553 1.9889 1.0000000 1.0000 0.6666666666666667 1.0 0.4413332074521472 []
 | 25.9657 27.2360 -23.4140 0.0298597 Cc1c(-c2ccccc2)c(=O)oc2cccc(O)c12 1 O=c1oc2ccccc2cc1-c1ccccc1 0.2750000 0.2750 0.3234983 0.3235 0.0000000 0.0000 0.6803190 0.6803 1.0000000 1.0000 1.0000000 252.2690 0.5240344 2.0446 1.0000000 1.0000 1.0 1.0 0.44651427748729383 []
 | 32.2861 32.6067 18.5548 0.3996995 CCN1CCC(NC(=O)[C@H](C)NS(=O)(=O)c2cccs2)C1 1 O=C(CNS(=O)(=O)c1cccs1)NC1CCNC1 0.2050000 0.2050 0.2414726 0.2415 0.3333333 0.3333 0.7727157 0.7727 0.5000000 0.5000 1.0000000 331.4630 0.5461465 3.0098 1.0000000 1.0000 0.6666666666666667 1.0 0.403701622488689 []
 | 31.7130 32.7898 22.8884 0.4349861 CN(C)c1cccc(Nc2cnnc(Nc3ccc(Cc4ccccc4)cc3)n2)c1 1 c1ccc(Cc2ccc(Nc3nncc(Nc4ccccc4)n3)cc2)cc1 0.2350000 0.2350 0.2302656 0.2303 0.3333333 0.3333 0.7818462 0.7818 1.0000000 1.0000 1.0000000 396.4980 0.5300364 2.3060 1.0000000 1.0000 0.6666666666666667 1.0 0.4239988207530771 []
20:54:46 <INFO> Score: 0.36 Agent NLL: 30.79 Valid: 100% Step: 31
 | Agent Prior Target Score SMILES SMILES_state Scaffold predicted_activity predicted_activity (raw) training_similarity training_similarity (raw) taf_consistency taf_consistency (raw) novelty novelty (raw) stereo_validity stereo_validity (raw) MW_window MW_window (raw) synthetic_feasibility synthetic_feasibility (raw) curated alerts filter curated alerts filter (raw) taf_disrupted (predicted_activity) scaffold_novelty (predicted_activity) uncertainty (predicted_activity) matchting_patterns (curated alerts filter)
 | 23.2776 22.9093 -22.8319 0.0006051 Cc1c(CCl)cnn1C 1 c1cn[nH]c1 0.1800000 0.1800 0.1583615 0.1584 0.0000000 0.0000 0.8869333 0.8869 1.0000000 1.0000 0.0000000 144.6050 0.5360476 2.5683 1.0000000 1.0000 1.0 1.0 0.38418745424597095 []
 | 25.9008 26.1045 25.7394 0.4050311 CCc1nnsc1C(=O)OCC(=O)c1ccc(Cl)cc1 1 O=C(COC(=O)c1cnns1)c1ccccc1 0.1700000 0.1700 0.2222392 0.2222 0.3333333 0.3333 0.8043441 0.8043 1.0000000 1.0000 1.0000000 310.7620 0.5266978 2.1606 1.0000000 1.0000 0.6666666666666667 1.0 0.375632799419859 []
 | 28.8877 35.1981 30.6844 0.5147069 CC[C@@H](CO)Nc1cc(Br)nc(Nc2ccc(C)c(Cl)c2)n1 1 c1ccc(Nc2ncccn2)cc1 0.2850000 0.2850 0.2492224 0.2492 0.6666667 0.6667 0.7818462 0.7818 1.0000000 1.0000 1.0000000 385.6930 0.5460519 3.0057 1.0000000 1.0000 0.33333333333333337 1.0 0.4514144437210666 []
 | 26.9770 29.2660 36.9276 0.5171376 CCOc1ccc(C(=O)OCC(=O)N[C@@H](COC)c2ccccc2)cc1 1 O=C(COC(=O)c1ccccc1)NCc1ccccc1 0.2300000 0.2300 0.3275692 0.3276 0.6666667 0.6667 0.7059142 0.7059 1.0000000 1.0000 1.0000000 357.4060 0.5299623 2.3028 1.0000000 1.0000 0.33333333333333337 1.0 0.4208325082500163 []
 | 25.1872 25.9690 33.7887 0.4668568 CC(=O)Nc1ccc(NC2=C(c3ccccc3)C(=O)N(CCO)C2=O)cc1 1 O=C1NC(=O)C(c2ccccc2)=C1Nc1ccccc1 0.2750000 0.2750 0.2857953 0.2858 0.3333333 0.3333 0.7175771 0.7176 1.0000000 1.0000 1.0000000 365.3890 0.5273604 2.1894 1.0000000 1.0000 0.6666666666666667 1.0 0.44651427748729383 []
 | 28.2724 31.7521 30.5108 0.4864288 CCn1c(C(=O)NCCCN(C)C)nc2cc(Br)ccc21 1 c1ccc2[nH]cnc2c1 0.2400000 0.2400 0.2243001 0.2243 0.6666667 0.6667 0.8175499 0.8175 1.0000000 1.0000 1.0000000 353.2640 0.5307025 2.3351 1.0000000 1.0000 0.33333333333333337 1.0 0.4270831300812524 []
 | 26.7793 27.7389 36.3309 0.5005454 N#Cc1ncccc1Sc1ccccc1C(N)=O 1 c1ccc(Sc2cccnc2)cc1 0.2700000 0.2700 0.2319927 0.2320 0.6666667 0.6667 0.7776920 0.7777 1.0000000 1.0000 1.0000000 255.3020 0.5323309 2.4061 1.0000000 1.0000 0.33333333333333337 1.0 0.4439594576084623 []
 | 24.0746 26.7040 35.9246 0.4892859 CCOc1ccc(C(=O)Nc2ccc([N+](=O)[O-])cc2C)cc1Br 1 O=C(Nc1ccccc1)c1ccccc1 0.2300000 0.2300 0.2465568 0.2466 0.6666667 0.6667 0.7679302 0.7679 1.0000000 1.0000 1.0000000 379.2100 0.5199416 1.8665 1.0000000 1.0000 0.33333333333333337 1.0 0.4208325082500163 []
 | 34.6778 36.6776 18.5927 0.4317997 COC(=O)c1sc(NC(=O)Nc2cn(C)nc2OC)cc1C 1 O=C(Nc1cn[nH]c1)Nc1cccs1 0.1300000 0.1300 0.2239570 0.2240 0.6666667 0.6667 0.8667496 0.8667 1.0000000 1.0000 1.0000000 324.3620 0.5385122 2.6759 1.0000000 1.0000 0.33333333333333337 1.0 0.33630343441600474 []
 | 27.0551 30.1465 26.0464 0.4390067 CC[C@@H](CCCN)CNC(=O)NCc1ccc2c(c1)OCO2 1 c1ccc2c(c1)OCO2 0.2250000 0.2250 0.2505831 0.2506 0.3333333 0.3333 0.7679302 0.7679 1.0000000 1.0000 1.0000000 307.3940 0.5391485 2.7037 1.0000000 1.0000 0.6666666666666667 1.0 0.41758232721225164 []
20:54:50 <INFO> Score: 0.35 Agent NLL: 30.69 Valid: 100% Step: 32
 | Agent Prior Target Score SMILES SMILES_state Scaffold predicted_activity predicted_activity (raw) training_similarity training_similarity (raw) taf_consistency taf_consistency (raw) novelty novelty (raw) stereo_validity stereo_validity (raw) MW_window MW_window (raw) synthetic_feasibility synthetic_feasibility (raw) curated alerts filter curated alerts filter (raw) taf_disrupted (predicted_activity) scaffold_novelty (predicted_activity) uncertainty (predicted_activity) matchting_patterns (curated alerts filter)
 | 30.0689 30.6235 26.9093 0.4494753 CCN(C(=O)c1csc(NCCc2ccccc2)n1)C1CCCCC1 1 O=C(NC1CCCCC1)c1csc(NCCc2ccccc2)n1 0.2150000 0.2150 0.3019318 0.3019 0.3333333 0.3333 0.7210057 0.7210 1.0000000 1.0000 1.0000000 357.5230 0.5279370 2.2146 1.0000000 1.0000 0.6666666666666667 1.0 0.41082234603292944 []
 | 35.7224 36.9677 18.5881 0.4340302 COc1ccc(CNC(=O)N(Cc2nccn2C(F)F)C[C@H]2CCCO2)cn1 1 O=C(NCc1cccnc1)N(Cc1ncc[nH]1)CC1CCCO1 0.1900000 0.1900 0.2785430 0.2785 0.3333333 0.3333 0.7534015 0.7534 1.0000000 1.0000 1.0000000 395.4100 0.5501626 3.1859 1.0000000 1.0000 0.6666666666666667 1.0 0.39230090491866065 []
 | 27.1042 27.3304 34.0061 0.4791918 Cn1cnnc1CCNC(=O)OCC1c2ccccc2-c2ccccc21 1 O=C(NCCc1nnc[nH]1)OCC1c2ccccc2-c2ccccc21 0.2050000 0.2050 0.2473316 0.2473 0.6666667 0.6667 0.7576069 0.7576 1.0000000 1.0000 1.0000000 348.4060 0.5308788 2.3428 1.0000000 1.0000 0.33333333333333337 1.0 0.403701622488689 []
 | 25.0877 26.5702 31.9597 0.4572652 COc1ccccc1-c1cccc(CO)c1F 1 c1ccc(-c2ccccc2)cc1 0.2100000 0.2100 0.3390317 0.3390 0.3333333 0.3333 0.7298649 0.7299 1.0000000 1.0000 1.0000000 232.2540 0.5186318 1.8095 1.0000000 1.0000 0.6666666666666667 1.0 0.4073082370883261 []
 | 32.7999 35.7876 20.2910 0.4381138 O=C1C[C@@](O)(C=CCCCCCCO)C(=O)N1 1 O=C1CCC(=O)N1 0.2200000 0.2200 0.2484709 0.2485 0.3333333 0.3333 0.7878680 0.7879 1.0000000 1.0000 1.0000000 241.2870 0.5562700 3.5458 1.0000000 1.0000 0.6666666666666667 1.0 0.4142463035441596 []
 | 37.1743 40.9936 14.3675 0.4325082 CCOC(=O)c1ccc(CN(C(=O)c2ccc(F)cc2F)c2cccc([N+](=O)[O-])c2)o1 1 O=C(c1ccccc1)N(Cc1ccco1)c1ccccc1 0.2200000 0.2200 0.2382435 0.2382 0.3333333 0.3333 0.7859708 0.7860 1.0000000 1.0000 1.0000000 430.3630 0.5324607 2.4117 1.0000000 1.0000 0.6666666666666667 1.0 0.4142463035441596 []
 | 32.1134 36.4490 18.4873 0.4291901 Cc1cc(Cn2cc(CNC(=O)c3ccc([N+](=O)[O-])c(C)c3)nn2)no1 1 O=C(NCc1cn(Cc2ccon2)nn1)c1ccccc1 0.2500000 0.2500 0.2003132 0.2003 0.3333333 0.3333 0.8093075 0.8093 1.0000000 1.0000 1.0000000 356.3420 0.5337599 2.4684 1.0000000 1.0000 0.6666666666666667 1.0 0.4330127018922193 []
 | 25.0153 25.0705 -21.6659 0.0265987 O=C(C[C@H]1C=CCC1)N1CCN(c2ccc(F)cc2)CC1 1 O=C(CC1C=CCC1)N1CCN(c2ccccc2)CC1 0.2300000 0.2300 0.2078097 0.2078 0.0000000 0.0000 0.7953531 0.7954 1.0000000 1.0000 1.0000000 288.3660 0.5365222 2.5890 1.0000000 1.0000 1.0 1.0 0.4208325082500163 []
 | 26.4978 30.1027 20.2343 0.3932574 Cc1ccc(C)c([C@@H](C)Nc2cnccn2)c1 1 c1ccc(CNc2cnccn2)cc1 0.2200000 0.2200 0.1449428 0.1449 0.3333333 0.3333 0.8590290 0.8590 1.0000000 1.0000 1.0000000 227.3110 0.5361939 2.5746 1.0000000 1.0000 0.6666666666666667 1.0 0.41424630354415964 []
 | 29.7504 33.6120 23.8149 0.4486473 Cc1cc(C)c(NC(=O)Cn2cc(Cl)cn2)c(C#N)c1 1 O=C(Cn1cccn1)Nc1ccccc1 0.2100000 0.2100 0.1689816 0.1690 0.6666667 0.6667 0.8587355 0.8587 1.0000000 1.0000 1.0000000 288.7380 0.5335009 2.4571 1.0000000 1.0000 0.33333333333333337 1.0 0.40730823708832603 []
20:54:53 <INFO> Score: 0.29 Agent NLL: 30.45 Valid: 100% Step: 33
 | Agent Prior Target Score SMILES SMILES_state Scaffold predicted_activity predicted_activity (raw) training_similarity training_similarity (raw) taf_consistency taf_consistency (raw) novelty novelty (raw) stereo_validity stereo_validity (raw) MW_window MW_window (raw) synthetic_feasibility synthetic_feasibility (raw) curated alerts filter curated alerts filter (raw) taf_disrupted (predicted_activity) scaffold_novelty (predicted_activity) uncertainty (predicted_activity) matchting_patterns (curated alerts filter)
 | 32.5712 39.3877 20.2187 0.4656750 OC[C@@H](O)CC[C@@H]1CCC(CO)(CO)CO1 1 C1CCOCC1 0.2300000 0.2300 0.3339472 0.3339 0.3333333 0.3333 0.6767105 0.6767 1.0000000 1.0000 1.0000000 234.2920 0.5511262 3.7718 1.0000000 1.0000 0.6666666666666667 1.0 0.4208325082500163 []
 | 30.9322 35.5499 28.2306 0.4982854 O=C(COC(=O)c1ccccc1SCc1cccnc1)Nc1nccn1Cc1ccccc1 1 O=C(COC(=O)c1ccccc1SCc1cccnc1)Nc1nccn1Cc1ccccc1 0.2200000 0.2200 0.2830773 0.2831 0.6666667 0.6667 0.7169227 0.7169 1.0000000 1.0000 1.0000000 458.5430 0.5317203 2.3794 1.0000000 1.0000 0.33333333333333337 1.0 0.41424630354415964 []
 | 28.2136 28.1098 24.2552 0.4091017 O=C(O)CCC(=O)N1CCc2cc(Br)sc2C1 1 c1cc2c(s1)CNCC2 0.2200000 0.2200 0.1779150 0.1779 0.3333333 0.3333 0.8356010 0.8356 1.0000000 1.0000 1.0000000 318.1920 0.5341180 2.4840 1.0000000 1.0000 0.6666666666666667 1.0 0.41424630354415964 []
 | 26.3690 29.0052 29.7600 0.4591036 NC/C=C/c1ccc(-c2ccco2)cc1Br 1 c1ccc(-c2ccco2)cc1 0.2400000 0.2400 0.1667310 0.1667 0.6666667 0.6667 0.8332690 0.8333 1.0000000 1.0000 1.0000000 278.1490 0.5346669 2.5080 1.0000000 1.0000 0.33333333333333337 1.0 0.4270831300812524 []
 | 28.7629 29.2022 30.0120 0.4626114 Cc1ccccc1OC[C@@H](C)NCc1cccnc1 1 c1ccc(OCCNCc2cccnc2)cc1 0.2500000 0.2500 0.3000938 0.3001 0.3333333 0.3333 0.7104260 0.7104 1.0000000 1.0000 1.0000000 256.3490 0.5303412 2.3193 1.0000000 1.0000 0.6666666666666667 1.0 0.4330127018922193 []
 | 34.8185 35.0238 -31.7705 0.0254163 CCOCCOc1ccc([C@H]2CCCN2C(=O)CCc2nc(C(C)(C)C)no2)cc1 1 O=C(CCc1ncno1)N1CCCC1c1ccccc1 0.1350000 0.1350 0.2836832 0.2837 0.0000000 0.0000 0.7489605 0.7490 1.0000000 1.0000 1.0000000 415.5340 0.5432560 2.8833 1.0000000 1.0000 1.0 1.0 0.34172357249683555 []
 | 31.8741 35.6419 -26.7067 0.0698061 CCC(C)(c1ccccc1)n1nnnc1C(=O)Nc1cc(Cl)ccc1Cl 1 O=C(Nc1ccccc1)c1nnnn1Cc1ccccc1 0.2400000 0.2400 0.2372321 0.2372 0.3333333 0.3333 0.7675047 0.7675 0.0000000 0.0000 1.0000000 390.2740 0.5464233 3.0220 1.0000000 1.0000 0.6666666666666667 1.0 0.4270831300812525 []
 | 23.8935 23.6059 -23.6059 0.0000000 C=CCCNCc1ccc(O)c(O)c1 1 c1ccccc1 0.2500000 0.2500 0.2511059 0.2511 0.3333333 0.3333 0.7863031 0.7863 1.0000000 1.0000 1.0000000 193.2460 0.5283278 2.2316 1.0000000 1.0000 0.6666666666666667 1.0 0.4330127018922193 []
 | 41.9894 45.5703 16.3038 0.4833911 N#Cc1c(NCC(F)(F)F)cnc2nccc(NC(=O)Cc3c(F)cccc3F)c12 1 O=C(Cc1ccccc1)Nc1ccnc2ncccc12 0.2550000 0.2550 0.2032374 0.2032 0.6666667 0.6667 0.7967626 0.7968 1.0000000 1.0000 1.0000000 421.3290 0.5433920 2.8892 1.0000000 1.0000 0.33333333333333337 1.0 0.43586121644395015 []
 | 38.7138 37.9965 -37.9965 0.0000000 CC[C@H](C)[C@@H](NC(=O)[C@H](Cc1ccccc1)NC(=O)[C@@H](N)CCCNC(N)=O)C(=O)O 1 c1ccccc1 0.3100000 0.3100 0.2762456 0.2762 0.3333333 0.3333 0.7237544 0.7238 1.0000000 1.0000 1.0000000 435.5250 0.5521352 3.2725 1.0000000 1.0000 0.6666666666666667 1.0 0.462493243193887 []
20:54:54 <INFO> Sampled SMILES c1cc2c(sc3c2cc(-c2c4c(ccc2)n(c2c4cccc2)-c2ccccc2)cc3)cc1-c1cccc(/C(=C/C(=C)NC(NC2C3=CC=CCC=3C=CC2)=NCCCN(C)C)c2ccccc2)c1 failed to sanitize.
20:54:57 <INFO> Score: 0.33 Agent NLL: 31.10 Valid:  98% Step: 34
 | Agent Prior Target Score SMILES SMILES_state Scaffold predicted_activity predicted_activity (raw) training_similarity training_similarity (raw) taf_consistency taf_consistency (raw) novelty novelty (raw) stereo_validity stereo_validity (raw) MW_window MW_window (raw) synthetic_feasibility synthetic_feasibility (raw) curated alerts filter curated alerts filter (raw) taf_disrupted (predicted_activity) scaffold_novelty (predicted_activity) uncertainty (predicted_activity) matchting_patterns (curated alerts filter)
 | 22.8036 26.6001 35.5515 0.4855590 NC(=O)N[C@H](CC(=O)NCc1cccnc1)c1ccccc1 1 O=C(CCc1ccccc1)NCc1cccnc1 0.3150000 0.3150 0.3044078 0.3044 0.3333333 0.3333 0.6955922 0.6956 1.0000000 1.0000 1.0000000 298.3460 0.5312997 2.3611 1.0000000 1.0000 0.6666666666666667 1.0 0.46451587701606073 []
 | 40.3714 40.5349 16.8323 0.4481809 CNC(=O)[C@@H]1NC(=O)Cc2nc(-c3ccc(C)cc3)oc(=O)c21 1 O=C1Cc2nc(-c3ccccc3)oc(=O)c2CN1 0.2500000 0.2500 0.2464136 0.2464 0.3333333 0.3333 0.7818462 0.7818 1.0000000 1.0000 1.0000000 313.3130 0.5514038 3.2404 1.0000000 1.0000 0.6666666666666667 1.0 0.4330127018922193 []
 | 29.4919 31.2446 32.5809 0.4986367 CCOC(=O)N1CCC(NC(=O)c2ccccc2S(F)(F)(F)(F)F)CC1 1 O=C(NC1CCNCC1)c1ccccc1 0.2200000 0.2200 0.2803060 0.2803 0.6666667 0.6667 0.7273751 0.7274 1.0000000 1.0000 1.0000000 402.3850 0.5429689 2.8707 1.0000000 1.0000 0.33333333333333337 1.0 0.4142463035441596 []
 | 30.1517 30.8062 -22.3364 0.0661705 CC1CC(C)CC(c2cnc3cccc(Br)c3n2)C1 1 c1ccc2nc(C3CCCCC3)cnc2c1 0.1800000 0.1800 0.2375836 0.2376 0.3333333 0.3333 0.8148360 0.8148 0.0000000 0.0000 1.0000000 319.2460 0.5539018 3.3501 1.0000000 1.0000 0.6666666666666667 1.0 0.38418745424597095 []
 | 31.1741 32.3675 29.0242 0.4796226 CCCCn1nc(C(C)C)cc1NC(=O)c1ccnn1CC 1 O=C(Nc1ccn[nH]1)c1ccn[nH]1 0.2700000 0.2700 0.3312707 0.3313 0.3333333 0.3333 0.7068490 0.7068 1.0000000 1.0000 1.0000000 303.4100 0.5364956 2.5878 1.0000000 1.0000 0.6666666666666667 1.0 0.4439594576084623 []
 | 32.1448 36.4504 -36.2367 0.0016694 CCCCCCCCCCC/C=C/C(O)C(COC1OC(CO)C(O)C(OC(=O)CCCCCCCCCCCCCCCCCCCCCCC)C1O)NC(=O)CCCCCCCCCCC 1 C1CCOCC1 0.0850000 0.0850 0.3125050 0.3125 0.6666667 0.6667 0.7008133 0.7008 0.0000000 0.0000 0.0000000 966.5240 0.5253941 4.8962 1.0000000 1.0000 0.33333333333333337 1.0 0.2788816953476868 []
 | 30.1268 29.6407 16.0144 0.3566804 CNc1ncc(-c2c(C)cc(Cl)cc2F)cn1 1 c1ccc(-c2cncnc2)cc1 0.1600000 0.1600 0.1214353 0.1214 0.3333333 0.3333 0.9047499 0.9047 1.0000000 1.0000 1.0000000 251.6920 0.5328996 2.4309 1.0000000 1.0000 0.6666666666666667 1.0 0.36660605559646714 []
 | 31.7385 32.9495 -22.2994 0.0832042 C#CCC(CNc1ccc(C(=O)O)c(F)c1)NC 1 c1ccccc1 0.3400000 0.3400 0.2310733 0.2311 0.6666667 0.6667 0.7689267 0.7689 0.0000000 0.0000 1.0000000 250.2730 0.5475018 3.0692 1.0000000 1.0000 0.33333333333333337 1.0 0.4737087712930804 []
 | 35.7902 35.2117 -31.7679 0.0269045 O=c1ncnc(Oc2ccc3ccccc3c2)c2[nH]ccc12 1 O=c1ncnc(Oc2ccc3ccccc3c2)c2[nH]ccc12 0.2050000 0.2050 0.2500781 0.2501 0.0000000 0.0000 0.7630758 0.7631 1.0000000 1.0000 1.0000000 289.2940 0.5315735 2.3730 1.0000000 1.0000 1.0 1.0 0.403701622488689 []
 | 30.6505 30.7589 -30.7589 0.0000000 CCCCS(=O)(=O)CCNC(=O)c1ccccc1NC(C)=O 1 c1ccccc1 0.2750000 0.2750 0.3207135 0.3207 0.3333333 0.3333 0.7140686 0.7141 1.0000000 1.0000 1.0000000 326.4180 0.5234407 2.0188 1.0000000 1.0000 0.6666666666666667 1.0 0.44651427748729383 []
20:54:57 <INFO> Sampled SMILES C1(=O)C(=O)C(=c2c(c3=c(c2)cc2sc(-c4ccccc4)nc2c3)=C1O)OC(=O)C failed to sanitize.
20:55:01 <INFO> Score: 0.31 Agent NLL: 29.73 Valid:  98% Step: 35
 | Agent Prior Target Score SMILES SMILES_state Scaffold predicted_activity predicted_activity (raw) training_similarity training_similarity (raw) taf_consistency taf_consistency (raw) novelty novelty (raw) stereo_validity stereo_validity (raw) MW_window MW_window (raw) synthetic_feasibility synthetic_feasibility (raw) curated alerts filter curated alerts filter (raw) taf_disrupted (predicted_activity) scaffold_novelty (predicted_activity) uncertainty (predicted_activity) matchting_patterns (curated alerts filter)
 | 28.5057 28.2504 -18.8595 0.0733667 CC(CNC(=O)NCC(C)(C)C#N)N(C)C 1  0.2200000 0.2200 0.1875000 0.1875 0.6666667 0.6667 0.8125000 0.8125 0.0000000 0.0000 1.0000000 226.3240 0.5520275 3.2677 1.0000000 1.0000 0.33333333333333337 1.0 0.4142463035441596 []
 | 36.0480 37.1367 16.0804 0.4157589 Cc1ccc(-c2nc(-c3ccc(NC(=O)Nc4cccc5ccccc45)cc3)c3ccccc3n2)cc1 1 O=C(Nc1ccc(-c2nc(-c3ccccc3)nc3ccccc23)cc1)Nc1cccc2ccccc12 0.2150000 0.2150 0.2001978 0.2002 0.3333333 0.3333 0.8081596 0.8082 1.0000000 1.0000 1.0000000 480.5710 0.5260350 2.1317 1.0000000 1.0000 0.6666666666666667 1.0 0.41082234603292944 []
 | 31.0847 31.0430 -31.0430 0.0000000 Cc1ccccc1OCCOc1ccccc1/C=N/NC(=O)c1ccc(F)cc1 1 O=C(NN=Cc1ccccc1OCCOc1ccccc1)c1ccccc1 0.0000000 0.0000 0.0000000 0.0000 0.0000000 0.0000 0.0000000 0.0000 0.0000000 0.0000 0.0000000 0.0000 0.0000000 0.0000 0.0000000 0.0000 None None None ['[#7;!n][#7;!n]']
 | 23.1521 25.3627 35.5914 0.4762042 C[C@H](SCc1ccccc1)C(=O)NCCc1ccccc1F 1 O=C(CSCc1ccccc1)NCCc1ccccc1 0.2800000 0.2800 0.3119251 0.3119 0.3333333 0.3333 0.6880749 0.6881 1.0000000 1.0000 1.0000000 317.4290 0.5294863 2.2821 1.0000000 1.0000 0.6666666666666667 1.0 0.44899888641287294 []
 | 33.3983 38.4212 22.0999 0.4728210 CCc1ccc(C(F)(F)F)cc1NC(=O)/C(C#N)=C\NCc1ccccc1Cl 1 O=C(C=CNCc1ccccc1)Nc1ccccc1 0.2400000 0.2400 0.1942572 0.1943 0.6666667 0.6667 0.8057428 0.8057 1.0000000 1.0000 1.0000000 407.8230 0.5358688 2.5604 1.0000000 1.0000 0.33333333333333337 1.0 0.4270831300812525 []
 | 48.7289 46.8949 -46.8949 0.0000000 CSCCN1SC(=Cc2ncccc2C)[N-]C1=O 1 O=C1[N-]C(=Cc2ccccn2)SN1 0.0000000 0.0000 0.0000000 0.0000 0.0000000 0.0000 0.0000000 0.0000 0.0000000 0.0000 0.0000000 0.0000 0.0000000 0.0000 0.0000000 0.0000 None None None ['[#7;!n][S;!$(S(=O)=O)]']
 | 24.5061 28.5576 -28.5576 0.0000000 C=CC[C@@H](CO)NC(=O)c1ccccc1OC 1 c1ccccc1 0.2300000 0.2300 0.4217327 0.4217 0.3333333 0.3333 0.6533025 0.6533 1.0000000 1.0000 1.0000000 235.2830 0.5351522 2.5292 1.0000000 1.0000 0.6666666666666667 1.0 0.4208325082500163 []
 | 23.5458 28.0555 -28.0555 0.0000000 O=C(CNc1ccccc1)NCC(=O)NC(CO)CO 1 c1ccccc1 0.3550000 0.3550 0.3543231 0.3543 0.3333333 0.3333 0.6456769 0.6457 1.0000000 1.0000 1.0000000 281.3120 0.5231995 2.0083 1.0000000 1.0000 0.6666666666666667 1.0 0.4785133226985431 []
 | 25.3458 27.1550 36.4240 0.4967111 C[C@H](OC(=O)c1ccc[nH]1)C(=O)NC(=O)NC1CCCC1 1 O=C(COC(=O)c1ccc[nH]1)NC(=O)NC1CCCC1 0.2350000 0.2350 0.2548645 0.2549 0.6666667 0.6667 0.7743645 0.7744 1.0000000 1.0000 1.0000000 293.3230 0.5400728 2.7441 1.0000000 1.0000 0.33333333333333337 1.0 0.4239988207530771 []
 | 24.8945 26.7016 26.0197 0.4118845 COCCC[C@@]1(CO)CCCN(CC(=O)O)C1 1 C1CCNCC1 0.1650000 0.1650 0.2467838 0.2468 0.3333333 0.3333 0.7705843 0.7706 1.0000000 1.0000 1.0000000 245.3190 0.5455309 2.9829 1.0000000 1.0000 0.6666666666666667 1.0 0.37118054905934933 []
20:55:01 <INFO> Sampled SMILES c1cc(C)ccc1-n1nc2N(CCCC)C(CS[C@H](c3cc(c(c(c3)Br)O)OCC)c2c1=O)=O failed to sanitize.
20:55:04 <INFO> Score: 0.31 Agent NLL: 31.61 Valid:  98% Step: 36
 | Agent Prior Target Score SMILES SMILES_state Scaffold predicted_activity predicted_activity (raw) training_similarity training_similarity (raw) taf_consistency taf_consistency (raw) novelty novelty (raw) stereo_validity stereo_validity (raw) MW_window MW_window (raw) synthetic_feasibility synthetic_feasibility (raw) curated alerts filter curated alerts filter (raw) taf_disrupted (predicted_activity) scaffold_novelty (predicted_activity) uncertainty (predicted_activity) matchting_patterns (curated alerts filter)
 | 24.9186 25.3353 -21.7152 0.0282823 IC(I)=COc1ccccc1 1 c1ccccc1 0.2250000 0.2250 0.2940858 0.2941 0.0000000 0.0000 0.7059142 0.7059 1.0000000 1.0000 1.0000000 371.9430 0.5424225 2.8468 1.0000000 1.0000 1.0 1.0 0.4175823272122517 []
 | 36.2044 36.6280 21.2580 0.4522344 CC(C)NC(=O)N(Cl)Cc1cc(Cl)c2c(c1)OCCO2 1 c1ccc2c(c1)OCCO2 0.2500000 0.2500 0.2610067 0.2610 0.3333333 0.3333 0.7689267 0.7689 1.0000000 1.0000 1.0000000 319.1880 0.5413687 2.8007 1.0000000 1.0000 0.6666666666666667 1.0 0.4330127018922193 []
 | 30.0319 31.4244 -27.9922 0.0268140 COc1ccc2c(C(=O)O)cn(CCOc3ccccc3OC)c2c1 1 c1ccc(OCCn2ccc3ccccc32)cc1 0.1850000 0.1850 0.2771739 0.2772 0.0000000 0.0000 0.7304213 0.7304 1.0000000 1.0000 1.0000000 341.3630 0.5228057 1.9911 1.0000000 1.0000 1.0 1.0 0.3882975663070784 []
 | 29.9559 32.7494 -31.2597 0.0116387 COc1ccc(C(=O)Oc2cc(Br)c3c(c2)O/C(=C\c2ccc(OCc4ccccc4)cc2)C3=O)cc1 1 O=C(Oc1ccc2c(c1)OC(=Cc1ccc(OCc3ccccc3)cc1)C2=O)c1ccccc1 0.2000000 0.2000 0.3885596 0.3886 0.3333333 0.3333 0.6114404 0.6114 1.0000000 1.0000 0.0000000 557.3960 0.5332569 2.4465 1.0000000 1.0000 0.6666666666666667 1.0 0.4 []
 | 31.3210 38.6139 23.7514 0.4872290 C[C@@H](NC(=O)COc1ccc(Cl)cc1Br)NC(=O)Nc1ccc(F)cc1 1 O=C(COc1ccccc1)NCNC(=O)Nc1ccccc1 0.2500000 0.2500 0.2173254 0.2173 0.6666667 0.6667 0.7886299 0.7886 1.0000000 1.0000 1.0000000 444.6880 0.5373126 2.6235 1.0000000 1.0000 0.33333333333333337 1.0 0.4330127018922193 []
 | 23.2839 23.6860 -13.2196 0.0817692 CNC(CCOCCOC)c1ccccc1Br 1 c1ccccc1 0.2550000 0.2550 0.2866184 0.2866 0.6666667 0.6667 0.7462523 0.7463 0.0000000 0.0000 1.0000000 302.2120 0.5380233 2.6545 1.0000000 1.0000 0.33333333333333337 1.0 0.43586121644395015 []
 | 30.8904 33.8617 32.2077 0.5161669 COc1ccccc1[C@H](C#N)N1CCN(C(=O)C(N)=O)CC1 1 c1ccc(CN2CCNCC2)cc1 0.2500000 0.2500 0.2900074 0.2900 0.6666667 0.6667 0.7689267 0.7689 1.0000000 1.0000 1.0000000 302.3340 0.5427441 2.8609 1.0000000 1.0000 0.33333333333333337 1.0 0.4330127018922193 []
 | 24.5919 27.4779 -27.4779 0.0000000 COCC(=O)Nc1ccc(NC(=O)CNCC(F)(F)F)cc1 1 c1ccccc1 0.2000000 0.2000 0.2547719 0.2548 0.3333333 0.3333 0.8026406 0.8026 1.0000000 1.0000 1.0000000 319.2830 0.5234060 2.0173 1.0000000 1.0000 0.6666666666666667 1.0 0.4000000000000001 []
 | 27.8598 30.0774 24.9194 0.4296628 COC(=O)c1ccccc1CSc1nnc(COc2ccccc2OC)n1-c1ccccc1 1 c1ccc(CSc2nnc(COc3ccccc3)n2-c2ccccc2)cc1 0.1750000 0.1750 0.2960685 0.2961 0.3333333 0.3333 0.7264236 0.7264 1.0000000 1.0000 1.0000000 461.5430 0.5264232 2.1486 1.0000000 1.0000 0.6666666666666667 1.0 0.3799671038392666 []
 | 28.5311 32.6616 -32.6616 0.0000000 CC(=O)N(CCc1ccccc1)NC(=O)COc1ccccc1C#N 1 O=C(COc1ccccc1)NNCCc1ccccc1 0.0000000 0.0000 0.0000000 0.0000 0.0000000 0.0000 0.0000000 0.0000 0.0000000 0.0000 0.0000000 0.0000 0.0000000 0.0000 0.0000000 0.0000 None None None ['[#7;!n][#7;!n]']
20:55:08 <INFO> Score: 0.35 Agent NLL: 30.08 Valid: 100% Step: 37
 | Agent Prior Target Score SMILES SMILES_state Scaffold predicted_activity predicted_activity (raw) training_similarity training_similarity (raw) taf_consistency taf_consistency (raw) novelty novelty (raw) stereo_validity stereo_validity (raw) MW_window MW_window (raw) synthetic_feasibility synthetic_feasibility (raw) curated alerts filter curated alerts filter (raw) taf_disrupted (predicted_activity) scaffold_novelty (predicted_activity) uncertainty (predicted_activity) matchting_patterns (curated alerts filter)
 | 28.2478 31.1310 29.9614 0.4772838 COc1ccc(C[C@H](NC(=O)c2ccc(F)cc2)C(=O)NCc2cccnc2)cc1 1 O=C(NC(Cc1ccccc1)C(=O)NCc1cccnc1)c1ccccc1 0.2850000 0.2850 0.3060866 0.3061 0.3333333 0.3333 0.7290168 0.7290 1.0000000 1.0000 1.0000000 407.4450 0.5305022 2.3263 1.0000000 1.0000 0.6666666666666667 1.0 0.4514144437210666 []
 | 22.4373 24.2493 -24.2493 0.0000000 CC(C)(C)OC(=O)Nc1c(F)cc(C#N)cc1F 1 c1ccccc1 0.2050000 0.2050 0.1951231 0.1951 1.0000000 1.0000 0.8368818 0.8369 1.0000000 1.0000 1.0000000 254.2360 0.5287284 2.2490 1.0000000 1.0000 0.0 1.0 0.403701622488689 []
 | 28.2067 31.4687 20.5511 0.4064041 COc1ccc(NCCNC(=O)CC[C@@H]2CCCO2)cc1OC 1 O=C(CCC1CCCO1)NCCNc1ccccc1 0.1300000 0.1300 0.2948309 0.2948 0.3333333 0.3333 0.7864395 0.7864 1.0000000 1.0000 1.0000000 322.4050 0.5341656 2.4861 1.0000000 1.0000 0.6666666666666667 1.0 0.33630343441600474 []
 | 42.1866 44.9862 8.0523 0.4143638 O=C(CCn1c(Cl)nc2ccccc21)OCc1nnnn1-c1ccc(F)c(F)c1 1 O=C(CCn1cnc2ccccc21)OCc1nnnn1-c1ccccc1 0.1900000 0.1900 0.2221882 0.2222 0.3333333 0.3333 0.7822482 0.7822 1.0000000 1.0000 1.0000000 418.7910 0.5357037 2.5532 1.0000000 1.0000 0.6666666666666667 1.0 0.39230090491866065 []
 | 28.1656 30.9503 24.6142 0.4340974 CC[C@@H](C)NC(=O)[C@H](C)N(Cc1ccccc1C)C(=O)CCCN(c1ccccc1F)S(C)(=O)=O 1 O=C(CCCNc1ccccc1)NCc1ccccc1 0.2350000 0.2350 0.2219484 0.2219 0.3333333 0.3333 0.8057202 0.8057 1.0000000 1.0000 1.0000000 505.6560 0.5522708 3.2784 1.0000000 1.0000 0.6666666666666667 1.0 0.4239988207530771 []
 | 26.7176 25.7565 -25.7565 0.0000000 CCOC(=O)Cc1c(C#N)cc(Cl)nc1C(F)F 1 c1ccncc1 0.2800000 0.2800 0.2639818 0.2640 0.6666667 0.6667 0.7515291 0.7515 1.0000000 1.0000 1.0000000 274.6540 0.5447551 2.9489 1.0000000 1.0000 0.33333333333333337 1.0 0.44899888641287294 []
 | 29.8477 31.6433 24.1725 0.4360613 Cc1ccc(Nc2nc(Nc3cccc4cccnc34)ncc2Br)cc1 1 c1ccc(Nc2ccnc(Nc3cccc4cccnc34)n2)cc1 0.1850000 0.1850 0.1667139 0.1667 0.6666667 0.6667 0.8746469 0.8746 1.0000000 1.0000 1.0000000 406.2870 0.5274745 2.1944 1.0000000 1.0000 0.33333333333333337 1.0 0.38829756630707846 []
 | 27.7605 28.1870 -28.1870 0.0000000 CCCCN(/C=N\N(c1ccccc1)c1ccccc1)CCCC 1 c1ccc(Nc2ccccc2)cc1 0.0000000 0.0000 0.0000000 0.0000 0.0000000 0.0000 0.0000000 0.0000 0.0000000 0.0000 0.0000000 0.0000 0.0000000 0.0000 0.0000000 0.0000 None None None ['[#7;!n][#7;!n]']
 | 40.9620 40.6865 16.2975 0.4451876 CCOC(=O)c1ccc(N2C(=O)C3=C(CCCC3)[C@@](C)(c3ccccc3)C2=O)cc1 1 O=C1C2=C(CCCC2)C(c2ccccc2)C(=O)N1c1ccccc1 0.1850000 0.1850 0.3267826 0.3268 0.3333333 0.3333 0.7416587 0.7417 1.0000000 1.0000 1.0000000 403.4780 0.5468667 3.0414 1.0000000 1.0000 0.6666666666666667 1.0 0.3882975663070784 []
 | 30.2912 28.5573 27.9381 0.4413706 COc1cc(C(=O)NCCNC(=O)c2ccc(F)cc2)ccc1OCC(F)(F)F 1 O=C(NCCNC(=O)c1ccccc1)c1ccccc1 0.2050000 0.2050 0.2865341 0.2865 0.3333333 0.3333 0.7716942 0.7717 1.0000000 1.0000 1.0000000 414.3550 0.5231057 2.0042 1.0000000 1.0000 0.6666666666666667 1.0 0.40370162248868907 []
20:55:08 <INFO> Sampled SMILES c1(Br)ccc([C@H](Cc2nnc([C@H](C)SCC)o2)O)c1 failed to sanitize.
20:55:12 <INFO> Score: 0.33 Agent NLL: 29.81 Valid:  98% Step: 38
 | Agent Prior Target Score SMILES SMILES_state Scaffold predicted_activity predicted_activity (raw) training_similarity training_similarity (raw) taf_consistency taf_consistency (raw) novelty novelty (raw) stereo_validity stereo_validity (raw) MW_window MW_window (raw) synthetic_feasibility synthetic_feasibility (raw) curated alerts filter curated alerts filter (raw) taf_disrupted (predicted_activity) scaffold_novelty (predicted_activity) uncertainty (predicted_activity) matchting_patterns (curated alerts filter)
 | 34.2609 33.6413 -30.2688 0.0263478 O=C(O)c1ccc2c(=O)n(Cc3cc(F)ccc3F)sc2c1 1 O=c1c2ccccc2sn1Cc1ccccc1 0.2250000 0.2250 0.2029385 0.2029 0.0000000 0.0000 0.7970615 0.7971 1.0000000 1.0000 1.0000000 321.3040 0.5342590 2.4902 1.0000000 1.0000 1.0 1.0 0.4175823272122517 []
 | 30.3610 32.5075 15.9079 0.3782457 CC(C)NC1(c2noc([C@@H](C)N)n2)CCC1 1 c1nc(C2CCC2)no1 0.1100000 0.1100 0.2371708 0.2372 0.3333333 0.3333 0.8063508 0.8064 1.0000000 1.0000 1.0000000 224.3080 0.5566946 3.5272 1.0000000 1.0000 0.6666666666666667 1.0 0.31288975694324034 []
 | 31.6740 34.2320 22.0628 0.4398029 COCCn1nc(C(=O)NCCCOc2ccc(Cl)cc2C(C)(C)C)ccc1=O 1 O=C(NCCCOc1ccccc1)c1ccc(=O)[nH]n1 0.2100000 0.2100 0.2735054 0.2735 0.3333333 0.3333 0.7616343 0.7616 1.0000000 1.0000 1.0000000 421.9250 0.5307696 2.3380 1.0000000 1.0000 0.6666666666666667 1.0 0.40730823708832603 []
 | 30.6751 35.9146 30.1716 0.5162988 CCOC(=O)c1cc(NC(=O)c2noc(C)c2COc2ccccc2)ncc1Cl 1 O=C(Nc1ccccn1)c1nocc1COc1ccccc1 0.2300000 0.2300 0.3260556 0.3261 0.6666667 0.6667 0.6924377 0.6924 1.0000000 1.0000 1.0000000 415.8330 0.5303542 2.3199 1.0000000 1.0000 0.33333333333333337 1.0 0.4208325082500163 []
 | 41.3139 45.4755 10.2203 0.4351240 CCCN(CC)C[C@]1(O)CCCN(c2nc(-c3cccnc3)cc3ccccc23)C1 1 c1cncc(-c2cc3ccccc3c(N3CCCCC3)n2)c1 0.1900000 0.1900 0.2822672 0.2823 0.3333333 0.3333 0.7580567 0.7581 1.0000000 1.0000 1.0000000 404.5580 0.5480445 3.0930 1.0000000 1.0000 0.6666666666666667 1.0 0.39230090491866065 []
 | 26.6437 29.8929 -29.8929 0.0000000 CCN(CCC#N)c1ccc(Br)c(CNCCOC)n1 1 c1ccncc1 0.2300000 0.2300 0.1993779 0.1994 0.6666667 0.6667 0.8175499 0.8175 1.0000000 1.0000 1.0000000 341.2530 0.5406445 2.7691 1.0000000 1.0000 0.33333333333333337 1.0 0.4208325082500163 []
 | 23.6313 23.4879 -14.4786 0.0703849 CCc1ccc(C(NC)c2ccc(F)cc2)cc1 1 c1ccc(Cc2ccccc2)cc1 0.2600000 0.2600 0.2320477 0.2320 0.3333333 0.3333 0.7743110 0.7743 0.0000000 0.0000 1.0000000 243.3250 0.5266507 2.1585 1.0000000 1.0000 0.6666666666666667 1.0 0.43863424398922624 []
 | 24.7591 26.2940 -26.2940 0.0000000 CCOC(=O)C#CCCC(=O)Nc1ccccc1 1 c1ccccc1 0.2550000 0.2550 0.2795807 0.2796 1.0000000 1.0000 0.7260017 0.7260 1.0000000 1.0000 1.0000000 245.2780 0.5267684 2.1636 1.0000000 1.0000 0.0 1.0 0.43586121644395015 []
 | 26.9315 28.5183 -28.5183 0.0000000 CC/C=C\C/C=C\C/C=C\C/C=C\CCC(=O)N[C@@H](CO)[C@H](O)/C=C/CCCCCCCCCCC 1  0.2150000 0.2150 0.3351005 0.3351 0.3333333 0.3333 0.6765017 0.6765 1.0000000 1.0000 1.0000000 501.7960 0.5489381 3.8678 1.0000000 1.0000 0.6666666666666667 1.0 0.41082234603292944 []
 | 22.2073 25.7815 36.6736 0.4879306 COc1cccc(CN(C)CC(=O)Nc2ccc(C#N)cc2)c1 1 O=C(CNCc1ccccc1)Nc1ccccc1 0.2050000 0.2050 0.2737928 0.2738 0.6666667 0.6667 0.7576069 0.7576 1.0000000 1.0000 1.0000000 309.3690 0.5190353 1.8271 1.0000000 1.0000 0.33333333333333337 1.0 0.40370162248868907 []
20:55:16 <INFO> Score: 0.31 Agent NLL: 31.50 Valid: 100% Step: 39
 | Agent Prior Target Score SMILES SMILES_state Scaffold predicted_activity predicted_activity (raw) training_similarity training_similarity (raw) taf_consistency taf_consistency (raw) novelty novelty (raw) stereo_validity stereo_validity (raw) MW_window MW_window (raw) synthetic_feasibility synthetic_feasibility (raw) curated alerts filter curated alerts filter (raw) taf_disrupted (predicted_activity) scaffold_novelty (predicted_activity) uncertainty (predicted_activity) matchting_patterns (curated alerts filter)
 | 24.6962 27.0987 42.6641 0.5450219 O=C(Nc1ccc(I)cc1[N+](=O)[O-])OCc1ccccc1 1 O=C(Nc1ccccc1)OCc1ccccc1 0.2800000 0.2800 0.3594473 0.3594 0.6666667 0.6667 0.6405527 0.6406 1.0000000 1.0000 1.0000000 398.1560 0.5220077 1.9564 1.0000000 1.0000 0.33333333333333337 1.0 0.44899888641287294 []
 | 32.4240 33.6595 24.0523 0.4508732 O=C(Nc1ccccc1-c1ccccc1)[C@@H]1CN(S(=O)(=O)c2cccnc2)CCO1 1 O=C(Nc1ccccc1-c1ccccc1)C1CN(S(=O)(=O)c2cccnc2)CCO1 0.2600000 0.2600 0.2490291 0.2490 0.3333333 0.3333 0.7539095 0.7539 1.0000000 1.0000 1.0000000 423.4940 0.5377291 2.6417 1.0000000 1.0000 0.6666666666666667 1.0 0.4386342439892262 []
 | 32.4144 30.6617 -27.2140 0.0269353 CN(Cc1ccccc1Cl)c1ccc2[nH]cnc2c1 1 c1ccc(CNc2ccc3[nH]cnc3c2)cc1 0.2550000 0.2550 0.2000625 0.2001 0.0000000 0.0000 0.8157257 0.8157 1.0000000 1.0000 1.0000000 271.7510 0.5286825 2.2470 1.0000000 1.0000 1.0 1.0 0.43586121644395015 []
 | 48.3871 49.8114 -49.8114 0.0000000 CN1[C@@H](COCc2ccccc2)COC12COCc1cc(C#N)ccc1OC2 1 c1ccc(COCC2COC3(COCc4ccccc4OC3)N2)cc1 0.0000000 0.0000 0.0000000 0.0000 0.0000000 0.0000 0.0000000 0.0000 0.0000000 0.0000 0.0000000 0.0000 0.0000000 0.0000 0.0000000 0.0000 None None None ['[*;r{8-17}]']
 | 31.5134 30.1026 24.8813 0.4295618 O=C(O)c1cc(Br)ccc1N1CCC2(CCOCC2)CC1 1 c1ccc(N2CCC3(CCOCC3)CC2)cc1 0.2250000 0.2250 0.2226468 0.2226 0.3333333 0.3333 0.7926779 0.7927 1.0000000 1.0000 1.0000000 354.2440 0.5425177 2.8510 1.0000000 1.0000 0.6666666666666667 1.0 0.41758232721225164 []
 | 43.9283 50.1181 6.7404 0.4442069 CCOC(=O)c1c(C)nc(C(=O)OCC(=O)Nc2cc(Cl)ccc2F)c(Cc2ccc(Cl)cc2)c1C 1 O=C(COC(=O)c1ncccc1Cc1ccccc1)Nc1ccccc1 0.1650000 0.1650 0.2068572 0.2069 0.6666667 0.6667 0.8126828 0.8127 1.0000000 1.0000 1.0000000 533.3830 0.5337296 2.4671 1.0000000 1.0000 0.33333333333333337 1.0 0.3711805490593493 []
 | 25.8555 27.6400 -27.6400 0.0000000 C=CCNC(N)=NCc1ccccc1CN(C)C(=O)OC(C)(C)C 1 c1ccccc1 0.1750000 0.1750 0.2505831 0.2506 0.6666667 0.6667 0.7841795 0.7842 1.0000000 1.0000 1.0000000 332.4480 0.5374339 2.6288 1.0000000 1.0000 0.33333333333333337 1.0 0.3799671038392666 []
 | 27.7902 30.2620 35.8898 0.5168108 CCOC(=O)c1ccc(NC(=O)/C(C#N)=C/c2ccc(OCc3ccc(Br)cc3)c(OCC)c2)cc1 1 O=C(C=Cc1ccc(OCc2ccccc2)cc1)Nc1ccccc1 0.2100000 0.2100 0.2559372 0.2559 1.0000000 1.0000 0.7453142 0.7453 1.0000000 1.0000 1.0000000 549.4210 0.5292666 2.2725 1.0000000 1.0000 0.0 1.0 0.4073082370883261 []
 | 27.0383 31.1290 27.3317 0.4567243 CCN(C)c1cc(Nc2ccc(C(=O)NCc3ccco3)cc2)ncn1 1 O=C(NCc1ccco1)c1ccc(Nc2ccncn2)cc1 0.2700000 0.2700 0.2578440 0.2578 0.3333333 0.3333 0.7492216 0.7492 1.0000000 1.0000 1.0000000 351.4100 0.5304561 2.3243 1.0000000 1.0000 0.6666666666666667 1.0 0.4439594576084623 []
 | 34.4049 37.3034 21.9019 0.4625410 CSc1nc(NC(=O)c2cc3ccccc3cc2O)n(C(C)=O)n1 1 O=C(Nc1ncn[nH]1)c1ccc2ccccc2c1 0.2800000 0.2800 0.2619790 0.2620 0.3333333 0.3333 0.7689267 0.7689 1.0000000 1.0000 1.0000000 342.3800 0.5366532 2.5947 1.0000000 1.0000 0.6666666666666667 1.0 0.44899888641287294 []
20:55:20 <INFO> Score: 0.31 Agent NLL: 30.83 Valid: 100% Step: 40
 | Agent Prior Target Score SMILES SMILES_state Scaffold predicted_activity predicted_activity (raw) training_similarity training_similarity (raw) taf_consistency taf_consistency (raw) novelty novelty (raw) stereo_validity stereo_validity (raw) MW_window MW_window (raw) synthetic_feasibility synthetic_feasibility (raw) curated alerts filter curated alerts filter (raw) taf_disrupted (predicted_activity) scaffold_novelty (predicted_activity) uncertainty (predicted_activity) matchting_patterns (curated alerts filter)
 | 37.0988 45.6632 -35.3402 0.0806491 CCOC(=O)CN1C(=O)NC(=Cc2ccccc2OCC(=O)Nc2ccc(C)c(Br)c2)C(C)C1=O 1 O=C1CC(=Cc2ccccc2OCC(=O)Nc2ccccc2)NC(=O)N1 0.1850000 0.1850 0.2627979 0.2628 1.0000000 1.0000 0.7571666 0.7572 0.0000000 0.0000 1.0000000 544.4020 0.5504680 3.1993 1.0000000 1.0000 0.0 1.0 0.38829756630707846 []
 | 31.8435 31.5505 21.0862 0.4112235 Cc1cc(NC(=O)CSc2nnc(-c3ccc(F)cc3F)n2C2CC2)no1 1 O=C(CSc1nnc(-c2ccccc2)n1C1CC1)Nc1ccon1 0.1700000 0.1700 0.2384552 0.2385 0.3333333 0.3333 0.8048200 0.8048 1.0000000 1.0000 1.0000000 391.4030 0.5323318 2.4061 1.0000000 1.0000 0.6666666666666667 1.0 0.375632799419859 []
 | 45.3854 49.6132 -45.9177 0.0288711 C[C@H]1CCC[C@H](O[C@@H](C(=O)O)c2cccc(-c3ccc(CCO[C@H](C)c4ccccc4)cc3)c2)C1 1 c1ccc(COCCc2ccc(-c3cccc(COC4CCCCC4)c3)cc2)cc1 0.2550000 0.2550 0.2830773 0.2831 0.0000000 0.0000 0.7169227 0.7169 1.0000000 1.0000 1.0000000 472.6250 0.5566103 3.5309 1.0000000 1.0000 1.0 1.0 0.43586121644395015 []
 | 25.9313 31.8841 -31.8841 0.0000000 O=C(Nc1ccc(F)c(I)c1)OCCOCCO 1 c1ccccc1 0.2350000 0.2350 0.2193634 0.2194 0.6666667 0.6667 0.7866477 0.7866 1.0000000 1.0000 1.0000000 369.1300 0.5294301 2.2796 1.0000000 1.0000 0.33333333333333337 1.0 0.4239988207530771 []
 | 25.4410 26.9037 35.8723 0.4904378 N#Cc1cccc(NC(=O)c2ccc(I)c(Br)c2)c1 1 O=C(Nc1ccccc1)c1ccccc1 0.3000000 0.3000 0.1884223 0.1884 0.6666667 0.6667 0.8115777 0.8116 1.0000000 1.0000 1.0000000 427.0390 0.5240177 2.0439 1.0000000 1.0000 0.33333333333333337 1.0 0.45825756949558394 []
 | 26.0018 29.2115 -25.9169 0.0257393 Cc1nn(-c2ccccc2)cc1/C=N\n1cnc2ccccc21 1 C(=Nn1cnc2ccccc21)c1cnn(-c2ccccc2)c1 0.2050000 0.2050 0.1975459 0.1975 0.0000000 0.0000 0.8180437 0.8180 1.0000000 1.0000 1.0000000 301.3530 0.5321285 2.3972 1.0000000 1.0000 1.0 1.0 0.403701622488689 []
 | 27.6029 28.8763 27.3092 0.4389493 Cn1ccnc1N1CC=C(CO)C1 1 C1=CCN(c2ncc[nH]2)C1 0.2500000 0.2500 0.2208630 0.2209 0.3333333 0.3333 0.8067448 0.8067 1.0000000 1.0000 1.0000000 179.2230 0.5504494 3.1985 1.0000000 1.0000 0.6666666666666667 1.0 0.4330127018922193 []
 | 22.0865 23.0760 -19.6787 0.0265410 c1ccc(-c2cccc(-c3nc(-c4ccccc4)nc(-c4ccccc4)n3)c2)cc1 1 c1ccc(-c2cccc(-c3nc(-c4ccccc4)nc(-c4ccccc4)n3)c2)cc1 0.2200000 0.2200 0.2205644 0.2206 0.0000000 0.0000 0.7794356 0.7794 1.0000000 1.0000 1.0000000 385.4700 0.5135104 1.5869 1.0000000 1.0000 1.0 1.0 0.41424630354415964 []
 | 32.3277 34.0724 21.9260 0.4374876 Cc1cccc(C(=O)Nc2ccc(/C(Cl)=C/c3ccco3)nc2)c1 1 O=C(Nc1ccc(C=Cc2ccco2)nc1)c1ccccc1 0.2350000 0.2350 0.2363516 0.2364 0.3333333 0.3333 0.7907543 0.7908 1.0000000 1.0000 1.0000000 338.7940 0.5303735 2.3207 1.0000000 1.0000 0.6666666666666667 1.0 0.4239988207530771 []
 | 29.1157 29.7768 26.6150 0.4405616 C=CCOCCn1cnc2c(Br)cccc2c1=O 1 O=c1[nH]cnc2ccccc12 0.1700000 0.1700 0.3390663 0.3391 0.3333333 0.3333 0.7716942 0.7717 1.0000000 1.0000 1.0000000 309.1630 0.5333530 2.4507 1.0000000 1.0000 0.6666666666666667 1.0 0.375632799419859 []
20:55:20 <INFO> Sampled SMILES O=c1c(csc(N/N=C\c2cc(OC)c(c(OC)c2)OC)[nH]1)=O failed to sanitize.
20:55:20 <INFO> Sampled SMILES C(OCc1ccccc1)(c1c(cncc1)NC(=O)c1ccc(c(S(=O)(=O)NC1CC)C)c1CCCC1)=O failed to sanitize.
20:55:20 <INFO> Sampled SMILES C(C1(C(N(CC(=O)Nc2c(Br)cccc2)C(N1)=O)=O)=O)Cc1ccccc1 failed to sanitize.
20:55:20 <INFO> Sampled SMILES c1(OC)cc(ccc1C(=O)N[C@H](C(OCc1c(F)cccc1)=O)(C)C)OC failed to sanitize.
20:55:24 <INFO> Score: 0.34 Agent NLL: 31.59 Valid:  94% Step: 41
 | Agent Prior Target Score SMILES SMILES_state Scaffold predicted_activity predicted_activity (raw) training_similarity training_similarity (raw) taf_consistency taf_consistency (raw) novelty novelty (raw) stereo_validity stereo_validity (raw) MW_window MW_window (raw) synthetic_feasibility synthetic_feasibility (raw) curated alerts filter curated alerts filter (raw) taf_disrupted (predicted_activity) scaffold_novelty (predicted_activity) uncertainty (predicted_activity) matchting_patterns (curated alerts filter)
 | 32.9730 35.4247 28.0531 0.4959201 COC(=O)[C@H](C/C=C/c1ccccc1)Sc1nnc(N)n1C 1 C(=Cc1ccccc1)CCSc1nnc[nH]1 0.2200000 0.2200 0.2708645 0.2709 0.6666667 0.6667 0.7362194 0.7362 1.0000000 1.0000 1.0000000 318.4020 0.5479118 3.0872 1.0000000 1.0000 0.33333333333333337 1.0 0.41424630354415964 []
 | 36.2281 40.8977 19.3429 0.4706300 O=C(Cn1nc(Br)c(Cl)cc1=O)OCc1ccc(Br)cc1F 1 O=C(Cn1ncccc1=O)OCc1ccccc1 0.1900000 0.1900 0.2423931 0.2424 0.6666667 0.6667 0.7576069 0.7576 1.0000000 1.0000 1.0000000 454.4770 0.5372997 2.6229 1.0000000 1.0000 0.33333333333333337 1.0 0.39230090491866065 []
 | 21.4325 24.2027 -24.2027 0.0000000 COc1ccc(C(=O)NCCC#N)cc1OC 1 c1ccccc1 0.2200000 0.2200 0.3138824 0.3139 0.6666667 0.6667 0.7776920 0.7777 1.0000000 1.0000 1.0000000 234.2550 0.5174097 1.7564 1.0000000 1.0000 0.33333333333333337 1.0 0.4142463035441596 []
 | 39.8340 39.5781 20.6583 0.4705964 CCOc1ccccc1/C=C(\C#N)C(=O)NC1=CCC=CN1 1 O=C(C=Cc1ccccc1)NC1=CCC=CN1 0.1700000 0.1700 0.2690691 0.2691 0.6666667 0.6667 0.7524631 0.7525 1.0000000 1.0000 1.0000000 295.3420 0.5457736 2.9935 1.0000000 1.0000 0.33333333333333337 1.0 0.375632799419859 []
 | 35.1487 32.8193 -32.8193 0.0000000 O=c1c(csc(N/N=C\c2cc(OC)c(c(OC)c2)OC)[nH]1)=O 0 -- 0.0000000 0.0000 0.0000000 0.0000 0.0000000 0.0000 0.0000000 0.0000 0.0000000 0.0000 0.0000000 0.0000 0.0000000 0.0000 0.0000000 0.0000 None None None None
 | 44.9559 48.3293 16.4490 0.5060802 CCOC(=O)n1ccc(CNc2cccc(C(=O)OCc3ccc(C#N)cc3F)c2)n1 1 O=C(OCc1ccccc1)c1cccc(NCc2cc[nH]n2)c1 0.2200000 0.2200 0.2147799 0.2148 1.0000000 1.0000 0.8105578 0.8106 1.0000000 1.0000 1.0000000 422.4160 0.5368431 2.6030 1.0000000 1.0000 0.0 1.0 0.4142463035441596 []
 | 27.4809 30.2896 -21.0931 0.0718477 COc1ccc(CNC(=O)NCC2CCCN(C(=O)OC(C)(C)C)C2)c(OC)c1 1 O=C(NCc1ccccc1)NCC1CCCNC1 0.1350000 0.1350 0.2788867 0.2789 0.6666667 0.6667 0.8110178 0.8110 0.0000000 0.0000 1.0000000 407.5110 0.5379462 2.6512 1.0000000 1.0000 0.33333333333333337 1.0 0.34172357249683555 []
 | 27.2261 28.0023 29.4066 0.4485075 CCN(Cc1csc(C)n1)C(=O)NCCCCCC(=O)OC 1 c1cscn1 0.1600000 0.1600 0.2243001 0.2243 0.6666667 0.6667 0.8175499 0.8175 1.0000000 1.0000 1.0000000 327.4500 0.5303204 2.3184 1.0000000 1.0000 0.33333333333333337 1.0 0.36660605559646714 []
 | 27.5412 30.7234 -20.6909 0.0783784 N#Cc1cc(F)ccc1NC(=O)c1cnn(CC2CCCO2)c1 1 O=C(Nc1ccccc1)c1cnn(CC2CCCO2)c1 0.2550000 0.2550 0.2279212 0.2279 0.6666667 0.6667 0.8004920 0.8005 0.0000000 0.0000 1.0000000 314.3200 0.5416479 2.8129 1.0000000 1.0000 0.33333333333333337 1.0 0.43586121644395015 []
 | 47.8324 47.6583 -39.3036 0.0652714 NC(=O)c1cnc2nc(-c3cccc4c3PCO4)ccc2c1 1 c1cc2c(c(-c3ccc4cccnc4n3)c1)PCO2 0.2000000 0.2000 0.2001978 0.2002 0.3333333 0.3333 0.8081596 0.8082 0.0000000 0.0000 1.0000000 309.2650 0.5529032 3.6938 1.0000000 1.0000 0.6666666666666667 1.0 0.4000000000000001 []
20:55:24 <INFO> Sampled SMILES O=c1c2c(nc(CSc3[nH]c4c(ccc(C)c4)n3)nn2-c2ccc(OC)cc2)sn1 failed to sanitize.
20:55:27 <INFO> Score: 0.32 Agent NLL: 31.68 Valid:  98% Step: 42
 | Agent Prior Target Score SMILES SMILES_state Scaffold predicted_activity predicted_activity (raw) training_similarity training_similarity (raw) taf_consistency taf_consistency (raw) novelty novelty (raw) stereo_validity stereo_validity (raw) MW_window MW_window (raw) synthetic_feasibility synthetic_feasibility (raw) curated alerts filter curated alerts filter (raw) taf_disrupted (predicted_activity) scaffold_novelty (predicted_activity) uncertainty (predicted_activity) matchting_patterns (curated alerts filter)
 | 21.3142 26.5498 32.7136 0.4629955 CCN(CC)c1ccc(/C=C(\C#N)C(=O)Nc2ccc(SC#N)cc2)cc1 1 O=C(C=Cc1ccccc1)Nc1ccccc1 0.2150000 0.2150 0.1937728 0.1938 0.6666667 0.6667 0.8418861 0.8419 1.0000000 1.0000 1.0000000 376.4850 0.5345027 2.5008 1.0000000 1.0000 0.33333333333333337 1.0 0.41082234603292944 []
 | 33.1521 40.0276 14.7509 0.4279570 COC(=O)c1c(-c2ccccc2F)cc(=O)[nH]c1-c1ccccc1OC 1 O=c1cc(-c2ccccc2)cc(-c2ccccc2)[nH]1 0.1700000 0.1700 0.2946194 0.2946 0.3333333 0.3333 0.7689267 0.7689 1.0000000 1.0000 1.0000000 353.3490 0.5292017 2.2697 1.0000000 1.0000 0.6666666666666667 1.0 0.375632799419859 []
 | 23.6772 25.5332 40.3012 0.5143313 O=C1COC(=O)c2cc([N+](=O)[O-])ccc2N1 1 O=C1COC(=O)c2ccccc2N1 0.2650000 0.2650 0.2728526 0.2729 0.6666667 0.6667 0.7495103 0.7495 1.0000000 1.0000 1.0000000 222.1560 0.5320065 2.3919 1.0000000 1.0000 0.33333333333333337 1.0 0.4413332074521472 []
 | 20.9239 25.8141 32.9941 0.4594394 N#Cc1ccccc1NCc1cc(Br)ccc1Br 1 c1ccc(CNc2ccccc2)cc1 0.2400000 0.2400 0.1691652 0.1692 0.6666667 0.6667 0.8308348 0.8308 1.0000000 1.0000 1.0000000 366.0560 0.5238158 2.0351 1.0000000 1.0000 0.33333333333333337 1.0 0.4270831300812525 []
 | 28.6807 28.2705 -18.8495 0.0736013 OC(CNc1cc(F)c(F)cc1F)c1cccc(Cl)c1 1 c1ccc(CCNc2ccccc2)cc1 0.3000000 0.3000 0.2511059 0.2511 0.3333333 0.3333 0.7499035 0.7499 0.0000000 0.0000 1.0000000 301.6950 0.5349236 2.5192 1.0000000 1.0000 0.6666666666666667 1.0 0.458257569495584 []
 | 23.8350 26.5735 32.3619 0.4604330 N#Cc1ccc(N)c(Oc2ccc(S(N)(=O)=O)cc2)c1 1 c1ccc(Oc2ccccc2)cc1 0.2150000 0.2150 0.1894662 0.1895 0.6666667 0.6667 0.8610575 0.8611 1.0000000 1.0000 1.0000000 289.3160 0.5241516 2.0497 1.0000000 1.0000 0.33333333333333337 1.0 0.41082234603292944 []
 | 42.6752 46.6144 10.1342 0.4433487 Cc1nccn1CCCNc1ncc2ccc3oc(CO)cc(=O)c3c2n1 1 O=c1ccoc2ccc3cnc(NCCCn4ccnc4)nc3c12 0.2200000 0.2200 0.2686642 0.2687 0.3333333 0.3333 0.7604730 0.7605 1.0000000 1.0000 1.0000000 365.3930 0.5434384 2.8913 1.0000000 1.0000 0.6666666666666667 1.0 0.41424630354415964 []
 | 26.9232 27.7975 28.3889 0.4389563 Cc1ccc(C(=O)Nc2cccc(F)c2)cc1NS(=O)(=O)c1ccccc1 1 O=C(Nc1ccccc1)c1cccc(NS(=O)(=O)c2ccccc2)c1 0.2600000 0.2600 0.2205644 0.2206 0.3333333 0.3333 0.7794356 0.7794 1.0000000 1.0000 1.0000000 384.4320 0.5174609 1.7586 1.0000000 1.0000 0.6666666666666667 1.0 0.4386342439892262 []
 | 29.5036 32.7133 -31.1509 0.0122064 CCOC(=O)c1c(-c2ccccc2)csc1NC(=O)COC(=O)c1cccc(NS(=O)(=O)c2ccc(C)cc2)c1 1 O=C(COC(=O)c1cccc(NS(=O)(=O)c2ccccc2)c1)Nc1cc(-c2ccccc2)cs1 0.2350000 0.2350 0.2305562 0.2306 0.6666667 0.6667 0.7721644 0.7722 1.0000000 1.0000 0.0000000 578.6680 0.5307145 2.3356 1.0000000 1.0000 0.33333333333333337 1.0 0.4239988207530771 []
 | 25.8544 26.8132 32.5445 0.4637315 CCc1nc(CC(=O)NC2(C#N)CCCC2)cs1 1 O=C(Cc1cscn1)NC1CCCC1 0.1900000 0.1900 0.2223748 0.2224 0.6666667 0.6667 0.8072149 0.8072 1.0000000 1.0000 1.0000000 263.3660 0.5369553 2.6079 1.0000000 1.0000 0.33333333333333337 1.0 0.39230090491866065 []
20:55:31 <INFO> Score: 0.36 Agent NLL: 29.03 Valid: 100% Step: 43
 | Agent Prior Target Score SMILES SMILES_state Scaffold predicted_activity predicted_activity (raw) training_similarity training_similarity (raw) taf_consistency taf_consistency (raw) novelty novelty (raw) stereo_validity stereo_validity (raw) MW_window MW_window (raw) synthetic_feasibility synthetic_feasibility (raw) curated alerts filter curated alerts filter (raw) taf_disrupted (predicted_activity) scaffold_novelty (predicted_activity) uncertainty (predicted_activity) matchting_patterns (curated alerts filter)
 | 37.8117 39.1983 -35.9194 0.0256164 CON1C=CC=C(C(=O)N(C)Cc2cc(F)cc(F)c2)C1 1 O=C(NCc1ccccc1)C1=CC=CNC1 0.1700000 0.1700 0.2292273 0.2292 0.0000000 0.0000 0.8224288 0.8224 1.0000000 1.0000 1.0000000 294.3010 0.5466532 3.0320 1.0000000 1.0000 1.0 1.0 0.375632799419859 []
 | 21.7440 27.1215 38.7053 0.5142721 Cc1cccc(CC(=O)Nc2cccc(C#Cc3ccccn3)c2)c1 1 O=C(Cc1ccccc1)Nc1cccc(C#Cc2ccccn2)c1 0.2500000 0.2500 0.2923009 0.2923 0.6666667 0.6667 0.7333676 0.7334 1.0000000 1.0000 1.0000000 326.3990 0.5248153 2.0786 1.0000000 1.0000 0.33333333333333337 1.0 0.4330127018922193 []
 | 32.3893 32.9086 26.9991 0.4680291 CN(CC(=O)NCc1ccc(Cl)cc1)C[C@H](O)COCc1ccccc1F 1 O=C(CNCCCOCc1ccccc1)NCc1ccccc1 0.2500000 0.2500 0.3191725 0.3192 0.3333333 0.3333 0.6808275 0.6808 1.0000000 1.0000 1.0000000 394.8740 0.5357678 2.5560 1.0000000 1.0000 0.6666666666666667 1.0 0.4330127018922193 []
 | 25.0261 26.9147 35.9018 0.4907535 COc1ccc(Br)c(NC(=O)c2ccc(Br)cc2)c1 1 O=C(Nc1ccccc1)c1ccccc1 0.2000000 0.2000 0.2866184 0.2866 0.6666667 0.6667 0.8026406 0.8026 1.0000000 1.0000 1.0000000 385.0550 0.5151145 1.6566 1.0000000 1.0000 0.33333333333333337 1.0 0.4 []
 | 29.6385 30.6981 27.2340 0.4525947 CN=C(NCCCC(=O)NC1CC1)NCCc1ccn[nH]1 1 N=C(NCCCC(=O)NC1CC1)NCCc1ccn[nH]1 0.2750000 0.2750 0.2366243 0.2366 0.3333333 0.3333 0.7997547 0.7998 1.0000000 1.0000 1.0000000 292.3870 0.5401590 2.7478 1.0000000 1.0000 0.6666666666666667 1.0 0.4465142774872938 []
 | 26.2819 31.3337 35.8195 0.5246346 Nc1nc(N)c(C(=O)Nc2cccc(C#CCCO)c2)s1 1 O=C(Nc1ccccc1)c1cncs1 0.3600000 0.3600 0.2190343 0.2190 0.6666667 0.6667 0.7818462 0.7818 1.0000000 1.0000 1.0000000 302.3590 0.5363365 2.5809 1.0000000 1.0000 0.33333333333333337 1.0 0.48 []
 | 23.3142 22.4695 -22.4695 0.0000000 CC(C)(CN)SS 1  0.0000000 0.0000 0.0000000 0.0000 0.0000000 0.0000 0.0000000 0.0000 0.0000000 0.0000 0.0000000 0.0000 0.0000000 0.0000 0.0000000 0.0000 None None None ['[#16][#16]']
 | 36.5808 43.0501 15.0970 0.4542742 CSc1ccc(-c2ccc(NC(=O)N(C)Cc3cccc(OC(F)F)c3)cc2)o1 1 O=C(NCc1ccccc1)Nc1ccc(-c2ccco2)cc1 0.2550000 0.2550 0.2660107 0.2660 0.3333333 0.3333 0.7339893 0.7340 1.0000000 1.0000 1.0000000 418.4650 0.5338517 2.4724 1.0000000 1.0000 0.6666666666666667 1.0 0.43586121644395015 []
 | 30.8418 33.1851 -29.8834 0.0257948 CCOc1ccc(-c2cc(=O)n(CCc3ccc(C(C)(C)C)cc3)cn2)cc1 1 O=c1cc(-c2ccccc2)ncn1CCc1ccccc1 0.1650000 0.1650 0.2519763 0.2520 0.0000000 0.0000 0.7794356 0.7794 1.0000000 1.0000 1.0000000 376.5000 0.5259271 2.1270 1.0000000 1.0000 1.0 1.0 0.3711805490593493 []
 | 27.2229 29.8062 31.6700 0.4802828 N#Cc1cc2c(cc1NC(=O)CSc1nc3ccccc3[nH]1)OCO2 1 O=C(CSc1nc2ccccc2[nH]1)Nc1ccc2c(c1)OCO2 0.2150000 0.2150 0.2359733 0.2360 0.6666667 0.6667 0.7967626 0.7968 1.0000000 1.0000 1.0000000 352.3750 0.5315964 2.3740 1.0000000 1.0000 0.33333333333333337 1.0 0.4108223460329294 []
20:55:34 <INFO> Score: 0.35 Agent NLL: 29.97 Valid: 100% Step: 44
 | Agent Prior Target Score SMILES SMILES_state Scaffold predicted_activity predicted_activity (raw) training_similarity training_similarity (raw) taf_consistency taf_consistency (raw) novelty novelty (raw) stereo_validity stereo_validity (raw) MW_window MW_window (raw) synthetic_feasibility synthetic_feasibility (raw) curated alerts filter curated alerts filter (raw) taf_disrupted (predicted_activity) scaffold_novelty (predicted_activity) uncertainty (predicted_activity) matchting_patterns (curated alerts filter)
 | 24.6610 24.8115 -24.2608 0.0043025 CC1CN(S(=O)(=O)c2ccc(OCC(=O)O)cc2)CC(C)O1 1 O=S(=O)(c1ccccc1)N1CCOCC1 0.1700000 0.1700 0.3174511 0.3175 0.0000000 0.0000 0.7104260 0.7104 0.0000000 0.0000 1.0000000 329.3740 0.5399078 2.7369 1.0000000 1.0000 1.0 1.0 0.375632799419859 []
 | 36.3340 41.4708 16.6426 0.4540111 N#CCn1nc(-c2ccc(NC(=O)CCl)cc2)c2cc(C#N)cnc21 1 c1ccc(-c2n[nH]c3ncccc23)cc1 0.2100000 0.2100 0.1793794 0.1794 0.6666667 0.6667 0.8388568 0.8389 1.0000000 1.0000 1.0000000 350.7690 0.5382096 2.6627 1.0000000 1.0000 0.33333333333333337 1.0 0.4073082370883261 []
 | 32.8555 35.8116 18.1861 0.4218571 Nc1ncnc2c1ncn2[C@@H]1O[C@H](CO)[C@@H](O)[C@H]1COP(=O)(O)OC[C@H]1O[C@@H](O)[C@H](O)[C@@H]1O 1 O=[PH](OCC1CCCO1)OCC1CCOC1n1cnc2cncnc21 0.1350000 0.1350 0.3671086 0.3671 0.3333333 0.3333 0.7604730 0.7605 0.8888889 0.8889 1.0000000 493.3660 0.5290657 4.7363 1.0000000 1.0000 0.6666666666666667 1.0 0.34172357249683555 []
 | 34.8063 34.6836 18.7409 0.4173790 CC(c1cccc(Br)c1)N(C)C(=O)CSC[C@@H]1CCCO1 1 O=C(CSCC1CCCO1)NCc1ccccc1 0.2250000 0.2250 0.2740641 0.2741 0.3333333 0.3333 0.7503849 0.7504 0.5000000 0.5000 1.0000000 372.3280 0.5489677 3.1335 1.0000000 1.0000 0.6666666666666667 1.0 0.41758232721225164 []
 | 29.4427 32.7789 31.0701 0.4988209 COc1ccc(OC)c(S(=O)(=O)NCCNC(=O)c2ccccc2C#N)c1 1 O=C(NCCNS(=O)(=O)c1ccccc1)c1ccccc1 0.2150000 0.2150 0.2888741 0.2889 0.6666667 0.6667 0.7675047 0.7675 1.0000000 1.0000 1.0000000 389.4330 0.5258550 2.1239 1.0000000 1.0000 0.33333333333333337 1.0 0.41082234603292944 []
 | 30.4941 30.3461 34.1406 0.5038027 CC[C@H](C)[C@H](NC(=O)OC(C)(C)C)C(=O)Oc1ncccn1 1 c1cncnc1 0.2200000 0.2200 0.2939873 0.2940 0.6666667 0.6667 0.7204915 0.7205 1.0000000 1.0000 1.0000000 309.3660 0.5492838 3.1473 1.0000000 1.0000 0.33333333333333337 1.0 0.4142463035441596 []
 | 34.1801 33.6275 -24.4387 0.0717872 CCC1CCc2c(NC(=O)c3ccc4c(c3)OCO4)cccc21 1 O=C(Nc1cccc2c1CCC2)c1ccc2c(c1)OCO2 0.2450000 0.2450 0.2712125 0.2712 0.3333333 0.3333 0.7421447 0.7421 0.0000000 0.0000 1.0000000 309.3650 0.5379175 2.6499 1.0000000 1.0000 0.6666666666666667 1.0 0.4300872004605578 []
 | 26.8364 27.9669 30.3479 0.4555845 CN(c1ccccc1C(=O)OCCc1ccccc1)S(=O)(=O)c1ccccc1 1 O=C(OCCc1ccccc1)c1ccccc1NS(=O)(=O)c1ccccc1 0.2250000 0.2250 0.3134578 0.3135 0.3333333 0.3333 0.6880749 0.6881 1.0000000 1.0000 1.0000000 395.4800 0.5215622 1.9370 1.0000000 1.0000 0.6666666666666667 1.0 0.4175823272122517 []
 | 30.2893 33.6605 27.5837 0.4784700 CC(C)(C)OC(=O)Nc1nc2ccc(C(=O)Nc3ccc(CC(N)=O)cc3)cc2s1 1 O=C(Nc1ccccc1)c1ccc2ncsc2c1 0.2450000 0.2450 0.2040577 0.2041 0.6666667 0.6667 0.7967626 0.7968 1.0000000 1.0000 1.0000000 426.4980 0.5271372 2.1797 1.0000000 1.0000 0.33333333333333337 1.0 0.4300872004605578 []
 | 29.5809 28.6241 25.9637 0.4264676 CCCCCOc1cc(NC(=O)C2CCCCC2)ccc1N 1 O=C(Nc1ccccc1)C1CCCCC1 0.1350000 0.1350 0.3767053 0.3767 0.3333333 0.3333 0.6801989 0.6802 1.0000000 1.0000 1.0000000 304.4340 0.5206296 1.8964 1.0000000 1.0000 0.6666666666666667 1.0 0.34172357249683555 []
20:55:38 <INFO> Score: 0.37 Agent NLL: 29.37 Valid: 100% Step: 45
 | Agent Prior Target Score SMILES SMILES_state Scaffold predicted_activity predicted_activity (raw) training_similarity training_similarity (raw) taf_consistency taf_consistency (raw) novelty novelty (raw) stereo_validity stereo_validity (raw) MW_window MW_window (raw) synthetic_feasibility synthetic_feasibility (raw) curated alerts filter curated alerts filter (raw) taf_disrupted (predicted_activity) scaffold_novelty (predicted_activity) uncertainty (predicted_activity) matchting_patterns (curated alerts filter)
 | 38.1789 45.4883 17.3498 0.4909223 CCN1CCN(S(=O)(=O)c2ccc(COC(=O)N(C#N)c3ccc(F)c(Cl)c3)cc2)CC1 1 O=C(Nc1ccccc1)OCc1ccc(S(=O)(=O)N2CCNCC2)cc1 0.2350000 0.2350 0.2402885 0.2403 0.6666667 0.6667 0.7841336 0.7841 1.0000000 1.0000 1.0000000 480.9490 0.5376703 2.6391 1.0000000 1.0000 0.33333333333333337 1.0 0.4239988207530771 []
 | 26.0595 32.6857 31.6015 0.5022437 COc1cccc(CNC(=O)c2nn(Cc3ccc(Br)cc3)c3ccccc23)c1 1 O=C(NCc1ccccc1)c1nn(Cc2ccccc2)c2ccccc12 0.2300000 0.2300 0.2832644 0.2833 0.6666667 0.6667 0.7264236 0.7264 1.0000000 1.0000 1.0000000 450.3360 0.5230888 2.0034 1.0000000 1.0000 0.33333333333333337 1.0 0.4208325082500163 []
 | 27.0848 31.6211 -31.6211 0.0000000 C[C@H](NS(=O)(=O)[C@H](C)C#N)C(N)=O 1  0.2500000 0.2500 0.1570186 0.1570 0.6666667 0.6667 0.8613250 0.8613 1.0000000 1.0000 1.0000000 205.2390 0.5570111 3.5132 1.0000000 1.0000 0.33333333333333337 1.0 0.4330127018922193 []
 | 20.6207 24.1477 37.9981 0.4855134 N#Cc1ccc(CNc2ccccc2[N+](=O)[O-])cc1 1 c1ccc(CNc2ccccc2)cc1 0.2450000 0.2450 0.2223080 0.2223 0.6666667 0.6667 0.7776920 0.7777 1.0000000 1.0000 1.0000000 253.2610 0.5190303 1.8269 1.0000000 1.0000 0.33333333333333337 1.0 0.4300872004605578 []
 | 35.5258 42.0307 25.5062 0.5276325 COc1ccc(Br)cc1COC(=O)N[C@H]1[C@H](O)C[C@@H](O)O[C@@H]1CO 1 O=C(NC1CCCOC1)OCc1ccccc1 0.1750000 0.1750 0.3328751 0.3329 1.0000000 1.0000 0.7492216 0.7492 1.0000000 1.0000 1.0000000 406.2290 0.5531369 3.6835 1.0000000 1.0000 0.0 1.0 0.3799671038392666 []
 | 22.1774 26.4073 -26.4073 0.0000000 C[C@@H](N)C(=O)Nc1ccc(SCC(N)=O)cc1 1 c1ccccc1 0.2700000 0.2700 0.2262779 0.2263 0.3333333 0.3333 0.7845899 0.7846 1.0000000 1.0000 1.0000000 253.3270 0.5318204 2.3838 1.0000000 1.0000 0.6666666666666667 1.0 0.4439594576084623 []
 | 27.4230 29.8984 28.5932 0.4569658 N#Cc1c(N)nc2ccc(Br)cc2c1NCc1ccc(Cl)cc1 1 c1ccc(CNc2ccnc3ccccc23)cc1 0.2400000 0.2400 0.1629671 0.1630 0.6666667 0.6667 0.8529571 0.8530 1.0000000 1.0000 1.0000000 387.6680 0.5291636 2.2680 1.0000000 1.0000 0.33333333333333337 1.0 0.4270831300812525 []
 | 26.3332 31.5252 27.6668 0.4624377 CCN(CC(=O)Nc1ccc(S(=O)(=O)N(CC)CC)cc1)[C@@H](C)C(=O)Nc1ccccc1 1 O=C(CNCC(=O)Nc1ccccc1)Nc1ccccc1 0.3000000 0.3000 0.2450715 0.2451 0.3333333 0.3333 0.7549285 0.7549 1.0000000 1.0000 1.0000000 460.6000 0.5369521 2.6077 1.0000000 1.0000 0.6666666666666667 1.0 0.45825756949558394 []
 | 23.9168 27.2264 -27.2264 0.0000000 NC(=O)OCCNc1cccc(N)c1C(N)=O 1 c1ccccc1 0.2850000 0.2850 0.2319084 0.2319 0.6666667 0.6667 0.7744465 0.7744 1.0000000 1.0000 1.0000000 238.2470 0.5318204 2.3838 1.0000000 1.0000 0.33333333333333337 1.0 0.4514144437210666 []
 | 29.7544 29.4239 26.8371 0.4395393 C#CCn1c(=NC(=O)c2cc(C)oc2C)sc2cc(S(C)(=O)=O)ccc21 1 O=C(N=c1[nH]c2ccccc2s1)c1ccoc1 0.2650000 0.2650 0.2125256 0.2125 0.3333333 0.3333 0.7874744 0.7875 1.0000000 1.0000 1.0000000 388.4700 0.5414550 2.8045 1.0000000 1.0000 0.6666666666666667 1.0 0.4413332074521472 []
20:55:42 <INFO> Score: 0.39 Agent NLL: 29.01 Valid: 100% Step: 46
 | Agent Prior Target Score SMILES SMILES_state Scaffold predicted_activity predicted_activity (raw) training_similarity training_similarity (raw) taf_consistency taf_consistency (raw) novelty novelty (raw) stereo_validity stereo_validity (raw) MW_window MW_window (raw) synthetic_feasibility synthetic_feasibility (raw) curated alerts filter curated alerts filter (raw) taf_disrupted (predicted_activity) scaffold_novelty (predicted_activity) uncertainty (predicted_activity) matchting_patterns (curated alerts filter)
 | 29.9864 38.8627 31.2074 0.5474224 C[C@H](O)[C@H](NCc1ccc(C#N)cc1)C(=O)OCC(=O)Nc1ccc(F)cc1 1 O=C(COC(=O)CNCc1ccccc1)Nc1ccccc1 0.2950000 0.2950 0.2387512 0.2388 1.0000000 1.0000 0.7651443 0.7651 1.0000000 1.0000 1.0000000 385.3950 0.5422421 2.8389 1.0000000 1.0000 0.0 1.0 0.45604276115294273 []
 | 27.4402 29.6372 -29.6372 0.0000000 COC(=O)C[C@H](NC(=O)COc1ccc(Br)cc1)C(=O)OC 1 c1ccccc1 0.2150000 0.2150 0.2742043 0.2742 1.0000000 1.0000 0.7599787 0.7600 1.0000000 1.0000 1.0000000 374.1870 0.5319940 2.3914 1.0000000 1.0000 0.0 1.0 0.41082234603292944 []
 | 28.7092 39.5687 22.8304 0.4874935 Cc1cccc(C(=O)Nc2cccc(NC(=O)Nc3ccc(NC(=O)OC(C)(C)C)nc3)c2)c1 1 O=C(Nc1cccnc1)Nc1cccc(NC(=O)c2ccccc2)c1 0.2550000 0.2550 0.2156655 0.2157 0.6666667 0.6667 0.7907543 0.7908 1.0000000 1.0000 1.0000000 461.5220 0.5267150 2.1613 1.0000000 1.0000 0.33333333333333337 1.0 0.43586121644395015 []
 | 25.1205 32.7462 35.9046 0.5363343 CCOc1ccccc1C(=O)O[C@H](C)C(=O)Nc1cc(C#N)ccc1F 1 O=C(COC(=O)c1ccccc1)Nc1ccccc1 0.2400000 0.2400 0.2696597 0.2697 1.0000000 1.0000 0.7303403 0.7303 1.0000000 1.0000 1.0000000 356.3530 0.5332012 2.4440 1.0000000 1.0000 0.0 1.0 0.4270831300812525 []
 | 30.6006 37.5890 26.8904 0.5037456 C=CCN(CCO)S(=O)(=O)c1ccc(C(=O)Nc2sc(-c3ccccc3)c(C)c2C#N)cc1 1 O=C(Nc1ccc(-c2ccccc2)s1)c1ccccc1 0.2500000 0.2500 0.2597062 0.2597 0.6666667 0.6667 0.7474104 0.7474 1.0000000 1.0000 1.0000000 481.5990 0.5365260 2.5891 1.0000000 1.0000 0.33333333333333337 1.0 0.4330127018922193 []
 | 29.2181 30.5084 25.7149 0.4392445 CC(C)(C)OC(=O)N1C[C@@H](O)[C@@H](OCCCC(=O)O)C1 1 C1CCNC1 0.1400000 0.1400 0.2280126 0.2280 0.6666667 0.6667 0.7992612 0.7993 1.0000000 1.0000 1.0000000 289.3280 0.5489850 3.1342 1.0000000 1.0000 0.33333333333333337 1.0 0.3469870314579494 []
 | 31.3461 41.0039 22.6624 0.4973930 CCc1nn(C)c(C(=O)OC)c1NC(=O)[C@H](CC)N(C(C)=O)c1cccc(OC)c1 1 O=C(CNc1ccccc1)Nc1cn[nH]c1 0.2200000 0.2200 0.2705554 0.2706 0.6666667 0.6667 0.7892682 0.7893 1.0000000 1.0000 1.0000000 416.4780 0.5501673 3.1861 1.0000000 1.0000 0.33333333333333337 1.0 0.4142463035441596 []
 | 25.5807 27.2036 -26.5934 0.0047667 O=[N+]([O-])c1ccc(P(=O)(O)c2ccccc2)cc1 1 O=[PH](c1ccccc1)c1ccccc1 0.3100000 0.3100 0.2901716 0.2902 0.0000000 0.0000 0.7098284 0.7098 0.0000000 0.0000 1.0000000 263.1890 0.5415578 2.8090 1.0000000 1.0000 1.0 1.0 0.462493243193887 []
 | 31.9651 33.7387 20.7290 0.4255289 COC(=O)[C@H]1C(=O)C2=NCCCN2[C@H]1c1ccc([N+](=O)[O-])cc1 1 O=C1CC(c2ccccc2)N2CCCN=C12 0.1600000 0.1600 0.2970443 0.2970 0.3333333 0.3333 0.7628292 0.7628 1.0000000 1.0000 1.0000000 317.3010 0.5569697 3.4850 1.0000000 1.0000 0.6666666666666667 1.0 0.36660605559646714 []
 | 22.9317 26.9114 29.7547 0.4427039 COc1ccccc1CNc1nc(C)cc(Nc2ccccc2C#N)n1 1 c1ccc(CNc2nccc(Nc3ccccc3)n2)cc1 0.1550000 0.1550 0.2166916 0.2167 0.6666667 0.6667 0.8321396 0.8321 1.0000000 1.0000 1.0000000 345.4060 0.5277810 2.2078 1.0000000 1.0000 0.33333333333333337 1.0 0.36190468358395134 []
20:55:42 <INFO> Sampled SMILES c1ccc(c(c1)Br)[C@@]1(NC(N(CC(N[C@H](c2ccc(C)cc2)CC)=O)=O)C(NC1=O)=O)=O failed to sanitize.
20:55:45 <INFO> Score: 0.33 Agent NLL: 30.26 Valid:  98% Step: 47
 | Agent Prior Target Score SMILES SMILES_state Scaffold predicted_activity predicted_activity (raw) training_similarity training_similarity (raw) taf_consistency taf_consistency (raw) novelty novelty (raw) stereo_validity stereo_validity (raw) MW_window MW_window (raw) synthetic_feasibility synthetic_feasibility (raw) curated alerts filter curated alerts filter (raw) taf_disrupted (predicted_activity) scaffold_novelty (predicted_activity) uncertainty (predicted_activity) matchting_patterns (curated alerts filter)
 | 28.6912 29.5422 -26.2883 0.0254212 CCOc1cc([N+](=O)[O-])ccc1OSc1ccc(C)cc1 1 c1ccc(OSc2ccccc2)cc1 0.1700000 0.1700 0.2250703 0.2251 0.0000000 0.0000 0.8018515 0.8019 1.0000000 1.0000 1.0000000 305.3550 0.5306314 2.3320 1.0000000 1.0000 1.0 1.0 0.375632799419859 []
 | 30.2964 35.0305 36.4525 0.5584609 NC[C@@H](NC(=O)OCc1ccccc1)C(=O)N[C@H]1CCS(=O)(=O)C1 1 O=C(CNC(=O)OCc1ccccc1)NC1CCS(=O)(=O)C1 0.2950000 0.2950 0.3796632 0.3797 0.6666667 0.6667 0.6203368 0.6203 1.0000000 1.0000 1.0000000 355.4160 0.5447304 2.9478 1.0000000 1.0000 0.33333333333333337 1.0 0.45604276115294284 []
 | 26.5052 29.4348 28.6008 0.4534027 CCOc1ccc(S(=O)(=O)Nc2cccc(C(=O)NCc3ccco3)c2)cc1C 1 O=C(NCc1ccco1)c1cccc(NS(=O)(=O)c2ccccc2)c1 0.2500000 0.2500 0.2710524 0.2711 0.3333333 0.3333 0.7363752 0.7364 1.0000000 1.0000 1.0000000 414.4830 0.5240934 2.0472 1.0000000 1.0000 0.6666666666666667 1.0 0.4330127018922193 []
 | 30.5865 31.8238 23.2999 0.4306540 C[C@H](Nc1n[nH]c(N)n1)c1cccn1C1CC1 1 c1cc(CNc2nc[nH]n2)n(C2CC2)c1 0.2550000 0.2550 0.1951219 0.1951 0.3333333 0.3333 0.8202763 0.8203 1.0000000 1.0000 1.0000000 232.2910 0.5564190 3.4607 1.0000000 1.0000 0.6666666666666667 1.0 0.43586121644395015 []
 | 32.3049 34.7671 23.8991 0.4583299 O[C@@H](CN1CC[C@@](O)(c2ccc3c(c2)OCO3)C1)c1ccccc1 1 c1ccc(CCN2CCC(c3ccc4c(c3)OCO4)C2)cc1 0.2600000 0.2600 0.2695787 0.2696 0.3333333 0.3333 0.7304213 0.7304 1.0000000 1.0000 1.0000000 327.3800 0.5475560 3.0716 1.0000000 1.0000 0.6666666666666667 1.0 0.4386342439892262 []
 | 27.9685 37.0290 -26.2828 0.0839550 N#Cc1cccc(NC(=O)COC(=O)C(Cc2c[nH]c3ccccc23)NC(=O)C(N)=O)c1 1 O=C(COC(=O)CCc1c[nH]c2ccccc12)Nc1ccccc1 0.2800000 0.2800 0.2122382 0.2122 1.0000000 1.0000 0.7877618 0.7878 0.0000000 0.0000 1.0000000 433.4240 0.5419317 2.8254 1.0000000 1.0000 0.0 1.0 0.44899888641287294 []
 | 34.3390 37.7060 30.5448 0.5332097 C[C@H](C#Cc1ccc(-c2ccco2)cc1)N[C@H](CO)c1ccccc1 1 C(#Cc1ccc(-c2ccco2)cc1)CNCc1ccccc1 0.2900000 0.2900 0.2974089 0.2974 0.6666667 0.6667 0.7025911 0.7026 1.0000000 1.0000 1.0000000 331.4150 0.5502264 3.1887 1.0000000 1.0000 0.33333333333333337 1.0 0.4537620521815371 []
 | 25.4201 28.0845 35.8571 0.4995433 O=C(Nc1cccc(Br)c1)c1ccnc(Nc2ccccc2Br)n1 1 O=C(Nc1ccccc1)c1ccnc(Nc2ccccc2)n1 0.2800000 0.2800 0.2230567 0.2231 0.6666667 0.6667 0.7769433 0.7769 1.0000000 1.0000 1.0000000 448.1180 0.5250188 2.0875 1.0000000 1.0000 0.33333333333333337 1.0 0.44899888641287294 []
 | 22.3630 25.9721 37.6050 0.4966962 Cc1ccc(C(=O)N[C@@H](C)COc2ccccc2)cc1 1 O=C(NCCOc1ccccc1)c1ccccc1 0.3050000 0.3050 0.3612505 0.3613 0.3333333 0.3333 0.6387495 0.6387 1.0000000 1.0000 1.0000000 269.3440 0.5223407 1.9709 1.0000000 1.0000 0.6666666666666667 1.0 0.460407428263272 []
 | 25.7284 26.5849 27.5841 0.4231949 Cc1ccccc1CNCc1ccc(N2CCCC2)nc1 1 c1ccc(CNCc2ccc(N3CCCC3)nc2)cc1 0.1900000 0.1900 0.2500781 0.2501 0.3333333 0.3333 0.7894007 0.7894 1.0000000 1.0000 1.0000000 281.4030 0.5202600 1.8804 1.0000000 1.0000 0.6666666666666667 1.0 0.39230090491866065 []
20:55:49 <INFO> Score: 0.41 Agent NLL: 29.14 Valid: 100% Step: 48
 | Agent Prior Target Score SMILES SMILES_state Scaffold predicted_activity predicted_activity (raw) training_similarity training_similarity (raw) taf_consistency taf_consistency (raw) novelty novelty (raw) stereo_validity stereo_validity (raw) MW_window MW_window (raw) synthetic_feasibility synthetic_feasibility (raw) curated alerts filter curated alerts filter (raw) taf_disrupted (predicted_activity) scaffold_novelty (predicted_activity) uncertainty (predicted_activity) matchting_patterns (curated alerts filter)
 | 30.7491 33.8690 -25.0364 0.0690051 CCC(NC(=O)CN1CCN(C(=O)c2ccccc2OC)CC1)c1ccccc1C 1 O=C(CN1CCN(C(=O)c2ccccc2)CC1)NCc1ccccc1 0.1900000 0.1900 0.2860281 0.2860 0.3333333 0.3333 0.7697954 0.7698 0.0000000 0.0000 1.0000000 409.5300 0.5337441 2.4677 1.0000000 1.0000 0.6666666666666667 1.0 0.39230090491866065 []
 | 34.3362 34.1084 20.7045 0.4282256 CCCN(CC(=O)Nc1ccccc1CC)C(=O)c1cc(S(N)(=O)=O)ccc1C 1 O=C(CNC(=O)c1ccccc1)Nc1ccccc1 0.2350000 0.2350 0.2130215 0.2130 0.3333333 0.3333 0.7928158 0.7928 1.0000000 1.0000 1.0000000 417.5310 0.5265857 2.1557 1.0000000 1.0000 0.6666666666666667 1.0 0.4239988207530771 []
 | 28.9722 33.4127 -23.4596 0.0777587 CC(CN)CN(C)C(=O)Nc1ccc(Br)nn1 1 c1ccnnc1 0.2650000 0.2650 0.2081454 0.2081 0.6666667 0.6667 0.8115777 0.8116 0.0000000 0.0000 1.0000000 302.1760 0.5524344 3.2856 1.0000000 1.0000 0.33333333333333337 1.0 0.4413332074521472 []
 | 30.3558 35.9739 26.4768 0.4878965 CC[C@@H](NC(=S)Nc1ccc(C(=O)NCCCC(=O)O)cc1)c1ccccc1 1 S=C(NCc1ccccc1)Nc1ccccc1 0.3300000 0.3300 0.2958682 0.2959 0.3333333 0.3333 0.7122393 0.7122 1.0000000 1.0000 1.0000000 399.5160 0.5325934 2.4175 1.0000000 1.0000 0.6666666666666667 1.0 0.4702127178203499 []
 | 28.2820 34.3303 32.7631 0.5241668 C#CCn1c(C)nnc1SCC(=O)NC(=O)NCc1ccccc1 1 O=C(CSc1nnc[nH]1)NC(=O)NCc1ccccc1 0.2750000 0.2750 0.2900370 0.2900 0.6666667 0.6667 0.7416587 0.7417 1.0000000 1.0000 1.0000000 343.4120 0.5306249 2.3317 1.0000000 1.0000 0.33333333333333337 1.0 0.44651427748729383 []
 | 25.3056 32.3383 25.3114 0.4503883 CN(Cc1ccnc(C#N)c1)Cc1cc(C#CCN)cs1 1 c1csc(CNCc2ccncc2)c1 0.1700000 0.1700 0.2124865 0.2125 0.6666667 0.6667 0.8303248 0.8303 1.0000000 1.0000 1.0000000 296.3990 0.5424475 2.8479 1.0000000 1.0000 0.33333333333333337 1.0 0.375632799419859 []
 | 27.3225 31.0523 34.8800 0.5150958 CN(Cc1ccsc1)c1ncc(NC(=O)c2ccccc2Br)cn1 1 O=C(Nc1cnc(NCc2ccsc2)nc1)c1ccccc1 0.2800000 0.2800 0.2610185 0.2610 0.6666667 0.6667 0.7389815 0.7390 1.0000000 1.0000 1.0000000 403.3050 0.5315131 2.3704 1.0000000 1.0000 0.33333333333333337 1.0 0.44899888641287294 []
 | 25.4222 30.2212 28.1615 0.4561149 COc1ccc(CNc2ncc(C(=O)Nc3ccccc3C(N)=O)cn2)cc1 1 O=C(Nc1ccccc1)c1cnc(NCc2ccccc2)nc1 0.2250000 0.2250 0.3151110 0.3151 0.3333333 0.3333 0.6848890 0.6849 1.0000000 1.0000 1.0000000 377.4040 0.5231146 2.0046 1.0000000 1.0000 0.6666666666666667 1.0 0.41758232721225164 []
 | 38.2374 41.4889 -39.7548 0.0135478 COc1ccc(C[C@H](NC(=O)c2ccc(-c3ccc(F)cc3)o2)C(=O)NCc2ccccc2Br)cc1 1 O=C(NC(Cc1ccccc1)C(=O)NCc1ccccc1)c1ccc(-c2ccccc2)o1 0.2900000 0.2900 0.3169789 0.3170 0.6666667 0.6667 0.7193736 0.7194 1.0000000 1.0000 0.0000000 551.4120 0.5380318 2.6549 1.0000000 1.0000 0.33333333333333337 1.0 0.4537620521815371 []
 | 37.3311 40.1640 -36.9631 0.0250077 COc1ccc(OCC(C)=Nn2c(C)nc3ccc(C)c(C)c3c2=O)cc1 1 O=c1c2ccccc2ncn1N=CCOc1ccccc1 0.1300000 0.1300 0.2708645 0.2709 0.0000000 0.0000 0.7841795 0.7842 1.0000000 1.0000 1.0000000 365.4330 0.5365176 2.5888 1.0000000 1.0000 1.0 1.0 0.33630343441600474 []
20:55:49 <INFO> Sampled SMILES Nc1ccc(NC([C@H](Sc2n(c(N3CCCC3)nn2)CC)=O)=O)cc1 failed to sanitize.
20:55:49 <INFO> Sampled SMILES Clc1c2OCCCOc2cc1C(=O)NCC(=O)OCC(=O)NC(NCC)=O failed to sanitize.
20:55:49 <INFO> Sampled SMILES n12c([nH]nc1)c(C(=O)NCc1nccc(c1)C(=O)O)cc(c2)-c1ccccc1 failed to sanitize.
20:55:53 <INFO> Score: 0.36 Agent NLL: 29.72 Valid:  95% Step: 49
 | Agent Prior Target Score SMILES SMILES_state Scaffold predicted_activity predicted_activity (raw) training_similarity training_similarity (raw) taf_consistency taf_consistency (raw) novelty novelty (raw) stereo_validity stereo_validity (raw) MW_window MW_window (raw) synthetic_feasibility synthetic_feasibility (raw) curated alerts filter curated alerts filter (raw) taf_disrupted (predicted_activity) scaffold_novelty (predicted_activity) uncertainty (predicted_activity) matchting_patterns (curated alerts filter)
 | 25.7140 29.2159 32.3781 0.4812036 CCCOC(=O)c1ccc(NS(=O)(=O)c2ccc3c(c2)NC(=O)[C@@H](C)S3)cc1 1 O=C1CSc2ccc(S(=O)(=O)Nc3ccccc3)cc2N1 0.1800000 0.1800 0.2886752 0.2887 0.6666667 0.6667 0.7113248 0.7113 1.0000000 1.0000 1.0000000 420.5120 0.5405596 2.7654 1.0000000 1.0000 0.33333333333333337 1.0 0.38418745424597095 []
 | 37.6628 41.9473 19.8574 0.4828491 Cc1ccc(/C=C/C#N)cc1NC(=O)c1nnc(-c2ccco2)s1 1 O=C(Nc1ccccc1)c1nnc(-c2ccco2)s1 0.2550000 0.2550 0.2021595 0.2022 0.6666667 0.6667 0.8131838 0.8132 1.0000000 1.0000 1.0000000 336.3760 0.5386618 2.6824 1.0000000 1.0000 0.33333333333333337 1.0 0.43586121644395015 []
 | 38.3237 43.6048 18.7302 0.4869920 CCOC(=O)/C=C1/CCCc2c1ccc(NC(=O)COc1ccc(OCC)cc1)c2C#N 1 C=C1CCCc2cc(NC(=O)COc3ccccc3)ccc21 0.1700000 0.1700 0.2295656 0.2296 1.0000000 1.0000 0.8110178 0.8110 1.0000000 1.0000 1.0000000 434.4920 0.5356665 2.5516 1.0000000 1.0000 0.0 1.0 0.375632799419859 []
 | 31.9643 38.1865 21.1271 0.4633876 C[C@@H](NC(=O)OC(C)(C)C)C(=O)N1CC[C@@H](Oc2ccc3c(c2)OCO3)C1 1 c1cc2c(cc1OC1CCNC1)OCO2 0.1800000 0.1800 0.2321817 0.2322 0.6666667 0.6667 0.7967626 0.7968 1.0000000 1.0000 1.0000000 378.4250 0.5475925 3.0732 1.0000000 1.0000 0.33333333333333337 1.0 0.38418745424597095 []
 | 29.7862 30.9851 -30.9851 0.0000000 C#Cc1c(Cl)cccc1OOCOC 1 c1ccccc1 0.0000000 0.0000 0.0000000 0.0000 0.0000000 0.0000 0.0000000 0.0000 0.0000000 0.0000 0.0000000 0.0000 0.0000000 0.0000 0.0000000 0.0000 None None None ['[#8][#8]']
 | 26.4465 29.7870 34.0798 0.4989601 C#CCCCNc1ncc(OC(F)F)cn1 1 c1cncnc1 0.2550000 0.2550 0.2410522 0.2411 0.6666667 0.6667 0.7589478 0.7589 1.0000000 1.0000 1.0000000 227.2140 0.5407748 2.7748 1.0000000 1.0000 0.33333333333333337 1.0 0.43586121644395015 []
 | 26.2610 29.1776 34.6232 0.4984435 O=C(Cc1ccsc1)Nc1cccc(C#Cc2ccccn2)c1 1 O=C(Cc1ccsc1)Nc1cccc(C#Cc2ccccn2)c1 0.2550000 0.2550 0.2421240 0.2421 0.6666667 0.6667 0.7627105 0.7627 1.0000000 1.0000 1.0000000 318.4010 0.5294266 2.2795 1.0000000 1.0000 0.33333333333333337 1.0 0.43586121644395015 []
 | 28.1175 33.3218 27.6489 0.4763340 CCc1ccc(CCNC(=O)[C@@H](Cc2ccccc2)NC(=O)NCc2ccccc2)cc1 1 O=C(NCc1ccccc1)NC(Cc1ccccc1)C(=O)NCCc1ccccc1 0.2850000 0.2850 0.3059036 0.3059 0.3333333 0.3333 0.6955922 0.6956 1.0000000 1.0000 1.0000000 429.5640 0.5305290 2.3275 1.0000000 1.0000 0.6666666666666667 1.0 0.4514144437210666 []
 | 38.9569 40.4571 19.7257 0.4701785 O=C(CN1CCN(c2cc(Br)cnc2C(=O)O)CC1)NCC1CC1 1 O=C(CN1CCN(c2cccnc2)CC1)NCC1CC1 0.1850000 0.1850 0.2465568 0.2466 0.6666667 0.6667 0.7997547 0.7998 1.0000000 1.0000 1.0000000 397.2730 0.5309012 2.3437 1.0000000 1.0000 0.33333333333333337 1.0 0.38829756630707846 []
 | 26.7963 31.3539 34.2485 0.5125188 CC(C)Oc1cccc(NC(=O)NC[C@H](O)COCc2ccccc2)c1 1 O=C(NCCCOCc1ccccc1)Nc1ccccc1 0.3350000 0.3350 0.3836809 0.3837 0.3333333 0.3333 0.6163191 0.6163 1.0000000 1.0000 1.0000000 358.4380 0.5327697 2.4252 1.0000000 1.0000 0.6666666666666667 1.0 0.4719904660054057 []
20:55:56 <INFO> Score: 0.36 Agent NLL: 29.68 Valid: 100% Step: 50
 | Agent Prior Target Score SMILES SMILES_state Scaffold predicted_activity predicted_activity (raw) training_similarity training_similarity (raw) taf_consistency taf_consistency (raw) novelty novelty (raw) stereo_validity stereo_validity (raw) MW_window MW_window (raw) synthetic_feasibility synthetic_feasibility (raw) curated alerts filter curated alerts filter (raw) taf_disrupted (predicted_activity) scaffold_novelty (predicted_activity) uncertainty (predicted_activity) matchting_patterns (curated alerts filter)
 | 23.1719 29.8363 35.1174 0.5074507 CN(C)[C@@H](CNC(=O)CNS(=O)(=O)c1ccc(C#N)cc1)c1ccccc1 1 O=C(CNS(=O)(=O)c1ccccc1)NCCc1ccccc1 0.2800000 0.2800 0.2398006 0.2398 0.6666667 0.6667 0.7601994 0.7602 1.0000000 1.0000 1.0000000 386.4770 0.5361639 2.5733 1.0000000 1.0000 0.33333333333333337 1.0 0.44899888641287294 []
 | 47.4802 47.1322 9.3056 0.4409206 CCOC(=O)c1ccc(NC(=O)[C@@H]2CC[C@@H](N(CC)CC)C[C@H]2N)cn1 1 O=C(Nc1cccnc1)C1CCCCC1 0.1350000 0.1350 0.2405557 0.2406 0.6666667 0.6667 0.7772168 0.7772 1.0000000 1.0000 1.0000000 362.4740 0.5572302 3.4964 1.0000000 1.0000 0.33333333333333337 1.0 0.34172357249683555 []
 | 26.8983 27.6611 -17.7325 0.0775675 CN=C(NCCc1ccccc1Br)NCC(C)CN1CCOCC1 1 N=C(NCCCN1CCOCC1)NCCc1ccccc1 0.2300000 0.2300 0.2396406 0.2396 0.6666667 0.6667 0.7886299 0.7886 0.0000000 0.0000 1.0000000 397.3610 0.5460335 3.0049 1.0000000 1.0000 0.33333333333333337 1.0 0.4208325082500163 []
 | 40.0557 43.1330 19.7336 0.4911453 C[C@H](/C=C/[C@H]1[C@H](O)CC(=O)[C@@H]1C#Cc1cc(C#N)cs1)Oc1ccccc1 1 O=C1CCC(C=CCOc2ccccc2)C1C#Cc1cccs1 0.2200000 0.2200 0.2603126 0.2603 0.6666667 0.6667 0.7409603 0.7410 1.0000000 1.0000 1.0000000 377.4650 0.5371463 4.3838 1.0000000 1.0000 0.33333333333333337 1.0 0.4142463035441596 []
 | 25.1229 38.5950 24.0056 0.4890670 CNC(=O)C(=O)NC(=O)c1ccnc(NC(=O)OC(C)(C)C)n1 1 c1cncnc1 0.2550000 0.2550 0.2170093 0.2170 0.6666667 0.6667 0.7920499 0.7920 1.0000000 1.0000 1.0000000 323.3090 0.5368979 2.6054 1.0000000 1.0000 0.33333333333333337 1.0 0.43586121644395015 []
 | 26.2485 30.6164 -30.6164 0.0000000 CC#CCCNC(=O)N[C@@H](CO)C(=O)OCc1ccccc1 1 c1ccccc1 0.3600000 0.3600 0.4312443 0.4312 1.0000000 1.0000 0.5687557 0.5688 1.0000000 1.0000 1.0000000 304.3460 0.5401958 2.7495 1.0000000 1.0000 0.0 1.0 0.48 []
 | 28.7210 31.9942 36.3625 0.5340369 CCN(CCNC(=O)Nc1ccc([N+](=O)[O-])cc1)C(=O)OCc1ccccc1 1 O=C(NCCNC(=O)OCc1ccccc1)Nc1ccccc1 0.2600000 0.2600 0.3450649 0.3451 0.6666667 0.6667 0.6745066 0.6745 1.0000000 1.0000 1.0000000 386.4080 0.5249481 2.0844 1.0000000 1.0000 0.33333333333333337 1.0 0.43863424398922624 []
 | 18.9326 20.9211 34.3380 0.4317112 N[C@H]1[C@@H](O)[C@H](O)[C@@H](CO)O[C@H]1O 1 C1CCOCC1 0.1000000 0.1000 0.5117663 0.5118 0.3333333 0.3333 0.7817821 0.7818 1.0000000 1.0000 1.0000000 179.1720 0.5494767 3.8442 1.0000000 1.0000 0.6666666666666667 1.0 0.3 []
 | 27.7757 31.8276 26.6293 0.4566945 CN(C)Cc1ccoc1C(=O)NCc1ccccc1CN1CCOCC1 1 O=C(NCc1ccccc1CN1CCOCC1)c1ccco1 0.2600000 0.2600 0.2669304 0.2669 0.3333333 0.3333 0.7601994 0.7602 1.0000000 1.0000 1.0000000 357.4540 0.5303202 2.3184 1.0000000 1.0000 0.6666666666666667 1.0 0.43863424398922624 []
 | 54.8439 59.3064 -50.4669 0.0690583 CNC1(NC(=O)c2ncc(NC(=O)c3ccc(OC(F)F)cc3F)cc2Cl)N=CC(F)=CN1 1 O=C(Nc1ccc(C(=O)NC2N=CC=CN2)nc1)c1ccccc1 0.2500000 0.2500 0.2129589 0.2130 0.3333333 0.3333 0.8135891 0.8136 0.0000000 0.0000 1.0000000 486.8130 0.5481778 3.9012 1.0000000 1.0000 0.6666666666666667 1.0 0.4330127018922193 []
20:56:00 <INFO> Score: 0.38 Agent NLL: 29.75 Valid: 100% Step: 51
 | Agent Prior Target Score SMILES SMILES_state Scaffold predicted_activity predicted_activity (raw) training_similarity training_similarity (raw) taf_consistency taf_consistency (raw) novelty novelty (raw) stereo_validity stereo_validity (raw) MW_window MW_window (raw) synthetic_feasibility synthetic_feasibility (raw) curated alerts filter curated alerts filter (raw) taf_disrupted (predicted_activity) scaffold_novelty (predicted_activity) uncertainty (predicted_activity) matchting_patterns (curated alerts filter)
 | 41.0656 54.1956 -2.9519 0.4003411 CCCN(C/C=C\c1ccc2c(c1)OCO2)C(=O)CSc1nnc(C(N)=O)n1C 1 O=C(CSc1nnc[nH]1)NCC=Cc1ccc2c(c1)OCO2 0.1750000 0.1750 0.1999600 0.2000 0.3333333 0.3333 0.8189285 0.8189 1.0000000 1.0000 1.0000000 417.4910 0.5425439 2.8521 1.0000000 1.0000 0.6666666666666667 1.0 0.3799671038392666 []
 | 25.2582 28.9712 34.6026 0.4966704 O=C(CN1CCN(C(=O)[C@@H](Cc2ccccc2)NC(=O)c2ccccc2)CC1)Nc1ccccc1 1 O=C(CN1CCN(C(=O)C(Cc2ccccc2)NC(=O)c2ccccc2)CC1)Nc1ccccc1 0.3350000 0.3350 0.3221930 0.3222 0.3333333 0.3333 0.6778070 0.6778 1.0000000 1.0000 1.0000000 470.5730 0.5312669 2.3597 1.0000000 1.0000 0.6666666666666667 1.0 0.4719904660054057 []
 | 36.2423 38.6712 18.8108 0.4490781 Cc1cc(C)nc(N(Cc2cccnc2)C(=O)c2n[nH]nc2N)n1 1 O=C(c1cn[nH]n1)N(Cc1cccnc1)c1ncccn1 0.2400000 0.2400 0.2641353 0.2641 0.3333333 0.3333 0.7389815 0.7390 1.0000000 1.0000 1.0000000 324.3480 0.5433551 2.8876 1.0000000 1.0000 0.6666666666666667 1.0 0.4270831300812524 []
 | 25.2594 26.2840 36.8217 0.4930133 COCCCNC(=O)[C@@H](c1ccccc1)N(C)Cc1ccccc1 1 c1ccc(CNCc2ccccc2)cc1 0.2900000 0.2900 0.3639127 0.3639 0.3333333 0.3333 0.6360873 0.6361 1.0000000 1.0000 1.0000000 326.4400 0.5293991 2.2783 1.0000000 1.0000 0.6666666666666667 1.0 0.4537620521815371 []
 | 19.6932 29.8402 46.4263 0.5958316 N#Cc1ccccc1NC(=O)COC(=O)[C@@H](Cc1ccccc1)NC(=O)OCc1ccccc1 1 O=C(COC(=O)C(Cc1ccccc1)NC(=O)OCc1ccccc1)Nc1ccccc1 0.3150000 0.3150 0.3559342 0.3559 1.0000000 1.0000 0.6440658 0.6441 1.0000000 1.0000 1.0000000 457.4860 0.5349373 2.5198 1.0000000 1.0000 0.0 1.0 0.46451587701606073 []
 | 25.1967 27.3918 28.9736 0.4403551 O=C(Nc1ccccc1I)NC1(c2ccccc2)CC1 1 O=C(Nc1ccccc1)NC1(c2ccccc2)CC1 0.2150000 0.2150 0.2695819 0.2696 0.3333333 0.3333 0.7675047 0.7675 1.0000000 1.0000 1.0000000 378.2130 0.5261785 2.1380 1.0000000 1.0000 0.6666666666666667 1.0 0.41082234603292944 []
 | 34.7103 37.3022 25.8218 0.4931562 CCOC(=O)Cn1cc(C#N)cc(N2CCN(C(=O)c3ccccc3)CC2)c1=O 1 O=C(c1ccccc1)N1CCN(c2ccc[nH]c2=O)CC1 0.2150000 0.2150 0.2723148 0.2723 0.6666667 0.6667 0.7515987 0.7516 1.0000000 1.0000 1.0000000 394.4310 0.5323261 2.4059 1.0000000 1.0000 0.33333333333333337 1.0 0.41082234603292944 []
 | 30.6975 38.9529 27.4614 0.5188613 O=C(NC[C@H]1Cc2cccc(C#CCO)c2O1)Nc1cnns1 1 O=C(NCC1Cc2ccccc2O1)Nc1cnns1 0.2950000 0.2950 0.2503915 0.2504 0.6666667 0.6667 0.7561569 0.7562 1.0000000 1.0000 1.0000000 330.3690 0.5545371 3.6220 1.0000000 1.0000 0.33333333333333337 1.0 0.4560427611529428 []
 | 29.4303 29.3173 29.7537 0.4614922 O=C1Nc2ccccc2N(C(=O)C(c2ccccc2)c2ccccc2)c2ccccc21 1 O=C1Nc2ccccc2N(C(=O)C(c2ccccc2)c2ccccc2)c2ccccc21 0.2700000 0.2700 0.2739983 0.2740 0.3333333 0.3333 0.7260017 0.7260 1.0000000 1.0000 1.0000000 404.4690 0.5277632 2.2070 1.0000000 1.0000 0.6666666666666667 1.0 0.4439594576084623 []
 | 26.1057 27.7777 -24.5486 0.0252270 COc1ccc(SC)cc1C(=O)N=c1sccn1C 1 O=C(N=c1[nH]ccs1)c1ccccc1 0.1600000 0.1600 0.2265462 0.2265 0.0000000 0.0000 0.8495763 0.8496 1.0000000 1.0000 1.0000000 294.4010 0.5350894 2.5264 1.0000000 1.0000 1.0 1.0 0.36660605559646714 []
20:56:00 <INFO> Sampled SMILES Clc1cc(n(Cc2c(onc2C(=O)Nc2nn(cc2)Cc2cnccc2)CC)n1)=O failed to sanitize.
20:56:04 <INFO> Score: 0.37 Agent NLL: 30.52 Valid:  98% Step: 52
 | Agent Prior Target Score SMILES SMILES_state Scaffold predicted_activity predicted_activity (raw) training_similarity training_similarity (raw) taf_consistency taf_consistency (raw) novelty novelty (raw) stereo_validity stereo_validity (raw) MW_window MW_window (raw) synthetic_feasibility synthetic_feasibility (raw) curated alerts filter curated alerts filter (raw) taf_disrupted (predicted_activity) scaffold_novelty (predicted_activity) uncertainty (predicted_activity) matchting_patterns (curated alerts filter)
 | 24.5283 26.5349 26.3948 0.4135132 Cc1cccc(OCCNC(=O)CSc2nnc(N)s2)c1 1 O=C(CSc1nncs1)NCCOc1ccccc1 0.1750000 0.1750 0.2414726 0.2415 0.3333333 0.3333 0.7727157 0.7727 1.0000000 1.0000 1.0000000 324.4310 0.5263418 2.1451 1.0000000 1.0000 0.6666666666666667 1.0 0.3799671038392666 []
 | 21.0737 32.2299 36.4952 0.5369147 N#Cc1ccc(C(=O)O[C@@H](C(=O)Nc2sccc2C#N)c2ccccc2)cc1 1 O=C(OC(C(=O)Nc1cccs1)c1ccccc1)c1ccccc1 0.2650000 0.2650 0.2423931 0.2424 1.0000000 1.0000 0.7576069 0.7576 1.0000000 1.0000 1.0000000 387.4200 0.5391915 2.7056 1.0000000 1.0000 0.0 1.0 0.4413332074521472 []
 | 53.0824 59.7819 -8.2480 0.4026083 O=C(O)[C@@H]1OC(OC[C@@H]2OC[C@H](O)[C@H](c3noc4c(=O)[nH]cnc34)O2)[C@H](O)[C@@H](O)[C@@H]1O 1 O=c1[nH]cnc2c(C3CCOC(COC4CCCCO4)O3)noc12 0.1200000 0.1200 0.3350831 0.3351 0.3333333 0.3333 0.7240904 0.7241 0.8750000 0.8750 1.0000000 445.3370 0.5219502 5.0461 1.0000000 1.0000 0.6666666666666667 1.0 0.3249615361854384 []
 | 22.0363 23.8746 -23.8746 0.0000000 CSc1ccc(C(=O)Nc2cccc(Br)c2)cc1 1 O=C(Nc1ccccc1)c1ccccc1 0.2750000 0.2750 0.2229254 0.2229 0.6666667 0.6667 0.7981981 0.7982 1.0000000 1.0000 1.0000000 322.2270 0.5149107 1.6478 1.0000000 1.0000 0.33333333333333337 1.0 0.44651427748729383 []
 | 27.0274 26.0633 30.2635 0.4400527 COc1ccc(-c2nc(NC(=O)c3ccccc3C)sc2C)cc1 1 O=C(Nc1nc(-c2ccccc2)cs1)c1ccccc1 0.2050000 0.2050 0.2831827 0.2832 0.3333333 0.3333 0.7743645 0.7744 1.0000000 1.0000 1.0000000 338.4320 0.5190644 1.8284 1.0000000 1.0000 0.6666666666666667 1.0 0.40370162248868907 []
 | 28.9220 38.3419 -38.3419 0.0000000 CC(C)(C)OC(=O)n1cccc1C(=O)NNC(=O)Nc1cccc(Br)c1 1 O=C(NNC(=O)c1ccc[nH]1)Nc1ccccc1 0.0000000 0.0000 0.0000000 0.0000 0.0000000 0.0000 0.0000000 0.0000 0.0000000 0.0000 0.0000000 0.0000 0.0000000 0.0000 0.0000000 0.0000 None None None ['[#7;!n][#7;!n]']
 | 32.7822 34.2283 23.9085 0.4541938 CCn1cc(Cn2cc(NC(=O)c3ccnc4c(Cl)cccc34)cn2)cn1 1 O=C(Nc1cnn(Cc2cn[nH]c2)c1)c1ccnc2ccccc12 0.2650000 0.2650 0.2530240 0.2530 0.3333333 0.3333 0.7762813 0.7763 1.0000000 1.0000 1.0000000 380.8390 0.5333138 2.4489 1.0000000 1.0000 0.6666666666666667 1.0 0.4413332074521472 []
 | 35.6094 39.3159 -36.0566 0.0254630 CCOc1ccc(OCC)c(N(CC)C(=O)[C@@H]2CCCN(S(=O)(=O)N(C)C)C2)c1 1 O=C(Nc1ccccc1)C1CCCNC1 0.1500000 0.1500 0.2550307 0.2550 0.0000000 0.0000 0.7834936 0.7835 1.0000000 1.0000 1.0000000 427.5670 0.5446449 2.9441 1.0000000 1.0000 1.0 1.0 0.3570714214271425 []
 | 45.7185 48.0102 3.4555 0.4020756 CO/N=C(\C#N)c1ncn2c(Br)c(CCBr)cnc12 1 c1cnc2cncn2c1 0.1800000 0.1800 0.1959624 0.1960 0.3333333 0.3333 0.8351914 0.8352 1.0000000 1.0000 1.0000000 387.0350 0.5531796 3.6817 1.0000000 1.0000 0.6666666666666667 1.0 0.38418745424597095 []
 | 22.0397 27.7898 38.1636 0.5152603 N#Cc1cccc(CS(=O)(=O)NCc2ccccc2OC(F)F)c1 1 O=S(=O)(Cc1ccccc1)NCc1ccccc1 0.2700000 0.2700 0.2726249 0.2726 0.6666667 0.6667 0.7273751 0.7274 1.0000000 1.0000 1.0000000 352.3620 0.5289941 2.2606 1.0000000 1.0000 0.33333333333333337 1.0 0.4439594576084623 []
20:56:08 <INFO> Score: 0.31 Agent NLL: 29.77 Valid: 100% Step: 53
 | Agent Prior Target Score SMILES SMILES_state Scaffold predicted_activity predicted_activity (raw) training_similarity training_similarity (raw) taf_consistency taf_consistency (raw) novelty novelty (raw) stereo_validity stereo_validity (raw) MW_window MW_window (raw) synthetic_feasibility synthetic_feasibility (raw) curated alerts filter curated alerts filter (raw) taf_disrupted (predicted_activity) scaffold_novelty (predicted_activity) uncertainty (predicted_activity) matchting_patterns (curated alerts filter)
 | 25.4164 27.3049 39.1319 0.5190375 O=C(NCc1cn[nH]c1-c1ccc(Br)cc1)c1ccccc1 1 O=C(NCc1cn[nH]c1-c1ccccc1)c1ccccc1 0.2950000 0.2950 0.2599376 0.2599 0.6666667 0.6667 0.7400624 0.7401 1.0000000 1.0000 1.0000000 356.2230 0.5207669 1.9024 1.0000000 1.0000 0.33333333333333337 1.0 0.4560427611529428 []
 | 26.8395 23.6903 -20.3295 0.0262563 COc1ccc(S(=O)(=O)N(C)c2cccc(Cl)c2)cc1 1 O=S(=O)(Nc1ccccc1)c1ccccc1 0.1800000 0.1800 0.2511059 0.2511 0.0000000 0.0000 0.8332690 0.8333 1.0000000 1.0000 1.0000000 311.7900 0.5173165 1.7523 1.0000000 1.0000 1.0 1.0 0.38418745424597095 []
 | 35.8671 41.3475 23.4981 0.5066060 O=C(N[C@H](CO)[C@H](O)c1cccc2c1OC(F)(F)O2)c1cnccn1 1 O=C(NCCc1cccc2c1OCO2)c1cnccn1 0.3650000 0.3650 0.3191725 0.3192 0.3333333 0.3333 0.6808275 0.6808 1.0000000 1.0000 1.0000000 353.2810 0.5549402 3.6043 1.0000000 1.0000 0.6666666666666667 1.0 0.4814301610825811 []
 | 28.8282 34.4773 27.4618 0.4838990 COCCNC(=O)C1CCN(C(=O)N[C@@H](CC(=O)OC)C(=O)O)CC1 1 C1CCNCC1 0.2100000 0.2100 0.2519516 0.2520 0.6666667 0.6667 0.7601492 0.7601 1.0000000 1.0000 1.0000000 359.3790 0.5368602 2.6037 1.0000000 1.0000 0.33333333333333337 1.0 0.40730823708832603 []
 | 32.8826 40.6766 19.9637 0.4737519 N#Cc1cccc(-n2c(=O)ccn(CC(=O)Nc3cccc(N4CCCC4)c3)c2=O)c1 1 O=C(Cn1ccc(=O)n(-c2ccccc2)c1=O)Nc1cccc(N2CCCC2)c1 0.2400000 0.2400 0.1961161 0.1961 0.6666667 0.6667 0.8210251 0.8210 1.0000000 1.0000 1.0000000 415.4530 0.5321865 2.3998 1.0000000 1.0000 0.33333333333333337 1.0 0.4270831300812525 []
 | 32.1572 30.2147 25.1742 0.4327258 C[C@H]1[C@H](C)CCC[C@@H]1NC(=S)N(C)Cc1cccc(Cl)c1 1 S=C(NCc1ccccc1)NC1CCCCC1 0.2050000 0.2050 0.2528903 0.2529 0.3333333 0.3333 0.7769433 0.7769 1.0000000 1.0000 1.0000000 324.9210 0.5495340 3.1583 1.0000000 1.0000 0.6666666666666667 1.0 0.40370162248868907 []
 | 42.5946 43.9653 -42.4155 0.0121073 CC[C@H](C)[C@H](NC(=O)[C@@H](N)CS)C(=O)N[C@@H](Cc1cnc[nH]1)C(=O)N[C@@H](CO)C(=O)N[C@@H](Cc1ccccc1)C(=O)N[C@H](CO)C(=O)O 1 O=C(CCc1cnc[nH]1)NCC(=O)NCCc1ccccc1 0.3150000 0.3150 0.2899725 0.2900 0.3333333 0.3333 0.7100275 0.7100 1.0000000 1.0000 0.0000000 692.7960 0.5395179 4.2802 1.0000000 1.0000 0.6666666666666667 1.0 0.46451587701606073 []
 | 24.3471 30.3242 26.2361 0.4418774 Cn1nc(C(=O)O)cc1C(=O)Nc1ccc(Cl)nn1 1 O=C(Nc1cccnn1)c1ccn[nH]1 0.2650000 0.2650 0.2197738 0.2198 0.3333333 0.3333 0.7894007 0.7894 1.0000000 1.0000 1.0000000 281.6590 0.5333958 2.4525 1.0000000 1.0000 0.6666666666666667 1.0 0.4413332074521472 []
 | 22.0871 25.7830 -14.5886 0.0874565 OCCOc1ccccc1C(Br)c1ccccc1 1 c1ccc(Cc2ccccc2)cc1 0.2950000 0.2950 0.3601801 0.3602 0.6666667 0.6667 0.6398199 0.6398 0.0000000 0.0000 1.0000000 307.1870 0.5303455 2.3195 1.0000000 1.0000 0.33333333333333337 1.0 0.4560427611529428 []
 | 35.0429 45.8877 -35.8725 0.0782440 CCC(OC(=O)n1ccc(CNC(=O)N2CCCC2)n1)c1ccccc1 1 O=C(NCc1ccn(C(=O)OCc2ccccc2)n1)N1CCCC1 0.2250000 0.2250 0.2587987 0.2588 0.6666667 0.6667 0.7442552 0.7443 0.0000000 0.0000 1.0000000 356.4260 0.5461066 3.0081 1.0000000 1.0000 0.33333333333333337 1.0 0.4175823272122517 []
20:56:08 <INFO> Sampled SMILES c1cncc(c1)NC([C@@H](OC(c1cc(C(=O)C)c[nH]1)=O)=O)=O failed to sanitize.
20:56:08 <INFO> Sampled SMILES c12ccc([C@H](CNC(=O)c3ccc(cc3)-c3ccccc3)O)ccc1OCO2 failed to sanitize.
20:56:08 <INFO> Sampled SMILES C(=O)[C@@H](NC(=O)[C@H](CC(C)C)N)(C(O)=O)O failed to sanitize.
20:56:11 <INFO> Score: 0.37 Agent NLL: 29.77 Valid:  95% Step: 54
 | Agent Prior Target Score SMILES SMILES_state Scaffold predicted_activity predicted_activity (raw) training_similarity training_similarity (raw) taf_consistency taf_consistency (raw) novelty novelty (raw) stereo_validity stereo_validity (raw) MW_window MW_window (raw) synthetic_feasibility synthetic_feasibility (raw) curated alerts filter curated alerts filter (raw) taf_disrupted (predicted_activity) scaffold_novelty (predicted_activity) uncertainty (predicted_activity) matchting_patterns (curated alerts filter)
 | 29.3468 32.5715 24.5534 0.4462881 CCCC(=O)N[C@@H](C)C(=O)Nc1ccc(S(=O)(=O)Nc2ccc(OC)cc2)cc1 1 O=S(=O)(Nc1ccccc1)c1ccccc1 0.2050000 0.2050 0.3011721 0.3012 0.3333333 0.3333 0.7654213 0.7654 1.0000000 1.0000 1.0000000 419.5030 0.5307012 2.3350 1.0000000 1.0000 0.6666666666666667 1.0 0.403701622488689 []
 | 41.1617 42.5283 7.1788 0.3883365 [C-]#[N+]c1ccc(C=Nc2ccc(-c3ccc(N)nc3)cc2)cc1Cl 1 C(=Nc1ccc(-c2cccnc2)cc1)c1ccccc1 0.1650000 0.1650 0.1031078 0.1031 0.6666667 0.6667 0.8997176 0.8997 1.0000000 1.0000 1.0000000 332.7940 0.5378174 2.6455 1.0000000 1.0000 0.33333333333333337 1.0 0.37118054905934933 []
 | 38.8382 36.9820 24.3475 0.4791366 O=C(CSc1nc2ccccc2c(=O)n1CCO)CC(=O)Cc1ccc(Cl)cc1 1 O=C(CSc1nc2ccccc2c(=O)[nH]1)CC(=O)Cc1ccccc1 0.2800000 0.2800 0.3222865 0.3223 0.3333333 0.3333 0.6777135 0.6777 1.0000000 1.0000 1.0000000 430.9130 0.5306021 2.3307 1.0000000 1.0000 0.6666666666666667 1.0 0.44899888641287294 []
 | 29.9824 29.5683 -26.0909 0.0271677 O=C1c2cccc(-c3cccc4ccccc34)c2C(=O)N1c1ccccc1 1 O=C1c2cccc(-c3cccc4ccccc34)c2C(=O)N1c1ccccc1 0.2300000 0.2300 0.2362154 0.2362 0.0000000 0.0000 0.7637846 0.7638 1.0000000 1.0000 1.0000000 349.3890 0.5215150 1.9350 1.0000000 1.0000 1.0 1.0 0.4208325082500163 []
 | 25.4875 27.1204 32.3303 0.4644590 O=C(NC/C=C/c1ccccc1)c1n[nH]c2ccccc12 1 O=C(NCC=Cc1ccccc1)c1n[nH]c2ccccc12 0.2900000 0.2900 0.2632491 0.2632 0.3333333 0.3333 0.7367509 0.7368 1.0000000 1.0000 1.0000000 277.3270 0.5253029 2.0998 1.0000000 1.0000 0.6666666666666667 1.0 0.4537620521815371 []
 | 29.4951 32.3937 31.6395 0.5002587 C[C@@H](OC(=O)c1cccc(F)c1)c1ccc(OCc2ccccc2)cc1 1 O=C(OCc1ccc(OCc2ccccc2)cc1)c1ccccc1 0.2750000 0.2750 0.4213293 0.4213 0.3333333 0.3333 0.5786707 0.5787 1.0000000 1.0000 1.0000000 350.3890 0.5277878 2.2081 1.0000000 1.0000 0.6666666666666667 1.0 0.44651427748729383 []
 | 30.9470 35.7894 22.4875 0.4552885 C[C@@H](NS(=O)(=O)c1ccc(C#N)cc1)c1ccc(-c2ccc(Cl)c(Cl)c2)o1 1 O=S(=O)(NCc1ccc(-c2ccccc2)o1)c1ccccc1 0.2300000 0.2300 0.1652673 0.1653 0.6666667 0.6667 0.8545641 0.8546 1.0000000 1.0000 1.0000000 421.3050 0.5396167 2.7241 1.0000000 1.0000 0.33333333333333337 1.0 0.4208325082500163 []
 | 20.1389 27.0311 28.9405 0.4372783 CC[C@@H](CO)N1CCN(C[C@@H](O)CO)CC1 1 C1CNCCN1 0.2000000 0.2000 0.2773501 0.2774 0.3333333 0.3333 0.7226499 0.7226 1.0000000 1.0000 1.0000000 232.3240 0.5486374 3.1190 1.0000000 1.0000 0.6666666666666667 1.0 0.4 []
 | 29.5905 33.1968 19.6771 0.4130772 Cc1ccc(-c2nc(COC(=O)c3cc(Cl)c(F)cc3F)no2)cc1 1 O=C(OCc1noc(-c2ccccc2)n1)c1ccccc1 0.1900000 0.1900 0.2201127 0.2201 0.3333333 0.3333 0.7864395 0.7864 1.0000000 1.0000 1.0000000 364.7350 0.5280101 2.2177 1.0000000 1.0000 0.6666666666666667 1.0 0.39230090491866065 []
 | 26.9981 30.7273 30.7671 0.4804245 CCOC(=O)N1CCCN(C(=O)c2ccnc(C#N)c2)CC1 1 O=C(c1ccncc1)N1CCCNCC1 0.1800000 0.1800 0.2857953 0.2858 0.6666667 0.6667 0.7618372 0.7618 1.0000000 1.0000 1.0000000 302.3340 0.5279558 2.2154 1.0000000 1.0000 0.33333333333333337 1.0 0.38418745424597095 []
20:56:15 <INFO> Score: 0.34 Agent NLL: 29.16 Valid: 100% Step: 55
 | Agent Prior Target Score SMILES SMILES_state Scaffold predicted_activity predicted_activity (raw) training_similarity training_similarity (raw) taf_consistency taf_consistency (raw) novelty novelty (raw) stereo_validity stereo_validity (raw) MW_window MW_window (raw) synthetic_feasibility synthetic_feasibility (raw) curated alerts filter curated alerts filter (raw) taf_disrupted (predicted_activity) scaffold_novelty (predicted_activity) uncertainty (predicted_activity) matchting_patterns (curated alerts filter)
 | 25.6262 33.4814 36.0160 0.5429480 CC(C)[C@H](NC(=O)c1cccc(C(F)F)c1)C(=O)OCc1cccc(F)c1 1 O=C(CNC(=O)c1ccccc1)OCc1ccccc1 0.3050000 0.3050 0.3151110 0.3151 0.6666667 0.6667 0.6848890 0.6849 1.0000000 1.0000 1.0000000 379.3780 0.5364797 2.5871 1.0000000 1.0000 0.33333333333333337 1.0 0.460407428263272 []
 | 26.5844 29.6179 26.8809 0.4413968 CNc1cc(-c2cccc3cc(Br)cnc23)ncn1 1 c1cnc2c(-c3ccncn3)cccc2c1 0.2150000 0.2150 0.1520084 0.1520 0.6666667 0.6667 0.8666548 0.8667 1.0000000 1.0000 1.0000000 315.1740 0.5324605 2.4117 1.0000000 1.0000 0.33333333333333337 1.0 0.41082234603292944 []
 | 29.3285 34.7460 22.4566 0.4468949 Cc1ccccc1NC(=O)N[C@H](C(=O)Nc1ccc(N2CCNC(=O)C2)cc1)C(C)C 1 O=C1CN(c2ccc(NC(=O)CNC(=O)Nc3ccccc3)cc2)CCN1 0.2750000 0.2750 0.2228283 0.2228 0.3333333 0.3333 0.7967626 0.7968 1.0000000 1.0000 1.0000000 423.5170 0.5374163 2.6280 1.0000000 1.0000 0.6666666666666667 1.0 0.4465142774872938 []
 | 28.3688 39.2658 20.9698 0.4705910 O=C(CSCC(=O)OC(=O)C(=O)Nc1ccccc1F)Nc1ccc(Cl)cc1 1 O=C(CSCC(=O)OC(=O)C(=O)Nc1ccccc1)Nc1ccccc1 0.2050000 0.2050 0.2248469 0.2248 0.6666667 0.6667 0.7818462 0.7818 1.0000000 1.0000 1.0000000 424.8370 0.5292398 2.2713 1.0000000 1.0000 0.33333333333333337 1.0 0.403701622488689 []
 | 27.1948 32.8644 27.2581 0.4697071 CCn1cnc([N+](=O)[O-])c1C(=O)Nc1ccccc1OC(F)F 1 O=C(Nc1ccccc1)c1cnc[nH]1 0.2800000 0.2800 0.2868548 0.2869 0.3333333 0.3333 0.7210057 0.7210 1.0000000 1.0000 1.0000000 326.2590 0.5356108 2.5492 1.0000000 1.0000 0.6666666666666667 1.0 0.44899888641287294 []
 | 32.8517 39.1670 17.7145 0.4443865 Cc1cc(C(=O)NC(=O)NC[C@H]2CCc3cccn32)nn1C(C)(C)C 1 O=C(NCC1CCc2cccn21)NC(=O)c1cc[nH]n1 0.2550000 0.2550 0.2295650 0.2296 0.3333333 0.3333 0.7967626 0.7968 1.0000000 1.0000 1.0000000 343.4310 0.5566466 3.5293 1.0000000 1.0000 0.6666666666666667 1.0 0.43586121644395015 []
 | 24.2266 28.1887 40.1429 0.5338407 Cc1c(N)cccc1C(=O)OCc1ccccc1C#N 1 O=C(OCc1ccccc1)c1ccccc1 0.2400000 0.2400 0.2652335 0.2652 1.0000000 1.0000 0.7400624 0.7401 1.0000000 1.0000 1.0000000 266.3000 0.5232747 2.0115 1.0000000 1.0000 0.0 1.0 0.4270831300812525 []
 | 34.3294 37.2927 15.8539 0.4152073 CC/C(C#N)=C\n1cc(-c2cccc(Br)c2)nn1 1 c1ccc(-c2c[nH]nn2)cc1 0.2300000 0.2300 0.1804387 0.1804 0.3333333 0.3333 0.8382508 0.8383 1.0000000 1.0000 1.0000000 303.1630 0.5502738 3.1908 1.0000000 1.0000 0.6666666666666667 1.0 0.4208325082500163 []
 | 25.5479 30.2364 34.8469 0.5084637 CCOC(=O)c1cc(-c2ccccc2)sc1NC(=O)c1ccc(OC)cc1OC 1 O=C(Nc1ccc(-c2ccccc2)s1)c1ccccc1 0.2200000 0.2200 0.3151354 0.3151 0.6666667 0.6667 0.7210057 0.7210 1.0000000 1.0000 1.0000000 411.4790 0.5239983 2.0430 1.0000000 1.0000 0.33333333333333337 1.0 0.41424630354415964 []
 | 31.9321 32.0846 -32.0846 0.0000000 CCOc1cc(C)c(C)cc1NC(=O)COC(=O)c1ccc(N(C)C)cc1 1 O=C(COC(=O)c1ccccc1)Nc1ccccc1 0.2050000 0.2050 0.2267787 0.2268 0.6666667 0.6667 0.7891815 0.7892 1.0000000 1.0000 1.0000000 370.4490 0.5223790 1.9726 1.0000000 1.0000 0.33333333333333337 1.0 0.403701622488689 []
20:56:16 <INFO> Sampled SMILES c1(Br)c(NC(=O)[C@H](CC)N(S(=O)(=O)=O)c2cccc(c2)C#N)cccc1 failed to sanitize.
20:56:16 <INFO> Sampled SMILES c1c(Cc2[nH]c([C@H](N)Cc3ccc(cc3)O)nc(c2)C#Cc2ccccc2)cccc1 failed to sanitize.
20:56:16 <INFO> Sampled SMILES O(c1c(NC([C@H](OC(c2ccc(OC(F)(F)F)cc2)=O)=O)=O)cccc1)C failed to sanitize.
20:56:19 <INFO> Score: 0.34 Agent NLL: 28.74 Valid:  95% Step: 56
 | Agent Prior Target Score SMILES SMILES_state Scaffold predicted_activity predicted_activity (raw) training_similarity training_similarity (raw) taf_consistency taf_consistency (raw) novelty novelty (raw) stereo_validity stereo_validity (raw) MW_window MW_window (raw) synthetic_feasibility synthetic_feasibility (raw) curated alerts filter curated alerts filter (raw) taf_disrupted (predicted_activity) scaffold_novelty (predicted_activity) uncertainty (predicted_activity) matchting_patterns (curated alerts filter)
 | 37.7293 48.6416 14.9152 0.4965376 CC(C)C[C@H](Nc1nc(=O)[nH]c2ccccc12)C(=O)Nc1nn(CC#N)cc1Br 1 O=C(CNc1nc(=O)[nH]c2ccccc12)Nc1cc[nH]n1 0.2750000 0.2750 0.2139827 0.2140 0.6666667 0.6667 0.7895087 0.7895 1.0000000 1.0000 1.0000000 458.3200 0.5532258 3.3204 1.0000000 1.0000 0.33333333333333337 1.0 0.44651427748729383 []
 | 27.2080 34.1798 -23.6859 0.0819832 CC(SCCCO)C(=O)NC(=O)OCC1c2ccccc2-c2ccccc21 1 c1ccc2c(c1)Cc1ccccc1-2 0.2450000 0.2450 0.3045001 0.3045 0.6666667 0.6667 0.7059142 0.7059 0.0000000 0.0000 1.0000000 385.4850 0.5419875 2.8278 1.0000000 1.0000 0.33333333333333337 1.0 0.4300872004605578 []
 | 24.5779 36.2390 29.5088 0.5136547 CC(C)(C)OC(=O)Nc1cnc(NS(=O)(=O)c2ccccc2C#N)nn1 1 O=S(=O)(Nc1nccnn1)c1ccccc1 0.2150000 0.2150 0.2396406 0.2396 1.0000000 1.0000 0.7651443 0.7651 1.0000000 1.0000 1.0000000 376.3980 0.5360655 2.5690 1.0000000 1.0000 0.0 1.0 0.41082234603292944 []
 | 23.3358 34.9778 -24.6621 0.0805911 CN(C)C(CNC(=NCC#N)NCc1ccc(C#N)cc1)c1ccccc1 1 N=C(NCCc1ccccc1)NCc1ccccc1 0.2800000 0.2800 0.2398006 0.2398 0.6666667 0.6667 0.7601994 0.7602 0.0000000 0.0000 1.0000000 360.4650 0.5473081 3.0607 1.0000000 1.0000 0.33333333333333337 1.0 0.44899888641287294 []
 | 26.5112 25.0765 -25.0765 0.0000000 COc1ccccc1/C(C#N)=C\C(=O)O 1 c1ccccc1 0.1900000 0.1900 0.3031695 0.3032 0.3333333 0.3333 0.7384428 0.7384 1.0000000 1.0000 1.0000000 203.1970 0.5269884 2.1732 1.0000000 1.0000 0.6666666666666667 1.0 0.39230090491866065 []
 | 23.4977 28.7064 -28.7064 0.0000000 O=C(O)COc1cccc(C(=O)Nc2ccc(F)c(F)c2)c1 1 O=C(Nc1ccccc1)c1ccccc1 0.2750000 0.2750 0.2859314 0.2859 0.3333333 0.3333 0.7140686 0.7141 1.0000000 1.0000 1.0000000 307.2520 0.5163710 1.7112 1.0000000 1.0000 0.6666666666666667 1.0 0.4465142774872938 []
 | 45.3846 47.1046 8.2488 0.4324484 C=C1OCCC([C@H](c2ccccc2)[C@@H]2NC(=O)c3ccccc3OC2=O)O1 1 C=C1OCCC(C(c2ccccc2)C2NC(=O)c3ccccc3OC2=O)O1 0.2200000 0.2200 0.2930426 0.2930 0.3333333 0.3333 0.7152526 0.7153 0.6666667 0.6667 1.0000000 365.3850 0.5474412 3.9334 1.0000000 1.0000 0.6666666666666667 1.0 0.4142463035441596 []
 | 26.8490 38.5962 24.8053 0.4953240 C#CCn1c(CO)nnc1SCC(=O)Nc1scc(-c2ccco2)c1C#N 1 O=C(CSc1nnc[nH]1)Nc1cc(-c2ccco2)cs1 0.2650000 0.2650 0.2199429 0.2199 0.6666667 0.6667 0.8032396 0.8032 1.0000000 1.0000 1.0000000 399.4570 0.5464998 3.0253 1.0000000 1.0000 0.33333333333333337 1.0 0.4413332074521472 []
 | 37.1020 39.2995 13.6652 0.4137868 CCOC(=O)c1cccn2c(C3CCN(C(=O)c4cnc(C)cc4Cl)CC3)nnc12 1 O=C(c1cccnc1)N1CCC(c2nnc3ccccn23)CC1 0.1700000 0.1700 0.2470161 0.2470 0.3333333 0.3333 0.7698563 0.7699 1.0000000 1.0000 1.0000000 427.8920 0.5373386 2.6246 1.0000000 1.0000 0.6666666666666667 1.0 0.375632799419859 []
 | 26.0047 30.4525 35.6082 0.5160988 Cc1cccc(OC[C@@H](O)CNCc2cccc(C#N)c2)c1C 1 c1ccc(CNCCCOc2ccccc2)cc1 0.2550000 0.2550 0.2908717 0.2909 0.6666667 0.6667 0.7091283 0.7091 1.0000000 1.0000 1.0000000 310.3970 0.5349349 2.5197 1.0000000 1.0000 0.33333333333333337 1.0 0.43586121644395015 []
20:56:23 <INFO> Score: 0.36 Agent NLL: 27.40 Valid: 100% Step: 57
 | Agent Prior Target Score SMILES SMILES_state Scaffold predicted_activity predicted_activity (raw) training_similarity training_similarity (raw) taf_consistency taf_consistency (raw) novelty novelty (raw) stereo_validity stereo_validity (raw) MW_window MW_window (raw) synthetic_feasibility synthetic_feasibility (raw) curated alerts filter curated alerts filter (raw) taf_disrupted (predicted_activity) scaffold_novelty (predicted_activity) uncertainty (predicted_activity) matchting_patterns (curated alerts filter)
 | 29.2760 34.1075 26.7688 0.4755961 COc1cc(-c2cc(NC(=O)c3cc(Br)ccc3F)no2)cc(OC)c1OC 1 O=C(Nc1cc(-c2ccccc2)on1)c1ccccc1 0.1800000 0.1800 0.2680281 0.2680 0.6666667 0.6667 0.8101684 0.8102 1.0000000 1.0000 1.0000000 451.2480 0.5294113 2.2788 1.0000000 1.0000 0.33333333333333337 1.0 0.38418745424597095 []
 | 32.7712 39.8396 -36.2708 0.0278813 CCOCCOc1ncccc1C(=O)N1CCN([C@@H](c2ccccc2)c2cccn2C)CC1 1 O=C(c1cccnc1)N1CCN(C(c2ccccc2)c2ccc[nH]2)CC1 0.2100000 0.2100 0.2905340 0.2905 0.0000000 0.0000 0.7315376 0.7315 1.0000000 1.0000 1.0000000 448.5670 0.5452687 2.9714 1.0000000 1.0000 1.0 1.0 0.40730823708832603 []
 | 27.9982 29.3265 34.9903 0.5024744 O=C(CCc1ncc(-c2ccccc2F)o1)NCc1ccc(Br)o1 1 O=C(CCc1ncc(-c2ccccc2)o1)NCc1ccco1 0.2500000 0.2500 0.2583413 0.2583 0.6666667 0.6667 0.7416587 0.7417 1.0000000 1.0000 1.0000000 393.2120 0.5303182 2.3183 1.0000000 1.0000 0.33333333333333337 1.0 0.4330127018922193 []
 | 26.7029 31.0307 26.9193 0.4527349 Nc1ccc(C(=O)Nc2nnc(SCc3ccco3)s2)cn1 1 O=C(Nc1nnc(SCc2ccco2)s1)c1cccnc1 0.2850000 0.2850 0.2324953 0.2325 0.3333333 0.3333 0.7675047 0.7675 1.0000000 1.0000 1.0000000 333.3980 0.5312305 2.3581 1.0000000 1.0000 0.6666666666666667 1.0 0.4514144437210666 []
 | 32.2216 38.2940 -38.2940 0.0000000 CC[C@H](C)NC(=O)NC(=O)[C@H](C)OC(=O)COc1cc(C#N)ccc1OC 1 c1ccccc1 0.2100000 0.2100 0.2575131 0.2575 1.0000000 1.0000 0.7793694 0.7794 1.0000000 1.0000 1.0000000 377.3970 0.5449042 2.9554 1.0000000 1.0000 0.0 1.0 0.4073082370883261 []
 | 24.6753 25.2380 27.2998 0.4104516 O=C(O)c1csc(-c2cc(Br)co2)n1 1 c1coc(-c2nccs2)c1 0.2300000 0.2300 0.1717092 0.1717 0.3333333 0.3333 0.8282908 0.8283 1.0000000 1.0000 1.0000000 274.0950 0.5441235 2.9213 1.0000000 1.0000 0.6666666666666667 1.0 0.4208325082500163 []
 | 23.0555 29.7479 30.1475 0.4679330 CSc1ccccc1C(=O)NCc1ccc(C(=O)NCCCOC(C)C)cc1 1 O=C(NCc1ccccc1)c1ccccc1 0.2700000 0.2700 0.2958682 0.2959 0.3333333 0.3333 0.7122393 0.7122 1.0000000 1.0000 1.0000000 400.5440 0.5239096 2.0392 1.0000000 1.0000 0.6666666666666667 1.0 0.4439594576084623 []
 | 35.3469 44.6661 17.6877 0.4871395 N#Cc1[nH]ncc1S(=O)(=O)Nc1cccc(NC(=O)c2ccc([N+](=O)[O-])s2)c1 1 O=C(Nc1cccc(NS(=O)(=O)c2cn[nH]c2)c1)c1cccs1 0.2750000 0.2750 0.1959766 0.1960 0.6666667 0.6667 0.8040234 0.8040 1.0000000 1.0000 1.0000000 418.4160 0.5408766 2.7792 1.0000000 1.0000 0.33333333333333337 1.0 0.44651427748729383 []
 | 21.8082 26.4081 -25.0966 0.0102457 CCCCC/C=C\C/C=C\CCCCCCCC(=O)OC[C@@H](COC(=O)CCCCCCC/C=C\CCCCCCCCC)OC(=O)CCCCCCC/C=C\C/C=C\CCCCC 1  0.1200000 0.1200 0.3244428 0.3244 0.3333333 0.3333 0.7348349 0.7348 1.0000000 1.0000 0.0000000 895.4480 0.5516757 3.7477 1.0000000 1.0000 0.6666666666666667 1.0 0.3249615361854384 []
 | 32.8128 31.3484 -31.3484 0.0000000 CCN(CC)c1ccc(NN=Cc2ccc(NC(=O)OC(C)(C)C)cc2)cc1 1 C(=NNc1ccccc1)c1ccccc1 0.0000000 0.0000 0.0000000 0.0000 0.0000000 0.0000 0.0000000 0.0000 0.0000000 0.0000 0.0000000 0.0000 0.0000000 0.0000 0.0000000 0.0000 None None None ['[#7;!n][#7;!n]']
20:56:27 <INFO> Score: 0.38 Agent NLL: 29.41 Valid: 100% Step: 58
 | Agent Prior Target Score SMILES SMILES_state Scaffold predicted_activity predicted_activity (raw) training_similarity training_similarity (raw) taf_consistency taf_consistency (raw) novelty novelty (raw) stereo_validity stereo_validity (raw) MW_window MW_window (raw) synthetic_feasibility synthetic_feasibility (raw) curated alerts filter curated alerts filter (raw) taf_disrupted (predicted_activity) scaffold_novelty (predicted_activity) uncertainty (predicted_activity) matchting_patterns (curated alerts filter)
 | 24.5013 25.2239 30.7044 0.4369395 NCc1ccc(S(=O)(=O)NCCSc2ccccc2)cc1 1 O=S(=O)(NCCSc1ccccc1)c1ccccc1 0.2250000 0.2250 0.2500965 0.2501 0.3333333 0.3333 0.7499035 0.7499 1.0000000 1.0000 1.0000000 322.4550 0.5212240 1.9223 1.0000000 1.0000 0.6666666666666667 1.0 0.41758232721225164 []
 | 22.0532 26.7521 -26.7521 0.0000000 CCc1ccccc1NC(=O)NC[C@H](O)COC 1 c1ccccc1 0.2900000 0.2900 0.3358094 0.3358 0.3333333 0.3333 0.6803190 0.6803 1.0000000 1.0000 1.0000000 252.3140 0.5313146 2.3618 1.0000000 1.0000 0.6666666666666667 1.0 0.4537620521815371 []
 | 24.5858 27.0463 33.2040 0.4707056 CCN[C@H](C)CNC(=O)c1cncc(-c2ccccc2)c1 1 c1ccc(-c2cccnc2)cc1 0.2850000 0.2850 0.2857953 0.2858 0.3333333 0.3333 0.7175771 0.7176 1.0000000 1.0000 1.0000000 283.3750 0.5330160 2.4360 1.0000000 1.0000 0.6666666666666667 1.0 0.4514144437210666 []
 | 28.0099 32.5074 32.6449 0.5090022 CCS(=O)(=O)NC(=O)c1ccc(COCc2ccccc2)o1 1 c1ccc(COCc2ccco2)cc1 0.3000000 0.3000 0.4211985 0.4212 0.3333333 0.3333 0.5788015 0.5788 1.0000000 1.0000 1.0000000 323.3700 0.5276702 2.2029 1.0000000 1.0000 0.6666666666666667 1.0 0.45825756949558394 []
 | 21.4532 31.9542 35.3062 0.5254718 O=C(COC(=O)c1ccccc1)O[C@@H](C(=O)Nc1ccccc1)c1ccccc1 1 O=C(COC(=O)c1ccccc1)OC(C(=O)Nc1ccccc1)c1ccccc1 0.2750000 0.2750 0.2972973 0.2973 0.6666667 0.6667 0.7027027 0.7027 1.0000000 1.0000 1.0000000 389.4070 0.5290352 2.2624 1.0000000 1.0000 0.33333333333333337 1.0 0.44651427748729383 []
 | 24.3147 30.4895 -30.4895 0.0000000 N#CCOc1cc(/C=N\NC(=O)Cc2ccccc2)ccc1OCc1ccccc1 1 O=C(Cc1ccccc1)NN=Cc1ccc(OCc2ccccc2)cc1 0.0000000 0.0000 0.0000000 0.0000 0.0000000 0.0000 0.0000000 0.0000 0.0000000 0.0000 0.0000000 0.0000 0.0000000 0.0000 0.0000000 0.0000 None None None ['[#7;!n][#7;!n]']
 | 27.1390 34.8325 34.5641 0.5421607 C#Cc1cccc(N=Cc2ccccc2OC(=O)OCc2ccccc2)c1 1 O=C(OCc1ccccc1)Oc1ccccc1C=Nc1ccccc1 0.2900000 0.2900 0.3322053 0.3322 0.6666667 0.6667 0.6677947 0.6678 1.0000000 1.0000 1.0000000 355.3930 0.5315698 2.3729 1.0000000 1.0000 0.33333333333333337 1.0 0.4537620521815371 []
 | 38.8620 40.1895 14.4524 0.4268901 CCn1c(N)nnc1C(C)(C)Nc1cccc2cc[nH]c12 1 c1cc(NCc2nnc[nH]2)c2[nH]ccc2c1 0.2250000 0.2250 0.2118967 0.2119 0.3333333 0.3333 0.8512955 0.8513 1.0000000 1.0000 1.0000000 284.3670 0.5469022 3.0429 1.0000000 1.0000 0.6666666666666667 1.0 0.41758232721225164 []
 | 30.3032 30.7993 27.6838 0.4568995 CCNC(=NCCCOCCOC)NCCNC(=O)OCC1CCCC1 1 C1CCCC1 0.1400000 0.1400 0.2826755 0.2827 0.6666667 0.6667 0.7679302 0.7679 1.0000000 1.0000 1.0000000 372.5100 0.5382596 2.6648 1.0000000 1.0000 0.33333333333333337 1.0 0.34698703145794946 []
 | 26.1338 35.8122 28.0226 0.4987094 N#Cc1ccccc1COC(=O)c1coc(Sc2ccccc2)n1 1 O=C(OCc1ccccc1)c1coc(Sc2ccccc2)n1 0.2150000 0.2150 0.2908717 0.2909 0.6666667 0.6667 0.7091283 0.7091 1.0000000 1.0000 1.0000000 336.3720 0.5341363 2.4848 1.0000000 1.0000 0.33333333333333337 1.0 0.4108223460329294 []
20:56:27 <INFO> Sampled SMILES C(Nc1scc(/C(=N/OC(=O)Cc2ccccc2Cl)=O)n1)(=O)c1cccc(c1)C failed to sanitize.
20:56:27 <INFO> Sampled SMILES Cc1cccc(-n2nc(c(=O)cc2C(=O)OCC)=NC(=O)c2ccc(cc2)S(=O)(N(CC)CC)=O)c1C failed to sanitize.
20:56:27 <INFO> Sampled SMILES O=c1c2c(cccn2nc1-c1ncccn1)C(=O)OCc1onc(C(OC)=O)c1 failed to sanitize.
20:56:27 <INFO> Sampled SMILES c1cc2nc3N(c4ccc(C)cc4C#N)[C@H](OC[C@H]4CCN(C4)C)Nc3n2n1 failed to sanitize.
20:56:30 <INFO> Score: 0.38 Agent NLL: 28.72 Valid:  94% Step: 59
 | Agent Prior Target Score SMILES SMILES_state Scaffold predicted_activity predicted_activity (raw) training_similarity training_similarity (raw) taf_consistency taf_consistency (raw) novelty novelty (raw) stereo_validity stereo_validity (raw) MW_window MW_window (raw) synthetic_feasibility synthetic_feasibility (raw) curated alerts filter curated alerts filter (raw) taf_disrupted (predicted_activity) scaffold_novelty (predicted_activity) uncertainty (predicted_activity) matchting_patterns (curated alerts filter)
 | 30.8732 41.9467 23.2640 0.5094587 CCN(C(=O)Nc1cccnc1C(=O)OCc1cc(-c2ccccc2)on1)c1ccccc1 1 O=C(Nc1ccccc1)Nc1cccnc1C(=O)OCc1cc(-c2ccccc2)on1 0.2100000 0.2100 0.3309715 0.3310 0.6666667 0.6667 0.7169227 0.7169 1.0000000 1.0000 1.0000000 442.4750 0.5328776 2.4299 1.0000000 1.0000 0.33333333333333337 1.0 0.4073082370883261 []
 | 23.7691 32.6940 32.9264 0.5126594 Cc1cccc(OCC(=O)Nc2c(C#N)nn(Cc3ccccc3)c2C)c1 1 O=C(COc1ccccc1)Nc1cnn(Cc2ccccc2)c1 0.2300000 0.2300 0.3142093 0.3142 0.6666667 0.6667 0.7064348 0.7064 1.0000000 1.0000 1.0000000 360.4170 0.5278521 2.2109 1.0000000 1.0000 0.33333333333333337 1.0 0.4208325082500163 []
 | 22.2262 29.1872 29.1129 0.4554691 C[C@@H]1CN(CCOc2cccc3ccccc23)C[C@@H](CO)O1 1 c1ccc2c(OCCN3CCOCC3)cccc2c1 0.2150000 0.2150 0.3221930 0.3222 0.3333333 0.3333 0.6778070 0.6778 1.0000000 1.0000 1.0000000 301.3860 0.5425403 2.8520 1.0000000 1.0000 0.6666666666666667 1.0 0.41082234603292944 []
 | 26.2295 33.4166 25.3395 0.4590323 COc1ccc(CNC(=O)c2cnn(-c3cccc(F)c3)c2CO)cc1 1 O=C(NCc1ccccc1)c1cnn(-c2ccccc2)c1 0.2300000 0.2300 0.3120306 0.3120 0.3333333 0.3333 0.7467749 0.7468 1.0000000 1.0000 1.0000000 355.3690 0.5256553 2.1152 1.0000000 1.0000 0.6666666666666667 1.0 0.4208325082500163 []
 | 35.0838 44.3208 20.5872 0.5070936 Cc1ccc(-n2c(SCC(=O)Nc3sc(C#N)c(-c4ccccc4)c3C#N)nc3sccc3c2=O)cc1 1 O=C(CSc1nc2sccc2c(=O)n1-c1ccccc1)Nc1cc(-c2ccccc2)cs1 0.2750000 0.2750 0.2421987 0.2422 0.6666667 0.6667 0.7589856 0.7590 1.0000000 1.0000 1.0000000 539.6670 0.5414089 2.8025 1.0000000 1.0000 0.33333333333333337 1.0 0.44651427748729383 []
 | 24.4272 28.9734 34.2286 0.4937652 Cc1ncc(CNC(=O)NCC[C@@H](O)c2ccccc2)s1 1 O=C(NCCCc1ccccc1)NCc1cncs1 0.3200000 0.3200 0.3259179 0.3259 0.3333333 0.3333 0.6740821 0.6741 1.0000000 1.0000 1.0000000 305.4030 0.5377705 2.6435 1.0000000 1.0000 0.6666666666666667 1.0 0.46647615158762396 []
 | 21.2510 28.7842 34.8546 0.4971778 CC[C@@H](CO)Nc1nc(NC(=O)OC(C)(C)C)cc(C(F)(F)F)n1 1 c1cncnc1 0.2200000 0.2200 0.2741446 0.2741 0.6666667 0.6667 0.7393570 0.7394 1.0000000 1.0000 1.0000000 350.3410 0.5476670 3.0765 1.0000000 1.0000 0.33333333333333337 1.0 0.4142463035441596 []
 | 28.9077 28.6735 34.5888 0.4942365 COC(=O)c1csc(C(=O)NCCc2ccc(F)cc2)n1 1 O=C(NCCc1ccccc1)c1nccs1 0.2300000 0.2300 0.2578807 0.2579 0.6666667 0.6667 0.7716942 0.7717 1.0000000 1.0000 1.0000000 308.3340 0.5245930 2.0689 1.0000000 1.0000 0.33333333333333337 1.0 0.4208325082500163 []
 | 55.0102 68.9117 -67.1533 0.0137377 CN(CCO[C@H]1OC(CO)(CO)C[C@@H]1NC(=O)OCc1ccc(C#N)cc1)C(=O)OCc1ccc(NC(=O)OCN2C(=O)C=CC2=O)cc1 1 O=C(NCCOC1OCCC1NC(=O)OCc1ccccc1)OCc1ccc(NC(=O)OCN2C(=O)C=CC2=O)cc1 0.2350000 0.2350 0.3013692 0.3014 1.0000000 1.0000 0.7324461 0.7324 1.0000000 1.0000 0.0000000 681.6550 0.5406219 4.2319 1.0000000 1.0000 0.0 1.0 0.4239988207530771 []
 | 29.4797 32.5381 -28.9201 0.0282655 Cc1cc(-c2cnc3ccccc3n2)ccc1O[C@H](C)C(=O)O 1 c1ccc(-c2cnc3ccccc3n2)cc1 0.2400000 0.2400 0.2757767 0.2758 0.0000000 0.0000 0.7242233 0.7242 1.0000000 1.0000 1.0000000 308.3370 0.5334330 2.4541 1.0000000 1.0000 1.0 1.0 0.4270831300812525 []
20:56:31 <INFO> Sampled SMILES CC(CN(C(=O)c1nn(c(=O)cc1)=O)CC(Nc1c(cccc1)C#N)=O)C failed to sanitize.
20:56:34 <INFO> Score: 0.41 Agent NLL: 27.87 Valid:  98% Step: 60
 | Agent Prior Target Score SMILES SMILES_state Scaffold predicted_activity predicted_activity (raw) training_similarity training_similarity (raw) taf_consistency taf_consistency (raw) novelty novelty (raw) stereo_validity stereo_validity (raw) MW_window MW_window (raw) synthetic_feasibility synthetic_feasibility (raw) curated alerts filter curated alerts filter (raw) taf_disrupted (predicted_activity) scaffold_novelty (predicted_activity) uncertainty (predicted_activity) matchting_patterns (curated alerts filter)
 | 41.6191 48.0444 10.0626 0.4539608 C#CCn1c(=NC(=O)c2ccc(-c3nccc(N(CC)c4ccccc4F)n3)cc2)sc2ccccc21 1 O=C(N=c1[nH]c2ccccc2s1)c1ccc(-c2nccc(Nc3ccccc3)n2)cc1 0.2900000 0.2900 0.2289560 0.2290 0.3333333 0.3333 0.7710440 0.7710 1.0000000 1.0000 1.0000000 507.5940 0.5425583 2.8528 1.0000000 1.0000 0.6666666666666667 1.0 0.4537620521815371 []
 | 29.0151 35.2635 34.7674 0.5471161 COc1ccc(NC(=O)NCCC(=O)O[C@H](C)C(=O)Nc2cccc(C#N)c2)c(OC)c1 1 O=C(COC(=O)CCNC(=O)Nc1ccccc1)Nc1ccccc1 0.2400000 0.2400 0.2925959 0.2926 1.0000000 1.0000 0.7841336 0.7841 1.0000000 1.0000 1.0000000 440.4560 0.5371306 2.6155 1.0000000 1.0000 0.0 1.0 0.4270831300812525 []
 | 27.7843 32.8910 26.9400 0.4674300 O=C(Nc1cccc(NC(=O)c2ccco2)c1)c1cc(NC2CCCC2)ncn1 1 O=C(Nc1cccc(NC(=O)c2ccco2)c1)c1cc(NC2CCCC2)ncn1 0.2800000 0.2800 0.2818268 0.2818 0.3333333 0.3333 0.7181732 0.7182 1.0000000 1.0000 1.0000000 391.4310 0.5294046 2.2785 1.0000000 1.0000 0.6666666666666667 1.0 0.44899888641287294 []
 | 28.9639 29.0346 34.4674 0.4961096 CN(CCC#N)C(=O)c1nc(CN)co1 1 c1cocn1 0.2500000 0.2500 0.2337859 0.2338 0.6666667 0.6667 0.8226569 0.8227 1.0000000 1.0000 1.0000000 208.2210 0.5469127 3.0434 1.0000000 1.0000 0.33333333333333337 1.0 0.4330127018922193 []
 | 25.2244 31.0466 43.8568 0.5851826 N#Cc1ccc(COC(=O)c2cc(Cl)ccc2NC(=O)c2ccco2)cc1 1 O=C(Nc1ccccc1C(=O)OCc1ccccc1)c1ccco1 0.3150000 0.3150 0.3254934 0.3255 1.0000000 1.0000 0.6745066 0.6745 1.0000000 1.0000 1.0000000 380.7870 0.5243409 2.0579 1.0000000 1.0000 0.0 1.0 0.46451587701606073 []
 | 33.7968 40.4608 -30.4157 0.0784778 N#Cc1cc2sc(-c3ccc4c(c3)CC(CO)O4)c(C#N)c2s1 1 c1cc2sc(-c3ccc4c(c3)CCO4)cc2s1 0.2300000 0.2300 0.2519763 0.2520 0.6666667 0.6667 0.7864395 0.7864 0.0000000 0.0000 1.0000000 338.4130 0.5556162 3.5746 1.0000000 1.0000 0.33333333333333337 1.0 0.4208325082500163 []
 | 19.9749 26.6215 47.4735 0.5788671 N#Cc1ccc(C(=O)N[C@H](CO)c2ccccc2)nc1 1 O=C(NCc1ccccc1)c1ccccn1 0.3700000 0.3700 0.3639127 0.3639 0.6666667 0.6667 0.6360873 0.6361 1.0000000 1.0000 1.0000000 267.2880 0.5342325 2.4890 1.0000000 1.0000 0.33333333333333337 1.0 0.4828043081829324 []
 | 27.3056 40.2786 27.7999 0.5318629 CC(C)OC(=O)n1cccc1CCNC(=O)Nc1ccccc1Br 1 O=C(NCCc1ccc[nH]1)Nc1ccccc1 0.2500000 0.2500 0.2464136 0.2464 1.0000000 1.0000 0.7576069 0.7576 1.0000000 1.0000 1.0000000 394.2690 0.5333478 2.4504 1.0000000 1.0000 0.0 1.0 0.4330127018922193 []
 | 22.9465 26.3773 32.0172 0.4562070 O=C(Cc1ccccc1Cl)NCc1ccccc1OC(F)F 1 O=C(Cc1ccccc1)NCc1ccccc1 0.2600000 0.2600 0.2702702 0.2703 0.3333333 0.3333 0.7297298 0.7297 1.0000000 1.0000 1.0000000 325.7420 0.5202424 1.8796 1.0000000 1.0000 0.6666666666666667 1.0 0.4386342439892262 []
 | 27.4246 31.7397 25.9602 0.4507800 Cn1nccc1Sc1cnc(NC(=O)OC(C)(C)C)o1 1 c1cc(Sc2cnco2)[nH]n1 0.1750000 0.1750 0.2069102 0.2069 0.6666667 0.6667 0.8017274 0.8017 1.0000000 1.0000 1.0000000 296.3520 0.5522574 3.2778 1.0000000 1.0000 0.33333333333333337 1.0 0.3799671038392666 []
20:56:34 <INFO> Sampled SMILES c12c(ncnc1N)n([C@@H]([C@H](O)CO)O)ncc2C(=O)N failed to sanitize.
20:56:38 <INFO> Score: 0.37 Agent NLL: 27.17 Valid:  98% Step: 61
 | Agent Prior Target Score SMILES SMILES_state Scaffold predicted_activity predicted_activity (raw) training_similarity training_similarity (raw) taf_consistency taf_consistency (raw) novelty novelty (raw) stereo_validity stereo_validity (raw) MW_window MW_window (raw) synthetic_feasibility synthetic_feasibility (raw) curated alerts filter curated alerts filter (raw) taf_disrupted (predicted_activity) scaffold_novelty (predicted_activity) uncertainty (predicted_activity) matchting_patterns (curated alerts filter)
 | 33.1349 36.4923 -35.0916 0.0109431 CCCCCCCC/C=C\CCCCCC(=O)OCC(COC(=O)CCCCCCCCCCC)OC(=O)C[C@H](O)CO 1  0.1300000 0.1300 0.3431764 0.3432 0.6666667 0.6667 0.6687054 0.6687 0.5000000 0.5000 0.0000000 612.8890 0.5561133 3.5527 1.0000000 1.0000 0.33333333333333337 1.0 0.33630343441600474 []
 | 24.7048 31.1637 35.6706 0.5221430 N#Cc1ccccc1NCC(=O)OCC(=O)NCc1ccc2c(c1)OCO2 1 O=C(COC(=O)CNc1ccccc1)NCc1ccc2c(c1)OCO2 0.2250000 0.2250 0.2513675 0.2514 1.0000000 1.0000 0.7515987 0.7516 1.0000000 1.0000 1.0000000 367.3610 0.5278575 2.2111 1.0000000 1.0000 0.0 1.0 0.41758232721225164 []
 | 32.4240 33.1461 34.1458 0.5257177 CCCOC(=O)c1cccc(N2C(=O)NC(=O)/C(=C/c3cc(Cl)ccc3OCc3ccccc3)C2=O)c1 1 O=C1NC(=O)N(c2ccccc2)C(=O)C1=Cc1ccccc1OCc1ccccc1 0.2100000 0.2100 0.4003088 0.4003 0.6666667 0.6667 0.6095524 0.6096 1.0000000 1.0000 1.0000000 518.9530 0.5321555 2.3984 1.0000000 1.0000 0.33333333333333337 1.0 0.4073082370883261 []
 | 25.4846 33.1195 -33.1195 0.0000000 Cc1ccc(C(=O)OCC(=O)N(C)[C@@H](C)C#N)cc1[N+](=O)[O-] 1 c1ccccc1 0.2500000 0.2500 0.2190343 0.2190 0.6666667 0.6667 0.8060855 0.8061 1.0000000 1.0000 1.0000000 305.2900 0.5427535 2.8613 1.0000000 1.0000 0.33333333333333337 1.0 0.4330127018922193 []
 | 24.2233 28.3965 33.2009 0.4812293 COc1cccc(C(=O)O[C@@H](C)C(=O)Nc2ccc(Cl)cn2)c1 1 O=C(COC(=O)c1ccccc1)Nc1ccccn1 0.1900000 0.1900 0.2708645 0.2709 0.6666667 0.6667 0.7841795 0.7842 1.0000000 1.0000 1.0000000 334.7590 0.5302601 2.3158 1.0000000 1.0000 0.33333333333333337 1.0 0.39230090491866065 []
 | 29.5787 38.0367 22.2405 0.4709151 CCOC(=O)c1csc(NC(=O)[C@H](C)C(=O)NC(=O)OC(C)(C)C)n1 1 c1cscn1 0.2050000 0.2050 0.2219011 0.2219 0.6666667 0.6667 0.7937158 0.7937 1.0000000 1.0000 1.0000000 371.4150 0.5438499 2.9093 1.0000000 1.0000 0.33333333333333337 1.0 0.403701622488689 []
 | 20.9826 28.7965 39.8895 0.5366093 N#C[C@H]([C@@H](O)c1ccccc1)n1cnnn1 1 c1ccc(CCn2cnnn2)cc1 0.3400000 0.3400 0.2575637 0.2576 0.6666667 0.6667 0.7424363 0.7424 1.0000000 1.0000 1.0000000 215.2160 0.5563360 3.4571 1.0000000 1.0000 0.33333333333333337 1.0 0.4737087712930805 []
 | 20.8208 27.2667 35.4062 0.4896318 O=C(NCc1ccccc1F)c1cnc(NCCO)nc1 1 O=C(NCc1ccccc1)c1cncnc1 0.3500000 0.3500 0.2859314 0.2859 0.3333333 0.3333 0.7140686 0.7141 1.0000000 1.0000 1.0000000 290.2980 0.5247282 2.0748 1.0000000 1.0000 0.6666666666666667 1.0 0.47696960070847283 []
 | 28.5939 29.7666 34.3091 0.5005914 CC(C)[C@@H](NC(=O)OC(C)(C)C)C(=O)NCc1ccc2ccccc2n1 1 c1ccc2ncccc2c1 0.2550000 0.2550 0.2464136 0.2464 0.6666667 0.6667 0.7576069 0.7576 1.0000000 1.0000 1.0000000 357.4540 0.5350481 2.5246 1.0000000 1.0000 0.33333333333333337 1.0 0.43586121644395015 []
 | 23.8693 27.8649 -27.8649 0.0000000 CN(Cc1cnn(C)c1)C(=O)N[C@H](CO)C(=O)O 1 c1cn[nH]c1 0.2900000 0.2900 0.2642491 0.2642 0.3333333 0.3333 0.7400624 0.7401 1.0000000 1.0000 1.0000000 256.2620 0.5409116 2.7807 1.0000000 1.0000 0.6666666666666667 1.0 0.4537620521815371 []
20:56:38 <INFO> Sampled SMILES c1c2cc3c(cccc3c(=O)n2C(=O)[C@H](CO)NC(=O)OC(C)(C)C)cc1 failed to sanitize.
20:56:42 <INFO> Score: 0.37 Agent NLL: 28.60 Valid:  98% Step: 62
 | Agent Prior Target Score SMILES SMILES_state Scaffold predicted_activity predicted_activity (raw) training_similarity training_similarity (raw) taf_consistency taf_consistency (raw) novelty novelty (raw) stereo_validity stereo_validity (raw) MW_window MW_window (raw) synthetic_feasibility synthetic_feasibility (raw) curated alerts filter curated alerts filter (raw) taf_disrupted (predicted_activity) scaffold_novelty (predicted_activity) uncertainty (predicted_activity) matchting_patterns (curated alerts filter)
 | 28.3359 32.6835 38.3223 0.5547325 O=C(C[C@H](NC(=O)OC1COC1)C(=O)O)OCc1ccccc1 1 O=C(CCNC(=O)OC1COC1)OCc1ccccc1 0.2600000 0.2600 0.4262004 0.4262 0.6666667 0.6667 0.5737996 0.5738 1.0000000 1.0000 1.0000000 323.3010 0.5369123 2.6060 1.0000000 1.0000 0.33333333333333337 1.0 0.43863424398922624 []
 | 31.9812 36.6328 14.8113 0.4019067 O=c1c(S(=O)(=O)c2ccc(Br)cc2)nncn1-c1cccc(Cl)c1 1 O=c1c(S(=O)(=O)c2ccccc2)nncn1-c1ccccc1 0.2350000 0.2350 0.1522039 0.1522 0.3333333 0.3333 0.8477961 0.8478 1.0000000 1.0000 1.0000000 426.6790 0.5325285 2.4147 1.0000000 1.0000 0.6666666666666667 1.0 0.4239988207530771 []
 | 24.6006 32.5687 26.3077 0.4599719 CC[C@H](C(=O)NCc1ccco1)N(Cc1cccc(F)c1)S(C)(=O)=O 1 O=C(CNCc1ccccc1)NCc1ccco1 0.2600000 0.2600 0.2762456 0.2762 0.3333333 0.3333 0.7237544 0.7238 1.0000000 1.0000 1.0000000 368.4300 0.5424168 2.8466 1.0000000 1.0000 0.6666666666666667 1.0 0.4386342439892262 []
 | 25.9050 32.5770 36.5526 0.5400752 COCc1cc(C(=O)Nc2ccccc2C#CCCO)n[nH]1 1 O=C(Nc1ccccc1)c1cc[nH]n1 0.3150000 0.3150 0.2948309 0.2948 0.6666667 0.6667 0.7152526 0.7153 1.0000000 1.0000 1.0000000 299.3300 0.5354729 2.5432 1.0000000 1.0000 0.33333333333333337 1.0 0.46451587701606073 []
 | 22.0052 23.0435 28.7444 0.4045925 N#Cc1ccc(Oc2cc(C#N)ccn2)cc1 1 c1ccc(Oc2ccccn2)cc1 0.2050000 0.2050 0.1815683 0.1816 0.3333333 0.3333 0.8446576 0.8447 1.0000000 1.0000 1.0000000 221.2190 0.5263956 2.1474 1.0000000 1.0000 0.6666666666666667 1.0 0.403701622488689 []
 | 34.5677 36.9010 25.1992 0.4851577 COC(=O)Nc1ccc(NC(=O)c2[nH]nc(OC)c2[N+](=O)[O-])c(OC)c1 1 O=C(Nc1ccccc1)c1ccn[nH]1 0.2000000 0.2000 0.2652791 0.2653 0.6666667 0.6667 0.8121154 0.8121 1.0000000 1.0000 1.0000000 365.3020 0.5336568 2.4639 1.0000000 1.0000 0.33333333333333337 1.0 0.4000000000000001 []
 | 23.7038 27.0904 29.2776 0.4403748 Cn1ccc(NC(=O)NCC2(N)CCC2)n1 1 O=C(NCC1CCC1)Nc1cc[nH]n1 0.2300000 0.2300 0.2473854 0.2474 0.3333333 0.3333 0.7973222 0.7973 1.0000000 1.0000 1.0000000 223.2800 0.5379746 2.6524 1.0000000 1.0000 0.6666666666666667 1.0 0.4208325082500163 []
 | 28.3271 32.5298 32.6079 0.5088884 N#CCOC(=O)c1cccc(-c2noc(-c3ccccc3F)n2)c1 1 c1ccc(-c2noc(-c3ccccc3)n2)cc1 0.2450000 0.2450 0.2802851 0.2803 0.6666667 0.6667 0.7601994 0.7602 1.0000000 1.0000 1.0000000 323.2830 0.5273124 2.1873 1.0000000 1.0000 0.33333333333333337 1.0 0.4300872004605578 []
 | 25.3851 26.6228 36.2675 0.4913304 COc1ccc(C(=O)N[C@@H](Cc2ccccc2)C(N)=O)c(OC)c1 1 O=C(NCCc1ccccc1)c1ccccc1 0.2950000 0.2950 0.3509886 0.3510 0.3333333 0.3333 0.6490114 0.6490 1.0000000 1.0000 1.0000000 328.3680 0.5272292 2.1837 1.0000000 1.0000 0.6666666666666667 1.0 0.45604276115294284 []
 | 24.2688 34.4236 30.5990 0.5079898 O=C(Nc1ccccn1)c1ccc(NC(=O)c2cccc(Br)c2)nc1 1 O=C(Nc1ccc(C(=O)Nc2ccccn2)cn1)c1ccccc1 0.2800000 0.2800 0.2441931 0.2442 0.6666667 0.6667 0.7630758 0.7631 1.0000000 1.0000 1.0000000 397.2320 0.5217780 1.9464 1.0000000 1.0000 0.33333333333333337 1.0 0.44899888641287294 []
20:56:45 <INFO> Score: 0.40 Agent NLL: 29.17 Valid: 100% Step: 63
 | Agent Prior Target Score SMILES SMILES_state Scaffold predicted_activity predicted_activity (raw) training_similarity training_similarity (raw) taf_consistency taf_consistency (raw) novelty novelty (raw) stereo_validity stereo_validity (raw) MW_window MW_window (raw) synthetic_feasibility synthetic_feasibility (raw) curated alerts filter curated alerts filter (raw) taf_disrupted (predicted_activity) scaffold_novelty (predicted_activity) uncertainty (predicted_activity) matchting_patterns (curated alerts filter)
 | 27.3877 34.1220 30.8971 0.5079611 N#Cc1ccccc1N[C@@H]1C[C@@H]2CC[C@@H](O2)[C@H]1CO 1 c1ccc(NC2CC3CCC(C2)O3)cc1 0.2600000 0.2600 0.2608203 0.2608 0.6666667 0.6667 0.7463269 0.7463 1.0000000 1.0000 1.0000000 258.3210 0.5348721 4.4831 1.0000000 1.0000 0.33333333333333337 1.0 0.4386342439892262 []
 | 52.2655 55.1102 0.1555 0.4317633 CCc1ccc([C@@H]2C=C([C@@H]3[C@H](C(=O)Nc4ccccc4C)[C@H]4C=C[C@@H]3CC4)N[C@@H]2C=C(C)C)cc1 1 O=C(Nc1ccccc1)C1C2C=CC(CC2)C1C1=CC(c2ccccc2)CN1 0.1900000 0.1900 0.2779507 0.2780 0.3333333 0.3333 0.7645678 0.7646 1.0000000 1.0000 1.0000000 466.6690 0.5212451 5.0768 1.0000000 1.0000 0.6666666666666667 1.0 0.39230090491866065 []
 | 24.1480 31.9822 -31.9822 0.0000000 O=C(NC[C@@H](O)COP(=O)(O)O)c1ccccc1CO 1 c1ccccc1 0.3850000 0.3850 0.3466975 0.3467 0.3333333 0.3333 0.6533025 0.6533 1.0000000 1.0000 1.0000000 305.2230 0.5407913 2.7755 1.0000000 1.0000 0.6666666666666667 1.0 0.4865953144040744 []
 | 23.6675 26.8831 29.1540 0.4377897 O=C(Cn1cnc2ccccc21)Nc1ccc(F)c(F)c1 1 O=C(Cn1cnc2ccccc21)Nc1ccccc1 0.2450000 0.2450 0.2310733 0.2311 0.3333333 0.3333 0.7689267 0.7689 1.0000000 1.0000 1.0000000 287.2690 0.5198328 1.8618 1.0000000 1.0000 0.6666666666666667 1.0 0.4300872004605578 []
 | 33.2065 40.3902 25.3694 0.5137467 CC(C)(C)OC(=O)N1CCNc2nc(OCC(=O)Nc3ccc(C#N)cc3)ccc21 1 O=C(COc1ccc2c(n1)NCCN2)Nc1ccccc1 0.2200000 0.2200 0.2312844 0.2313 1.0000000 1.0000 0.8143047 0.8143 1.0000000 1.0000 1.0000000 409.4460 0.5370786 2.6133 1.0000000 1.0000 0.0 1.0 0.4142463035441596 []
 | 28.9627 35.4991 26.2853 0.4826904 CNS(=O)(=O)c1cccc(NC(=O)COc2ccc3ccccc3c2)c1C#N 1 O=C(COc1ccc2ccccc2c1)Nc1ccccc1 0.2200000 0.2200 0.2390457 0.2390 0.6666667 0.6667 0.7675047 0.7675 1.0000000 1.0000 1.0000000 395.4400 0.5279508 2.2152 1.0000000 1.0000 0.33333333333333337 1.0 0.4142463035441596 []
 | 29.3891 44.1043 -42.4644 0.0128114 O=C(O[C@@H](C(=O)O[C@@H]1O[C@@H](OCc2ccccc2)[C@@H](OCc2ccccc2)[C@H]1OCc1ccccc1)c1ccccc1)c1ccccc1 1 O=C(OC(C(=O)OC1OC(OCc2ccccc2)C(OCc2ccccc2)C1OCc1ccccc1)c1ccccc1)c1ccccc1 0.2850000 0.2850 0.4411288 0.4411 0.3333333 0.3333 0.5588712 0.5589 1.0000000 1.0000 0.0000000 644.7200 0.5515873 3.7516 1.0000000 1.0000 0.6666666666666667 1.0 0.4514144437210666 []
 | 18.7829 29.2611 -29.2611 0.0000000 O=C(Nc1ccccc1)O[C@H](CO)[C@@H](O)CO 1 c1ccccc1 0.3700000 0.3700 0.4133770 0.4134 0.6666667 0.6667 0.5866230 0.5866 1.0000000 1.0000 1.0000000 241.2430 0.5429639 2.8705 1.0000000 1.0000 0.33333333333333337 1.0 0.4828043081829324 []
 | 25.3904 28.2805 29.2949 0.4498082 CN(CCc1cccs1)C(=O)NCc1ccc(C(=O)O)o1 1 O=C(NCCc1cccs1)NCc1ccco1 0.2350000 0.2350 0.2758803 0.2759 0.3333333 0.3333 0.7273751 0.7274 1.0000000 1.0000 1.0000000 308.3590 0.5313577 2.3636 1.0000000 1.0000 0.6666666666666667 1.0 0.4239988207530771 []
 | 54.3291 60.4266 -0.4081 0.4688949 CN1CC(CO)=C[C@@H]2N(C(=O)O)C(=O)[C@@H](CNC(=O)c3cccc(F)c3F)[C@@]21C 1 O=C(NCC1C(=O)NC2C=CCNC21)c1ccccc1 0.2700000 0.2700 0.2925959 0.2926 0.3333333 0.3333 0.7409603 0.7410 1.0000000 1.0000 1.0000000 409.3890 0.5382285 4.3365 1.0000000 1.0000 0.6666666666666667 1.0 0.4439594576084623 []
20:56:46 <INFO> Sampled SMILES c1cncc1[C@@H](O)CNC(=O)c1cc(C(=O)O)ncc1 failed to sanitize.
20:56:49 <INFO> Score: 0.39 Agent NLL: 27.97 Valid:  98% Step: 64
 | Agent Prior Target Score SMILES SMILES_state Scaffold predicted_activity predicted_activity (raw) training_similarity training_similarity (raw) taf_consistency taf_consistency (raw) novelty novelty (raw) stereo_validity stereo_validity (raw) MW_window MW_window (raw) synthetic_feasibility synthetic_feasibility (raw) curated alerts filter curated alerts filter (raw) taf_disrupted (predicted_activity) scaffold_novelty (predicted_activity) uncertainty (predicted_activity) matchting_patterns (curated alerts filter)
 | 34.7260 52.7849 18.4776 0.5567383 O=C(Nc1c(C#CC#CC#CC#CCO)noc1C#CCO)OCC1c2ccccc2-c2ccccc21 1 O=C(Nc1cnoc1)OCC1c2ccccc2-c2ccccc21 0.2850000 0.2850 0.2684624 0.2685 1.0000000 1.0000 0.7315376 0.7315 1.0000000 1.0000 1.0000000 486.4830 0.5538085 3.6540 1.0000000 1.0000 0.0 1.0 0.4514144437210666 []
 | 25.6746 33.7200 26.4706 0.4702385 C[C@H](NC(=O)c1ccc(NC(=O)[C@@H]2Cc3ccccc3CO2)cc1)c1ccccc1 1 O=C(NCc1ccccc1)c1ccc(NC(=O)C2Cc3ccccc3CO2)cc1 0.2800000 0.2800 0.2877607 0.2878 0.3333333 0.3333 0.7122393 0.7122 1.0000000 1.0000 1.0000000 400.4780 0.5409371 2.7819 1.0000000 1.0000 0.6666666666666667 1.0 0.44899888641287294 []
 | 27.1044 33.2082 23.6619 0.4442976 O=C(Nc1ccc(S(=O)(=O)Nc2ccc(F)cc2F)cc1)c1ccc(=O)n(-c2ccccc2)n1 1 O=C(Nc1ccc(S(=O)(=O)Nc2ccccc2)cc1)c1ccc(=O)n(-c2ccccc2)n1 0.2700000 0.2700 0.2237187 0.2237 0.3333333 0.3333 0.7762813 0.7763 1.0000000 1.0000 1.0000000 482.4680 0.5272221 2.1834 1.0000000 1.0000 0.6666666666666667 1.0 0.4439594576084623 []
 | 26.3080 27.8645 31.1913 0.4613734 O=C(CCc1cccc(F)c1)Nc1cccc(Oc2ccccc2)c1 1 O=C(CCc1ccccc1)Nc1cccc(Oc2ccccc2)c1 0.2450000 0.2450 0.3080977 0.3081 0.3333333 0.3333 0.6919023 0.6919 1.0000000 1.0000 1.0000000 335.3780 0.5154575 1.6715 1.0000000 1.0000 0.6666666666666667 1.0 0.4300872004605578 []
 | 40.3791 40.1172 18.1657 0.4553352 COc1cc([C@@H](C)NC(=O)Cn2ncn(-c3ccccc3Cl)c2=O)cc(OC)c1OC 1 O=C(Cn1ncn(-c2ccccc2)c1=O)NCc1ccccc1 0.2250000 0.2250 0.3004698 0.3005 0.3333333 0.3333 0.7561569 0.7562 1.0000000 1.0000 1.0000000 446.8910 0.5436192 2.8992 1.0000000 1.0000 0.6666666666666667 1.0 0.41758232721225164 []
 | 16.2103 23.0318 43.9794 0.5235251 Nc1ccc(C(=O)N[C@@H](CO)c2ccccc2)cc1 1 O=C(NCc1ccccc1)c1ccccc1 0.3800000 0.3800 0.3778048 0.3778 0.3333333 0.3333 0.6221952 0.6222 1.0000000 1.0000 1.0000000 256.3050 0.5261338 2.1360 1.0000000 1.0000 0.6666666666666667 1.0 0.48538644398046393 []
 | 24.6100 29.1665 33.4590 0.4892617 O=C(NCCn1cccnc1=O)c1cc(-c2ccccc2)no1 1 O=C(NCCn1cccnc1=O)c1cc(-c2ccccc2)no1 0.3000000 0.3000 0.3357208 0.3357 0.3333333 0.3333 0.6642792 0.6643 1.0000000 1.0000 1.0000000 310.3130 0.5292571 2.2721 1.0000000 1.0000 0.6666666666666667 1.0 0.458257569495584 []
 | 28.1996 27.0592 -17.9762 0.0709608 CNCCN(C)Cc1cccc(C(C)N)c1 1 c1ccccc1 0.2800000 0.2800 0.2223080 0.2223 0.3333333 0.3333 0.7776920 0.7777 0.0000000 0.0000 1.0000000 221.3480 0.5358325 2.5589 1.0000000 1.0000 0.6666666666666667 1.0 0.44899888641287294 []
 | 23.9741 32.6539 28.3209 0.4763660 O=C(NC1=N[C@@H](CO)CS1)Nc1cccc(F)c1 1 O=C(NC1=NCCS1)Nc1ccccc1 0.2800000 0.2800 0.3030458 0.3030 0.3333333 0.3333 0.7463269 0.7463 1.0000000 1.0000 1.0000000 269.3010 0.5448762 2.9542 1.0000000 1.0000 0.6666666666666667 1.0 0.44899888641287294 []
 | 26.2195 35.3572 32.9231 0.5334398 N#Cc1cc(Br)c(NC(=O)c2ccc(CO)o2)c(Br)c1 1 O=C(Nc1ccccc1)c1ccco1 0.3300000 0.3300 0.2632491 0.2632 0.6666667 0.6667 0.7367509 0.7368 1.0000000 1.0000 1.0000000 400.0260 0.5344539 2.4987 1.0000000 1.0000 0.33333333333333337 1.0 0.4702127178203499 []
20:56:49 <INFO> Sampled SMILES c1c(ccc(Cl)c1)CCNC(=O)COC(=O)c1cc2c(N[C@H](C[C@H]2C(F)(F)F)=O)cc1 failed to sanitize.
20:56:53 <INFO> Score: 0.37 Agent NLL: 28.45 Valid:  98% Step: 65
 | Agent Prior Target Score SMILES SMILES_state Scaffold predicted_activity predicted_activity (raw) training_similarity training_similarity (raw) taf_consistency taf_consistency (raw) novelty novelty (raw) stereo_validity stereo_validity (raw) MW_window MW_window (raw) synthetic_feasibility synthetic_feasibility (raw) curated alerts filter curated alerts filter (raw) taf_disrupted (predicted_activity) scaffold_novelty (predicted_activity) uncertainty (predicted_activity) matchting_patterns (curated alerts filter)
 | 28.5364 38.9849 21.7025 0.4741202 N#CCn1cc(CNC[C@H](O)c2ccc(F)cc2)c(C#N)n1 1 c1ccc(CCNCc2cn[nH]c2)cc1 0.2700000 0.2700 0.1715501 0.1716 0.6666667 0.6667 0.8284499 0.8284 1.0000000 1.0000 1.0000000 299.3090 0.5518422 3.2596 1.0000000 1.0000 0.33333333333333337 1.0 0.4439594576084623 []
 | 23.3194 28.4248 32.1654 0.4733606 O=C(Nc1ccccc1-c1ccccc1)c1ccc(NC(=O)c2cccs2)cc1 1 O=C(Nc1ccccc1-c1ccccc1)c1ccc(NC(=O)c2cccs2)cc1 0.3250000 0.3250 0.2599376 0.2599 0.3333333 0.3333 0.7400624 0.7401 1.0000000 1.0000 1.0000000 398.4870 0.5177298 1.7703 1.0000000 1.0000 0.6666666666666667 1.0 0.4683748498798799 []
 | 29.4024 32.2725 32.4884 0.5059445 CC(C)n1ncc(Br)c1C(=O)NC(=O)Nc1cccc(Cl)c1 1 O=C(NC(=O)c1ccn[nH]1)Nc1ccccc1 0.3000000 0.3000 0.2190343 0.2190 0.6666667 0.6667 0.7975898 0.7976 1.0000000 1.0000 1.0000000 385.6490 0.5330852 2.4390 1.0000000 1.0000 0.33333333333333337 1.0 0.458257569495584 []
 | 27.4414 30.3046 40.4819 0.5530199 C#CCOc1cccc(/C=C2/C(=O)NC(=O)N(c3ccccc3CC)C2=O)c1 1 O=C1NC(=O)N(c2ccccc2)C(=O)C1=Cc1ccccc1 0.2750000 0.2750 0.3936366 0.3936 0.6666667 0.6667 0.6063634 0.6064 1.0000000 1.0000 1.0000000 374.3960 0.5335855 2.4608 1.0000000 1.0000 0.33333333333333337 1.0 0.44651427748729383 []
 | 32.7365 30.2014 -19.8624 0.0807739 COC(=O)C(C)C(=O)NCCC(O)C(=O)O 1  0.2450000 0.2450 0.2758621 0.2759 0.6666667 0.6667 0.7702137 0.7702 0.0000000 0.0000 1.0000000 233.2200 0.5496623 3.1639 1.0000000 1.0000 0.33333333333333337 1.0 0.4300872004605578 []
 | 25.5530 31.2093 21.8135 0.4142408 COc1c(N)nsc1NC(=O)NCc1cncs1 1 O=C(NCc1cncs1)Nc1ccns1 0.1450000 0.1450 0.2876862 0.2877 0.3333333 0.3333 0.7856535 0.7857 1.0000000 1.0000 1.0000000 285.3540 0.5460799 3.0069 1.0000000 1.0000 0.6666666666666667 1.0 0.352100837829165 []
 | 24.9022 29.9112 26.4997 0.4407103 Cc1cc[n+](CCn2ccnc2C#N)cc1 1 c1cc[n+](CCn2ccnc2)cc1 0.2550000 0.2550 0.2196940 0.2197 0.3333333 0.3333 0.8308348 0.8308 1.0000000 1.0000 1.0000000 213.2640 0.5500509 3.1810 1.0000000 1.0000 0.6666666666666667 1.0 0.43586121644395015 []
 | 25.2277 26.2640 -17.5242 0.0682797 CC(C)CC1COCC(CO)(CO)N1 1 C1COCCN1 0.1950000 0.1950 0.2610067 0.2610 0.3333333 0.3333 0.7626778 0.7627 0.0000000 0.0000 1.0000000 203.2820 0.5495459 3.8412 1.0000000 1.0000 0.6666666666666667 1.0 0.3962007067131506 []
 | 35.5354 39.5195 26.5071 0.5158328 O=C(COC(=O)c1ccccc1)NCCO[C@H]1[C@@H](O)[C@H](O)CO[C@H]1CO 1 O=C(COC(=O)c1ccccc1)NCCOC1CCCOC1 0.1950000 0.1950 0.3740878 0.3741 0.6666667 0.6667 0.6946876 0.6947 1.0000000 1.0000 1.0000000 369.3700 0.5547574 3.3877 1.0000000 1.0000 0.33333333333333337 1.0 0.3962007067131506 []
 | 30.1149 30.8038 -27.3982 0.0266062 Cn1cnnc1SCc1cccc(OCC2CCCCC2)c1 1 c1cc(CSc2nnc[nH]2)cc(OCC2CCCCC2)c1 0.1600000 0.1600 0.3044198 0.3044 0.0000000 0.0000 0.7601994 0.7602 1.0000000 1.0000 1.0000000 317.4580 0.5275503 2.1977 1.0000000 1.0000 1.0 1.0 0.36660605559646714 []
20:56:53 <INFO> Sampled SMILES C1C[C@@H](c2nc(C#CC#CC#CC#CC#CC#CC#CC#CC#CC#CC#CC#CC#CC#CC#CC#CC#CC#CC#CC#CC#Cc3c(cc(C#CC#CC#CC#C)s3)[N+]#[C-])nc21)c1ccccc1 failed to sanitize.
20:56:56 <INFO> Score: 0.36 Agent NLL: 27.50 Valid:  98% Step: 66
 | Agent Prior Target Score SMILES SMILES_state Scaffold predicted_activity predicted_activity (raw) training_similarity training_similarity (raw) taf_consistency taf_consistency (raw) novelty novelty (raw) stereo_validity stereo_validity (raw) MW_window MW_window (raw) synthetic_feasibility synthetic_feasibility (raw) curated alerts filter curated alerts filter (raw) taf_disrupted (predicted_activity) scaffold_novelty (predicted_activity) uncertainty (predicted_activity) matchting_patterns (curated alerts filter)
 | 31.7612 32.3150 29.8607 0.4857480 CNS(=O)(=O)c1ccccc1Oc1cc(CN)ccc1Br 1 c1ccc(Oc2ccccc2)cc1 0.2200000 0.2200 0.2469324 0.2469 0.6666667 0.6667 0.7660561 0.7661 1.0000000 1.0000 1.0000000 371.2560 0.5274122 2.1917 1.0000000 1.0000 0.33333333333333337 1.0 0.4142463035441596 []
 | 29.8388 60.5496 2.3184 0.4911560 CCn1c(S[C@H](C#N)C(=O)NCc2cccs2)nnc1C(=O)Oc1ccccc1C#N 1 O=C(CSc1nnc(C(=O)Oc2ccccc2)[nH]1)NCc1cccs1 0.2400000 0.2400 0.2324174 0.2324 0.6666667 0.6667 0.7739514 0.7740 1.0000000 1.0000 1.0000000 452.5210 0.5565388 3.5340 1.0000000 1.0000 0.33333333333333337 1.0 0.4270831300812525 []
 | 21.0801 26.4681 33.3037 0.4669671 N#Cc1cc(NS(=O)(=O)c2ccccc2CN)ccc1F 1 O=S(=O)(Nc1ccccc1)c1ccccc1 0.2450000 0.2450 0.1797237 0.1797 0.6666667 0.6667 0.8202763 0.8203 1.0000000 1.0000 1.0000000 305.3340 0.5266021 2.1564 1.0000000 1.0000 0.33333333333333337 1.0 0.4300872004605578 []
 | 17.4602 25.7601 43.3975 0.5402931 O=C(Nc1ncc(C#CCCO)s1)c1ccccc1F 1 O=C(Nc1nccs1)c1ccccc1 0.3150000 0.3150 0.2974089 0.2974 0.6666667 0.6667 0.7025911 0.7026 1.0000000 1.0000 1.0000000 290.3190 0.5321454 2.3980 1.0000000 1.0000 0.33333333333333337 1.0 0.46451587701606073 []
 | 24.1776 28.0226 30.8233 0.4597332 O=C1CN(c2nnc(CO)o2)CCN1 1 O=C1CN(c2nnco2)CCN1 0.2700000 0.2700 0.2619684 0.2620 0.3333333 0.3333 0.7574644 0.7575 1.0000000 1.0000 1.0000000 198.1820 0.5463645 3.0194 1.0000000 1.0000 0.6666666666666667 1.0 0.4439594576084623 []
 | 19.5545 22.8732 44.3125 0.5248884 O=C1c2ccccc2C(=O)N1C[C@H](O)CO 1 O=C1NC(=O)c2ccccc21 0.3500000 0.3500 0.4191368 0.4191 0.3333333 0.3333 0.5808632 0.5809 1.0000000 1.0000 1.0000000 221.2120 0.5316015 2.3743 1.0000000 1.0000 0.6666666666666667 1.0 0.47696960070847283 []
 | 24.4886 34.0128 31.6170 0.5127329 O=C(N[C@@H]1C=C[C@@H](CO)C1)OCc1ccccc1[N+](=O)[O-] 1 O=C(NC1C=CCC1)OCc1ccccc1 0.2400000 0.2400 0.2940858 0.2941 0.6666667 0.6667 0.7059142 0.7059 1.0000000 1.0000 1.0000000 292.2910 0.5543536 3.3699 1.0000000 1.0000 0.33333333333333337 1.0 0.4270831300812525 []
 | 31.8281 33.1986 -33.1986 0.0000000 CCCC(=O)Nc1cccc(CNC(=O)c2ccc(OC(C)=O)c(OC)c2)c1 1 O=C(NCc1ccccc1)c1ccccc1 0.2250000 0.2250 0.3120306 0.3120 0.3333333 0.3333 0.7237544 0.7238 1.0000000 1.0000 1.0000000 384.4320 0.5207863 1.9033 1.0000000 1.0000 0.6666666666666667 1.0 0.41758232721225164 []
 | 28.2757 41.1032 22.0563 0.4934337 CC(CO)n1cc(CO)c(=O)c(C(=O)N[C@H](Cc2ccccc2)C(=O)O)c1 1 O=C(NCCc1ccccc1)c1c[nH]ccc1=O 0.3850000 0.3850 0.3836809 0.3837 0.3333333 0.3333 0.6163191 0.6163 0.5000000 0.5000 1.0000000 374.3930 0.5519863 3.2659 1.0000000 1.0000 0.6666666666666667 1.0 0.4865953144040744 []
 | 28.7676 35.7119 24.3940 0.4695769 CCCNC(=O)c1noc(CSc2nc3ccccc3c(=O)n2C[C@@H]2CCCO2)n1 1 O=c1c2ccccc2nc(SCc2ncno2)n1CC1CCCO1 0.2600000 0.2600 0.3082481 0.3082 0.3333333 0.3333 0.6917519 0.6918 1.0000000 1.0000 1.0000000 429.5020 0.5454237 2.9782 1.0000000 1.0000 0.6666666666666667 1.0 0.4386342439892262 []
20:57:00 <INFO> Score: 0.35 Agent NLL: 28.62 Valid:  98% Step: 67
 | Agent Prior Target Score SMILES SMILES_state Scaffold predicted_activity predicted_activity (raw) training_similarity training_similarity (raw) taf_consistency taf_consistency (raw) novelty novelty (raw) stereo_validity stereo_validity (raw) MW_window MW_window (raw) synthetic_feasibility synthetic_feasibility (raw) curated alerts filter curated alerts filter (raw) taf_disrupted (predicted_activity) scaffold_novelty (predicted_activity) uncertainty (predicted_activity) matchting_patterns (curated alerts filter)
 | 30.4122 35.9441 19.9652 0.4367912 Cc1csc2nc([C@H](C)OC(=O)c3ccccc3OC(F)F)[nH]c(=O)c12 1 O=C(OCc1nc2sccc2c(=O)[nH]1)c1ccccc1 0.2150000 0.2150 0.2550722 0.2551 0.3333333 0.3333 0.7515987 0.7516 1.0000000 1.0000 1.0000000 380.3720 0.5464312 3.0223 1.0000000 1.0000 0.6666666666666667 1.0 0.41082234603292944 []
 | 28.0327 29.2909 -18.6972 0.0827630 N#CC(NC(=O)c1cccc(OC(F)F)c1)c1ccco1 1 O=C(NCc1ccco1)c1ccccc1 0.3000000 0.3000 0.2578807 0.2579 0.6666667 0.6667 0.7463269 0.7463 0.0000000 0.0000 1.0000000 292.2410 0.5418224 2.8206 1.0000000 1.0000 0.33333333333333337 1.0 0.45825756949558394 []
 | 23.4284 27.5242 34.9615 0.4881693 Nc1cc(C(=O)Nc2ccc(Br)cn2)ncn1 1 O=C(Nc1ccccn1)c1ccncn1 0.2700000 0.2700 0.2033314 0.2033 0.6666667 0.6667 0.8082012 0.8082 1.0000000 1.0000 1.0000000 294.1120 0.5312593 2.3593 1.0000000 1.0000 0.33333333333333337 1.0 0.4439594576084622 []
 | 30.2034 29.1667 28.3883 0.4496488 Cn1cc(C(=O)NCCn2ccc3ccccc32)c(N)n1 1 O=C(NCCn1ccc2ccccc21)c1cn[nH]c1 0.2750000 0.2750 0.2325582 0.2326 0.3333333 0.3333 0.7743645 0.7744 1.0000000 1.0000 1.0000000 283.3350 0.5306670 2.3335 1.0000000 1.0000 0.6666666666666667 1.0 0.4465142774872939 []
 | 27.3109 35.4971 36.7435 0.5643793 O=C(Nc1ccccc1[C@@H](O)CO)OCc1ccc2c(c1)OCO2 1 O=C(Nc1ccccc1)OCc1ccc2c(c1)OCO2 0.3100000 0.3100 0.3836809 0.3837 0.6666667 0.6667 0.6163191 0.6163 1.0000000 1.0000 1.0000000 331.3240 0.5381101 2.6583 1.0000000 1.0000 0.33333333333333337 1.0 0.462493243193887 []
 | 43.5918 43.3270 -39.7913 0.0276232 O=C1N(CCc2c[nH]c3ccccc23)[C@H](c2ccccc2)[C@@H](c2cccc(F)c2)N1c1ccc(Cl)cc1 1 O=C1N(CCc2c[nH]c3ccccc23)C(c2ccccc2)C(c2ccccc2)N1c1ccccc1 0.2400000 0.2400 0.2395270 0.2395 0.0000000 0.0000 0.7604730 0.7605 1.0000000 1.0000 1.0000000 510.0120 0.5510268 3.2238 1.0000000 1.0000 1.0 1.0 0.42708313008125237 []
 | 30.9409 36.3131 27.6510 0.4997195 Cc1ccc(C#N)c(NC(=O)[C@@H](C)N[C@@H](C#N)c2ccccc2)c1 1 O=C(CNCc1ccccc1)Nc1ccccc1 0.2750000 0.2750 0.2230567 0.2231 0.6666667 0.6667 0.7769433 0.7769 1.0000000 1.0000 1.0000000 318.3800 0.5462075 3.0125 1.0000000 1.0000 0.33333333333333337 1.0 0.44651427748729383 []
 | 33.5477 37.7905 -37.7905 0.0000000 O=C1Cn2cccc2C[C@@H](n2c3c(c4ccccc4c2=O)CCCC3)CN1 1 O=C1Cn2cccc2CC(n2c3c(c4ccccc4c2=O)CCCC3)CN1 0.0000000 0.0000 0.0000000 0.0000 0.0000000 0.0000 0.0000000 0.0000 0.0000000 0.0000 0.0000000 0.0000 0.0000000 0.0000 0.0000000 0.0000 None None None ['[*;r{8-17}]']
 | 21.4462 27.9347 39.3253 0.5254687 C[C@H](NC(=O)c1ccccc1)C(=O)OCC(=O)N[C@@H]1CCCC[C@H]1C 1 O=C(COC(=O)CNC(=O)c1ccccc1)NC1CCCCC1 0.2550000 0.2550 0.3185930 0.3186 0.6666667 0.6667 0.6814070 0.6814 1.0000000 1.0000 1.0000000 346.4270 0.5423741 2.8447 1.0000000 1.0000 0.33333333333333337 1.0 0.43586121644395015 []
 | 40.2683 48.7238 6.4881 0.4313435 C#CC#CC#CC#CC#CC#CC#CC#CC#CC#CC#CC#Cc1cccc(C(C)C)c1N1C#CC[N+](C)=C1C#N 1 C1#CN(c2ccccc2)C=[NH+]C1 0.2600000 0.2600 0.2007948 0.2008 0.3333333 0.3333 0.7992052 0.7992 1.0000000 1.0000 1.0000000 526.5780 0.5189337 5.1773 1.0000000 1.0000 0.6666666666666667 1.0 0.4386342439892262 []
20:57:00 <INFO> Sampled SMILES n1cnn(CC)c1C(=O)N[C@H]1Cn2cc(nn2c1=O)C(=O)OCC failed to sanitize.
20:57:00 <INFO> Sampled SMILES c1cc(-c2c(Br)cncc2)ccc1CNC(NC1CCN(c2cccsc2)C1)=NC failed to sanitize.
20:57:04 <INFO> Score: 0.36 Agent NLL: 27.22 Valid:  97% Step: 68
 | Agent Prior Target Score SMILES SMILES_state Scaffold predicted_activity predicted_activity (raw) training_similarity training_similarity (raw) taf_consistency taf_consistency (raw) novelty novelty (raw) stereo_validity stereo_validity (raw) MW_window MW_window (raw) synthetic_feasibility synthetic_feasibility (raw) curated alerts filter curated alerts filter (raw) taf_disrupted (predicted_activity) scaffold_novelty (predicted_activity) uncertainty (predicted_activity) matchting_patterns (curated alerts filter)
 | 22.9930 23.5027 -23.5027 0.0000000 NNC(=O)c1c(F)cccc1I 1 c1ccccc1 0.0000000 0.0000 0.0000000 0.0000 0.0000000 0.0000 0.0000000 0.0000 0.0000000 0.0000 0.0000000 0.0000 0.0000000 0.0000 0.0000000 0.0000 None None None ['[#7;!n][#7;!n]']
 | 25.7042 37.7937 33.6674 0.5582905 O=C(O)[C@H](Oc1ccccc1)C(=O)O[C@H]1C(=O)O[C@@H](CO)[C@@H](O)[C@H]1O 1 O=C(COc1ccccc1)OC1CCCOC1=O 0.1900000 0.1900 0.5921565 0.5922 0.6666667 0.6667 0.5941230 0.5941 1.0000000 1.0000 1.0000000 356.2830 0.5475421 3.9290 1.0000000 1.0000 0.33333333333333337 1.0 0.39230090491866065 []
 | 24.2298 26.3719 30.3575 0.4431983 CSCc1ccc(C(=O)NCc2ccc(N3CCOCC3)nc2)cc1 1 O=C(NCc1ccc(N2CCOCC2)nc1)c1ccccc1 0.2250000 0.2250 0.2669304 0.2669 0.3333333 0.3333 0.7601994 0.7602 1.0000000 1.0000 1.0000000 357.4790 0.5246174 2.0700 1.0000000 1.0000 0.6666666666666667 1.0 0.41758232721225164 []
 | 20.8317 25.3353 32.7787 0.4540153 O[C@@H](Cn1ccnc1)c1cccc(F)c1 1 c1ccc(CCn2ccnc2)cc1 0.3000000 0.3000 0.2223080 0.2223 0.3333333 0.3333 0.7776920 0.7777 1.0000000 1.0000 1.0000000 206.2200 0.5365657 2.5909 1.0000000 1.0000 0.6666666666666667 1.0 0.45825756949558394 []
 | 30.7679 29.7382 -21.1235 0.0673025 C[S+]([O-])CCNS(=O)(=O)c1ccc(F)c(F)c1CN 1 c1ccccc1 0.2550000 0.2550 0.1807426 0.1807 0.3333333 0.3333 0.8666548 0.8667 0.0000000 0.0000 1.0000000 312.3630 0.5512755 3.7653 1.0000000 1.0000 0.6666666666666667 1.0 0.43586121644395015 []
 | 34.2072 47.7795 -38.1359 0.0753409 N#Cc1cccc(OC(C#N)C(=O)N2CCN(CC(=O)Nc3sc4c(c3C#N)CCC4)CC2)c1 1 O=C(CN1CCN(C(=O)COc2ccccc2)CC1)Nc1cc2c(s1)CCC2 0.2350000 0.2350 0.2001602 0.2002 0.6666667 0.6667 0.8150511 0.8151 0.0000000 0.0000 1.0000000 474.5460 0.5529519 3.3083 1.0000000 1.0000 0.33333333333333337 1.0 0.4239988207530771 []
 | 25.5921 34.0820 28.1204 0.4859568 C[C@H](OC(=O)Nc1cc(C(C)(C)C)no1)C(=O)O 1 c1cnoc1 0.2150000 0.2150 0.2475938 0.2476 0.6666667 0.6667 0.7808013 0.7808 1.0000000 1.0000 1.0000000 256.2580 0.5474568 3.0672 1.0000000 1.0000 0.33333333333333337 1.0 0.41082234603292944 []
 | 20.2564 26.9533 25.0318 0.4061331 COc1cc(C#N)ccc1OC(=O)c1ccc(OC(C)=O)cc1 1 O=C(Oc1ccccc1)c1ccccc1 0.1550000 0.1550 0.2471558 0.2472 0.3333333 0.3333 0.8249453 0.8249 1.0000000 1.0000 1.0000000 311.2930 0.5210781 1.9160 1.0000000 1.0000 0.6666666666666667 1.0 0.36190468358395134 []
 | 26.7136 26.4209 -26.2269 0.0015160 N#CC1CCSC(C#N)C1 1 C1CCSCC1 0.1550000 0.1550 0.1747141 0.1747 0.3333333 0.3333 0.8977603 0.8978 0.0000000 0.0000 0.0000000 152.2220 0.5294631 4.7190 1.0000000 1.0000 0.6666666666666667 1.0 0.36190468358395134 []
 | 24.9573 29.7480 31.3302 0.4771735 Nc1ccc(C(=O)O)nc1NC(=O)c1ccccc1 1 O=C(Nc1ccccn1)c1ccccc1 0.3350000 0.3350 0.2615572 0.2616 0.3333333 0.3333 0.7384428 0.7384 1.0000000 1.0000 1.0000000 257.2490 0.5219248 1.9528 1.0000000 1.0000 0.6666666666666667 1.0 0.4719904660054057 []
20:57:09 <INFO> Score: 0.38 Agent NLL: 26.91 Valid: 100% Step: 69
 | Agent Prior Target Score SMILES SMILES_state Scaffold predicted_activity predicted_activity (raw) training_similarity training_similarity (raw) taf_consistency taf_consistency (raw) novelty novelty (raw) stereo_validity stereo_validity (raw) MW_window MW_window (raw) synthetic_feasibility synthetic_feasibility (raw) curated alerts filter curated alerts filter (raw) taf_disrupted (predicted_activity) scaffold_novelty (predicted_activity) uncertainty (predicted_activity) matchting_patterns (curated alerts filter)
 | 23.2200 24.4723 32.6619 0.4463611 Cn1nccc1CNc1ccc(Br)cc1[N+](=O)[O-] 1 c1ccc(NCc2ccn[nH]2)cc1 0.2000000 0.2000 0.1740044 0.1740 0.6666667 0.6667 0.8459512 0.8460 1.0000000 1.0000 1.0000000 311.1390 0.5302622 2.3159 1.0000000 1.0000 0.33333333333333337 1.0 0.4000000000000001 []
 | 41.4252 43.5628 28.0634 0.5595799 CCn1c(C(=O)OCc2ccccc2)cc(C#N)c1Nc1cc(C#N)ccc1Cl 1 O=C(OCc1ccccc1)c1ccc(Nc2ccccc2)[nH]1 0.2600000 0.2600 0.3103458 0.3103 1.0000000 1.0000 0.6896542 0.6897 1.0000000 1.0000 1.0000000 404.8570 0.5364513 2.5859 1.0000000 1.0000 0.0 1.0 0.4386342439892262 []
 | 34.6583 34.5920 26.8958 0.4803738 C[C@@H](NC(=O)c1cccc([N+](=O)[O-])c1)C(=O)N[C@@H](Cc1c[nH]c2ccccc12)C(=O)O 1 O=C(CNC(=O)c1ccccc1)NCCc1c[nH]c2ccccc12 0.3400000 0.3400 0.2613021 0.2613 0.3333333 0.3333 0.7386979 0.7387 1.0000000 1.0000 1.0000000 424.4130 0.5426964 2.8588 1.0000000 1.0000 0.6666666666666667 1.0 0.4737087712930804 []
 | 18.5724 19.6701 -16.4125 0.0254503 CCC=CCC=CCC=CCC=CCC=CCC=CCC=CCC 1  0.1850000 0.1850 0.2038589 0.2039 0.0000000 0.0000 0.8400995 0.8401 1.0000000 1.0000 1.0000000 324.5520 0.5422445 2.8390 1.0000000 1.0000 1.0 1.0 0.38829756630707846 []
 | 29.0416 31.6948 28.3323 0.4689620 Cc1ccc(S(=O)(=O)Nc2cccc(C(=O)OCC(=O)Nc3cccc(F)c3)c2)cc1 1 O=C(COC(=O)c1cccc(NS(=O)(=O)c2ccccc2)c1)Nc1ccccc1 0.2100000 0.2100 0.2156655 0.2157 0.6666667 0.6667 0.8140038 0.8140 1.0000000 1.0000 1.0000000 442.4680 0.5210406 1.9143 1.0000000 1.0000 0.33333333333333337 1.0 0.4073082370883261 []
 | 17.5945 28.1573 40.2138 0.5341488 N#Cc1ccc(C(=O)Nc2ncccc2C#CCO)cc1 1 O=C(Nc1ccccn1)c1ccccc1 0.3450000 0.3450 0.2536731 0.2537 0.6666667 0.6667 0.7463269 0.7463 1.0000000 1.0000 1.0000000 277.2830 0.5308965 2.3435 1.0000000 1.0000 0.33333333333333337 1.0 0.4753682782853732 []
 | 27.7300 38.1814 31.6657 0.5456805 O=C(OCc1ccc(OC(F)F)cc1)c1ccccc1[C@@H](O)C(F)(F)F 1 O=C(OCc1ccccc1)c1ccccc1 0.2800000 0.2800 0.3551424 0.3551 0.6666667 0.6667 0.6448576 0.6449 1.0000000 1.0000 1.0000000 376.2770 0.5397886 2.7317 1.0000000 1.0000 0.33333333333333337 1.0 0.44899888641287294 []
 | 25.2911 28.0905 22.3745 0.3942578 CCn1c(COc2cccc(OC)c2)nnc1SCc1ccc(C#N)cc1 1 c1ccc(CSc2nnc(COc3ccccc3)[nH]2)cc1 0.1500000 0.1500 0.2208630 0.2209 0.3333333 0.3333 0.7907543 0.7908 1.0000000 1.0000 1.0000000 380.4730 0.5266865 2.1601 1.0000000 1.0000 0.6666666666666667 1.0 0.3570714214271425 []
 | 24.4993 33.9825 25.7030 0.4662931 O=C(Nc1ccc(C(F)F)nc1)N[C@@H](c1ccccc1)c1cccs1 1 O=C(Nc1cccnc1)NC(c1ccccc1)c1cccs1 0.3150000 0.3150 0.2423931 0.2424 0.3333333 0.3333 0.7576069 0.7576 1.0000000 1.0000 1.0000000 359.4010 0.5401881 2.7491 1.0000000 1.0000 0.6666666666666667 1.0 0.46451587701606073 []
 | 27.3677 31.6038 28.6393 0.4706486 CC(C)(C)OC(=O)Nc1ccc(CNS(=O)(=O)c2cccc3nonc23)cc1 1 O=S(=O)(NCc1ccccc1)c1cccc2nonc12 0.1950000 0.1950 0.2372321 0.2372 0.6666667 0.6667 0.7675047 0.7675 1.0000000 1.0000 1.0000000 404.4480 0.5299873 2.3039 1.0000000 1.0000 0.33333333333333337 1.0 0.3962007067131506 []
20:57:13 <INFO> Score: 0.39 Agent NLL: 28.20 Valid: 100% Step: 70
 | Agent Prior Target Score SMILES SMILES_state Scaffold predicted_activity predicted_activity (raw) training_similarity training_similarity (raw) taf_consistency taf_consistency (raw) novelty novelty (raw) stereo_validity stereo_validity (raw) MW_window MW_window (raw) synthetic_feasibility synthetic_feasibility (raw) curated alerts filter curated alerts filter (raw) taf_disrupted (predicted_activity) scaffold_novelty (predicted_activity) uncertainty (predicted_activity) matchting_patterns (curated alerts filter)
 | 26.2829 38.0114 16.6451 0.4270041 CC(C(=O)O)n1nccc1NC(=O)NC[C@H](c1cccs1)N(C)C 1 O=C(NCCc1cccs1)Nc1ccn[nH]1 0.2900000 0.2900 0.2363516 0.2364 0.3333333 0.3333 0.7675047 0.7675 0.5000000 0.5000 1.0000000 351.4320 0.5530936 3.3146 1.0000000 1.0000 0.6666666666666667 1.0 0.4537620521815371 []
 | 24.2438 30.4676 30.5951 0.4770524 CC(=O)N(c1ccccc1)[C@@H](C)C(=O)OCc1ccccc1[N+](=O)[O-] 1 O=C(CNc1ccccc1)OCc1ccccc1 0.2850000 0.2850 0.3059036 0.3059 0.3333333 0.3333 0.6955922 0.6956 1.0000000 1.0000 1.0000000 342.3510 0.5385853 2.6791 1.0000000 1.0000 0.6666666666666667 1.0 0.4514144437210666 []
 | 21.9647 22.2989 -20.8477 0.0113374 CNC(=O)c1c[nH]c(=O)cn1 1 O=c1cncc[nH]1 0.2500000 0.2500 0.2602400 0.2602 0.3333333 0.3333 0.7618552 0.7619 1.0000000 1.0000 0.0000000 153.1410 0.5360028 2.5663 1.0000000 1.0000 0.6666666666666667 1.0 0.4330127018922193 []
 | 20.1539 24.9201 40.5910 0.5118055 C=CCN(CCO)C(=O)c1sccc1C#CCO 1 c1ccsc1 0.2350000 0.2350 0.2939873 0.2940 0.6666667 0.6667 0.7920499 0.7920 1.0000000 1.0000 1.0000000 265.3340 0.5426272 2.8558 1.0000000 1.0000 0.33333333333333337 1.0 0.4239988207530771 []
 | 29.3971 32.0385 26.2901 0.4556924 O=C(NCCc1cccc(CF)c1)NCc1cccnc1 1 O=C(NCCc1ccccc1)NCc1cccnc1 0.2600000 0.2600 0.2652335 0.2652 0.3333333 0.3333 0.7660561 0.7661 1.0000000 1.0000 1.0000000 287.3380 0.5238466 2.0364 1.0000000 1.0000 0.6666666666666667 1.0 0.43863424398922624 []
 | 37.3186 39.2872 13.1834 0.4099268 CN(CCn1cc(-c2ncno2)nn1)Cc1ccccc1C#N 1 c1ccc(CNCCn2cc(-c3ncno3)nn2)cc1 0.1950000 0.1950 0.2018018 0.2018 0.3333333 0.3333 0.8158363 0.8158 1.0000000 1.0000 1.0000000 309.3330 0.5443725 2.9322 1.0000000 1.0000 0.6666666666666667 1.0 0.3962007067131506 []
 | 50.1006 61.2155 8.4227 0.5440485 CC(=O)O[C@@H](C)OC(=O)NC(=O)c1ccc(C(N[C@@H](C#N)CN2CCC[C@@H]2C)C(=O)O)cc1 1 c1ccc(CNCCN2CCCC2)cc1 0.2800000 0.2800 0.2830000 0.2830 1.0000000 1.0000 0.7285770 0.7286 0.7500000 0.7500 1.0000000 460.4870 0.5475651 3.9280 1.0000000 1.0000 0.0 1.0 0.44899888641287294 []
 | 35.0104 44.5917 23.5946 0.5327051 O=C(Nc1ccccc1CBr)c1cc2sc(C#Cc3ccccc3)cc2oc1=O 1 O=C(Nc1ccccc1)c1cc2sc(C#Cc3ccccc3)cc2oc1=O 0.3150000 0.3150 0.2735764 0.2736 0.6666667 0.6667 0.7264236 0.7264 1.0000000 1.0000 1.0000000 464.3400 0.5387160 2.6848 1.0000000 1.0000 0.33333333333333337 1.0 0.46451587701606073 []
 | 33.9610 41.8885 15.4627 0.4480570 COCCNC(=O)CNC(=O)Nc1ncc(F)c(-c2ccccn2)n1 1 c1ccc(-c2ccncn2)nc1 0.2450000 0.2450 0.2578440 0.2578 0.3333333 0.3333 0.7492216 0.7492 1.0000000 1.0000 1.0000000 348.3380 0.5319076 2.3876 1.0000000 1.0000 0.6666666666666667 1.0 0.43008720046055776 []
 | 21.5497 26.3708 41.5110 0.5303267 Cc1ccc(NC(=O)c2cccnc2)cc1C#CCO 1 O=C(Nc1ccccc1)c1cccnc1 0.3350000 0.3350 0.2519516 0.2520 0.6666667 0.6667 0.7645592 0.7646 1.0000000 1.0000 1.0000000 266.3000 0.5261289 2.1358 1.0000000 1.0000 0.33333333333333337 1.0 0.4719904660054057 []
20:57:13 <INFO> Sampled SMILES c1cc2c3c(n(C[C@@H](COc4ccc(cc4)C#N)O)n2)cccc3c1 failed to sanitize.
20:57:17 <INFO> Score: 0.42 Agent NLL: 27.54 Valid:  98% Step: 71
 | Agent Prior Target Score SMILES SMILES_state Scaffold predicted_activity predicted_activity (raw) training_similarity training_similarity (raw) taf_consistency taf_consistency (raw) novelty novelty (raw) stereo_validity stereo_validity (raw) MW_window MW_window (raw) synthetic_feasibility synthetic_feasibility (raw) curated alerts filter curated alerts filter (raw) taf_disrupted (predicted_activity) scaffold_novelty (predicted_activity) uncertainty (predicted_activity) matchting_patterns (curated alerts filter)
 | 34.3529 39.6526 28.5938 0.5331745 COC(=O)c1ccc2c(c1)-c1ccccc1CN([C@@H](CO)C(=O)O)C2=O 1 O=C1NCc2ccccc2-c2ccccc21 0.2500000 0.2500 0.3521238 0.3521 0.6666667 0.6667 0.6642792 0.6643 1.0000000 1.0000 1.0000000 355.3460 0.5397951 2.7319 1.0000000 1.0000 0.33333333333333337 1.0 0.4330127018922193 []
 | 17.8428 28.5173 38.7060 0.5251820 CC[C@H](Oc1ccccc1C#N)C(=O)Nc1ccccc1C#N 1 O=C(COc1ccccc1)Nc1ccccc1 0.2850000 0.2850 0.2830693 0.2831 0.6666667 0.6667 0.7169307 0.7169 1.0000000 1.0000 1.0000000 305.3370 0.5360170 2.5669 1.0000000 1.0000 0.33333333333333337 1.0 0.4514144437210666 []
 | 23.5865 24.7768 36.6053 0.4795482 CCNc1nccc(Nc2ccc(CC#N)cc2)n1 1 c1ccc(Nc2ccncn2)cc1 0.2150000 0.2150 0.2337859 0.2338 0.6666667 0.6667 0.8133167 0.8133 1.0000000 1.0000 1.0000000 253.3090 0.5289940 2.2606 1.0000000 1.0000 0.33333333333333337 1.0 0.41082234603292944 []
 | 22.3292 24.1582 34.8310 0.4608536 C[C@H](NC(=O)CSCc1ccccc1Cl)c1ccccc1 1 O=C(CSCc1ccccc1)NCc1ccccc1 0.2750000 0.2750 0.2666904 0.2667 0.3333333 0.3333 0.7333096 0.7333 1.0000000 1.0000 1.0000000 319.8570 0.5275078 2.1959 1.0000000 1.0000 0.6666666666666667 1.0 0.44651427748729383 []
 | 27.9871 29.1015 -29.1015 0.0000000 Ic1cccc(/C=N\NCc2cccs2)c1 1 C(=NNCc1cccs1)c1ccccc1 0.0000000 0.0000 0.0000000 0.0000 0.0000000 0.0000 0.0000000 0.0000 0.0000000 0.0000 0.0000000 0.0000 0.0000000 0.0000 0.0000000 0.0000 None None None ['[#7;!n][#7;!n]']
 | 23.0413 29.4055 31.5693 0.4763655 Cc1cc(NCc2ccccc2)nc(NC(=O)c2cccc([N+](=O)[O-])c2)n1 1 O=C(Nc1nccc(NCc2ccccc2)n1)c1ccccc1 0.2900000 0.2900 0.3022439 0.3022 0.3333333 0.3333 0.6977561 0.6978 1.0000000 1.0000 1.0000000 363.3770 0.5245713 2.0680 1.0000000 1.0000 0.6666666666666667 1.0 0.4537620521815371 []
 | 25.1031 27.2837 37.1480 0.5033732 N#Cc1cnn(-c2nc3ccccc3s2)c1NC(=O)c1cc2ccccc2o1 1 O=C(Nc1ccnn1-c1nc2ccccc2s1)c1cc2ccccc2o1 0.2900000 0.2900 0.2216756 0.2217 0.6666667 0.6667 0.7783244 0.7783 1.0000000 1.0000 1.0000000 385.4080 0.5345039 2.5009 1.0000000 1.0000 0.33333333333333337 1.0 0.4537620521815371 []
 | 31.0811 42.1019 25.0124 0.5243299 CC(C)C[C@@H](NC(=O)c1cccc(S(=O)(=O)O)c1)C(=O)Nc1ccccc1C#N 1 O=C(CNC(=O)c1ccccc1)Nc1ccccc1 0.3400000 0.3400 0.2317618 0.2318 0.6666667 0.6667 0.7720196 0.7720 1.0000000 1.0000 1.0000000 415.4710 0.5366601 2.5950 1.0000000 1.0000 0.33333333333333337 1.0 0.4737087712930804 []
 | 31.5071 37.0231 25.5079 0.4885235 Cc1[nH]nc(NC(=O)c2cn(CCF)nn2)c1C#N 1 O=C(Nc1cc[nH]n1)c1c[nH]nn1 0.2850000 0.2850 0.1896051 0.1896 0.6666667 0.6667 0.8283611 0.8284 1.0000000 1.0000 1.0000000 263.2360 0.5469186 3.0437 1.0000000 1.0000 0.33333333333333337 1.0 0.4514144437210666 []
 | 28.8904 38.0132 27.7674 0.5139108 CCOC(=O)c1csc(CNC(=O)N[C@H]2CCCN(C(=O)OCc3ccccc3)C2)n1 1 O=C(NCc1nccs1)NC1CCCN(C(=O)OCc2ccccc2)C1 0.2100000 0.2100 0.3458343 0.3458 0.6666667 0.6667 0.6893151 0.6893 1.0000000 1.0000 1.0000000 446.5290 0.5408562 2.7783 1.0000000 1.0000 0.33333333333333337 1.0 0.40730823708832603 []
20:57:17 <INFO> Sampled SMILES O=c1n(c(c(nn1)C#N)=O)C[C@H](Cn1c(cccc1)=O)O failed to sanitize.
20:57:21 <INFO> Score: 0.41 Agent NLL: 29.24 Valid:  98% Step: 72
 | Agent Prior Target Score SMILES SMILES_state Scaffold predicted_activity predicted_activity (raw) training_similarity training_similarity (raw) taf_consistency taf_consistency (raw) novelty novelty (raw) stereo_validity stereo_validity (raw) MW_window MW_window (raw) synthetic_feasibility synthetic_feasibility (raw) curated alerts filter curated alerts filter (raw) taf_disrupted (predicted_activity) scaffold_novelty (predicted_activity) uncertainty (predicted_activity) matchting_patterns (curated alerts filter)
 | 25.2139 32.2803 25.7474 0.4533416 CCc1ccccc1OC[C@@H](C)NC(=O)Nc1ccncc1 1 O=C(NCCOc1ccccc1)Nc1ccncc1 0.2350000 0.2350 0.2869023 0.2869 0.3333333 0.3333 0.7209595 0.7210 1.0000000 1.0000 1.0000000 299.3740 0.5331893 2.4435 1.0000000 1.0000 0.6666666666666667 1.0 0.4239988207530771 []
 | 27.5213 33.5665 41.8279 0.5890187 O=C1N[C@@H](C(=O)NCCc2ccccc2)[C@H](c2ccccc2Br)O1 1 O=C1NC(C(=O)NCCc2ccccc2)C(c2ccccc2)O1 0.2800000 0.2800 0.3760592 0.3761 1.0000000 1.0000 0.6239408 0.6239 1.0000000 1.0000 1.0000000 389.2490 0.5475266 3.0703 1.0000000 1.0000 0.0 1.0 0.44899888641287294 []
 | 39.7981 46.7790 14.7585 0.4807620 CCN(CC)CCNC(=O)N[C@H](C#N)CN1Cc2ccccc2NC1O 1 c1ccc2c(c1)CNCN2 0.2850000 0.2850 0.2507133 0.2507 0.6666667 0.6667 0.7561569 0.7562 0.5000000 0.5000 1.0000000 360.4620 0.5528261 3.6972 1.0000000 1.0000 0.33333333333333337 1.0 0.4514144437210666 []
 | 26.5965 27.3868 39.1274 0.5196425 Cc1ccc2nc(NC(=O)c3cccnc3Br)sc2c1 1 O=C(Nc1nc2ccccc2s1)c1cccnc1 0.3000000 0.3000 0.2548236 0.2548 0.6666667 0.6667 0.7521592 0.7522 1.0000000 1.0000 1.0000000 348.2250 0.5266805 2.1598 1.0000000 1.0000 0.33333333333333337 1.0 0.45825756949558394 []
 | 25.0185 34.2149 39.9738 0.5795990 NC(=NC(=O)OCc1ccccc1)SCc1ccc(Br)c(Br)c1 1 O=C(N=CSCc1ccccc1)OCc1ccccc1 0.2750000 0.2750 0.3551424 0.3551 1.0000000 1.0000 0.6448576 0.6449 1.0000000 1.0000 1.0000000 458.1750 0.5345896 2.5046 1.0000000 1.0000 0.0 1.0 0.44651427748729383 []
 | 29.9595 35.8930 23.0724 0.4606676 CC(=O)Nc1nc(C(=O)Nc2ccnn2-c2ccccc2)nc2ccccc12 1 O=C(Nc1ccnn1-c1ccccc1)c1ncc2ccccc2n1 0.2900000 0.2900 0.2500646 0.2501 0.3333333 0.3333 0.7549285 0.7549 1.0000000 1.0000 1.0000000 372.3880 0.5311384 2.3541 1.0000000 1.0000 0.6666666666666667 1.0 0.4537620521815371 []
 | 28.0148 35.7752 29.4937 0.5099135 O=C(COc1ccccc1F)OC(=O)NC(=O)Oc1ccccc1 1 O=C(COc1ccccc1)OC(=O)NC(=O)Oc1ccccc1 0.2400000 0.2400 0.2933594 0.2934 0.6666667 0.6667 0.7066406 0.7066 1.0000000 1.0000 1.0000000 333.2710 0.5269978 2.1736 1.0000000 1.0000 0.33333333333333337 1.0 0.4270831300812524 []
 | 28.6446 28.2670 -19.3148 0.0699396 O=C1CC(NCc2cccc(Cl)c2F)CS1 1 O=C1CC(NCc2ccccc2)CS1 0.2500000 0.2500 0.2280126 0.2280 0.3333333 0.3333 0.7866477 0.7866 0.0000000 0.0000 1.0000000 259.7330 0.5501904 3.1871 1.0000000 1.0000 0.6666666666666667 1.0 0.4330127018922193 []
 | 35.1928 41.1014 20.4904 0.4811865 CCc1nnc2n1N[C@H](c1ccccc1)C(C(=O)OC)=C2C(=O)OCCOC(C)=O 1 C1=CC(c2ccccc2)Nn2cnnc21 0.1700000 0.1700 0.2989570 0.2990 0.6666667 0.6667 0.7467749 0.7468 1.0000000 1.0000 1.0000000 414.4180 0.5539736 3.3532 1.0000000 1.0000 0.33333333333333337 1.0 0.375632799419859 []
 | 35.6479 35.6846 18.6346 0.4243689 C[C@@H](CNCc1cnc2ncccc2c1)c1cccc(F)c1 1 c1ccc(CCNCc2cnc3ncccc3c2)cc1 0.2250000 0.2250 0.2095291 0.2095 0.3333333 0.3333 0.8039428 0.8039 1.0000000 1.0000 1.0000000 295.3610 0.5393683 2.7133 1.0000000 1.0000 0.6666666666666667 1.0 0.4175823272122517 []
20:57:25 <INFO> Score: 0.38 Agent NLL: 28.08 Valid: 100% Step: 73
 | Agent Prior Target Score SMILES SMILES_state Scaffold predicted_activity predicted_activity (raw) training_similarity training_similarity (raw) taf_consistency taf_consistency (raw) novelty novelty (raw) stereo_validity stereo_validity (raw) MW_window MW_window (raw) synthetic_feasibility synthetic_feasibility (raw) curated alerts filter curated alerts filter (raw) taf_disrupted (predicted_activity) scaffold_novelty (predicted_activity) uncertainty (predicted_activity) matchting_patterns (curated alerts filter)
 | 26.1661 28.7270 -19.0416 0.0756675 N#Cc1ccccc1CNC1CSCCS1 1 c1ccc(CNC2CSCCS2)cc1 0.2250000 0.2250 0.2135042 0.2135 0.6666667 0.6667 0.8082012 0.8082 0.0000000 0.0000 1.0000000 250.3920 0.5554614 3.4186 1.0000000 1.0000 0.33333333333333337 1.0 0.4175823272122517 []
 | 19.6472 24.0603 39.5432 0.4969028 N#Cc1ccc(C(=O)NC2(C(=O)O)CCC2)cc1 1 O=C(NC1CCC1)c1ccccc1 0.2550000 0.2550 0.2389193 0.2389 0.6666667 0.6667 0.7710545 0.7711 1.0000000 1.0000 1.0000000 244.2500 0.5248604 2.0806 1.0000000 1.0000 0.33333333333333337 1.0 0.43586121644395015 []
 | 38.9972 40.8313 -31.2697 0.0746997 COc1nnc(CC(C)NC(=O)N(CCc2ccccc2)c2ccccc2)s1 1 O=C(NCCc1nncs1)N(CCc1ccccc1)c1ccccc1 0.2700000 0.2700 0.3022439 0.3022 0.3333333 0.3333 0.6977561 0.6978 0.0000000 0.0000 1.0000000 396.5160 0.5440714 2.9190 1.0000000 1.0000 0.6666666666666667 1.0 0.4439594576084623 []
 | 25.9649 34.3401 25.4874 0.4674024 COC(=O)c1cc(COC(=O)c2ccc(C(=O)OCc3ccccc3)cc2)on1 1 O=C(OCc1ccccc1)c1ccc(C(=O)OCc2ccno2)cc1 0.2100000 0.2100 0.3899064 0.3899 0.3333333 0.3333 0.6100936 0.6101 1.0000000 1.0000 1.0000000 395.3670 0.5245486 2.0670 1.0000000 1.0000 0.6666666666666667 1.0 0.40730823708832603 []
 | 30.5120 37.9504 38.9037 0.6004227 N#C[C@H](NC(=O)c1ccccc1OCc1cccc(Br)c1)C(=O)O 1 c1ccc(COc2ccccc2)cc1 0.4000000 0.4000 0.4076610 0.4077 0.6666667 0.6667 0.5923390 0.5923 1.0000000 1.0000 1.0000000 389.2050 0.5402196 2.7505 1.0000000 1.0000 0.33333333333333337 1.0 0.4898979485566356 []
 | 33.3034 37.3495 27.5703 0.5071859 N#Cc1ccnc(NC[C@@H]2C[C@H](F)[C@@H](CO)O2)c1Cl 1 c1ccc(NCC2CCCO2)nc1 0.2300000 0.2300 0.2864732 0.2865 0.6666667 0.6667 0.7841795 0.7842 1.0000000 1.0000 1.0000000 285.7060 0.5470513 3.9505 1.0000000 1.0000 0.33333333333333337 1.0 0.4208325082500163 []
 | 28.7580 43.5200 22.3265 0.5144262 CCOc1cc(C(=O)OCC(=O)Nc2cccc(C#N)c2F)ccc1OCc1cccc2ccccc12 1 O=C(COC(=O)c1ccc(OCc2cccc3ccccc23)cc1)Nc1ccccc1 0.2100000 0.2100 0.2478102 0.2478 1.0000000 1.0000 0.7739514 0.7740 1.0000000 1.0000 1.0000000 498.5100 0.5309680 2.3466 1.0000000 1.0000 0.0 1.0 0.4073082370883261 []
 | 28.0722 33.5117 24.6636 0.4544939 C[C@H](COc1ccccc1)NC(=O)Nc1ccccc1OC[C@@H]1CCCO1 1 O=C(NCCOc1ccccc1)Nc1ccccc1OCC1CCCO1 0.2150000 0.2150 0.3191725 0.3192 0.3333333 0.3333 0.6808275 0.6808 1.0000000 1.0000 1.0000000 370.4490 0.5401714 2.7484 1.0000000 1.0000 0.6666666666666667 1.0 0.41082234603292944 []
 | 20.1522 25.0952 33.5665 0.4582945 O[C@@H]1COc2ccccc2C[C@H]1O 1 c1ccc2c(c1)CCCCO2 0.2300000 0.2300 0.3049971 0.3050 0.3333333 0.3333 0.7369616 0.7370 1.0000000 1.0000 1.0000000 180.2030 0.5442715 2.9277 1.0000000 1.0000 0.6666666666666667 1.0 0.4208325082500163 []
 | 16.3058 23.7391 -23.7391 0.0000000 O=C(N[C@H](CO)c1ccccc1)c1ccc(F)c(F)c1 1 O=C(NCc1ccccc1)c1ccccc1 0.3350000 0.3350 0.3612505 0.3613 0.3333333 0.3333 0.6387495 0.6387 1.0000000 1.0000 1.0000000 277.2700 0.5272958 2.1866 1.0000000 1.0000 0.6666666666666667 1.0 0.4719904660054057 []
20:57:25 <INFO> Sampled SMILES C1c2c(c(OCc3ccccc3)ccc2)nc(Nc2ccccc2C#N)n1 failed to sanitize.
20:57:28 <INFO> Score: 0.41 Agent NLL: 27.55 Valid:  98% Step: 74
 | Agent Prior Target Score SMILES SMILES_state Scaffold predicted_activity predicted_activity (raw) training_similarity training_similarity (raw) taf_consistency taf_consistency (raw) novelty novelty (raw) stereo_validity stereo_validity (raw) MW_window MW_window (raw) synthetic_feasibility synthetic_feasibility (raw) curated alerts filter curated alerts filter (raw) taf_disrupted (predicted_activity) scaffold_novelty (predicted_activity) uncertainty (predicted_activity) matchting_patterns (curated alerts filter)
 | 20.3583 26.2508 41.3634 0.5282363 C[C@H](OC(=O)c1cnccn1)C(=O)Nc1ccccc1C#N 1 O=C(COC(=O)c1cnccn1)Nc1ccccc1 0.2450000 0.2450 0.2423931 0.2424 1.0000000 1.0000 0.7576069 0.7576 1.0000000 1.0000 1.0000000 296.2860 0.5359603 2.5644 1.0000000 1.0000 0.0 1.0 0.4300872004605578 []
 | 31.1922 29.6120 25.9160 0.4338127 N#CC(=Cc1ccc(Cl)cc1)C(=O)Nc1ccc(Cl)c([N+](=O)[O-])c1 1 O=C(C=Cc1ccccc1)Nc1ccccc1 0.2100000 0.2100 0.1432230 0.1432 0.6666667 0.6667 0.8774642 0.8775 1.0000000 1.0000 1.0000000 362.1720 0.5260329 2.1316 1.0000000 1.0000 0.33333333333333337 1.0 0.4073082370883261 []
 | 24.0357 26.1674 43.4869 0.5441739 C#CCNC(=O)c1ccc(=O)n(CCOc2ccccc2)c1 1 O=c1ccccn1CCOc1ccccc1 0.3050000 0.3050 0.3221930 0.3222 0.6666667 0.6667 0.6778070 0.6778 1.0000000 1.0000 1.0000000 296.3260 0.5270467 2.1758 1.0000000 1.0000 0.33333333333333337 1.0 0.460407428263272 []
 | 27.1052 29.9955 26.0002 0.4374663 O=Cc1cn(Cc2ccccc2C#Cc2ccccc2)cn1 1 C(#Cc1ccccc1Cn1ccnc1)c1ccccc1 0.2350000 0.2350 0.2369242 0.2369 0.3333333 0.3333 0.7630758 0.7631 1.0000000 1.0000 1.0000000 286.3340 0.5351295 2.5282 1.0000000 1.0000 0.6666666666666667 1.0 0.4239988207530771 []
 | 28.8947 33.0070 -22.5368 0.0817987 CC(C)(C)C1CCc2c(sc(NC(=O)c3cnn4c(-c5ccccc5)ccnc34)c2C#N)C1 1 O=C(Nc1cc2c(s1)CCCC2)c1cnn2c(-c3ccccc3)ccnc12 0.3000000 0.3000 0.2410144 0.2410 0.6666667 0.6667 0.7589856 0.7590 0.0000000 0.0000 1.0000000 455.5870 0.5480130 3.0916 1.0000000 1.0000 0.33333333333333337 1.0 0.458257569495584 []
 | 26.4594 29.5105 -29.5105 0.0000000 CC[C@H](C)c1ccccc1C(=O)Nc1ccc(C)cc1 1 O=C(Nc1ccccc1)c1ccccc1 0.3150000 0.3150 0.2898855 0.2899 0.3333333 0.3333 0.7180581 0.7181 1.0000000 1.0000 1.0000000 267.3720 0.5255923 2.1124 1.0000000 1.0000 0.6666666666666667 1.0 0.46451587701606073 []
 | 32.3270 42.5053 21.2777 0.4983047 COC(=O)c1csc(-n2cc(C(=O)OCC(=O)Nc3cccc(C#N)c3)c(C)n2)n1 1 O=C(COC(=O)c1cnn(-c2nccs2)c1)Nc1ccccc1 0.2050000 0.2050 0.2122500 0.2122 1.0000000 1.0000 0.8329705 0.8330 1.0000000 1.0000 1.0000000 425.4260 0.5364078 2.5840 1.0000000 1.0000 0.0 1.0 0.403701622488689 []
 | 25.5146 34.6358 28.6385 0.4943306 Cc1cc(C#N)ccc1SC(=O)NCc1ccco1 1 O=C(NCc1ccco1)Sc1ccccc1 0.2550000 0.2550 0.2299002 0.2299 0.6666667 0.6667 0.7769433 0.7769 1.0000000 1.0000 1.0000000 272.3290 0.5365447 2.5900 1.0000000 1.0000 0.33333333333333337 1.0 0.43586121644395015 []
 | 20.6283 31.1417 33.2371 0.5029598 O=C(N[C@@H](Cc1ccccc1)[C@H](O)CNCc1ccco1)Oc1ccccc1 1 O=C(NC(CCNCc1ccco1)Cc1ccccc1)Oc1ccccc1 0.3200000 0.3200 0.3597008 0.3597 0.3333333 0.3333 0.6402992 0.6403 1.0000000 1.0000 1.0000000 380.4440 0.5419897 2.8279 1.0000000 1.0000 0.6666666666666667 1.0 0.46647615158762396 []
 | 27.9522 40.7480 22.2327 0.4920369 CC(OC(=O)Nc1onc([C@@H]2CCCN2C(=O)OC(C)(C)C)c1C#N)c1ccccc1 1 O=C(Nc1cc(C2CCCN2)no1)OCc1ccccc1 0.2300000 0.2300 0.2517754 0.2518 1.0000000 1.0000 0.7494557 0.7495 0.5000000 0.5000 1.0000000 426.4730 0.5567068 3.5266 1.0000000 1.0000 0.0 1.0 0.4208325082500163 []
20:57:32 <INFO> Score: 0.44 Agent NLL: 26.09 Valid: 100% Step: 75
 | Agent Prior Target Score SMILES SMILES_state Scaffold predicted_activity predicted_activity (raw) training_similarity training_similarity (raw) taf_consistency taf_consistency (raw) novelty novelty (raw) stereo_validity stereo_validity (raw) MW_window MW_window (raw) synthetic_feasibility synthetic_feasibility (raw) curated alerts filter curated alerts filter (raw) taf_disrupted (predicted_activity) scaffold_novelty (predicted_activity) uncertainty (predicted_activity) matchting_patterns (curated alerts filter)
 | 17.8994 23.7338 41.2935 0.5080259 NCC#Cc1cnn(Cc2ccccc2)c1 1 c1ccc(Cn2cccn2)cc1 0.2650000 0.2650 0.2575637 0.2576 0.6666667 0.6667 0.7424363 0.7424 1.0000000 1.0000 1.0000000 211.2680 0.5297612 2.2940 1.0000000 1.0000 0.33333333333333337 1.0 0.4413332074521472 []
 | 29.9988 35.3920 25.7302 0.4775170 C[C@H](Oc1cccc(C#N)c1)C(=O)Nc1cccc(F)c1[N+](=O)[O-] 1 O=C(COc1ccccc1)Nc1ccccc1 0.2300000 0.2300 0.2122233 0.2122 0.6666667 0.6667 0.8121154 0.8121 1.0000000 1.0000 1.0000000 329.2870 0.5379546 2.6515 1.0000000 1.0000 0.33333333333333337 1.0 0.4208325082500162 []
 | 24.3752 29.4762 31.8032 0.4787455 CC(C)OCc1cccc(NC(=O)CNC(=O)c2cc(F)ccc2F)c1 1 O=C(CNC(=O)c1ccccc1)Nc1ccccc1 0.2950000 0.2950 0.3053124 0.3053 0.3333333 0.3333 0.6946876 0.6947 1.0000000 1.0000 1.0000000 362.3760 0.5231088 2.0043 1.0000000 1.0000 0.6666666666666667 1.0 0.4560427611529428 []
 | 42.1916 42.6248 -42.6248 0.0000000 CC1=NNC(=O)C1=C(Cl)Nc1ccc([N+](=O)[O-])c(Br)c1 1 O=C1NN=CC1=CNc1ccccc1 0.0000000 0.0000 0.0000000 0.0000 0.0000000 0.0000 0.0000000 0.0000 0.0000000 0.0000 0.0000000 0.0000 0.0000000 0.0000 0.0000000 0.0000 None None None ['[#7;!n][#7;!n]']
 | 40.2830 51.9610 13.2029 0.5090935 C#CCNC(=O)c1cc(NC(=O)N2CC[C@H](O)C[C@@H]2c2cc(C(F)(F)F)on2)ccn1 1 O=C(Nc1ccncc1)N1CCCCC1c1ccon1 0.2700000 0.2700 0.2499076 0.2499 0.6666667 0.6667 0.7500924 0.7501 1.0000000 1.0000 1.0000000 437.3780 0.5513017 3.7641 1.0000000 1.0000 0.33333333333333337 1.0 0.4439594576084622 []
 | 26.2285 38.7831 36.1768 0.5856241 O=C(OC[C@H](O)[C@H](O)CO)c1ccc(C#Cc2ccc(C#Cc3ccc(CO)cc3)cc2)cc1 1 C(#Cc1ccc(C#Cc2ccccc2)cc1)c1ccccc1 0.3050000 0.3050 0.3287980 0.3288 1.0000000 1.0000 0.6712020 0.6712 1.0000000 1.0000 1.0000000 456.4940 0.5533372 3.3252 1.0000000 1.0000 0.0 1.0 0.460407428263272 []
 | 26.9506 32.6312 29.2080 0.4831189 CC(C)CN(CC(=O)N1CCc2ccccc2C1)C(=O)Nc1ccc(C#N)cc1 1 O=C(NCC(=O)N1CCc2ccccc2C1)Nc1ccccc1 0.2500000 0.2500 0.2094729 0.2095 0.6666667 0.6667 0.7967626 0.7968 1.0000000 1.0000 1.0000000 390.4870 0.5291996 2.2696 1.0000000 1.0000 0.33333333333333337 1.0 0.4330127018922193 []
 | 25.6839 29.2434 31.8253 0.4770991 CS(=O)(=O)N(CCCC(=O)NCc1ccccn1)c1ccccc1C#N 1 O=C(CCCNc1ccccc1)NCc1ccccn1 0.2300000 0.2300 0.2135407 0.2135 0.6666667 0.6667 0.7928158 0.7928 1.0000000 1.0000 1.0000000 372.4500 0.5317975 2.3828 1.0000000 1.0000 0.33333333333333337 1.0 0.4208325082500162 []
 | 19.0126 28.3318 43.7669 0.5632711 C#C[C@H](CCc1ccccc1)NC(=O)Cc1ccccc1 1 O=C(Cc1ccccc1)NCCCc1ccccc1 0.3400000 0.3400 0.3434183 0.3434 0.6666667 0.6667 0.6565817 0.6566 1.0000000 1.0000 1.0000000 277.3670 0.5338271 2.4713 1.0000000 1.0000 0.33333333333333337 1.0 0.4737087712930804 []
 | 16.8886 28.5376 -28.5376 0.0000000 C[C@H](OC(=O)c1ccccc1C#N)C(=O)Nc1ccc(F)cc1 1 O=C(COC(=O)c1ccccc1)Nc1ccccc1 0.2600000 0.2600 0.2292273 0.2292 1.0000000 1.0000 0.7716942 0.7717 1.0000000 1.0000 1.0000000 312.3000 0.5299138 2.3007 1.0000000 1.0000 0.0 1.0 0.43863424398922624 []
20:57:36 <INFO> Score: 0.30 Agent NLL: 28.80 Valid: 100% Step: 76
 | Agent Prior Target Score SMILES SMILES_state Scaffold predicted_activity predicted_activity (raw) training_similarity training_similarity (raw) taf_consistency taf_consistency (raw) novelty novelty (raw) stereo_validity stereo_validity (raw) MW_window MW_window (raw) synthetic_feasibility synthetic_feasibility (raw) curated alerts filter curated alerts filter (raw) taf_disrupted (predicted_activity) scaffold_novelty (predicted_activity) uncertainty (predicted_activity) matchting_patterns (curated alerts filter)
 | 24.5911 25.6736 28.9030 0.4263792 CC(C)(NC1CC1)C(=O)Nc1c(F)cccc1F 1 O=C(CNC1CC1)Nc1ccccc1 0.2050000 0.2050 0.2389193 0.2389 0.3333333 0.3333 0.7775254 0.7775 1.0000000 1.0000 1.0000000 254.2800 0.5309557 2.3461 1.0000000 1.0000 0.6666666666666667 1.0 0.403701622488689 []
 | 20.2687 27.6919 42.4971 0.5483513 N#Cc1ccccc1OCCN[C@@H](CO)c1ccccc1 1 c1ccc(CNCCOc2ccccc2)cc1 0.2950000 0.2950 0.3466975 0.3467 0.6666667 0.6667 0.6533025 0.6533 1.0000000 1.0000 1.0000000 282.3430 0.5330198 2.4361 1.0000000 1.0000 0.33333333333333337 1.0 0.4560427611529428 []
 | 23.7771 28.0443 27.0502 0.4304257 COC(=O)c1ccc(CN(C)S(=O)(=O)c2cccnc2)o1 1 O=S(=O)(NCc1ccco1)c1cccnc1 0.1700000 0.1700 0.3045001 0.3045 0.3333333 0.3333 0.7549285 0.7549 1.0000000 1.0000 1.0000000 310.3310 0.5286167 2.2442 1.0000000 1.0000 0.6666666666666667 1.0 0.375632799419859 []
 | 24.5698 33.9990 30.2991 0.5023296 O=C(NC[C@H](O)c1ccccc1)c1ccccc1Nc1nccc(C(F)(F)F)n1 1 O=C(NCCc1ccccc1)c1ccccc1Nc1ncccn1 0.3700000 0.3700 0.3053124 0.3053 0.3333333 0.3333 0.6946876 0.6947 1.0000000 1.0000 1.0000000 402.3760 0.5378650 2.6476 1.0000000 1.0000 0.6666666666666667 1.0 0.4828043081829324 []
 | 50.7765 64.1884 -62.3073 0.0146965 O=C(Cc1cccc(Br)c1)N[C@H](C(=O)OCc1ccccc1)[C@]1(NC(=O)OCc2ccccc2)C[C@@H](OC(=O)Cc2ccccc2)[C@H](CO)O1 1 O=C(Cc1ccccc1)NC(C(=O)OCc1ccccc1)C1(NC(=O)OCc2ccccc2)CC(OC(=O)Cc2ccccc2)CO1 0.2800000 0.2800 0.3642501 0.3643 1.0000000 1.0000 0.6357499 0.6357 1.0000000 1.0000 0.0000000 745.6230 0.5416297 4.1878 1.0000000 1.0000 0.0 1.0 0.44899888641287294 []
 | 25.9410 32.9127 -32.9127 0.0000000 COC(=O)[C@H](CN(C)C)NS(=O)(=O)c1ccc(C#N)cc1 1 c1ccccc1 0.2500000 0.2500 0.2642491 0.2642 1.0000000 1.0000 0.7920499 0.7920 1.0000000 1.0000 1.0000000 311.3630 0.5385691 2.6784 1.0000000 1.0000 0.0 1.0 0.4330127018922193 []
 | 37.9945 38.3214 19.5803 0.4523570 CC(N[C@H]1CCC[C@H](Oc2ccc(F)cc2Br)C1)c1ccccc1 1 c1ccc(CNC2CCCC(Oc3ccccc3)C2)cc1 0.2000000 0.2000 0.2278028 0.2278 0.6666667 0.6667 0.7841795 0.7842 0.6666667 0.6667 1.0000000 392.3120 0.5466457 3.0317 1.0000000 1.0000 0.33333333333333337 1.0 0.4000000000000001 []
 | 34.3136 57.6259 -55.7609 0.0145702 C#CC#CC#CC#CC#CC#CC#CC#CC#CCCOC(=O)c1cc(COC(=O)[C@H](C#C)NC(=O)c2ccccc2)on1 1 O=C(CNC(=O)c1ccccc1)OCc1ccno1 0.3200000 0.3200 0.3022130 0.3022 1.0000000 1.0000 0.6977870 0.6978 1.0000000 1.0000 0.0000000 572.5320 0.5324078 4.5906 1.0000000 1.0000 0.0 1.0 0.46647615158762396 []
 | 33.5570 38.2945 21.6967 0.4686814 COC(=O)c1ccc(CN(CC#N)C(=O)c2nn(C)cc2I)cc1 1 O=C(NCc1ccccc1)c1cc[nH]n1 0.2100000 0.2100 0.2122233 0.2122 0.6666667 0.6667 0.8121154 0.8121 1.0000000 1.0000 1.0000000 438.2250 0.5353675 2.5386 1.0000000 1.0000 0.33333333333333337 1.0 0.4073082370883261 []
 | 31.8358 35.7918 16.3460 0.4073268 Cc1nc(CCNC(=O)N[C@H]2CCC[C@@H](C)[C@H]2CO)n[nH]1 1 O=C(NCCc1nc[nH]n1)NC1CCCCC1 0.1700000 0.1700 0.2228124 0.2228 0.3333333 0.3333 0.8135817 0.8136 1.0000000 1.0000 1.0000000 295.3870 0.5519328 3.7364 1.0000000 1.0000 0.6666666666666667 1.0 0.375632799419859 []
20:57:40 <INFO> Score: 0.37 Agent NLL: 27.35 Valid: 100% Step: 77
 | Agent Prior Target Score SMILES SMILES_state Scaffold predicted_activity predicted_activity (raw) training_similarity training_similarity (raw) taf_consistency taf_consistency (raw) novelty novelty (raw) stereo_validity stereo_validity (raw) MW_window MW_window (raw) synthetic_feasibility synthetic_feasibility (raw) curated alerts filter curated alerts filter (raw) taf_disrupted (predicted_activity) scaffold_novelty (predicted_activity) uncertainty (predicted_activity) matchting_patterns (curated alerts filter)
 | 28.0203 36.1977 25.4456 0.4815883 CCOc1ccccc1NC(=O)COC(=O)Cc1csc(NC(=O)c2cc(F)ccc2Cl)n1 1 O=C(COC(=O)Cc1csc(NC(=O)c2ccccc2)n1)Nc1ccccc1 0.2200000 0.2200 0.2361363 0.2361 0.6666667 0.6667 0.7703344 0.7703 1.0000000 1.0000 1.0000000 491.9280 0.5280348 2.2188 1.0000000 1.0000 0.33333333333333337 1.0 0.41424630354415964 []
 | 28.3397 35.5577 34.5611 0.5478027 N#Cc1ccc(NC(=O)c2ccccc2Oc2ccccc2)cc1CO 1 O=C(Nc1ccccc1)c1ccccc1Oc1ccccc1 0.3200000 0.3200 0.3185930 0.3186 0.6666667 0.6667 0.6814070 0.6814 1.0000000 1.0000 1.0000000 344.3700 0.5222191 1.9656 1.0000000 1.0000 0.33333333333333337 1.0 0.466476151587624 []
 | 25.8378 35.6079 38.8504 0.5817057 N#Cc1ccc2ccccc2c1COC(=O)c1ccccc1NC(=O)c1ccco1 1 O=C(Nc1ccccc1C(=O)OCc1cccc2ccccc12)c1ccco1 0.3100000 0.3100 0.3191725 0.3192 1.0000000 1.0000 0.6808275 0.6808 1.0000000 1.0000 1.0000000 396.4020 0.5284989 2.2390 1.0000000 1.0000 0.0 1.0 0.462493243193887 []
 | 26.0374 28.8845 -17.7617 0.0868966 CCC(CN)C(=O)NCc1cccc(NC(=O)OC(C)(C)C)c1 1 c1ccccc1 0.3450000 0.3450 0.2908717 0.2909 0.6666667 0.6667 0.7091283 0.7091 0.0000000 0.0000 1.0000000 321.4210 0.5351117 2.5274 1.0000000 1.0000 0.33333333333333337 1.0 0.4753682782853732 []
 | 28.8304 33.0779 -22.7287 0.0808536 CC(SCC(=O)Nc1ccc(C#N)cc1)C(=O)Nc1nnc(-c2ccccc2)o1 1 O=C(CSCC(=O)Nc1nnc(-c2ccccc2)o1)Nc1ccccc1 0.2750000 0.2750 0.2507784 0.2508 0.6666667 0.6667 0.7492216 0.7492 0.0000000 0.0000 1.0000000 407.4550 0.5390782 2.7006 1.0000000 1.0000 0.33333333333333337 1.0 0.44651427748729383 []
 | 38.1351 36.3503 17.6123 0.4215829 CCCCCC1CCC(CCCCOc2ccc(OC(=O)OC)cc2F)CC1 1 c1ccc(OCCCCC2CCCCC2)cc1 0.1200000 0.1200 0.3987558 0.3988 0.3333333 0.3333 0.6611641 0.6612 1.0000000 1.0000 1.0000000 394.5270 0.5300578 2.3070 1.0000000 1.0000 0.6666666666666667 1.0 0.3249615361854384 []
 | 22.8730 34.3200 36.6127 0.5541618 CNc1ccc(S(=O)(=O)NC[C@H](NC(=O)OCc2ccccc2)C(=O)OC)cc1 1 O=C(NCCNS(=O)(=O)c1ccccc1)OCc1ccccc1 0.3000000 0.3000 0.3597008 0.3597 0.6666667 0.6667 0.6402992 0.6403 1.0000000 1.0000 1.0000000 421.4750 0.5363312 2.5806 1.0000000 1.0000 0.33333333333333337 1.0 0.45825756949558394 []
 | 31.5582 40.5123 -40.5123 0.0000000 CCS(=O)(=O)C1=NN2C(=N)/C(=C/c3ccc(OCc4ccccc4)c(OCc4ccccc4C#N)c3)C(=O)N=C2S1 1 N=C1C(=Cc2ccc(OCc3ccccc3)c(OCc3ccccc3)c2)C(=O)N=C2SC=NN12 0.0000000 0.0000 0.0000000 0.0000 0.0000000 0.0000 0.0000000 0.0000 0.0000000 0.0000 0.0000000 0.0000 0.0000000 0.0000 0.0000000 0.0000 None None None ['[#7;!n][#7;!n]', '[#16;!s][C;!$(C(=[O,N])[N,O])][#16;!s]']
 | 23.1327 29.9540 32.8473 0.4906346 N#C[C@@H](OC(=O)c1cccs1)c1ccc(Cl)cc1 1 O=C(OCc1ccccc1)c1cccs1 0.2600000 0.2600 0.2162162 0.2162 0.6666667 0.6667 0.7837838 0.7838 1.0000000 1.0000 1.0000000 277.7320 0.5394192 2.7155 1.0000000 1.0000 0.33333333333333337 1.0 0.4386342439892263 []
 | 34.9574 43.6121 18.1394 0.4824334 C[N+]1(COc2cc(C#N)c(OCc3ccccc3)cc2OCc2ccccc2)CCOCC1 1 c1ccc(COc2ccc(OC[NH+]3CCOCC3)c(OCc3ccccc3)c2)cc1 0.2350000 0.2350 0.4002494 0.4002 0.3333333 0.3333 0.6282388 0.6282 1.0000000 1.0000 1.0000000 445.5390 0.5391640 2.7044 1.0000000 1.0000 0.6666666666666667 1.0 0.4239988207530771 []
20:57:44 <INFO> Score: 0.40 Agent NLL: 28.07 Valid: 100% Step: 78
 | Agent Prior Target Score SMILES SMILES_state Scaffold predicted_activity predicted_activity (raw) training_similarity training_similarity (raw) taf_consistency taf_consistency (raw) novelty novelty (raw) stereo_validity stereo_validity (raw) MW_window MW_window (raw) synthetic_feasibility synthetic_feasibility (raw) curated alerts filter curated alerts filter (raw) taf_disrupted (predicted_activity) scaffold_novelty (predicted_activity) uncertainty (predicted_activity) matchting_patterns (curated alerts filter)
 | 28.9238 33.6490 41.1147 0.5840915 N#Cc1ccccc1OCC(=O)NC12CC(NC(=O)OCc3ccccc3)(C1)C2 1 O=C(COc1ccccc1)NC12CC(NC(=O)OCc3ccccc3)(C1)C2 0.2650000 0.2650 0.3781514 0.3782 1.0000000 1.0000 0.6402992 0.6403 1.0000000 1.0000 1.0000000 391.4270 0.5500886 3.1826 1.0000000 1.0000 0.0 1.0 0.4413332074521472 []
 | 24.7176 32.3399 26.6192 0.4606176 N#Cc1ncc(I)nc1N1CC[C@@H](O)C1 1 c1cnc(N2CCCC2)cn1 0.2050000 0.2050 0.1945195 0.1945 0.6666667 0.6667 0.8378379 0.8378 1.0000000 1.0000 1.0000000 316.1020 0.5552055 3.5926 1.0000000 1.0000 0.33333333333333337 1.0 0.40370162248868907 []
 | 25.7063 34.8043 26.8602 0.4817533 N#C[C@@H]1CN(c2cccc(C(F)(F)F)n2)CC(=O)N1 1 O=C1CN(c2ccccn2)CCN1 0.2250000 0.2250 0.2223748 0.2224 0.6666667 0.6667 0.8224288 0.8224 1.0000000 1.0000 1.0000000 270.2140 0.5564387 3.4616 1.0000000 1.0000 0.33333333333333337 1.0 0.41758232721225164 []
 | 19.2293 32.3668 43.4863 0.5926023 N#Cc1cccc(NC(=O)COC(=O)[C@@H](Cc2ccccc2)NC(=O)OCc2ccccc2)c1 1 O=C(COC(=O)C(Cc1ccccc1)NC(=O)OCc1ccccc1)Nc1ccccc1 0.3150000 0.3150 0.3453069 0.3453 1.0000000 1.0000 0.6546931 0.6547 1.0000000 1.0000 1.0000000 457.4860 0.5347937 2.5135 1.0000000 1.0000 0.0 1.0 0.46451587701606073 []
 | 28.8343 38.7426 33.3000 0.5628328 N#C[C@@H](Cc1ccc(CO)cc1)NC(=O)N[C@H](CO)c1ccccc1 1 O=C(NCCc1ccccc1)NCc1ccccc1 0.3400000 0.3400 0.3379189 0.3379 0.6666667 0.6667 0.6620811 0.6621 1.0000000 1.0000 1.0000000 339.3950 0.5452465 2.9704 1.0000000 1.0000 0.33333333333333337 1.0 0.4737087712930804 []
 | 30.1081 38.2214 16.5387 0.4278134 N#Cc1cccc(C(=O)N2Cc3ccccc3[C@@H](C#N)C2)n1 1 O=C(c1ccccn1)N1CCc2ccccc2C1 0.2350000 0.2350 0.2069102 0.2069 0.3333333 0.3333 0.8017274 0.8017 1.0000000 1.0000 1.0000000 288.3100 0.5503361 3.1935 1.0000000 1.0000 0.6666666666666667 1.0 0.4239988207530771 []
 | 27.6883 27.2037 32.7169 0.4681295 Cc1cc(C(=O)NC2(CO)CCC(C)CC2)ccc1O 1 O=C(NC1CCCCC1)c1ccccc1 0.2950000 0.2950 0.2672612 0.2673 0.3333333 0.3333 0.7400624 0.7401 1.0000000 1.0000 1.0000000 277.3640 0.5319005 2.3873 1.0000000 1.0000 0.6666666666666667 1.0 0.45604276115294284 []
 | 26.3475 32.4496 32.2607 0.5055494 C[C@@H](OC(=O)c1ccc2nc(-c3ccccc3)oc2c1)C(=O)Nc1ccccc1 1 O=C(COC(=O)c1ccc2nc(-c3ccccc3)oc2c1)Nc1ccccc1 0.2550000 0.2550 0.2610185 0.2610 0.6666667 0.6667 0.7389815 0.7390 1.0000000 1.0000 1.0000000 386.4070 0.5315027 2.3700 1.0000000 1.0000 0.33333333333333337 1.0 0.43586121644395015 []
 | 23.7373 27.9414 -27.9414 0.0000000 C#CCN(C#N)C(=O)Nc1ccccc1 1 c1ccccc1 0.3300000 0.3300 0.2615572 0.2616 0.6666667 0.6667 0.7384428 0.7384 1.0000000 1.0000 1.0000000 199.2130 0.5392329 2.7074 1.0000000 1.0000 0.33333333333333337 1.0 0.4702127178203499 []
 | 31.8050 35.9621 17.7129 0.4193357 Cc1ccc(NC(=O)Nc2nc(N)nc(Nc3ccccc3N)n2)cc1 1 O=C(Nc1ccccc1)Nc1ncnc(Nc2ccccc2)n1 0.2350000 0.2350 0.1905302 0.1905 0.3333333 0.3333 0.8202763 0.8203 1.0000000 1.0000 1.0000000 350.3860 0.5264601 2.1502 1.0000000 1.0000 0.6666666666666667 1.0 0.4239988207530771 []
20:57:44 <INFO> Sampled SMILES c1c(ccc(OC[C@@H](O)=O)c1)C(=O)Nc1ccc(cc1)OCCN1CCOCC1 failed to sanitize.
20:57:44 <INFO> Sampled SMILES c12c3c(n(c1ccccc2)C(OCC(=O)Nc1c(cccc1C(F)(F)F)F)=O)cccc3 failed to sanitize.
20:57:47 <INFO> Score: 0.38 Agent NLL: 26.57 Valid:  97% Step: 79
 | Agent Prior Target Score SMILES SMILES_state Scaffold predicted_activity predicted_activity (raw) training_similarity training_similarity (raw) taf_consistency taf_consistency (raw) novelty novelty (raw) stereo_validity stereo_validity (raw) MW_window MW_window (raw) synthetic_feasibility synthetic_feasibility (raw) curated alerts filter curated alerts filter (raw) taf_disrupted (predicted_activity) scaffold_novelty (predicted_activity) uncertainty (predicted_activity) matchting_patterns (curated alerts filter)
 | 33.7018 43.0549 -41.2500 0.0141009 O=C(N[C@@H]1C(O)O[C@H]([C@@H](COCc2ccccc2)OCc2ccccc2)[C@H]1COC(=O)c1ccccc1)c1ccccc1 1 O=C(NC1COC(C(COCc2ccccc2)OCc2ccccc2)C1COC(=O)c1ccccc1)c1ccccc1 0.3200000 0.3200 0.4026936 0.4027 0.6666667 0.6667 0.5973064 0.5973 0.8000000 0.8000 0.0000000 581.6650 0.5500375 3.8196 1.0000000 1.0000 0.33333333333333337 1.0 0.46647615158762396 []
 | 22.9629 26.7793 29.7784 0.4418572 O=C(Nc1c(F)cccc1Cl)c1ccncc1F 1 O=C(Nc1ccccc1)c1ccncc1 0.3050000 0.3050 0.1917988 0.1918 0.3333333 0.3333 0.8082012 0.8082 1.0000000 1.0000 1.0000000 268.6500 0.5234964 2.0212 1.0000000 1.0000 0.6666666666666667 1.0 0.460407428263272 []
 | 18.4770 26.9969 33.2775 0.4708933 N#Cc1cccc(NCc2ccccn2)c1F 1 c1ccc(NCc2ccccn2)cc1 0.2400000 0.2400 0.1917988 0.1918 0.6666667 0.6667 0.8082012 0.8082 1.0000000 1.0000 1.0000000 227.2420 0.5270472 2.1758 1.0000000 1.0000 0.33333333333333337 1.0 0.4270831300812525 []
 | 16.1125 26.7791 48.9902 0.5919472 O=C(NC[C@@H](Cc1ccccc1)C(=O)OCc1ccccc1)c1ccccc1 1 O=C(NCC(Cc1ccccc1)C(=O)OCc1ccccc1)c1ccccc1 0.3500000 0.3500 0.4446160 0.4446 0.6666667 0.6667 0.5553840 0.5554 1.0000000 1.0000 1.0000000 373.4520 0.5279976 2.2172 1.0000000 1.0000 0.33333333333333337 1.0 0.47696960070847283 []
 | 27.9906 46.0518 27.6543 0.5758289 N#Cc1ccc(NC(=O)COC(=O)CC[C@H](NC(=O)c2ccccc2)C(=O)Nc2ccc(C#N)cc2)cc1 1 O=C(COC(=O)CCC(NC(=O)c1ccccc1)C(=O)Nc1ccccc1)Nc1ccccc1 0.3300000 0.3300 0.2789943 0.2790 1.0000000 1.0000 0.7210057 0.7210 1.0000000 1.0000 1.0000000 509.5220 0.5389398 2.6946 1.0000000 1.0000 0.0 1.0 0.4702127178203499 []
 | 25.8439 30.1962 33.0059 0.4937664 O=C(NCc1ccc(S(=O)(=O)Nc2ccccc2)cc1)c1ccccc1OC(F)F 1 O=C(NCc1ccc(S(=O)(=O)Nc2ccccc2)cc1)c1ccccc1 0.3350000 0.3350 0.3151110 0.3151 0.3333333 0.3333 0.6848890 0.6849 1.0000000 1.0000 1.0000000 432.4480 0.5216078 1.9390 1.0000000 1.0000 0.6666666666666667 1.0 0.4719904660054057 []
 | 26.0594 31.6041 -31.6041 0.0000000 N[C@@H](CS)C(=O)O[C@H](CO)[C@@H](O)C(=O)O 1  0.1950000 0.1950 0.2971126 0.2971 0.6666667 0.6667 0.7252469 0.7252 1.0000000 1.0000 1.0000000 239.2490 0.5476084 3.9261 1.0000000 1.0000 0.33333333333333337 1.0 0.3962007067131506 []
 | 23.1658 34.8394 39.1062 0.5776996 N#Cc1ccc(COC(=O)[C@H]2C[C@H](OCc3ccccc3)CN2)cc1 1 O=C(OCc1ccccc1)C1CC(OCc2ccccc2)CN1 0.2600000 0.2600 0.3676073 0.3676 1.0000000 1.0000 0.6323927 0.6324 1.0000000 1.0000 1.0000000 336.3910 0.5443907 2.9330 1.0000000 1.0000 0.0 1.0 0.43863424398922624 []
 | 42.9908 57.2935 -55.5430 0.0136754 O=C(O[C@H]1C(COCc2ccccc2)O[C@H](c2ccccc2)OC1n1ccc(NC(CO)CO)nc1=O)c1ccccc1 1 O=C(OC1C(COCc2ccccc2)OC(c2ccccc2)OC1n1cccnc1=O)c1ccccc1 0.3300000 0.3300 0.4282148 0.4282 0.6666667 0.6667 0.5717852 0.5718 0.5000000 0.5000 0.0000000 587.6290 0.5481765 3.9012 1.0000000 1.0000 0.33333333333333337 1.0 0.4702127178203499 []
 | 30.1022 33.7911 19.8304 0.4189179 Cc1nc(COc2ccc(NC(=O)NCc3cnc(Cl)s3)cc2)no1 1 O=C(NCc1cncs1)Nc1ccc(OCc2ncon2)cc1 0.1750000 0.1750 0.2562489 0.2562 0.3333333 0.3333 0.7697954 0.7698 1.0000000 1.0000 1.0000000 379.8290 0.5330068 2.4356 1.0000000 1.0000 0.6666666666666667 1.0 0.3799671038392666 []
20:57:48 <INFO> Sampled SMILES c1cc(OC[C@@H](O)=O)c(cc1)C#N failed to sanitize.
20:57:48 <INFO> Sampled SMILES [C@@H]1(c2cccc(OC)c2)[C@H](Nc2c(c(nn2c1)C#N)C#N)c1ccc(Br)cc1 failed to sanitize.
20:57:48 <INFO> Sampled SMILES c1(sc2c(ccc(c2)[C@@H](C#N)O[C@H](O)[C@H](O)CO)n1C#N)C#CCN1CCOCC1 failed to sanitize.
20:57:51 <INFO> Score: 0.40 Agent NLL: 28.18 Valid:  95% Step: 80
 | Agent Prior Target Score SMILES SMILES_state Scaffold predicted_activity predicted_activity (raw) training_similarity training_similarity (raw) taf_consistency taf_consistency (raw) novelty novelty (raw) stereo_validity stereo_validity (raw) MW_window MW_window (raw) synthetic_feasibility synthetic_feasibility (raw) curated alerts filter curated alerts filter (raw) taf_disrupted (predicted_activity) scaffold_novelty (predicted_activity) uncertainty (predicted_activity) matchting_patterns (curated alerts filter)
 | 19.9955 26.6942 35.4549 0.4855402 N#Cc1ccccc1NC(=O)Nc1ccc(Oc2ncccn2)cc1 1 O=C(Nc1ccccc1)Nc1ccc(Oc2ncccn2)cc1 0.2350000 0.2350 0.2310733 0.2311 0.6666667 0.6667 0.7689267 0.7689 1.0000000 1.0000 1.0000000 331.3350 0.5248183 2.0787 1.0000000 1.0000 0.33333333333333337 1.0 0.4239988207530771 []
 | 19.7587 31.3099 -31.3099 0.0000000 c1cc(OC[C@@H](O)=O)c(cc1)C#N 0 -- 0.0000000 0.0000 0.0000000 0.0000 0.0000000 0.0000 0.0000000 0.0000 0.0000000 0.0000 0.0000000 0.0000 0.0000000 0.0000 0.0000000 0.0000 None None None None
 | 26.2729 37.8288 22.5235 0.4715020 COc1ccc(C(=O)Nc2cc(C(=O)NCc3ccco3)nn2CCO)cc1 1 O=C(Nc1cc(C(=O)NCc2ccco2)n[nH]1)c1ccccc1 0.2500000 0.2500 0.3285092 0.3285 0.3333333 0.3333 0.7315376 0.7315 1.0000000 1.0000 1.0000000 384.3920 0.5291263 2.2664 1.0000000 1.0000 0.6666666666666667 1.0 0.4330127018922193 []
 | 23.1810 26.2803 33.0840 0.4637838 Brc1ccccc1CNc1ccc2ccccc2c1 1 c1ccc(CNc2ccc3ccccc3c2)cc1 0.2350000 0.2350 0.1831688 0.1832 0.6666667 0.6667 0.8168312 0.8168 1.0000000 1.0000 1.0000000 312.2100 0.5154780 1.6724 1.0000000 1.0000 0.33333333333333337 1.0 0.4239988207530771 []
 | 28.0283 30.7672 35.0902 0.5145117 CCOC(=O)c1ccc(NC(=O)CN(Cc2ccccc2)Cc2ccco2)nc1 1 O=C(CN(Cc1ccccc1)Cc1ccco1)Nc1ccccn1 0.2250000 0.2250 0.3290065 0.3290 0.6666667 0.6667 0.6896542 0.6897 1.0000000 1.0000 1.0000000 393.4430 0.5265891 2.1558 1.0000000 1.0000 0.33333333333333337 1.0 0.41758232721225164 []
 | 25.2425 36.9900 29.9695 0.5231214 O=C(COC(=O)CNc1cccc2ccccc12)Nc1cccc(C#Cc2ccccc2)c1 1 O=C(COC(=O)CNc1cccc2ccccc12)Nc1cccc(C#Cc2ccccc2)c1 0.2400000 0.2400 0.2372895 0.2373 1.0000000 1.0000 0.7627105 0.7627 1.0000000 1.0000 1.0000000 434.4950 0.5273530 2.1891 1.0000000 1.0000 0.0 1.0 0.4270831300812525 []
 | 15.8084 31.7754 33.7644 0.5120293 N#Cc1cccc(NC(=O)c2ccccc2NC(=O)c2ccccc2C#N)c1 1 O=C(Nc1ccccc1C(=O)Nc1ccccc1)c1ccccc1 0.3000000 0.3000 0.2369242 0.2369 0.6666667 0.6667 0.7630758 0.7631 1.0000000 1.0000 1.0000000 366.3800 0.5226437 1.9841 1.0000000 1.0000 0.33333333333333337 1.0 0.45825756949558394 []
 | 23.5370 25.9857 -25.9857 0.0000000 CCNC(=NCc1ccc(OC(F)(F)F)cc1)NCCNC(=O)OC(C)(C)C 1 c1ccccc1 0.2200000 0.2200 0.2243001 0.2243 0.6666667 0.6667 0.8060855 0.8061 1.0000000 1.0000 1.0000000 404.4330 0.5357713 2.5562 1.0000000 1.0000 0.33333333333333337 1.0 0.4142463035441596 []
 | 34.8967 44.1708 22.7973 0.5231881 O=C(O)OCc1ccccc1C(=O)N1CCC(NC(=O)c2ccc(F)cc2F)CC1 1 O=C(NC1CCN(C(=O)c2ccccc2)CC1)c1ccccc1 0.2700000 0.2700 0.2963745 0.2964 0.6666667 0.6667 0.7036255 0.7036 1.0000000 1.0000 1.0000000 418.3960 0.5284194 2.2356 1.0000000 1.0000 0.33333333333333337 1.0 0.4439594576084622 []
 | 41.8494 45.7804 6.1843 0.4059738 OC[C@@H]1C[C@H](OC[C@H]2O[C@H](O)[C@@H](O)[C@@H](O)[C@H]2O)[C@@H](O)CC1(O)O 1 C1CCC(OCC2CCCCO2)CC1 0.1000000 0.1000 0.3804429 0.3804 0.3333333 0.3333 0.8226569 0.8227 1.0000000 1.0000 1.0000000 340.3250 0.5268755 4.8317 1.0000000 1.0000 0.6666666666666667 1.0 0.30000000000000004 []
20:57:51 <INFO> Sampled SMILES O1c2ccccc2[C@H](NC(=O)NCc2oc(ccc2)C(=O)O)c2c1cccc2 failed to sanitize.
20:57:55 <INFO> Score: 0.45 Agent NLL: 29.10 Valid:  98% Step: 81
 | Agent Prior Target Score SMILES SMILES_state Scaffold predicted_activity predicted_activity (raw) training_similarity training_similarity (raw) taf_consistency taf_consistency (raw) novelty novelty (raw) stereo_validity stereo_validity (raw) MW_window MW_window (raw) synthetic_feasibility synthetic_feasibility (raw) curated alerts filter curated alerts filter (raw) taf_disrupted (predicted_activity) scaffold_novelty (predicted_activity) uncertainty (predicted_activity) matchting_patterns (curated alerts filter)
 | 25.8483 32.3799 29.7531 0.4854143 CNc1ccnc(N(CC#N)CCN(C)C)n1 1 c1cncnc1 0.2450000 0.2450 0.2135042 0.2135 0.6666667 0.6667 0.8438262 0.8438 1.0000000 1.0000 1.0000000 234.3070 0.5435325 2.8954 1.0000000 1.0000 0.33333333333333337 1.0 0.43008720046055776 []
 | 19.5986 22.2703 40.4361 0.4898938 O[C@H]1[C@@H](O)CO[C@@H]1COCc1ccccc1 1 c1ccc(COCC2CCCO2)cc1 0.2250000 0.2250 0.4582893 0.4583 0.3333333 0.3333 0.5640714 0.5641 1.0000000 1.0000 1.0000000 224.2560 0.5460533 3.0058 1.0000000 1.0000 0.6666666666666667 1.0 0.41758232721225164 []
 | 28.5025 30.5845 29.4397 0.4689391 NC(=S)c1ccc(NC(=O)c2cnccn2)c(Br)c1 1 O=C(Nc1ccccc1)c1cnccn1 0.2500000 0.2500 0.1797237 0.1797 0.6666667 0.6667 0.8202763 0.8203 1.0000000 1.0000 1.0000000 337.2020 0.5275164 2.1962 1.0000000 1.0000 0.33333333333333337 1.0 0.4330127018922193 []
 | 28.0423 40.2851 26.4793 0.5215965 CCOC(=O)Cn1c(NCc2ccccc2C#N)nc2sccc2c1=O 1 O=c1[nH]c(NCc2ccccc2)nc2sccc12 0.2300000 0.2300 0.2423872 0.2424 1.0000000 1.0000 0.7604730 0.7605 1.0000000 1.0000 1.0000000 368.4180 0.5351045 2.5271 1.0000000 1.0000 0.0 1.0 0.4208325082500163 []
 | 20.5435 28.5412 41.2632 0.5453475 CC(C)(C)OC(=O)Nc1ccccc1CN[C@H](CO)c1ccccc1 1 c1ccc(CNCc2ccccc2)cc1 0.3000000 0.3000 0.3297751 0.3298 0.6666667 0.6667 0.6702249 0.6702 1.0000000 1.0000 1.0000000 342.4390 0.5337195 2.4666 1.0000000 1.0000 0.33333333333333337 1.0 0.45825756949558394 []
 | 20.1149 26.3665 33.4166 0.4670553 Cc1cccc(NC(=O)c2nnc(COc3ccccc3)s2)n1 1 O=C(Nc1ccccn1)c1nnc(COc2ccccc2)s1 0.2500000 0.2500 0.3185930 0.3186 0.3333333 0.3333 0.6814070 0.6814 1.0000000 1.0000 1.0000000 326.3810 0.5264564 2.1501 1.0000000 1.0000 0.6666666666666667 1.0 0.4330127018922193 []
 | 21.7375 27.8174 27.9070 0.4353470 O=C(O)CSc1nnc(COc2ccc(Br)cc2Br)o1 1 c1ccc(OCc2nnco2)cc1 0.2000000 0.2000 0.2757767 0.2758 0.3333333 0.3333 0.7242233 0.7242 1.0000000 1.0000 1.0000000 424.0700 0.5304266 2.3230 1.0000000 1.0000 0.6666666666666667 1.0 0.4 []
 | 22.2965 31.3481 32.7362 0.5006585 CC(C)OC(=O)C[C@H](NCC(=O)Nc1cccc(F)c1)c1ccccc1 1 O=C(CNCc1ccccc1)Nc1ccccc1 0.2400000 0.2400 0.2637806 0.2638 0.6666667 0.6667 0.7362194 0.7362 1.0000000 1.0000 1.0000000 358.4130 0.5338893 2.4741 1.0000000 1.0000 0.33333333333333337 1.0 0.4270831300812525 []
 | 19.7370 27.1568 36.0779 0.4940209 C[C@@H](Oc1cccnc1)C(=O)Nc1ccc(C#N)cc1 1 O=C(COc1cccnc1)Nc1ccccc1 0.2550000 0.2550 0.2292273 0.2292 0.6666667 0.6667 0.7970615 0.7971 1.0000000 1.0000 1.0000000 267.2880 0.5308721 2.3425 1.0000000 1.0000 0.33333333333333337 1.0 0.43586121644395015 []
 | 33.6751 45.0058 -45.0058 0.0000000 O1c2ccccc2[C@H](NC(=O)NCc2oc(ccc2)C(=O)O)c2c1cccc2 0 -- 0.0000000 0.0000 0.0000000 0.0000 0.0000000 0.0000 0.0000000 0.0000 0.0000000 0.0000 0.0000000 0.0000 0.0000000 0.0000 0.0000000 0.0000 None None None None
20:57:55 <INFO> Sampled SMILES C1(c2c(-c3ccccc3C3CCC3)ccc3N([C@@H](C(OCc3c2)=O)O)C(=O)O[C@@H](OC(=O)OCc2ccccc2)Cc2ccccc2)=CCOC(O1)(C)C failed to sanitize.
20:57:58 <INFO> Score: 0.40 Agent NLL: 27.54 Valid:  98% Step: 82
 | Agent Prior Target Score SMILES SMILES_state Scaffold predicted_activity predicted_activity (raw) training_similarity training_similarity (raw) taf_consistency taf_consistency (raw) novelty novelty (raw) stereo_validity stereo_validity (raw) MW_window MW_window (raw) synthetic_feasibility synthetic_feasibility (raw) curated alerts filter curated alerts filter (raw) taf_disrupted (predicted_activity) scaffold_novelty (predicted_activity) uncertainty (predicted_activity) matchting_patterns (curated alerts filter)
 | 24.6600 36.4471 27.4972 0.4995648 O=C(O)[C@@H](C(=O)N[C@@H](CO)c1ccccc1)n1cccn1 1 O=C(Cn1cccn1)NCc1ccccc1 0.3450000 0.3450 0.3158989 0.3159 0.3333333 0.3333 0.6841011 0.6841 1.0000000 1.0000 1.0000000 289.2910 0.5502114 3.1880 1.0000000 1.0000 0.6666666666666667 1.0 0.4753682782853732 []
 | 19.4062 28.1605 40.8610 0.5392311 CC[C@H](C(=O)O[C@@H](C)C(=O)Nc1ccccc1C#N)c1ccccc1 1 O=C(COC(=O)Cc1ccccc1)Nc1ccccc1 0.2400000 0.2400 0.2757767 0.2758 1.0000000 1.0000 0.7242233 0.7242 1.0000000 1.0000 1.0000000 336.3910 0.5398374 2.7338 1.0000000 1.0000 0.0 1.0 0.4270831300812525 []
 | 25.8689 32.3527 30.1479 0.4882865 N#C[C@H](Nc1ccccc1)c1nncc2ccccc12 1 c1ccc(NCc2nncc3ccccc23)cc1 0.2800000 0.2800 0.1945195 0.1945 0.6666667 0.6667 0.8054805 0.8055 1.0000000 1.0000 1.0000000 260.3000 0.5417873 2.8190 1.0000000 1.0000 0.33333333333333337 1.0 0.44899888641287294 []
 | 20.1077 31.0731 29.0912 0.4700336 O=C(Nc1ccccc1)n1nc(COc2ccccc2)n(Cc2ccccc2)c1=O 1 O=C(Nc1ccccc1)n1nc(COc2ccccc2)n(Cc2ccccc2)c1=O 0.2250000 0.2250 0.3717612 0.3718 0.3333333 0.3333 0.6282388 0.6282 1.0000000 1.0000 1.0000000 400.4380 0.5254600 2.1067 1.0000000 1.0000 0.6666666666666667 1.0 0.41758232721225164 []
 | 24.4067 36.5688 30.7437 0.5258789 N#CC[C@@H](C#N)NC(=O)Nc1ccnc2ccccc12 1 c1ccc2ncccc2c1 0.3150000 0.3150 0.2536731 0.2537 0.6666667 0.6667 0.7463269 0.7463 1.0000000 1.0000 1.0000000 265.2760 0.5448307 2.9522 1.0000000 1.0000 0.33333333333333337 1.0 0.46451587701606073 []
 | 20.4894 25.6344 39.0900 0.5056588 COC(=O)c1ccc(CNc2cccc(F)c2F)o1 1 c1ccc(NCc2ccco2)cc1 0.2050000 0.2050 0.3270856 0.3271 0.6666667 0.6667 0.7367509 0.7368 1.0000000 1.0000 1.0000000 267.2310 0.5254883 2.1079 1.0000000 1.0000 0.33333333333333337 1.0 0.403701622488689 []
 | 72.1116 94.2964 -94.2964 0.0000000 C1(c2c(-c3ccccc3C3CCC3)ccc3N([C@@H](C(OCc3c2)=O)O)C(=O)O[C@@H](OC(=O)OCc2ccccc2)Cc2ccccc2)=CCOC(O1)(C)C 0 -- 0.0000000 0.0000 0.0000000 0.0000 0.0000000 0.0000 0.0000000 0.0000 0.0000000 0.0000 0.0000000 0.0000 0.0000000 0.0000 0.0000000 0.0000 None None None None
 | 40.2108 47.4245 18.7095 0.5166721 Nc1ccc(C(=O)Nc2ccc(S(=O)(=O)O)cc2C#Cc2cccc(C#Cc3ccccc3)c2)cc1 1 O=C(Nc1ccccc1C#Cc1cccc(C#Cc2ccccc2)c1)c1ccccc1 0.3350000 0.3350 0.2181538 0.2182 0.6666667 0.6667 0.7818462 0.7818 1.0000000 1.0000 1.0000000 492.5560 0.5358373 2.5591 1.0000000 1.0000 0.33333333333333337 1.0 0.4719904660054057 []
 | 28.2882 36.8707 26.4347 0.4945735 COC(=O)[C@@H](N[C@@H](C)C(=O)Nc1ccc(S(=O)(=O)Nc2ccccc2OC)cc1)c1ccccc1 1 O=C(CNCc1ccccc1)Nc1ccc(S(=O)(=O)Nc2ccccc2)cc1 0.2250000 0.2250 0.2600255 0.2600 0.6666667 0.6667 0.7697954 0.7698 1.0000000 1.0000 1.0000000 497.5730 0.5433850 2.8889 1.0000000 1.0000 0.33333333333333337 1.0 0.4175823272122517 []
 | 27.7130 31.7315 23.1626 0.4288599 Clc1ccc(N[C@H]2COCC[C@@H]2Oc2ccccc2)cc1 1 c1ccc(NC2COCCC2Oc2ccccc2)cc1 0.1650000 0.1650 0.3040168 0.3040 0.3333333 0.3333 0.7599787 0.7600 1.0000000 1.0000 1.0000000 303.7890 0.5413333 2.7992 1.0000000 1.0000 0.6666666666666667 1.0 0.37118054905934933 []
20:58:02 <INFO> Score: 0.44 Agent NLL: 25.10 Valid: 100% Step: 83
 | Agent Prior Target Score SMILES SMILES_state Scaffold predicted_activity predicted_activity (raw) training_similarity training_similarity (raw) taf_consistency taf_consistency (raw) novelty novelty (raw) stereo_validity stereo_validity (raw) MW_window MW_window (raw) synthetic_feasibility synthetic_feasibility (raw) curated alerts filter curated alerts filter (raw) taf_disrupted (predicted_activity) scaffold_novelty (predicted_activity) uncertainty (predicted_activity) matchting_patterns (curated alerts filter)
 | 19.3983 25.3817 -14.8005 0.0826657 CC(NC(=O)c1cccc(C#N)c1)c1ccc(C#N)cc1 1 O=C(NCc1ccccc1)c1ccccc1 0.3050000 0.3050 0.2535463 0.2535 0.6666667 0.6667 0.7642977 0.7643 0.0000000 0.0000 1.0000000 275.3110 0.5308603 2.3420 1.0000000 1.0000 0.33333333333333337 1.0 0.4604074282632721 []
 | 22.3786 29.9055 26.3607 0.4395799 COc1ccc(OC)c(/C=C/C(=O)O[C@H](C(=O)O)c2ccccc2)c1 1 O=C(C=Cc1ccccc1)OCc1ccccc1 0.2000000 0.2000 0.2865341 0.2865 0.3333333 0.3333 0.7463269 0.7463 1.0000000 1.0000 1.0000000 342.3470 0.5347956 2.5136 1.0000000 1.0000 0.6666666666666667 1.0 0.4 []
 | 20.1553 27.0417 31.6214 0.4583056 CCOc1ccccc1C(=O)Nc1cccc(C(=O)NCc2ccncc2)c1 1 O=C(NCc1ccncc1)c1cccc(NC(=O)c2ccccc2)c1 0.2550000 0.2550 0.2832116 0.2832 0.3333333 0.3333 0.7181732 0.7182 1.0000000 1.0000 1.0000000 375.4280 0.5189809 1.8247 1.0000000 1.0000 0.6666666666666667 1.0 0.43586121644395015 []
 | 19.6663 26.8219 36.1589 0.4920375 N#Cc1ccccc1COC(=O)c1ccccc1OC(F)(F)F 1 O=C(OCc1ccccc1)c1ccccc1 0.2250000 0.2250 0.2599376 0.2599 0.6666667 0.6667 0.7400624 0.7401 1.0000000 1.0000 1.0000000 321.2540 0.5247072 2.0739 1.0000000 1.0000 0.33333333333333337 1.0 0.4175823272122517 []
 | 30.3891 36.7497 24.8127 0.4809561 COC(=O)[C@@H](C)NC(=O)[C@H](C)OC(=O)c1csc(-c2cccnc2)n1 1 c1cncc(-c2nccs2)c1 0.2050000 0.2050 0.2449980 0.2450 0.6666667 0.6667 0.8121154 0.8121 1.0000000 1.0000 1.0000000 363.3950 0.5459092 2.9994 1.0000000 1.0000 0.33333333333333337 1.0 0.40370162248868907 []
 | 50.9137 67.6538 -65.9375 0.0134087 CC(C)OC(=O)O[C@H]1CO[C@@H](O[C@@H]2[C@@H](OCc3ccccc3)[C@H](OCc3ccccc3)O[C@@H](OCc3ccccc3)[C@@H]2O[C@@H](OCc2ccccc2)[C@H](O)CO)[C@H](O)[C@H]1O 1 c1ccc(COCOC2C(OCc3ccccc3)OC(OCc3ccccc3)C(OCc3ccccc3)C2OC2CCCCO2)cc1 0.2200000 0.2200 0.4217752 0.4218 0.6666667 0.6667 0.5782248 0.5782 1.0000000 1.0000 0.0000000 834.9120 0.5197180 5.1432 1.0000000 1.0000 0.33333333333333337 1.0 0.41424630354415964 []
 | 30.2018 29.2281 26.7953 0.4376822 CC(C)c1nnc2ccc(C(=O)Nc3cc(Cl)ccc3F)nn12 1 O=C(Nc1ccccc1)c1ccc2nncn2n1 0.2500000 0.2500 0.2214546 0.2215 0.3333333 0.3333 0.8155338 0.8155 1.0000000 1.0000 1.0000000 333.7540 0.5296100 2.2875 1.0000000 1.0000 0.6666666666666667 1.0 0.4330127018922193 []
 | 38.6264 38.2627 17.7666 0.4377287 COCCNC(=O)c1nnc(N2CCN(S(=O)(=O)c3cn[nH]c3C)CC2)o1 1 O=S(=O)(c1cn[nH]c1)N1CCN(c2nnco2)CC1 0.2000000 0.2000 0.2779693 0.2780 0.3333333 0.3333 0.7594374 0.7594 1.0000000 1.0000 1.0000000 399.4330 0.5409959 2.7844 1.0000000 1.0000 0.6666666666666667 1.0 0.4000000000000001 []
 | 24.4007 27.4568 33.0434 0.4726578 CCNC(=NCc1ccccc1)NCCNC(=O)c1ccccc1OC 1 O=C(NCCNC=NCc1ccccc1)c1ccccc1 0.2600000 0.2600 0.3259179 0.3259 0.3333333 0.3333 0.6740821 0.6741 1.0000000 1.0000 1.0000000 354.4540 0.5262768 2.1422 1.0000000 1.0000 0.6666666666666667 1.0 0.4386342439892262 []
 | 20.9312 29.1241 38.6525 0.5295045 N#Cc1ccccc1OC[C@@H](O)COc1ccccc1Br 1 c1ccc(OCCCOc2ccccc2)cc1 0.2700000 0.2700 0.3148001 0.3148 0.6666667 0.6667 0.6851999 0.6852 1.0000000 1.0000 1.0000000 348.1960 0.5337264 2.4669 1.0000000 1.0000 0.33333333333333337 1.0 0.4439594576084622 []
20:58:06 <INFO> Score: 0.44 Agent NLL: 26.18 Valid: 100% Step: 84
 | Agent Prior Target Score SMILES SMILES_state Scaffold predicted_activity predicted_activity (raw) training_similarity training_similarity (raw) taf_consistency taf_consistency (raw) novelty novelty (raw) stereo_validity stereo_validity (raw) MW_window MW_window (raw) synthetic_feasibility synthetic_feasibility (raw) curated alerts filter curated alerts filter (raw) taf_disrupted (predicted_activity) scaffold_novelty (predicted_activity) uncertainty (predicted_activity) matchting_patterns (curated alerts filter)
 | 23.5666 29.7346 33.6966 0.4955556 Cn1c(SCC(=O)Nc2ccccc2)nnc1[C@H](Cc1ccccc1)NC(=O)c1ccccc1 1 O=C(CSc1nnc(C(Cc2ccccc2)NC(=O)c2ccccc2)[nH]1)Nc1ccccc1 0.3300000 0.3300 0.3222865 0.3223 0.3333333 0.3333 0.6777135 0.6777 1.0000000 1.0000 1.0000000 471.5860 0.5350417 2.5243 1.0000000 1.0000 0.6666666666666667 1.0 0.4702127178203499 []
 | 26.7045 30.9307 34.7010 0.5127483 O=C(N[C@@H]1CCNC[C@H]1c1ccccc1)c1cncc(Br)c1 1 O=C(NC1CCNCC1c1ccccc1)c1cccnc1 0.2600000 0.2600 0.2698162 0.2698 0.6666667 0.6667 0.7576069 0.7576 1.0000000 1.0000 1.0000000 360.2550 0.5456676 2.9889 1.0000000 1.0000 0.33333333333333337 1.0 0.4386342439892262 []
 | 18.3536 25.8801 -25.8801 0.0000000 C[C@@H](OC(=O)c1ccccc1I)C(=O)Nc1ccc(C#N)cc1 1 O=C(COC(=O)c1ccccc1)Nc1ccccc1 0.2450000 0.2450 0.2320059 0.2320 1.0000000 1.0000 0.7689267 0.7689 1.0000000 1.0000 1.0000000 420.2060 0.5321448 2.3980 1.0000000 1.0000 0.0 1.0 0.4300872004605578 []
 | 23.9981 27.6553 31.7033 0.4637393 N#Cc1ccc(OCC(=O)Nc2sccc2C#N)c(Cl)c1 1 O=C(COc1ccccc1)Nc1cccs1 0.2150000 0.2150 0.1982726 0.1983 0.6666667 0.6667 0.8017274 0.8017 1.0000000 1.0000 1.0000000 317.7570 0.5290202 2.2617 1.0000000 1.0000 0.33333333333333337 1.0 0.4108223460329294 []
 | 22.0783 32.2685 27.9802 0.4706926 CC[C@H](CNC(=O)c1cccc(NC(=O)c2ccccc2Cl)c1)c1ccccc1 1 O=C(NCCc1ccccc1)c1cccc(NC(=O)c2ccccc2)c1 0.3050000 0.3050 0.2666324 0.2666 0.3333333 0.3333 0.7333676 0.7334 1.0000000 1.0000 1.0000000 406.9130 0.5299239 2.3011 1.0000000 1.0000 0.6666666666666667 1.0 0.460407428263272 []
 | 52.5775 52.6436 -44.4478 0.0640298 CCC(=O)C12CC(C(=O)O)C(O)CC1OC(C)(CO)CC2C 1 C1CCC2OCCCC2C1 0.1400000 0.1400 0.2717914 0.2718 0.3333333 0.3333 0.7349205 0.7349 0.0000000 0.0000 1.0000000 314.3780 0.5247983 4.9221 1.0000000 1.0000 0.6666666666666667 1.0 0.3469870314579494 []
 | 28.3151 37.5139 27.3932 0.5070866 O=C(NCc1nc(C(=O)OCc2nnc3ccccn23)cs1)c1ccncc1 1 O=C(NCc1nc(C(=O)OCc2nnc3ccccn23)cs1)c1ccncc1 0.2750000 0.2750 0.2438431 0.2438 0.6666667 0.6667 0.7561569 0.7562 1.0000000 1.0000 1.0000000 394.4160 0.5348557 2.5162 1.0000000 1.0000 0.33333333333333337 1.0 0.4465142774872938 []
 | 25.0010 27.4961 27.3403 0.4284094 O=C(Nc1ccc(-c2ncco2)cc1)c1ccc(F)cc1F 1 O=C(Nc1ccc(-c2ncco2)cc1)c1ccccc1 0.2450000 0.2450 0.2053985 0.2054 0.3333333 0.3333 0.7946015 0.7946 1.0000000 1.0000 1.0000000 300.2640 0.5228746 1.9941 1.0000000 1.0000 0.6666666666666667 1.0 0.43008720046055776 []
 | 28.9343 40.5226 23.6124 0.5010543 CCOC(=O)[C@@H](Nc1ccc(F)c(Cl)c1)C(=O)OCc1ccccc1F 1 O=C(CNc1ccccc1)OCc1ccccc1 0.2350000 0.2350 0.2695787 0.2696 0.6666667 0.6667 0.7304213 0.7304 1.0000000 1.0000 1.0000000 383.7780 0.5390860 2.7010 1.0000000 1.0000 0.33333333333333337 1.0 0.4239988207530771 []
 | 35.1155 39.8417 14.2301 0.4224354 CN1O[C@H](COc2nc3c(cc2C#N)CCCC3)c2ccccc21 1 c1ccc2c(c1)NOC2COc1ccc2c(n1)CCCC2 0.1700000 0.1700 0.2690691 0.2691 0.3333333 0.3333 0.7697954 0.7698 1.0000000 1.0000 1.0000000 321.3800 0.5569561 3.4844 1.0000000 1.0000 0.6666666666666667 1.0 0.375632799419859 []
20:58:06 <INFO> Sampled SMILES c1c(c(c(cc1[C@@H]1c2c(-c3cc(OC)ccc3)n[nH]c(c2C(=O)N1c1ccc(Br)cc1)C)OC)OCC#N)Br failed to sanitize.
20:58:06 <INFO> Sampled SMILES O1B(c2c[nH]c([C@H](C(=O)N[C@H]3C[C@@H](COCc4ccccc4)COC3)O)cc2)OC(C)(C1)C failed to sanitize.
20:58:09 <INFO> Score: 0.38 Agent NLL: 28.70 Valid:  97% Step: 85
 | Agent Prior Target Score SMILES SMILES_state Scaffold predicted_activity predicted_activity (raw) training_similarity training_similarity (raw) taf_consistency taf_consistency (raw) novelty novelty (raw) stereo_validity stereo_validity (raw) MW_window MW_window (raw) synthetic_feasibility synthetic_feasibility (raw) curated alerts filter curated alerts filter (raw) taf_disrupted (predicted_activity) scaffold_novelty (predicted_activity) uncertainty (predicted_activity) matchting_patterns (curated alerts filter)
 | 45.9281 69.0108 -67.4932 0.0118565 O=C1C=CC(=CN2C[C@@H](O)[C@@H](O)[C@H](O)[C@@H]2[C@H](Nc2ccccc2)C(=O)NC[C@@H](CO)OCc2ccccc2)C(=O)N1 1 O=C1C=CC(=CN2CCCCC2C(Nc2ccccc2)C(=O)NCCOCc2ccccc2)C(=O)N1 0.2250000 0.2250 0.3787898 0.3788 0.3333333 0.3333 0.6212102 0.6212 1.0000000 1.0000 0.0000000 566.6110 0.5302954 4.6827 1.0000000 1.0000 0.6666666666666667 1.0 0.41758232721225164 []
 | 21.5730 31.8230 38.6462 0.5505406 O=C(N[C@@H](Cc1ccccc1Br)C(=O)O)N[C@H](CO)c1ccccc1 1 O=C(NCCc1ccccc1)NCc1ccccc1 0.3250000 0.3250 0.3158989 0.3159 0.6666667 0.6667 0.6841011 0.6841 1.0000000 1.0000 1.0000000 407.2640 0.5404165 2.7591 1.0000000 1.0000 0.33333333333333337 1.0 0.4683748498798799 []
 | 37.5114 40.3680 20.6561 0.4767502 N#CCC[n+]1cccc(C#N)c1NS(=O)(=O)c1ccccc1 1 O=S(=O)(Nc1cccc[nH+]1)c1ccccc1 0.2300000 0.2300 0.2105993 0.2106 0.6666667 0.6667 0.7894007 0.7894 1.0000000 1.0000 1.0000000 313.3620 0.5437096 2.9031 1.0000000 1.0000 0.33333333333333337 1.0 0.4208325082500163 []
 | 29.4223 32.9224 24.7670 0.4506989 Cc1ccnc(N[C@H](C(=O)O)C(O)c2ccccc2)n1 1 c1ccc(CCNc2ncccn2)cc1 0.3100000 0.3100 0.2972973 0.2973 0.3333333 0.3333 0.7027027 0.7027 0.5000000 0.5000 1.0000000 273.2920 0.5438454 2.9091 1.0000000 1.0000 0.6666666666666667 1.0 0.462493243193887 []
 | 26.6010 35.4788 27.9452 0.4955002 CCC(C#N)(C#N)CCCNc1cccnn1 1 c1ccnnc1 0.2750000 0.2750 0.2105993 0.2106 0.6666667 0.6667 0.8256285 0.8256 1.0000000 1.0000 1.0000000 229.2870 0.5494032 3.1526 1.0000000 1.0000 0.33333333333333337 1.0 0.4465142774872938 []
 | 26.0411 31.8565 30.8528 0.4899170 C(#Cc1cccc(CNc2ccnc3ccccc23)c1)c1cccnc1 1 C(#Cc1cccc(CNc2ccnc3ccccc23)c1)c1cccnc1 0.2400000 0.2400 0.2354408 0.2354 0.6666667 0.6667 0.7769433 0.7769 1.0000000 1.0000 1.0000000 335.4100 0.5279943 2.2171 1.0000000 1.0000 0.33333333333333337 1.0 0.4270831300812524 []
 | 38.9254 45.0230 22.5904 0.5282296 O=C(N[C@H]1C=C[C@@H](CCS(=O)(=O)O)C(=O)C1F)OCc1ccccc1 1 O=C1CC=CC(NC(=O)OCc2ccccc2)C1 0.2700000 0.2700 0.3836809 0.3837 0.6666667 0.6667 0.6163191 0.6163 0.6666667 0.6667 1.0000000 371.3860 0.5488759 3.8705 1.0000000 1.0000 0.33333333333333337 1.0 0.4439594576084623 []
 | 36.9202 39.7687 -39.7687 0.0000000 O=C(Cc1ccc(F)cc1C(=O)O)N[C@H](C(=O)O)[C@@H](O)CF 1 c1ccccc1 0.2850000 0.2850 0.2339439 0.2339 0.3333333 0.3333 0.7660561 0.7661 1.0000000 1.0000 1.0000000 317.2440 0.5495188 3.1576 1.0000000 1.0000 0.6666666666666667 1.0 0.4514144437210666 []
 | 36.2793 49.3059 -47.6763 0.0127311 O=C(O[C@H]1C(OCc2ccccc2)O[C@H](CO)C(OCc2ccccc2)[C@H]1O[C@H]1C[C@@H](O)[C@@H](O)C(CO)O1)c1ccccc1 1 O=C(OC1C(OCc2ccccc2)OCC(OCc2ccccc2)C1OC1CCCCO1)c1ccccc1 0.2250000 0.2250 0.3768484 0.3768 0.6666667 0.6667 0.6231516 0.6232 0.6666667 0.6667 0.0000000 610.6560 0.5394537 4.2830 1.0000000 1.0000 0.33333333333333337 1.0 0.4175823272122517 []
 | 44.9412 64.8260 -64.8260 0.0000000 c1c(c(c(cc1[C@@H]1c2c(-c3cc(OC)ccc3)n[nH]c(c2C(=O)N1c1ccc(Br)cc1)C)OC)OCC#N)Br 0 -- 0.0000000 0.0000 0.0000000 0.0000 0.0000000 0.0000 0.0000000 0.0000 0.0000000 0.0000 0.0000000 0.0000 0.0000000 0.0000 0.0000000 0.0000 None None None None
20:58:13 <INFO> Score: 0.43 Agent NLL: 26.58 Valid: 100% Step: 86
 | Agent Prior Target Score SMILES SMILES_state Scaffold predicted_activity predicted_activity (raw) training_similarity training_similarity (raw) taf_consistency taf_consistency (raw) novelty novelty (raw) stereo_validity stereo_validity (raw) MW_window MW_window (raw) synthetic_feasibility synthetic_feasibility (raw) curated alerts filter curated alerts filter (raw) taf_disrupted (predicted_activity) scaffold_novelty (predicted_activity) uncertainty (predicted_activity) matchting_patterns (curated alerts filter)
 | 25.3982 30.8562 28.9325 0.4670990 COC(=O)c1nc(CC(=O)N(CCO)CCO)cs1 1 c1cscn1 0.1600000 0.1600 0.2747531 0.2748 0.6666667 0.6667 0.7965666 0.7966 1.0000000 1.0000 1.0000000 288.3250 0.5360699 2.5692 1.0000000 1.0000 0.33333333333333337 1.0 0.36660605559646714 []
 | 24.1313 23.9134 -23.9134 0.0000000 C#CCNS(=O)(=O)c1ccc(C#N)cc1Cl 1 c1ccccc1 0.2600000 0.2600 0.2111855 0.2112 0.6666667 0.6667 0.7888145 0.7888 1.0000000 1.0000 1.0000000 254.6980 0.5341477 2.4853 1.0000000 1.0000 0.33333333333333337 1.0 0.43863424398922624 []
 | 23.7976 31.1238 38.6601 0.5451871 N#Cc1ccc(NC(=O)c2ccc(COc3ccccc3Cl)o2)nc1 1 O=C(Nc1ccccn1)c1ccc(COc2ccccc2)o1 0.3050000 0.3050 0.3254934 0.3255 0.6666667 0.6667 0.6745066 0.6745 1.0000000 1.0000 1.0000000 353.7650 0.5271366 2.1797 1.0000000 1.0000 0.33333333333333337 1.0 0.460407428263272 []
 | 22.6519 33.7601 34.9546 0.5368333 N#Cc1ccc(NC(=O)[C@@H](NCc2ccccc2)c2ccccc2)cc1Cl 1 O=C(Nc1ccccc1)C(NCc1ccccc1)c1ccccc1 0.3050000 0.3050 0.2974089 0.2974 0.6666667 0.6667 0.7025911 0.7026 1.0000000 1.0000 1.0000000 375.8590 0.5322945 2.4045 1.0000000 1.0000 0.33333333333333337 1.0 0.460407428263272 []
 | 16.9817 22.6919 41.4079 0.5007797 O=C(NCc1ccccc1)Nc1ccc(OCc2ccccc2)cc1 1 O=C(NCc1ccccc1)Nc1ccc(OCc2ccccc2)cc1 0.2650000 0.2650 0.4511071 0.4511 0.3333333 0.3333 0.5488929 0.5489 1.0000000 1.0000 1.0000000 332.4030 0.5116994 1.5082 1.0000000 1.0000 0.6666666666666667 1.0 0.4413332074521472 []
 | 20.5754 29.0840 40.9541 0.5471725 N#Cc1ccccc1NC(=O)NC[C@H](O)c1ccco1 1 O=C(NCCc1ccco1)Nc1ccccc1 0.3500000 0.3500 0.2824229 0.2824 0.6666667 0.6667 0.7175771 0.7176 1.0000000 1.0000 1.0000000 271.2760 0.5379045 2.6493 1.0000000 1.0000 0.33333333333333337 1.0 0.47696960070847283 []
 | 34.1115 42.3178 19.2177 0.4807457 OC[C@@H](O)c1ccccc1C[C@@H]1COCc2ncccc21 1 c1ccc(CC2COCc3ncccc32)cc1 0.2600000 0.2600 0.3469771 0.3470 0.3333333 0.3333 0.6530229 0.6530 1.0000000 1.0000 1.0000000 285.3430 0.5572224 3.5039 1.0000000 1.0000 0.6666666666666667 1.0 0.4386342439892262 []
 | 20.0550 28.2154 -16.7131 0.0898616 O=C(NC(C(=O)NCc1ccccn1)c1ccccc1)OCc1ccccc1 1 O=C(NC(C(=O)NCc1ccccn1)c1ccccc1)OCc1ccccc1 0.3100000 0.3100 0.3965453 0.3965 0.6666667 0.6667 0.6034547 0.6035 0.0000000 0.0000 1.0000000 375.4280 0.5320123 2.3922 1.0000000 1.0000 0.33333333333333337 1.0 0.462493243193887 []
 | 21.0573 29.2369 42.0970 0.5572957 COc1ccc(C(=O)N[C@@H](C(=O)OCC(=O)Nc2ccccc2C#N)C(C)C)cc1 1 O=C(COC(=O)CNC(=O)c1ccccc1)Nc1ccccc1 0.2500000 0.2500 0.3120306 0.3120 1.0000000 1.0000 0.7467749 0.7468 1.0000000 1.0000 1.0000000 409.4420 0.5337118 2.4663 1.0000000 1.0000 0.0 1.0 0.4330127018922193 []
 | 28.9946 41.8334 24.4398 0.5177599 CCCOC(=O)c1nnc(C(=O)N[C@H]2C=C[C@@H](CO)C2)s1 1 O=C(NC1C=CCC1)c1nncs1 0.2200000 0.2200 0.3425801 0.3426 0.6666667 0.6667 0.6574199 0.6574 1.0000000 1.0000 1.0000000 311.3630 0.5514715 3.7567 1.0000000 1.0000 0.33333333333333337 1.0 0.4142463035441596 []
20:58:17 <INFO> Score: 0.41 Agent NLL: 26.32 Valid: 100% Step: 87
 | Agent Prior Target Score SMILES SMILES_state Scaffold predicted_activity predicted_activity (raw) training_similarity training_similarity (raw) taf_consistency taf_consistency (raw) novelty novelty (raw) stereo_validity stereo_validity (raw) MW_window MW_window (raw) synthetic_feasibility synthetic_feasibility (raw) curated alerts filter curated alerts filter (raw) taf_disrupted (predicted_activity) scaffold_novelty (predicted_activity) uncertainty (predicted_activity) matchting_patterns (curated alerts filter)
 | 26.9603 29.9678 27.9201 0.4522492 CCNC(=NCCc1ccccn1)NCCC(=O)N(C)Cc1ccccc1 1 O=C(CCNC=NCCc1ccccn1)NCc1ccccc1 0.2400000 0.2400 0.2776029 0.2776 0.3333333 0.3333 0.7237544 0.7238 1.0000000 1.0000 1.0000000 367.4970 0.5321878 2.3998 1.0000000 1.0000 0.6666666666666667 1.0 0.4270831300812524 []
 | 35.4996 59.7072 13.3350 0.5706421 COC(=O)c1cc(C(=O)OC)c(NC(=O)c2c(C)nn(C(CO)CO)c2C#N)s1 1 O=C(Nc1cccs1)c1cn[nH]c1 0.2800000 0.2800 0.3090158 0.3090 1.0000000 1.0000 0.7548548 0.7549 1.0000000 1.0000 1.0000000 422.4190 0.5472872 3.0598 1.0000000 1.0000 0.0 1.0 0.44899888641287294 []
 | 21.9994 25.0616 27.4781 0.4104665 Cc1cc(OCc2cc(C#N)ccc2F)ccc1Br 1 c1ccc(COc2ccccc2)cc1 0.1750000 0.1750 0.2307692 0.2308 0.3333333 0.3333 0.8157257 0.8157 1.0000000 1.0000 1.0000000 320.1610 0.5237471 2.0321 1.0000000 1.0000 0.6666666666666667 1.0 0.3799671038392666 []
 | 22.0069 31.6446 36.7432 0.5342797 CC(C)(C)OC(=O)NS(=O)(=O)c1cccc(NC(=O)c2ccc(COc3ccccc3)o2)c1 1 O=C(Nc1ccccc1)c1ccc(COc2ccccc2)o1 0.2700000 0.2700 0.3325133 0.3325 0.6666667 0.6667 0.6674867 0.6675 1.0000000 1.0000 1.0000000 472.5190 0.5288229 2.2532 1.0000000 1.0000 0.33333333333333337 1.0 0.4439594576084623 []
 | 26.2777 36.0733 -25.3799 0.0835419 O=C(NCC1CCn2c(C(=O)OCc3ccccc3)cnc2C1)OCc1ccccc1 1 O=C(NCC1CCn2c(C(=O)OCc3ccccc3)cnc2C1)OCc1ccccc1 0.2250000 0.2250 0.3719924 0.3720 0.6666667 0.6667 0.6280076 0.6280 0.0000000 0.0000 1.0000000 419.4810 0.5447139 2.9471 1.0000000 1.0000 0.33333333333333337 1.0 0.41758232721225164 []
 | 25.6374 32.9926 45.5829 0.6138717 N#CCCN(Cc1ccccc1)C(=O)[C@H](O)[C@H](Cc1ccccc1)NC(=O)OCc1ccccc1 1 O=C(CC(Cc1ccccc1)NC(=O)OCc1ccccc1)NCc1ccccc1 0.3450000 0.3450 0.3757691 0.3758 1.0000000 1.0000 0.6242309 0.6242 1.0000000 1.0000 1.0000000 471.5570 0.5459561 3.0015 1.0000000 1.0000 0.0 1.0 0.4753682782853732 []
 | 18.4761 36.7960 36.8401 0.5752827 COCCn1nccc1C(=O)O[C@@H](C#N)C(=O)Nc1ccccc1 1 O=C(COC(=O)c1ccn[nH]1)Nc1ccccc1 0.2850000 0.2850 0.3216338 0.3216 1.0000000 1.0000 0.6915237 0.6915 1.0000000 1.0000 1.0000000 328.3280 0.5476177 3.0743 1.0000000 1.0000 0.0 1.0 0.4514144437210666 []
 | 27.0649 37.1536 30.6948 0.5300663 CCc1ccccc1N(CC(=O)Nc1c(Cl)cccc1Cl)C(=O)OCc1ccccc1 1 O=C(CN(C(=O)OCc1ccccc1)c1ccccc1)Nc1ccccc1 0.2550000 0.2550 0.3393503 0.3394 0.6666667 0.6667 0.6606497 0.6606 1.0000000 1.0000 1.0000000 457.3570 0.5280595 2.2199 1.0000000 1.0000 0.33333333333333337 1.0 0.43586121644395015 []
 | 29.6293 41.4374 29.4040 0.5534485 C[C@H](NC(=O)c1ccc(F)c(F)c1)C(=O)OCc1cccc(OC(F)F)c1C#N 1 O=C(CNC(=O)c1ccccc1)OCc1ccccc1 0.2950000 0.2950 0.2526994 0.2527 1.0000000 1.0000 0.7539095 0.7539 1.0000000 1.0000 1.0000000 410.3230 0.5432403 2.8826 1.0000000 1.0000 0.0 1.0 0.4560427611529428 []
 | 19.8882 28.4897 35.4931 0.4998652 N#Cc1ccccc1OCC(=O)Nc1cccc(SC(F)F)c1 1 O=C(COc1ccccc1)Nc1ccccc1 0.2400000 0.2400 0.2637806 0.2638 0.6666667 0.6667 0.7362194 0.7362 1.0000000 1.0000 1.0000000 334.3470 0.5254889 2.1079 1.0000000 1.0000 0.33333333333333337 1.0 0.4270831300812525 []
20:58:17 <INFO> Sampled SMILES Fc1cccc2c(c(C(=O)O[C@H](C(=O)Nc3ccc(cc3)C#N)C#N)c3c(ccc(c3)C)n12)=O failed to sanitize.
20:58:17 <INFO> Sampled SMILES c1(ccccc1)CNC(=O)c1nn2c(nc(C(F)(F)F)cc2-c2cc(C(=O)N[C@@H](C(OCC)=O)CC)ccc2)cc1 failed to sanitize.
20:58:17 <INFO> Sampled SMILES c1ccccc1CN1C(=O)c2c(ccc(C(O[C@H](C(=O)Nc3c(cccc3)Cl)C#N)=O)cc2)C1=O failed to sanitize.
20:58:21 <INFO> Score: 0.39 Agent NLL: 27.58 Valid:  95% Step: 88
 | Agent Prior Target Score SMILES SMILES_state Scaffold predicted_activity predicted_activity (raw) training_similarity training_similarity (raw) taf_consistency taf_consistency (raw) novelty novelty (raw) stereo_validity stereo_validity (raw) MW_window MW_window (raw) synthetic_feasibility synthetic_feasibility (raw) curated alerts filter curated alerts filter (raw) taf_disrupted (predicted_activity) scaffold_novelty (predicted_activity) uncertainty (predicted_activity) matchting_patterns (curated alerts filter)
 | 26.2038 30.3308 30.0827 0.4719808 OC[C@H](Cc1ccccc1)NCC1CCN(Cc2ccc(Cl)cc2)CC1 1 c1ccc(CCNCC2CCN(Cc3ccccc3)CC2)cc1 0.2400000 0.2400 0.3509886 0.3510 0.3333333 0.3333 0.6490114 0.6490 1.0000000 1.0000 1.0000000 372.9400 0.5330005 2.4353 1.0000000 1.0000 0.6666666666666667 1.0 0.4270831300812524 []
 | 47.8677 61.6095 4.7166 0.5181722 CC(C)(C)[C@H]1CNC(N[C@H](CC(=O)O[C@H](CO)CC(=O)O)C(=O)O)=C(O)C1 1 C1=CNCCC1 0.2600000 0.2600 0.2888741 0.2889 0.6666667 0.6667 0.7171573 0.7172 1.0000000 1.0000 1.0000000 388.4170 0.5406016 4.2328 1.0000000 1.0000 0.33333333333333337 1.0 0.4386342439892262 []
 | 22.5377 24.4485 27.9489 0.4093550 O=C(Nc1ccncc1)c1ccc(N2CCCS2(=O)=O)cc1 1 O=C(Nc1ccncc1)c1ccc(N2CCCS2(=O)=O)cc1 0.2500000 0.2500 0.1579494 0.1579 0.3333333 0.3333 0.8420506 0.8421 1.0000000 1.0000 1.0000000 317.3700 0.5264342 2.1491 1.0000000 1.0000 0.6666666666666667 1.0 0.4330127018922193 []
 | 14.4502 20.2452 -20.2452 0.0000000 N#Cc1ccccc1NCc1ccccc1 1 c1ccc(CNc2ccccc2)cc1 0.2600000 0.2600 0.2901716 0.2902 0.6666667 0.6667 0.7098284 0.7098 1.0000000 1.0000 1.0000000 208.2640 0.5132301 1.5747 1.0000000 1.0000 0.33333333333333337 1.0 0.43863424398922624 []
 | 20.1033 27.9293 38.3577 0.5178675 OC[C@H](c1ccccc1)[C@@H](O)COc1ccccc1 1 c1ccc(CCCOc2ccccc2)cc1 0.3150000 0.3150 0.4349588 0.4350 0.3333333 0.3333 0.5650412 0.5650 1.0000000 1.0000 1.0000000 258.3170 0.5385566 2.6778 1.0000000 1.0000 0.6666666666666667 1.0 0.46451587701606073 []
 | 38.6413 36.0459 14.6604 0.3961426 FC(F)(F)c1ncc(-c2ccncc2)cc1Sc1ccccc1Br 1 c1ccc(Sc2cncc(-c3ccncc3)c2)cc1 0.2050000 0.2050 0.1621621 0.1622 0.3333333 0.3333 0.8378379 0.8378 1.0000000 1.0000 1.0000000 411.2460 0.5360919 2.5702 1.0000000 1.0000 0.6666666666666667 1.0 0.403701622488689 []
 | 22.5316 29.1955 -29.1955 0.0000000 O=C(Nc1cccc(F)c1)NC(CO)CO 1 c1ccccc1 0.3500000 0.3500 0.2954395 0.2954 0.3333333 0.3333 0.7093809 0.7094 1.0000000 1.0000 1.0000000 228.2230 0.5220557 1.9585 1.0000000 1.0000 0.6666666666666667 1.0 0.47696960070847283 []
 | 28.3366 31.0507 32.2784 0.4947579 O=C(NCc1ccccc1)N[C@@H](C[S@+]([O-])c1ccccc1)C(=O)O 1 O=C(NCC[SH+]c1ccccc1)NCc1ccccc1 0.3200000 0.3200 0.3243243 0.3243 0.3333333 0.3333 0.6756757 0.6757 1.0000000 1.0000 1.0000000 346.4080 0.5535635 3.3352 1.0000000 1.0000 0.6666666666666667 1.0 0.46647615158762396 []
 | 26.1674 45.4064 31.0912 0.5976380 COC(=O)c1cc(C(=O)NC[C@@H](C#Cc2ccccc2)NCc2ccccc2)no1 1 O=C(NCC(C#Cc1ccccc1)NCc1ccccc1)c1ccon1 0.3250000 0.3250 0.3453069 0.3453 1.0000000 1.0000 0.6546931 0.6547 1.0000000 1.0000 1.0000000 403.4380 0.5467508 3.0363 1.0000000 1.0000 0.0 1.0 0.4683748498798799 []
 | 29.0759 24.9297 27.8951 0.4126938 CCc1ccc(Br)c2c1CCCC2 1 c1ccc2c(c1)CCCC2 0.1850000 0.1850 0.2231518 0.2232 0.3333333 0.3333 0.8195781 0.8196 1.0000000 1.0000 1.0000000 239.1560 0.5280720 2.2204 1.0000000 1.0000 0.6666666666666667 1.0 0.38829756630707846 []
20:58:25 <INFO> Score: 0.43 Agent NLL: 25.21 Valid: 100% Step: 89
 | Agent Prior Target Score SMILES SMILES_state Scaffold predicted_activity predicted_activity (raw) training_similarity training_similarity (raw) taf_consistency taf_consistency (raw) novelty novelty (raw) stereo_validity stereo_validity (raw) MW_window MW_window (raw) synthetic_feasibility synthetic_feasibility (raw) curated alerts filter curated alerts filter (raw) taf_disrupted (predicted_activity) scaffold_novelty (predicted_activity) uncertainty (predicted_activity) matchting_patterns (curated alerts filter)
 | 18.2143 31.6192 37.6183 0.5409178 N#Cc1ccccc1C(=O)O[C@H](C(=O)Nc1ccccc1F)c1ccccc1 1 O=C(OC(C(=O)Nc1ccccc1)c1ccccc1)c1ccccc1 0.2650000 0.2650 0.2536731 0.2537 1.0000000 1.0000 0.7463269 0.7463 1.0000000 1.0000 1.0000000 374.3710 0.5334586 2.4553 1.0000000 1.0000 0.0 1.0 0.4413332074521472 []
 | 23.5905 27.1313 36.9577 0.5006955 O=C(CNC(=O)Nc1ccc(OCc2ccccc2)cc1)NCCc1ccccc1 1 O=C(CNC(=O)Nc1ccc(OCc2ccccc2)cc1)NCCc1ccccc1 0.2850000 0.2850 0.4107969 0.4108 0.3333333 0.3333 0.5892031 0.5892 1.0000000 1.0000 1.0000000 403.4820 0.5177026 1.7691 1.0000000 1.0000 0.6666666666666667 1.0 0.4514144437210666 []
 | 34.6326 42.3037 -32.1413 0.0793933 CC(C)(C)N(c1ccccc1)c1nc(COC(=O)NC2CCCc3ccccc32)cs1 1 O=C(NC1CCCc2ccccc21)OCc1csc(Nc2ccccc2)n1 0.2250000 0.2250 0.2779507 0.2780 0.6666667 0.6667 0.7431649 0.7432 0.0000000 0.0000 1.0000000 435.5930 0.5480880 3.0949 1.0000000 1.0000 0.33333333333333337 1.0 0.41758232721225164 []
 | 38.4057 44.5305 19.1348 0.4973852 O=C([C@@H](OCc1ccccc1)[C@@H](NCc1ccccc1)c1ccccc1)N1C[C@H](O)CC1CO 1 O=C(C(OCc1ccccc1)C(NCc1ccccc1)c1ccccc1)N1CCCC1 0.3200000 0.3200 0.3913479 0.3913 0.3333333 0.3333 0.6086521 0.6087 0.7500000 0.7500 1.0000000 460.5740 0.5572981 3.5006 1.0000000 1.0000 0.6666666666666667 1.0 0.46647615158762396 []
 | 22.0007 23.6267 -23.6267 0.0000000 CC(C)CN(CCO)Cc1cccc(C#N)c1F 1 c1ccccc1 0.2900000 0.2900 0.2378804 0.2379 0.6666667 0.6667 0.7894007 0.7894 1.0000000 1.0000 1.0000000 250.3170 0.5339434 2.4764 1.0000000 1.0000 0.33333333333333337 1.0 0.4537620521815371 []
 | 23.6474 37.6902 23.2444 0.4760512 COC(=O)c1ccc(OC(F)F)c(NC(=O)c2ccc(NC(=O)OC(C)(C)C)nn2)c1 1 O=C(Nc1ccccc1)c1cccnn1 0.2100000 0.2100 0.2295650 0.2296 0.6666667 0.6667 0.8193445 0.8193 1.0000000 1.0000 1.0000000 438.3870 0.5329011 2.4309 1.0000000 1.0000 0.33333333333333337 1.0 0.4073082370883261 []
 | 34.6857 44.1314 -44.0278 0.0008090 O=C(Oc1cc(O)c2c(c1)O[C@H](c1ccccc1)C[C@H]2C=Cc1ccccc1OCc1ccccc1)c1ccccc1 1 O=C(Oc1ccc2c(c1)OC(c1ccccc1)CC2C=Cc1ccccc1OCc1ccccc1)c1ccccc1 0.2950000 0.2950 0.4457002 0.4457 0.0000000 0.0000 0.5542998 0.5543 1.0000000 1.0000 0.0000000 554.6420 0.5552236 3.4082 1.0000000 1.0000 1.0 1.0 0.4560427611529428 []
 | 15.3719 27.7695 47.6477 0.5891969 N#Cc1cccc(OCc2ccccc2)c1C#CCO 1 c1ccc(COc2ccccc2)cc1 0.3500000 0.3500 0.4324324 0.4324 0.6666667 0.6667 0.5675676 0.5676 1.0000000 1.0000 1.0000000 263.2960 0.5281666 2.2246 1.0000000 1.0000 0.33333333333333337 1.0 0.47696960070847283 []
 | 24.0870 25.6910 31.0467 0.4432633 O=C(CCc1nc(-c2ccccc2)no1)Nc1nncs1 1 O=C(CCc1nc(-c2ccccc2)no1)Nc1nncs1 0.2450000 0.2450 0.2450715 0.2451 0.3333333 0.3333 0.7549285 0.7549 1.0000000 1.0000 1.0000000 301.3310 0.5271465 2.1801 1.0000000 1.0000 0.6666666666666667 1.0 0.4300872004605578 []
 | 21.5454 34.0968 38.9951 0.5710300 O=C(Nc1ccc2cc(C(=O)NCc3ccccc3)ccc2n1)OCc1ccccc1 1 O=C(Nc1ccc2cc(C(=O)NCc3ccccc3)ccc2n1)OCc1ccccc1 0.3500000 0.3500 0.3635896 0.3636 0.6666667 0.6667 0.6364104 0.6364 1.0000000 1.0000 1.0000000 411.4610 0.5217729 1.9462 1.0000000 1.0000 0.33333333333333337 1.0 0.47696960070847283 []
20:58:25 <INFO> Sampled SMILES C1N(CCc2n(c(nn12)SCc1ccccc1C#N)CC=C)S(=O)(c1ccccc1)=O failed to sanitize.
20:58:25 <INFO> Sampled SMILES c12C(N(Cc3ccccc3)[C@H](Oc2cccc1)(C#N)c1ccc(cc1)C#N)=O failed to sanitize.
20:58:29 <INFO> Score: 0.39 Agent NLL: 26.45 Valid:  97% Step: 90
 | Agent Prior Target Score SMILES SMILES_state Scaffold predicted_activity predicted_activity (raw) training_similarity training_similarity (raw) taf_consistency taf_consistency (raw) novelty novelty (raw) stereo_validity stereo_validity (raw) MW_window MW_window (raw) synthetic_feasibility synthetic_feasibility (raw) curated alerts filter curated alerts filter (raw) taf_disrupted (predicted_activity) scaffold_novelty (predicted_activity) uncertainty (predicted_activity) matchting_patterns (curated alerts filter)
 | 22.2201 30.4576 38.9539 0.5422776 N#Cc1cccc(OCCOC(=O)CNC(=O)c2ccc(Br)cc2)c1 1 O=C(CNC(=O)c1ccccc1)OCCOc1ccccc1 0.2750000 0.2750 0.2492224 0.2492 1.0000000 1.0000 0.7576069 0.7576 1.0000000 1.0000 1.0000000 403.2320 0.5231178 2.0047 1.0000000 1.0000 0.0 1.0 0.44651427748729383 []
 | 31.4594 34.0865 24.1662 0.4550987 Cc1ccccc1C(=O)Nc1ccccc1CNC(=O)NCc1ccccc1F 1 O=C(NCc1ccccc1)NCc1ccccc1NC(=O)c1ccccc1 0.2850000 0.2850 0.2411214 0.2411 0.3333333 0.3333 0.7660561 0.7661 1.0000000 1.0000 1.0000000 391.4460 0.5206963 1.8993 1.0000000 1.0000 0.6666666666666667 1.0 0.4514144437210666 []
 | 36.7065 39.0395 -39.0395 0.0000000 C1N(CCc2n(c(nn12)SCc1ccccc1C#N)CC=C)S(=O)(c1ccccc1)=O 0 -- 0.0000000 0.0000 0.0000000 0.0000 0.0000000 0.0000 0.0000000 0.0000 0.0000000 0.0000 0.0000000 0.0000 0.0000000 0.0000 0.0000000 0.0000 None None None None
 | 22.7962 30.6414 41.6449 0.5647371 O=C(N[C@@H](COCC(=O)c1ccccc1)c1ccccc1)OCc1ccccc1 1 O=C(NC(COCC(=O)c1ccccc1)c1ccccc1)OCc1ccccc1 0.3050000 0.3050 0.3948736 0.3949 0.6666667 0.6667 0.6051264 0.6051 1.0000000 1.0000 1.0000000 389.4510 0.5320531 2.3940 1.0000000 1.0000 0.33333333333333337 1.0 0.460407428263272 []
 | 29.3638 33.6016 30.9640 0.5044191 NC(=O)OCCCNC(=O)N1CCCCC[C@H]1c1ccccc1 1 c1ccc(C2CCCCCN2)cc1 0.2150000 0.2150 0.3077109 0.3077 0.6666667 0.6667 0.7091283 0.7091 1.0000000 1.0000 1.0000000 319.4050 0.5348214 2.5147 1.0000000 1.0000 0.33333333333333337 1.0 0.41082234603292944 []
 | 26.2105 32.0497 29.2523 0.4789216 O=C(Nc1ccc(Cl)cc1)c1ccc(CNC(=O)c2ccco2)cn1 1 O=C(Nc1ccccc1)c1ccc(CNC(=O)c2ccco2)cn1 0.3000000 0.3000 0.3008473 0.3008 0.3333333 0.3333 0.6991527 0.6992 1.0000000 1.0000 1.0000000 355.7810 0.5215245 1.9354 1.0000000 1.0000 0.6666666666666667 1.0 0.458257569495584 []
 | 19.8882 33.0557 39.5694 0.5673840 N#Cc1cn(C(CO)CO)c2ncnc(NCc3ccccc3)c12 1 c1ccc(CNc2ncnc3[nH]ccc23)cc1 0.3550000 0.3550 0.3393503 0.3394 0.6666667 0.6667 0.6606497 0.6606 1.0000000 1.0000 1.0000000 323.3560 0.5379912 2.6531 1.0000000 1.0000 0.33333333333333337 1.0 0.4785133226985431 []
 | 24.5397 29.8284 33.9482 0.4982543 CC(C)(C)OC(=O)Nc1ccc(CNCc2ccc(-c3ccccc3)s2)cc1 1 c1ccc(CNCc2ccc(-c3ccccc3)s2)cc1 0.2150000 0.2150 0.2923009 0.2923 0.6666667 0.6667 0.7091283 0.7091 1.0000000 1.0000 1.0000000 394.5400 0.5241179 2.0482 1.0000000 1.0000 0.33333333333333337 1.0 0.41082234603292944 []
 | 23.5731 33.4636 42.0696 0.5901032 N#Cc1cccc(COC(=O)c2cnc(NC(=O)c3cccs3)s2)c1 1 O=C(Nc1ncc(C(=O)OCc2ccccc2)s1)c1cccs1 0.3150000 0.3150 0.3387291 0.3387 1.0000000 1.0000 0.6612709 0.6613 1.0000000 1.0000 1.0000000 369.4270 0.5306421 2.3324 1.0000000 1.0000 0.0 1.0 0.46451587701606073 []
 | 23.3061 29.7729 -25.9509 0.0298593 O=C(O)c1nc(Cn2ccc(=O)nc2)cs1 1 O=c1ccn(Cc2cscn2)cn1 0.3150000 0.3150 0.2739983 0.2740 0.0000000 0.0000 0.7260017 0.7260 1.0000000 1.0000 1.0000000 237.2400 0.5423756 2.8448 1.0000000 1.0000 1.0 1.0 0.46451587701606073 []
20:58:29 <INFO> Sampled SMILES C(n1c(=O)c2c(scc2-c2ccccc2)nc1)C(=O)N([C@H](C(N[C@H](O)=O)CC)C)CC failed to sanitize.
20:58:33 <INFO> Score: 0.45 Agent NLL: 27.55 Valid:  98% Step: 91
 | Agent Prior Target Score SMILES SMILES_state Scaffold predicted_activity predicted_activity (raw) training_similarity training_similarity (raw) taf_consistency taf_consistency (raw) novelty novelty (raw) stereo_validity stereo_validity (raw) MW_window MW_window (raw) synthetic_feasibility synthetic_feasibility (raw) curated alerts filter curated alerts filter (raw) taf_disrupted (predicted_activity) scaffold_novelty (predicted_activity) uncertainty (predicted_activity) matchting_patterns (curated alerts filter)
 | 22.3595 31.4851 31.8915 0.4951295 N#Cc1nc(-c2ccccc2)sc1CNCc1ccccc1 1 c1ccc(CNCc2cnc(-c3ccccc3)s2)cc1 0.2400000 0.2400 0.2500965 0.2501 0.6666667 0.6667 0.7499035 0.7499 1.0000000 1.0000 1.0000000 305.4060 0.5275874 2.1993 1.0000000 1.0000 0.33333333333333337 1.0 0.4270831300812525 []
 | 36.3056 53.2877 -51.4076 0.0146885 N#Cc1ccccc1OCCOC(=O)n1nc(-c2ccccc2)c2c1NC(=O)C[C@@H]2c1ccccc1OCc1ccccc1 1 O=C1CC(c2ccccc2OCc2ccccc2)c2c(-c3ccccc3)nn(C(=O)OCCOc3ccccc3)c2N1 0.2700000 0.2700 0.3726133 0.3726 1.0000000 1.0000 0.6384784 0.6385 1.0000000 1.0000 0.0000000 584.6320 0.5526606 3.2955 1.0000000 1.0000 0.0 1.0 0.4439594576084623 []
 | 20.6786 27.6701 46.8925 0.5825209 N#C[C@H](Cc1ccccc1)NC(=O)c1cc(=O)c2ccccc2o1 1 O=C(NCCc1ccccc1)c1cc(=O)c2ccccc2o1 0.3700000 0.3700 0.3760592 0.3761 0.6666667 0.6667 0.6239408 0.6239 1.0000000 1.0000 1.0000000 318.3320 0.5368930 2.6052 1.0000000 1.0000 0.33333333333333337 1.0 0.4828043081829324 []
 | 22.5489 31.9030 32.2875 0.5014878 O=C(NCc1ccccc1)[C@H](c1ccccc1)N(CCc1ccccc1)C(=O)COCc1ccccc1 1 O=C(NCc1ccccc1)C(c1ccccc1)N(CCc1ccccc1)C(=O)COCc1ccccc1 0.3050000 0.3050 0.3760592 0.3761 0.3333333 0.3333 0.6239408 0.6239 1.0000000 1.0000 1.0000000 492.6190 0.5355846 2.5480 1.0000000 1.0000 0.6666666666666667 1.0 0.460407428263272 []
 | 25.1078 39.1719 24.2519 0.4954989 N#Cc1ccc(NC(=O)CN[C@@H](COC(F)F)c2ccco2)cc1Cl 1 O=C(CNCc1ccco1)Nc1ccccc1 0.2550000 0.2550 0.2300218 0.2300 0.6666667 0.6667 0.7762813 0.7763 1.0000000 1.0000 1.0000000 369.7550 0.5489678 3.1335 1.0000000 1.0000 0.33333333333333337 1.0 0.43586121644395015 []
 | 25.5366 31.2459 22.5912 0.4206021 CCOC(=O)c1nc(CN2C[C@H](F)C[C@H]2C(=O)O)cs1 1 c1nc(CN2CCCC2)cs1 0.1800000 0.1800 0.2492224 0.2492 0.3333333 0.3333 0.7654213 0.7654 1.0000000 1.0000 1.0000000 302.3270 0.5556850 3.4284 1.0000000 1.0000 0.6666666666666667 1.0 0.38418745424597095 []
 | 30.9267 43.9115 28.9985 0.5696094 O=C(NC[C@H](Oc1ccc([C@@H](O)Cc2ccccc2)cc1)C(=O)OCc1ccccc1)OCc1ccccc1 1 O=C(NCC(Oc1ccc(CCc2ccccc2)cc1)C(=O)OCc1ccccc1)OCc1ccccc1 0.3100000 0.3100 0.4011298 0.4011 0.6666667 0.6667 0.5988702 0.5989 1.0000000 1.0000 1.0000000 525.6010 0.5461243 3.0089 1.0000000 1.0000 0.33333333333333337 1.0 0.462493243193887 []
 | 25.3590 30.0378 32.7599 0.4906069 O=C(CNc1ccccc1C(=O)Nc1ccccn1)NCc1ccco1 1 O=C(CNc1ccccc1C(=O)Nc1ccccn1)NCc1ccco1 0.3300000 0.3300 0.3084763 0.3085 0.3333333 0.3333 0.6915237 0.6915 1.0000000 1.0000 1.0000000 350.3780 0.5240055 2.0433 1.0000000 1.0000 0.6666666666666667 1.0 0.4702127178203499 []
 | 22.8808 29.1319 36.7424 0.5146433 COc1ccc(Nc2nc(C(=O)O[C@H](C)C#N)cs2)cc1 1 c1ccc(Nc2nccs2)cc1 0.2050000 0.2050 0.2491364 0.2491 1.0000000 1.0000 0.8284499 0.8284 1.0000000 1.0000 1.0000000 303.3430 0.5387343 2.6856 1.0000000 1.0000 0.0 1.0 0.403701622488689 []
 | 30.4109 40.1647 26.0534 0.5173282 N#Cc1ccc(-c2ccccc2CNC(=O)c2cccc(-c3cccc4ccccc34)c2)cc1 1 O=C(NCc1ccccc1-c1ccccc1)c1cccc(-c2cccc3ccccc23)c1 0.3150000 0.3150 0.2372895 0.2373 0.6666667 0.6667 0.7627105 0.7627 1.0000000 1.0000 1.0000000 438.5300 0.5239453 2.0407 1.0000000 1.0000 0.33333333333333337 1.0 0.46451587701606073 []
20:58:33 <INFO> Sampled SMILES CC(=O)NCc1c(CNc2nc(N[C@H](CO)CC)nc(nc2)OC)cccc1 failed to sanitize.
20:58:33 <INFO> Sampled SMILES c1ccc2OC(=O)c3cccc(c32)c1[C@H](CN[C@H](C(=O)OCc1ccccc1)Cc1ccccc1)O failed to sanitize.
20:58:33 <INFO> Sampled SMILES N(CC#CC#CC#CC#CC#CC#CC#CC#CC#CC#CC#CC#CC#CC#CC#CC#CC#CC#CC#CC#CC#C[C@@H]1CC=1C#N)C(=O)OCC=C failed to sanitize.
20:58:36 <INFO> Score: 0.42 Agent NLL: 27.18 Valid:  95% Step: 92
 | Agent Prior Target Score SMILES SMILES_state Scaffold predicted_activity predicted_activity (raw) training_similarity training_similarity (raw) taf_consistency taf_consistency (raw) novelty novelty (raw) stereo_validity stereo_validity (raw) MW_window MW_window (raw) synthetic_feasibility synthetic_feasibility (raw) curated alerts filter curated alerts filter (raw) taf_disrupted (predicted_activity) scaffold_novelty (predicted_activity) uncertainty (predicted_activity) matchting_patterns (curated alerts filter)
 | 25.3543 39.4857 39.3252 0.6157101 N#Cc1ccccc1NC(=O)c1cccc(COC(=O)[C@H](Cc2ccccc2)NC(=O)OCc2ccccc2)c1 1 O=C(NC(Cc1ccccc1)C(=O)OCc1cccc(C(=O)Nc2ccccc2)c1)OCc1ccccc1 0.3650000 0.3650 0.3613110 0.3613 1.0000000 1.0000 0.6386890 0.6387 1.0000000 1.0000 1.0000000 533.5840 0.5386403 2.6815 1.0000000 1.0000 0.0 1.0 0.4814301610825811 []
 | 35.8148 48.5699 -48.5699 0.0000000 CC(=O)NCc1c(CNc2nc(N[C@H](CO)CC)nc(nc2)OC)cccc1 0 -- 0.0000000 0.0000 0.0000000 0.0000 0.0000000 0.0000 0.0000000 0.0000 0.0000000 0.0000 0.0000000 0.0000 0.0000000 0.0000 0.0000000 0.0000 None None None None
 | 29.8137 33.2611 29.3331 0.4890168 OC[C@@H](Nc1ncnc2cnc(Oc3ccccc3)nc12)c1ccccc1 1 c1ccc(CNc2ncnc3cnc(Oc4ccccc4)nc23)cc1 0.3100000 0.3100 0.3185930 0.3186 0.3333333 0.3333 0.6814070 0.6814 1.0000000 1.0000 1.0000000 359.3890 0.5420925 2.8324 1.0000000 1.0000 0.6666666666666667 1.0 0.462493243193887 []
 | 26.6722 47.5375 30.8358 0.6122917 N#Cc1cc(NC(=O)[C@@H](C#N)OC(=O)c2ccccc2NC(=O)c2ccco2)ccc1O 1 O=C(COC(=O)c1ccccc1NC(=O)c1ccco1)Nc1ccccc1 0.3850000 0.3850 0.3266277 0.3266 1.0000000 1.0000 0.6733723 0.6734 1.0000000 1.0000 1.0000000 430.3760 0.5485983 3.1173 1.0000000 1.0000 0.0 1.0 0.4865953144040744 []
 | 48.6848 50.6719 8.8067 0.4646767 N#Cc1ccc(Nc2nc(=O)[nH]c3cc(C4(C#N)CC4)c(NC(=O)O)cc23)c(F)c1 1 O=c1nc(Nc2ccccc2)c2ccc(C3CC3)cc2[nH]1 0.2350000 0.2350 0.1786826 0.1787 0.6666667 0.6667 0.8336161 0.8336 1.0000000 1.0000 1.0000000 404.3610 0.5477319 3.0793 1.0000000 1.0000 0.33333333333333337 1.0 0.4239988207530771 []
 | 32.1826 47.4124 -47.4124 0.0000000 CCC[C@H](NC(=O)c1cccc(NC(=O)CNCCOCC#N)c1)C(=O)OC 1 c1ccccc1 0.3000000 0.3000 0.2951514 0.2952 1.0000000 1.0000 0.7190243 0.7190 1.0000000 1.0000 1.0000000 390.4400 0.5412483 2.7955 1.0000000 1.0000 0.0 1.0 0.45825756949558394 []
 | 25.0492 38.0354 35.0855 0.5712574 CN(Cc1cccc(NC(=O)[C@@H](Cc2ccccc2)NC(=O)c2ccccc2)c1)C(=O)OCc1ccccc1 1 O=C(NCc1cccc(NC(=O)C(Cc2ccccc2)NC(=O)c2ccccc2)c1)OCc1ccccc1 0.3450000 0.3450 0.3647686 0.3648 0.6666667 0.6667 0.6352314 0.6352 1.0000000 1.0000 1.0000000 521.6170 0.5360665 2.5691 1.0000000 1.0000 0.33333333333333337 1.0 0.4753682782853732 []
 | 26.4134 40.7392 -38.7775 0.0153261 O=C(N[C@@H](CN[C@H](Cc1ccccc1)C(=O)OCc1ccccc1)C(=O)N[C@H](CO)Cc1ccccc1)OCc1ccccc1 1 O=C(NC(CNC(Cc1ccccc1)C(=O)OCc1ccccc1)C(=O)NCCc1ccccc1)OCc1ccccc1 0.4000000 0.4000 0.4411288 0.4411 0.6666667 0.6667 0.5588712 0.5589 1.0000000 1.0000 0.0000000 609.7230 0.5544838 3.3756 1.0000000 1.0000 0.33333333333333337 1.0 0.48989794855663565 []
 | 28.1905 35.8662 33.3113 0.5404489 O=C(NC[C@H](O)c1ccc(O)cc1)c1c(F)cccc1-c1ccccc1 1 O=C(NCCc1ccccc1)c1ccccc1-c1ccccc1 0.4400000 0.4400 0.3805097 0.3805 0.3333333 0.3333 0.6194903 0.6195 1.0000000 1.0000 1.0000000 351.3770 0.5327086 2.4226 1.0000000 1.0000 0.6666666666666667 1.0 0.4963869458396343 []
 | 26.5998 36.9798 23.3905 0.4716433 Cc1nc(C#N)c(C#N)c(NC(=O)c2ccc(Br)cn2)n1 1 O=C(Nc1ccncn1)c1ccccn1 0.2500000 0.2500 0.1825742 0.1826 0.6666667 0.6667 0.8224288 0.8224 1.0000000 1.0000 1.0000000 343.1440 0.5408599 2.7785 1.0000000 1.0000 0.33333333333333337 1.0 0.4330127018922193 []
20:58:37 <INFO> Sampled SMILES COC(=O)[C@H](NC(=O)[C@@H](NC(=O)c1oc1ccc1ccccc1)C(C)C)C failed to sanitize.
20:58:40 <INFO> Score: 0.45 Agent NLL: 26.22 Valid:  98% Step: 93
 | Agent Prior Target Score SMILES SMILES_state Scaffold predicted_activity predicted_activity (raw) training_similarity training_similarity (raw) taf_consistency taf_consistency (raw) novelty novelty (raw) stereo_validity stereo_validity (raw) MW_window MW_window (raw) synthetic_feasibility synthetic_feasibility (raw) curated alerts filter curated alerts filter (raw) taf_disrupted (predicted_activity) scaffold_novelty (predicted_activity) uncertainty (predicted_activity) matchting_patterns (curated alerts filter)
 | 30.5314 34.2494 24.6894 0.4604587 OCC[C@H]1[C@H](CO)[C@H](O)C[C@@H]1Nc1ccccc1 1 c1ccc(NC2CCCC2)cc1 0.2500000 0.2500 0.2861819 0.2862 0.3333333 0.3333 0.7138181 0.7138 1.0000000 1.0000 1.0000000 251.3260 0.5555218 3.5787 1.0000000 1.0000 0.6666666666666667 1.0 0.4330127018922193 []
 | 25.8764 36.8106 31.1583 0.5310077 N#CCOc1ccccc1C(=O)OC[C@H](Oc1ccccc1)c1ccccc1 1 O=C(OCC(Oc1ccccc1)c1ccccc1)c1ccccc1 0.2700000 0.2700 0.3174511 0.3175 0.6666667 0.6667 0.6991527 0.6992 1.0000000 1.0000 1.0000000 373.4080 0.5356041 2.5489 1.0000000 1.0000 0.33333333333333337 1.0 0.4439594576084623 []
 | 28.8107 38.8693 26.5214 0.5108643 Cc1cccc2sc(C(=O)NCc3cccc(C(=O)N[C@@H](CO)Cc4ccccc4)c3)nc12 1 O=C(NCCc1ccccc1)c1cccc(CNC(=O)c2nc3ccccc3s2)c1 0.3750000 0.3750 0.3295310 0.3295 0.3333333 0.3333 0.6704690 0.6705 1.0000000 1.0000 1.0000000 459.5710 0.5395637 2.7218 1.0000000 1.0000 0.6666666666666667 1.0 0.4841229182759271 []
 | 20.8864 35.1846 37.4377 0.5673612 N#C[C@H](OC(=O)[C@H](Cc1ccccc1)NS(=O)(=O)c1ccc(Cl)cc1)C(=O)Nc1ccccc1 1 O=C(COC(=O)C(Cc1ccccc1)NS(=O)(=O)c1ccccc1)Nc1ccccc1 0.2850000 0.2850 0.2992660 0.2993 1.0000000 1.0000 0.7007340 0.7007 1.0000000 1.0000 1.0000000 497.9600 0.5477347 3.0794 1.0000000 1.0000 0.0 1.0 0.4514144437210666 []
 | 22.1221 34.0251 35.3678 0.5421324 COC(=O)[C@@H](Cc1ccccc1)N(C)C(=O)OCc1ccccc1C#N 1 O=C(NCCc1ccccc1)OCc1ccccc1 0.2800000 0.2800 0.3431002 0.3431 0.6666667 0.6667 0.6568998 0.6569 1.0000000 1.0000 1.0000000 352.3900 0.5378261 2.6459 1.0000000 1.0000 0.33333333333333337 1.0 0.44899888641287294 []
 | 20.1079 25.6620 -25.6620 0.0000000 CCCC(=O)N[C@@H](Cc1ccccc1C#N)C(=O)O 1 c1ccccc1 0.2850000 0.2850 0.2895740 0.2896 0.6666667 0.6667 0.7104260 0.7104 1.0000000 1.0000 1.0000000 260.2930 0.5328073 2.4269 1.0000000 1.0000 0.33333333333333337 1.0 0.4514144437210666 []
 | 36.5864 41.1136 25.1692 0.5178343 N#Cc1cc(I)ccc1C[C@@H](C#N)NC(=O)c1cc2ccccc2s1 1 O=C(NCCc1ccccc1)c1cc2ccccc2s1 0.3150000 0.3150 0.2324953 0.2325 0.6666667 0.6667 0.7675047 0.7675 1.0000000 1.0000 1.0000000 457.2960 0.5497589 3.1682 1.0000000 1.0000 0.33333333333333337 1.0 0.46451587701606073 []
 | 24.6529 27.5302 31.1815 0.4586847 O=C(Nc1ccc(-c2ccc(-c3ccccc3)cc2)nn1)c1ccc(F)cc1 1 O=C(Nc1ccc(-c2ccc(-c3ccccc3)cc2)nn1)c1ccccc1 0.2950000 0.2950 0.2432432 0.2432 0.3333333 0.3333 0.7567568 0.7568 1.0000000 1.0000 1.0000000 369.3990 0.5190729 1.8287 1.0000000 1.0000 0.6666666666666667 1.0 0.45604276115294284 []
 | 32.1399 32.9868 28.0749 0.4770446 Nc1sc(Br)cc1[C@H](C[N+](=O)[O-])c1ccc(F)cc1 1 c1ccc(Cc2ccsc2)cc1 0.2600000 0.2600 0.1842743 0.1843 0.6666667 0.6667 0.8157257 0.8157 1.0000000 1.0000 1.0000000 345.1930 0.5518765 3.2611 1.0000000 1.0000 0.33333333333333337 1.0 0.43863424398922624 []
 | 34.1074 36.8575 -36.7686 0.0006944 C/C=C/[C@H]1O[C@H](OCc2ccccc2)[C@@H](OCc2ccccc2)[C@H](OCc2ccccc2)[C@H]1OCc1ccc(OC)cc1 1 c1ccc(COC2COC(OCc3ccccc3)C(OCc3ccccc3)C2OCc2ccccc2)cc1 0.1650000 0.1650 0.3614720 0.3615 0.0000000 0.0000 0.6448576 0.6449 1.0000000 1.0000 0.0000000 580.7210 0.5513841 3.7605 1.0000000 1.0000 1.0 1.0 0.37118054905934933 []
20:58:40 <INFO> Sampled SMILES C1CC(NC(=O)OC(C)(C)C)C(N[C@@H]1c1[nH]c(cn1)-c1ccc(cc1)-c1ccc(cc1)C#Cc1[nH]c([C@@H](n2ccc(NC(OC)=O)nc2)=O)nc1)=O failed to sanitize.
20:58:44 <INFO> Score: 0.41 Agent NLL: 25.41 Valid:  98% Step: 94
 | Agent Prior Target Score SMILES SMILES_state Scaffold predicted_activity predicted_activity (raw) training_similarity training_similarity (raw) taf_consistency taf_consistency (raw) novelty novelty (raw) stereo_validity stereo_validity (raw) MW_window MW_window (raw) synthetic_feasibility synthetic_feasibility (raw) curated alerts filter curated alerts filter (raw) taf_disrupted (predicted_activity) scaffold_novelty (predicted_activity) uncertainty (predicted_activity) matchting_patterns (curated alerts filter)
 | 32.0066 39.1647 20.5656 0.4666435 N#Cc1ccccc1Nc1nc(NC2CCC(NS(=O)(=O)C(F)(F)F)CC2)ncc1C#N 1 c1ccc(Nc2ccnc(NC3CCCCC3)n2)cc1 0.2050000 0.2050 0.2109632 0.2110 0.6666667 0.6667 0.8176157 0.8176 1.0000000 1.0000 1.0000000 465.4610 0.5428220 2.8643 1.0000000 1.0000 0.33333333333333337 1.0 0.403701622488689 []
 | 34.5613 39.4144 -37.9838 0.0111769 CO[C@H]1O[C@H](COCc2ccccc2)[C@H](Oc2ccc(COCc3ccccc3)cc2)[C@@H](O)[C@@H]1OCc1ccccc1 1 c1ccc(COCc2ccc(OC3CC(OCc4ccccc4)COC3COCc3ccccc3)cc2)cc1 0.1700000 0.1700 0.3635896 0.3636 0.3333333 0.3333 0.6364104 0.6364 1.0000000 1.0000 0.0000000 570.6820 0.5533578 3.6738 1.0000000 1.0000 0.6666666666666667 1.0 0.375632799419859 []
 | 27.3562 50.9061 -38.6542 0.0957181 Cc1c(C(=O)Nc2ccc(OCc3ccccc3)c(C#N)c2)cc(C#N)n1C(C)CO 1 O=C(Nc1ccc(OCc2ccccc2)cc1)c1cc[nH]c1 0.3900000 0.3900 0.4317329 0.4317 0.6666667 0.6667 0.5682671 0.5683 0.0000000 0.0000 1.0000000 414.4650 0.5461429 3.0097 1.0000000 1.0000 0.33333333333333337 1.0 0.4877499359302879 []
 | 22.6168 33.8081 28.8651 0.4896345 O=C(OCc1ccccc1)N(Cc1ccccc1)c1ccccc1OCCOc1ccccc1 1 O=C(OCc1ccccc1)N(Cc1ccccc1)c1ccccc1OCCOc1ccccc1 0.2650000 0.2650 0.3899064 0.3899 0.3333333 0.3333 0.6100936 0.6101 1.0000000 1.0000 1.0000000 453.5380 0.5242560 2.0543 1.0000000 1.0000 0.6666666666666667 1.0 0.4413332074521472 []
 | 21.9246 31.5120 38.9472 0.5504624 N#Cc1ccccc1CNC(=O)c1cccc(NC(=O)NCc2ccccc2)c1 1 O=C(NCc1ccccc1)Nc1cccc(C(=O)NCc2ccccc2)c1 0.3550000 0.3550 0.2923009 0.2923 0.6666667 0.6667 0.7091283 0.7091 1.0000000 1.0000 1.0000000 384.4390 0.5207335 1.9010 1.0000000 1.0000 0.33333333333333337 1.0 0.478513322698543 []
 | 30.9182 40.7382 -38.9675 0.0138334 O=C(N[C@@H](CSCc1ccccc1)C(=O)Nc1ccc(-c2ccc3cc4ccccc4cc3c2)cc1)OCc1ccccc1 1 O=C(NC(CSCc1ccccc1)C(=O)Nc1ccc(-c2ccc3cc4ccccc4cc3c2)cc1)OCc1ccccc1 0.3050000 0.3050 0.3387291 0.3387 0.6666667 0.6667 0.6612709 0.6613 1.0000000 1.0000 0.0000000 596.7520 0.5427435 2.8609 1.0000000 1.0000 0.33333333333333337 1.0 0.460407428263272 []
 | 20.5394 33.6173 34.4254 0.5315836 CC[C@H](NCC(=O)Nc1ccccc1C#N)c1ccc(NC(=O)OC(C)(C)C)cc1 1 O=C(CNCc1ccccc1)Nc1ccccc1 0.2600000 0.2600 0.2344036 0.2344 1.0000000 1.0000 0.7720196 0.7720 1.0000000 1.0000 1.0000000 408.5020 0.5380089 2.6539 1.0000000 1.0000 0.0 1.0 0.4386342439892262 []
 | 23.1157 41.2441 33.7455 0.5858562 N#Cc1cccc(C(=O)NCc2ccc(C(=O)OCCOc3ccccc3)o2)c1 1 O=C(NCc1ccc(C(=O)OCCOc2ccccc2)o1)c1ccccc1 0.3000000 0.3000 0.3453069 0.3453 1.0000000 1.0000 0.6546931 0.6547 1.0000000 1.0000 1.0000000 390.3950 0.5258260 2.1226 1.0000000 1.0000 0.0 1.0 0.45825756949558394 []
 | 30.9712 31.8370 22.3581 0.4233993 COc1ccc(C(=O)Nc2ccc(Nc3ncnc4sccc34)cc2)cc1 1 O=C(Nc1ccc(Nc2ncnc3sccc23)cc1)c1ccccc1 0.1750000 0.1750 0.2737928 0.2738 0.3333333 0.3333 0.7576069 0.7576 1.0000000 1.0000 1.0000000 376.4410 0.5226338 1.9836 1.0000000 1.0000 0.6666666666666667 1.0 0.3799671038392666 []
 | 26.4007 29.0054 39.3107 0.5337195 O=C(CNC(=O)c1ccco1)Nc1ccc(F)c(Br)c1F 1 O=C(CNC(=O)c1ccco1)Nc1ccccc1 0.3150000 0.3150 0.2790405 0.2790 0.6666667 0.6667 0.7209595 0.7210 1.0000000 1.0000 1.0000000 359.1260 0.5293675 2.2769 1.0000000 1.0000 0.33333333333333337 1.0 0.46451587701606073 []
20:58:44 <INFO> Sampled SMILES O=c1n(c(SCC(=O)OCc2ccccc2C#N)nn1)Cc1ccco1 failed to sanitize.
20:58:48 <INFO> Score: 0.42 Agent NLL: 25.87 Valid:  98% Step: 95
 | Agent Prior Target Score SMILES SMILES_state Scaffold predicted_activity predicted_activity (raw) training_similarity training_similarity (raw) taf_consistency taf_consistency (raw) novelty novelty (raw) stereo_validity stereo_validity (raw) MW_window MW_window (raw) synthetic_feasibility synthetic_feasibility (raw) curated alerts filter curated alerts filter (raw) taf_disrupted (predicted_activity) scaffold_novelty (predicted_activity) uncertainty (predicted_activity) matchting_patterns (curated alerts filter)
 | 21.8285 28.3987 -28.3987 0.0000000 N#Cc1cccc(C#N)c1NCc1cccc(N)c1 1 c1ccc(CNc2ccccc2)cc1 0.2750000 0.2750 0.2066885 0.2067 0.6666667 0.6667 0.7933115 0.7933 1.0000000 1.0000 1.0000000 248.2890 0.5312634 2.3595 1.0000000 1.0000 0.33333333333333337 1.0 0.44651427748729383 []
 | 20.6397 34.0735 31.1071 0.5092236 CCNC(=NCc1ccccc1C#N)NCc1nc(C(=O)OCC)cs1 1 C(=NCc1ccccc1)NCc1nccs1 0.2300000 0.2300 0.2126050 0.2126 1.0000000 1.0000 0.7873950 0.7874 1.0000000 1.0000 1.0000000 371.4660 0.5395174 2.7198 1.0000000 1.0000 0.0 1.0 0.4208325082500163 []
 | 24.0069 29.9687 29.0083 0.4607572 CCN(c1ccccc1)S(=O)(=O)c1ccccc1NC(=O)c1cccs1 1 O=C(Nc1ccccc1S(=O)(=O)Nc1ccccc1)c1cccs1 0.2950000 0.2950 0.2478408 0.2478 0.3333333 0.3333 0.7521592 0.7522 1.0000000 1.0000 1.0000000 386.4980 0.5243270 2.0573 1.0000000 1.0000 0.6666666666666667 1.0 0.4560427611529428 []
 | 21.5211 33.1694 40.3033 0.5740050 CCOC(=O)[C@H](NC(=O)c1ccccc1NC(=O)Cc1ccccc1)c1ccccc1 1 O=C(Cc1ccccc1)Nc1ccccc1C(=O)NCc1ccccc1 0.3300000 0.3300 0.3965453 0.3965 0.6666667 0.6667 0.6034547 0.6035 1.0000000 1.0000 1.0000000 416.4770 0.5309232 2.3447 1.0000000 1.0000 0.33333333333333337 1.0 0.4702127178203499 []
 | 29.2408 33.9232 37.4695 0.5577549 O=C(NCc1ccccc1)Nc1ccc(O)cc1C#Cc1cccnc1 1 O=C(NCc1ccccc1)Nc1ccccc1C#Cc1cccnc1 0.3350000 0.3350 0.3301691 0.3302 0.6666667 0.6667 0.6915237 0.6915 1.0000000 1.0000 1.0000000 343.3860 0.5280735 2.2205 1.0000000 1.0000 0.33333333333333337 1.0 0.4719904660054057 []
 | 26.9846 38.6761 32.6355 0.5571219 CCc1ccc(C#N)cc1C(=O)COC(=O)[C@@H](CC(C)C)NC(=O)c1ccccc1 1 O=C(CNC(=O)c1ccccc1)OCC(=O)c1ccccc1 0.2850000 0.2850 0.2735764 0.2736 1.0000000 1.0000 0.7264236 0.7264 1.0000000 1.0000 1.0000000 406.4820 0.5384922 2.6750 1.0000000 1.0000 0.0 1.0 0.4514144437210666 []
 | 20.5033 25.3833 41.5925 0.5232481 COC(=O)c1ccc(S(=O)(=O)NCc2ccccc2)o1 1 O=S(=O)(NCc1ccccc1)c1ccco1 0.2300000 0.2300 0.3561978 0.3562 0.6666667 0.6667 0.6438022 0.6438 1.0000000 1.0000 1.0000000 295.3160 0.5229779 1.9986 1.0000000 1.0000 0.33333333333333337 1.0 0.4208325082500163 []
 | 26.0963 26.7033 29.5833 0.4397389 c1ccc(CNc2ncc3c(n2)CCN(Cc2cccnc2)C3)cc1 1 c1ccc(CNc2ncc3c(n2)CCN(Cc2cccnc2)C3)cc1 0.2100000 0.2100 0.2763188 0.2763 0.3333333 0.3333 0.7333676 0.7334 1.0000000 1.0000 1.0000000 331.4230 0.5271750 2.1814 1.0000000 1.0000 0.6666666666666667 1.0 0.4073082370883261 []
 | 22.8496 44.5367 23.5435 0.5318768 N#Cc1noc(NS(=O)(=O)c2ccc(F)cc2)c1C(=O)OCC(=O)Nc1ccccc1 1 O=C(COC(=O)c1cnoc1NS(=O)(=O)c1ccccc1)Nc1ccccc1 0.2550000 0.2550 0.2416561 0.2417 1.0000000 1.0000 0.7583439 0.7583 1.0000000 1.0000 1.0000000 444.4000 0.5329522 2.4332 1.0000000 1.0000 0.0 1.0 0.43586121644395015 []
 | 20.5470 36.0066 -36.0066 0.0000000 O=c1n(c(SCC(=O)OCc2ccccc2C#N)nn1)Cc1ccco1 0 -- 0.0000000 0.0000 0.0000000 0.0000 0.0000000 0.0000 0.0000000 0.0000 0.0000000 0.0000 0.0000000 0.0000 0.0000000 0.0000 0.0000000 0.0000 None None None None
20:58:48 <INFO> Sampled SMILES N12c3c(C(CC1C#N)N[C@](C(=O)OCc1ccccc1)(C(OCc1ccccc1)=O)Cc1ccccc1)c(C#N)cccc3CC2 failed to sanitize.
20:58:51 <INFO> Score: 0.43 Agent NLL: 25.53 Valid:  98% Step: 96
 | Agent Prior Target Score SMILES SMILES_state Scaffold predicted_activity predicted_activity (raw) training_similarity training_similarity (raw) taf_consistency taf_consistency (raw) novelty novelty (raw) stereo_validity stereo_validity (raw) MW_window MW_window (raw) synthetic_feasibility synthetic_feasibility (raw) curated alerts filter curated alerts filter (raw) taf_disrupted (predicted_activity) scaffold_novelty (predicted_activity) uncertainty (predicted_activity) matchting_patterns (curated alerts filter)
 | 18.9497 24.1271 32.3526 0.4412478 O=C(Nc1nc2ccccc2s1)c1cccc(C(F)(F)F)c1 1 O=C(Nc1nc2ccccc2s1)c1ccccc1 0.2850000 0.2850 0.2053985 0.2054 0.3333333 0.3333 0.7946015 0.7946 1.0000000 1.0000 1.0000000 322.3110 0.5191290 1.8312 1.0000000 1.0000 0.6666666666666667 1.0 0.4514144437210666 []
 | 23.2071 30.4893 33.2640 0.4980728 CC[C@@H](CO)NC(=O)c1ccccc1NS(=O)(=O)c1cccs1 1 O=S(=O)(Nc1ccccc1)c1cccs1 0.3550000 0.3550 0.3045001 0.3045 0.3333333 0.3333 0.7059142 0.7059 1.0000000 1.0000 1.0000000 354.4530 0.5360314 2.5675 1.0000000 1.0000 0.6666666666666667 1.0 0.478513322698543 []
 | 20.8864 26.2477 38.6242 0.5068113 CC[C@@H](O)CNC(=O)c1ccc(=O)[nH]c1 1 O=c1cccc[nH]1 0.3700000 0.3700 0.3188741 0.3189 0.3333333 0.3333 0.6968305 0.6968 1.0000000 1.0000 1.0000000 210.2330 0.5382251 2.6633 1.0000000 1.0000 0.6666666666666667 1.0 0.4828043081829324 []
 | 27.4659 25.6720 27.0753 0.4120884 C[C@@H]1CN(C(=O)c2cc(N)ccn2)C[C@H](C)O1 1 O=C(c1ccccn1)N1CCOCC1 0.1600000 0.1600 0.2541643 0.2542 0.3333333 0.3333 0.7808013 0.7808 1.0000000 1.0000 1.0000000 235.2870 0.5467802 3.0376 1.0000000 1.0000 0.6666666666666667 1.0 0.36660605559646714 []
 | 22.1460 32.0991 29.2750 0.4794851 CC[C@H](O)c1ccc(NC(=O)Cc2ccccc2-c2ccccc2)cc1 1 O=C(Cc1ccccc1-c1ccccc1)Nc1ccccc1 0.2900000 0.2900 0.3119251 0.3119 0.3333333 0.3333 0.6880749 0.6881 1.0000000 1.0000 1.0000000 345.4420 0.5286812 2.2470 1.0000000 1.0000 0.6666666666666667 1.0 0.4537620521815371 []
 | 31.9375 43.6077 -39.4741 0.0322933 O=C(O)c1cccc(-c2ccccc2[C@H](Oc2cccc(OCc3ccccc3)c2)C(=O)O)c1 1 c1ccc(COc2cccc(OCc3ccccc3-c3ccccc3)c2)cc1 0.3250000 0.3250 0.4120682 0.4121 0.0000000 0.0000 0.5879318 0.5879 1.0000000 1.0000 1.0000000 454.4780 0.5366522 2.5946 1.0000000 1.0000 1.0 1.0 0.4683748498798799 []
 | 18.2102 21.4901 52.3195 0.5766375 C[C@H](NC(=O)OCc1ccccc1)c1ccccc1 1 O=C(NCc1ccccc1)OCc1ccccc1 0.3100000 0.3100 0.4429039 0.4429 0.6666667 0.6667 0.5570961 0.5571 1.0000000 1.0000 1.0000000 255.3170 0.5212667 1.9242 1.0000000 1.0000 0.33333333333333337 1.0 0.46249324319388707 []
 | 19.5435 32.3384 -32.3384 0.0000000 N#Cc1ccccc1C(=O)Nc1ccccc1[C@@H](O)CO 1 O=C(Nc1ccccc1)c1ccccc1 0.4000000 0.4000 0.3466975 0.3467 0.6666667 0.6667 0.6533025 0.6533 1.0000000 1.0000 1.0000000 282.2990 0.5351362 2.5285 1.0000000 1.0000 0.33333333333333337 1.0 0.48989794855663565 []
 | 27.4497 36.4953 27.4416 0.4995072 O=C(N[C@H]1[C@H](O)[C@@H](O)[C@H](O)O[C@H]1CO)[C@@H](O)Cc1ccccc1 1 O=C(CCc1ccccc1)NC1CCCOC1 0.2700000 0.2700 0.4159002 0.4159 0.3333333 0.3333 0.5840998 0.5841 1.0000000 1.0000 1.0000000 327.3330 0.5514563 3.7573 1.0000000 1.0000 0.6666666666666667 1.0 0.4439594576084623 []
 | 34.1044 51.1269 15.5251 0.5207191 CC(C)(C)OC(=O)NCCc1cc(C#N)sc1-c1ccc(C#Cc2ccc(C#Cc3ccccc3)cc2)cc1 1 C(#Cc1ccc(C#Cc2ccc(-c3cccs3)cc2)cc1)c1ccccc1 0.2350000 0.2350 0.2326252 0.2326 1.0000000 1.0000 0.7720196 0.7720 1.0000000 1.0000 1.0000000 528.6770 0.5439195 2.9123 1.0000000 1.0000 0.0 1.0 0.4239988207530771 []
20:58:55 <INFO> Score: 0.43 Agent NLL: 26.21 Valid: 100% Step: 97
 | Agent Prior Target Score SMILES SMILES_state Scaffold predicted_activity predicted_activity (raw) training_similarity training_similarity (raw) taf_consistency taf_consistency (raw) novelty novelty (raw) stereo_validity stereo_validity (raw) MW_window MW_window (raw) synthetic_feasibility synthetic_feasibility (raw) curated alerts filter curated alerts filter (raw) taf_disrupted (predicted_activity) scaffold_novelty (predicted_activity) uncertainty (predicted_activity) matchting_patterns (curated alerts filter)
 | 26.5706 37.4228 35.4497 0.5693163 COC(=O)[C@H](CO)NC(=O)NCC#Cc1ccc(CN2CCOCC2)cc1 1 c1ccc(CN2CCOCC2)cc1 0.2750000 0.2750 0.3151354 0.3151 1.0000000 1.0000 0.7210057 0.7210 1.0000000 1.0000 1.0000000 375.4250 0.5428765 2.8667 1.0000000 1.0000 0.0 1.0 0.4465142774872938 []
 | 20.7685 32.2893 36.4740 0.5372140 CS(=O)(=O)Nc1ccccc1C(=O)N[C@@H](Cc1ccccc1)[C@H](O)CO 1 O=C(NCCc1ccccc1)c1ccccc1 0.4050000 0.4050 0.4011298 0.4011 0.3333333 0.3333 0.5988702 0.5989 1.0000000 1.0000 1.0000000 378.4500 0.5400749 2.7442 1.0000000 1.0000 0.6666666666666667 1.0 0.4908920451586072 []
 | 26.0669 32.2561 30.0159 0.4865000 OCc1ccc(CO[C@H]2CCC[C@H](O)[C@H]2OCc2ccccc2)cc1 1 c1ccc(COC2CCCCC2OCc2ccccc2)cc1 0.2400000 0.2400 0.4109975 0.4110 0.3333333 0.3333 0.5890025 0.5890 1.0000000 1.0000 1.0000000 342.4350 0.5471104 3.0521 1.0000000 1.0000 0.6666666666666667 1.0 0.4270831300812524 []
 | 17.1500 25.6786 -25.6786 0.0000000 C[C@@H](Oc1ccc(C#N)cc1)C(=O)Nc1ccccc1C#N 1 O=C(COc1ccccc1)Nc1ccccc1 0.2550000 0.2550 0.2435994 0.2436 0.6666667 0.6667 0.7630758 0.7631 1.0000000 1.0000 1.0000000 291.3100 0.5314541 2.3678 1.0000000 1.0000 0.33333333333333337 1.0 0.43586121644395015 []
 | 22.1397 27.4359 37.7875 0.5095580 O=C(CN1C(=O)c2ccccc2C1=O)Nc1cccc(C#Cc2ccccc2)c1 1 O=C(CN1C(=O)c2ccccc2C1=O)Nc1cccc(C#Cc2ccccc2)c1 0.2650000 0.2650 0.2632491 0.2632 0.6666667 0.6667 0.7367509 0.7368 1.0000000 1.0000 1.0000000 380.4030 0.5242381 2.0535 1.0000000 1.0000 0.33333333333333337 1.0 0.4413332074521472 []
 | 21.4564 35.8575 32.7836 0.5362591 CC(C)C[C@@H](NC(=O)c1ccc(F)cc1)C(=O)OCc1cc(C#N)ccc1F 1 O=C(CNC(=O)c1ccccc1)OCc1ccccc1 0.2700000 0.2700 0.2363516 0.2364 1.0000000 1.0000 0.7675047 0.7675 1.0000000 1.0000 1.0000000 386.3980 0.5368704 2.6042 1.0000000 1.0000 0.0 1.0 0.4439594576084622 []
 | 27.8671 45.6983 28.1067 0.5766015 N#C[C@H](CCc1ccccc1)NC(=O)O[C@H]1[C@H]2OC(c3ccccc3)O[C@H]2[C@@H](CO)O[C@H]1O 1 O=C(NCCCc1ccccc1)OC1COCC2OC(c3ccccc3)OC12 0.2900000 0.2900 0.3514998 0.3515 1.0000000 1.0000 0.6485002 0.6485 0.8571429 0.8571 1.0000000 454.4790 0.5423687 4.1555 1.0000000 1.0000 0.0 1.0 0.4537620521815371 []
 | 23.5244 26.5617 47.2190 0.5764121 O=C(NC[C@H](O)c1ccc(Br)cc1)c1ccco1 1 O=C(NCCc1ccccc1)c1ccco1 0.3700000 0.3700 0.3561978 0.3562 0.6666667 0.6667 0.6438022 0.6438 1.0000000 1.0000 1.0000000 310.1470 0.5318512 2.3852 1.0000000 1.0000 0.33333333333333337 1.0 0.4828043081829324 []
 | 24.8516 27.6930 -27.6930 0.0000000 N#Cc1ccc(Br)c(OCc2cccc(C#N)c2F)c1 1 c1ccc(COc2ccccc2)cc1 0.2200000 0.2200 0.2105993 0.2106 0.3333333 0.3333 0.7894007 0.7894 1.0000000 1.0000 1.0000000 331.1440 0.5322331 2.4018 1.0000000 1.0000 0.6666666666666667 1.0 0.4142463035441596 []
 | 22.3980 29.3572 37.1158 0.5193203 COC(c1ccccc1)[C@H](NC(=O)OCc1ccccc1)C(=O)OCc1ccccc1 1 O=C(NC(Cc1ccccc1)C(=O)OCc1ccccc1)OCc1ccccc1 0.2750000 0.2750 0.4054054 0.4054 0.6666667 0.6667 0.5945946 0.5946 0.5000000 0.5000 1.0000000 419.4770 0.5407501 2.7737 1.0000000 1.0000 0.33333333333333337 1.0 0.4465142774872938 []
20:58:59 <INFO> Score: 0.45 Agent NLL: 25.22 Valid: 100% Step: 98
 | Agent Prior Target Score SMILES SMILES_state Scaffold predicted_activity predicted_activity (raw) training_similarity training_similarity (raw) taf_consistency taf_consistency (raw) novelty novelty (raw) stereo_validity stereo_validity (raw) MW_window MW_window (raw) synthetic_feasibility synthetic_feasibility (raw) curated alerts filter curated alerts filter (raw) taf_disrupted (predicted_activity) scaffold_novelty (predicted_activity) uncertainty (predicted_activity) matchting_patterns (curated alerts filter)
 | 34.0094 50.7272 10.5310 0.4785801 N#CC1=C2NCC[C@]2(C(=O)Nc2ccccc2)[C@H](c2ccccc2)/C(=C\c2ccccc2)C1 1 O=C(Nc1ccccc1)C12CCNC1=CCC(=Cc1ccccc1)C2c1ccccc1 0.2100000 0.2100 0.2326252 0.2326 0.6666667 0.6667 0.7948177 0.7948 1.0000000 1.0000 1.0000000 431.5390 0.5539019 3.6499 1.0000000 1.0000 0.33333333333333337 1.0 0.4073082370883261 []
 | 29.3739 48.5039 20.2089 0.5368188 CC[C@@H](CO)NC(=O)NCc1ccc(C#Cc2ccc3c(c2)C[C@H](O)[C@@H](CO)O3)cc1 1 C(#Cc1ccc2c(c1)CCCO2)c1ccccc1 0.2550000 0.2550 0.3468440 0.3468 0.6666667 0.6667 0.7169227 0.7169 1.0000000 1.0000 1.0000000 424.4970 0.5552461 3.5909 1.0000000 1.0000 0.33333333333333337 1.0 0.43586121644395015 []
 | 22.9186 34.9346 29.0609 0.4999652 Cc1onc(C#N)c1COc1ccc(NC(=O)c2ccc(C#N)cc2)cc1 1 O=C(Nc1ccc(OCc2cnoc2)cc1)c1ccccc1 0.2350000 0.2350 0.2683725 0.2684 0.6666667 0.6667 0.7389815 0.7390 1.0000000 1.0000 1.0000000 358.3570 0.5297592 2.2940 1.0000000 1.0000 0.33333333333333337 1.0 0.4239988207530771 []
 | 26.4645 40.1423 -40.1423 0.0000000 N#CCC[C@@H](CO)Nc1nc(N/N=C\c2ccccc2)ncc1F 1 C(=NNc1ncccn1)c1ccccc1 0.0000000 0.0000 0.0000000 0.0000 0.0000000 0.0000 0.0000000 0.0000 0.0000000 0.0000 0.0000000 0.0000 0.0000000 0.0000 0.0000000 0.0000 None None None ['[#7;!n][#7;!n]']
 | 24.0206 26.7061 35.8035 0.4883560 COc1ccc(-c2csc(NC(=O)c3cccc(C#N)c3)n2)cc1 1 O=C(Nc1nc(-c2ccccc2)cs1)c1ccccc1 0.2100000 0.2100 0.2652791 0.2653 0.6666667 0.6667 0.7979695 0.7980 1.0000000 1.0000 1.0000000 335.3880 0.5205614 1.8935 1.0000000 1.0000 0.33333333333333337 1.0 0.40730823708832603 []
 | 29.9946 35.6844 -33.9146 0.0138265 O=C(CNC(=O)[C@H](Cc1cccnc1)NC(=O)OCc1ccccc1)N[C@@H](Cc1ccccc1)C(=O)OCc1ccccc1 1 O=C(CNC(=O)C(Cc1cccnc1)NC(=O)OCc1ccccc1)NC(Cc1ccccc1)C(=O)OCc1ccccc1 0.2950000 0.2950 0.3487429 0.3487 0.6666667 0.6667 0.6512571 0.6513 1.0000000 1.0000 0.0000000 594.6680 0.5479343 3.0882 1.0000000 1.0000 0.33333333333333337 1.0 0.4560427611529428 []
 | 27.6713 40.8019 35.5556 0.5965430 N#Cc1ccccc1N[C@@H](C(=O)NC[C@@H](NC(=O)OCc1ccccc1)C(=O)O)c1ccccc1 1 O=C(NCCNC(=O)C(Nc1ccccc1)c1ccccc1)OCc1ccccc1 0.3250000 0.3250 0.3419706 0.3420 1.0000000 1.0000 0.6580294 0.6580 1.0000000 1.0000 1.0000000 472.5010 0.5462293 3.0135 1.0000000 1.0000 0.0 1.0 0.4683748498798799 []
 | 22.0194 27.8527 46.1663 0.5782731 O=C(O)C[C@H](NC(=O)OCc1ccccc1)c1ccccc1-c1ccccc1 1 O=C(NCc1ccccc1-c1ccccc1)OCc1ccccc1 0.3250000 0.3250 0.4211985 0.4212 0.6666667 0.6667 0.5788015 0.5788 1.0000000 1.0000 1.0000000 375.4240 0.5312801 2.3603 1.0000000 1.0000 0.33333333333333337 1.0 0.4683748498798799 []
 | 32.3482 45.1708 8.0719 0.4159586 N#Cc1ccccc1CN1CCN(c2cccc(C#N)c2F)C[C@H](c2ccccc2)C1 1 c1ccc(CN2CCN(c3ccccc3)CC(c3ccccc3)C2)cc1 0.2050000 0.2050 0.2072391 0.2072 0.3333333 0.3333 0.8060855 0.8061 1.0000000 1.0000 1.0000000 410.4960 0.5431152 2.8771 1.0000000 1.0000 0.6666666666666667 1.0 0.403701622488689 []
 | 20.7520 28.2162 36.4433 0.5051518 O=C(/C=C/c1ccccc1)O[C@@H](C(=O)Nc1ccccc1Cl)c1ccccc1 1 O=C(C=Cc1ccccc1)OC(C(=O)Nc1ccccc1)c1ccccc1 0.2550000 0.2550 0.2599376 0.2599 0.6666667 0.6667 0.7400624 0.7401 1.0000000 1.0000 1.0000000 391.8540 0.5314214 2.3664 1.0000000 1.0000 0.33333333333333337 1.0 0.43586121644395015 []
20:58:59 <INFO> Sampled SMILES c1cccc(c1)-n1ncc2c(n(CC(Nc3ccccc3)=O)nc(c21)C#N)C#N failed to sanitize.
20:59:03 <INFO> Score: 0.42 Agent NLL: 26.46 Valid:  98% Step: 99
 | Agent Prior Target Score SMILES SMILES_state Scaffold predicted_activity predicted_activity (raw) training_similarity training_similarity (raw) taf_consistency taf_consistency (raw) novelty novelty (raw) stereo_validity stereo_validity (raw) MW_window MW_window (raw) synthetic_feasibility synthetic_feasibility (raw) curated alerts filter curated alerts filter (raw) taf_disrupted (predicted_activity) scaffold_novelty (predicted_activity) uncertainty (predicted_activity) matchting_patterns (curated alerts filter)
 | 29.4887 34.7938 27.2106 0.4844095 CC(C)(C#N)CS(=O)(=O)N[C@@H]1CC[C@@H](c2ccccc2)C1 1 c1ccc(C2CCCC2)cc1 0.1950000 0.1950 0.2682927 0.2683 0.6666667 0.6667 0.7689267 0.7689 1.0000000 1.0000 1.0000000 306.4310 0.5523720 3.2829 1.0000000 1.0000 0.33333333333333337 1.0 0.3962007067131506 []
 | 22.9591 28.5695 33.3249 0.4835501 O=C(NCCc1ccccc1)c1cccc2c1ccn2CCc1ccccc1 1 O=C(NCCc1ccccc1)c1cccc2c1ccn2CCc1ccccc1 0.3050000 0.3050 0.3119251 0.3119 0.3333333 0.3333 0.6880749 0.6881 1.0000000 1.0000 1.0000000 368.4800 0.5200611 1.8717 1.0000000 1.0000 0.6666666666666667 1.0 0.460407428263272 []
 | 23.2045 24.6735 35.0019 0.4662142 CCc1nc(CCNC(=O)c2ccccc2)cs1 1 O=C(NCCc1cscn1)c1ccccc1 0.2900000 0.2900 0.2702702 0.2703 0.3333333 0.3333 0.7297298 0.7297 1.0000000 1.0000 1.0000000 260.3620 0.5195079 1.8476 1.0000000 1.0000 0.6666666666666667 1.0 0.4537620521815371 []
 | 24.6024 41.2323 -41.2323 0.0000000 c1cccc(c1)-n1ncc2c(n(CC(Nc3ccccc3)=O)nc(c21)C#N)C#N 0 -- 0.0000000 0.0000 0.0000000 0.0000 0.0000000 0.0000 0.0000000 0.0000 0.0000000 0.0000 0.0000000 0.0000 0.0000000 0.0000 0.0000000 0.0000 None None None None
 | 20.3130 27.4490 39.7911 0.5253131 N#Cc1ccnc(NC(=O)c2ccccc2OC(F)F)c1 1 O=C(Nc1ccccn1)c1ccccc1 0.2950000 0.2950 0.2757767 0.2758 0.6666667 0.6667 0.7242233 0.7242 1.0000000 1.0000 1.0000000 289.2410 0.5262836 2.1425 1.0000000 1.0000 0.33333333333333337 1.0 0.4560427611529428 []
 | 25.9763 31.3577 -27.7808 0.0279447 O=C(Oc1ccccc1)[C@H]1CC=CC1(c1ccccc1)c1ccccc1 1 O=C(Oc1ccccc1)C1CC=CC1(c1ccccc1)c1ccccc1 0.1950000 0.1950 0.3185591 0.3186 0.0000000 0.0000 0.7138181 0.7138 1.0000000 1.0000 1.0000000 340.4220 0.5433961 2.8894 1.0000000 1.0000 1.0 1.0 0.3962007067131506 []
 | 15.0746 24.5066 48.4154 0.5697026 O=C(CNC(=O)c1cccnc1)OCc1ccccc1 1 O=C(CNC(=O)c1cccnc1)OCc1ccccc1 0.3200000 0.3200 0.4000356 0.4000 0.6666667 0.6667 0.5999644 0.6000 1.0000000 1.0000 1.0000000 270.2880 0.5157992 1.6864 1.0000000 1.0000 0.33333333333333337 1.0 0.466476151587624 []
 | 22.0581 26.9366 33.8594 0.4749690 O=C(Nc1cccc(NC(=O)c2ccco2)c1)c1ccc2ccccc2n1 1 O=C(Nc1cccc(NC(=O)c2ccco2)c1)c1ccc2ccccc2n1 0.3050000 0.3050 0.2824229 0.2824 0.3333333 0.3333 0.7175771 0.7176 1.0000000 1.0000 1.0000000 357.3690 0.5215551 1.9367 1.0000000 1.0000 0.6666666666666667 1.0 0.460407428263272 []
 | 21.2143 29.6715 35.3504 0.5079838 C#C[C@@H](Cc1ccc(-c2ccccc2)cc1)OCc1ccccc1 1 c1ccc(COCCc2ccc(-c3ccccc3)cc2)cc1 0.3200000 0.3200 0.3838501 0.3839 0.3333333 0.3333 0.6161499 0.6161 1.0000000 1.0000 1.0000000 312.4120 0.5338203 2.4710 1.0000000 1.0000 0.6666666666666667 1.0 0.46647615158762396 []
 | 24.2744 39.8672 21.4840 0.4793061 CN(Cc1c(F)cccc1Cl)[C@@H](C#N)C(=O)NC(C#N)c1ccccc1 1 O=C(CNCc1ccccc1)NCc1ccccc1 0.2950000 0.2950 0.2372895 0.2373 0.6666667 0.6667 0.7627105 0.7627 0.5000000 0.5000 1.0000000 370.8150 0.5568788 3.4810 1.0000000 1.0000 0.33333333333333337 1.0 0.4560427611529428 []
20:59:06 <INFO> Score: 0.39 Agent NLL: 26.43 Valid: 100% Step: 100
 | Agent Prior Target Score SMILES SMILES_state Scaffold predicted_activity predicted_activity (raw) training_similarity training_similarity (raw) taf_consistency taf_consistency (raw) novelty novelty (raw) stereo_validity stereo_validity (raw) MW_window MW_window (raw) synthetic_feasibility synthetic_feasibility (raw) curated alerts filter curated alerts filter (raw) taf_disrupted (predicted_activity) scaffold_novelty (predicted_activity) uncertainty (predicted_activity) matchting_patterns (curated alerts filter)
 | 34.6151 36.6948 -32.9719 0.0290850 CCc1ccccc1-n1oc(=O)cc1OCc1ccc(OC)cc1 1 O=c1cc(OCc2ccccc2)n(-c2ccccc2)o1 0.1900000 0.1900 0.4146341 0.4146 0.0000000 0.0000 0.6148779 0.6149 1.0000000 1.0000 1.0000000 325.3640 0.5349748 2.5214 1.0000000 1.0000 1.0 1.0 0.39230090491866065 []
 | 28.8524 35.4538 37.6662 0.5712500 O=C(N[C@@H](Cc1ccccc1)C(=O)N[C@H](C(=O)O)C1CC(O)C1)OCc1ccccc1 1 O=C(NC(Cc1ccccc1)C(=O)NCC1CCC1)OCc1ccccc1 0.3050000 0.3050 0.4166216 0.4166 0.6666667 0.6667 0.5833784 0.5834 1.0000000 1.0000 1.0000000 426.4690 0.5439321 2.9129 1.0000000 1.0000 0.33333333333333337 1.0 0.460407428263272 []
 | 17.4492 27.3367 38.4589 0.5140281 O=C(Nc1ncccc1OCc1ccccc1)c1ccc(OCc2ccccc2)cc1 1 O=C(Nc1ncccc1OCc1ccccc1)c1ccc(OCc2ccccc2)cc1 0.3050000 0.3050 0.4418940 0.4419 0.3333333 0.3333 0.5581060 0.5581 1.0000000 1.0000 1.0000000 410.4730 0.5192069 1.8346 1.0000000 1.0000 0.6666666666666667 1.0 0.460407428263272 []
 | 18.5986 35.5599 26.9916 0.4886835 N#Cc1cccc(NC(=O)[C@@H](C#N)Nc2ccc(F)cc2)c1 1 O=C(CNc1ccccc1)Nc1ccccc1 0.3000000 0.3000 0.1819563 0.1820 0.6666667 0.6667 0.8180437 0.8180 1.0000000 1.0000 1.0000000 294.2890 0.5404246 2.7595 1.0000000 1.0000 0.33333333333333337 1.0 0.45825756949558394 []
 | 24.5618 26.8481 32.0667 0.4602725 O=C(Nc1ccc2ccccc2c1)c1ccc(OC[C@H]2CCCO2)cc1 1 O=C(Nc1ccc2ccccc2c1)c1ccc(OCC2CCCO2)cc1 0.2300000 0.2300 0.3205239 0.3205 0.3333333 0.3333 0.6882593 0.6883 1.0000000 1.0000 1.0000000 347.4140 0.5287699 2.2508 1.0000000 1.0000 0.6666666666666667 1.0 0.4208325082500163 []
 | 30.7810 42.9842 23.3833 0.5184957 N#Cc1ccccc1SC[C@H](Nc1cccc(S(=O)(=O)O)c1)C(=O)O 1 c1ccc(NCCSc2ccccc2)cc1 0.3100000 0.3100 0.2398006 0.2398 0.6666667 0.6667 0.7601994 0.7602 1.0000000 1.0000 1.0000000 378.4310 0.5425038 2.8504 1.0000000 1.0000 0.33333333333333337 1.0 0.462493243193887 []
 | 19.4618 23.6734 -23.5867 0.0006774 c1ccc2c(c1)Cc1ccccc1-2 1 c1ccc2c(c1)Cc1ccccc1-2 0.2100000 0.2100 0.2504351 0.2504 0.0000000 0.0000 0.7803126 0.7803 1.0000000 1.0000 0.0000000 166.2230 0.5125362 1.5446 1.0000000 1.0000 1.0 1.0 0.40730823708832603 []
 | 26.8801 39.7565 21.0290 0.4748868 N#Cc1cccc(OCCOC(=O)c2ccccc2-n2cnc(C#N)c2)c1 1 O=C(OCCOc1ccccc1)c1ccccc1-n1ccnc1 0.2000000 0.2000 0.2405557 0.2406 0.6666667 0.6667 0.7697954 0.7698 1.0000000 1.0000 1.0000000 358.3570 0.5353103 2.5361 1.0000000 1.0000 0.33333333333333337 1.0 0.4 []
 | 20.6165 25.0791 -21.3670 0.0290010 Cc1cc(C(=O)N(Cc2ccccc2)Cc2ccco2)no1 1 O=C(c1ccon1)N(Cc1ccccc1)Cc1ccco1 0.2500000 0.2500 0.3059036 0.3059 0.0000000 0.0000 0.6955922 0.6956 1.0000000 1.0000 1.0000000 296.3260 0.5249776 2.0857 1.0000000 1.0000 1.0 1.0 0.4330127018922193 []
 | 26.0783 28.4389 34.9932 0.4955629 C[C@@H](COCc1ccccc1)NS(=O)(=O)CCc1ccccc1 1 O=S(=O)(CCc1ccccc1)NCCOCc1ccccc1 0.2800000 0.2800 0.3890390 0.3890 0.3333333 0.3333 0.6109610 0.6110 1.0000000 1.0000 1.0000000 333.4530 0.5317094 2.3790 1.0000000 1.0000 0.6666666666666667 1.0 0.44899888641287294 []
20:59:07 <WARN> Maximum number of steps of 100 reached in stage 1. Terminating all stages.
20:59:07 <INFO> Peak main memory usage: 2080.398 MiB
20:59:07 <INFO> Peak reserved GPU memory usage: 1302.000 MiB
20:59:07 <INFO> Finished REINVENT on 2026-09-14
