20:59:13 <INFO> Started REINVENT 4.8.24 (C) AstraZeneca 2017, 2023 on 2026-09-14
20:59:13 <INFO> Command line: /cluster/home/nbhatt04/Low-data-alpah9alpah10-r01-ligand-based/project/venvs/reinvent312/bin/reinvent /cluster/home/nbhatt04/Low-data-alpah9alpah10-r01-ligand-based/project/reinvent/configs/scaffold_hopping_staged_learning.toml
20:59:13 <INFO> Reading run configuration from /cluster/home/nbhatt04/Low-data-alpah9alpah10-r01-ligand-based/project/reinvent/configs/scaffold_hopping_staged_learning.toml using format toml
20:59:13 <INFO> User nbhatt04 on host pax063
20:59:13 <INFO> Python version 3.11.16
20:59:13 <INFO> PyTorch version 2.12.0+cu126 git 7661cd9c6b841b62b7f411aa52ec51f05457263b
20:59:13 <INFO> PyTorch compiled with CUDA version 12.6
20:59:13 <INFO> RDKit version 2026.03.6
20:59:13 <INFO> Platform Linux-5.14.0-570.60.1+21.1.el9_6_ciq.x86_64-x86_64-with-glibc2.34
20:59:14 <INFO> CUDA driver version 575.57.08
20:59:14 <INFO> Number of PyTorch CUDA devices 1
20:59:14 <INFO> Using GPU device:0 NVIDIA H100 PCIe
20:59:14 <INFO> GPU memory: 80622 MiB free, 81079 MiB total
20:59:14 <INFO> Writing TensorBoard summary to /cluster/home/nbhatt04/Low-data-alpah9alpah10-r01-ligand-based/project/reinvent/out/scaffold_hopping/tb_logs
20:59:14 <INFO> Writing JSON config file to /cluster/home/nbhatt04/Low-data-alpah9alpah10-r01-ligand-based/project/reinvent/out/scaffold_hopping/_scaffold_hopping.json
20:59:14 <INFO> Starting 1 stage of Reinforcement Learning
20:59:14 <ERRO> /cluster/home/nbhatt04/Low-data-alpah9alpah10-r01-ligand-based/project/priors/reinvent_pubchem.prior has invalid hash:
{ 'comments': ['test small batch size', 'TL'],
  'creation_date': 1741157561.98086,
  'date_format': 'UNIX epoch',
  'hash_id': 'cb6c8ae795fefcc07c366041382b353d',
  'hash_id_format': 'xxhash.xxh3_128_hex 3.4.1',
  'model_id': UUID('4178afaa-e86f-4baf-a5e1-2c324c401e7f'),
  'model_id_format': 'uuid.uuid4 3.10.16',
  'origina_data_source': 'PubChem 2024-06-03',
  'updates': [1741606576.2719467]}
20:59:14 <INFO> Number of network parameters: 5,880,195
20:59:14 <INFO> Network architecture:
RNN(
  (_embedding): Embedding(131, 256)
  (_rnn): LSTM(256, 512, num_layers=3, batch_first=True)
  (_linear): Linear(in_features=512, out_features=131, bias=True)
)
20:59:14 <ERRO> /cluster/home/nbhatt04/Low-data-alpah9alpah10-r01-ligand-based/project/priors/reinvent_pubchem.prior has invalid hash:
{ 'comments': ['test small batch size', 'TL'],
  'creation_date': 1741157561.98086,
  'date_format': 'UNIX epoch',
  'hash_id': 'cb6c8ae795fefcc07c366041382b353d',
  'hash_id_format': 'xxhash.xxh3_128_hex 3.4.1',
  'model_id': UUID('4178afaa-e86f-4baf-a5e1-2c324c401e7f'),
  'model_id_format': 'uuid.uuid4 3.10.16',
  'origina_data_source': 'PubChem 2024-06-03',
  'updates': [1741606576.2719467]}
20:59:14 <INFO> Number of network parameters: 5,880,195
20:59:14 <INFO> Network architecture:
RNN(
  (_embedding): Embedding(131, 256)
  (_rnn): LSTM(256, 512, num_layers=3, batch_first=True)
  (_linear): Linear(in_features=512, out_features=131, bias=True)
)
20:59:14 <INFO> Using generator Reinvent
20:59:14 <INFO> Prior read from /cluster/home/nbhatt04/Low-data-alpah9alpah10-r01-ligand-based/project/priors/reinvent_pubchem.prior
20:59:14 <INFO> Agent read from /cluster/home/nbhatt04/Low-data-alpah9alpah10-r01-ligand-based/project/priors/reinvent_pubchem.prior
20:59:14 <INFO> Using reward strategy dap
20:59:14 <INFO> Using diversity filter IdenticalTopologicalScaffold
20:59:14 <INFO> Diversity filter memories are retained between stages
20:59:14 <WARN> Inception disabled but may speed up convergence
20:59:14 <ERRO> Component reinvent_plugins.components.OpenEye.comp_rocs could not be imported: No module named 'openeye'
20:59:14 <INFO> Registered scoring component GroupCount
20:59:14 <INFO> Registered scoring component FragmentQed
20:59:14 <INFO> Registered scoring component FragmentSlogP
20:59:14 <INFO> Registered scoring component FragmentMolecularWeight
20:59:14 <INFO> Registered scoring component FragmentTPSA
20:59:14 <INFO> Registered scoring component FragmentDistanceMatrix
20:59:14 <INFO> Registered scoring component FragmentNumAtomStereoCenters
20:59:14 <INFO> Registered scoring component FragmentHBondAcceptors
20:59:14 <INFO> Registered scoring component FragmentHBondDonors
20:59:14 <INFO> Registered scoring component FragmentNumRotBond
20:59:14 <INFO> Registered scoring component FragmentCsp3
20:59:14 <INFO> Registered scoring component Fragmentnumsp
20:59:14 <INFO> Registered scoring component Fragmentnumsp2
20:59:14 <INFO> Registered scoring component Fragmentnumsp3
20:59:14 <INFO> Registered scoring component FragmentEffectiveLength
20:59:14 <INFO> Registered scoring component FragmentGraphLength
20:59:14 <INFO> Registered scoring component FragmentLengthRatio
20:59:14 <INFO> Registered scoring component FragmentNumHeavyAtoms
20:59:14 <INFO> Registered scoring component FragmentNumHeteroAtoms
20:59:14 <INFO> Registered scoring component FragmentNumRings
20:59:14 <INFO> Registered scoring component FragmentNumAromaticRings
20:59:14 <INFO> Registered scoring component FragmentNumAliphaticRings
20:59:14 <INFO> Registered scoring component FragmentSlogP
20:59:14 <INFO> Registered scoring component MatchingSubstructure
20:59:14 <INFO> Registered scoring component MolVolume
20:59:14 <INFO> Registered scoring component Qed
20:59:14 <INFO> Registered scoring component LargestRingSize
20:59:14 <INFO> Registered scoring component MolecularWeight
20:59:14 <INFO> Registered scoring component GraphLength
20:59:14 <INFO> Registered scoring component NumAtomStereoCenters
20:59:14 <INFO> Registered scoring component HBondAcceptors
20:59:14 <INFO> Registered scoring component HBondDonors
20:59:14 <INFO> Registered scoring component NumRotBond
20:59:14 <INFO> Registered scoring component Csp3
20:59:14 <INFO> Registered scoring component numsp
20:59:14 <INFO> Registered scoring component numsp2
20:59:14 <INFO> Registered scoring component numsp3
20:59:14 <INFO> Registered scoring component NumHeavyAtoms
20:59:14 <INFO> Registered scoring component NumHeteroAtoms
20:59:14 <INFO> Registered scoring component NumRings
20:59:14 <INFO> Registered scoring component NumAromaticRings
20:59:14 <INFO> Registered scoring component NumAliphaticRings
20:59:14 <INFO> Registered scoring component SlogP
20:59:14 <INFO> Registered scoring component LargestRingSize
20:59:14 <INFO> Registered scoring component PMI
20:59:14 <INFO> Registered scoring component RDKitDescriptors
20:59:14 <INFO> Registered scoring component TanimotoSimilarity
20:59:14 <INFO> Registered scoring component TanimotoDistance
20:59:14 <INFO> Registered scoring component TPSA
20:59:14 <INFO> Registered scoring component SAScore
20:59:14 <ERRO> Component reinvent_plugins.components.comp_chemprop could not be imported: No module named 'chemprop'
20:59:14 <ERRO> Component reinvent_plugins.components.comp_chemprop2 could not be imported: No module named 'chemprop'
20:59:14 <INFO> Registered scoring component CustomAlerts
20:59:14 <INFO> Registered scoring component DockStream
20:59:14 <INFO> Registered scoring component ExternalProcess
20:59:14 <INFO> Registered scoring component REST
20:59:14 <INFO> Registered scoring component Icolos
20:59:14 <INFO> Registered scoring component MMP
20:59:14 <INFO> Registered scoring component Qptuna
20:59:14 <INFO> Registered scoring component ReactionFilter
20:59:14 <INFO> Registered scoring component RingPrecedence
20:59:14 <INFO> Registered scoring component Maize
20:59:14 <INFO> Registered scoring component SynthSense
20:59:14 <INFO> Registered scoring component CAZP
20:59:14 <INFO> Creating scoring component ExternalProcess
20:59:14 <INFO> Creating scoring component MolecularWeight
20:59:14 <INFO> Creating scoring component SAScore
20:59:14 <INFO> Creating filter component custom_alerts
20:59:14 <INFO> Writing tabular data for stage to scaffold_hopping_1.csv
20:59:14 <INFO> Starting stage 1 <<<
20:59:15 <INFO> Sampled SMILES CC(C)(C1Cc2c(n(C)c3c(n2)cccn3)C=1)C failed to sanitize.
20:59:18 <INFO> Score: 0.25 Agent NLL: 34.84 Valid:  97% Step: 1
 | Agent Prior Target Score SMILES SMILES_state Scaffold predicted_activity predicted_activity (raw) training_similarity training_similarity (raw) taf_consistency taf_consistency (raw) scaffold_novelty scaffold_novelty (raw) novelty novelty (raw) stereo_validity stereo_validity (raw) MW_window MW_window (raw) synthetic_feasibility synthetic_feasibility (raw) curated alerts filter curated alerts filter (raw) taf_disrupted (predicted_activity) uncertainty (predicted_activity) matchting_patterns (curated alerts filter)
 | 26.0305 26.0305 43.1273 0.5402954 CCCOc1ccc(NC(=O)c2cc3ccccc3[nH]2)cc1 1 CC(CC1CCCCC1)C1CC2CCCCC2C1 0.2400000 0.2400 0.3818813 0.3819 0.3333333 0.3333 1.0000000 1.0000 0.6181187 0.6181 1.0000000 1.0000 1.0000000 294.3540 0.5178151 1.7740 1.0000000 1.0000 0.6666666666666667 0.4270831300812525 []
 | 42.7747 42.7747 -17.8536 0.1946964 CC(C)C(=O)N1CC(NC(=O)C2CCC3CCCCC3N2)CC1C(=O)NC1CC1 1 CC(CC1CC1)C1CCC(CC(C)C2CCC3CCCCC3C2)C1 0.1700000 0.1700 0.2174427 0.2174 0.3333333 0.3333 1.0000000 1.0000 0.8195013 0.8195 0.0000000 0.0000 1.0000000 404.5550 0.5479987 3.9090 1.0000000 1.0000 0.6666666666666667 0.375632799419859 []
 | 28.5056 28.5056 38.4064 0.5227496 CCOc1ccc(NC(=O)CSc2cccc(NC(=O)c3cccc(C)c3)c2)cc1 1 CC(CCC1CCCC(CC(C)C2CCCCC2)C1)CC1CCCCC1 0.2200000 0.2200 0.2868548 0.2869 0.3333333 0.3333 1.0000000 1.0000 0.7500000 0.7500 1.0000000 1.0000 1.0000000 420.5340 0.5196847 1.8553 1.0000000 1.0000 0.6666666666666667 0.41424630354415964 []
 | 24.9120 24.9120 36.6601 0.4810326 C[C@H]1[C@H](C)CCC[C@H]1NC1CCOCC1 1 C1CCC(CC2CCCCC2)CC1 0.1700000 0.1700 0.1908854 0.1909 0.3333333 0.3333 1.0000000 1.0000 0.8209713 0.8210 1.0000000 1.0000 1.0000000 211.3490 0.5522818 3.2789 1.0000000 1.0000 0.6666666666666667 0.375632799419859 []
 | 26.2861 26.2861 38.7932 0.5084322 CC(C)c1ccc(NC(=O)C(=O)Nc2ccc(C(C)(C)C)cc2)cc1 1 CC(CC1CCCCC1)C(C)CC1CCCCC1 0.2300000 0.2300 0.2068966 0.2069 0.3333333 0.3333 1.0000000 1.0000 0.8168312 0.8168 1.0000000 1.0000 1.0000000 338.4510 0.5187657 1.8154 1.0000000 1.0000 0.6666666666666667 0.4208325082500163 []
 | 32.8147 32.8147 -3.5329 0.2287644 COc1ccccc1CNC(=O)C(C)OC(=O)CCC(=O)c1cc(C)c(OC)c(C)c1 1 CC(CCC(C)CCC(C)C1CCCCC1)CCC1CCCCC1 0.2150000 0.2150 0.2888741 0.2889 0.6666667 0.6667 1.0000000 1.0000 0.7675047 0.7675 0.0000000 0.0000 1.0000000 427.4970 0.5374013 2.6274 1.0000000 1.0000 0.33333333333333337 0.41082234603292944 []
 | 50.8512 50.8512 -27.7554 0.1804362 Cc1ncc(OCC2CCN(c3nc4c(c(NCC5COCCO5)n3)CCC(C)C4)C2)cn1 1 C1CCC(CCC2CCC(C3CC4CCCCC4C(CCC4CCCCC4)C3)C2)CC1 0.0950000 0.0950 0.2530122 0.2530 0.3333333 0.3333 1.0000000 1.0000 0.8269871 0.8270 0.0000000 0.0000 1.0000000 454.5750 0.5467715 3.9628 1.0000000 1.0000 0.6666666666666667 0.29321493822791495 []
 | 42.8964 42.8964 -40.4471 0.0191352 Cc1nc(S(=O)(=O)N2CCC(Cc3ccc(F)cc3)C2)c(C)n1Cc1nccs1 1 CC(C)(C1CCC(CC2CCCCC2)C1)C1CCC(CC2CCCC2)C1 0.1650000 0.1650 0.2068572 0.2069 0.0000000 0.0000 1.0000000 1.0000 0.8257986 0.8258 0.0000000 0.0000 1.0000000 434.5620 0.5516975 3.2532 1.0000000 1.0000 1.0 0.37118054905934933 []
 | 33.1770 33.1770 -33.1770 0.0000000 Cc1oc2ccccc2c1CC(=O)NNC(=O)C1CC=CC1 1 CC(CCC(C)C1CCCC1)CC1CCC2CCCCC21 0.0000000 0.0000 0.0000000 0.0000 0.0000000 0.0000 0.0000000 0.0000 0.0000000 0.0000 0.0000000 0.0000 0.0000000 0.0000 0.0000000 0.0000 0.0000000 0.0000 None None ['[#7;!n][#7;!n]']
 | 29.5197 29.5197 -23.5431 0.0466918 CCCCCCCC(=NOC)B(O)O 1  0.1100000 0.1100 0.2980198 0.2980 0.0000000 0.0000 1.0000000 1.0000 0.7474093 0.7474 1.0000000 1.0000 1.0000000 201.0750 0.5508559 3.2163 1.0000000 1.0000 1.0 0.31288975694324034 []
20:59:22 <INFO> Score: 0.22 Agent NLL: 37.67 Valid: 100% Step: 2
 | Agent Prior Target Score SMILES SMILES_state Scaffold predicted_activity predicted_activity (raw) training_similarity training_similarity (raw) taf_consistency taf_consistency (raw) scaffold_novelty scaffold_novelty (raw) novelty novelty (raw) stereo_validity stereo_validity (raw) MW_window MW_window (raw) synthetic_feasibility synthetic_feasibility (raw) curated alerts filter curated alerts filter (raw) taf_disrupted (predicted_activity) uncertainty (predicted_activity) matchting_patterns (curated alerts filter)
 | 28.9335 28.8677 -22.6354 0.0486902 COc1ccc2[nH]cc(C(=O)CN3CCCCCC3=O)c2c1 1 CC1CCCCCC1CC(C)C1CCC2CCCCC21 0.1500000 0.1500 0.2680281 0.2680 0.0000000 0.0000 1.0000000 1.0000 0.8101684 0.8102 1.0000000 1.0000 1.0000000 300.3580 0.5269107 2.1698 1.0000000 1.0000 1.0 0.3570714214271425 []
 | 26.1096 26.0812 48.7372 0.5845188 Cc1cc(C)c(NC(=O)CNC(=O)COC(=O)Cc2ccccc2)c(C)c1 1 CC(CCC(C)CC1CCCCC1)CCC(C)CC1CCCCC1 0.2450000 0.2450 0.3059036 0.3059 0.6666667 0.6667 1.0000000 1.0000 0.6955922 0.6956 1.0000000 1.0000 1.0000000 368.4330 0.5214769 1.9333 1.0000000 1.0000 0.33333333333333337 0.4300872004605578 []
 | 27.5815 27.8070 38.8641 0.5208678 Cc1ccccc1C(=O)C(Cl)(Cl)Br 1 C1CCCCC1 0.2350000 0.2350 0.2490291 0.2490 0.3333333 0.3333 1.0000000 1.0000 0.7650954 0.7651 1.0000000 1.0000 1.0000000 281.9640 0.5339860 2.4783 1.0000000 1.0000 0.6666666666666667 0.4239988207530771 []
 | 33.9459 33.9871 -33.8699 0.0009157 c1ccc(-c2ccc3c(c2)C2(c4ccccc4-3)c3ccccc3-c3ccc(-c4cccc(-c5cc(-c6ccccc6)nc(-c6ccccc6)n5)c4)cc32)cc1 1 C1CCC(C2CC(C3CCCCC3)CC(C3CCCC(C4CCC5C6CCCCC6C6(C7CCCCC7C7CCC(C8CCCCC8)CC76)C5C4)C3)C2)CC1 0.2150000 0.2150 0.1847873 0.1848 0.0000000 0.0000 1.0000000 1.0000 0.8332690 0.8333 0.0000000 0.0000 0.0000000 698.8690 0.5553833 3.4152 1.0000000 1.0000 1.0 0.41082234603292944 []
 | 77.4689 77.2978 -76.2303 0.0083400 CCC(CC)N1CCN(C(=O)OC2CCCC23CCC2C3CCC3(CC4=CCCCC4)C(c4ccc(SC)cc4)C(=NC)CC23)CC1 1 CC(CC1CCCC12CCC1C2CCC2(CC3CCCCC3)C1CC(C)C2C1CCCCC1)C1CCCCC1 0.1200000 0.1200 0.1920683 0.1921 0.3333333 0.3333 1.0000000 1.0000 0.8221219 0.8221 0.0000000 0.0000 0.0000000 660.0250 0.5100125 5.5651 1.0000000 1.0000 0.6666666666666667 0.3249615361854384 []
 | 25.8182 25.7913 39.7983 0.5124187 CC(=O)NCc1ccc(NC(=O)C2(C)CCNCC2)cc1 1 CC(CC1CCCCC1)C1CCCCC1 0.1850000 0.1850 0.3008473 0.3008 0.3333333 0.3333 1.0000000 1.0000 0.7598799 0.7599 1.0000000 1.0000 1.0000000 289.3790 0.5275967 2.1997 1.0000000 1.0000 0.6666666666666667 0.38829756630707846 []
 | 25.5563 25.3918 1.5823 0.2107346 CCC(C)CNC(=O)c1csc(CCN)n1 1 C1CCCC1 0.2600000 0.2600 0.2435994 0.2436 0.3333333 0.3333 1.0000000 1.0000 0.7735446 0.7735 0.0000000 0.0000 1.0000000 241.3600 0.5412685 2.7964 1.0000000 1.0000 0.6666666666666667 0.4386342439892262 []
 | 31.3491 30.9607 -24.8622 0.0476448 Cc1cc(C)c2c(c1)c(C=O)cn2CC(=O)N1CCC(C)CC1 1 CC(CC1CCC2CCCCC21)C1CCCCC1 0.1650000 0.1650 0.1959624 0.1960 0.0000000 0.0000 1.0000000 1.0000 0.8348554 0.8349 1.0000000 1.0000 1.0000000 312.4130 0.5343230 2.4930 1.0000000 1.0000 1.0 0.3711805490593493 []
 | 40.0618 40.1106 -39.9936 0.0009142 C1=CC2CN(c3ccc(-c4ccc(N(c5ccc(-c6ccccc6)cc5)c5cc6ccccc6c6ccccc56)cc4)cc3)c3ccccc3C2C=C1 1 C1CCC(C2CCC(C(C3CCC(C4CCC(C5CC6CCCCC6C6CCCCC56)CC4)CC3)C3CC4CCCCC4C4CCCCC43)CC2)CC1 0.2250000 0.2250 0.1716169 0.1716 0.0000000 0.0000 1.0000000 1.0000 0.8419264 0.8419 0.0000000 0.0000 0.0000000 678.8790 0.5524811 3.7123 1.0000000 1.0000 1.0 0.41758232721225164 []
 | 32.3105 32.5134 -6.2230 0.2053933 CC(C(=O)NC1CCCCc2ccccc21)C1OCCO1 1 CC(CC1CCCC1)CC1CCCCC2CCCCC21 0.2150000 0.2150 0.2588415 0.2588 0.3333333 0.3333 1.0000000 1.0000 0.7463269 0.7463 0.0000000 0.0000 1.0000000 289.3750 0.5510421 3.2245 1.0000000 1.0000 0.6666666666666667 0.41082234603292944 []
20:59:22 <INFO> Sampled SMILES n1c(c(NC(=O)N(C)[C@H]([C@H]2OCCN(C(=O)C3CC3)C2)C)c(C)c1C)C failed to sanitize.
20:59:22 <INFO> Sampled SMILES c1ccc2c(CCn3c(n(O)c(C(NCCN4CCOCC4)=O)c-23)CCCC(O)=O)c1 failed to sanitize.
20:59:26 <INFO> Score: 0.31 Agent NLL: 36.38 Valid:  94% Step: 3
 | Agent Prior Target Score SMILES SMILES_state Scaffold predicted_activity predicted_activity (raw) training_similarity training_similarity (raw) taf_consistency taf_consistency (raw) scaffold_novelty scaffold_novelty (raw) novelty novelty (raw) stereo_validity stereo_validity (raw) MW_window MW_window (raw) synthetic_feasibility synthetic_feasibility (raw) curated alerts filter curated alerts filter (raw) taf_disrupted (predicted_activity) uncertainty (predicted_activity) matchting_patterns (curated alerts filter)
 | 36.7372 37.3160 29.4626 0.5217079 COc1cccc(-n2ncc3c(=O)n(CCc4ccccc4)c(C(N)=O)cc32)c1 1 CC1C(CCC2CCCCC2)CCC2C(C3CCCCC3)CCC12 0.2200000 0.2200 0.2908343 0.2908 0.3333333 0.3333 1.0000000 1.0000 0.7091657 0.7092 1.0000000 1.0000 1.0000000 388.4270 0.5308198 2.3402 1.0000000 1.0000 0.6666666666666667 0.4142463035441596 []
 | 28.8664 28.7711 -2.4062 0.2059755 CCOC(=O)C(C)Cc1ccc2oc(C)nc2c1 1 C1CCC2CCCC2C1 0.2150000 0.2150 0.2706660 0.2707 0.3333333 0.3333 1.0000000 1.0000 0.7367509 0.7368 0.0000000 0.0000 1.0000000 247.2940 0.5390469 2.6992 1.0000000 1.0000 0.6666666666666667 0.41082234603292944 []
 | 29.4399 29.7974 45.4670 0.5880035 O=C(Nc1ccc(Cl)cc1Br)N(Cc1ccccc1)CC(F)(F)F 1 CC(CCC1CCCCC1)CC1CCCCC1 0.2700000 0.2700 0.2726249 0.2726 0.6666667 0.6667 1.0000000 1.0000 0.7273751 0.7274 1.0000000 1.0000 1.0000000 421.6440 0.5254874 2.1079 1.0000000 1.0000 0.33333333333333337 0.4439594576084623 []
 | 29.5858 29.4675 -23.4181 0.0472609 CC(C)ON1CCc2cc(Cl)sc2C1 1 C1CCC2CCCC2C1 0.1750000 0.1750 0.1616271 0.1616 0.0000000 0.0000 1.0000000 1.0000 0.8769085 0.8769 1.0000000 1.0000 1.0000000 231.7480 0.5530732 3.3137 1.0000000 1.0000 1.0 0.3799671038392666 []
 | 22.2691 22.0290 -21.7406 0.0022528 CCCS(=O)(=O)CC(=O)O 1  0.1650000 0.1650 0.2433321 0.2433 0.0000000 0.0000 1.0000000 1.0000 0.7566679 0.7567 1.0000000 1.0000 0.0000000 166.1980 0.5309947 2.3478 1.0000000 1.0000 1.0 0.37118054905934933 []
 | 35.5078 35.7741 -33.2355 0.0198321 O=Cc1cccc(C(=O)N2CCCC(C3CCCS3)C2)c1 1 CC(C1CCCCC1)C1CCCC(C2CCCC2)C1 0.2100000 0.2100 0.1993779 0.1994 0.0000000 0.0000 1.0000000 1.0000 0.8303248 0.8303 0.0000000 0.0000 1.0000000 303.4270 0.5513200 3.2367 1.0000000 1.0000 1.0 0.4073082370883261 []
 | 26.6459 26.9608 45.9456 0.5695810 COC(=O)c1ccc(NS(=O)(=O)c2ccc(CC(C)C)cc2)cc1 1 CC(C)(CC1CCCCC1)C1CCCCC1 0.2200000 0.2200 0.2711139 0.2711 0.6666667 0.6667 1.0000000 1.0000 0.7599787 0.7600 1.0000000 1.0000 1.0000000 347.4360 0.5170859 1.7423 1.0000000 1.0000 0.33333333333333337 0.4142463035441596 []
 | 25.5506 25.5723 34.7425 0.4712095 CCCc1nc(Cl)cc(NCC2(SC)CC2)n1 1 C1CCC(CCC2CC2)CC1 0.1400000 0.1400 0.2026778 0.2027 0.3333333 0.3333 1.0000000 1.0000 0.8566152 0.8566 1.0000000 1.0000 1.0000000 271.8170 0.5488756 3.1294 1.0000000 1.0000 0.6666666666666667 0.34698703145794946 []
 | 34.9352 34.8656 28.5425 0.4953757 CCOC(=O)Cn1ccsc1=NC(=O)CSc1nnc(-c2cccc(C)c2)n1C 1 CC(CCC1CCC(C2CCCCC2)C1)CC1CCCC1 0.2000000 0.2000 0.1980535 0.1981 0.3333333 0.3333 1.0000000 1.0000 0.8158851 0.8159 1.0000000 1.0000 1.0000000 431.5430 0.5391924 2.7056 1.0000000 1.0000 0.6666666666666667 0.4000000000000001 []
 | 28.3847 28.9670 -22.2223 0.0526929 CC[C@H](C)c1cccc(OC(=O)c2cccs2)c1 1 CC(CC1CCCCC1)C1CCCC1 0.2500000 0.2500 0.2706660 0.2707 0.0000000 0.0000 1.0000000 1.0000 0.7452376 0.7452 1.0000000 1.0000 1.0000000 260.3580 0.5327173 2.4229 1.0000000 1.0000 1.0 0.4330127018922193 []
20:59:27 <INFO> Sampled SMILES n1c(CCC)nc2NC3c4c(C(C=C3)=O)c3c(cc4NC(C)(C)C(c3c2c1)(C)C)C(=O)C1OC(C2OC(C)CC(O)C2)C(C1)O failed to sanitize.
20:59:27 <INFO> Sampled SMILES O=C(Cc1c(oc2ccccc21)C)C(=C1SCCCS1)c1/c(=N/S(=O)(=O)C(C(F)(F)C(C(C(F)(F)F)(F)F)(F)F)(F)F)scc1 failed to sanitize.
20:59:30 <INFO> Score: 0.26 Agent NLL: 37.12 Valid:  97% Step: 4
 | Agent Prior Target Score SMILES SMILES_state Scaffold predicted_activity predicted_activity (raw) training_similarity training_similarity (raw) taf_consistency taf_consistency (raw) scaffold_novelty scaffold_novelty (raw) novelty novelty (raw) stereo_validity stereo_validity (raw) MW_window MW_window (raw) synthetic_feasibility synthetic_feasibility (raw) curated alerts filter curated alerts filter (raw) taf_disrupted (predicted_activity) uncertainty (predicted_activity) matchting_patterns (curated alerts filter)
 | 23.9845 24.2559 -21.4195 0.0221591 O=C(O)C(Cc1ccccc1)N1C(=O)CCC1=O 1 CC1CCC(C)C1CCC1CCCCC1 0.2900000 0.2900 0.3968656 0.3969 0.0000000 0.0000 1.0000000 1.0000 0.6031344 0.6031 0.0000000 0.0000 1.0000000 247.2500 0.5339489 2.4767 1.0000000 1.0000 1.0 0.4537620521815371 []
 | 28.0983 29.4815 34.8474 0.5025694 Cc1ccc(NC(=O)CN(C)c2ccc(C(N)=S)cc2)cc1 1 CC(CCC1CCCCC1)CC1CCCCC1 0.2350000 0.2350 0.1807426 0.1807 0.3333333 0.3333 1.0000000 1.0000 0.8377786 0.8378 1.0000000 1.0000 1.0000000 313.4260 0.5206659 1.8980 1.0000000 1.0000 0.6666666666666667 0.4239988207530771 []
 | 51.8096 51.6370 11.3706 0.4922471 CCCCC[C@H](C)C1CC[C@H]2[C@H]3C=C(OC(=O)CCCN(C)C)C4CC(O)CC[C@]4(C)[C@H]3CC[C@]12C 1 C1CCC2C(C1)CCC1C3CCCC3CCC21 0.0950000 0.0950 0.2999400 0.2999 0.6666667 0.6667 1.0000000 1.0000 0.7510267 0.7510 0.6666667 0.6667 1.0000000 501.7960 0.5297977 4.7044 1.0000000 1.0000 0.33333333333333337 0.293214938227915 []
 | 45.6271 45.1028 -45.1028 0.0000000 CC(C)Oc1ccc(-c2ccc(N3C(C(C)(C)C)=NN=C4CCNCC43)nc2)cn1 1 C1CCC(C2CCC(C3CCCC4CCCCC43)CC2)CC1 0.0000000 0.0000 0.0000000 0.0000 0.0000000 0.0000 0.0000000 0.0000 0.0000000 0.0000 0.0000000 0.0000 0.0000000 0.0000 0.0000000 0.0000 0.0000000 0.0000 None None ['[#7;!n][#7;!n]']
 | 30.1255 29.7525 34.1261 0.4990518 CNC1=Nc2ncccc2-c2cccc1c2 1 C1CCC2C(C1)CCC1CCCC2C1 0.2000000 0.2000 0.1995931 0.1996 0.3333333 0.3333 1.0000000 1.0000 0.8499250 0.8499 1.0000000 1.0000 1.0000000 209.2520 0.5541049 3.3590 1.0000000 1.0000 0.6666666666666667 0.4000000000000001 []
 | 29.2172 28.6214 -4.7735 0.1863115 CC(CCN(C)Cc1cscn1)CNC(C)C 1 C1CCCC1 0.1550000 0.1550 0.1743715 0.1744 0.3333333 0.3333 1.0000000 1.0000 0.8256285 0.8256 0.0000000 0.0000 1.0000000 255.4310 0.5484075 3.1089 1.0000000 1.0000 0.6666666666666667 0.36190468358395134 []
 | 27.1245 27.2423 -1.6878 0.1996446 O=C(COC1CCOC2(CCC2)C1)NCCOc1ccccc1 1 CC(CCCCC1CCCCC1)CCC1CCCC2(CCC2)C1 0.1450000 0.1450 0.3703537 0.3704 0.3333333 0.3333 1.0000000 1.0000 0.6712020 0.6712 0.0000000 0.0000 1.0000000 319.4010 0.5517447 3.2553 1.0000000 1.0000 0.6666666666666667 0.352100837829165 []
 | 41.9269 41.9186 -35.5473 0.0497755 O=c1ncc2cn(-c3ccc4nccnc4c3)nc(-c3ccccc3)c-2n1 1 CC1CCC2CC(C3CCC4CCCCC4C3)CC(C3CCCCC3)C2C1 0.2000000 0.2000 0.2256355 0.2256 0.0000000 0.0000 1.0000000 1.0000 0.7743645 0.7744 1.0000000 1.0000 1.0000000 352.3570 0.5369549 2.6079 1.0000000 1.0000 1.0 0.4 []
 | 29.8002 29.8264 -23.1608 0.0520751 O=C(c1ccc2ccccc2c1O)N1C[C@H]2CC=CC[C@H]2C1 1 CC(C1CCC2CCCCC2C1)C1CC2CCCCC2C1 0.2400000 0.2400 0.2541643 0.2542 0.0000000 0.0000 1.0000000 1.0000 0.7534015 0.7534 1.0000000 1.0000 1.0000000 293.3660 0.5476738 3.0768 1.0000000 1.0000 1.0 0.4270831300812525 []
 | 33.8691 33.6557 -27.6131 0.0472079 C[C@@H]1CN(CC2CCOCC2)[C@H](C)CN1CCOc1ccc(Cl)cc1 1 C1CCC(CCCC2CCC(CC3CCCCC3)CC2)CC1 0.1200000 0.1200 0.2891776 0.2892 0.0000000 0.0000 1.0000000 1.0000 0.7545049 0.7545 1.0000000 1.0000 1.0000000 366.9330 0.5479693 3.0897 1.0000000 1.0000 1.0 0.3249615361854384 []
20:59:34 <INFO> Score: 0.27 Agent NLL: 35.85 Valid: 100% Step: 5
 | Agent Prior Target Score SMILES SMILES_state Scaffold predicted_activity predicted_activity (raw) training_similarity training_similarity (raw) taf_consistency taf_consistency (raw) scaffold_novelty scaffold_novelty (raw) novelty novelty (raw) stereo_validity stereo_validity (raw) MW_window MW_window (raw) synthetic_feasibility synthetic_feasibility (raw) curated alerts filter curated alerts filter (raw) taf_disrupted (predicted_activity) uncertainty (predicted_activity) matchting_patterns (curated alerts filter)
 | 38.6554 39.0577 -33.2857 0.0450939 Cc1nnc(-n2cnnc2C2CC(Oc3ccncc3)C2)s1 1 C1CCC(CC2CC(C3CCCC3C3CCCC3)C2)CC1 0.1300000 0.1300 0.1667139 0.1667 0.0000000 0.0000 1.0000000 1.0000 0.8746469 0.8746 1.0000000 1.0000 1.0000000 314.3740 0.5447159 2.9472 1.0000000 1.0000 1.0 0.33630343441600474 []
 | 33.0885 33.2509 -5.2791 0.2185295 CC(=O)NC(CCSC(N)c1ccccc1Cl)C(=O)O 1 C1CCCCC1 0.3100000 0.3100 0.2619790 0.2620 0.3333333 0.3333 1.0000000 1.0000 0.7432519 0.7433 0.0000000 0.0000 1.0000000 316.8100 0.5497980 3.1699 1.0000000 1.0000 0.6666666666666667 0.462493243193887 []
 | 44.6248 45.0910 -42.3684 0.0212700 CCC(C)(CC(C(=O)O)c1cn(-c2ccccc2)c(=O)[nH]c1=O)c1ccc(F)cc1 1 CC1CC(C)C(C2CCCCC2)CC1CCCC1CCCCC1 0.2650000 0.2650 0.2789943 0.2790 0.0000000 0.0000 1.0000000 1.0000 0.7210057 0.7210 0.0000000 0.0000 1.0000000 410.4450 0.5549436 3.3958 1.0000000 1.0000 1.0 0.4413332074521472 []
 | 49.7390 48.4908 -45.9344 0.0199724 Cc1ccc(-c2c(C)sc3ncnc(SCc4cccc(C5[SH]=NCCN5C)c4)c23)cc1 1 C1CCC(C2CCCC(CCC3CCCC4CCC(C5CCCCC5)C34)C2)CC1 0.2100000 0.2100 0.2181750 0.2182 0.0000000 0.0000 1.0000000 1.0000 0.7912131 0.7912 0.0000000 0.0000 1.0000000 478.7120 0.5504099 3.8033 1.0000000 1.0000 1.0 0.4073082370883261 []
 | 29.8702 29.4850 -26.9436 0.0198549 CCC(C)CN(C)c1cc(OC)c(F)cc1C=O 1 C1CCCCC1 0.1700000 0.1700 0.2711139 0.2711 0.0000000 0.0000 1.0000000 1.0000 0.7992612 0.7993 0.0000000 0.0000 1.0000000 253.3170 0.5460564 3.0059 1.0000000 1.0000 1.0 0.375632799419859 []
 | 46.1935 46.3148 17.1430 0.4957645 O=C1c2ccccc2C(=O)N1C1CC(Cc2ccccc2)[C@@H](n2cc(Cc3ccccc3)nn2)[C@@H](O)[C@H]1O 1 CC1C2CCCCC2C(C)C1C1CCC(C2CCC(CC3CCCCC3)C2)C(CC2CCCCC2)C1 0.1800000 0.1800 0.3055661 0.3056 0.3333333 0.3333 1.0000000 1.0000 0.7007340 0.7007 0.6000000 0.6000 1.0000000 508.5780 0.5475598 3.9282 1.0000000 1.0000 0.6666666666666667 0.38418745424597095 []
 | 26.2820 26.4210 47.6074 0.5783468 CC(C)(CC#N)c1ccc(OCCO)cc1 1 C1CCCCC1 0.2200000 0.2200 0.3035884 0.3036 0.6666667 0.6667 1.0000000 1.0000 0.7459998 0.7460 1.0000000 1.0000 1.0000000 219.2840 0.5299298 2.3014 1.0000000 1.0000 0.33333333333333337 0.41424630354415964 []
 | 66.9892 66.0561 1.6630 0.5290550 CCN(CCOC)c1cc2c(cc1CC(=O)OC)c(OC(=O)OC)cc1c2[n+](C)c2cc(OC)ccc2[n+]1C 1 C1CCC2CC3C(CCC4CCCCC43)CC2C1 0.2450000 0.2450 0.2553311 0.2553 0.3333333 0.3333 1.0000000 1.0000 0.7790291 0.7790 1.0000000 1.0000 1.0000000 537.6130 0.5569818 3.5145 1.0000000 1.0000 0.6666666666666667 0.43008720046055776 []
 | 18.3955 18.2013 -17.9271 0.0021422 O=S(=O)(F)F 1  0.2400000 0.2400 0.0890871 0.0891 0.0000000 0.0000 1.0000000 1.0000 0.9183503 0.9184 1.0000000 1.0000 0.0000000 102.0610 0.5427812 2.8625 1.0000000 1.0000 1.0 0.4270831300812524 []
 | 44.0137 44.1454 23.8735 0.5313976 Cn1c(NC(=O)CO)nc2c1c(=O)c(-c1ccco1)nn2-c1ccccc1 1 CC1C(C2CCCC2)CC(C2CCCCC2)C2CCCC12 0.2450000 0.2450 0.2832644 0.2833 0.3333333 0.3333 1.0000000 1.0000 0.7264236 0.7264 1.0000000 1.0000 1.0000000 365.3490 0.5409554 2.7827 1.0000000 1.0000 0.6666666666666667 0.4300872004605578 []
20:59:34 <INFO> Sampled SMILES Cc1nc2=NC3=CC=CNCC3=c2c(c1)=O failed to sanitize.
20:59:37 <INFO> Score: 0.28 Agent NLL: 34.06 Valid:  97% Step: 6
 | Agent Prior Target Score SMILES SMILES_state Scaffold predicted_activity predicted_activity (raw) training_similarity training_similarity (raw) taf_consistency taf_consistency (raw) scaffold_novelty scaffold_novelty (raw) novelty novelty (raw) stereo_validity stereo_validity (raw) MW_window MW_window (raw) synthetic_feasibility synthetic_feasibility (raw) curated alerts filter curated alerts filter (raw) taf_disrupted (predicted_activity) uncertainty (predicted_activity) matchting_patterns (curated alerts filter)
 | 33.7892 33.1762 -30.5807 0.0202775 COc1ccc2c(c1)N(C(=O)C(C)Sc1nnc(-c3ccco3)o1)CCC2 1 CC(CCC1CCC(C2CCCC2)C1)C1CCCC2CCCCC21 0.1950000 0.1950 0.2659302 0.2659 0.0000000 0.0000 1.0000000 1.0000 0.8073737 0.8074 0.0000000 0.0000 1.0000000 385.4450 0.5444793 2.9368 1.0000000 1.0000 1.0 0.3962007067131506 []
 | 34.6461 35.6311 -35.6311 0.0000000 O=C(NNC(=O)[C@H]1COc2ccccc2O1)[C@H]1CC12CCNCC2 1 CC(CCC(C)C1CC12CCCCC2)C1CCC2CCCCC2C1 0.0000000 0.0000 0.0000000 0.0000 0.0000000 0.0000 0.0000000 0.0000 0.0000000 0.0000 0.0000000 0.0000 0.0000000 0.0000 0.0000000 0.0000 0.0000000 0.0000 None None ['[#7;!n][#7;!n]']
 | 27.1580 28.5006 -25.9013 0.0203065 CN(C(=O)N1CCC(CC(=O)O)CC1)C1CCc2ccccc21 1 CC(CC1CCC2CCCCC21)C1CCCCC1 0.1900000 0.1900 0.3023256 0.3023 0.0000000 0.0000 1.0000000 1.0000 0.7242233 0.7242 0.0000000 0.0000 1.0000000 316.4010 0.5413951 2.8019 1.0000000 1.0000 1.0 0.39230090491866065 []
 | 34.6078 35.3464 28.1926 0.4963983 Cc1cnc2c(S(=O)(=O)N(c3ccc(F)cc3)C3CCNCC3)cccc2c1 1 CC(C)(C1CCCC2CCCCC21)C(C1CCCCC1)C1CCCCC1 0.1900000 0.1900 0.2156655 0.2157 0.3333333 0.3333 1.0000000 1.0000 0.8140038 0.8140 1.0000000 1.0000 1.0000000 399.4910 0.5358571 2.5599 1.0000000 1.0000 0.6666666666666667 0.39230090491866065 []
 | 38.5355 38.7269 -38.7269 0.0000000 Cc1nc2=NC3=CC=CNCC3=c2c(c1)=O 0 -- 0.0000000 0.0000 0.0000000 0.0000 0.0000000 0.0000 0.0000000 0.0000 0.0000000 0.0000 0.0000000 0.0000 0.0000000 0.0000 0.0000000 0.0000 0.0000000 0.0000 None None None
 | 26.2528 26.3739 -19.9368 0.0502904 CS(=O)(=O)c1cccc(-c2cccnn2)c1 1 C1CCC(C2CCCCC2)CC1 0.2300000 0.2300 0.1963474 0.1963 0.0000000 0.0000 1.0000000 1.0000 0.8360436 0.8360 1.0000000 1.0000 1.0000000 234.2800 0.5234175 2.0178 1.0000000 1.0000 1.0 0.4208325082500163 []
 | 24.7797 24.2170 -17.8999 0.0493522 CCN(CC)S(=O)(=O)c1cc2c(cc1Cl)n(C)c(=O)n2C 1 CC1CC2CCCCC2C1 0.1950000 0.1950 0.2174909 0.2175 0.0000000 0.0000 1.0000000 1.0000 0.7845899 0.7846 1.0000000 1.0000 1.0000000 331.8250 0.5322662 2.4033 1.0000000 1.0000 1.0 0.3962007067131506 []
 | 32.4699 32.4609 -25.9745 0.0506755 CCC(=C=C(Cl)C(F)(F)F)C(=O)Cl 1  0.2550000 0.2550 0.1804219 0.1804 0.0000000 0.0000 1.0000000 1.0000 0.8195781 0.8196 1.0000000 1.0000 1.0000000 233.0160 0.5471737 3.9452 1.0000000 1.0000 1.0 0.43586121644395015 []
 | 25.0620 25.1730 1.9769 0.2121082 CC(CC(=O)O)NC(=O)CSCc1ccc(Cl)cc1 1 C1CCCCC1 0.2700000 0.2700 0.2507061 0.2507 0.3333333 0.3333 1.0000000 1.0000 0.7567568 0.7568 0.0000000 0.0000 1.0000000 301.7950 0.5320410 2.3934 1.0000000 1.0000 0.6666666666666667 0.4439594576084623 []
 | 29.7960 29.9398 45.1748 0.5868323 O=C(NC1CCN(C(=O)CCOc2ccccc2)CC1)c1ccc(Br)cc1F 1 CC(CCCC1CCCCC1)C1CCC(CC(C)C2CCCCC2)CC1 0.2550000 0.2550 0.2963745 0.2964 0.6666667 0.6667 1.0000000 1.0000 0.7036255 0.7036 1.0000000 1.0000 1.0000000 449.3200 0.5236954 2.0299 1.0000000 1.0000 0.33333333333333337 0.43586121644395015 []
20:59:37 <INFO> Sampled SMILES C12C(OC(=O)CCC)CCCCO2C2C(OC(=O)C2)C1/C=C/C(=O)CCCC failed to sanitize.
20:59:41 <INFO> Score: 0.32 Agent NLL: 32.04 Valid:  97% Step: 7
 | Agent Prior Target Score SMILES SMILES_state Scaffold predicted_activity predicted_activity (raw) training_similarity training_similarity (raw) taf_consistency taf_consistency (raw) scaffold_novelty scaffold_novelty (raw) novelty novelty (raw) stereo_validity stereo_validity (raw) MW_window MW_window (raw) synthetic_feasibility synthetic_feasibility (raw) curated alerts filter curated alerts filter (raw) taf_disrupted (predicted_activity) uncertainty (predicted_activity) matchting_patterns (curated alerts filter)
 | 24.9259 25.9959 3.3955 0.2296204 COC(=O)c1ccc(NC(c2cccs2)C(C)C)cc1 1 C1CCC(CCC2CCCC2)CC1 0.2250000 0.2250 0.2785430 0.2785 0.6666667 0.6667 1.0000000 1.0000 0.7808013 0.7808 0.0000000 0.0000 1.0000000 289.4000 0.5328808 2.4301 1.0000000 1.0000 0.33333333333333337 0.41758232721225164 []
 | 27.4755 27.7020 -2.3105 0.1983708 CC1(C)C2CNCC2CN1c1ccc(Cl)cc1 1 C1CCC(C2CC3CCCC3C2)CC1 0.1650000 0.1650 0.2769558 0.2770 0.3333333 0.3333 1.0000000 1.0000 0.7457433 0.7457 0.0000000 0.0000 1.0000000 250.7730 0.5536001 3.3368 1.0000000 1.0000 0.6666666666666667 0.37118054905934933 []
 | 30.8305 33.6234 36.0250 0.5441278 COC(=O)C[C@@H](NC(=O)NCC(=O)NC(C)(C)C)C(=O)OC 1  0.1850000 0.1850 0.2197177 0.2197 0.6666667 0.6667 1.0000000 1.0000 0.8207157 0.8207 1.0000000 1.0000 1.0000000 317.3420 0.5392604 2.7086 1.0000000 1.0000 0.33333333333333337 0.3882975663070784 []
 | 25.7654 24.6763 38.7293 0.4953563 CC(C)NCCCSCc1ccc(Cl)cc1Cl 1 C1CCCCC1 0.2200000 0.2200 0.1714285 0.1714 0.3333333 0.3333 1.0000000 1.0000 0.8610575 0.8611 1.0000000 1.0000 1.0000000 292.2750 0.5260045 2.1304 1.0000000 1.0000 0.6666666666666667 0.41424630354415964 []
 | 21.3547 20.9869 4.8524 0.2018695 CCOCC(O)COC(C)(C)C 1  0.1800000 0.1800 0.3015113 0.3015 0.3333333 0.3333 1.0000000 1.0000 0.6984887 0.6985 0.0000000 0.0000 1.0000000 176.2560 0.5417764 2.8186 1.0000000 1.0000 0.6666666666666667 0.38418745424597095 []
 | 25.1153 25.9168 1.9136 0.2174251 Cc1ccc(C(C)Nc2c(F)cccc2Br)cc1 1 C1CCC(CCC2CCCCC2)CC1 0.2350000 0.2350 0.1641330 0.1641 0.6666667 0.6667 1.0000000 1.0000 0.8546904 0.8547 0.0000000 0.0000 1.0000000 308.1940 0.5306910 2.3346 1.0000000 1.0000 0.33333333333333337 0.4239988207530771 []
 | 47.0877 48.4643 19.1270 0.5280567 CC(C)(C(=O)Nc1ccc(C(=N)N)cc1)N1CC2=C(C1)Oc1ccccc1C(=O)C2 1 CC(CC1CCCCC1)CC1CC2CC(C)C3CCCCC3CC2C1 0.2500000 0.2500 0.2490291 0.2490 0.3333333 0.3333 1.0000000 1.0000 0.7762813 0.7763 1.0000000 1.0000 1.0000000 404.4700 0.5465855 3.0291 1.0000000 1.0000 0.6666666666666667 0.4330127018922193 []
 | 24.1018 25.4456 -22.8527 0.0202570 CCC(C)(C(=O)O)n1cc(I)cn1 1 C1CCCC1 0.2300000 0.2300 0.2125119 0.2125 0.0000000 0.0000 1.0000000 1.0000 0.8094998 0.8095 0.0000000 0.0000 1.0000000 294.0920 0.5517827 3.7430 1.0000000 1.0000 1.0 0.4208325082500163 []
 | 25.0822 26.4617 46.9005 0.5731417 CC[C@@H](C)c1ccc(OCC(=O)Nc2sccc2C#N)cc1 1 CC(CCC1CCCCC1)CC1CCCC1 0.2200000 0.2200 0.2771739 0.2772 0.6666667 0.6667 1.0000000 1.0000 0.7628292 0.7628 1.0000000 1.0000 1.0000000 314.4100 0.5354612 2.5426 1.0000000 1.0000 0.33333333333333337 0.41424630354415964 []
 | 24.4584 25.0819 41.8287 0.5227388 C[C@H](NC(=O)Nc1cccc(C(F)(F)F)c1)c1ccccc1 1 CC(CCC1CCCCC1)CC1CCCCC1 0.2500000 0.2500 0.2400213 0.2400 0.3333333 0.3333 1.0000000 1.0000 0.7599787 0.7600 1.0000000 1.0000 1.0000000 308.3030 0.5267080 2.1610 1.0000000 1.0000 0.6666666666666667 0.4330127018922193 []
20:59:41 <INFO> Sampled SMILES O=C([C@@H](c1cc2c(cc1)C1[C@]3(C)[C@@]1(C#N)C(N(c1c3cccc1)C)=O)ON=2)N[C@H]([C@H](O)C)C(=O)O failed to sanitize.
20:59:41 <INFO> Sampled SMILES c12nc3c(c4nc5ccccc5nc4n3n2)N(CCN1C)C failed to sanitize.
20:59:41 <INFO> Sampled SMILES C(c1nc(cc(c1)CC(C(CCCC)N=C1c2c(C=Cc3c2cccc3)ccc1)=O)Br)=C failed to sanitize.
20:59:44 <INFO> Score: 0.28 Agent NLL: 34.05 Valid:  94% Step: 8
 | Agent Prior Target Score SMILES SMILES_state Scaffold predicted_activity predicted_activity (raw) training_similarity training_similarity (raw) taf_consistency taf_consistency (raw) scaffold_novelty scaffold_novelty (raw) novelty novelty (raw) stereo_validity stereo_validity (raw) MW_window MW_window (raw) synthetic_feasibility synthetic_feasibility (raw) curated alerts filter curated alerts filter (raw) taf_disrupted (predicted_activity) uncertainty (predicted_activity) matchting_patterns (curated alerts filter)
 | 47.4202 46.9756 -21.0482 0.2025577 CCS(=O)(=O)Nc1ccc2c(c1C)CCC2NCCC(=O)NC(C)COC 1 C1CCC2CCCC2C1 0.2000000 0.2000 0.2507133 0.2507 0.3333333 0.3333 1.0000000 1.0000 0.7616343 0.7616 0.0000000 0.0000 1.0000000 397.5410 0.5535293 3.3337 1.0000000 1.0000 0.6666666666666667 0.4000000000000001 []
 | 31.1712 31.6073 37.7969 0.5422203 O=c1c2ccccc2nc(Sc2ncncc2Br)n1-c1ccc(F)cc1 1 CC1C2CCCCC2CC(CC2CCCCC2)C1C1CCCCC1 0.2950000 0.2950 0.2610185 0.2610 0.3333333 0.3333 1.0000000 1.0000 0.7389815 0.7390 1.0000000 1.0000 1.0000000 429.2740 0.5306707 2.3337 1.0000000 1.0000 0.6666666666666667 0.45604276115294284 []
 | 24.7792 23.9394 0.3233 0.1895523 CC(C)NCc1nnc(C2CC2C)o1 1 C1CCC(C2CC2)C1 0.1550000 0.1550 0.2001112 0.2001 0.3333333 0.3333 1.0000000 1.0000 0.8094998 0.8095 0.0000000 0.0000 1.0000000 195.2660 0.5540976 3.3587 1.0000000 1.0000 0.6666666666666667 0.36190468358395134 []
 | 31.6456 32.2838 -1.6616 0.2392360 COC(=O)C(C(=O)NCc1ccccc1)C(=O)c1ccc[nH]1 1 CC(CCC1CCCCC1)CC(C)C1CCCC1 0.2700000 0.2700 0.3379189 0.3379 0.6666667 0.6667 1.0000000 1.0000 0.6620811 0.6621 0.0000000 0.0000 1.0000000 300.3140 0.5416815 2.8144 1.0000000 1.0000 0.33333333333333337 0.4439594576084623 []
 | 35.7038 37.2835 -34.1295 0.0246405 CC1CCN(S(=O)(=O)c2ccc(C(=O)Nc3ccc(NC(=O)Nc4ccc(-c5ccccc5)cc4)cc3)cc2)CC1 1 CC(CC1CCC(CC(C)C2CCC(C(C)(C)C3CCCCC3)CC2)CC1)CC1CCC(C2CCCCC2)CC1 0.2700000 0.2700 0.2446862 0.2447 0.3333333 0.3333 1.0000000 1.0000 0.7601994 0.7602 1.0000000 1.0000 0.0000000 568.6990 0.5267151 2.1613 1.0000000 1.0000 0.6666666666666667 0.4439594576084622 []
 | 31.6189 32.6350 41.4881 0.5790864 Cc1c[nH]c([C@@H](Cc2ccccc2)NC(=O)c2ccc(=O)[nH]n2)n1 1 CC1CCC(C(C)CC(CC2CCCCC2)C2CCCC2)CC1 0.3750000 0.3750 0.3357208 0.3357 0.3333333 0.3333 1.0000000 1.0000 0.6642792 0.6643 1.0000000 1.0000 1.0000000 323.3560 0.5493714 3.1512 1.0000000 1.0000 0.6666666666666667 0.4841229182759271 []
 | 28.4948 28.7695 38.0588 0.5220961 O=C(OCc1ccccc1Cl)c1cccc(OCc2cscn2)c1 1 CC(CCC1CCCCC1)C1CCCC(CCC2CCCC2)C1 0.2350000 0.2350 0.2637806 0.2638 0.3333333 0.3333 1.0000000 1.0000 0.7362194 0.7362 1.0000000 1.0000 1.0000000 359.8340 0.5246456 2.0712 1.0000000 1.0000 0.6666666666666667 0.4239988207530771 []
 | 32.6443 32.7081 -26.1966 0.0508706 CC(C)(CCCOc1ccc2nccc(C(=O)O)c2c1)C(=O)O 1 C1CCC2CCCCC2C1 0.1900000 0.1900 0.2869023 0.2869 0.0000000 0.0000 1.0000000 1.0000 0.7716942 0.7717 1.0000000 1.0000 1.0000000 317.3410 0.5281813 2.2252 1.0000000 1.0000 1.0 0.39230090491866065 []
 | 24.9297 27.7977 43.5978 0.5577770 CCc1cccc(CNC[C@@H](O)[C@H](Cc2ccccc2)NC(=O)COc2ccccc2)c1 1 CC(CCC1CCCCC1)CC(CCCCC1CCCCC1)CC1CCCCC1 0.2950000 0.2950 0.3522835 0.3523 0.3333333 0.3333 1.0000000 1.0000 0.6477165 0.6477 1.0000000 1.0000 1.0000000 432.5640 0.5402411 2.7514 1.0000000 1.0000 0.6666666666666667 0.4560427611529428 []
 | 75.7651 75.2303 -75.2303 0.0000000 O=C([C@@H](c1cc2c(cc1)C1[C@]3(C)[C@@]1(C#N)C(N(c1c3cccc1)C)=O)ON=2)N[C@H]([C@H](O)C)C(=O)O 0 -- 0.0000000 0.0000 0.0000000 0.0000 0.0000000 0.0000 0.0000000 0.0000 0.0000000 0.0000 0.0000000 0.0000 0.0000000 0.0000 0.0000000 0.0000 0.0000000 0.0000 None None None
20:59:48 <INFO> Score: 0.29 Agent NLL: 31.86 Valid: 100% Step: 9
 | Agent Prior Target Score SMILES SMILES_state Scaffold predicted_activity predicted_activity (raw) training_similarity training_similarity (raw) taf_consistency taf_consistency (raw) scaffold_novelty scaffold_novelty (raw) novelty novelty (raw) stereo_validity stereo_validity (raw) MW_window MW_window (raw) synthetic_feasibility synthetic_feasibility (raw) curated alerts filter curated alerts filter (raw) taf_disrupted (predicted_activity) uncertainty (predicted_activity) matchting_patterns (curated alerts filter)
 | 25.3844 25.9847 0.9255 0.2102354 OC(c1ccc(F)c(F)c1)c1cccc(Cl)c1Cl 1 C1CCC(CC2CCCCC2)CC1 0.2900000 0.2900 0.2066885 0.2067 0.3333333 0.3333 1.0000000 1.0000 0.7933115 0.7933 0.0000000 0.0000 1.0000000 289.1080 0.5336156 2.4621 1.0000000 1.0000 0.6666666666666667 0.4537620521815371 []
 | 22.1491 22.0001 43.1845 0.5092551 CCCNC(=O)CSc1nnc(C)o1 1 C1CCCC1 0.2050000 0.2050 0.2541521 0.2542 0.3333333 0.3333 1.0000000 1.0000 0.7538170 0.7538 1.0000000 1.0000 1.0000000 215.2780 0.5275238 2.1966 1.0000000 1.0000 0.6666666666666667 0.403701622488689 []
 | 50.8962 51.2146 15.3547 0.5200730 O=C1NC(=O)c2c1ccc1cc([C@@H]3[C@H](C(=O)Oc4ccccc4)CCCN3C(=O)O)ccc21 1 CC(CC1CCCCC1)C1CCCCC1C1CCC2C(CCC3C(C)CC(C)C32)C1 0.2200000 0.2200 0.2625861 0.2626 0.3333333 0.3333 1.0000000 1.0000 0.7604730 0.7605 1.0000000 1.0000 1.0000000 444.4430 0.5535856 3.3362 1.0000000 1.0000 0.6666666666666667 0.4142463035441596 []
 | 28.1062 29.1458 -29.1457 0.0000000 C/C(=N\N(Cc1ccc(C)cc1)c1ccccc1)c1ccccn1 1 C1CCC(CCC(CC2CCCCC2)C2CCCCC2)CC1 0.0000000 0.0000 0.0000000 0.0000 0.0000000 0.0000 0.0000000 0.0000 0.0000000 0.0000 0.0000000 0.0000 0.0000000 0.0000 0.0000000 0.0000 0.0000000 0.0000 None None ['[#7;!n][#7;!n]']
 | 21.3285 23.5849 44.7810 0.5341087 O=C(Cc1ccccc1)Nc1nnc(SCc2ccccc2F)s1 1 CC(CC1CCCCC1)CC1CCC(CCC2CCCCC2)C1 0.2650000 0.2650 0.2726249 0.2726 0.3333333 0.3333 1.0000000 1.0000 0.7273751 0.7274 1.0000000 1.0000 1.0000000 359.4510 0.5217271 1.9442 1.0000000 1.0000 0.6666666666666667 0.4413332074521472 []
 | 48.1150 50.6018 -24.2976 0.2055013 NC(=O)c1nc(NS(=O)(=O)c2ccc3cccc(Cl)c3c2)nn1C1CCN(c2ccccc2)C1 1 CC(C)(CC1CCC(C2CCC(C3CCCCC3)C2)C1)C1CCC2CCCCC2C1 0.2450000 0.2450 0.2113432 0.2113 0.3333333 0.3333 1.0000000 1.0000 0.7928768 0.7929 0.0000000 0.0000 1.0000000 496.9800 0.5492987 3.1480 1.0000000 1.0000 0.6666666666666667 0.4300872004605578 []
 | 35.9981 38.4545 26.5162 0.5075830 CCC(NC(=O)C[C@H](c1ccccc1)c1c[nH]c2ccccc12)c1cccc(Cl)c1Cl 1 CC(CCC1CCCCC1)CC(C1CCCCC1)C1CCC2CCCCC21 0.2600000 0.2600 0.2302046 0.2302 0.3333333 0.3333 1.0000000 1.0000 0.7697954 0.7698 0.5000000 0.5000 1.0000000 451.3970 0.5459057 2.9993 1.0000000 1.0000 0.6666666666666667 0.4386342439892262 []
 | 22.8393 22.7370 5.5447 0.2209512 CCNC(Cc1ccc(Br)cc1)CN(C)C 1 C1CCCCC1 0.2400000 0.2400 0.1851640 0.1852 0.6666667 0.6667 1.0000000 1.0000 0.8199099 0.8199 0.0000000 0.0000 1.0000000 285.2290 0.5348985 2.5181 1.0000000 1.0000 0.33333333333333337 0.4270831300812524 []
 | 27.8290 28.2141 -2.3838 0.2017991 CCc1ccc(S(=O)(=O)NC(C)C(=O)NC2CCCCCC2)cc1 1 CC(CCC(C)(C)C1CCCCC1)CC1CCCCCC1 0.1950000 0.1950 0.2560911 0.2561 0.3333333 0.3333 1.0000000 1.0000 0.7689267 0.7689 0.0000000 0.0000 1.0000000 352.5000 0.5319389 2.3890 1.0000000 1.0000 0.6666666666666667 0.3962007067131506 []
 | 28.8842 29.7503 -27.0087 0.0214189 COc1ccc(CN(C(C)C)C(C)C(=O)O)cc1O 1 C1CCCCC1 0.2650000 0.2650 0.3052813 0.3053 0.0000000 0.0000 1.0000000 1.0000 0.7027027 0.7027 0.0000000 0.0000 1.0000000 267.3250 0.5387943 2.6882 1.0000000 1.0000 1.0 0.4413332074521472 []
20:59:48 <INFO> Sampled SMILES C1(C=CC(=O)=CC1(N)N)N failed to sanitize.
20:59:48 <INFO> Sampled SMILES C(O)(C)c1c(=O)[nH]c(o1)=O failed to sanitize.
20:59:51 <INFO> Score: 0.27 Agent NLL: 32.73 Valid:  97% Step: 10
 | Agent Prior Target Score SMILES SMILES_state Scaffold predicted_activity predicted_activity (raw) training_similarity training_similarity (raw) taf_consistency taf_consistency (raw) scaffold_novelty scaffold_novelty (raw) novelty novelty (raw) stereo_validity stereo_validity (raw) MW_window MW_window (raw) synthetic_feasibility synthetic_feasibility (raw) curated alerts filter curated alerts filter (raw) taf_disrupted (predicted_activity) uncertainty (predicted_activity) matchting_patterns (curated alerts filter)
 | 24.3555 24.2435 5.7927 0.2346574 CC(CO)NCc1cc(Br)ccc1Br 1 C1CCCCC1 0.2650000 0.2650 0.2712254 0.2712 0.6666667 0.6667 1.0000000 1.0000 0.7598799 0.7599 0.0000000 0.0000 1.0000000 323.0280 0.5373334 2.6244 1.0000000 1.0000 0.33333333333333337 0.4413332074521472 []
 | 26.5381 26.6092 48.0781 0.5834939 CCc1cccc(C)c1NC(=O)c1cnc(Nc2ccccc2Br)nc1 1 CC(CC1CCCCC1)C1CCC(CC2CCCCC2)CC1 0.2700000 0.2700 0.2492224 0.2492 0.6666667 0.6667 1.0000000 1.0000 0.7576069 0.7576 1.0000000 1.0000 1.0000000 411.3030 0.5267233 2.1617 1.0000000 1.0000 0.33333333333333337 0.4439594576084623 []
 | 31.5357 32.0527 -32.0527 0.0000000 C1(C=CC(=O)=CC1(N)N)N 0 -- 0.0000000 0.0000 0.0000000 0.0000 0.0000000 0.0000 0.0000000 0.0000 0.0000000 0.0000 0.0000000 0.0000 0.0000000 0.0000 0.0000000 0.0000 0.0000000 0.0000 None None None
 | 32.4042 32.5813 32.9085 0.5116396 Cc1ccc(NC(=O)c2ccc(OCc3cc(=O)n4ccsc4n3)cc2)c(F)c1 1 CC(CC1CCCCC1)C1CCC(CCC2CC(C)C3CCCC3C2)CC1 0.2150000 0.2150 0.2462755 0.2463 0.3333333 0.3333 1.0000000 1.0000 0.7604730 0.7605 1.0000000 1.0000 1.0000000 409.4420 0.5278525 2.2109 1.0000000 1.0000 0.6666666666666667 0.4108223460329294 []
 | 27.6512 27.2717 40.5200 0.5296227 CCCOc1ccccc1C(=O)c1cc(Br)ccc1C 1 CC(C1CCCCC1)C1CCCCC1 0.2150000 0.2150 0.3728006 0.3728 0.3333333 0.3333 1.0000000 1.0000 0.6271994 0.6272 1.0000000 1.0000 1.0000000 333.2250 0.5186417 1.8100 1.0000000 1.0000 0.6666666666666667 0.41082234603292944 []
 | 74.2409 74.5103 -71.0127 0.0273251 COC(=O)C[C@@H](C)[C@H](C=O)N1C(=O)C2(N=N2)N([C@@H](COCc2ccccc2)C(=O)OC(C)(C)C)C(=O)[C@H]1NS(=O)(=O)c1ccc(C)cc1 1 CC1C(CC(C)(C)C2CCCCC2)CC(C)C2(CC2)C1CCCCC1CCCCC1 0.2500000 0.2500 0.3205836 0.3206 0.6666667 0.6667 1.0000000 1.0000 0.6794164 0.6794 1.0000000 1.0000 0.0000000 685.7560 0.5206383 5.1032 1.0000000 1.0000 0.33333333333333337 0.4330127018922193 []
 | 33.0618 32.2503 -30.9478 0.0101763 CCCCCCCC/C=C/C(O)C(CO)NC(=O)CCCCCCCCCCCCCCCC/C=C\CCCCCCCCCCCCCOC(=O)CCCCCCCCCCCCCCCCCCCC 1  0.1550000 0.1550 0.3527668 0.3528 0.6666667 0.6667 1.0000000 1.0000 0.6574199 0.6574 0.0000000 0.0000 0.0000000 1014.7440 0.5429704 4.1292 1.0000000 1.0000 0.33333333333333337 0.36190468358395134 []
 | 31.1509 31.5322 36.0311 0.5278382 COC(=O)C[C@H](c1cccc(C)c1)c1cn(C)c2ccccc12 1 C1CCC(CC2CCC3CCCCC32)CC1 0.2400000 0.2400 0.2768183 0.2768 0.3333333 0.3333 1.0000000 1.0000 0.7304213 0.7304 1.0000000 1.0000 1.0000000 307.3930 0.5360206 2.5671 1.0000000 1.0000 0.6666666666666667 0.4270831300812525 []
 | 26.2045 25.9521 3.6957 0.2316229 CC(C)C(CCO)NCc1ccc(Br)c(Cl)c1 1 C1CCCCC1 0.2850000 0.2850 0.2191987 0.2192 0.6666667 0.6667 1.0000000 1.0000 0.7808013 0.7808 0.0000000 0.0000 1.0000000 320.6580 0.5408100 2.7763 1.0000000 1.0000 0.33333333333333337 0.4514144437210666 []
 | 23.9963 25.8879 44.3371 0.5486329 NC(=O)c1ccc(NC(=O)COc2ccc(Br)cc2Br)cc1 1 CC(CCC1CCCCC1)CC1CCCCC1 0.2100000 0.2100 0.2105993 0.2106 0.6666667 0.6667 1.0000000 1.0000 0.7894007 0.7894 1.0000000 1.0000 1.0000000 428.0800 0.5180856 1.7858 1.0000000 1.0000 0.33333333333333337 0.4073082370883261 []
20:59:52 <INFO> Sampled SMILES n1(ncc(NC(CN2[C@@H](Cc3c(cccc3)C2)C(=O)Nc2ccc(C#N)cc2)=O)c1=O)-c1ccccc1 failed to sanitize.
20:59:52 <INFO> Sampled SMILES C12(N)C(O)(CCn3c1c1c(nc3CCOC1)CCC=C2)C1C(=O)[C@H](N(C)CC1)CS(=O)(c1ccc(C(F)(F)F)cc1)=O failed to sanitize.
20:59:55 <INFO> Score: 0.23 Agent NLL: 31.95 Valid:  97% Step: 11
 | Agent Prior Target Score SMILES SMILES_state Scaffold predicted_activity predicted_activity (raw) training_similarity training_similarity (raw) taf_consistency taf_consistency (raw) scaffold_novelty scaffold_novelty (raw) novelty novelty (raw) stereo_validity stereo_validity (raw) MW_window MW_window (raw) synthetic_feasibility synthetic_feasibility (raw) curated alerts filter curated alerts filter (raw) taf_disrupted (predicted_activity) uncertainty (predicted_activity) matchting_patterns (curated alerts filter)
 | 32.0027 31.9763 36.5454 0.5353257 N#Cc1scc(C=Cc2cccc(O)c2)c1C#N 1 C1CCC(CCC2CCCC2)CC1 0.3000000 0.3000 0.2191987 0.2192 0.3333333 0.3333 1.0000000 1.0000 0.7808013 0.7808 1.0000000 1.0000 1.0000000 252.2980 0.5447279 2.9477 1.0000000 1.0000 0.6666666666666667 0.45825756949558394 []
 | 35.3089 36.9334 -36.6464 0.0022426 c1ccc(-c2c3c(cc4c2c2ccccc2n4-c2cccc(-n4c5ccccc5c5ccc6ccccc6c54)c2)-c2ccccc2-3)cc1 1 C1CCC(C2C3C4CCCCC4C3CC3C(C4CCCC(C5C6CCCCC6C6CCC7CCCCC7C65)C4)C4CCCCC4C32)CC1 0.2250000 0.2250 0.1438803 0.1439 0.0000000 0.0000 1.0000000 1.0000 0.8561197 0.8561 1.0000000 1.0000 0.0000000 608.7440 0.5406299 2.7684 1.0000000 1.0000 1.0 0.41758232721225164 []
 | 26.8454 27.9262 39.6848 0.5282110 Nc1nc(C(=O)NCC2CC2)c(-c2ccccc2)s1 1 CC(CCC1CC1)C1CCCC1C1CCCCC1 0.2350000 0.2350 0.2939873 0.2940 0.3333333 0.3333 1.0000000 1.0000 0.7140686 0.7141 1.0000000 1.0000 1.0000000 273.3610 0.5261791 2.1380 1.0000000 1.0000 0.6666666666666667 0.4239988207530771 []
 | 26.6803 26.7633 34.0053 0.4747546 CC(C)N1CCN(c2cc(Cl)c(N)cc2Cl)CC1 1 C1CCC(C2CCCCC2)CC1 0.2000000 0.2000 0.1356127 0.1356 0.3333333 0.3333 1.0000000 1.0000 0.9000000 0.9000 1.0000000 1.0000 1.0000000 288.2220 0.5274643 2.1940 1.0000000 1.0000 0.6666666666666667 0.4000000000000001 []
 | 25.5462 25.2647 -0.6026 0.1926725 CC(N)(COCC(F)(F)C(F)F)C(N)=O 1  0.1650000 0.1650 0.2105587 0.2106 0.3333333 0.3333 1.0000000 1.0000 0.7995541 0.7996 0.0000000 0.0000 1.0000000 232.1770 0.5564790 3.5366 1.0000000 1.0000 0.6666666666666667 0.37118054905934933 []
 | 24.8140 25.0464 -25.0464 0.0000000 CCN(CCC#N)C(=O)c1cccc(N(C)C)c1 1 C1CCCCC1 0.2900000 0.2900 0.2337859 0.2338 0.3333333 0.3333 1.0000000 1.0000 0.7992612 0.7993 1.0000000 1.0000 1.0000000 245.3260 0.5260881 2.1340 1.0000000 1.0000 0.6666666666666667 0.4537620521815371 []
 | 26.7969 27.8901 -21.3153 0.0513656 CCOc1ccccc1N1C[C@@H]([N+](=O)[O-])CC1=O 1 CC1CCCC1C1CCCCC1 0.1900000 0.1900 0.3210121 0.3210 0.0000000 0.0000 1.0000000 1.0000 0.7140686 0.7141 1.0000000 1.0000 1.0000000 250.2540 0.5440553 2.9183 1.0000000 1.0000 1.0 0.39230090491866065 []
 | 30.5867 29.8376 -23.4182 0.0501520 Cc1cc2nc(Cc3ccc(-c4ccccc4)cc3)n(C)c2cc1C 1 C1CCC(C2CCC(CC3CC4CCCCC4C3)CC2)CC1 0.2050000 0.2050 0.2342606 0.2343 0.0000000 0.0000 1.0000000 1.0000 0.7808013 0.7808 1.0000000 1.0000 1.0000000 326.4430 0.5216574 1.9412 1.0000000 1.0000 1.0 0.403701622488689 []
 | 21.2989 22.3777 48.2099 0.5514661 N#Cc1ccc(NC2CCS(=O)(=O)CC2)cc1 1 CC1(C)CCC(CC2CCCCC2)CC1 0.2100000 0.2100 0.2046469 0.2046 0.6666667 0.6667 1.0000000 1.0000 0.8499250 0.8499 1.0000000 1.0000 1.0000000 250.3230 0.5280424 2.2191 1.0000000 1.0000 0.33333333333333337 0.40730823708832603 []
 | 55.0226 55.6466 -30.0277 0.2001475 [C-]#[N+]c1sc(CC(=O)C2N(C)CCN2C(=O)c2nccs2)nc1-c1cccc(Cl)c1 1 CC(CC1CCC(C2CCCCC2)C1)C1CCCC1C(C)C1CCCC1 0.2100000 0.2100 0.2096570 0.2097 0.3333333 0.3333 1.0000000 1.0000 0.7960882 0.7961 0.0000000 0.0000 1.0000000 457.9680 0.5490211 3.8642 1.0000000 1.0000 0.6666666666666667 0.4073082370883261 []
20:59:55 <INFO> Sampled SMILES c1(#C)c2c(F)cc(O)c3c2c(cc1F)Nc1ncccc-31 failed to sanitize.
20:59:58 <INFO> Score: 0.29 Agent NLL: 31.96 Valid:  98% Step: 12
 | Agent Prior Target Score SMILES SMILES_state Scaffold predicted_activity predicted_activity (raw) training_similarity training_similarity (raw) taf_consistency taf_consistency (raw) scaffold_novelty scaffold_novelty (raw) novelty novelty (raw) stereo_validity stereo_validity (raw) MW_window MW_window (raw) synthetic_feasibility synthetic_feasibility (raw) curated alerts filter curated alerts filter (raw) taf_disrupted (predicted_activity) uncertainty (predicted_activity) matchting_patterns (curated alerts filter)
 | 30.8234 30.6655 -5.3259 0.1979657 CC1(CN)NC(=O)NC12CCCCC2 1 CC1CCC2(CCCCC2)C1 0.1600000 0.1600 0.2868876 0.2869 0.3333333 0.3333 1.0000000 1.0000 0.7540451 0.7540 0.0000000 0.0000 1.0000000 197.2820 0.5358200 4.4417 1.0000000 1.0000 0.6666666666666667 0.36660605559646714 []
 | 29.1763 30.0168 36.1407 0.5168550 C[C@H]1CC[C@H](C)N(C(=O)CCNC(=O)Nc2ccccc2)C1 1 CC(CCCC(C)C1CCCCC1)CC1CCCCC1 0.2050000 0.2050 0.2823725 0.2824 0.3333333 0.3333 1.0000000 1.0000 0.7463269 0.7463 1.0000000 1.0000 1.0000000 303.4060 0.5388654 2.6913 1.0000000 1.0000 0.6666666666666667 0.403701622488689 []
 | 30.0543 30.8759 35.4310 0.5180224 CCCN1C(=O)C(=O)N(CC(=O)NCCOc2cccc(Cl)c2)C1=O 1 CC(CCCCC1CCCCC1)CC1C(C)CC(C)C1C 0.2000000 0.2000 0.3171675 0.3172 0.3333333 0.3333 1.0000000 1.0000 0.6938138 0.6938 1.0000000 1.0000 1.0000000 367.7890 0.5271847 2.1818 1.0000000 1.0000 0.6666666666666667 0.4000000000000001 []
 | 48.7733 48.4579 -48.4579 0.0000000 c1(#C)c2c(F)cc(O)c3c2c(cc1F)Nc1ncccc-31 0 -- 0.0000000 0.0000 0.0000000 0.0000 0.0000000 0.0000 0.0000000 0.0000 0.0000000 0.0000 0.0000000 0.0000 0.0000000 0.0000 0.0000000 0.0000 0.0000000 0.0000 None None None
 | 30.6203 31.5060 33.8433 0.5105414 N#CCC1(Cn2cnnc2-c2ccccc2)COC1 1 C1CCC(C2CCCC2CC2CCC2)CC1 0.2000000 0.2000 0.2531849 0.2532 0.3333333 0.3333 1.0000000 1.0000 0.7920499 0.7920 1.0000000 1.0000 1.0000000 254.2930 0.5416301 2.8122 1.0000000 1.0000 0.6666666666666667 0.4 []
 | 30.2006 30.5275 45.8694 0.5968509 CCOC(=O)c1ccc(CN(CC#N)C(=O)OCc2ccccc2)cc1 1 CC(CCC1CCCCC1)CCC1CCCCC1 0.2600000 0.2600 0.3469771 0.3470 0.6666667 0.6667 1.0000000 1.0000 0.6530229 0.6530 1.0000000 1.0000 1.0000000 352.3900 0.5245586 2.0674 1.0000000 1.0000 0.33333333333333337 0.43863424398922624 []
 | 37.0413 37.1460 -34.5447 0.0203228 CC(C)=CCN1CC2CC1CN2Cc1ccc(-c2ccccc2)nn1 1 C1CCC(C2CCC(CC3CC4CCC3C4)CC2)CC1 0.2000000 0.2000 0.2758803 0.2759 0.0000000 0.0000 1.0000000 1.0000 0.7521592 0.7522 0.0000000 0.0000 1.0000000 334.4670 0.5457655 4.0068 1.0000000 1.0000 1.0 0.4000000000000001 []
 | 27.2102 27.5654 -1.8093 0.2012200 C=CC[S+]([O-])c1ccc(N)c2ccccc12 1 C1CCC2CCCCC2C1 0.1950000 0.1950 0.2338821 0.2339 0.3333333 0.3333 1.0000000 1.0000 0.8199099 0.8199 0.0000000 0.0000 1.0000000 231.3200 0.5501269 3.8157 1.0000000 1.0000 0.6666666666666667 0.3962007067131506 []
 | 27.4522 26.4226 37.2875 0.4977355 CC1(CN2CCc3cc(N)ccc32)CC1 1 C1CCC2C(C1)CCC2CC1CC1 0.1850000 0.1850 0.2229979 0.2230 0.3333333 0.3333 1.0000000 1.0000 0.8368818 0.8369 1.0000000 1.0000 1.0000000 202.3010 0.5352486 2.5334 1.0000000 1.0000 0.6666666666666667 0.38829756630707846 []
 | 26.6597 24.9490 34.4873 0.4643459 COc1ccc(CN2CCC(CNC(C)C)CC2)cn1 1 C1CCC(CC2CCCCC2)CC1 0.1150000 0.1150 0.2578807 0.2579 0.3333333 0.3333 1.0000000 1.0000 0.7716942 0.7717 1.0000000 1.0000 1.0000000 277.4120 0.5258878 2.1253 1.0000000 1.0000 0.6666666666666667 0.31902194281898544 []
21:00:02 <INFO> Score: 0.32 Agent NLL: 31.05 Valid: 100% Step: 13
 | Agent Prior Target Score SMILES SMILES_state Scaffold predicted_activity predicted_activity (raw) training_similarity training_similarity (raw) taf_consistency taf_consistency (raw) scaffold_novelty scaffold_novelty (raw) novelty novelty (raw) stereo_validity stereo_validity (raw) MW_window MW_window (raw) synthetic_feasibility synthetic_feasibility (raw) curated alerts filter curated alerts filter (raw) taf_disrupted (predicted_activity) uncertainty (predicted_activity) matchting_patterns (curated alerts filter)
 | 23.1490 22.5381 36.2678 0.4594211 Cc1nnc(SCCN2CCNCC2)o1 1 C1CCC(CCCC2CCCC2)CC1 0.1400000 0.1400 0.1717092 0.1717 0.3333333 0.3333 1.0000000 1.0000 0.8461356 0.8461 1.0000000 1.0000 1.0000000 228.3210 0.5358847 2.5611 1.0000000 1.0000 0.6666666666666667 0.34698703145794946 []
 | 29.6289 36.7847 -29.9597 0.0533197 CC(=O)N(Cc1nc(-c2ccccc2Cl)no1)[C@@H](C)c1cccc(Cl)c1 1 C1CCC(CCCC2CCC(C3CCCCC3)C2)CC1 0.2750000 0.2750 0.2600255 0.2600 0.0000000 0.0000 1.0000000 1.0000 0.7467749 0.7468 1.0000000 1.0000 1.0000000 390.2700 0.5396729 2.7266 1.0000000 1.0000 1.0 0.4465142774872938 []
 | 25.0667 26.3831 -19.9917 0.0499331 O=C(c1ccc2ccccc2c1)N1CCCN(C(=O)c2cccs2)CC1 1 CC(C1CCCC1)C1CCCC(C(C)C2CCC3CCCCC3C2)CC1 0.2250000 0.2250 0.1953545 0.1954 0.0000000 0.0000 1.0000000 1.0000 0.8157257 0.8157 1.0000000 1.0000 1.0000000 364.4700 0.5213420 1.9274 1.0000000 1.0000 1.0 0.41758232721225164 []
 | 27.5873 24.6885 1.1470 0.2018395 Cc1cccc(OCC(O)CNCC(C2CC2)C2CC2)c1 1 C(CCCC(C1CC1)C1CC1)CCC1CCCCC1 0.1800000 0.1800 0.2977326 0.2977 0.3333333 0.3333 1.0000000 1.0000 0.7104260 0.7104 0.0000000 0.0000 1.0000000 289.4190 0.5407280 2.7727 1.0000000 1.0000 0.6666666666666667 0.38418745424597095 []
 | 26.2865 27.8376 -21.5828 0.0488654 CCn1c(CSc2nnc(N3CCCCC3)n2-c2ccccc2)nc2ccccc21 1 C1CCC(C2CCC(CCC3CC4CCCCC4C3)C2C2CCCCC2)CC1 0.1750000 0.1750 0.2208630 0.2209 0.0000000 0.0000 1.0000000 1.0000 0.8372533 0.8373 1.0000000 1.0000 1.0000000 418.5700 0.5295678 2.2856 1.0000000 1.0000 1.0 0.3799671038392666 []
 | 26.1425 27.9362 33.5622 0.4804557 COc1cc(Cl)cc(NCc2ccoc2C)c1 1 C1CCC(CCC2CCCC2)CC1 0.1400000 0.1400 0.2442250 0.2442 0.3333333 0.3333 1.0000000 1.0000 0.8378379 0.8378 1.0000000 1.0000 1.0000000 251.7130 0.5281076 2.2220 1.0000000 1.0000 0.6666666666666667 0.34698703145794946 []
 | 27.3127 28.0244 44.5942 0.5673334 Cc1ccc(Cl)cc1N(CCCC(=O)Nc1ccccc1Br)S(C)(=O)=O 1 CC(CCCCC1CCCCC1)CC1CCCCC1 0.2500000 0.2500 0.2151411 0.2151 0.6666667 0.6667 1.0000000 1.0000 0.7907543 0.7908 1.0000000 1.0000 1.0000000 459.7930 0.5271316 2.1795 1.0000000 1.0000 0.33333333333333337 0.4330127018922193 []
 | 25.6428 24.8489 3.5518 0.2218806 C#CC(CC)NCc1ccc2c(c1)CCC2 1 C1CCC2CCCC2C1 0.2450000 0.2450 0.1847873 0.1848 0.6666667 0.6667 1.0000000 1.0000 0.8152127 0.8152 0.0000000 0.0000 1.0000000 213.3240 0.5453118 2.9733 1.0000000 1.0000 0.33333333333333337 0.43008720046055776 []
 | 31.0684 31.9896 44.1965 0.5952042 CCOC(=O)/C(C#N)=C(/Nc1ccccc1)Sc1ccc(C(=O)OCC)cc1 1 CC(CC1CCCCC1)CC1CCCCC1 0.2200000 0.2200 0.2473316 0.2473 1.0000000 1.0000 1.0000000 1.0000 0.7576069 0.7576 1.0000000 1.0000 1.0000000 396.4680 0.5328029 2.4267 1.0000000 1.0000 0.0 0.4142463035441596 []
 | 27.7402 29.6255 -0.2926 0.2291633 COC(=O)c1ccc(CNC(C)C(C)(C)N(C)C)o1 1 C1CCCC1 0.2150000 0.2150 0.2973505 0.2974 0.6666667 0.6667 1.0000000 1.0000 0.7367509 0.7368 0.0000000 0.0000 1.0000000 268.3570 0.5502955 3.1917 1.0000000 1.0000 0.33333333333333337 0.41082234603292944 []
21:00:06 <INFO> Score: 0.31 Agent NLL: 31.02 Valid: 100% Step: 14
 | Agent Prior Target Score SMILES SMILES_state Scaffold predicted_activity predicted_activity (raw) training_similarity training_similarity (raw) taf_consistency taf_consistency (raw) scaffold_novelty scaffold_novelty (raw) novelty novelty (raw) stereo_validity stereo_validity (raw) MW_window MW_window (raw) synthetic_feasibility synthetic_feasibility (raw) curated alerts filter curated alerts filter (raw) taf_disrupted (predicted_activity) uncertainty (predicted_activity) matchting_patterns (curated alerts filter)
 | 28.2525 29.4023 35.9218 0.5103453 Cc1ccc(NS(=O)(=O)c2ccc(C)c(C(=O)NCCCn3ccnc3)c2)cc1 1 CC(CCCCC1CCCC1)C1CCCC(C(C)(C)CC2CCCCC2)C1 0.2500000 0.2500 0.1857454 0.1857 0.3333333 0.3333 1.0000000 1.0000 0.8419264 0.8419 1.0000000 1.0000 1.0000000 412.5150 0.5263633 2.1460 1.0000000 1.0000 0.6666666666666667 0.4330127018922193 []
 | 24.8189 25.4793 -22.9163 0.0200237 CC1Cc2ccccc2N1C(=O)c1cncc(Cl)n1 1 CC(C1CCCCC1)C1CCC2CCCCC21 0.2000000 0.2000 0.2381628 0.2382 0.0000000 0.0000 1.0000000 1.0000 0.7946015 0.7946 0.0000000 0.0000 1.0000000 273.7230 0.5411291 2.7903 1.0000000 1.0000 1.0 0.4 []
 | 30.3738 30.8030 35.3706 0.5169812 COc1ccc(Nc2ccc(NC(=O)c3ccco3)nc2)c(C(F)(F)F)c1 1 CC(CC1CCC(CC2CCCCC2)CC1)C1CCCC1 0.2050000 0.2050 0.2905340 0.2905 0.3333333 0.3333 1.0000000 1.0000 0.7315376 0.7315 1.0000000 1.0000 1.0000000 377.3220 0.5289132 2.2571 1.0000000 1.0000 0.6666666666666667 0.403701622488689 []
 | 28.8721 30.1596 39.4751 0.5440212 CCc1cc(NC(=O)c2cc(N)ccn2)n(C(C)C)n1 1 CC(CC1CCCC1)C1CCCCC1 0.3000000 0.3000 0.2548236 0.2548 0.3333333 0.3333 1.0000000 1.0000 0.7601492 0.7601 1.0000000 1.0000 1.0000000 273.3400 0.5363880 2.5831 1.0000000 1.0000 0.6666666666666667 0.45825756949558394 []
 | 24.2712 25.5411 -22.9856 0.0199648 c1ccc(OC2(c3ccccc3)Cc3ccccc3O2)cc1 1 C1CCC(CC2(C3CCCCC3)CC3CCCCC3C2)CC1 0.1750000 0.1750 0.2851329 0.2851 0.0000000 0.0000 1.0000000 1.0000 0.7598799 0.7599 0.0000000 0.0000 1.0000000 288.3460 0.5396701 2.7265 1.0000000 1.0000 1.0 0.3799671038392666 []
 | 36.3970 35.0268 31.8484 0.5224625 C[C@H](NC(=O)[C@@H]1CCN(S(=O)(=O)c2ccccc2Cl)C1)c1ccc(-n2cncn2)cc1 1 CC(CCC1CCC(C2CCCC2)CC1)C1CCC(C(C)(C)C2CCCCC2)C1 0.2400000 0.2400 0.2402885 0.2403 0.3333333 0.3333 1.0000000 1.0000 0.7841336 0.7841 1.0000000 1.0000 1.0000000 459.9590 0.5459998 3.0034 1.0000000 1.0000 0.6666666666666667 0.4270831300812525 []
 | 28.6839 28.5400 -28.5400 0.0000000 COC(=O)c1cc(C)c([N+](=O)[O-])cc1SC(F)(F)F 1 C1CCCCC1 0.1800000 0.1800 0.2108663 0.2109 0.3333333 0.3333 1.0000000 1.0000 0.8566152 0.8566 1.0000000 1.0000 1.0000000 295.2380 0.5373589 2.6255 1.0000000 1.0000 0.6666666666666667 0.38418745424597095 []
 | 31.6446 31.6981 33.1515 0.5066375 CCOC(=O)N1CCN(Cc2cnc(SCc3ccccc3Cl)nc2)CC1 1 C1CCC(CCC2CCC(CC3CCCCC3)CC2)CC1 0.1850000 0.1850 0.2803652 0.2804 0.3333333 0.3333 1.0000000 1.0000 0.7442552 0.7443 1.0000000 1.0000 1.0000000 406.9390 0.5284376 2.2364 1.0000000 1.0000 0.6666666666666667 0.3882975663070784 []
 | 30.6073 33.8047 -27.3511 0.0504184 Fc1c(Cl)cccc1CN1CCC[C@H](c2nccnc2-c2ccccc2)C1 1 C1CCC(CC2CCCC(C3CCCCC3C3CCCCC3)C2)CC1 0.2150000 0.2150 0.2231054 0.2231 0.0000000 0.0000 1.0000000 1.0000 0.7886299 0.7886 1.0000000 1.0000 1.0000000 381.8820 0.5399173 2.7373 1.0000000 1.0000 1.0 0.41082234603292944 []
 | 35.9503 37.4544 -31.2983 0.0480947 Cn1cc(N(c2ccc(F)c(Cl)c2)S(=O)(=O)c2ccc(Cl)cc2)cn1 1 CC(C)(C1CCCCC1)C(C1CCCCC1)C1CCCC1 0.1950000 0.1950 0.1667139 0.1667 0.0000000 0.0000 1.0000000 1.0000 0.8607885 0.8608 1.0000000 1.0000 1.0000000 400.2620 0.5346501 2.5073 1.0000000 1.0000 1.0 0.3962007067131506 []
21:00:10 <INFO> Score: 0.35 Agent NLL: 33.07 Valid:  98% Step: 15
 | Agent Prior Target Score SMILES SMILES_state Scaffold predicted_activity predicted_activity (raw) training_similarity training_similarity (raw) taf_consistency taf_consistency (raw) scaffold_novelty scaffold_novelty (raw) novelty novelty (raw) stereo_validity stereo_validity (raw) MW_window MW_window (raw) synthetic_feasibility synthetic_feasibility (raw) curated alerts filter curated alerts filter (raw) taf_disrupted (predicted_activity) uncertainty (predicted_activity) matchting_patterns (curated alerts filter)
 | 23.2770 24.7289 -24.7289 0.0000000 O=C(/C=C/c1ccccc1)NNC(=O)c1ccc(S(=O)(=O)N2CCCC2)cc1 1 CC(CCC1CCCCC1)CCC(C)C1CCC(C(C)(C)C2CCCC2)CC1 0.0000000 0.0000 0.0000000 0.0000 0.0000000 0.0000 0.0000000 0.0000 0.0000000 0.0000 0.0000000 0.0000 0.0000000 0.0000 0.0000000 0.0000 0.0000000 0.0000 None None ['[#7;!n][#7;!n]']
 | 34.2941 34.9693 36.5728 0.5589224 N#CC(=Cc1ccccc1OCc1cccc2ccccc12)C(=O)Nc1cc([N+](=O)[O-])ccc1Cl 1 CC(CCC1CCCCC1CCC1CCCC2CCCCC21)CC1CCCCC1 0.2050000 0.2050 0.2497692 0.2498 0.6666667 0.6667 1.0000000 1.0000 0.7721644 0.7722 1.0000000 1.0000 1.0000000 483.9110 0.5310591 2.3506 1.0000000 1.0000 0.33333333333333337 0.403701622488689 []
 | 70.1860 66.2013 -63.2022 0.0234309 CCCCC[C@H](C)COc1ccc(C=CC(=O)OCC2CCC(=O)[C@H]3c4ccc(O)cc4O[C@H](C(=O)c4ccc(O)cc4)[C@H]23)cc1 1 CC(CCC1CCCCC1)CCC1CCC(C)C2C3CCCCC3CC(C(C)C3CCCCC3)C12 0.1650000 0.1650 0.3613317 0.3613 0.3333333 0.3333 1.0000000 1.0000 0.6817771 0.6818 0.8000000 0.8000 0.0000000 626.7460 0.5382957 4.3336 1.0000000 1.0000 0.6666666666666667 0.37118054905934933 []
 | 27.0762 29.7817 33.3142 0.4929368 COc1c(Cl)cc(Cl)cc1NS(=O)(=O)c1ccccc1N 1 CC(C)(CC1CCCCC1)C1CCCCC1 0.1700000 0.1700 0.2378804 0.2379 0.3333333 0.3333 1.0000000 1.0000 0.8157257 0.8157 1.0000000 1.0000 1.0000000 347.2230 0.5247643 2.0764 1.0000000 1.0000 0.6666666666666667 0.375632799419859 []
 | 29.0810 29.0122 -22.4578 0.0512059 CC(=O)c1ccc(OCc2n[nH]c(=O)[nH]2)c(F)c1 1 CC1CCC(CCC2CCCCC2)C1 0.2000000 0.2000 0.2893457 0.2893 0.0000000 0.0000 1.0000000 1.0000 0.7400624 0.7401 1.0000000 1.0000 1.0000000 251.2170 0.5350443 2.5245 1.0000000 1.0000 1.0 0.4000000000000001 []
 | 23.6624 25.4438 46.5305 0.5622987 COC(=O)c1cc(N)ccc1Nc1ccccc1F 1 C1CCC(CC2CCCCC2)CC1 0.2150000 0.2150 0.2475938 0.2476 0.6666667 0.6667 1.0000000 1.0000 0.7808013 0.7808 1.0000000 1.0000 1.0000000 260.2680 0.5193278 1.8398 1.0000000 1.0000 0.33333333333333337 0.41082234603292944 []
 | 28.2860 29.3393 -29.3393 0.0000000 C=C(C)CN(C)c1ccc(CO)c(C(F)(F)F)c1 1 C1CCCCC1 0.2350000 0.2350 0.1910789 0.1911 0.3333333 0.3333 1.0000000 1.0000 0.8285014 0.8285 1.0000000 1.0000 1.0000000 259.2710 0.5367128 2.5973 1.0000000 1.0000 0.6666666666666667 0.4239988207530771 []
 | 33.3296 31.1002 33.7770 0.5068532 O=C(Nc1ccc(N2CCCCC2)c(C(=O)N2CCCC2)c1)[C@@H]1C[C@H]1c1ccccc1 1 CC(CC1CCC(C2CCCCC2)C(C(C)C2CCCC2)C1)C1CC1C1CCCCC1 0.2150000 0.2150 0.2201127 0.2201 0.3333333 0.3333 1.0000000 1.0000 0.7864395 0.7864 1.0000000 1.0000 1.0000000 417.5530 0.5420919 2.8324 1.0000000 1.0000 0.6666666666666667 0.41082234603292944 []
 | 42.7984 42.4672 -17.3643 0.1961162 CCCNC(=O)CC1=CC2C=CC=C(NC(C)=O)C2=CC1 1 C1CCC2CCCCC2C1 0.1600000 0.1600 0.2532922 0.2533 0.3333333 0.3333 1.0000000 1.0000 0.7914856 0.7915 0.0000000 0.0000 1.0000000 286.3750 0.5513012 3.7641 1.0000000 1.0000 0.6666666666666667 0.36660605559646714 []
 | 26.5740 27.8693 43.0347 0.5539371 CCOC(=O)Cc1csc(NC(=O)[C@H](C)NC)n1 1 C1CCCC1 0.2000000 0.2000 0.2375836 0.2376 0.6666667 0.6667 1.0000000 1.0000 0.7791370 0.7791 1.0000000 1.0000 1.0000000 271.3420 0.5369928 2.6095 1.0000000 1.0000 0.33333333333333337 0.4 []
21:00:10 <INFO> Sampled SMILES c1(n2c3c(c(c4ccccc41)=O)cccc3c(c2C(OCC)=O)SC)-c1ccccc1 failed to sanitize.
21:00:13 <INFO> Score: 0.29 Agent NLL: 30.48 Valid:  98% Step: 16
 | Agent Prior Target Score SMILES SMILES_state Scaffold predicted_activity predicted_activity (raw) training_similarity training_similarity (raw) taf_consistency taf_consistency (raw) scaffold_novelty scaffold_novelty (raw) novelty novelty (raw) stereo_validity stereo_validity (raw) MW_window MW_window (raw) synthetic_feasibility synthetic_feasibility (raw) curated alerts filter curated alerts filter (raw) taf_disrupted (predicted_activity) uncertainty (predicted_activity) matchting_patterns (curated alerts filter)
 | 25.2016 24.8761 -18.9513 0.0462877 Cn1nccc1-c1nc(C(C)(C)C)cs1 1 C1CCC(C2CCCC2)C1 0.1750000 0.1750 0.1402482 0.1402 0.0000000 0.0000 1.0000000 1.0000 0.8818923 0.8819 1.0000000 1.0000 1.0000000 221.3290 0.5370032 2.6100 1.0000000 1.0000 1.0 0.3799671038392666 []
 | 37.7218 39.7635 -13.6022 0.2043852 CC1(NC(=O)c2cn3c(=O)ccc(Cl)c3s2)CCCS(=O)(=O)C1 1 CC(CC1CCCC(C)(C)C1)C1CC2CCCC(C)C2C1 0.2300000 0.2300 0.2182821 0.2183 0.3333333 0.3333 1.0000000 1.0000 0.7934409 0.7934 0.0000000 0.0000 1.0000000 374.8710 0.5539691 3.6470 1.0000000 1.0000 0.6666666666666667 0.4208325082500163 []
 | 42.9943 44.0893 24.8012 0.5382070 CC1=C2[C@H](c3ccccc3Cl)c3cc(C(=O)Nc4ccccc4)sc3[C@H]2Oc2ccc(Cl)cc2N1 1 CC(CC1CCCCC1)C1CC2C3CC4CCCCC4CCC3C(C3CCCCC3)C2C1 0.2800000 0.2800 0.2538307 0.2538 0.3333333 0.3333 1.0000000 1.0000 0.7474104 0.7474 1.0000000 1.0000 1.0000000 519.4530 0.5558123 3.5660 1.0000000 1.0000 0.6666666666666667 0.44899888641287294 []
 | 22.9484 24.9267 43.5820 0.5352239 Cc1nn(C)c(CNC(=O)C(C)(C)C)c1Br 1 C1CCCC1 0.1950000 0.1950 0.1816498 0.1816 0.6666667 0.6667 1.0000000 1.0000 0.8293028 0.8293 1.0000000 1.0000 1.0000000 288.1890 0.5331768 2.4430 1.0000000 1.0000 0.33333333333333337 0.3962007067131506 []
 | 26.1161 25.6666 -22.4698 0.0249752 C=C[C@@H](O)[C@@H](C)[C@@H](C)C=C 1  0.2500000 0.2500 0.2869720 0.2870 0.3333333 0.3333 1.0000000 1.0000 0.7856268 0.7856 1.0000000 1.0000 0.0000000 140.2260 0.5380489 4.3444 1.0000000 1.0000 0.6666666666666667 0.4330127018922193 []
 | 25.2073 27.7196 0.3268 0.2191124 CCC(Sc1ccccc1)C(=O)NCC(=O)NCCOC 1 C1CCCCC1 0.2850000 0.2850 0.3190081 0.3190 0.3333333 0.3333 1.0000000 1.0000 0.6919023 0.6919 0.0000000 0.0000 1.0000000 310.4190 0.5340374 2.4805 1.0000000 1.0000 0.6666666666666667 0.4514144437210666 []
 | 44.6876 45.1017 24.8288 0.5463314 O=C(Cc1ccccc1)NCCC[C@]1(C(=O)O)CC[C@@H]2CN1C(=O)N2OCc1ccccc1 1 CC(CCCCC1CCC2CC1C(C)C2CCC1CCCCC1)CC1CCCCC1 0.2400000 0.2400 0.3906952 0.3907 0.3333333 0.3333 1.0000000 1.0000 0.6453191 0.6453 1.0000000 1.0000 1.0000000 451.5230 0.5417207 4.1839 1.0000000 1.0000 0.6666666666666667 0.4270831300812525 []
 | 25.8042 26.8481 38.3372 0.5092601 Cc1cnccc1NC(=O)c1c(Cl)cnn1C 1 CC(CC1CCCCC1)C1CCCC1 0.2400000 0.2400 0.1919430 0.1919 0.3333333 0.3333 1.0000000 1.0000 0.8399858 0.8400 1.0000000 1.0000 1.0000000 250.6890 0.5297192 2.2922 1.0000000 1.0000 0.6666666666666667 0.4270831300812524 []
 | 27.1509 30.1001 -2.9581 0.2120469 COc1ccccc1C(=O)Nc1cccc(SC(C)C(=O)Nc2ccc(Cl)c(Cl)c2)c1 1 CC(CCC1CCCC(CC(C)C2CCCCC2)C1)CC1CCCCC1 0.2400000 0.2400 0.2860281 0.2860 0.3333333 0.3333 1.0000000 1.0000 0.7697954 0.7698 0.0000000 0.0000 1.0000000 475.3970 0.5324148 2.4097 1.0000000 1.0000 0.6666666666666667 0.4270831300812524 []
 | 23.1468 22.2077 3.4776 0.2006660 CCNC(c1ccc(Cl)cc1)C1CCOC1 1 C1CCC(CC2CCCC2)CC1 0.1800000 0.1800 0.2639818 0.2640 0.3333333 0.3333 1.0000000 1.0000 0.7839753 0.7840 0.0000000 0.0000 1.0000000 239.7460 0.5430666 2.8750 1.0000000 1.0000 0.6666666666666667 0.38418745424597095 []
21:00:17 <INFO> Score: 0.31 Agent NLL: 31.32 Valid: 100% Step: 17
 | Agent Prior Target Score SMILES SMILES_state Scaffold predicted_activity predicted_activity (raw) training_similarity training_similarity (raw) taf_consistency taf_consistency (raw) scaffold_novelty scaffold_novelty (raw) novelty novelty (raw) stereo_validity stereo_validity (raw) MW_window MW_window (raw) synthetic_feasibility synthetic_feasibility (raw) curated alerts filter curated alerts filter (raw) taf_disrupted (predicted_activity) uncertainty (predicted_activity) matchting_patterns (curated alerts filter)
 | 39.1543 38.9010 31.8767 0.5529511 COC(=O)C[C@H](O)[C@H](C)[C@]1(O)CC[C@@H](C)C1(C)C 1 C1CCCC1 0.1650000 0.1650 0.3094922 0.3095 0.6666667 0.6667 1.0000000 1.0000 0.7348349 0.7348 1.0000000 1.0000 1.0000000 258.3580 0.5426894 4.1415 1.0000000 1.0000 0.33333333333333337 0.37118054905934933 []
 | 45.9372 46.9575 -44.3965 0.0200081 C/C=C(\C(=O)N(Cc1ccc([S+](C)[O-])cc1)S(=O)(=O)c1ccc(Cl)cc1)c1ccc(F)cc1 1 CC(C1CCCCC1)C(C)C(CC1CCCCC1)C(C)(C)C1CCCCC1 0.2100000 0.2100 0.2135407 0.2135 0.0000000 0.0000 1.0000000 1.0000 0.8210415 0.8210 0.0000000 0.0000 1.0000000 506.0200 0.5567118 3.4736 1.0000000 1.0000 1.0 0.4073082370883261 []
 | 23.7323 28.3698 41.9573 0.5494308 Cc1ccc(NC(=O)[C@@H](C)NC(=O)N(C)Cc2ccccc2)cc1 1 CC(CCC(C)CC1CCCCC1)CCC1CCCCC1 0.2900000 0.2900 0.3119251 0.3119 0.3333333 0.3333 1.0000000 1.0000 0.6880749 0.6881 1.0000000 1.0000 1.0000000 325.4120 0.5271211 2.1790 1.0000000 1.0000 0.6666666666666667 0.4537620521815371 []
 | 31.9008 30.0912 -23.3181 0.0529144 COc1cc(O)cc(C(=O)C(F)F)c1C(F)(F)F 1 C1CCCCC1 0.2350000 0.2350 0.2909287 0.2909 0.0000000 0.0000 1.0000000 1.0000 0.7710545 0.7711 1.0000000 1.0000 1.0000000 270.1530 0.5422428 2.8390 1.0000000 1.0000 1.0 0.4239988207530771 []
 | 23.3572 23.6888 -20.5273 0.0246987 CC(=O)/C=C\C#Cc1ccccc1 1 C1CCCCC1 0.2350000 0.2350 0.2990743 0.2991 0.3333333 0.3333 1.0000000 1.0000 0.7420697 0.7421 1.0000000 1.0000 0.0000000 170.2110 0.5340393 2.4806 1.0000000 1.0000 0.6666666666666667 0.4239988207530771 []
 | 22.6624 24.0740 -24.0740 0.0000000 CCN(C(C)C)S(=O)(=O)c1ccccc1CNC 1 C1CCCCC1 0.2400000 0.2400 0.2648205 0.2648 0.3333333 0.3333 1.0000000 1.0000 0.7424363 0.7424 1.0000000 1.0000 1.0000000 270.3980 0.5280871 2.2211 1.0000000 1.0000 0.6666666666666667 0.4270831300812524 []
 | 27.9127 29.5128 38.1700 0.5287722 Clc1ccc(Nc2cnc(N(Cc3ccccc3)c3ccccc3)nc2)cc1 1 C1CCC(CC2CCC(C(CC3CCCCC3)C3CCCCC3)CC2)CC1 0.2300000 0.2300 0.3080977 0.3081 0.3333333 0.3333 1.0000000 1.0000 0.7027027 0.7027 1.0000000 1.0000 1.0000000 386.8860 0.5261799 2.1380 1.0000000 1.0000 0.6666666666666667 0.4208325082500163 []
 | 25.7491 26.1373 -19.5056 0.0518100 O=C1N=C(N2CCCCC2)C(=O)/C1=C(/O)c1ccccc1 1 CC1CC(C2CCCCC2)C(C)C1CC1CCCCC1 0.2200000 0.2200 0.2876862 0.2877 0.0000000 0.0000 1.0000000 1.0000 0.7180581 0.7181 1.0000000 1.0000 1.0000000 284.3150 0.5326633 2.4206 1.0000000 1.0000 1.0 0.41424630354415964 []
 | 29.2216 30.1213 36.2919 0.5188530 O=C(CCN1c2ccccc2Sc2ccccc21)OC12CC3CC(CC(C3)C1)C2 1 CC(CCC1C2CCCCC2CC2CCCCC21)CC12CC3CC(CC(C3)C1)C2 0.2100000 0.2100 0.2857953 0.2858 0.3333333 0.3333 1.0000000 1.0000 0.7175771 0.7176 1.0000000 1.0000 1.0000000 405.5630 0.5530402 3.6878 1.0000000 1.0000 0.6666666666666667 0.4073082370883261 []
 | 30.5694 31.7534 36.6866 0.5346880 Cc1ccc(-n2c(=O)c3ccccc3n(CC(N)=O)c2=O)c(C)c1 1 CC1CC2CCCCC2C(C)C1C1CCCCC1 0.2750000 0.2750 0.2558140 0.2558 0.3333333 0.3333 1.0000000 1.0000 0.7492939 0.7493 1.0000000 1.0000 1.0000000 323.3520 0.5244123 2.0611 1.0000000 1.0000 0.6666666666666667 0.4465142774872938 []
21:00:17 <INFO> Sampled SMILES C(=NCCc1csc(C)n1)(NC(c1cccc(c1)Cl)C)=NC failed to sanitize.
21:00:21 <INFO> Score: 0.29 Agent NLL: 30.29 Valid:  97% Step: 18
 | Agent Prior Target Score SMILES SMILES_state Scaffold predicted_activity predicted_activity (raw) training_similarity training_similarity (raw) taf_consistency taf_consistency (raw) scaffold_novelty scaffold_novelty (raw) novelty novelty (raw) stereo_validity stereo_validity (raw) MW_window MW_window (raw) synthetic_feasibility synthetic_feasibility (raw) curated alerts filter curated alerts filter (raw) taf_disrupted (predicted_activity) uncertainty (predicted_activity) matchting_patterns (curated alerts filter)
 | 23.4018 27.0393 41.8267 0.5380161 O=C(NCCc1cccs1)c1cc(-c2ccccc2)nn1-c1ccccc1 1 CC(CCCC1CCCC1)C1CC(C2CCCCC2)CC1C1CCCCC1 0.2800000 0.2800 0.2666324 0.2666 0.3333333 0.3333 1.0000000 1.0000 0.7333676 0.7334 1.0000000 1.0000 1.0000000 373.4810 0.5233286 2.0139 1.0000000 1.0000 0.6666666666666667 0.44899888641287294 []
 | 23.9470 25.5470 -25.5470 0.0000000 CCCOc1ccc(S(=O)(=O)NCC(=O)NC(C)(C)C)cc1 1 C1CCCCC1 0.1950000 0.1950 0.3396831 0.3397 0.3333333 0.3333 1.0000000 1.0000 0.6603169 0.6603 1.0000000 1.0000 1.0000000 328.4340 0.5225915 1.9818 1.0000000 1.0000 0.6666666666666667 0.3962007067131506 []
 | 31.4145 32.0897 -32.0897 0.0000000 CCCOC(=O)OCc1ccc([N+](=O)[O-])nc1 1 C1CCCCC1 0.2350000 0.2350 0.3154466 0.3154 0.3333333 0.3333 1.0000000 1.0000 0.6845534 0.6846 1.0000000 1.0000 1.0000000 240.2150 0.5317034 2.3787 1.0000000 1.0000 0.6666666666666667 0.4239988207530771 []
 | 34.6062 34.0589 34.0153 0.5318297 COc1cc(C=C(C#N)c2nc(N)n[nH]2)ccc1OCc1ccc(Cl)c(Cl)c1 1 C1CCC(CCC2CCC(CCC3CCCC3)CC2)CC1 0.1650000 0.1650 0.2221882 0.2222 0.6666667 0.6667 1.0000000 1.0000 0.7822482 0.7822 1.0000000 1.0000 1.0000000 416.2680 0.5361454 2.5725 1.0000000 1.0000 0.33333333333333337 0.37118054905934933 []
 | 27.4901 30.7835 28.5765 0.4637497 CN(Cc1ncsc1CCN)C(C)(C)C 1 C1CCCC1 0.1600000 0.1600 0.1494036 0.1494 0.3333333 0.3333 1.0000000 1.0000 0.8750000 0.8750 1.0000000 1.0000 1.0000000 227.3770 0.5510240 3.2237 1.0000000 1.0000 0.6666666666666667 0.36660605559646714 []
 | 25.2453 27.4892 33.1026 0.4733736 CNc1cc(Nc2ccc(F)c(Cl)c2)cc([N+](=O)[O-])c1 1 C1CCC(CC2CCCCC2)CC1 0.1800000 0.1800 0.1540488 0.1540 0.3333333 0.3333 1.0000000 1.0000 0.8799400 0.8799 1.0000000 1.0000 1.0000000 295.7010 0.5268663 2.1679 1.0000000 1.0000 0.6666666666666667 0.38418745424597095 []
 | 38.5108 38.4417 -8.2351 0.2359890 C#CC(C)NS(=O)(=O)c1ccc(NC(=O)c2cccs2)c2ccccc12 1 CC(CC1CCCC2CCCCC21)C1CCCC1 0.3200000 0.3200 0.2166916 0.2167 0.6666667 0.6667 1.0000000 1.0000 0.7841795 0.7842 0.0000000 0.0000 1.0000000 384.4820 0.5438783 2.9105 1.0000000 1.0000 0.33333333333333337 0.466476151587624 []
 | 32.7246 32.3013 -5.8626 0.2065520 CC(C)(C)c1cc(-c2ccccc2)cn1C1CCC(=O)NC1=O 1 CC1CCC(C2CCC(C3CCCCC3)C2)C(C)C1 0.1900000 0.1900 0.3096116 0.3096 0.3333333 0.3333 1.0000000 1.0000 0.7689267 0.7689 0.0000000 0.0000 1.0000000 310.3970 0.5468531 3.0408 1.0000000 1.0000 0.6666666666666667 0.39230090491866065 []
 | 60.1279 63.0900 -59.9959 0.0241720 CC(C)c1ccccc1N(C(=O)OC(C)(C)C)C1N=NC1C=CC(=O)[C@H](C)NS(=O)(=O)c1ccc(C(C)(C)C)cc1 1 CC(CCC1CCC1CC1CCCCC1)CCC(C)(C)C1CCCCC1 0.2100000 0.2100 0.2089073 0.2089 0.6666667 0.6667 1.0000000 1.0000 0.7945013 0.7945 0.3333333 0.3333 0.0000000 582.7670 0.5386311 4.3189 1.0000000 1.0000 0.33333333333333337 0.40730823708832603 []
 | 31.2372 29.7602 -4.9351 0.1939457 CC(=O)c1ccc(NC(=O)CN(C)CC(=O)N2CC(C)CC(C)C2)cc1 1 CC(CCCC(C)C1CCCCC1)CC1CCCCC1 0.1600000 0.1600 0.2325582 0.2326 0.3333333 0.3333 1.0000000 1.0000 0.8051039 0.8051 0.0000000 0.0000 1.0000000 359.4700 0.5418041 2.8198 1.0000000 1.0000 0.6666666666666667 0.36660605559646714 []
21:00:21 <INFO> Sampled SMILES c12c(Br)ccc3c1c(ccc3)cc1c2cccc1 failed to sanitize.
21:00:21 <INFO> Sampled SMILES c1cccc(c1)SCc1[nH]c2c(OC)cc(cc2[nH]c1=O)=O failed to sanitize.
21:00:21 <INFO> Sampled SMILES N1(CC(n2c(=O)cccn12)C)c1onc(c1)C failed to sanitize.
21:00:24 <INFO> Score: 0.32 Agent NLL: 30.95 Valid:  95% Step: 19
 | Agent Prior Target Score SMILES SMILES_state Scaffold predicted_activity predicted_activity (raw) training_similarity training_similarity (raw) taf_consistency taf_consistency (raw) scaffold_novelty scaffold_novelty (raw) novelty novelty (raw) stereo_validity stereo_validity (raw) MW_window MW_window (raw) synthetic_feasibility synthetic_feasibility (raw) curated alerts filter curated alerts filter (raw) taf_disrupted (predicted_activity) uncertainty (predicted_activity) matchting_patterns (curated alerts filter)
 | 31.4196 30.7822 -3.7138 0.2114719 COC(=O)C(C)(C)N1CCNCC(CO)C1 1 C1CCCCCC1 0.1450000 0.1450 0.2519763 0.2520 0.6666667 0.6667 1.0000000 1.0000 0.7888145 0.7888 0.0000000 0.0000 1.0000000 230.3080 0.5539827 3.3536 1.0000000 1.0000 0.33333333333333337 0.35210083782916507 []
 | 43.3417 44.3172 -17.4373 0.2099991 CN1CC(c2cccc(NC(=O)c3c(F)cccc3Cl)c2)OC=C1N 1 CC(CC1CCCC(C2CCCCC2)C1)C1CCCCC1 0.2600000 0.2600 0.2295650 0.2296 0.3333333 0.3333 1.0000000 1.0000 0.7967626 0.7968 0.0000000 0.0000 1.0000000 361.8040 0.5508235 3.2149 1.0000000 1.0000 0.6666666666666667 0.4386342439892262 []
 | 25.1332 25.1073 -25.1073 0.0000000 c12c(Br)ccc3c1c(ccc3)cc1c2cccc1 0 -- 0.0000000 0.0000 0.0000000 0.0000 0.0000000 0.0000 0.0000000 0.0000 0.0000000 0.0000 0.0000000 0.0000 0.0000000 0.0000 0.0000000 0.0000 0.0000000 0.0000 None None None
 | 27.8113 28.7455 -22.4479 0.0491999 CC(C)(C)Cc1ccc(-c2[nH]ncc2I)cc1 1 C1CCC(C2CCCC2)CC1 0.1950000 0.1950 0.1995931 0.1996 0.0000000 0.0000 1.0000000 1.0000 0.8499250 0.8499 1.0000000 1.0000 1.0000000 340.2080 0.5345854 2.5044 1.0000000 1.0000 1.0 0.3962007067131506 []
 | 26.9773 27.0530 -2.4667 0.1920809 CSCCNC(=O)NC(C)(CC(C)C)C(=O)O 1  0.1950000 0.1950 0.1616271 0.1616 0.3333333 0.3333 1.0000000 1.0000 0.8461356 0.8461 0.0000000 0.0000 1.0000000 262.3750 0.5477519 3.0802 1.0000000 1.0000 0.6666666666666667 0.3962007067131506 []
 | 39.2853 38.8597 23.5894 0.4878835 COc1ccccc1Nc1nc(N)c(-c2noc(-c3ccc(F)cc3)n2)o1 1 C1CCC(CC2CCC(C3CCC(C4CCCCC4)C3)C2)CC1 0.1600000 0.1600 0.2412253 0.2412 0.3333333 0.3333 1.0000000 1.0000 0.7864395 0.7864 1.0000000 1.0000 1.0000000 367.3400 0.5349003 2.5182 1.0000000 1.0000 0.6666666666666667 0.36660605559646714 []
 | 26.0166 27.5732 -27.5732 0.0000000 CCC(=O)N(C)c1cccc(NC(=O)C(C)(C)C)c1 1 C1CCCCC1 0.3000000 0.3000 0.2253745 0.2254 0.3333333 0.3333 1.0000000 1.0000 0.7937605 0.7938 1.0000000 1.0000 1.0000000 262.3530 0.5258482 2.1236 1.0000000 1.0000 0.6666666666666667 0.45825756949558394 []
 | 22.4993 25.6741 45.6595 0.5572940 Cc1ccc(N2C[C@@H](C(=O)Nc3ccc(Br)cc3)CC2=O)cc1 1 CC(CC1CCCCC1)C1CC(C)C(C2CCCCC2)C1 0.2150000 0.2150 0.2280126 0.2280 0.6666667 0.6667 1.0000000 1.0000 0.7856026 0.7856 1.0000000 1.0000 1.0000000 373.2500 0.5283279 2.2316 1.0000000 1.0000 0.33333333333333337 0.41082234603292944 []
 | 33.8899 36.0146 32.1695 0.5326888 CC(=O)Nc1ccc(O[C@@H]2O[C@@H](COC(C)=O)[C@H](NC(C)=O)[C@H](OC(C)=O)[C@H]2OC(C)=O)cc1 1 C1CCC(CC2CCCCC2)CC1 0.1500000 0.1500 0.2479592 0.2480 0.6666667 0.6667 1.0000000 1.0000 0.7864395 0.7864 1.0000000 1.0000 1.0000000 480.4700 0.5513653 3.7613 1.0000000 1.0000 0.33333333333333337 0.3570714214271425 []
 | 44.0544 44.4705 27.5221 0.5624425 CC(C)(C)OC(=O)N1CCN(c2ncn(C[C@](C)(O)c3ccccc3)c(=O)c2N=O)CC1 1 CC1CC(C2CCCCC2)CCC1CCC1CCCCC1 0.1850000 0.1850 0.3084435 0.3084 0.6666667 0.6667 1.0000000 1.0000 0.7118218 0.7118 1.0000000 1.0000 1.0000000 443.5040 0.5531130 3.3154 1.0000000 1.0000 0.33333333333333337 0.3882975663070784 []
21:00:29 <INFO> Score: 0.34 Agent NLL: 29.79 Valid: 100% Step: 20
 | Agent Prior Target Score SMILES SMILES_state Scaffold predicted_activity predicted_activity (raw) training_similarity training_similarity (raw) taf_consistency taf_consistency (raw) scaffold_novelty scaffold_novelty (raw) novelty novelty (raw) stereo_validity stereo_validity (raw) MW_window MW_window (raw) synthetic_feasibility synthetic_feasibility (raw) curated alerts filter curated alerts filter (raw) taf_disrupted (predicted_activity) uncertainty (predicted_activity) matchting_patterns (curated alerts filter)
 | 37.1746 37.7677 -11.6578 0.2039840 Cc1nccc2ccc(C(C)NC(=O)CCC(=O)c3ccc(Cl)cc3)cc12 1 CC(CCC1CCC2CCCCC2C1)CCC(C)C1CCCCC1 0.2450000 0.2450 0.2020305 0.2020 0.3333333 0.3333 1.0000000 1.0000 0.7979695 0.7980 0.0000000 0.0000 1.0000000 380.8750 0.5359990 2.5661 1.0000000 1.0000 0.6666666666666667 0.4300872004605578 []
 | 29.0031 30.5299 -30.5299 0.0000000 CNCCC=C(C)c1ccc(Cl)c(C(C)(C)C)c1 1 C1CCCCC1 0.2000000 0.2000 0.1779150 0.1779 0.3333333 0.3333 1.0000000 1.0000 0.8630008 0.8630 1.0000000 1.0000 1.0000000 265.8280 0.5357050 2.5533 1.0000000 1.0000 0.6666666666666667 0.4000000000000001 []
 | 44.1034 42.6205 -16.2290 0.2061839 CC1(C)C=C(C2C(=O)Nc3ccccc32)c2cc3[nH]c(=O)sc3cc2O1 1 CC1CC2CC3CCCC(C4C(C)CC5CCCCC54)C3CC2C1 0.2100000 0.2100 0.2677265 0.2677 0.3333333 0.3333 1.0000000 1.0000 0.7652618 0.7653 0.0000000 0.0000 1.0000000 364.4260 0.5560759 3.5544 1.0000000 1.0000 0.6666666666666667 0.40730823708832603 []
 | 37.8665 39.2700 -32.7892 0.0506308 COC(C)(C)Cc1ccoc1-c1ccccc1S(C)(=O)=O 1 C1CCC(C2CCCC2)CC1 0.1800000 0.1800 0.3040168 0.3040 0.0000000 0.0000 1.0000000 1.0000 0.7333096 0.7333 1.0000000 1.0000 1.0000000 308.3990 0.5388331 2.6899 1.0000000 1.0000 1.0 0.38418745424597095 []
 | 31.3650 32.4641 38.0379 0.5507965 CCOc1cc(C=C2SC(=Nc3ccc(C)cc3C)NC2=O)ccc1OCc1ccc(Br)cc1 1 CC1CC(CC2CCCCC2)CC1CC1CCC(CCC2CCCCC2)CC1 0.1550000 0.1550 0.3225911 0.3226 0.6666667 0.6667 1.0000000 1.0000 0.7453142 0.7453 1.0000000 1.0000 1.0000000 537.4790 0.5399159 2.7372 1.0000000 1.0000 0.33333333333333337 0.36190468358395134 []
 | 23.8246 24.7679 0.3109 0.1959282 COc1ccc(NC(=O)C2CCC3CCCCC3N2)cc1 1 CC(CC1CCCCC1)C1CCC2CCCCC2C1 0.1500000 0.1500 0.2711631 0.2712 0.3333333 0.3333 1.0000000 1.0000 0.8043441 0.8043 0.0000000 0.0000 1.0000000 288.3910 0.5453504 2.9750 1.0000000 1.0000 0.6666666666666667 0.3570714214271425 []
 | 26.5018 29.0963 38.0381 0.5244880 COc1ccccc1NC(=O)CN(C(C)C)S(=O)(=O)c1ccc2ccccc2c1 1 CC(CCC(C)(C)C1CCC2CCCCC2C1)CC1CCCCC1 0.2150000 0.2150 0.2979509 0.2980 0.3333333 0.3333 1.0000000 1.0000 0.7601994 0.7602 1.0000000 1.0000 1.0000000 412.5110 0.5243232 2.0572 1.0000000 1.0000 0.6666666666666667 0.41082234603292944 []
 | 28.2785 29.5990 -2.0917 0.2149010 CC1(c2ccc(CCN)cc2)N=C(N)NC1=O 1 CC1CCCC1C1CCCCC1 0.2600000 0.2600 0.2718636 0.2719 0.3333333 0.3333 1.0000000 1.0000 0.7996727 0.7997 0.0000000 0.0000 1.0000000 232.2870 0.5518892 3.2617 1.0000000 1.0000 0.6666666666666667 0.4386342439892262 []
 | 26.2846 30.3930 37.8800 0.5333827 CC(=O)NCc1ccc(S(=O)(=O)N(CC(N)=O)C(C)C)s1 1 C1CCCC1 0.2800000 0.2800 0.2320059 0.2320 0.3333333 0.3333 1.0000000 1.0000 0.7946015 0.7946 1.0000000 1.0000 1.0000000 333.4350 0.5352631 2.5340 1.0000000 1.0000 0.6666666666666667 0.44899888641287294 []
 | 23.3653 27.3150 43.2016 0.5509108 C[C@@H](N)c1ccnc(N(Cc2ccccc2)C2CC2)c1 1 C1CCC(CC(C2CCCCC2)C2CC2)CC1 0.2850000 0.2850 0.3210121 0.3210 0.3333333 0.3333 1.0000000 1.0000 0.6880749 0.6881 1.0000000 1.0000 1.0000000 267.3760 0.5383728 2.6698 1.0000000 1.0000 0.6666666666666667 0.4514144437210666 []
21:00:29 <INFO> Sampled SMILES c1c2n(cc1C#N)c(C#N)cc(c2=O)OCCCC failed to sanitize.
21:00:32 <INFO> Score: 0.35 Agent NLL: 29.44 Valid:  98% Step: 21
 | Agent Prior Target Score SMILES SMILES_state Scaffold predicted_activity predicted_activity (raw) training_similarity training_similarity (raw) taf_consistency taf_consistency (raw) scaffold_novelty scaffold_novelty (raw) novelty novelty (raw) stereo_validity stereo_validity (raw) MW_window MW_window (raw) synthetic_feasibility synthetic_feasibility (raw) curated alerts filter curated alerts filter (raw) taf_disrupted (predicted_activity) uncertainty (predicted_activity) matchting_patterns (curated alerts filter)
 | 40.5966 42.6905 24.1962 0.5225523 CC[C@@H]1CN2C[C@@H](CCC(=O)NCc3ccccc3)NC(=O)[C@@H](C2)CN1CCCN(C)C 1 CC(CCC1CCCCC1)CCC1CC2CCCCC(C2)C(C)C1 0.2400000 0.2400 0.2946879 0.2947 0.3333333 0.3333 1.0000000 1.0000 0.7053121 0.7053 0.7500000 0.7500 1.0000000 443.6360 0.5326663 4.5793 1.0000000 1.0000 0.6666666666666667 0.4270831300812524 []
 | 22.7152 32.0136 36.8896 0.5383062 CCNC(=O)C(=O)N(Cc1ccccc1)C(=O)Cc1ccccc1 1 CC(CCC1CCCCC1)CC1CCCCC1 0.2550000 0.2550 0.3138395 0.3138 0.3333333 0.3333 1.0000000 1.0000 0.6898639 0.6899 1.0000000 1.0000 1.0000000 324.3800 0.5265241 2.1530 1.0000000 1.0000 0.6666666666666667 0.43586121644395015 []
 | 25.3178 27.6591 42.5730 0.5486883 CNC(=O)NC(=O)COC(=O)c1sc(-c2cccs2)nc1C 1 C1CCC(C2CCCC2)C1 0.1950000 0.1950 0.2243001 0.2243 0.6666667 0.6667 1.0000000 1.0000 0.8060855 0.8061 1.0000000 1.0000 1.0000000 339.3980 0.5303963 2.3217 1.0000000 1.0000 0.33333333333333337 0.3962007067131506 []
 | 36.8156 40.5293 24.4613 0.5077389 CCc1cccc(OC)c1O[C@H]1OC(=O)[C@H](OC(C)=O)[C@@H](OC(C)=O)[C@@H]1OC(C)=O 1 CC1CCCC(CC2CCCCC2)C1 0.1500000 0.1500 0.3833100 0.3833 0.3333333 0.3333 1.0000000 1.0000 0.6872284 0.6872 1.0000000 1.0000 1.0000000 424.4020 0.5504212 3.8028 1.0000000 1.0000 0.6666666666666667 0.3570714214271425 []
 | 29.6682 32.5909 36.8944 0.5428535 O=C(O)c1cccnc1C(=O)Nc1ccccc1SCc1ccccc1Cl 1 CC(CC1CCCCC1CCC1CCCCC1)C1CCCCC1 0.2950000 0.2950 0.2666324 0.2666 0.3333333 0.3333 1.0000000 1.0000 0.7333676 0.7334 1.0000000 1.0000 1.0000000 398.8710 0.5249222 2.0833 1.0000000 1.0000 0.6666666666666667 0.4560427611529428 []
 | 28.0448 26.7355 -0.5738 0.2043878 CCC1(O)CCN(c2cccc(C)c2)C1 1 C1CCC(C2CCCC2)CC1 0.2000000 0.2000 0.2678358 0.2678 0.3333333 0.3333 1.0000000 1.0000 0.7808215 0.7808 0.0000000 0.0000 1.0000000 205.3010 0.5384461 2.6730 1.0000000 1.0000 0.6666666666666667 0.4000000000000001 []
 | 23.5415 22.8209 -22.8209 0.0000000 CN(CCCO)c1ccc(CO)cc1 1 C1CCCCC1 0.2550000 0.2550 0.2366432 0.2366 0.3333333 0.3333 1.0000000 1.0000 0.7698414 0.7698 1.0000000 1.0000 1.0000000 195.2620 0.5219848 1.9554 1.0000000 1.0000 0.6666666666666667 0.43586121644395015 []
 | 48.4468 48.1877 15.3130 0.4960992 COc1cc(-c2ccnc(Nc3cccc(OCCCN(C)C)c3)n2)nc(OC)c1P(C)(C)=O 1 C1CCC(CC2CCCC(C3CCCCC3)C2)CC1 0.1750000 0.1750 0.2400397 0.2400 0.3333333 0.3333 1.0000000 1.0000 0.7946040 0.7946 1.0000000 1.0000 1.0000000 485.5250 0.5438844 2.9108 1.0000000 1.0000 0.6666666666666667 0.3799671038392666 []
 | 29.2788 33.3743 36.3360 0.5446118 Clc1ccc(Nc2ccccc2CNc2cccc(Br)c2)cc1 1 C1CCC(CCC2CCCCC2CC2CCCCC2)CC1 0.2200000 0.2200 0.1797237 0.1797 0.6666667 0.6667 1.0000000 1.0000 0.8378379 0.8378 1.0000000 1.0000 1.0000000 387.7080 0.5185434 1.8057 1.0000000 1.0000 0.33333333333333337 0.4142463035441596 []
 | 22.9299 25.0427 -25.0427 0.0000000 CCOc1ccc(NC(=O)CS(=O)(=O)C(C)C)cc1 1 C1CCCCC1 0.2300000 0.2300 0.3142857 0.3143 0.3333333 0.3333 1.0000000 1.0000 0.7011928 0.7012 1.0000000 1.0000 1.0000000 285.3650 0.5217110 1.9435 1.0000000 1.0000 0.6666666666666667 0.4208325082500163 []
21:00:36 <INFO> Score: 0.35 Agent NLL: 27.78 Valid: 100% Step: 22
 | Agent Prior Target Score SMILES SMILES_state Scaffold predicted_activity predicted_activity (raw) training_similarity training_similarity (raw) taf_consistency taf_consistency (raw) scaffold_novelty scaffold_novelty (raw) novelty novelty (raw) stereo_validity stereo_validity (raw) MW_window MW_window (raw) synthetic_feasibility synthetic_feasibility (raw) curated alerts filter curated alerts filter (raw) taf_disrupted (predicted_activity) uncertainty (predicted_activity) matchting_patterns (curated alerts filter)
 | 28.2476 27.9501 44.7492 0.5679629 CN1CCC(N2CCN(Cc3cccc(C#CCCO)c3)CC2)CC1 1 C1CCC(CC2CCC(C3CCCCC3)CC2)CC1 0.2300000 0.2300 0.2473316 0.2473 0.6666667 0.6667 1.0000000 1.0000 0.7576069 0.7576 1.0000000 1.0000 1.0000000 341.4990 0.5315576 2.3724 1.0000000 1.0000 0.33333333333333337 0.4208325082500163 []
 | 24.4857 27.2156 -0.9471 0.2052233 CC(NC(=O)CN(c1ccccc1F)S(C)(=O)=O)c1ccc(Cl)cc1 1 CC(CCC1CCCCC1)CCC1CCCCC1 0.2350000 0.2350 0.2273315 0.2273 0.3333333 0.3333 1.0000000 1.0000 0.7794356 0.7794 0.0000000 0.0000 1.0000000 384.8600 0.5335640 2.4599 1.0000000 1.0000 0.6666666666666667 0.4239988207530771 []
 | 20.0329 22.4953 42.7396 0.5096483 Cc1cccc(NC(=O)COc2c(C)cccc2C)c1 1 CC(CCC1CCCCC1)CC1CCCCC1 0.2050000 0.2050 0.2615329 0.2615 0.3333333 0.3333 1.0000000 1.0000 0.7462523 0.7463 1.0000000 1.0000 1.0000000 269.3440 0.5147886 1.6424 1.0000000 1.0000 0.6666666666666667 0.403701622488689 []
 | 21.9819 24.6135 -24.6135 0.0000000 CC(C)NCCS(=O)(=O)Nc1ccccc1C(C)(C)C 1 C1CCCCC1 0.2500000 0.2500 0.2223080 0.2223 0.3333333 0.3333 1.0000000 1.0000 0.7776920 0.7777 1.0000000 1.0000 1.0000000 298.4520 0.5279824 2.2165 1.0000000 1.0000 0.6666666666666667 0.4330127018922193 []
 | 25.7902 24.2473 -17.9911 0.0488767 Cc1ccc2c(c1)C(=O)CC1(CCC1)O2 1 CC1CC2(CCC2)CC2CCCCC12 0.1500000 0.1500 0.2812500 0.2813 0.0000000 0.0000 1.0000000 1.0000 0.7740760 0.7741 1.0000000 1.0000 1.0000000 202.2530 0.5394465 2.7167 1.0000000 1.0000 1.0 0.3570714214271425 []
 | 24.5052 30.5018 37.9857 0.5350585 CCN(C(C)=O)c1nccnc1NCCc1ccccc1 1 C1CCC(CCCC2CCCCC2)CC1 0.2300000 0.2300 0.3418704 0.3419 0.3333333 0.3333 1.0000000 1.0000 0.6841011 0.6841 1.0000000 1.0000 1.0000000 284.3630 0.5301895 2.3127 1.0000000 1.0000 0.6666666666666667 0.4208325082500163 []
 | 28.4316 30.7710 34.9653 0.5135649 CN(C(=O)[C@@H]1CSCN1)c1cccc(OC(F)(F)F)c1 1 CC(CC1CCCCC1)C1CCCC1 0.2200000 0.2200 0.2300895 0.2301 0.3333333 0.3333 1.0000000 1.0000 0.8039428 0.8039 1.0000000 1.0000 1.0000000 306.3090 0.5500321 3.1802 1.0000000 1.0000 0.6666666666666667 0.41424630354415964 []
 | 22.4705 20.1655 -19.8748 0.0022712 CCCCC1CS(=O)(=O)C1 1 CC1(C)CCC1 0.1250000 0.1250 0.3627381 0.3627 0.0000000 0.0000 1.0000000 1.0000 0.7628292 0.7628 1.0000000 1.0000 0.0000000 162.2540 0.5332537 2.4463 1.0000000 1.0000 1.0 0.33071891388307384 []
 | 22.1434 22.2014 -21.9014 0.0023440 ON=Cc1cccc2ccccc12 1 C1CCC2CCCCC2C1 0.2350000 0.2350 0.2056773 0.2057 0.0000000 0.0000 1.0000000 1.0000 0.7943227 0.7943 1.0000000 1.0000 0.0000000 171.1990 0.5203044 1.8823 1.0000000 1.0000 1.0 0.4239988207530771 []
 | 27.2650 28.8606 37.2755 0.5166884 CN1CCN(CCCNC(=O)C(=O)N2CCc3ccccc3C2)CC1 1 CC(CCCCC1CCCCC1)C(C)C1CCC2CCCCC2C1 0.2300000 0.2300 0.2353104 0.2353 0.3333333 0.3333 1.0000000 1.0000 0.7970615 0.7971 1.0000000 1.0000 1.0000000 344.4590 0.5275543 2.1979 1.0000000 1.0000 0.6666666666666667 0.4208325082500162 []
21:00:40 <INFO> Score: 0.32 Agent NLL: 30.01 Valid: 100% Step: 23
 | Agent Prior Target Score SMILES SMILES_state Scaffold predicted_activity predicted_activity (raw) training_similarity training_similarity (raw) taf_consistency taf_consistency (raw) scaffold_novelty scaffold_novelty (raw) novelty novelty (raw) stereo_validity stereo_validity (raw) MW_window MW_window (raw) synthetic_feasibility synthetic_feasibility (raw) curated alerts filter curated alerts filter (raw) taf_disrupted (predicted_activity) uncertainty (predicted_activity) matchting_patterns (curated alerts filter)
 | 28.0395 26.9419 -26.9419 0.0000000 Cc1nc(Cl)cc(Nc2ccc(NC(=O)OC(C)(C)C)cc2)n1 1 C1CCC(CC2CCCCC2)CC1 0.1800000 0.1800 0.1784103 0.1784 0.6666667 0.6667 1.0000000 1.0000 0.8420506 0.8421 1.0000000 1.0000 1.0000000 334.8070 0.5262669 2.1418 1.0000000 1.0000 0.33333333333333337 0.38418745424597095 []
 | 23.1274 25.8358 44.9550 0.5530530 Cc1ccccc1S(=O)(=O)Nc1ccccc1C#N 1 CC(C)(CC1CCCCC1)C1CCCCC1 0.2250000 0.2250 0.1981485 0.1981 0.6666667 0.6667 1.0000000 1.0000 0.8256285 0.8256 1.0000000 1.0000 1.0000000 272.3290 0.5191045 1.8301 1.0000000 1.0000 0.33333333333333337 0.41758232721225164 []
 | 26.9463 27.6771 37.7806 0.5113882 Cc1ccc(C(=O)N2CCN(S(=O)(=O)c3cccc(Br)c3)CC2)o1 1 CC(C1CCCC1)C1CCC(C(C)(C)C2CCCCC2)CC1 0.2200000 0.2200 0.2299002 0.2299 0.3333333 0.3333 1.0000000 1.0000 0.8017274 0.8017 1.0000000 1.0000 1.0000000 413.2930 0.5251243 2.0921 1.0000000 1.0000 0.6666666666666667 0.41424630354415964 []
 | 35.8217 38.7890 31.4517 0.5487550 O=C1N[C@@](C(=O)Nc2ccc(F)cc2F)(c2cc(F)cc(F)c2)CO1 1 CC1CCC(C(C)CC2CCCCC2)(C2CCCCC2)C1 0.1950000 0.1950 0.2253745 0.2254 0.6666667 0.6667 1.0000000 1.0000 0.7746255 0.7746 1.0000000 1.0000 1.0000000 354.2590 0.5529186 3.3069 1.0000000 1.0000 0.33333333333333337 0.3962007067131506 []
 | 26.9497 29.3953 44.7085 0.5789355 N#Cc1ccc(NC(=O)NCCc2c[nH]c3ccccc23)nc1 1 CC(CCCC1CCC2CCCCC21)CC1CCCCC1 0.2800000 0.2800 0.2178551 0.2179 0.6666667 0.6667 1.0000000 1.0000 0.7886299 0.7886 1.0000000 1.0000 1.0000000 305.3410 0.5268371 2.1666 1.0000000 1.0000 0.33333333333333337 0.44899888641287294 []
 | 56.1945 51.6426 16.0925 0.5291805 C=C(Cc1cccc(-c2nccn3c(C(=O)NCc4ccc(Cl)cc4)cnc23)c1)C(F)(F)F 1 CC(CCC1CCCCC1)C1CCC2C(C3CCCCC3)CCCC12 0.2700000 0.2700 0.2334620 0.2335 0.3333333 0.3333 1.0000000 1.0000 0.7665380 0.7665 1.0000000 1.0000 1.0000000 470.8820 0.5411602 2.7916 1.0000000 1.0000 0.6666666666666667 0.4439594576084623 []
 | 26.1594 27.6688 -27.6688 0.0000000 COc1ccc(CN)c(Nc2cc(C)cc(C)c2)c1 1 C1CCC(CC2CCCCC2)CC1 0.1400000 0.1400 0.2262779 0.2263 0.3333333 0.3333 1.0000000 1.0000 0.8569091 0.8569 1.0000000 1.0000 1.0000000 256.3490 0.5228875 1.9947 1.0000000 1.0000 0.6666666666666667 0.34698703145794946 []
 | 34.0144 33.2255 -30.5593 0.0208301 CCCC(C)Oc1ccc(/C(O)=C(\c2ccccc2)C(F)(F)F)cc1 1 C1CCC(CCC2CCCCC2)CC1 0.2250000 0.2250 0.3016247 0.3016 0.0000000 0.0000 1.0000000 1.0000 0.7066406 0.7066 0.0000000 0.0000 1.0000000 350.3800 0.5416942 2.8150 1.0000000 1.0000 1.0 0.41758232721225164 []
 | 23.7905 25.8326 41.2121 0.5237870 O=C(NCC(=O)N1CCCc2ccccc21)c1ccsc1 1 CC(CCC(C)C1CCCC2CCCCC21)C1CCCC1 0.2650000 0.2650 0.2230567 0.2231 0.3333333 0.3333 1.0000000 1.0000 0.7769433 0.7769 1.0000000 1.0000 1.0000000 300.3830 0.5258076 2.1218 1.0000000 1.0000 0.6666666666666667 0.4413332074521472 []
 | 27.6981 30.2126 -0.2186 0.2343281 C#CCNC(=NC)N1CCCC(C(=O)Nc2ccccc2)C1 1 CC(CC1CCCCC1)C1CCCCC1 0.2650000 0.2650 0.2763188 0.2763 0.6666667 0.6667 1.0000000 1.0000 0.7236812 0.7237 0.0000000 0.0000 1.0000000 298.3900 0.5437922 2.9068 1.0000000 1.0000 0.33333333333333337 0.4413332074521472 []
21:00:40 <INFO> Sampled SMILES n1c(CC)cn(c2ccc(cc21)NC(=O)[C@H](N(S(=O)(=O)C)c1ccc(C)c(c1)Cl)C)CC failed to sanitize.
21:00:40 <INFO> Sampled SMILES c1(c(c(c(=O)[nH]n1CC)N=CC)=O)C(OCC)=O failed to sanitize.
21:00:40 <INFO> Sampled SMILES c1c(Br)c2nc(n(-c3ccccc3)n2c1)=N failed to sanitize.
21:00:44 <INFO> Score: 0.34 Agent NLL: 29.38 Valid:  95% Step: 24
 | Agent Prior Target Score SMILES SMILES_state Scaffold predicted_activity predicted_activity (raw) training_similarity training_similarity (raw) taf_consistency taf_consistency (raw) scaffold_novelty scaffold_novelty (raw) novelty novelty (raw) stereo_validity stereo_validity (raw) MW_window MW_window (raw) synthetic_feasibility synthetic_feasibility (raw) curated alerts filter curated alerts filter (raw) taf_disrupted (predicted_activity) uncertainty (predicted_activity) matchting_patterns (curated alerts filter)
 | 32.5140 32.5703 35.9678 0.5354540 CC(C)C(=O)NCCn1c(=S)[nH]c2c(=O)[nH]c(N)nc21 1 CC1CC2CCCC(C)C2C1 0.2950000 0.2950 0.2239570 0.2240 0.3333333 0.3333 1.0000000 1.0000 0.7867993 0.7868 1.0000000 1.0000 1.0000000 296.3560 0.5408989 2.7802 1.0000000 1.0000 0.6666666666666667 0.4560427611529428 []
 | 26.8998 26.5084 -0.0758 0.2065051 CCNCc1cc(S(=O)(=O)NC(C)CCOC)ccc1F 1 C1CCCCC1 0.2250000 0.2250 0.2548236 0.2548 0.3333333 0.3333 1.0000000 1.0000 0.7601492 0.7601 0.0000000 0.0000 1.0000000 318.4140 0.5384375 2.6726 1.0000000 1.0000 0.6666666666666667 0.41758232721225164 []
 | 27.6687 25.9157 -0.6549 0.1973502 CCc1ccc(C(CC)NCc2ccc(OC)nc2)cc1 1 C1CCC(CCCC2CCCCC2)CC1 0.1750000 0.1750 0.2442250 0.2442 0.3333333 0.3333 1.0000000 1.0000 0.7837838 0.7838 0.0000000 0.0000 1.0000000 284.4030 0.5329282 2.4321 1.0000000 1.0000 0.6666666666666667 0.3799671038392666 []
 | 32.3953 34.0733 33.2369 0.5258614 COCCNC(=O)c1ccc(C)c(NC(=O)CCn2cccnc2=O)c1 1 CC(CCC1CCCCC1C)CC1CCCCC1 0.2350000 0.2350 0.2779693 0.2780 0.3333333 0.3333 1.0000000 1.0000 0.7353811 0.7354 1.0000000 1.0000 1.0000000 358.3980 0.5266285 2.1576 1.0000000 1.0000 0.6666666666666667 0.4239988207530771 []
 | 26.1658 30.9584 37.7861 0.5370664 O=C(Nc1cccc(F)c1)c1cccnc1N(c1ccccc1)c1ccccc1 1 CC(CC1CCCCC1)C1CCCCC1C(C1CCCCC1)C1CCCCC1 0.2850000 0.2850 0.2536731 0.2537 0.3333333 0.3333 1.0000000 1.0000 0.7463269 0.7463 1.0000000 1.0000 1.0000000 383.4260 0.5244284 2.0618 1.0000000 1.0000 0.6666666666666667 0.4514144437210666 []
 | 30.7807 37.1945 28.8443 0.5159288 Cc1ccccc1C(=O)C(=O)NC(=O)c1ccc(N2CCCCCC2)cc1 1 CC(CC(C)C(C)C1CCCCC1)C1CCC(C2CCCCCC2)CC1 0.2450000 0.2450 0.2170093 0.2170 0.3333333 0.3333 1.0000000 1.0000 0.7920499 0.7920 1.0000000 1.0000 1.0000000 364.4450 0.5239271 2.0399 1.0000000 1.0000 0.6666666666666667 0.4300872004605578 []
 | 32.1656 30.5759 33.1089 0.4975377 CC[C@H](O)C1CCCCCN1C(=O)COC 1 C1CCCCCC1 0.1900000 0.1900 0.3138824 0.3139 0.3333333 0.3333 1.0000000 1.0000 0.7011928 0.7012 0.5000000 0.5000 1.0000000 229.3200 0.5477524 3.0802 1.0000000 1.0000 0.6666666666666667 0.39230090491866065 []
 | 48.9066 49.8546 -49.8546 0.0000000 n1c(CC)cn(c2ccc(cc21)NC(=O)[C@H](N(S(=O)(=O)C)c1ccc(C)c(c1)Cl)C)CC 0 -- 0.0000000 0.0000 0.0000000 0.0000 0.0000000 0.0000 0.0000000 0.0000 0.0000000 0.0000 0.0000000 0.0000 0.0000000 0.0000 0.0000000 0.0000 0.0000000 0.0000 None None None
 | 20.6744 24.4711 41.3988 0.5146090 Nc1ccccc1NC(=O)Nc1ccc(Cl)cc1Cl 1 CC(CC1CCCCC1)CC1CCCCC1 0.2550000 0.2550 0.2034334 0.2034 0.3333333 0.3333 1.0000000 1.0000 0.7965666 0.7966 1.0000000 1.0000 1.0000000 296.1570 0.5165354 1.7184 1.0000000 1.0000 0.6666666666666667 0.43586121644395015 []
 | 25.6420 27.3395 -0.6625 0.2084139 O=C(C(Cl)c1ccccc1)N1CCC2(CCNC2)CC1 1 CC(CC1CCCCC1)C1CCC2(CCCC2)CC1 0.2400000 0.2400 0.2473854 0.2474 0.3333333 0.3333 1.0000000 1.0000 0.7599787 0.7600 0.0000000 0.0000 1.0000000 292.8100 0.5542834 3.3668 1.0000000 1.0000 0.6666666666666667 0.4270831300812525 []
21:00:44 <INFO> Sampled SMILES C1C23CCC(C4(C)COC(C=4[C@H]1OC(=O)C)=O)(C2)C3(C)C failed to sanitize.
21:00:44 <INFO> Sampled SMILES CN(S(Nc1c(c2c(cccc2)cc1)Cl)=O)(C)C failed to sanitize.
21:00:47 <INFO> Score: 0.37 Agent NLL: 28.21 Valid:  97% Step: 25
 | Agent Prior Target Score SMILES SMILES_state Scaffold predicted_activity predicted_activity (raw) training_similarity training_similarity (raw) taf_consistency taf_consistency (raw) scaffold_novelty scaffold_novelty (raw) novelty novelty (raw) stereo_validity stereo_validity (raw) MW_window MW_window (raw) synthetic_feasibility synthetic_feasibility (raw) curated alerts filter curated alerts filter (raw) taf_disrupted (predicted_activity) uncertainty (predicted_activity) matchting_patterns (curated alerts filter)
 | 31.5384 34.3248 34.8048 0.5400750 CCOC(=O)C1(c2ccc(Br)cc2)CCN(C(=O)c2cc(C)cc(C)c2)CC1 1 CC(C1CCCCC1)C1CCC(C2CCCCC2)CC1 0.1700000 0.1700 0.2354408 0.2354 0.6666667 0.6667 1.0000000 1.0000 0.8116474 0.8116 1.0000000 1.0000 1.0000000 444.3690 0.5297195 2.2922 1.0000000 1.0000 0.33333333333333337 0.37563279941985894 []
 | 23.7579 27.0189 41.9732 0.5390003 O=C(CNCCc1cccc(Cl)c1)NC(=O)Nc1ccccc1 1 CC(CCCCC1CCCCC1)CC(C)CC1CCCCC1 0.2750000 0.2750 0.2824229 0.2824 0.3333333 0.3333 1.0000000 1.0000 0.7175771 0.7176 1.0000000 1.0000 1.0000000 331.8030 0.5191756 1.8332 1.0000000 1.0000 0.6666666666666667 0.44651427748729383 []
 | 21.7662 23.4552 43.2427 0.5210772 O=C(Nc1ccc(F)c(Cl)c1)Oc1ccccc1 1 CC(CC1CCCCC1)CC1CCCCC1 0.2400000 0.2400 0.2537477 0.2537 0.3333333 0.3333 1.0000000 1.0000 0.7462523 0.7463 1.0000000 1.0000 1.0000000 265.6710 0.5143871 1.6250 1.0000000 1.0000 0.6666666666666667 0.4270831300812524 []
 | 28.1019 31.5946 -31.5946 0.0000000 O=C(NNC(=O)c1sc2ccccc2c1Cl)Nc1ccc(-c2ccccc2)cc1 1 CC(CCC(C)C1CC2CCCCC2C1)CC1CCC(C2CCCCC2)CC1 0.0000000 0.0000 0.0000000 0.0000 0.0000000 0.0000 0.0000000 0.0000 0.0000000 0.0000 0.0000000 0.0000 0.0000000 0.0000 0.0000000 0.0000 0.0000000 0.0000 None None ['[#7;!n][#7;!n]']
 | 33.9133 35.0573 37.3170 0.5654245 CCOC(=O)c1nnn(-c2cccc(F)c2)c1CNC(=O)c1ccc(Cl)s1 1 CC(CCC1CCCC1C1CCCCC1)C1CCCC1 0.2200000 0.2200 0.2462755 0.2463 0.6666667 0.6667 1.0000000 1.0000 0.7822482 0.7822 1.0000000 1.0000 1.0000000 408.8420 0.5334687 2.4557 1.0000000 1.0000 0.33333333333333337 0.41424630354415964 []
 | 26.8961 29.1154 34.3028 0.4954548 COc1cccc(CNc2ccc(C(N)=O)cc2C)c1OC 1 C1CCC(CCC2CCCCC2)CC1 0.1550000 0.1550 0.2831827 0.2832 0.3333333 0.3333 1.0000000 1.0000 0.7994351 0.7994 1.0000000 1.0000 1.0000000 300.3580 0.5201548 1.8758 1.0000000 1.0000 0.6666666666666667 0.36190468358395134 []
 | 32.0521 33.2767 32.7653 0.5159526 O=C(CCCCCC(=O)Nc1cccnc1Cl)NCc1ccco1 1 CC(CCCCCC(C)CC1CCCCC1)CCC1CCCC1 0.2250000 0.2250 0.2500646 0.2501 0.3333333 0.3333 1.0000000 1.0000 0.7549285 0.7549 1.0000000 1.0000 1.0000000 349.8180 0.5247787 2.0770 1.0000000 1.0000 0.6666666666666667 0.41758232721225164 []
 | 31.3674 34.9268 -28.3269 0.0515621 CC(=O)N1CCN(C(=O)c2c(-c3ccccc3)nnc3[nH]ccc23)CC1 1 CC(C1CCCCC1)C1C2CCCC2CCC1C1CCCCC1 0.2050000 0.2050 0.2857953 0.2858 0.0000000 0.0000 1.0000000 1.0000 0.7772616 0.7773 1.0000000 1.0000 1.0000000 349.3940 0.5322205 2.4013 1.0000000 1.0000 1.0 0.403701622488689 []
 | 31.0308 33.8496 -3.4315 0.2376413 O=C(NCCN1C(=O)NC2(CCc3ccccc32)C1=O)OCc1ccccc1 1 CC(CCCC1C(C)CC2(CCC3CCCCC32)C1C)CCC1CCCCC1 0.2450000 0.2450 0.3630192 0.3630 0.6666667 0.6667 1.0000000 1.0000 0.6546931 0.6547 0.0000000 0.0000 1.0000000 379.4160 0.5487116 3.1222 1.0000000 1.0000 0.33333333333333337 0.4300872004605578 []
 | 25.4746 29.0615 40.5836 0.5441019 Cc1cccc(CCNC(=O)CNC(=O)CNC(=O)Cc2ccccc2)c1 1 CC(CCCC1CCCCC1)CCC(C)CCC(C)CC1CCCCC1 0.2800000 0.2800 0.3008473 0.3008 0.3333333 0.3333 1.0000000 1.0000 0.7027027 0.7027 1.0000000 1.0000 1.0000000 367.4490 0.5197101 1.8564 1.0000000 1.0000 0.6666666666666667 0.44899888641287294 []
21:00:48 <INFO> Sampled SMILES C(Oc1cc(c(-c2cccc(c2)OC)oc1COC)=O)(F)(F)F failed to sanitize.
21:00:48 <INFO> Sampled SMILES N(\O)=c1\n(N=Cc2ccccn2)c(-c2ccc(cc2)Br)nn1 failed to sanitize.
21:00:51 <INFO> Score: 0.30 Agent NLL: 29.12 Valid:  97% Step: 26
 | Agent Prior Target Score SMILES SMILES_state Scaffold predicted_activity predicted_activity (raw) training_similarity training_similarity (raw) taf_consistency taf_consistency (raw) scaffold_novelty scaffold_novelty (raw) novelty novelty (raw) stereo_validity stereo_validity (raw) MW_window MW_window (raw) synthetic_feasibility synthetic_feasibility (raw) curated alerts filter curated alerts filter (raw) taf_disrupted (predicted_activity) uncertainty (predicted_activity) matchting_patterns (curated alerts filter)
 | 31.4226 32.3506 37.0215 0.5419692 O=C(NCc1ccccn1)c1cc(-c2nc3ccccc3s2)nn1-c1ccccc1 1 CC(CCC1CCCCC1)C1CC(C2CC3CCCCC3C2)CC1C1CCCCC1 0.3000000 0.3000 0.2532251 0.2532 0.3333333 0.3333 1.0000000 1.0000 0.7467749 0.7468 1.0000000 1.0000 1.0000000 411.4900 0.5289428 2.2584 1.0000000 1.0000 0.6666666666666667 0.45825756949558394 []
 | 33.2534 35.5410 -29.2632 0.0490454 Cc1ccc(C(=O)N(C)CCn2nc([N+](=O)[O-])cc2C)c(C)c1 1 CC(CCCC1CCCC1)C1CCCCC1 0.2200000 0.2200 0.1674277 0.1674 0.0000000 0.0000 1.0000000 1.0000 0.8545641 0.8546 1.0000000 1.0000 1.0000000 316.3610 0.5322586 2.4029 1.0000000 1.0000 1.0 0.41424630354415964 []
 | 28.4980 29.1345 37.5800 0.5212069 O=[N+]([O-])c1cc(Br)cnc1NCc1csc(Cl)n1 1 C1CCC(CCC2CCCC2)CC1 0.1850000 0.1850 0.1546618 0.1547 0.6666667 0.6667 1.0000000 1.0000 0.8495763 0.8496 1.0000000 1.0000 1.0000000 349.5970 0.5413390 2.7994 1.0000000 1.0000 0.33333333333333337 0.38829756630707846 []
 | 23.5057 27.3936 42.9765 0.5497662 O=C(Nc1ccccc1)Nc1ccc(C(=O)Nc2cccc(C(=O)O)c2)cc1 1 CC(CC1CCCCC1)CC1CCC(C(C)CC2CCCCC2)CC1 0.3250000 0.3250 0.2615572 0.2616 0.3333333 0.3333 1.0000000 1.0000 0.7384428 0.7384 1.0000000 1.0000 1.0000000 375.3840 0.5148453 1.6449 1.0000000 1.0000 0.6666666666666667 0.46837484987987993 []
 | 32.0730 36.3364 30.4399 0.5216897 O=C(CN1C(=O)CS[C@H](c2ccc(Cl)cc2)c2ccccc21)Nc1ccccc1I 1 CC(CC1CCCCC1)CC1C(C)CCC(C2CCCCC2)C2CCCCC12 0.2350000 0.2350 0.2513675 0.2514 0.3333333 0.3333 1.0000000 1.0000 0.7575524 0.7576 1.0000000 1.0000 1.0000000 548.8330 0.5425197 2.8511 1.0000000 1.0000 0.6666666666666667 0.4239988207530771 []
 | 24.9837 26.6561 -26.6561 0.0000000 COc1cc(N)ccc1[C@@H](C)NC(=O)OC(C)(C)C 1 C1CCCCC1 0.2150000 0.2150 0.2711139 0.2711 0.6666667 0.6667 1.0000000 1.0000 0.8133167 0.8133 1.0000000 1.0000 1.0000000 266.3410 0.5341282 2.4845 1.0000000 1.0000 0.33333333333333337 0.41082234603292944 []
 | 27.3228 28.2313 -25.5834 0.0206866 O=C(c1ccc(Cl)cc1)C1CCCN(C(=O)Cc2cccs2)C1 1 CC(CC1CCCC1)C1CCCC(C(C)C2CCCCC2)C1 0.2300000 0.2300 0.2637522 0.2638 0.0000000 0.0000 1.0000000 1.0000 0.7697344 0.7697 0.0000000 0.0000 1.0000000 347.8670 0.5336991 2.4658 1.0000000 1.0000 1.0 0.4208325082500163 []
 | 36.4296 37.3881 -34.7638 0.0205025 CCCC1CN(C(=O)Sc2ccccc2[N+](=O)[O-])CC(C)O1 1 CC(CC1CCCCC1)C1CCCCC1 0.1950000 0.1950 0.3043904 0.3044 0.0000000 0.0000 1.0000000 1.0000 0.7389815 0.7390 0.0000000 0.0000 1.0000000 324.4020 0.5568811 3.5189 1.0000000 1.0000 1.0 0.3962007067131506 []
 | 26.6896 27.6691 37.6044 0.5099487 CNCc1ccc(F)c(-c2cccc(OC(C)C)c2)c1 1 C1CCC(C2CCCCC2)CC1 0.2350000 0.2350 0.2105993 0.2106 0.3333333 0.3333 1.0000000 1.0000 0.7894007 0.7894 1.0000000 1.0000 1.0000000 273.3510 0.5215410 1.9361 1.0000000 1.0000 0.6666666666666667 0.4239988207530771 []
 | 27.3265 28.9269 -28.9269 0.0000000 Cc1cc(C(N)=O)ccc1Oc1ccc(Br)c(N)c1 1 C1CCC(CC2CCCCC2)CC1 0.1900000 0.1900 0.1945195 0.1945 0.6666667 0.6667 1.0000000 1.0000 0.8378379 0.8378 1.0000000 1.0000 1.0000000 321.1740 0.5232422 2.0101 1.0000000 1.0000 0.33333333333333337 0.39230090491866065 []
21:00:55 <INFO> Score: 0.38 Agent NLL: 28.56 Valid: 100% Step: 27
 | Agent Prior Target Score SMILES SMILES_state Scaffold predicted_activity predicted_activity (raw) training_similarity training_similarity (raw) taf_consistency taf_consistency (raw) scaffold_novelty scaffold_novelty (raw) novelty novelty (raw) stereo_validity stereo_validity (raw) MW_window MW_window (raw) synthetic_feasibility synthetic_feasibility (raw) curated alerts filter curated alerts filter (raw) taf_disrupted (predicted_activity) uncertainty (predicted_activity) matchting_patterns (curated alerts filter)
 | 29.9627 33.6179 32.4152 0.5158837 O=C(OC(=O)c1sc2cc(F)ccc2c1Cl)c1ccco1 1 CC(CC(C)C1CC2CCCCC2C1)C1CCCC1 0.2200000 0.2200 0.2558140 0.2558 0.3333333 0.3333 1.0000000 1.0000 0.7492939 0.7493 1.0000000 1.0000 1.0000000 324.7160 0.5332233 2.4450 1.0000000 1.0000 0.6666666666666667 0.4142463035441596 []
 | 23.8793 26.0903 41.3266 0.5266949 O=C(NC(=S)Nc1cccc(Cl)c1Cl)c1cccs1 1 CC(CC1CCCCC1)CC(C)C1CCCC1 0.3050000 0.3050 0.1891892 0.1892 0.3333333 0.3333 1.0000000 1.0000 0.8108108 0.8108 1.0000000 1.0000 1.0000000 331.2490 0.5245246 2.0659 1.0000000 1.0000 0.6666666666666667 0.460407428263272 []
 | 34.1195 37.3111 -10.0914 0.2126539 COc1ccc(CC(=O)NC(C(=O)NCc2ccccc2)C(C)C)cc1C(C)C 1 CC(CCC(C)CC1CCCCC1)CCC1CCCCC1 0.2450000 0.2450 0.3084763 0.3085 0.3333333 0.3333 1.0000000 1.0000 0.6915237 0.6915 0.0000000 0.0000 1.0000000 396.5310 0.5328664 2.4294 1.0000000 1.0000 0.6666666666666667 0.4300872004605578 []
 | 33.7064 37.8816 26.9708 0.5066596 C=Cc1ccccc1N1CCCN(C(=O)CCc2ccccc2N)CC1 1 CC(CCC1CCCCC1)C1CCCC(C2CCCCC2)CC1 0.2000000 0.2000 0.2505831 0.2506 0.3333333 0.3333 1.0000000 1.0000 0.7601994 0.7602 1.0000000 1.0000 1.0000000 349.4780 0.5278296 2.2099 1.0000000 1.0000 0.6666666666666667 0.4 []
 | 27.6018 28.7406 41.9947 0.5526195 Clc1cccc(Br)c1Nc1nc(-c2cccnc2)cs1 1 C1CCC(CC2CCC(C3CCCCC3)C2)CC1 0.2450000 0.2450 0.1707317 0.1707 0.6666667 0.6667 1.0000000 1.0000 0.8536585 0.8537 1.0000000 1.0000 1.0000000 366.6710 0.5287915 2.2518 1.0000000 1.0000 0.33333333333333337 0.43008720046055776 []
 | 31.4527 29.1267 -4.2198 0.1945852 CCOc1cc(N)ccc1N1CCCC1CC(C)C 1 C1CCC(C2CCCC2)CC1 0.1650000 0.1650 0.2347382 0.2347 0.3333333 0.3333 1.0000000 1.0000 0.7817821 0.7818 0.0000000 0.0000 1.0000000 262.3970 0.5408888 2.7798 1.0000000 1.0000 0.6666666666666667 0.37118054905934933 []
 | 24.0847 23.9421 -23.9421 0.0000000 Cc1cccc(NC(N)=S)c1Br 1 C1CCCCC1 0.2250000 0.2250 0.1786854 0.1787 0.6666667 0.6667 1.0000000 1.0000 0.8418070 0.8418 1.0000000 1.0000 1.0000000 245.1450 0.5327585 2.4247 1.0000000 1.0000 0.33333333333333337 0.41758232721225164 []
 | 32.2825 35.6818 34.3025 0.5467526 CCCNC(=O)[C@@H](C)N(Cc1c(Cl)cccc1Cl)C(=O)CN(CCC)S(=O)(=O)Cc1ccccc1 1 CC(CCC1CCCCC1)CCC(C)(C)CC1CCCCC1 0.2900000 0.2900 0.2855936 0.2856 0.3333333 0.3333 1.0000000 1.0000 0.7144064 0.7144 1.0000000 1.0000 1.0000000 542.5290 0.5472130 3.0566 1.0000000 1.0000 0.6666666666666667 0.4537620521815371 []
 | 24.4245 26.8229 47.4606 0.5803403 O=C(COC(=O)/C=C/c1ccccc1[N+](=O)[O-])NC(=O)c1ccccc1 1 CC(CCC(C)CC(C)C1CCCCC1)CCC1CCCCC1 0.2500000 0.2500 0.2726249 0.2726 0.6666667 0.6667 1.0000000 1.0000 0.7273751 0.7274 1.0000000 1.0000 1.0000000 354.3180 0.5236540 2.0280 1.0000000 1.0000 0.33333333333333337 0.4330127018922193 []
 | 23.9278 26.7784 -0.0282 0.2089865 CN(C(=O)C(C)(N)c1ccccc1)C1CCCC1 1 CC(CC1CCCCC1)CC1CCCC1 0.2100000 0.2100 0.3185591 0.3186 0.3333333 0.3333 1.0000000 1.0000 0.7138181 0.7138 0.0000000 0.0000 1.0000000 246.3540 0.5382283 2.6635 1.0000000 1.0000 0.6666666666666667 0.4073082370883261 []
21:00:55 <INFO> Sampled SMILES Cn1c([nH]c(=O)c2[C@H](c3cc(ccc3Oc2c1)Cl)C)=O failed to sanitize.
21:00:55 <INFO> Sampled SMILES c1cc(-n2c(N(N(S(=O)(F)=O)c3ccccc3)C(C)=O)c([N+](=O)[O-])cnc2)ccc1 failed to sanitize.
21:00:58 <INFO> Score: 0.34 Agent NLL: 28.29 Valid:  97% Step: 28
 | Agent Prior Target Score SMILES SMILES_state Scaffold predicted_activity predicted_activity (raw) training_similarity training_similarity (raw) taf_consistency taf_consistency (raw) scaffold_novelty scaffold_novelty (raw) novelty novelty (raw) stereo_validity stereo_validity (raw) MW_window MW_window (raw) synthetic_feasibility synthetic_feasibility (raw) curated alerts filter curated alerts filter (raw) taf_disrupted (predicted_activity) uncertainty (predicted_activity) matchting_patterns (curated alerts filter)
 | 29.3343 35.1344 32.8447 0.5310871 O=C(Nc1ccccc1F)N1CCC2(CC1)C(=O)NC(=O)N(Cc1ccc(F)cc1)C2=O 1 CC(CC1CCCCC1)C1CCC2(CC1)C(C)CC(C)C(CC1CCCCC1)C2C 0.2550000 0.2550 0.2562489 0.2562 0.3333333 0.3333 1.0000000 1.0000 0.7697954 0.7698 1.0000000 1.0000 1.0000000 442.4220 0.5429922 2.8717 1.0000000 1.0000 0.6666666666666667 0.43586121644395015 []
 | 22.4404 25.0940 -25.0940 0.0000000 Cc1cc(Cl)ccc1C=CCNC(=O)OC(C)(C)C 1 C1CCCCC1 0.2000000 0.2000 0.2055271 0.2055 0.6666667 0.6667 1.0000000 1.0000 0.8180437 0.8180 1.0000000 1.0000 1.0000000 281.7830 0.5290263 2.2620 1.0000000 1.0000 0.33333333333333337 0.4000000000000001 []
 | 24.9445 26.7324 -26.7324 0.0000000 ONc1c(Cl)ccc(Br)c1F 1 C1CCCCC1 0.2200000 0.2200 0.1342312 0.1342 0.6666667 0.6667 1.0000000 1.0000 0.8657688 0.8658 1.0000000 1.0000 1.0000000 240.4590 0.5399240 2.7376 1.0000000 1.0000 0.33333333333333337 0.41424630354415964 []
 | 24.2547 25.4253 -25.4253 0.0000000 CC(C)CNC(=O)COc1ccc(N)cc1C=O 1 C1CCCCC1 0.1950000 0.1950 0.2405351 0.2405 0.3333333 0.3333 1.0000000 1.0000 0.7660561 0.7661 1.0000000 1.0000 1.0000000 250.2980 0.5257250 2.1182 1.0000000 1.0000 0.6666666666666667 0.3962007067131506 []
 | 24.3446 25.5970 38.7748 0.5029043 Cc1ccc(Nc2nnc(S[C@H](C)C(=O)NC(N)=O)s2)cc1 1 C1CCC(CC2CCCC2)CC1 0.2400000 0.2400 0.1719205 0.1719 0.3333333 0.3333 1.0000000 1.0000 0.8477961 0.8478 1.0000000 1.0000 1.0000000 337.4300 0.5374305 2.6286 1.0000000 1.0000 0.6666666666666667 0.4270831300812525 []
 | 24.2817 25.6282 38.9075 0.5041858 Cn1cc(CNOCC(N)=O)cn1 1 C1CCCC1 0.1850000 0.1850 0.2547719 0.2548 0.3333333 0.3333 1.0000000 1.0000 0.7877813 0.7878 1.0000000 1.0000 1.0000000 184.1990 0.5427610 2.8616 1.0000000 1.0000 0.6666666666666667 0.38829756630707846 []
 | 22.6135 25.4980 41.2995 0.5218556 O=C(NCC(=O)N1CCc2ccccc2C1)c1ccc(F)cc1F 1 CC(CCC(C)C1CCC2CCCCC2C1)C1CCCCC1 0.2600000 0.2600 0.2230567 0.2231 0.3333333 0.3333 1.0000000 1.0000 0.7769433 0.7769 1.0000000 1.0000 1.0000000 330.3340 0.5225401 1.9796 1.0000000 1.0000 0.6666666666666667 0.43863424398922624 []
 | 22.7088 29.8978 44.3331 0.5799292 CC(=O)N(CC(=O)NCc1ccccc1Cl)Cc1cccc(Br)c1 1 CC(CCCC1CCCCC1)CCC1CCCCC1 0.2450000 0.2450 0.2698162 0.2698 0.6666667 0.6667 1.0000000 1.0000 0.7576069 0.7576 1.0000000 1.0000 1.0000000 409.7110 0.5234457 2.0190 1.0000000 1.0000 0.33333333333333337 0.4300872004605578 []
 | 28.2408 30.9060 38.7514 0.5441982 O=C(NCc1cccc(C(=O)Nc2cccc(N3CCCC3)c2)c1)c1ccccc1 1 CC(CCC1CCCC(C(C)CC2CCCC(C3CCCC3)C2)C1)C1CCCCC1 0.2850000 0.2850 0.2940858 0.2941 0.3333333 0.3333 1.0000000 1.0000 0.7059142 0.7059 1.0000000 1.0000 1.0000000 399.4940 0.5184758 1.8028 1.0000000 1.0000 0.6666666666666667 0.4514144437210666 []
 | 33.5277 34.2629 -6.7136 0.2152289 CC(C)Oc1cccc(CNC(=O)C2CN(C(=O)C3CC3)Cc3ccccc3O2)c1 1 CC(CCC1CCCCC1)C1CC2CCCCC2CC(C(C)C2CC2)C1 0.2550000 0.2550 0.3237997 0.3238 0.3333333 0.3333 1.0000000 1.0000 0.6762003 0.6762 0.0000000 0.0000 1.0000000 408.4980 0.5402422 2.7515 1.0000000 1.0000 0.6666666666666667 0.43586121644395015 []
21:00:59 <INFO> Sampled SMILES n1sc(N(Cc2ccc(cc2)N=C(NC(OC(C)(C)C)=O)NC(=O)OC(C)(C)C)C)c(C#N)c(n1)OCc1ccccc1 failed to sanitize.
21:00:59 <INFO> Sampled SMILES c1oc(-c2nc3c4c(Nc5ccccc5C(=O)O4)ncnc3s2)cc1 failed to sanitize.
21:00:59 <INFO> Sampled SMILES c1c(ClCl)cc(NC2=NCCN2)cc1 failed to sanitize.
21:01:02 <INFO> Score: 0.34 Agent NLL: 29.98 Valid:  95% Step: 29
 | Agent Prior Target Score SMILES SMILES_state Scaffold predicted_activity predicted_activity (raw) training_similarity training_similarity (raw) taf_consistency taf_consistency (raw) scaffold_novelty scaffold_novelty (raw) novelty novelty (raw) stereo_validity stereo_validity (raw) MW_window MW_window (raw) synthetic_feasibility synthetic_feasibility (raw) curated alerts filter curated alerts filter (raw) taf_disrupted (predicted_activity) uncertainty (predicted_activity) matchting_patterns (curated alerts filter)
 | 28.1363 28.4838 -28.4838 0.0000000 O=C(O)c1cc(NC(=O)[C@H]2CCCNC2)ccc1Cl 1 CC(CC1CCCCC1)C1CCCCC1 0.2300000 0.2300 0.2143465 0.2143 0.3333333 0.3333 1.0000000 1.0000 0.8202763 0.8203 1.0000000 1.0000 1.0000000 282.7270 0.5325670 2.4164 1.0000000 1.0000 0.6666666666666667 0.4208325082500163 []
 | 31.2083 37.7960 -34.7073 0.0241302 COC(=O)c1ccc(N(Cc2c(Cl)cccc2Cl)C(=O)CN(c2ccccc2C)S(=O)(=O)c2ccccc2)cc1 1 CC(CC(C1CCCCC1)C(C)(C)C1CCCCC1)C(CC1CCCCC1)C1CCCCC1 0.2450000 0.2450 0.2295656 0.2296 0.3333333 0.3333 1.0000000 1.0000 0.7803126 0.7803 1.0000000 1.0000 0.0000000 597.5200 0.5341098 2.4837 1.0000000 1.0000 0.6666666666666667 0.4300872004605578 []
 | 59.0840 59.7554 7.2595 0.5235537 COC(=O)[C@@]1(COC(C)=O)[C@@H](O)CC23CCC[C@@H](C)[C@]21[C@@H](CO)OC3=O 1 CC1CCC23CCCCC12CCC3 0.1250000 0.1250 0.3297198 0.3297 0.6666667 0.6667 1.0000000 1.0000 0.6990581 0.6991 0.8333333 0.8333 1.0000000 370.3980 0.5254383 4.8943 1.0000000 1.0000 0.33333333333333337 0.33071891388307384 []
 | 31.3287 31.1330 36.3073 0.5268775 C[C@@H](C(=O)NC1CCCCC1)N(Cc1ccc(Cl)cc1)C(=O)CCN1C(=O)CCOc2ccccc21 1 CC(CC1CCCCC1)CC(CC1CCCCC1)C(C)CCC1C(C)CCCC2CCCCC21 0.2300000 0.2300 0.2837268 0.2837 0.3333333 0.3333 1.0000000 1.0000 0.7349146 0.7349 1.0000000 1.0000 1.0000000 512.0500 0.5449159 2.9559 1.0000000 1.0000 0.6666666666666667 0.4208325082500163 []
 | 25.1682 28.2228 40.6659 0.5381931 O=C1NCC[C@@H]1N(Cc1ccccc1)C(=O)c1ccccc1 1 CC1CCCC1C(CC1CCCCC1)C(C)C1CCCCC1 0.2400000 0.2400 0.3513513 0.3514 0.3333333 0.3333 1.0000000 1.0000 0.6486487 0.6486 1.0000000 1.0000 1.0000000 294.3540 0.5328819 2.4301 1.0000000 1.0000 0.6666666666666667 0.4270831300812525 []
 | 32.7031 31.3827 39.2028 0.5514486 CCOC(=O)Cc1c(C)nc(NCc2ccco2)nc1N 1 C1CCC(CCC2CCCC2)CC1 0.1900000 0.1900 0.2492224 0.2492 0.6666667 0.6667 1.0000000 1.0000 0.7654213 0.7654 1.0000000 1.0000 1.0000000 290.3230 0.5334322 2.4541 1.0000000 1.0000 0.33333333333333337 0.39230090491866065 []
 | 27.3662 32.2438 36.6351 0.5381166 CC(=O)c1cccc(NC(=O)c2cnc(NCc3cccc4ccccc34)nc2)c1 1 CC(CC1CCCCC1)C1CCC(CCC2CCCC3CCCCC32)CC1 0.2550000 0.2550 0.2923009 0.2923 0.3333333 0.3333 1.0000000 1.0000 0.7576069 0.7576 1.0000000 1.0000 1.0000000 396.4500 0.5250126 2.0872 1.0000000 1.0000 0.6666666666666667 0.43586121644395015 []
 | 51.8862 52.0379 -52.0379 0.0000000 n1sc(N(Cc2ccc(cc2)N=C(NC(OC(C)(C)C)=O)NC(=O)OC(C)(C)C)C)c(C#N)c(n1)OCc1ccccc1 0 -- 0.0000000 0.0000 0.0000000 0.0000 0.0000000 0.0000 0.0000000 0.0000 0.0000000 0.0000 0.0000000 0.0000 0.0000000 0.0000 0.0000000 0.0000 0.0000000 0.0000 None None None
 | 29.8977 35.9796 32.4915 0.5349305 O=C1C[C@@](O)(CN2CCSCC2=O)CCN1Cc1ccccc1 1 CC1CCCCC1CC1CCC(CC2CCCCC2)C(C)C1 0.2300000 0.2300 0.3294346 0.3294 0.3333333 0.3333 1.0000000 1.0000 0.6955922 0.6956 1.0000000 1.0000 1.0000000 334.4410 0.5498577 3.1725 1.0000000 1.0000 0.6666666666666667 0.4208325082500163 []
 | 27.0010 27.3223 -20.7057 0.0516919 CN(C)C(=O)CCc1ccc(-c2nc3ccccc3o2)cc1 1 C1CCC(C2CC3CCCCC3C2)CC1 0.2300000 0.2300 0.2652335 0.2652 0.0000000 0.0000 1.0000000 1.0000 0.7400624 0.7401 1.0000000 1.0000 1.0000000 294.3540 0.5208207 1.9048 1.0000000 1.0000 1.0 0.4208325082500163 []
21:01:06 <INFO> Score: 0.35 Agent NLL: 29.02 Valid: 100% Step: 30
 | Agent Prior Target Score SMILES SMILES_state Scaffold predicted_activity predicted_activity (raw) training_similarity training_similarity (raw) taf_consistency taf_consistency (raw) scaffold_novelty scaffold_novelty (raw) novelty novelty (raw) stereo_validity stereo_validity (raw) MW_window MW_window (raw) synthetic_feasibility synthetic_feasibility (raw) curated alerts filter curated alerts filter (raw) taf_disrupted (predicted_activity) uncertainty (predicted_activity) matchting_patterns (curated alerts filter)
 | 25.8398 26.8079 38.5203 0.5103764 Cc1c(-c2ccccc2)ccc2cc(Br)ccc12 1 C1CCC(C2CCC3CCCCC3C2)CC1 0.2350000 0.2350 0.2136969 0.2137 0.3333333 0.3333 1.0000000 1.0000 0.7863031 0.7863 1.0000000 1.0000 1.0000000 297.1950 0.5170835 1.7422 1.0000000 1.0000 0.6666666666666667 0.4239988207530771 []
 | 26.7459 28.5553 35.8593 0.5032390 CCOc1ccc(NC(=O)Cn2nnc(-c3ccccc3Cl)n2)cc1OC 1 CC(CC1CCCCC1)CC1CCC(C2CCCCC2)C1 0.1900000 0.1900 0.2503915 0.2504 0.3333333 0.3333 1.0000000 1.0000 0.7783244 0.7783 1.0000000 1.0000 1.0000000 387.8270 0.5247998 2.0779 1.0000000 1.0000 0.6666666666666667 0.39230090491866065 []
 | 30.8763 28.7172 -26.0873 0.0205459 CC(C(=O)N1CCOC(C)(C)C1)c1ccccc1Cl 1 CC(CC1CCCCC1)C1CCCCC1 0.2000000 0.2000 0.3134578 0.3135 0.0000000 0.0000 1.0000000 1.0000 0.7113249 0.7113 0.0000000 0.0000 1.0000000 281.7830 0.5423457 2.8435 1.0000000 1.0000 1.0 0.4000000000000001 []
 | 24.6548 27.0128 -27.0128 0.0000000 CC(C)c1ccc(NC(=O)[C@@H](C)[S+](C)[O-])cc1 1 C1CCCCC1 0.2350000 0.2350 0.2034190 0.2034 0.3333333 0.3333 1.0000000 1.0000 0.8199099 0.8199 0.5000000 0.5000 1.0000000 253.3670 0.5545436 3.3783 1.0000000 1.0000 0.6666666666666667 0.4239988207530771 []
 | 33.5542 37.8098 23.2453 0.4769934 CCS(=O)(=O)c1ncc(CNCCNC(=O)N(C)C)n1C(C)(C)C 1 C1CCCC1 0.1450000 0.1450 0.2267787 0.2268 0.3333333 0.3333 1.0000000 1.0000 0.7891815 0.7892 1.0000000 1.0000 1.0000000 359.4960 0.5460478 3.0055 1.0000000 1.0000 0.6666666666666667 0.35210083782916507 []
 | 26.8337 30.0964 36.1889 0.5178541 COc1ccc(Cl)cc1NC(=O)c1cccc(C)c1NC(=O)c1ccccc1 1 CC(CC1CCCCC1C(C)CC1CCCCC1)C1CCCCC1 0.2150000 0.2150 0.2737928 0.2738 0.3333333 0.3333 1.0000000 1.0000 0.7576069 0.7576 1.0000000 1.0000 1.0000000 394.8580 0.5173666 1.7545 1.0000000 1.0000 0.6666666666666667 0.4108223460329294 []
 | 25.9058 27.8274 40.9998 0.5377127 O=C(O)CN(C(=O)CCc1ccccc1Br)c1ccccc1 1 CC(CCC1CCCCC1)CC1CCCCC1 0.2850000 0.2850 0.2575637 0.2576 0.3333333 0.3333 1.0000000 1.0000 0.7424363 0.7424 1.0000000 1.0000 1.0000000 362.2230 0.5225179 1.9786 1.0000000 1.0000 0.6666666666666667 0.4514144437210666 []
 | 24.7166 31.9145 36.9856 0.5382816 COc1ccccc1NC(=O)c1cccc(N)c1NC(=O)c1ccco1 1 CC(CC1CCCCC1C(C)CC1CCCCC1)C1CCCC1 0.2600000 0.2600 0.3011721 0.3012 0.3333333 0.3333 1.0000000 1.0000 0.7091283 0.7091 1.0000000 1.0000 1.0000000 351.3620 0.5231047 2.0041 1.0000000 1.0000 0.6666666666666667 0.4386342439892262 []
 | 30.9481 33.7406 -6.3646 0.2138747 Nc1c(C2C(=O)Nc3ccccc32)c(=O)[nH]c(=O)n1-c1ccccc1 1 CC1CC(C)C(C2C(C)CC3CCCCC32)CC1C1CCCCC1 0.2650000 0.2650 0.2750860 0.2751 0.3333333 0.3333 1.0000000 1.0000 0.7367509 0.7368 0.0000000 0.0000 1.0000000 334.3350 0.5431008 2.8765 1.0000000 1.0000 0.6666666666666667 0.4413332074521472 []
 | 30.9870 34.2781 -34.2781 0.0000000 CC[C@@H](C)[C@@H](CC(=O)OC)NC(=O)NCCc1ccccc1OC 1 C1CCCCC1 0.2150000 0.2150 0.3045001 0.3045 0.6666667 0.6667 1.0000000 1.0000 0.7549285 0.7549 1.0000000 1.0000 1.0000000 336.4320 0.5433546 2.8876 1.0000000 1.0000 0.33333333333333337 0.41082234603292944 []
21:01:06 <INFO> Sampled SMILES n1(-c2ccccc2)c2ccccc2c2c1ccc1c(-c3cc4n(-c5ccccc5)c5c(c6ccccc6c(-c6ccccc6)c5)cc4cc3)cccc12 failed to sanitize.
21:01:09 <INFO> Score: 0.32 Agent NLL: 29.00 Valid:  98% Step: 31
 | Agent Prior Target Score SMILES SMILES_state Scaffold predicted_activity predicted_activity (raw) training_similarity training_similarity (raw) taf_consistency taf_consistency (raw) scaffold_novelty scaffold_novelty (raw) novelty novelty (raw) stereo_validity stereo_validity (raw) MW_window MW_window (raw) synthetic_feasibility synthetic_feasibility (raw) curated alerts filter curated alerts filter (raw) taf_disrupted (predicted_activity) uncertainty (predicted_activity) matchting_patterns (curated alerts filter)
 | 23.3019 24.3442 -24.3442 0.0000000 Cc1ccc(C)c(C(=O)Nc2ccccc2N)c1 1 CC(CC1CCCCC1)C1CCCCC1 0.2750000 0.2750 0.2289455 0.2289 0.3333333 0.3333 1.0000000 1.0000 0.7710545 0.7711 1.0000000 1.0000 1.0000000 240.3060 0.5140030 1.6083 1.0000000 1.0000 0.6666666666666667 0.44651427748729383 []
 | 46.3463 46.1872 -46.1872 0.0000000 [N-]=[N+]=NC[C@@H](O)[C@H]1CO[C@@H](CC(=O)C(Cl)(Cl)Cl)[C@@H](O)C1 1 C1CCCCC1 0.1800000 0.1800 0.3012851 0.3013 0.3333333 0.3333 1.0000000 1.0000 0.7560023 0.7560 1.0000000 1.0000 1.0000000 346.5980 0.5240442 4.9550 1.0000000 1.0000 0.6666666666666667 0.38418745424597095 []
 | 33.5013 36.6253 26.8726 0.4960776 CCCCSc1nnc2n(CC(=O)Nc3cc(Cl)ccc3C)c(=O)c3sccc3n12 1 CC(CC1CCCCC1)CC1C(C)C2CCCC2C2CCCC12 0.1600000 0.1600 0.2636098 0.2636 0.3333333 0.3333 1.0000000 1.0000 0.8232233 0.8232 1.0000000 1.0000 1.0000000 462.0000 0.5365251 2.5891 1.0000000 1.0000 0.6666666666666667 0.36660605559646714 []
 | 33.5140 32.4338 38.0720 0.5508267 Cc1cncc(COc2cc(Br)ccc2C#CCCN)c1 1 C1CCC(CCC2CCCCC2)CC1 0.1950000 0.1950 0.2354408 0.2354 0.6666667 0.6667 1.0000000 1.0000 0.7769433 0.7769 1.0000000 1.0000 1.0000000 345.2400 0.5375000 2.6317 1.0000000 1.0000 0.33333333333333337 0.3962007067131506 []
 | 29.1054 25.4683 -0.9848 0.1912770 CCC1NCC(=O)N1CCOC1CCCC1 1 CC1CCCC1CCCC1CCCC1 0.1250000 0.1250 0.3023716 0.3024 0.3333333 0.3333 1.0000000 1.0000 0.7310736 0.7311 0.0000000 0.0000 1.0000000 226.3200 0.5545082 3.3767 1.0000000 1.0000 0.6666666666666667 0.33071891388307384 []
 | 38.5764 39.0417 26.7363 0.5138909 CCCNC(=O)N[C@@H]([C@H](O)CC(C)C)[C@@H](O)C(O)O 1  0.2150000 0.2150 0.2500000 0.2500 0.3333333 0.3333 1.0000000 1.0000 0.7500000 0.7500 1.0000000 1.0000 1.0000000 278.3490 0.5523200 3.7194 1.0000000 1.0000 0.6666666666666667 0.41082234603292944 []
 | 25.0352 28.6437 -2.6749 0.2028818 CC(C)Oc1ncccc1CC(N)c1ccccc1Cl 1 C1CCC(CCC2CCCCC2)CC1 0.2050000 0.2050 0.2500781 0.2501 0.3333333 0.3333 1.0000000 1.0000 0.7630758 0.7631 0.0000000 0.0000 1.0000000 290.7940 0.5380245 2.6546 1.0000000 1.0000 0.6666666666666667 0.403701622488689 []
 | 33.8315 35.7116 -29.6313 0.0475026 C(=Nc1sc2ccccc2[n+]1-c1ccccc1)c1ccn(-c2ccccc2)c1 1 C1CCC(C2CCC(CCC3CC4CCCCC4C3C3CCCCC3)C2)CC1 0.1950000 0.1950 0.1522039 0.1522 0.0000000 0.0000 1.0000000 1.0000 0.8477961 0.8478 1.0000000 1.0000 1.0000000 380.4960 0.5428822 2.8669 1.0000000 1.0000 1.0 0.3962007067131506 []
 | 32.1992 35.8303 28.0578 0.4991254 CC(C)(C)c1ccc(NC(=S)Nc2cc(-c3ccccc3Cl)nc(Cl)n2)cc1 1 CC(CC1CCCCC1)CC1CCCC(C2CCCCC2)C1 0.2450000 0.2450 0.1591320 0.1591 0.3333333 0.3333 1.0000000 1.0000 0.8529571 0.8530 1.0000000 1.0000 1.0000000 431.3920 0.5292413 2.2714 1.0000000 1.0000 0.6666666666666667 0.43008720046055776 []
 | 24.2455 25.3636 46.2144 0.5592029 O=C1OC(c2ccc(F)cc2)=N/C1=C\c1ccc(Br)cc1 1 CC1CC(C2CCCCC2)CC1CC1CCCCC1 0.2450000 0.2450 0.1961161 0.1961 0.6666667 0.6667 1.0000000 1.0000 0.8038839 0.8039 1.0000000 1.0000 1.0000000 346.1550 0.5247998 2.0779 1.0000000 1.0000 0.33333333333333337 0.4300872004605578 []
21:01:10 <INFO> Sampled SMILES [n+]1(c2c(nc1N)CC[C@H](NC(=O)c1c(OC)cccc1)C2)C(=O)C failed to sanitize.
21:01:13 <INFO> Score: 0.35 Agent NLL: 29.49 Valid:  98% Step: 32
 | Agent Prior Target Score SMILES SMILES_state Scaffold predicted_activity predicted_activity (raw) training_similarity training_similarity (raw) taf_consistency taf_consistency (raw) scaffold_novelty scaffold_novelty (raw) novelty novelty (raw) stereo_validity stereo_validity (raw) MW_window MW_window (raw) synthetic_feasibility synthetic_feasibility (raw) curated alerts filter curated alerts filter (raw) taf_disrupted (predicted_activity) uncertainty (predicted_activity) matchting_patterns (curated alerts filter)
 | 23.4654 27.7927 -27.7927 0.0000000 CC(C)NC(=O)c1ccccc1Nc1ccc(NS(C)(=O)=O)cc1 1 C1CCC(CC2CCCCC2)CC1 0.3050000 0.3050 0.2747531 0.2748 0.3333333 0.3333 1.0000000 1.0000 0.7297298 0.7297 1.0000000 1.0000 1.0000000 347.4400 0.5199462 1.8667 1.0000000 1.0000 0.6666666666666667 0.4604074282632721 []
 | 24.4712 30.2945 39.5536 0.5456883 CN(C)Cc1ccc(CNc2ccccc2C#N)cc1Cl 1 C1CCC(CCC2CCCCC2)CC1 0.2100000 0.2100 0.1951219 0.1951 0.6666667 0.6667 1.0000000 1.0000 0.8202763 0.8203 1.0000000 1.0000 1.0000000 299.8050 0.5240839 2.0468 1.0000000 1.0000 0.33333333333333337 0.40730823708832603 []
 | 34.0231 35.3857 37.5046 0.5694556 COC(=O)c1ccc(C[C@@]2(N)COC(=O)O2)cc1 1 CC1CCC(CC2CCCCC2)C1 0.1900000 0.1900 0.3216010 0.3216 0.6666667 0.6667 1.0000000 1.0000 0.7333096 0.7333 1.0000000 1.0000 1.0000000 251.2380 0.5491673 3.1422 1.0000000 1.0000 0.33333333333333337 0.39230090491866065 []
 | 27.5387 32.5041 40.7939 0.5726407 Cc1ccc(C(=O)NCC(=O)OCc2cc(C(C)(C)C)cc(C(C)(C)C)c2)cc1 1 CC(CCC1CCCCC1)CCC(C)C1CCCCC1 0.2350000 0.2350 0.2632491 0.2632 0.6666667 0.6667 1.0000000 1.0000 0.7367509 0.7368 1.0000000 1.0000 1.0000000 395.5430 0.5258061 2.1217 1.0000000 1.0000 0.33333333333333337 0.4239988207530771 []
 | 48.7387 51.8835 12.6414 0.5041007 Cc1ccc(S(=O)(=O)NCC(=O)N[C@@H](CC[C@@]2(CN)COCCO2)C(C)C)cc1 1 CC(CCCCC1CCCCC1)CCC(C)(C)C1CCCCC1 0.2000000 0.2000 0.2241633 0.2242 0.3333333 0.3333 1.0000000 1.0000 0.8048200 0.8048 1.0000000 1.0000 1.0000000 427.5670 0.5543708 3.6293 1.0000000 1.0000 0.6666666666666667 0.4000000000000001 []
 | 34.2018 33.4428 -30.7723 0.0208631 O=S(Cl)(=C=Cc1ccccc1)CF 1 C1CCCCC1 0.2500000 0.2500 0.2531088 0.2531 0.0000000 0.0000 1.0000000 1.0000 0.7468912 0.7469 0.0000000 0.0000 1.0000000 218.6800 0.5539382 3.6483 1.0000000 1.0000 1.0 0.4330127018922193 []
 | 22.4374 24.8770 43.2165 0.5319806 FC(F)n1ccnc1CNc1ccc(Cl)cc1Br 1 C1CCC(CCC2CCCC2)CC1 0.2100000 0.2100 0.1559626 0.1560 0.6666667 0.6667 1.0000000 1.0000 0.8440374 0.8440 1.0000000 1.0000 1.0000000 336.5670 0.5340608 2.4815 1.0000000 1.0000 0.33333333333333337 0.40730823708832603 []
 | 25.3839 30.2739 39.9012 0.5482434 O=C(Nc1nnc(-c2cccc(Cl)c2)s1)c1ccccc1SCc1ccccc1 1 CC(CC1CCC(C2CCCCC2)C1)C1CCCCC1CCC1CCCCC1 0.3050000 0.3050 0.2789943 0.2790 0.3333333 0.3333 1.0000000 1.0000 0.7210057 0.7210 1.0000000 1.0000 1.0000000 437.9770 0.5248031 2.0781 1.0000000 1.0000 0.6666666666666667 0.460407428263272 []
 | 31.0866 35.8444 38.1213 0.5778577 COCCOc1ncccc1-c1c(C(C)=O)sc(N)c1C#N 1 C1CCC(C2CCCC2)CC1 0.2300000 0.2300 0.2832116 0.2832 0.6666667 0.6667 1.0000000 1.0000 0.7416587 0.7417 1.0000000 1.0000 1.0000000 317.3700 0.5401552 2.7477 1.0000000 1.0000 0.33333333333333337 0.4208325082500163 []
 | 36.0582 35.4570 32.5860 0.5315854 N#C/C(=C/c1ccc(OCC(=O)Nc2ccc(F)cc2F)cc1)c1nnco1 1 CC(CCC1CCC(CCC2CCCC2)CC1)CC1CCCCC1 0.1750000 0.1750 0.2014981 0.2015 0.6666667 0.6667 1.0000000 1.0000 0.8040234 0.8040 1.0000000 1.0000 1.0000000 382.3260 0.5362786 2.5783 1.0000000 1.0000 0.33333333333333337 0.3799671038392666 []
21:01:17 <INFO> Score: 0.36 Agent NLL: 29.66 Valid: 100% Step: 33
 | Agent Prior Target Score SMILES SMILES_state Scaffold predicted_activity predicted_activity (raw) training_similarity training_similarity (raw) taf_consistency taf_consistency (raw) scaffold_novelty scaffold_novelty (raw) novelty novelty (raw) stereo_validity stereo_validity (raw) MW_window MW_window (raw) synthetic_feasibility synthetic_feasibility (raw) curated alerts filter curated alerts filter (raw) taf_disrupted (predicted_activity) uncertainty (predicted_activity) matchting_patterns (curated alerts filter)
 | 33.6611 40.0898 27.6321 0.5290773 CC(=O)c1cccc(NC(=O)c2c(C(C)=O)cc(=O)n3ccccc23)c1 1 CC1CCC(C(C)CC2CCCCC2)C2CCCCC12 0.2500000 0.2500 0.2588415 0.2588 0.3333333 0.3333 1.0000000 1.0000 0.7716942 0.7717 1.0000000 1.0000 1.0000000 348.3580 0.5296091 2.2874 1.0000000 1.0000 0.6666666666666667 0.4330127018922193 []
 | 26.5565 33.3107 34.2410 0.5277479 CC(C)c1cccc(N(CC(=O)NCc2ccccc2N(C)C)S(C)(=O)=O)c1 1 CC(CCC1CCCCC1)CCC1CCCCC1 0.2850000 0.2850 0.2122233 0.2122 0.3333333 0.3333 1.0000000 1.0000 0.7886299 0.7886 1.0000000 1.0000 1.0000000 403.5480 0.5293054 2.2742 1.0000000 1.0000 0.6666666666666667 0.4514144437210666 []
 | 27.7155 32.5132 43.1596 0.5911932 CCc1ccccc1NC(=O)[C@H](C)NS(=O)(=O)Cc1cccc(Br)c1 1 CC(CCC(C)(C)CC1CCCCC1)CC1CCCCC1 0.2800000 0.2800 0.2666324 0.2666 0.6666667 0.6667 1.0000000 1.0000 0.7333676 0.7334 1.0000000 1.0000 1.0000000 425.3480 0.5349783 2.5216 1.0000000 1.0000 0.33333333333333337 0.44899888641287294 []
 | 25.8394 28.9148 -28.9148 0.0000000 COc1cccc(/C=N\NC(=O)CN2C(=O)NC(C)(C)C2=O)c1 1 CC(CCCC1CCCCC1)CC1C(C)CCC1C 0.0000000 0.0000 0.0000000 0.0000 0.0000000 0.0000 0.0000000 0.0000 0.0000000 0.0000 0.0000000 0.0000 0.0000000 0.0000 0.0000000 0.0000 0.0000000 0.0000 None None ['[#7;!n][#7;!n]']
 | 35.0588 42.7161 18.9609 0.4818511 COc1ccc(Cl)cc1COC(=O)c1ccnc(Sc2ccc(Cl)cc2)c1[N+](=O)[O-] 1 CC(CCC1CCCCC1)C1CCCC(CC2CCCCC2)C1 0.1550000 0.1550 0.2261919 0.2262 0.3333333 0.3333 1.0000000 1.0000 0.8004920 0.8005 1.0000000 1.0000 1.0000000 465.3140 0.5327126 2.4227 1.0000000 1.0000 0.6666666666666667 0.36190468358395134 []
 | 27.4198 27.6821 -27.6821 0.0000000 COc1ccccc1C[N+](=O)N=[N+]=[N-] 1 C1CCCCC1 0.0000000 0.0000 0.0000000 0.0000 0.0000000 0.0000 0.0000000 0.0000 0.0000000 0.0000 0.0000000 0.0000 0.0000000 0.0000 0.0000000 0.0000 0.0000000 0.0000 None None ['[#7;!n][#7;!n]']
 | 21.0347 23.5579 38.0354 0.4811974 Clc1cc(Cl)cc(CNCc2ccsc2)c1 1 C1CCC(CCCC2CCCC2)CC1 0.2000000 0.2000 0.1581930 0.1582 0.3333333 0.3333 1.0000000 1.0000 0.8418070 0.8418 1.0000000 1.0000 1.0000000 272.2000 0.5251198 2.0919 1.0000000 1.0000 0.6666666666666667 0.4000000000000001 []
 | 25.5879 28.3465 38.9622 0.5258491 Cc1ccc(C)c(NC(=O)c2cccc(C(=O)Nc3cc(C)ccc3C)c2)c1 1 CC(CC1CCCCC1)C1CCCC(C(C)CC2CCCCC2)C1 0.2550000 0.2550 0.2413793 0.2414 0.3333333 0.3333 1.0000000 1.0000 0.7863031 0.7863 1.0000000 1.0000 1.0000000 372.4680 0.5171534 1.7453 1.0000000 1.0000 0.6666666666666667 0.43586121644395015 []
 | 48.4831 51.3829 -25.3610 0.2032958 Cn1cnc2ccnc(C3C=C(NC(=O)c4ccccc4F)CC(C)(C)C3)c2c1=O 1 CC(CC1CCCC(C2CCCC3CCCC(C)C32)C1)C1CCCCC1 0.1750000 0.1750 0.3149997 0.3150 0.3333333 0.3333 1.0000000 1.0000 0.7240904 0.7241 0.0000000 0.0000 1.0000000 406.4610 0.5569438 3.4838 1.0000000 1.0000 0.6666666666666667 0.3799671038392666 []
 | 31.8212 36.6134 35.1086 0.5603285 Cc1ccccc1NS(=O)(=O)c1cc(C(=O)Nc2cccc(Br)c2)c(C)cc1C 1 CC(CC1CCCCC1)C1CCCC(C(C)(C)CC2CCCCC2)C1 0.2500000 0.2500 0.1939145 0.1939 0.6666667 0.6667 1.0000000 1.0000 0.8060855 0.8061 1.0000000 1.0000 1.0000000 473.3920 0.5240169 2.0438 1.0000000 1.0000 0.33333333333333337 0.4330127018922193 []
21:01:17 <INFO> Sampled SMILES c1cccc(C=CC(=O)Nc2c(sc3c4c(cccc4)ncn23)=O)c1 failed to sanitize.
21:01:21 <INFO> Score: 0.29 Agent NLL: 28.86 Valid:  98% Step: 34
 | Agent Prior Target Score SMILES SMILES_state Scaffold predicted_activity predicted_activity (raw) training_similarity training_similarity (raw) taf_consistency taf_consistency (raw) scaffold_novelty scaffold_novelty (raw) novelty novelty (raw) stereo_validity stereo_validity (raw) MW_window MW_window (raw) synthetic_feasibility synthetic_feasibility (raw) curated alerts filter curated alerts filter (raw) taf_disrupted (predicted_activity) uncertainty (predicted_activity) matchting_patterns (curated alerts filter)
 | 29.6218 32.9237 32.1231 0.5081779 CC(C)(C)c1ccc(NC(=O)CCCN2C(=O)CC(C)(C)c3ccccc32)cc1 1 CC(CCCC1C(C)CCC2CCCCC21)CC1CCCCC1 0.1850000 0.1850 0.2803652 0.2804 0.3333333 0.3333 1.0000000 1.0000 0.7676210 0.7676 1.0000000 1.0000 1.0000000 392.5430 0.5280870 2.2211 1.0000000 1.0000 0.6666666666666667 0.38829756630707846 []
 | 31.0501 32.8102 -32.8102 0.0000000 COC(=O)OC(C)(OC(=O)OC)C(=O)c1ccccc1 1 C1CCCCC1 0.2350000 0.2350 0.3216338 0.3216 0.3333333 0.3333 1.0000000 1.0000 0.6836140 0.6836 1.0000000 1.0000 1.0000000 282.2480 0.5376623 2.6388 1.0000000 1.0000 0.6666666666666667 0.4239988207530771 []
 | 30.3342 28.6607 -26.0277 0.0205702 O=CC(OC(F)(F)F)c1cccc2ccccc12 1 C1CCC2CCCCC2C1 0.2250000 0.2250 0.2657424 0.2657 0.0000000 0.0000 1.0000000 1.0000 0.7342576 0.7343 0.0000000 0.0000 1.0000000 254.2070 0.5449214 2.9562 1.0000000 1.0000 1.0 0.41758232721225164 []
 | 33.5462 33.2457 -26.9280 0.0493568 Cc1ccccc1CN1C(=O)S/C(=C\c2cn(CC(=O)c3ccc([N+](=O)[O-])cc3)c3ccccc23)C1=O 1 CC(CC1CC(CC2CC(C)C(CC3CCCCC3)C2C)C2CCCCC12)C1CCCCC1 0.1950000 0.1950 0.2113432 0.2113 0.0000000 0.0000 1.0000000 1.0000 0.8135891 0.8136 1.0000000 1.0000 1.0000000 511.5590 0.5341123 2.4838 1.0000000 1.0000 1.0 0.3962007067131506 []
 | 24.5520 29.3973 33.6700 0.4927135 CS(=O)(=O)N(CC(=O)Nc1ccc(Cl)c(Cl)c1)Cc1ccc(Cl)c(Cl)c1 1 CC(CCCC1CCCCC1)CC1CCCCC1 0.2000000 0.2000 0.1928971 0.1929 0.3333333 0.3333 1.0000000 1.0000 0.8180437 0.8180 1.0000000 1.0000 1.0000000 456.1780 0.5255504 2.1106 1.0000000 1.0000 0.6666666666666667 0.4000000000000001 []
 | 44.8424 46.3349 -40.2518 0.0475240 COc1cccc2c(C)cc(N3CCN(S(=O)(=O)c4ncn(C(C)(C)C)c4C)CC3)nc12 1 CC(C)(C1CCCC1)C1CCC(C2CCC3CCCCC3C2)CC1 0.1500000 0.1500 0.2126050 0.2126 0.0000000 0.0000 1.0000000 1.0000 0.8462188 0.8462 1.0000000 1.0000 1.0000000 457.6000 0.5416028 2.8110 1.0000000 1.0000 1.0 0.3570714214271425 []
 | 33.0438 39.1019 -37.6832 0.0110839 CC(NC(=O)c1ccccc1NC(=O)c1ccc(S(=O)(=O)c2ccc(Br)cc2)s1)c1ccccc1 1 CC(CC1CCCCC1C(C)CCC1CCCCC1)C1CCC(C(C)(C)C2CCCCC2)C1 0.3000000 0.3000 0.2735764 0.2736 0.6666667 0.6667 1.0000000 1.0000 0.7264236 0.7264 0.0000000 0.0000 0.0000000 569.5020 0.5383551 2.6690 1.0000000 1.0000 0.33333333333333337 0.458257569495584 []
 | 24.1330 27.3990 43.4729 0.5536868 O=C(NCCc1ccccc1)c1ccc(NS(=O)(=O)c2ccccc2C(F)(F)F)cc1 1 CC(CCCC1CCCCC1)C1CCC(CC(C)(C)C2CCCCC2)CC1 0.3150000 0.3150 0.2940858 0.2941 0.3333333 0.3333 1.0000000 1.0000 0.7059142 0.7059 1.0000000 1.0000 1.0000000 448.4660 0.5222543 1.9671 1.0000000 1.0000 0.6666666666666667 0.46451587701606073 []
 | 24.1502 25.9263 -25.9263 0.0000000 N#Cc1ccc(CNC(=O)Nc2ccc([N+](=O)[O-])cc2)cc1 1 CC(CCC1CCCCC1)CC1CCCCC1 0.2450000 0.2450 0.2197738 0.2198 0.6666667 0.6667 1.0000000 1.0000 0.8157257 0.8157 1.0000000 1.0000 1.0000000 296.2860 0.5189871 1.8250 1.0000000 1.0000 0.33333333333333337 0.4300872004605578 []
 | 27.1026 27.9979 33.4273 0.4798845 CC(=O)Nc1ccc(Sc2cc(N3CCOCC3)ncn2)cc1 1 C1CCC(CC2CCCC(C3CCCCC3)C2)CC1 0.1450000 0.1450 0.2500646 0.2501 0.3333333 0.3333 1.0000000 1.0000 0.7550510 0.7551 1.0000000 1.0000 1.0000000 330.4130 0.5294735 2.2815 1.0000000 1.0000 0.6666666666666667 0.352100837829165 []
21:01:24 <INFO> Score: 0.40 Agent NLL: 29.00 Valid: 100% Step: 35
 | Agent Prior Target Score SMILES SMILES_state Scaffold predicted_activity predicted_activity (raw) training_similarity training_similarity (raw) taf_consistency taf_consistency (raw) scaffold_novelty scaffold_novelty (raw) novelty novelty (raw) stereo_validity stereo_validity (raw) MW_window MW_window (raw) synthetic_feasibility synthetic_feasibility (raw) curated alerts filter curated alerts filter (raw) taf_disrupted (predicted_activity) uncertainty (predicted_activity) matchting_patterns (curated alerts filter)
 | 22.6329 24.7256 -24.7256 0.0000000 CCc1cccc(OCC(=O)Nc2ccccc2C(F)(F)F)c1 1 CC(CCC1CCCCC1)CC1CCCCC1 0.2350000 0.2350 0.3023256 0.3023 0.3333333 0.3333 1.0000000 1.0000 0.6991527 0.6992 1.0000000 1.0000 1.0000000 323.3140 0.5182880 1.7946 1.0000000 1.0000 0.6666666666666667 0.4239988207530771 []
 | 23.5878 29.0673 33.8989 0.4919232 CC(=O)Nc1ccc(CC(=O)Nc2cc(Cl)c(Cl)cc2F)cc1 1 CC(CC1CCCCC1)CC1CCCCC1 0.1750000 0.1750 0.2280126 0.2280 0.3333333 0.3333 1.0000000 1.0000 0.8133167 0.8133 1.0000000 1.0000 1.0000000 355.1960 0.5188476 1.8189 1.0000000 1.0000 0.6666666666666667 0.3799671038392666 []
 | 26.9199 25.2812 -25.2812 0.0000000 CS(=O)(=O)Nc1ccc(C(=O)NCCCCC(=O)O)cc1 1 C1CCCCC1 0.2850000 0.2850 0.2253745 0.2254 0.3333333 0.3333 1.0000000 1.0000 0.7808013 0.7808 1.0000000 1.0000 1.0000000 314.3630 0.5179769 1.7811 1.0000000 1.0000 0.6666666666666667 0.4514144437210666 []
 | 28.3511 28.5912 41.1257 0.5446631 N#Cc1nc(-c2ccncc2)oc1NCCc1c[nH]c2ccccc12 1 C1CCC(C2CCC(CCCC3CCC4CCCCC43)C2)CC1 0.2350000 0.2350 0.1627467 0.1627 0.6666667 0.6667 1.0000000 1.0000 0.8372533 0.8373 1.0000000 1.0000 1.0000000 329.3630 0.5337008 2.4658 1.0000000 1.0000 0.33333333333333337 0.4239988207530771 []
 | 22.4569 26.5549 39.1712 0.5134848 Cn1c(=O)ccn(CC(=O)Nc2ccc3ccccc3c2)c1=O 1 CC1CCC(CC(C)CC2CCC3CCCCC3C2)C(C)C1 0.2250000 0.2250 0.2381628 0.2382 0.3333333 0.3333 1.0000000 1.0000 0.7689267 0.7689 1.0000000 1.0000 1.0000000 309.3250 0.5239629 2.0415 1.0000000 1.0000 0.6666666666666667 0.41758232721225164 []
 | 27.3053 29.8873 40.6015 0.5506937 COc1cc(O)c(CNc2ccc(Br)cc2)c(Br)c1 1 C1CCC(CCC2CCCCC2)CC1 0.1850000 0.1850 0.2547719 0.2548 0.6666667 0.6667 1.0000000 1.0000 0.7744465 0.7744 1.0000000 1.0000 1.0000000 387.0710 0.5268562 2.1675 1.0000000 1.0000 0.33333333333333337 0.3882975663070784 []
 | 24.3388 25.7113 47.3085 0.5704667 COc1ccc(NC(=O)[C@@H](C)OC(=O)c2cccc(Cl)c2)cc1 1 CC(CCC(C)C1CCCCC1)CC1CCCCC1 0.2050000 0.2050 0.2865341 0.2865 0.6666667 0.6667 1.0000000 1.0000 0.7970615 0.7971 1.0000000 1.0000 1.0000000 333.7710 0.5244812 2.0641 1.0000000 1.0000 0.33333333333333337 0.403701622488689 []
 | 35.0364 41.6528 -38.3378 0.0258989 C[C@@]12C(=O)CC(=O)C1=CN(c1cccc(C(F)(F)F)c1)C(N)=C(C(=O)Nc1ccccc1)[C@@H]2c1ccccc1Cl 1 CC1CC(C)C2C1CC(C1CCCCC1)CC(C(C)CC1CCCCC1)C2C1CCCCC1 0.3400000 0.3400 0.2608294 0.2608 0.3333333 0.3333 1.0000000 1.0000 0.7546451 0.7546 1.0000000 1.0000 0.0000000 565.9790 0.5499760 3.8223 1.0000000 1.0000 0.6666666666666667 0.4737087712930804 []
 | 33.7270 40.5143 21.5400 0.4847990 COC(=O)[C@H](C(C)C)N1CC[C@@H]2OC(=O)[C@@H](C)[C@@H]2CC1=O 1 CC1CCCC2CC(C)CC2C1 0.1300000 0.1300 0.3138395 0.3138 0.3333333 0.3333 1.0000000 1.0000 0.7215770 0.7216 1.0000000 1.0000 1.0000000 297.3510 0.5464830 3.9754 1.0000000 1.0000 0.6666666666666667 0.33630343441600474 []
 | 25.2592 29.8300 -29.8300 0.0000000 CCNC(=O)c1ccc(CNC(=NC)NC2CCN(C(=O)OC(C)(C)C)CC2)cc1 1 CC(CCC1CCCCC1)CC1CCCCC1 0.2350000 0.2350 0.2321817 0.2322 0.6666667 0.6667 1.0000000 1.0000 0.7741806 0.7742 1.0000000 1.0000 1.0000000 417.5540 0.5333705 2.4514 1.0000000 1.0000 0.33333333333333337 0.4239988207530771 []
21:01:24 <INFO> Sampled SMILES [C@H]1(CN(CCC1)C(=O)CCSc1ccccc1)nccc1cccc1 failed to sanitize.
21:01:24 <INFO> Sampled SMILES c1cc2N(CC(Nc3c(cccc3)O)=O)S(c3cccc1c32)(=O)=O failed to sanitize.
21:01:24 <INFO> Sampled SMILES C(=O)(Nc1c(F)cccc1)c1cc(nc2ccc(Br)cn21)-c1ccccc1 failed to sanitize.
21:01:28 <INFO> Score: 0.37 Agent NLL: 29.35 Valid:  95% Step: 36
 | Agent Prior Target Score SMILES SMILES_state Scaffold predicted_activity predicted_activity (raw) training_similarity training_similarity (raw) taf_consistency taf_consistency (raw) scaffold_novelty scaffold_novelty (raw) novelty novelty (raw) stereo_validity stereo_validity (raw) MW_window MW_window (raw) synthetic_feasibility synthetic_feasibility (raw) curated alerts filter curated alerts filter (raw) taf_disrupted (predicted_activity) uncertainty (predicted_activity) matchting_patterns (curated alerts filter)
 | 23.2179 25.7834 37.3790 0.4934562 CCCSc1nnc(NC(=O)COc2cccc(Cl)c2)s1 1 CC(CCC1CCCCC1)CC1CCCC1 0.1650000 0.1650 0.2656199 0.2656 0.3333333 0.3333 1.0000000 1.0000 0.7474619 0.7475 1.0000000 1.0000 1.0000000 343.8610 0.5251529 2.0933 1.0000000 1.0000 0.6666666666666667 0.37118054905934933 []
 | 36.9349 44.2781 -44.2781 0.0000000 [C@H]1(CN(CCC1)C(=O)CCSc1ccccc1)nccc1cccc1 0 -- 0.0000000 0.0000 0.0000000 0.0000 0.0000000 0.0000 0.0000000 0.0000 0.0000000 0.0000 0.0000000 0.0000 0.0000000 0.0000 0.0000000 0.0000 0.0000000 0.0000 None None None
 | 30.3671 34.5448 32.5492 0.5241715 Cc1cccnc1NC(=O)c1nc(C(C)C)sc1-c1cccnc1 1 CC(CC1CCCCC1)C1CCCC1C1CCCCC1 0.2650000 0.2650 0.2201127 0.2201 0.3333333 0.3333 1.0000000 1.0000 0.7864395 0.7864 1.0000000 1.0000 1.0000000 338.4360 0.5340138 2.4795 1.0000000 1.0000 0.6666666666666667 0.4413332074521472 []
 | 25.3291 30.4261 -2.5326 0.2179177 CNC(=O)C(C)NC1CCN(Cc2ccccc2)C(=O)C1 1 CC1CCCCC1CC1CCCCC1 0.2650000 0.2650 0.3469771 0.3470 0.3333333 0.3333 1.0000000 1.0000 0.6530229 0.6530 0.0000000 0.0000 1.0000000 289.3790 0.5420231 2.8294 1.0000000 1.0000 0.6666666666666667 0.4413332074521472 []
 | 38.3834 43.5346 20.6444 0.5013978 COC(=O)c1ccc(CC(=O)c2cccc(F)c2Sc2nc(-c3ccccc3)cs2)cc1 1 CC(CC1CCCCC1)C1CCCCC1CC1CCC(C2CCCCC2)C1 0.1900000 0.1900 0.2467548 0.2468 0.3333333 0.3333 1.0000000 1.0000 0.7561569 0.7562 1.0000000 1.0000 1.0000000 463.5550 0.5322511 2.4026 1.0000000 1.0000 0.6666666666666667 0.39230090491866065 []
 | 26.0180 30.9689 44.2805 0.5878861 Cc1c(Cl)cccc1NC(=O)c1cn(-c2ccccc2)nc1Br 1 CC(CC1CCCCC1)C1CCC(C2CCCCC2)C1 0.2850000 0.2850 0.2478408 0.2478 0.6666667 0.6667 1.0000000 1.0000 0.7521592 0.7522 1.0000000 1.0000 1.0000000 390.6680 0.5264134 2.1482 1.0000000 1.0000 0.33333333333333337 0.4514144437210666 []
 | 27.2291 29.4553 46.2033 0.5910826 O=C(/C=C/c1ccc(Br)cc1)Nc1cccc(OCc2ccc(F)cc2)c1 1 CC(CCC1CCCCC1)CC1CCCC(CCC2CCCCC2)C1 0.2600000 0.2600 0.3117407 0.3117 0.6666667 0.6667 1.0000000 1.0000 0.6882593 0.6883 1.0000000 1.0000 1.0000000 426.2850 0.5202420 1.8796 1.0000000 1.0000 0.33333333333333337 0.4386342439892262 []
 | 20.9135 25.3231 -25.3231 0.0000000 CC(=O)Nc1cccc(NC(=O)c2ccc(C#N)cc2)c1C 1 CC(CC1CCCCC1)C1CCCCC1 0.2700000 0.2700 0.2197177 0.2197 0.6666667 0.6667 1.0000000 1.0000 0.8054805 0.8055 1.0000000 1.0000 1.0000000 293.3260 0.5179409 1.7795 1.0000000 1.0000 0.33333333333333337 0.4439594576084623 []
 | 37.3288 36.8685 -14.0950 0.1779180 CC(C)(C)OC(=O)N(CC1CC2CN(S(C)(=O)=O)CC12)C1CCC1 1 C1CC(CCC2CC3CCCC32)C1 0.0950000 0.0950 0.2247333 0.2247 0.3333333 0.3333 1.0000000 1.0000 0.8351914 0.8352 0.0000000 0.0000 1.0000000 358.5040 0.5517897 3.7427 1.0000000 1.0000 0.6666666666666667 0.29321493822791495 []
 | 28.9938 32.3299 37.1936 0.5431527 CC(C)OCCCNC(=O)c1cccc(NC(=O)C(=O)NC[C@H]2CCCO2)c1 1 CC(CCC1CCCC1)C(C)CC1CCCCC1 0.2600000 0.2600 0.3134415 0.3134 0.3333333 0.3333 1.0000000 1.0000 0.7190243 0.7190 1.0000000 1.0000 1.0000000 391.4680 0.5377347 2.6419 1.0000000 1.0000 0.6666666666666667 0.4386342439892262 []
21:01:32 <INFO> Score: 0.40 Agent NLL: 30.27 Valid: 100% Step: 37
 | Agent Prior Target Score SMILES SMILES_state Scaffold predicted_activity predicted_activity (raw) training_similarity training_similarity (raw) taf_consistency taf_consistency (raw) scaffold_novelty scaffold_novelty (raw) novelty novelty (raw) stereo_validity stereo_validity (raw) MW_window MW_window (raw) synthetic_feasibility synthetic_feasibility (raw) curated alerts filter curated alerts filter (raw) taf_disrupted (predicted_activity) uncertainty (predicted_activity) matchting_patterns (curated alerts filter)
 | 35.6128 43.8265 28.9530 0.5685898 Cc1nc(S(=O)(=O)c2ccccc2)ccc1C=CC(=O)OCC(=O)Nc1ccccc1C(C)C 1 CC(CCC(C)CC1CCCCC1)CCC1CCC(C(C)(C)C2CCCCC2)CC1 0.2350000 0.2350 0.2416561 0.2417 0.6666667 0.6667 1.0000000 1.0000 0.7583439 0.7583 1.0000000 1.0000 1.0000000 478.5700 0.5348639 2.5166 1.0000000 1.0000 0.33333333333333337 0.4239988207530771 []
 | 42.8324 55.1661 -26.1814 0.2264429 Cc1ccc(NC(=O)N2C(=O)CSCC2CC(=O)OC(=O)c2ccc(Br)cc2)cc1C 1 CC(CC(C)C1CCCCC1)CC1CCCC(C)C1C(C)CC1CCCCC1 0.1750000 0.1750 0.2221882 0.2222 1.0000000 1.0000 1.0000000 1.0000 0.7921903 0.7922 0.0000000 0.0000 1.0000000 505.3900 0.5496421 3.1631 1.0000000 1.0000 0.0 0.3799671038392666 []
 | 29.4745 32.0351 33.3809 0.5110622 Cc1ccc(-c2onc(C)c2C(=O)Nc2ccc(N(C)C)cc2)c(C)c1 1 CC(CC1CCCCC1)C1CCCC1C1CCCCC1 0.2250000 0.2250 0.2214546 0.2215 0.3333333 0.3333 1.0000000 1.0000 0.8039428 0.8039 1.0000000 1.0000 1.0000000 349.4340 0.5272156 2.1831 1.0000000 1.0000 0.6666666666666667 0.41758232721225164 []
 | 32.4613 33.1595 -33.1595 0.0000000 COCCN(CCN)c1ncnc(C(C)C)c1Br 1 C1CCCCC1 0.2250000 0.2250 0.2467838 0.2468 0.6666667 0.6667 1.0000000 1.0000 0.7705843 0.7706 1.0000000 1.0000 1.0000000 317.2310 0.5445040 2.9379 1.0000000 1.0000 0.33333333333333337 0.41758232721225164 []
 | 33.3340 37.1487 -10.2966 0.2097818 O=C(Nc1nnc(-c2ccc(Cl)s2)s1)C(O)c1cccc([N+](=O)[O-])c1 1 CC(CC1CCCCC1)CC1CCC(C2CCCC2)C1 0.2800000 0.2800 0.2100903 0.2101 0.3333333 0.3333 1.0000000 1.0000 0.7907543 0.7908 0.0000000 0.0000 1.0000000 396.8370 0.5454968 2.9814 1.0000000 1.0000 0.6666666666666667 0.44899888641287294 []
 | 24.8819 31.0775 28.8887 0.4684860 CC(C)(C)C(=O)N1CCN(CC(=O)Nc2nc(=O)c3c(s2)CCCCC3)CC1 1 CC(CC1CCCCC1)CC1CC(C)C2CCCCCC2C1 0.1350000 0.1350 0.2129589 0.2130 0.3333333 0.3333 1.0000000 1.0000 0.8232233 0.8232 1.0000000 1.0000 1.0000000 406.5520 0.5335709 2.4602 1.0000000 1.0000 0.6666666666666667 0.34172357249683555 []
 | 52.0856 54.5028 10.2179 0.5056305 COc1ccc(CNC(=O)/C(=C\N)[C@@H](O)[C@H](O)[C@H](O[C@@H]2O[C@@H](C)[C@@H](O)[C@H](O)[C@H]2O)[C@@H](C)O)cc1 1 CC(CCCCC1CCCCC1)C(C)CCC1CCCCC1 0.1650000 0.1650 0.3197474 0.3197 0.3333333 0.3333 1.0000000 1.0000 0.7386979 0.7387 1.0000000 1.0000 1.0000000 486.5180 0.5303642 4.6797 1.0000000 1.0000 0.6666666666666667 0.37118054905934933 []
 | 26.7012 26.4474 40.4519 0.5226508 O=S(=O)(Nc1ccc(N2CCN(Cc3ccccc3)CC2)cc1)c1cccc(C(F)(F)F)c1 1 CC(C)(CC1CCC(C2CCC(CC3CCCCC3)CC2)CC1)C1CCCCC1 0.2450000 0.2450 0.2454159 0.2454 0.3333333 0.3333 1.0000000 1.0000 0.7651443 0.7651 1.0000000 1.0000 1.0000000 475.5360 0.5239196 2.0396 1.0000000 1.0000 0.6666666666666667 0.4300872004605578 []
 | 37.3340 43.3330 -43.3330 0.0000000 COC(=O)C1(C)CC=CC[C@H]1C(=O)N/N=C\c1cccc(Cl)c1 1 CC(CCCC1CCCCC1)C1CCCCC1 0.0000000 0.0000 0.0000000 0.0000 0.0000000 0.0000 0.0000000 0.0000 0.0000000 0.0000 0.0000000 0.0000 0.0000000 0.0000 0.0000000 0.0000 0.0000000 0.0000 None None ['[#7;!n][#7;!n]']
 | 25.6733 29.5544 -22.8985 0.0519998 O=c1ccn(Cc2cccc(Cl)c2)c(-c2cccs2)c1 1 CC1CCC(CC2CCCCC2)C(C2CCCC2)C1 0.2450000 0.2450 0.2469324 0.2469 0.0000000 0.0000 1.0000000 1.0000 0.7660561 0.7661 1.0000000 1.0000 1.0000000 301.7980 0.5302167 2.3139 1.0000000 1.0000 1.0 0.43008720046055776 []
21:01:36 <INFO> Score: 0.41 Agent NLL: 29.23 Valid: 100% Step: 38
 | Agent Prior Target Score SMILES SMILES_state Scaffold predicted_activity predicted_activity (raw) training_similarity training_similarity (raw) taf_consistency taf_consistency (raw) scaffold_novelty scaffold_novelty (raw) novelty novelty (raw) stereo_validity stereo_validity (raw) MW_window MW_window (raw) synthetic_feasibility synthetic_feasibility (raw) curated alerts filter curated alerts filter (raw) taf_disrupted (predicted_activity) uncertainty (predicted_activity) matchting_patterns (curated alerts filter)
 | 29.0988 27.6405 -27.6405 0.0000000 C=CCOC(=O)/C=C\C1=C(C)CCCC1(C)C 1 C1CCCCC1 0.1300000 0.1300 0.3800209 0.3800 0.3333333 0.3333 1.0000000 1.0000 0.7719874 0.7720 1.0000000 1.0000 1.0000000 234.3390 0.5404763 2.7617 1.0000000 1.0000 0.6666666666666667 0.33630343441600474 []
 | 21.2640 26.6973 -26.6973 0.0000000 CC(C)(C)OC(=O)NCCNc1cc(Cl)c(Cl)cc1Cl 1 C1CCCCC1 0.1800000 0.1800 0.2229254 0.2229 0.6666667 0.6667 1.0000000 1.0000 0.8180983 0.8181 1.0000000 1.0000 1.0000000 339.6500 0.5253687 2.1027 1.0000000 1.0000 0.33333333333333337 0.38418745424597095 []
 | 29.2051 29.7964 37.4340 0.5252372 O=C(OCCn1cnc2ccccc2c1=O)c1ccc(Cl)s1 1 CC(CCCC1CCC2CCCCC2C1C)C1CCCC1 0.2300000 0.2300 0.2908717 0.2909 0.3333333 0.3333 1.0000000 1.0000 0.7091283 0.7091 1.0000000 1.0000 1.0000000 334.7840 0.5265164 2.1527 1.0000000 1.0000 0.6666666666666667 0.4208325082500163 []
 | 25.3729 32.7321 42.3514 0.5865896 COC(=O)NC(=O)c1ccsc1NC(=O)c1ccccc1SC(F)F 1 CC(CC1CCCC1)C1CCCCC1 0.2500000 0.2500 0.2865341 0.2865 0.6666667 0.6667 1.0000000 1.0000 0.7463269 0.7463 1.0000000 1.0000 1.0000000 386.4010 0.5331891 2.4435 1.0000000 1.0000 0.33333333333333337 0.4330127018922193 []
 | 33.6897 34.9109 32.7020 0.5282261 COc1ccc(C(=O)COC(=O)c2ccc(S(=O)(=O)Nc3ccc([N+](=O)[O-])cc3F)cc2)cc1 1 CC(CCC(C)C1CCC(C(C)(C)CC2CCCCC2)CC1)C1CCCCC1 0.1500000 0.1500 0.2274294 0.2274 0.6666667 0.6667 1.0000000 1.0000 0.8433969 0.8434 1.0000000 1.0000 1.0000000 488.4490 0.5262699 2.1419 1.0000000 1.0000 0.33333333333333337 0.3570714214271425 []
 | 35.1576 32.5274 29.3725 0.4835928 COc1cccc(Nc2nc(C(C)(C)C(=O)O)cs2)c1OC 1 C1CCC(CC2CCCC2)CC1 0.1450000 0.1450 0.2519516 0.2520 0.3333333 0.3333 1.0000000 1.0000 0.8017274 0.8017 1.0000000 1.0000 1.0000000 322.3860 0.5339209 2.4754 1.0000000 1.0000 0.6666666666666667 0.352100837829165 []
 | 27.8339 37.0640 31.0804 0.5323785 CC(=O)Nc1ccc(NC(=O)c2ccccc2S(=O)(=O)Nc2ccccc2C(C)C)cc1Cl 1 CC(CC1CCCCC1)C1CCCCC1C(C)(C)CC1CCCCC1 0.3050000 0.3050 0.2080204 0.2080 0.3333333 0.3333 1.0000000 1.0000 0.7928158 0.7928 1.0000000 1.0000 1.0000000 485.9930 0.5265799 2.1554 1.0000000 1.0000 0.6666666666666667 0.460407428263272 []
 | 26.6903 29.8933 42.2508 0.5636259 C[C@@H](Cc1cccc(F)c1)NC(=O)c1ccc(-c2ccccc2)cc1 1 CC(CCCC1CCCCC1)C1CCC(C2CCCCC2)CC1 0.3250000 0.3250 0.3379189 0.3379 0.3333333 0.3333 1.0000000 1.0000 0.6620811 0.6621 1.0000000 1.0000 1.0000000 333.4060 0.5252007 2.0954 1.0000000 1.0000 0.6666666666666667 0.4683748498798799 []
 | 25.2673 40.7868 23.5918 0.5029577 CCNC(=NCCCN1CCCCCC1)NC(=O)COCC(=O)Nc1ccccc1CC 1 CC(CCCCCCC1CCCCCC1)CCCC(C)CC1CCCCC1 0.1950000 0.1950 0.2337781 0.2338 0.3333333 0.3333 1.0000000 1.0000 0.7986532 0.7987 1.0000000 1.0000 1.0000000 445.6080 0.5355336 2.5458 1.0000000 1.0000 0.6666666666666667 0.3962007067131506 []
 | 34.1345 38.9863 26.0184 0.5078492 CCn1c(CCCNC(C)=O)nnc1S[C@H](C)C(=O)Nc1cc(-c2ccccc2)ns1 1 CC(CCC1CCCC1)CC1CCC(C2CCCCC2)C1 0.2200000 0.2200 0.2146694 0.2147 0.3333333 0.3333 1.0000000 1.0000 0.7912131 0.7912 1.0000000 1.0000 1.0000000 458.6130 0.5477495 3.0801 1.0000000 1.0000 0.6666666666666667 0.4142463035441596 []
21:01:40 <INFO> Score: 0.39 Agent NLL: 29.76 Valid: 100% Step: 39
 | Agent Prior Target Score SMILES SMILES_state Scaffold predicted_activity predicted_activity (raw) training_similarity training_similarity (raw) taf_consistency taf_consistency (raw) scaffold_novelty scaffold_novelty (raw) novelty novelty (raw) stereo_validity stereo_validity (raw) MW_window MW_window (raw) synthetic_feasibility synthetic_feasibility (raw) curated alerts filter curated alerts filter (raw) taf_disrupted (predicted_activity) uncertainty (predicted_activity) matchting_patterns (curated alerts filter)
 | 28.3343 45.2114 -16.6944 0.2227886 C=CCN(C(=O)COc1ccc(C(C)C)cc1Br)C(C)C(=O)Nc1ccccc1SC 1 CC(CCC(C)CC1CCCCC1)CCC1CCCCC1 0.1950000 0.1950 0.2663381 0.2663 0.6666667 0.6667 1.0000000 1.0000 0.7625469 0.7625 0.0000000 0.0000 1.0000000 505.4780 0.5457326 2.9917 1.0000000 1.0000 0.33333333333333337 0.3962007067131506 []
 | 36.1780 45.8815 -42.4011 0.0271904 CC(C)OC(=O)c1cccc(NC(=O)c2cc([N+](=O)[O-])ccc2N2CCN(Cc3ccc4ccccc4c3)CC2)c1 1 CC(CC1CCCCC1)C1CCCCC1C1CCC(CC2CCC3CCCCC3C2)CC1 0.2650000 0.2650 0.2608294 0.2608 0.6666667 0.6667 1.0000000 1.0000 0.7589856 0.7590 1.0000000 1.0000 0.0000000 552.6310 0.5318480 2.3850 1.0000000 1.0000 0.33333333333333337 0.4413332074521472 []
 | 25.7392 28.9408 -2.2682 0.2083802 COc1ccc(NC(=O)C2=C(C)NC(=O)NC2c2ccc(C)cc2)c(OC)c1 1 CC1CCC(C(C)CC2CCCCC2)C(C2CCCCC2)C1 0.2050000 0.2050 0.3001877 0.3002 0.3333333 0.3333 1.0000000 1.0000 0.7841795 0.7842 0.0000000 0.0000 1.0000000 381.4320 0.5358408 2.5592 1.0000000 1.0000 0.6666666666666667 0.40370162248868907 []
 | 33.5299 36.5692 -8.4254 0.2198734 CC(Cc1ccccc1Cl)C(=O)NC(=O)c1ccc(Cl)nc1 1 CC(CCC1CCCCC1)CC(C)C1CCCCC1 0.3150000 0.3150 0.2790405 0.2790 0.3333333 0.3333 1.0000000 1.0000 0.7209595 0.7210 0.0000000 0.0000 1.0000000 337.2060 0.5373833 2.6266 1.0000000 1.0000 0.6666666666666667 0.46451587701606073 []
 | 29.4131 30.9264 -4.5009 0.2064486 CCCC(=O)Nc1cccc(SC(C)C(=O)NCc2ccccc2C)c1 1 CC(CCC1CCCCC1)CCC1CCCCC1 0.2350000 0.2350 0.2414726 0.2415 0.3333333 0.3333 1.0000000 1.0000 0.7651443 0.7651 0.0000000 0.0000 1.0000000 370.5180 0.5320106 2.3921 1.0000000 1.0000 0.6666666666666667 0.4239988207530771 []
 | 28.0994 29.3566 32.2271 0.4811226 CC(C)(C)OCC(=O)Nc1sc2c(c1C(N)=O)CCCC2 1 C1CCC2CCCC2C1 0.1600000 0.1600 0.2095291 0.2095 0.3333333 0.3333 1.0000000 1.0000 0.8292683 0.8293 1.0000000 1.0000 1.0000000 310.4190 0.5318613 2.3856 1.0000000 1.0000 0.6666666666666667 0.36660605559646714 []
 | 26.2713 29.7961 -23.2640 0.0510323 O=C(Cc1ccccc1F)Oc1cccc(C2CCCCC2)c1 1 CC(CC1CCCCC1)CC1CCCC(C2CCCCC2)C1 0.2050000 0.2050 0.2760262 0.2760 0.0000000 0.0000 1.0000000 1.0000 0.7463269 0.7463 1.0000000 1.0000 1.0000000 312.3840 0.5219171 1.9525 1.0000000 1.0000 1.0 0.403701622488689 []
 | 31.7739 39.1496 26.6836 0.5143219 CCCNS(=O)(=O)c1ccc(NC(=O)CN2C(=O)C(=O)N(CCC)C2=O)nc1 1 CC(CC1CCCCC1)CC1C(C)CC(C)C1C 0.2150000 0.2150 0.2532922 0.2533 0.3333333 0.3333 1.0000000 1.0000 0.7654213 0.7654 1.0000000 1.0000 1.0000000 411.4400 0.5331654 2.4425 1.0000000 1.0000 0.6666666666666667 0.41082234603292944 []
 | 24.5138 27.8908 41.2227 0.5399496 CC(=O)c1cccc(Nc2ccc(C(=O)NCc3cccnc3)nc2)c1 1 CC(CCC1CCCCC1)C1CCC(CC2CCCCC2)CC1 0.2550000 0.2550 0.3049971 0.3050 0.3333333 0.3333 1.0000000 1.0000 0.7416587 0.7417 1.0000000 1.0000 1.0000000 346.3900 0.5241238 2.0485 1.0000000 1.0000 0.6666666666666667 0.43586121644395015 []
 | 25.9730 31.3885 37.3527 0.5370406 O=C1CN(c2ccccc2NC(=O)c2cc(-c3ccccc3Cl)no2)CCN1 1 CC1CCCC(C2CCCCC2CC(C)C2CCC(C3CCCCC3)C2)C1 0.2900000 0.2900 0.2438431 0.2438 0.3333333 0.3333 1.0000000 1.0000 0.7561569 0.7562 1.0000000 1.0000 1.0000000 396.8340 0.5308507 2.3415 1.0000000 1.0000 0.6666666666666667 0.4537620521815371 []
21:01:40 <INFO> Sampled SMILES c1cc(S(c2[nH]c(-c3ccc(F)cc3)cc(C(=O)OC(C)(C)C)c2=O)(=O)=O)ccc1NC(=O)CCC failed to sanitize.
21:01:43 <INFO> Score: 0.41 Agent NLL: 31.73 Valid:  98% Step: 40
 | Agent Prior Target Score SMILES SMILES_state Scaffold predicted_activity predicted_activity (raw) training_similarity training_similarity (raw) taf_consistency taf_consistency (raw) scaffold_novelty scaffold_novelty (raw) novelty novelty (raw) stereo_validity stereo_validity (raw) MW_window MW_window (raw) synthetic_feasibility synthetic_feasibility (raw) curated alerts filter curated alerts filter (raw) taf_disrupted (predicted_activity) uncertainty (predicted_activity) matchting_patterns (curated alerts filter)
 | 46.7211 43.8940 24.4926 0.5342701 O=C(/C=C/C1CCCCC1)C[C@@]1(O)C(=O)C(c2ccccc2)Oc2cc(O)ccc21 1 CC(CCC1CCCCC1)CC1C(C)C(C2CCCCC2)CC2CCCCC21 0.2750000 0.2750 0.3579499 0.3579 0.3333333 0.3333 1.0000000 1.0000 0.6420501 0.6421 0.5000000 0.5000 1.0000000 406.4780 0.5537056 3.6586 1.0000000 1.0000 0.6666666666666667 0.44651427748729383 []
 | 25.7925 36.0252 -6.7580 0.2286500 Cc1ccccc1C(=O)Nc1cccc(SC(C)C(=O)Nc2ccccc2C(=O)NCc2ccccc2)c1C 1 CC(CCC1CCCC(CC(C)C2CCCCC2)C1)CC1CCCCC1C(C)CCC1CCCCC1 0.3700000 0.3700 0.3191725 0.3192 0.3333333 0.3333 1.0000000 1.0000 0.6808275 0.6808 0.0000000 0.0000 1.0000000 537.6850 0.5382214 2.6632 1.0000000 1.0000 0.6666666666666667 0.4828043081829324 []
 | 23.2969 26.7291 42.2562 0.5389479 Cc1ccc(CSCC(=O)Nc2ccccc2C(=O)Nc2ccc(C)cc2)cc1 1 CC(CCCC1CCCCC1)CC1CCCCC1C(C)CC1CCCCC1 0.2750000 0.2750 0.2824229 0.2824 0.3333333 0.3333 1.0000000 1.0000 0.7175771 0.7176 1.0000000 1.0000 1.0000000 404.5350 0.5185710 1.8069 1.0000000 1.0000 0.6666666666666667 0.44651427748729383 []
 | 27.7719 38.6368 -35.2668 0.0263282 CCOc1ccc(NS(=O)(=O)c2ccc(NC(=O)NC(=O)CCCC(=O)OCCCc3ccccc3)c(C)c2)cc1 1 CC(CCCCC1CCCCC1)CCCC(C)CC(C)CC1CCC(C(C)(C)CC2CCCCC2)CC1 0.2150000 0.2150 0.2725541 0.2726 0.6666667 0.6667 1.0000000 1.0000 0.7349146 0.7349 1.0000000 1.0000 0.0000000 581.6910 0.5317681 2.3815 1.0000000 1.0000 0.33333333333333337 0.41082234603292944 []
 | 25.9210 29.6606 37.4048 0.5239489 CC(C)c1cccc(C(C)C)c1NC(=O)CCCc1nc(-c2ccsc2)no1 1 CC(CCCC1CCC(C2CCCC2)C1)CC1CCCCC1 0.2500000 0.2500 0.2344036 0.2344 0.3333333 0.3333 1.0000000 1.0000 0.7948177 0.7948 1.0000000 1.0000 1.0000000 397.5440 0.5329883 2.4347 1.0000000 1.0000 0.6666666666666667 0.4330127018922193 []
 | 22.2260 25.2468 39.4362 0.5053359 CC(=O)c1ccc(NC(=S)NCCc2ccc(F)cc2)cc1 1 CC(CCCC1CCCCC1)CC1CCCCC1 0.2100000 0.2100 0.2226468 0.2226 0.3333333 0.3333 1.0000000 1.0000 0.8133167 0.8133 1.0000000 1.0000 1.0000000 316.4010 0.5169147 1.7349 1.0000000 1.0000 0.6666666666666667 0.4073082370883261 []
 | 25.9244 26.6761 42.4284 0.5398788 N#Cc1ccc(NS(=O)(=O)c2ccccc2C#N)c(Cl)c1 1 CC(C)(CC1CCCCC1)C1CCCCC1 0.2250000 0.2250 0.1621621 0.1622 0.6666667 0.6667 1.0000000 1.0000 0.8378379 0.8378 1.0000000 1.0000 1.0000000 317.7570 0.5262899 2.1428 1.0000000 1.0000 0.33333333333333337 0.4175823272122517 []
 | 25.3021 33.7872 33.6279 0.5266803 N#Cc1ccccc1NS(=O)(=O)c1ccc(Nc2cccc(Cl)c2)c([N+](=O)[O-])c1 1 CC(C)(CC1CCCCC1)C1CCC(CC2CCCCC2)CC1 0.2150000 0.2150 0.1394972 0.1395 0.6666667 0.6667 1.0000000 1.0000 0.8605028 0.8605 1.0000000 1.0000 1.0000000 428.8570 0.5277482 2.2063 1.0000000 1.0000 0.33333333333333337 0.41082234603292944 []
 | 26.7591 31.8434 32.8044 0.5050605 CN(CC(=O)Nc1cc(Cl)c(Cl)cc1Cl)C(=O)CSc1ccccc1F 1 CC(CCC(C)CC1CCCCC1)CCC1CCCCC1 0.2250000 0.2250 0.2023622 0.2024 0.3333333 0.3333 1.0000000 1.0000 0.8060855 0.8061 1.0000000 1.0000 1.0000000 435.7350 0.5268486 2.1671 1.0000000 1.0000 0.6666666666666667 0.41758232721225164 []
 | 35.0384 42.6866 27.9580 0.5519107 N[C@H](C(=O)O)c1ccc(NC(=O)Nc2ccccc2NC(=O)CCc2ccccc2)cc1 1 CC(CCC1CCCCC1)CC1CCCCC1CC(C)CC1CCCCC1 0.3000000 0.3000 0.3044078 0.3044 0.3333333 0.3333 1.0000000 1.0000 0.6955922 0.6956 1.0000000 1.0000 1.0000000 432.4800 0.5336078 2.4618 1.0000000 1.0000 0.6666666666666667 0.45825756949558394 []
21:01:44 <INFO> Sampled SMILES N(C(=O)[C@H](OC(=O)c1occc1)=O)c1c(CC)cccc1C failed to sanitize.
21:01:44 <INFO> Sampled SMILES c1c2sc3c([nH]c(CCNS(=O)(=O)c4c(C)onc4C)nn3)c2ccc1 failed to sanitize.
21:01:44 <INFO> Sampled SMILES c1oc(C(=O)Nc2c(cc(-n3cnnn3)ccc2C)C)cc1S(=O)(N)=O failed to sanitize.
21:01:44 <INFO> Sampled SMILES c1(c[nH]c2c1cccc2)C(/C=C/c1sc(-c2c(cccc2)Cl)o1)=O failed to sanitize.
21:01:47 <INFO> Score: 0.29 Agent NLL: 30.51 Valid:  92% Step: 41
 | Agent Prior Target Score SMILES SMILES_state Scaffold predicted_activity predicted_activity (raw) training_similarity training_similarity (raw) taf_consistency taf_consistency (raw) scaffold_novelty scaffold_novelty (raw) novelty novelty (raw) stereo_validity stereo_validity (raw) MW_window MW_window (raw) synthetic_feasibility synthetic_feasibility (raw) curated alerts filter curated alerts filter (raw) taf_disrupted (predicted_activity) uncertainty (predicted_activity) matchting_patterns (curated alerts filter)
 | 46.2936 52.2669 -23.0984 0.2278793 COCCNC(=O)C1COc2ccc(-c3ccc(Br)cc3[N+](=O)[O-])c([N+](=O)[O-])c2O1 1 C1CCC(C2CCC3CCCCC3C2)CC1 0.2100000 0.2100 0.2901057 0.2901 0.6666667 0.6667 1.0000000 1.0000 0.7468420 0.7468 0.0000000 0.0000 1.0000000 482.2430 0.5518248 3.2588 1.0000000 1.0000 0.33333333333333337 0.4073082370883261 []
 | 38.9780 42.9324 -17.6250 0.1977144 CCOC(=O)CCC(=O)n1c(=NC(=O)C2CC(=O)N(c3cccc(OC)c3)C2)sc2cc([N+](=O)[O-])ccc21 1 CC(CC1CC2CCCCC2C1)C1CC(C)C(C2CCCCC2)C1 0.1650000 0.1650 0.2609411 0.2609 0.3333333 0.3333 1.0000000 1.0000 0.7806549 0.7807 0.0000000 0.0000 1.0000000 540.5540 0.5539464 3.3520 1.0000000 1.0000 0.6666666666666667 0.37118054905934933 []
 | 28.9542 33.1802 -30.0449 0.0244948 CCOc1ccc(S(=O)(=O)Nc2ccc(S(=O)(=O)Nc3ccc(Br)cc3)cc2)cc1[N+](=O)[O-] 1 CC(C)(CC1CCC(C(C)(C)CC2CCCCC2)CC1)C1CCCCC1 0.1650000 0.1650 0.2062157 0.2062 0.6666667 0.6667 1.0000000 1.0000 0.8112926 0.8113 1.0000000 1.0000 0.0000000 556.4160 0.5269052 2.1696 1.0000000 1.0000 0.33333333333333337 0.37118054905934933 []
 | 28.1336 30.2563 -30.2563 0.0000000 CS(=O)(=O)c1ccccc1Cc1cc(Br)ccc1N 1 C1CCC(CC2CCCCC2)CC1 0.2300000 0.2300 0.2410522 0.2411 0.6666667 0.6667 1.0000000 1.0000 0.8026406 0.8026 1.0000000 1.0000 1.0000000 340.2420 0.5259151 2.1265 1.0000000 1.0000 0.33333333333333337 0.4208325082500163 []
 | 37.5922 41.9432 -12.8572 0.2272345 CCOC(=O)c1nc(C(=O)N2CCC(c3nc(C(=O)Nc4cccc(C)c4C)cs3)C2)cs1 1 CC(CC1CCCCC1)C1CCC(C2CCC(C(C)C3CCCC3)C2)C1 0.2250000 0.2250 0.2555506 0.2556 0.6666667 0.6667 1.0000000 1.0000 0.7721644 0.7722 0.0000000 0.0000 1.0000000 484.6030 0.5468355 3.0400 1.0000000 1.0000 0.33333333333333337 0.41758232721225164 []
 | 34.0353 37.1333 33.8952 0.5549104 C[C@H](CCc1ccccc1)NC(=O)[C@@H]1CCCN(C(=O)Cn2cnc3sccc3c2=O)C1 1 CC(CCCCC1CCCCC1)C1CCCC(C(C)CC2CCC3CCCC3C2C)C1 0.2950000 0.2950 0.3262589 0.3263 0.3333333 0.3333 1.0000000 1.0000 0.6737411 0.6737 1.0000000 1.0000 1.0000000 452.5800 0.5476877 3.0774 1.0000000 1.0000 0.6666666666666667 0.4560427611529428 []
 | 30.7083 40.7618 34.3645 0.5869245 COC(=O)c1ccc(NC(=O)c2ccc(/C=C3\SC(=O)N(Cc4ccccc4)C3=O)cc2)c(C(=O)OC)c1 1 CC(CC1CCCCC1)C1CCC(CC2CC(C)C(CC3CCCCC3)C2C)CC1 0.2400000 0.2400 0.3295310 0.3295 0.6666667 0.6667 1.0000000 1.0000 0.6704690 0.6705 1.0000000 1.0000 1.0000000 530.5580 0.5296903 2.2909 1.0000000 1.0000 0.33333333333333337 0.4270831300812525 []
 | 29.7847 35.2146 -35.2146 0.0000000 N(C(=O)[C@H](OC(=O)c1occc1)=O)c1c(CC)cccc1C 0 -- 0.0000000 0.0000 0.0000000 0.0000 0.0000000 0.0000 0.0000000 0.0000 0.0000000 0.0000 0.0000000 0.0000 0.0000000 0.0000 0.0000000 0.0000 0.0000000 0.0000 None None None
 | 31.1378 32.3771 -32.3771 0.0000000 CCOC(=O)C(C)[C@@H](NC(=O)c1ccccc1OCC)C(=O)OC 1 C1CCCCC1 0.2750000 0.2750 0.3270856 0.3271 0.6666667 0.6667 1.0000000 1.0000 0.6841011 0.6841 0.5000000 0.5000 1.0000000 337.3720 0.5407184 2.7723 1.0000000 1.0000 0.33333333333333337 0.4465142774872938 []
 | 27.8306 26.3988 -19.5980 0.0531316 CCOP(=O)(/C=C/c1ccccc1-c1ccccc1)OCC 1 C1CCC(C2CCCCC2)CC1 0.2450000 0.2450 0.3148001 0.3148 0.0000000 0.0000 1.0000000 1.0000 0.6851999 0.6852 1.0000000 1.0000 1.0000000 316.3370 0.5321919 2.4000 1.0000000 1.0000 1.0 0.4300872004605578 []
21:01:51 <INFO> Score: 0.49 Agent NLL: 29.57 Valid: 100% Step: 42
 | Agent Prior Target Score SMILES SMILES_state Scaffold predicted_activity predicted_activity (raw) training_similarity training_similarity (raw) taf_consistency taf_consistency (raw) scaffold_novelty scaffold_novelty (raw) novelty novelty (raw) stereo_validity stereo_validity (raw) MW_window MW_window (raw) synthetic_feasibility synthetic_feasibility (raw) curated alerts filter curated alerts filter (raw) taf_disrupted (predicted_activity) uncertainty (predicted_activity) matchting_patterns (curated alerts filter)
 | 22.7424 26.7433 45.8725 0.5673114 COC(=O)c1ccc[n+](CC(=O)Nc2ccc(Oc3ccccc3)cc2)c1 1 CC(CC1CCCCC1)CC1CCC(CC2CCCCC2)CC1 0.2250000 0.2250 0.2558140 0.2558 0.6666667 0.6667 1.0000000 1.0000 0.7492939 0.7493 1.0000000 1.0000 1.0000000 363.3930 0.5259902 2.1298 1.0000000 1.0000 0.33333333333333337 0.41758232721225164 []
 | 21.5346 23.6561 42.8410 0.5195082 O=C(CCCSc1ccc(Cl)cc1)Nc1ccccc1 1 CC(CCCCC1CCCCC1)CC1CCCCC1 0.2300000 0.2300 0.2615329 0.2615 0.3333333 0.3333 1.0000000 1.0000 0.7462523 0.7463 1.0000000 1.0000 1.0000000 305.8300 0.5146862 1.6380 1.0000000 1.0000 0.6666666666666667 0.4208325082500163 []
 | 28.3005 37.4546 34.3337 0.5608463 C=C(Br)CNC(=O)CNc1ccc(S(=O)(=O)Nc2cccc(C(F)(F)F)c2)cc1 1 CC(C)(CC1CCCCC1)C1CCCCC1 0.2550000 0.2550 0.1878846 0.1879 0.6666667 0.6667 1.0000000 1.0000 0.8121154 0.8121 1.0000000 1.0000 1.0000000 492.3170 0.5309150 2.3443 1.0000000 1.0000 0.33333333333333337 0.43586121644395015 []
 | 27.9513 33.7633 42.4679 0.5955560 Cc1ccc(Br)cc1NC(=O)c1ccc(S(=O)(=O)N(Cc2ccccc2)Cc2ccco2)cc1 1 CC(CC1CCCCC1)C1CCC(C(C)(C)C(CC2CCCCC2)CC2CCCC2)CC1 0.2850000 0.2850 0.2830773 0.2831 0.6666667 0.6667 1.0000000 1.0000 0.7169227 0.7169 1.0000000 1.0000 1.0000000 539.4510 0.5266383 2.1580 1.0000000 1.0000 0.33333333333333337 0.4514144437210666 []
 | 21.9260 28.8011 39.4874 0.5335036 Cc1ccccc1C(=O)NCc1ccccc1-c1ccccc1Cl 1 CC(CCC1CCCCC1C1CCCCC1)C1CCCCC1 0.2800000 0.2800 0.2475938 0.2476 0.3333333 0.3333 1.0000000 1.0000 0.7534015 0.7534 1.0000000 1.0000 1.0000000 335.8340 0.5155972 1.6776 1.0000000 1.0000 0.6666666666666667 0.44899888641287294 []
 | 31.6715 43.1255 26.5231 0.5441296 CC(C)NC(=O)c1ccc(NC(=O)c2ccccc2CNC(=O)CNC(=O)c2cccs2)cc1 1 CC(CCC(C)C1CCCC1)CCC1CCCCC1C(C)CC1CCCCC1 0.3050000 0.3050 0.2550722 0.2551 0.3333333 0.3333 1.0000000 1.0000 0.7515987 0.7516 1.0000000 1.0000 1.0000000 478.5740 0.5264756 2.1509 1.0000000 1.0000 0.6666666666666667 0.4604074282632721 []
 | 37.0448 49.4904 24.9053 0.5812162 COC(=O)c1ccc(COC(=O)[C@H]2[C@H](NC(=O)c3ccccc3F)CCC3=CC(=O)C=C[C@]32C)cc1 1 CC1CCC2C(CCC(CC(C)C3CCCCC3)C2C(C)CCC2CCCCC2)C1 0.2100000 0.2100 0.3431218 0.3431 0.6666667 0.6667 1.0000000 1.0000 0.6917519 0.6918 1.0000000 1.0000 1.0000000 491.5150 0.5555230 3.5787 1.0000000 1.0000 0.33333333333333337 0.40730823708832603 []
 | 30.4481 29.0769 37.8986 0.5232459 O=C(NCCN1CCN(C(=O)c2c[nH]c3ccccc23)CC1)c1ccc(F)cc1 1 CC(CCCC1CCC(C(C)C2CCC3CCCCC32)CC1)C1CCCCC1 0.2750000 0.2750 0.2092457 0.2092 0.3333333 0.3333 1.0000000 1.0000 0.7907543 0.7908 1.0000000 1.0000 1.0000000 394.4500 0.5229957 1.9994 1.0000000 1.0000 0.6666666666666667 0.44651427748729383 []
 | 24.6017 26.6914 36.2458 0.4916968 Clc1ccc(NCc2nnnn2-c2ccccc2)c(I)c1 1 C1CCC(CCC2CCCC2C2CCCCC2)CC1 0.1950000 0.1950 0.1951219 0.1951 0.3333333 0.3333 1.0000000 1.0000 0.8202763 0.8203 1.0000000 1.0000 1.0000000 411.6340 0.5277784 2.2076 1.0000000 1.0000 0.6666666666666667 0.3962007067131506 []
 | 26.8886 33.8326 43.6358 0.6052222 CCCCOC(=O)c1cc(Br)ccc1NC(=O)Nc1c(F)cccc1F 1 CC(CC1CCCCC1)CC1CCCCC1 0.1900000 0.1900 0.3451796 0.3452 1.0000000 1.0000 1.0000000 1.0000 0.7421447 0.7421 1.0000000 1.0000 1.0000000 427.2450 0.5248223 2.0789 1.0000000 1.0000 0.0 0.39230090491866065 []
21:01:55 <INFO> Score: 0.37 Agent NLL: 31.16 Valid: 100% Step: 43
 | Agent Prior Target Score SMILES SMILES_state Scaffold predicted_activity predicted_activity (raw) training_similarity training_similarity (raw) taf_consistency taf_consistency (raw) scaffold_novelty scaffold_novelty (raw) novelty novelty (raw) stereo_validity stereo_validity (raw) MW_window MW_window (raw) synthetic_feasibility synthetic_feasibility (raw) curated alerts filter curated alerts filter (raw) taf_disrupted (predicted_activity) uncertainty (predicted_activity) matchting_patterns (curated alerts filter)
 | 28.7923 29.6854 -1.7144 0.2185228 CC(=O)Nc1cccc(NC(=O)C(C)Sc2nc3ccccc3c(=O)n2-c2ccccc2)c1 1 CC(CCC1CC2CCCCC2C(C)C1C1CCCCC1)CC1CCCCC1 0.3050000 0.3050 0.2776029 0.2776 0.3333333 0.3333 1.0000000 1.0000 0.7237544 0.7238 0.0000000 0.0000 1.0000000 458.5430 0.5342788 2.4910 1.0000000 1.0000 0.6666666666666667 0.460407428263272 []
 | 27.8031 29.1270 41.4349 0.5512643 COC(=O)c1cc(CNS(=O)(=O)c2ccc(Cl)cc2Cl)oc1C 1 CC(C)(CCC1CCCC1)C1CCCCC1 0.1850000 0.1850 0.2491364 0.2491 0.6666667 0.6667 1.0000000 1.0000 0.8039428 0.8039 1.0000000 1.0000 1.0000000 378.2330 0.5286298 2.2447 1.0000000 1.0000 0.33333333333333337 0.38829756630707846 []
 | 28.2382 40.3260 25.4126 0.5135831 Cc1cccc(C)c1CC(=O)NCc1cc(Cl)ccc1OCC(=O)Nc1ccccc1 1 CC(CCC1CCCCC1CCC(C)CC1CCCCC1)CC1CCCCC1 0.2150000 0.2150 0.2587987 0.2588 0.3333333 0.3333 1.0000000 1.0000 0.7442552 0.7443 1.0000000 1.0000 1.0000000 436.9390 0.5236488 2.0278 1.0000000 1.0000 0.6666666666666667 0.41082234603292944 []
 | 35.5907 40.7571 -40.7571 0.0000000 CCOC(=O)c1nc(N2N=C(C)C(C)C2=O)sc1S(=O)(=O)c1ccc(Cl)cc1 1 CC1CCCC1C1CCC(C(C)(C)C2CCCCC2)C1 0.0000000 0.0000 0.0000000 0.0000 0.0000000 0.0000 0.0000000 0.0000 0.0000000 0.0000 0.0000000 0.0000 0.0000000 0.0000 0.0000000 0.0000 0.0000000 0.0000 None None ['[#7;!n][#7;!n]']
 | 24.8749 28.3981 37.6568 0.5160534 CCNS(=O)(=O)c1ccc(Cl)c(C(=O)NCc2ccc(N(C)C)cc2)c1 1 CC(CCC1CCCCC1)C1CCCCC1 0.2600000 0.2600 0.1993779 0.1994 0.3333333 0.3333 1.0000000 1.0000 0.8060855 0.8061 1.0000000 1.0000 1.0000000 395.9120 0.5231701 2.0070 1.0000000 1.0000 0.6666666666666667 0.4386342439892262 []
 | 27.9228 33.6407 32.3078 0.5152230 COC(=O)c1ccc(C(=O)OC)c(Nc2nncc(Nc3ccc(C)cn3)n2)c1 1 C1CCC(CC2CCCC(CC3CCCCC3)C2)CC1 0.1450000 0.1450 0.1960696 0.1961 0.6666667 0.6667 1.0000000 1.0000 0.8356010 0.8356 1.0000000 1.0000 1.0000000 394.3910 0.5354238 2.5410 1.0000000 1.0000 0.33333333333333337 0.352100837829165 []
 | 25.8926 29.3791 45.6954 0.5865200 COC(=O)c1cccc(F)c1NC(=O)c1cnc[nH]1 1 CC(CC1CCCCC1)C1CCCC1 0.2600000 0.2600 0.2610067 0.2610 0.6666667 0.6667 1.0000000 1.0000 0.7946015 0.7946 1.0000000 1.0000 1.0000000 263.2280 0.5301166 2.3095 1.0000000 1.0000 0.33333333333333337 0.4386342439892262 []
 | 29.6949 35.8280 35.1140 0.5542347 CS(=O)(=O)N(CC(=O)NCc1ccc(F)c(F)c1Cl)c1ccccc1Br 1 CC(CCC1CCCCC1)CCC1CCCCC1 0.2150000 0.2150 0.2122233 0.2122 0.6666667 0.6667 1.0000000 1.0000 0.8121154 0.8121 1.0000000 1.0000 1.0000000 467.7190 0.5330698 2.4383 1.0000000 1.0000 0.33333333333333337 0.41082234603292944 []
 | 25.3472 30.5032 45.8380 0.5964156 C[C@H](OC(=O)c1ccc(NC(=O)c2ccco2)cc1)C(=O)Nc1ccc(Cl)c(C(F)(F)F)c1 1 CC(CCC(C)C1CCC(CC(C)C2CCCC2)CC1)CC1CCCCC1 0.2950000 0.2950 0.2660107 0.2660 0.6666667 0.6667 1.0000000 1.0000 0.7339893 0.7340 1.0000000 1.0000 1.0000000 480.8260 0.5370617 2.6125 1.0000000 1.0000 0.33333333333333337 0.4560427611529428 []
 | 23.3020 36.7900 28.6268 0.5110686 Cc1ccccc1C(=O)Nc1ncc(Cl)c(Nc2ccc(C(C)(C)C)cc2)n1 1 CC(CC1CCCC(CC2CCCCC2)C1)C1CCCCC1 0.2350000 0.2350 0.2135605 0.2136 0.3333333 0.3333 1.0000000 1.0000 0.7864395 0.7864 1.0000000 1.0000 1.0000000 394.9060 0.5259893 2.1297 1.0000000 1.0000 0.6666666666666667 0.4239988207530771 []
21:01:55 <INFO> Sampled SMILES C(COc1ccccc1C(=O)N)c1ccc(C(=O)Nc2cnc(Cl)ccc2Cl)cc1 failed to sanitize.
21:01:58 <INFO> Score: 0.38 Agent NLL: 29.59 Valid:  98% Step: 44
 | Agent Prior Target Score SMILES SMILES_state Scaffold predicted_activity predicted_activity (raw) training_similarity training_similarity (raw) taf_consistency taf_consistency (raw) scaffold_novelty scaffold_novelty (raw) novelty novelty (raw) stereo_validity stereo_validity (raw) MW_window MW_window (raw) synthetic_feasibility synthetic_feasibility (raw) curated alerts filter curated alerts filter (raw) taf_disrupted (predicted_activity) uncertainty (predicted_activity) matchting_patterns (curated alerts filter)
 | 35.6451 46.7814 -46.7814 0.0000000 CC(=O)N(C(=O)[C@@H]1CN(C(=O)Nc2cc(Cl)ccc2Cl)CCO1)C(C)(C)C 1 CC(CC1CCCCC1)C1CCCCC1 0.1700000 0.1700 0.2140432 0.2140 0.3333333 0.3333 1.0000000 1.0000 0.7974521 0.7975 1.0000000 1.0000 1.0000000 416.3050 0.5484292 3.1099 1.0000000 1.0000 0.6666666666666667 0.375632799419859 []
 | 21.4129 20.9719 -20.9719 0.0000000 CC(=O)N/N=C(\C)c1ccccc1 1 C1CCCCC1 0.0000000 0.0000 0.0000000 0.0000 0.0000000 0.0000 0.0000000 0.0000 0.0000000 0.0000 0.0000000 0.0000 0.0000000 0.0000 0.0000000 0.0000 0.0000000 0.0000 None None ['[#7;!n][#7;!n]']
 | 30.7791 36.1428 33.7807 0.5462773 Cc1ccccc1NC(=O)C(=O)NCc1ccc(C(=O)Nc2cc(Cl)ccc2C)o1 1 CC(CCC1CCC(C(C)CC2CCCCC2)C1)C(C)CC1CCCCC1 0.2950000 0.2950 0.2847474 0.2847 0.3333333 0.3333 1.0000000 1.0000 0.7152526 0.7153 1.0000000 1.0000 1.0000000 425.8720 0.5250750 2.0899 1.0000000 1.0000 0.6666666666666667 0.4560427611529428 []
 | 22.0151 31.2309 39.1246 0.5496530 CS(=O)(=O)N(CC(=O)NCc1ccc(Br)c(F)c1)Cc1ccc(F)cc1 1 CC(CCCC1CCCCC1)CCC1CCCCC1 0.2300000 0.2300 0.1818652 0.1819 0.6666667 0.6667 1.0000000 1.0000 0.8284499 0.8284 1.0000000 1.0000 1.0000000 447.3010 0.5270290 2.1750 1.0000000 1.0000 0.33333333333333337 0.4208325082500163 []
 | 25.8450 29.8314 36.8617 0.5210396 COCCn1c(-c2ccccc2NC(=O)c2cccnc2)nc2ccccc21 1 CC(CC1CCCCC1C1CC2CCCCC2C1)C1CCCCC1 0.2300000 0.2300 0.2575131 0.2575 0.3333333 0.3333 1.0000000 1.0000 0.7720196 0.7720 1.0000000 1.0000 1.0000000 372.4280 0.5247523 2.0759 1.0000000 1.0000 0.6666666666666667 0.4208325082500162 []
 | 28.7247 28.3943 -1.5767 0.2095126 CCNC(CN1CCOC(CO)C1)c1cccc(F)c1 1 C1CCC(CCC2CCCCC2)CC1 0.2350000 0.2350 0.2712125 0.2712 0.3333333 0.3333 1.0000000 1.0000 0.7421447 0.7421 0.0000000 0.0000 1.0000000 282.3590 0.5468889 3.0424 1.0000000 1.0000 0.6666666666666667 0.4239988207530771 []
 | 28.3565 38.0332 25.9579 0.4999305 CC(=O)c1ccc(NC(=O)c2ccc(Nc3ncnc(N)c3N)c(F)c2)cc1 1 CC(CC1CCCCC1)C1CCC(CC2CCCCC2)CC1 0.2300000 0.2300 0.1779536 0.1780 0.3333333 0.3333 1.0000000 1.0000 0.8321396 0.8321 1.0000000 1.0000 1.0000000 380.3830 0.5273843 2.1905 1.0000000 1.0000 0.6666666666666667 0.4208325082500163 []
 | 35.8101 44.7831 24.8582 0.5440728 O=C(Nc1ccncc1)[C@@H]1CN(C(=O)C2CC(=O)N(Cc3ccccc3)C(=O)C2)CCO1 1 CC(CC1CCCCC1)C1CCCC(C(C)C2CC(C)C(CC3CCCCC3)C(C)C2)C1 0.2700000 0.2700 0.3103458 0.3103 0.3333333 0.3333 1.0000000 1.0000 0.6896542 0.6897 1.0000000 1.0000 1.0000000 436.4680 0.5435498 2.8961 1.0000000 1.0000 0.6666666666666667 0.4439594576084623 []
 | 21.3031 27.5557 47.4981 0.5863579 CCc1cccc(C)c1NC(=O)COC(=O)/C(C#N)=C/c1ccccc1 1 CC(CCC(C)CC1CCCCC1)CCC1CCCCC1 0.2050000 0.2050 0.2421240 0.2421 1.0000000 1.0000 1.0000000 1.0000 0.7627105 0.7627 1.0000000 1.0000 1.0000000 348.4020 0.5262030 2.1390 1.0000000 1.0000 0.0 0.403701622488689 []
 | 28.6829 34.6605 39.6648 0.5806666 CCc1ccccc1NC(=O)c1cccc(NS(=O)(=O)Cc2ccccc2Br)c1 1 CC(CC1CCCCC1)C1CCCC(CC(C)(C)CC2CCCCC2)C1 0.2800000 0.2800 0.2248469 0.2248 0.6666667 0.6667 1.0000000 1.0000 0.7818462 0.7818 1.0000000 1.0000 1.0000000 473.3920 0.5245510 2.0671 1.0000000 1.0000 0.33333333333333337 0.44899888641287294 []
21:02:02 <INFO> Score: 0.34 Agent NLL: 31.69 Valid:  98% Step: 45
 | Agent Prior Target Score SMILES SMILES_state Scaffold predicted_activity predicted_activity (raw) training_similarity training_similarity (raw) taf_consistency taf_consistency (raw) scaffold_novelty scaffold_novelty (raw) novelty novelty (raw) stereo_validity stereo_validity (raw) MW_window MW_window (raw) synthetic_feasibility synthetic_feasibility (raw) curated alerts filter curated alerts filter (raw) taf_disrupted (predicted_activity) uncertainty (predicted_activity) matchting_patterns (curated alerts filter)
 | 49.8427 49.1168 -46.5982 0.0196764 C=C1CCC(=O)C2=C1C([N+](=O)[O-])=NC2Sc1cccc(C)c1 1 CC1CCC(C)C2C(CC3CCCCC3)CCC12 0.1850000 0.1850 0.2296397 0.2296 0.0000000 0.0000 1.0000000 1.0000 0.7891815 0.7892 0.0000000 0.0000 1.0000000 314.3660 0.5479298 3.9120 1.0000000 1.0000 1.0 0.38829756630707846 []
 | 22.9518 23.6236 -23.6236 0.0000000 CCOc1ccccc1C(=O)Nc1cccc(SC)c1 1 CC(CC1CCCCC1)C1CCCCC1 0.2500000 0.2500 0.2939873 0.2940 0.3333333 0.3333 1.0000000 1.0000 0.7140686 0.7141 1.0000000 1.0000 1.0000000 287.3840 0.5156373 1.6793 1.0000000 1.0000 0.6666666666666667 0.4330127018922193 []
 | 26.5062 28.7885 39.8959 0.5365971 O=C(Nc1nnc(SCc2nc(-c3ccc(Cl)cc3)no2)s1)c1ccccc1 1 CC(CC1CCC(CCC2CCC(C3CCCCC3)C2)C1)C1CCCCC1 0.2850000 0.2850 0.2507784 0.2508 0.3333333 0.3333 1.0000000 1.0000 0.7492216 0.7492 1.0000000 1.0000 1.0000000 429.9140 0.5261235 2.1356 1.0000000 1.0000 0.6666666666666667 0.4514144437210666 []
 | 29.6409 32.6452 -29.0693 0.0279363 CNC(=O)[C@@H](Cc1ccccc1)N(Cc1cccc(Br)c1)C(=O)COc1ccc(Cl)cc1[N+](=O)[O-] 1 CC(CCC1CCCCC1)C(CCC1CCCCC1)CC1CCCCC1 0.2950000 0.2950 0.2899725 0.2900 0.6666667 0.6667 1.0000000 1.0000 0.7100275 0.7100 1.0000000 1.0000 0.0000000 560.8320 0.5430239 2.8731 1.0000000 1.0000 0.33333333333333337 0.4560427611529428 []
 | 30.6835 41.2440 -14.4908 0.2090098 Cc1ccccc1CC1C(=O)NCCN1C(=O)CN(S(C)(=O)=O)S(=O)(=O)c1ccccc1 1 CC(CCC(C)(C)C1CCCCC1)C1CCCC(C)C1CC1CCCCC1 0.2300000 0.2300 0.2697816 0.2698 0.3333333 0.3333 1.0000000 1.0000 0.7539095 0.7539 0.0000000 0.0000 1.0000000 479.5800 0.5489551 3.1329 1.0000000 1.0000 0.6666666666666667 0.4208325082500163 []
 | 29.7250 32.9751 35.4090 0.5342513 Nc1ccccc1NC(=O)Nc1nnc(Cc2ccc(Cl)cc2)o1 1 CC(CC1CCCCC1)CC1CCC(CC2CCCCC2)C1 0.2750000 0.2750 0.2528903 0.2529 0.3333333 0.3333 1.0000000 1.0000 0.7521592 0.7522 1.0000000 1.0000 1.0000000 343.7740 0.5265168 2.1527 1.0000000 1.0000 0.6666666666666667 0.44651427748729383 []
 | 25.8984 29.4378 34.1059 0.4964348 Cc1ccc(S(=O)(=O)NCCNc2c(F)cccc2F)cc1F 1 CC(C)(CCCCC1CCCCC1)C1CCCCC1 0.2150000 0.2150 0.1831688 0.1832 0.3333333 0.3333 1.0000000 1.0000 0.8378379 0.8378 1.0000000 1.0000 1.0000000 344.3580 0.5254242 2.1051 1.0000000 1.0000 0.6666666666666667 0.41082234603292944 []
 | 39.5012 39.4671 25.5701 0.5081029 Cc1ccccc1Sc1ccc([C@]2(O)CC[C@@H](N)[C@@H](O)C2)cc1 1 C1CCC(CC2CCC(C3CCCCC3)CC2)CC1 0.2000000 0.2000 0.2381628 0.2382 0.3333333 0.3333 1.0000000 1.0000 0.8004069 0.8004 1.0000000 1.0000 1.0000000 329.4650 0.5569070 3.4822 1.0000000 1.0000 0.6666666666666667 0.4000000000000001 []
 | 33.6064 36.4593 -36.4593 0.0000000 COc1ccc(C(=O)Nc2ccccc2)cc1C(=O)N/N=C(\C)c1ccc(C(C)(C)C)cc1 1 CC(CCCC1CCCCC1)C1CCCC(C(C)CC2CCCCC2)C1 0.0000000 0.0000 0.0000000 0.0000 0.0000000 0.0000 0.0000000 0.0000 0.0000000 0.0000 0.0000000 0.0000 0.0000000 0.0000 0.0000000 0.0000 0.0000000 0.0000 None None ['[#7;!n][#7;!n]']
 | 33.4543 38.4621 29.9599 0.5345465 CCCc1nc(-c2ccc(NC(=O)c3nn(C(C)(C)C)cc3N)cc2)n[nH]1 1 CC(CC1CCC(C2CCCC2)CC1)C1CCCC1 0.3050000 0.3050 0.2089635 0.2090 0.3333333 0.3333 1.0000000 1.0000 0.8057428 0.8057 1.0000000 1.0000 1.0000000 367.4570 0.5383586 2.6692 1.0000000 1.0000 0.6666666666666667 0.460407428263272 []
21:02:02 <INFO> Sampled SMILES N1(c2ccc(NC(Cn3c(ccn(C4OCCC4)c3=O)C(=O)OC)=O)nc2C#N)C[C@@H](C)CCC1 failed to sanitize.
21:02:02 <INFO> Sampled SMILES O=c1n(-c2ccc(CC)cc2)c(Sc2c(N)nonc2C(=O)Nc2nccs2)nn1 failed to sanitize.
21:02:02 <INFO> Sampled SMILES c12n(cc(C(OCC)=O)nc2C(=O)Nc2cccc(c2)C(C)=O)nccc1=O failed to sanitize.
21:02:05 <INFO> Score: 0.34 Agent NLL: 32.31 Valid:  95% Step: 46
 | Agent Prior Target Score SMILES SMILES_state Scaffold predicted_activity predicted_activity (raw) training_similarity training_similarity (raw) taf_consistency taf_consistency (raw) scaffold_novelty scaffold_novelty (raw) novelty novelty (raw) stereo_validity stereo_validity (raw) MW_window MW_window (raw) synthetic_feasibility synthetic_feasibility (raw) curated alerts filter curated alerts filter (raw) taf_disrupted (predicted_activity) uncertainty (predicted_activity) matchting_patterns (curated alerts filter)
 | 25.6060 27.6398 -21.3532 0.0491141 CCOc1cc(C(C)=O)ccc1OC(=O)C1CCCC1 1 CC(CC1CCCCC1)C1CCCC1 0.1500000 0.1500 0.3143730 0.3144 0.0000000 0.0000 1.0000000 1.0000 0.7213180 0.7213 1.0000000 1.0000 1.0000000 276.3320 0.5207520 1.9018 1.0000000 1.0000 1.0 0.3570714214271425 []
 | 26.4702 37.3560 39.0556 0.5969655 Cc1ccc(CC(=O)OCC(=O)N(C)c2ccccc2C(=O)NCC(C)C)cc1 1 CC(CCC(C)CC1CCCCC1)CC1CCCCC1 0.2900000 0.2900 0.2818268 0.2818 0.6666667 0.6667 1.0000000 1.0000 0.7181732 0.7182 1.0000000 1.0000 1.0000000 396.4870 0.5258886 2.1253 1.0000000 1.0000 0.33333333333333337 0.4537620521815371 []
 | 24.7192 24.4890 -18.2339 0.0488678 Cc1ccc2nc(-c3ccccc3F)sc2c1 1 C1CCC(C2CC3CCCCC3C2)CC1 0.2200000 0.2200 0.1656473 0.1656 0.0000000 0.0000 1.0000000 1.0000 0.8546904 0.8547 1.0000000 1.0000 1.0000000 243.3060 0.5182753 1.7940 1.0000000 1.0000 1.0 0.41424630354415964 []
 | 34.0968 46.5771 -43.5419 0.0237120 CCN(CC)S(=O)(=O)c1ccc(NS(=O)(=O)c2cc(C(=O)Nc3ccccc3N3CCCC3=O)ccc2C)nc1 1 CC(CC1CCCCC1C1CCCC1C)C1CCCC(C(C)(C)CC2CCCCC2)C1 0.2000000 0.2000 0.2632156 0.2632 0.3333333 0.3333 1.0000000 1.0000 0.7625042 0.7625 1.0000000 1.0000 0.0000000 585.7080 0.5367389 2.5984 1.0000000 1.0000 0.6666666666666667 0.4000000000000001 []
 | 28.3808 34.0985 39.5802 0.5756147 CCCCNC(=O)c1ccccc1NC(=O)COC(=O)CCSc1ccccc1Cl 1 CC(CCCC1CCCCC1)CCC(C)CC1CCCCC1 0.2200000 0.2200 0.2990284 0.2990 0.6666667 0.6667 1.0000000 1.0000 0.7315376 0.7315 1.0000000 1.0000 1.0000000 448.9720 0.5251212 2.0919 1.0000000 1.0000 0.33333333333333337 0.41424630354415964 []
 | 30.6682 37.8739 -37.8739 0.0000000 CCOC(=O)c1ccc(CNC(=O)CCCN2C(=O)CSCS2(=O)=O)cc1 1 CC(CCCC1C(C)CCCC1(C)C)CCC1CCCCC1 0.0000000 0.0000 0.0000000 0.0000 0.0000000 0.0000 0.0000000 0.0000 0.0000000 0.0000 0.0000000 0.0000 0.0000000 0.0000 0.0000000 0.0000 0.0000000 0.0000 None None ['[#16;!s][C;!$(C(=[O,N])[N,O])][#16;!s]']
 | 46.6114 54.6157 -51.1357 0.0271880 CC(C)(C)c1noc(NC(=O)CNC(=O)CNC(=O)Nc2cccc(C(=O)Nc3ccc(Br)cc3)c2)n1 1 CC(CCC(C)CC1CCCC1)CCC(C)CC1CCCC(C(C)CC2CCCCC2)C1 0.2950000 0.2950 0.2194469 0.2194 0.6666667 0.6667 1.0000000 1.0000 0.7939895 0.7940 1.0000000 1.0000 0.0000000 572.4200 0.5354638 2.5428 1.0000000 1.0000 0.33333333333333337 0.45604276115294273 []
 | 26.4314 35.7075 30.8835 0.5202424 COc1ccc(Cl)cc1NC(=O)CNC(=O)c1ccccc1N(Cc1ccccc1C)S(C)(=O)=O 1 CC(CCC(C)C1CCCCC1CCC1CCCCC1)CC1CCCCC1 0.2200000 0.2200 0.2637048 0.2637 0.3333333 0.3333 1.0000000 1.0000 0.7877618 0.7878 1.0000000 1.0000 1.0000000 516.0190 0.5291208 2.2661 1.0000000 1.0000 0.6666666666666667 0.4142463035441596 []
 | 48.5410 63.1907 -63.1907 0.0000000 N1(c2ccc(NC(Cn3c(ccn(C4OCCC4)c3=O)C(=O)OC)=O)nc2C#N)C[C@@H](C)CCC1 0 -- 0.0000000 0.0000 0.0000000 0.0000 0.0000000 0.0000 0.0000000 0.0000 0.0000000 0.0000 0.0000000 0.0000 0.0000000 0.0000 0.0000000 0.0000 0.0000000 0.0000 None None None
 | 26.4667 37.8645 28.0193 0.5147171 CC(=O)c1ccc(OCC(=O)N2CCC(=O)NC(=O)[C@H]2C)c([N+](=O)[O-])c1 1 CC1CCC(C(C)CCC2CCCCC2)CC(C)C1 0.1950000 0.1950 0.2905340 0.2905 0.3333333 0.3333 1.0000000 1.0000 0.7449693 0.7450 1.0000000 1.0000 1.0000000 363.3260 0.5425836 2.8539 1.0000000 1.0000 0.6666666666666667 0.3962007067131506 []
21:02:09 <INFO> Score: 0.45 Agent NLL: 30.40 Valid: 100% Step: 47
 | Agent Prior Target Score SMILES SMILES_state Scaffold predicted_activity predicted_activity (raw) training_similarity training_similarity (raw) taf_consistency taf_consistency (raw) scaffold_novelty scaffold_novelty (raw) novelty novelty (raw) stereo_validity stereo_validity (raw) MW_window MW_window (raw) synthetic_feasibility synthetic_feasibility (raw) curated alerts filter curated alerts filter (raw) taf_disrupted (predicted_activity) uncertainty (predicted_activity) matchting_patterns (curated alerts filter)
 | 33.3077 40.9576 31.8903 0.5691240 CCC[C@@H]1NC(=O)N(CC(=O)N[C@@H](C(=O)OCC(=O)Nc2ccc(Cl)cc2)C(C)C)C1=O 1 CC(CCC(C)CC1CCCCC1)CCC(C)CC1C(C)CCC1C 0.2150000 0.2150 0.2729604 0.2730 0.6666667 0.6667 1.0000000 1.0000 0.7401494 0.7401 1.0000000 1.0000 1.0000000 466.9220 0.5475323 3.0706 1.0000000 1.0000 0.33333333333333337 0.41082234603292944 []
 | 35.2750 39.0848 36.8295 0.5930805 CCCCCCOc1ccc(C(=O)CCC(=O)OCC(=O)Nc2ccccc2Cl)cc1Br 1 CC(CCC(C)CC1CCCCC1)CCC(C)C1CCCCC1 0.1850000 0.1850 0.3134415 0.3134 1.0000000 1.0000 1.0000000 1.0000 0.7190243 0.7190 1.0000000 1.0000 1.0000000 524.8390 0.5261108 2.1350 1.0000000 1.0000 0.0 0.38829756630707846 []
 | 30.4093 39.4353 24.2618 0.4976337 Cc1ccc(NC(=O)c2ccc(Nc3ccc(Cl)cc3Cl)c(NS(C)(=O)=O)c2)c(C)c1 1 CC(CC1CCCCC1)C1CCC(CC2CCCCC2)CC1 0.2350000 0.2350 0.1642757 0.1643 0.3333333 0.3333 1.0000000 1.0000 0.8545641 0.8546 1.0000000 1.0000 1.0000000 478.4010 0.5262167 2.1396 1.0000000 1.0000 0.6666666666666667 0.4239988207530771 []
 | 28.4352 32.8437 33.2737 0.5165418 Cc1nc(C(=O)NC(=O)CNC(=O)C(C)(C)C)sc1C 1 C1CCCC1 0.2700000 0.2700 0.1856953 0.1857 0.3333333 0.3333 1.0000000 1.0000 0.8232233 0.8232 1.0000000 1.0000 1.0000000 297.3800 0.5360801 2.5697 1.0000000 1.0000 0.6666666666666667 0.4439594576084623 []
 | 29.0012 39.9405 28.7309 0.5364957 Cc1ccc(Nc2nnc(C(=O)NCc3ccccc3CNS(C)(=O)=O)o2)cc1C 1 CC(CCC1CCCCC1)C1CCC(CC2CCCCC2)C1 0.2750000 0.2750 0.2600255 0.2600 0.3333333 0.3333 1.0000000 1.0000 0.7467749 0.7468 1.0000000 1.0000 1.0000000 429.5020 0.5341589 2.4858 1.0000000 1.0000 0.6666666666666667 0.44651427748729383 []
 | 32.4786 41.8549 31.4231 0.5724844 CCOC(=O)c1cc(C(=O)Nc2ccc(Cl)cc2C)c(=O)n(C(=O)c2ccccc2Cl)n1 1 CC(CC1CCCCC1)C1CCCC(C(C)C2CCCCC2)C1C 0.2400000 0.2400 0.2484647 0.2485 0.6666667 0.6667 1.0000000 1.0000 0.7583439 0.7583 1.0000000 1.0000 1.0000000 474.3000 0.5323837 2.4084 1.0000000 1.0000 0.33333333333333337 0.4270831300812525 []
 | 40.4590 47.0227 16.3985 0.4954781 Cc1nc(SCC(=O)Nc2ccc(F)cc2F)nc(OC[C@@H]2CCCN2C)c1[N+](=O)[O-] 1 CC(CCC1CCCC(CCC2CCCC2)C1)CC1CCCCC1 0.1800000 0.1800 0.2271545 0.2272 0.3333333 0.3333 1.0000000 1.0000 0.7991547 0.7992 1.0000000 1.0000 1.0000000 453.4710 0.5493788 3.1515 1.0000000 1.0000 0.6666666666666667 0.38418745424597095 []
 | 33.7558 43.0537 -43.0537 0.0000000 CCCCCCc1ccc(Cl)c(C=O)c1OCC(=O)Nc1ccccc1C(C)C 1 CC(CCC1CCCCC1)CC1CCCCC1 0.1750000 0.1750 0.3190896 0.3191 0.3333333 0.3333 1.0000000 1.0000 0.7139612 0.7140 1.0000000 1.0000 1.0000000 415.9610 0.5312813 2.3603 1.0000000 1.0000 0.6666666666666667 0.3799671038392666 []
 | 32.3410 35.4798 -35.4798 0.0000000 CO[C@H](C)CNS(=O)(=O)c1ccc(OCC(=O)N[C@H](C)C(C)C)cc1 1 C1CCCCC1 0.2150000 0.2150 0.2608203 0.2608 0.3333333 0.3333 1.0000000 1.0000 0.7716942 0.7717 1.0000000 1.0000 1.0000000 372.4870 0.5442526 2.9269 1.0000000 1.0000 0.6666666666666667 0.41082234603292944 []
 | 26.0029 31.8695 38.4507 0.5493766 O=S(=O)(Nc1ccccc1Br)c1cccc(-c2ccco2)c1 1 CC(C)(CC1CCCCC1)C1CCCC(C2CCCC2)C1 0.2300000 0.2300 0.1842743 0.1843 0.6666667 0.6667 1.0000000 1.0000 0.8157257 0.8157 1.0000000 1.0000 1.0000000 378.2470 0.5225595 1.9804 1.0000000 1.0000 0.33333333333333337 0.4208325082500163 []
21:02:09 <INFO> Sampled SMILES c1(Cl)ccc(Nc2sc(SCC(=O)c3c(N)n(Cc4ccco4)c(=O)n(n3)C)nn2)cc1C(OCC)=O failed to sanitize.
21:02:13 <INFO> Score: 0.41 Agent NLL: 31.57 Valid:  98% Step: 48
 | Agent Prior Target Score SMILES SMILES_state Scaffold predicted_activity predicted_activity (raw) training_similarity training_similarity (raw) taf_consistency taf_consistency (raw) scaffold_novelty scaffold_novelty (raw) novelty novelty (raw) stereo_validity stereo_validity (raw) MW_window MW_window (raw) synthetic_feasibility synthetic_feasibility (raw) curated alerts filter curated alerts filter (raw) taf_disrupted (predicted_activity) uncertainty (predicted_activity) matchting_patterns (curated alerts filter)
 | 38.4166 44.6609 30.9710 0.5908738 O=C(COc1ccccc1-c1noc(CNC(=O)c2cccc(Cl)c2)n1)OCc1ccccc1F 1 CC(CCC1CCCCC1)CCC1CCCCC1C1CCC(CCC(C)C2CCCCC2)C1 0.2650000 0.2650 0.2946879 0.2947 0.6666667 0.6667 1.0000000 1.0000 0.7053121 0.7053 1.0000000 1.0000 1.0000000 495.8940 0.5298510 2.2980 1.0000000 1.0000 0.33333333333333337 0.4413332074521472 []
 | 25.3087 32.9067 41.9038 0.5844570 C[C@@H]1CNC[C@@H]1C(=O)Nc1ccc(C(=O)NC(=O)OC(C)(C)C)cc1 1 CC(CC1CCCCC1)C1CCCC1 0.2600000 0.2600 0.2548645 0.2549 0.6666667 0.6667 1.0000000 1.0000 0.7743645 0.7744 1.0000000 1.0000 1.0000000 347.4150 0.5445032 2.9379 1.0000000 1.0000 0.33333333333333337 0.43863424398922624 []
 | 35.5763 47.1532 18.9685 0.5165755 CCOC(=O)[C@@]1(CNS(=O)(=O)c2cc(C)ccc2C(C)=O)CCCCS1 1 CC(C)(CCC1CCCCC1)C1CCCCC1 0.1200000 0.1200 0.2598889 0.2599 0.6666667 0.6667 1.0000000 1.0000 0.7834260 0.7834 1.0000000 1.0000 1.0000000 399.5340 0.5553044 3.4117 1.0000000 1.0000 0.33333333333333337 0.3249615361854384 []
 | 29.3931 26.9943 37.3628 0.5027896 O=C(NCCc1cccs1)N1CCN(Cc2ccc(Cl)s2)CC1 1 CC(CCCC1CCCC1)C1CCC(CC2CCCC2)CC1 0.2200000 0.2200 0.2024102 0.2024 0.3333333 0.3333 1.0000000 1.0000 0.7975898 0.7976 1.0000000 1.0000 1.0000000 369.9430 0.5285389 2.2408 1.0000000 1.0000 0.6666666666666667 0.41424630354415964 []
 | 35.0812 34.9301 33.0902 0.5314088 COc1ccc(C(=O)CCCOC(=O)c2ccc(S(=O)(=O)NC3CC3)cc2)cc1C 1 CC(CCCCC(C)C1CCC(C(C)(C)CC2CC2)CC1)C1CCCCC1 0.1450000 0.1450 0.2575131 0.2575 0.6666667 0.6667 1.0000000 1.0000 0.8038839 0.8039 1.0000000 1.0000 1.0000000 431.5100 0.5255861 2.1122 1.0000000 1.0000 0.33333333333333337 0.352100837829165 []
 | 50.4861 58.4416 -55.1646 0.0256016 COC(=O)c1c(C(=O)Nc2ccc(Cl)c(Cl)c2)nc2ccccc2c1-c1cnc2sc3c(c2c1)CCCC3 1 CC(CC1CCCCC1)C1CC2CCCCC2C(C2CCC3CC4CCCCC4C3C2)C1 0.2050000 0.2050 0.2219180 0.2219 0.6666667 0.6667 1.0000000 1.0000 0.7807006 0.7807 1.0000000 1.0000 0.0000000 562.4780 0.5401882 2.7491 1.0000000 1.0000 0.33333333333333337 0.40370162248868907 []
 | 54.0791 51.9782 24.3798 0.5965466 N#Cc1cnc2ccc(-c3cccc(C(=O)NC4CC4)c3)c(C(F)F)c2c1NC1=NCCCN1 1 CC(CC1CC1)C1CCCC(C2CCC3CCCC(CC4CCCCC4)C3C2)C1 0.3000000 0.3000 0.2407233 0.2407 0.6666667 0.6667 1.0000000 1.0000 0.8048943 0.8049 1.0000000 1.0000 1.0000000 460.4880 0.5469158 3.0435 1.0000000 1.0000 0.33333333333333337 0.45825756949558394 []
 | 27.7342 26.6313 -20.2365 0.0499597 CN(C)c1cc[n+](CCCCCC2CCCCC2)cc1 1 C1CCC(CCCCCC2CCCCC2)CC1 0.1400000 0.1400 0.3373495 0.3373 0.0000000 0.0000 1.0000000 1.0000 0.8569091 0.8569 1.0000000 1.0000 1.0000000 275.4600 0.5330100 2.4357 1.0000000 1.0000 1.0 0.34698703145794946 []
 | 30.7392 36.3678 37.2466 0.5751125 N#Cc1ccc(CCNC(=O)NCc2cccnc2N2CCCCCC2)s1 1 CC(CCCC1CCCC1)CCC1CCCCC1C1CCCCCC1 0.2350000 0.2350 0.2614882 0.2615 0.6666667 0.6667 1.0000000 1.0000 0.7662219 0.7662 1.0000000 1.0000 1.0000000 383.5210 0.5339433 2.4764 1.0000000 1.0000 0.33333333333333337 0.4239988207530771 []
 | 29.0510 36.7695 36.2553 0.5705063 CC(=O)c1cccc(NS(=O)(=O)c2cccc(NC(=O)c3ccc(Br)c(Cl)c3)c2)c1 1 CC(CC1CCCC(C(C)(C)CC2CCCCC2)C1)C1CCCCC1 0.2700000 0.2700 0.2001978 0.2002 0.6666667 0.6667 1.0000000 1.0000 0.8135817 0.8136 1.0000000 1.0000 1.0000000 507.7930 0.5239952 2.0429 1.0000000 1.0000 0.33333333333333337 0.4439594576084623 []
21:02:17 <INFO> Score: 0.44 Agent NLL: 30.73 Valid:  98% Step: 49
 | Agent Prior Target Score SMILES SMILES_state Scaffold predicted_activity predicted_activity (raw) training_similarity training_similarity (raw) taf_consistency taf_consistency (raw) scaffold_novelty scaffold_novelty (raw) novelty novelty (raw) stereo_validity stereo_validity (raw) MW_window MW_window (raw) synthetic_feasibility synthetic_feasibility (raw) curated alerts filter curated alerts filter (raw) taf_disrupted (predicted_activity) uncertainty (predicted_activity) matchting_patterns (curated alerts filter)
 | 32.1763 44.4225 25.0419 0.5426912 COc1cc(NC(=O)[C@H](Nc2ccccc2OC)C(=O)NCc2ccco2)cc(OC)c1 1 CC(CCC1CCCC1)C(CC1CCCCC1)C(C)CC1CCCCC1 0.2450000 0.2450 0.3413967 0.3414 0.3333333 0.3333 1.0000000 1.0000 0.6977561 0.6978 1.0000000 1.0000 1.0000000 439.4680 0.5420456 2.8303 1.0000000 1.0000 0.6666666666666667 0.4300872004605578 []
 | 30.3246 29.0622 43.5760 0.5674855 O=C(O)[C@@H]1C[C@H]1C(=O)NC[C@@H](O)c1ccccc1 1 CC(CCCC1CCCCC1)C1CC1 0.3300000 0.3300 0.3434183 0.3434 0.3333333 0.3333 1.0000000 1.0000 0.6565817 0.6566 1.0000000 1.0000 1.0000000 249.2660 0.5442010 2.9246 1.0000000 1.0000 0.6666666666666667 0.4702127178203499 []
 | 29.0755 43.1059 26.0074 0.5399478 CCc1ccccc1NC(=O)c1cc2ccccc2cc1NC(=O)CN1C(=O)NC(C)(C)C1=O 1 CC(CC1CC2CCCCC2CC1C(C)CC1CCCCC1)CC1C(C)CCC1C 0.2850000 0.2850 0.2562489 0.2562 0.3333333 0.3333 1.0000000 1.0000 0.7697954 0.7698 1.0000000 1.0000 1.0000000 458.5180 0.5301718 2.3119 1.0000000 1.0000 0.6666666666666667 0.4514144437210666 []
 | 26.2883 31.2801 40.6201 0.5617208 O=C(Nc1cc(Cl)ccc1Cl)c1nc2ccccc2c(=O)n1Cc1ccccc1 1 CC(CC1CCCCC1)C1CC2CCCCC2C(C)C1CC1CCCCC1 0.3200000 0.3200 0.3357208 0.3357 0.3333333 0.3333 1.0000000 1.0000 0.6642792 0.6643 1.0000000 1.0000 1.0000000 424.2870 0.5235455 2.0233 1.0000000 1.0000 0.6666666666666667 0.466476151587624 []
 | 42.5783 47.0918 20.3101 0.5265777 Cc1ccccc1NC(=O)C[C@@H]1C(=O)N=C([C@@H]2C[C@H]3C=C[C@H]2[C@H]2C[C@@H]23)N1c1ccc(F)cc1 1 CC(CC1CCCCC1)CC1C(C)CC(C2CC3CCC2C2CC32)C1C1CCCCC1 0.2400000 0.2400 0.2711428 0.2711 0.3333333 0.3333 1.0000000 1.0000 0.7449436 0.7449 1.0000000 1.0000 1.0000000 443.5220 0.5258435 4.8766 1.0000000 1.0000 0.6666666666666667 0.4270831300812524 []
 | 30.3913 42.5238 -39.1562 0.0263090 CCOC(=O)COc1ccc(Br)cc1/C=C1\C(=O)NC(=O)N(c2ccc(CC)c(C(=O)OCC)c2)C1=O 1 CC1CC(C)C(C2CCCCC2)C(C)C1CC1CCCCC1 0.1550000 0.1550 0.2599480 0.2599 1.0000000 1.0000 1.0000000 1.0000 0.7736606 0.7737 1.0000000 1.0000 0.0000000 573.3960 0.5376613 2.6387 1.0000000 1.0000 0.0 0.36190468358395134 []
 | 26.7011 35.2552 28.3718 0.4970866 CCOc1ccccc1CNc1ncc(CNCc2ccccc2C)cn1 1 C1CCC(CCCC2CCC(CCC3CCCCC3)CC2)CC1 0.1800000 0.1800 0.2469324 0.2469 0.3333333 0.3333 1.0000000 1.0000 0.7660561 0.7661 1.0000000 1.0000 1.0000000 362.4770 0.5257698 2.1202 1.0000000 1.0000 0.6666666666666667 0.38418745424597095 []
 | 28.1816 28.8995 39.3304 0.5330465 O=C(Nc1nc2c(F)cccc2s1)c1ccc(-c2ccccc2Cl)o1 1 CC(CC1CC2CCCCC2C1)C1CCC(C2CCCCC2)C1 0.2850000 0.2850 0.2348557 0.2349 0.3333333 0.3333 1.0000000 1.0000 0.7651443 0.7651 1.0000000 1.0000 1.0000000 372.8080 0.5261533 2.1369 1.0000000 1.0000 0.6666666666666667 0.4514144437210666 []
 | 30.3032 36.8065 28.7284 0.5119916 C[C@H]1C=CC[C@@H]2C(=O)N(c3ccc(C(=O)NCc4ccc(Cl)cc4Cl)cc3)C(=O)[C@H]21 1 CC(CCC1CCCCC1)C1CCC(C2C(C)C3CCCCC3C2C)CC1 0.2200000 0.2200 0.2253524 0.2254 0.3333333 0.3333 1.0000000 1.0000 0.8004920 0.8005 1.0000000 1.0000 1.0000000 443.3300 0.5509283 3.2195 1.0000000 1.0000 0.6666666666666667 0.4142463035441596 []
 | 32.8448 32.3276 31.5159 0.4987775 Brc1cscc1CCN1CCC2(CCN2)CC1 1 C1CCC(CCC2CCC3(CCC3)CC2)C1 0.1550000 0.1550 0.1319909 0.1320 0.6666667 0.6667 1.0000000 1.0000 0.8888460 0.8888 1.0000000 1.0000 1.0000000 315.2800 0.5552676 3.5899 1.0000000 1.0000 0.33333333333333337 0.36190468358395134 []
21:02:17 <INFO> Sampled SMILES c1(sc(=S)c(C(=O)OC)[nH]1)C(=O)Nc1ccc(cc1F)C(=O)Nc1ccccc1CC failed to sanitize.
21:02:20 <INFO> Score: 0.43 Agent NLL: 30.77 Valid:  98% Step: 50
 | Agent Prior Target Score SMILES SMILES_state Scaffold predicted_activity predicted_activity (raw) training_similarity training_similarity (raw) taf_consistency taf_consistency (raw) scaffold_novelty scaffold_novelty (raw) novelty novelty (raw) stereo_validity stereo_validity (raw) MW_window MW_window (raw) synthetic_feasibility synthetic_feasibility (raw) curated alerts filter curated alerts filter (raw) taf_disrupted (predicted_activity) uncertainty (predicted_activity) matchting_patterns (curated alerts filter)
 | 21.8964 24.9546 42.4108 0.5262919 O=C(NCCC1CCCCC1)Nc1cccc2ccccc12 1 CC(CCCC1CCCCC1)CC1CCCC2CCCCC21 0.1900000 0.1900 0.3580574 0.3581 0.3333333 0.3333 1.0000000 1.0000 0.7630758 0.7631 1.0000000 1.0000 1.0000000 296.4140 0.5190409 1.8273 1.0000000 1.0000 0.6666666666666667 0.39230090491866065 []
 | 24.2726 29.8942 43.2190 0.5711968 CCOC(=O)C1=C(C)NC(=O)N[C@H]1c1ccccc1OCC(=O)Nc1ccc(C)cc1 1 CC(CCC1CCCCC1C1CCCC(C)C1)CC1CCCCC1 0.2000000 0.2000 0.3142093 0.3142 0.6666667 0.6667 1.0000000 1.0000 0.7290168 0.7290 1.0000000 1.0000 1.0000000 423.4690 0.5373774 2.6263 1.0000000 1.0000 0.33333333333333337 0.4 []
 | 23.3804 30.8641 41.3619 0.5642652 COC(=O)c1ccc(NC(=O)NCc2cnn(-c3ccccc3)c2)c(C)c1 1 CC(CCC1CCC(C2CCCCC2)C1)CC1CCCCC1 0.2050000 0.2050 0.2776029 0.2776 0.6666667 0.6667 1.0000000 1.0000 0.7467749 0.7468 1.0000000 1.0000 1.0000000 364.4050 0.5232772 2.0116 1.0000000 1.0000 0.33333333333333337 0.403701622488689 []
 | 31.5473 44.5629 21.4328 0.5155911 COCC(=O)N(Cc1cc(CNC(C)(C)C)c(C)o1)C(=O)c1ccco1 1 CC(CCC1CCCC1)C1CCCC1 0.2100000 0.2100 0.2723148 0.2723 0.3333333 0.3333 1.0000000 1.0000 0.7290168 0.7290 1.0000000 1.0000 1.0000000 362.4260 0.5435277 2.8952 1.0000000 1.0000 0.6666666666666667 0.40730823708832603 []
 | 48.2796 53.6939 -50.1911 0.0273658 Cc1nn2c(C(=O)N[C@H](C(=O)Nc3ccc(Br)cc3)c3ccccc3)cc(C(C)C)nc2c1-c1ccc2c(c1)OCO2 1 CC(CC1CCCCC1)C(CC(C)C1CCCC2C(C3CCC4CCCC4C3)CCC12)C1CCCCC1 0.3100000 0.3100 0.2146163 0.2146 0.6666667 0.6667 1.0000000 1.0000 0.7853837 0.7854 1.0000000 1.0000 0.0000000 626.5110 0.5505066 3.2010 1.0000000 1.0000 0.33333333333333337 0.462493243193887 []
 | 36.5199 50.1595 15.9523 0.5164990 Nc1ccccc1COCc1nn(C(=O)Cc2ccc(Cl)cc2)nc1-c1cccs1 1 CC(CC1CCCCC1)C1CC(CCCC2CCCCC2)C(C2CCCC2)C1 0.2150000 0.2150 0.2673177 0.2673 0.3333333 0.3333 1.0000000 1.0000 0.7339893 0.7340 1.0000000 1.0000 1.0000000 438.9400 0.5411022 2.7891 1.0000000 1.0000 0.6666666666666667 0.41082234603292944 []
 | 25.6160 28.3460 47.5112 0.5926348 CCOC(=O)c1ccc(Nc2c(C#N)cnc3c(Cl)cccc23)cc1 1 C1CCC(CC2CCCC3CCCCC32)CC1 0.2200000 0.2200 0.2366905 0.2367 1.0000000 1.0000 1.0000000 1.0000 0.7772168 0.7772 1.0000000 1.0000 1.0000000 351.7930 0.5263325 2.1447 1.0000000 1.0000 0.0 0.41424630354415964 []
 | 29.6196 30.9508 32.3771 0.4947496 Nc1cc(N)nc(SCc2cc3ccccc3cc2F)n1 1 C1CCC(CCC2CCC3CCCCC3C2)CC1 0.2200000 0.2200 0.1743715 0.1744 0.3333333 0.3333 1.0000000 1.0000 0.8256285 0.8256 1.0000000 1.0000 1.0000000 300.3620 0.5304841 2.3256 1.0000000 1.0000 0.6666666666666667 0.41424630354415964 []
 | 26.8418 27.7499 46.7319 0.5818894 N#Cc1ccccc1/C=C/C(=O)NC1CCN(Cc2ccccc2)CC1 1 CC(CCC1CCCCC1)CC1CCC(CC2CCCCC2)CC1 0.2450000 0.2450 0.2891746 0.2892 0.6666667 0.6667 1.0000000 1.0000 0.7122393 0.7122 1.0000000 1.0000 1.0000000 345.4460 0.5254021 2.1041 1.0000000 1.0000 0.33333333333333337 0.4300872004605578 []
 | 27.0594 30.0519 39.0669 0.5399911 O=C(O)Nc1ccccc1Cn1nnc2ccccc2c1=O 1 CC1C(CC2CCCCC2)CCC2CCCCC21 0.2750000 0.2750 0.2859314 0.2859 0.3333333 0.3333 1.0000000 1.0000 0.7140686 0.7141 1.0000000 1.0000 1.0000000 296.2860 0.5234334 2.0184 1.0000000 1.0000 0.6666666666666667 0.44651427748729383 []
21:02:21 <INFO> Sampled SMILES C1c2c(sc3nc([nH]c(SCc4ccc(cc4)F)c3C(OCC)=O)c2=O)CCCC1 failed to sanitize.
21:02:21 <INFO> Sampled SMILES C1OCCN([C@H](CCNC(=O)[C@@H](Oc2cccc(C)c2C)C)=O)C1 failed to sanitize.
21:02:24 <INFO> Score: 0.34 Agent NLL: 29.84 Valid:  97% Step: 51
 | Agent Prior Target Score SMILES SMILES_state Scaffold predicted_activity predicted_activity (raw) training_similarity training_similarity (raw) taf_consistency taf_consistency (raw) scaffold_novelty scaffold_novelty (raw) novelty novelty (raw) stereo_validity stereo_validity (raw) MW_window MW_window (raw) synthetic_feasibility synthetic_feasibility (raw) curated alerts filter curated alerts filter (raw) taf_disrupted (predicted_activity) uncertainty (predicted_activity) matchting_patterns (curated alerts filter)
 | 27.6034 35.4387 36.8214 0.5645322 COC(=O)c1ccc(NC(=O)[C@@H](CCSC)NC(=O)OCC2c3ccccc3-c3ccccc32)c(C)c1 1 CC(CCC(C)CC1CCCCC1)CCC1C2CCCCC2C2CCCCC21 0.2050000 0.2050 0.2682129 0.2682 0.6666667 0.6667 1.0000000 1.0000 0.7625469 0.7625 1.0000000 1.0000 1.0000000 518.6350 0.5422695 2.8401 1.0000000 1.0000 0.33333333333333337 0.403701622488689 []
 | 31.9324 32.3279 -4.8684 0.2145269 CC(Sc1nnc(CNC(=O)c2ccccc2Cl)n1C)C(=O)Nc1cccc(Cl)c1 1 CC(CCC1CCC(CCC(C)C2CCCCC2)C1)CC1CCCCC1 0.3100000 0.3100 0.2233312 0.2233 0.3333333 0.3333 1.0000000 1.0000 0.7803126 0.7803 0.0000000 0.0000 1.0000000 464.3780 0.5363043 2.5795 1.0000000 1.0000 0.6666666666666667 0.462493243193887 []
 | 35.0396 36.6942 28.8736 0.5122487 O=C(Cc1c(Cl)cccc1Cl)Nc1cnc(N2CCC(Oc3ccccc3Cl)CC2)nc1 1 CC(CC1CCCCC1)CC1CCC(C2CCC(CC3CCCCC3)CC2)CC1 0.2100000 0.2100 0.2587987 0.2588 0.3333333 0.3333 1.0000000 1.0000 0.7442552 0.7443 1.0000000 1.0000 1.0000000 491.8060 0.5320106 2.3921 1.0000000 1.0000 0.6666666666666667 0.4073082370883261 []
 | 23.5124 25.9040 41.2562 0.5246896 CCc1ccc(NC(=O)c2sc3nnccc3c2N)cc1 1 CC(CC1CCCCC1)C1CC2CCCCC2C1 0.2650000 0.2650 0.2256355 0.2256 0.3333333 0.3333 1.0000000 1.0000 0.7743645 0.7744 1.0000000 1.0000 1.0000000 298.3710 0.5291096 2.2656 1.0000000 1.0000 0.6666666666666667 0.4413332074521472 []
 | 27.7904 30.0022 45.9597 0.5934523 CCNC(=O)c1cccc(CN=C(NCC)NC2CCN(C(=O)OC)CC2)c1 1 C1CCC(CCCCC2CCCCC2)CC1 0.2650000 0.2650 0.2960685 0.2961 0.6666667 0.6667 1.0000000 1.0000 0.7264236 0.7264 1.0000000 1.0000 1.0000000 389.5000 0.5348460 2.5158 1.0000000 1.0000 0.33333333333333337 0.4413332074521472 []
 | 28.5061 40.5101 -14.0390 0.2068058 COCc1ccc(C(=O)OCC(=O)N(Cc2cccc(Cl)c2)CC2CCCCO2)cc1 1 CC(CCC(C)C(CC1CCCCC1)CC1CCCCC1)C1CCCCC1 0.2000000 0.2000 0.3176580 0.3177 0.3333333 0.3333 1.0000000 1.0000 0.7003590 0.7004 0.0000000 0.0000 1.0000000 445.9430 0.5377311 2.6418 1.0000000 1.0000 0.6666666666666667 0.4000000000000001 []
 | 28.8465 39.7653 -36.7655 0.0234358 CCOc1ccc(S(=O)(=O)N(CC(=O)NCc2ccccc2N2CCCCC2=O)c2ccc(Cl)cc2C)cc1 1 CC(CCC1CCCCC1C1CCCCC1C)CC(C1CCCCC1)C(C)(C)C1CCCCC1 0.1850000 0.1850 0.2607835 0.2608 0.3333333 0.3333 1.0000000 1.0000 0.7853837 0.7854 1.0000000 1.0000 0.0000000 570.1110 0.5339105 2.4750 1.0000000 1.0000 0.6666666666666667 0.38829756630707846 []
 | 37.6162 43.2511 30.5447 0.5765297 CCOC(=O)[C@@]1(Cc2ccc(-c3ccccc3)cc2)CC(=O)O[C@](C)(O)C1 1 CC1CCCC(CC2CCC(C3CCCCC3)CC2)C1 0.1850000 0.1850 0.3822397 0.3822 0.6666667 0.6667 1.0000000 1.0000 0.6848890 0.6849 1.0000000 1.0000 1.0000000 368.4290 0.5530711 3.3136 1.0000000 1.0000 0.33333333333333337 0.38829756630707846 []
 | 47.6305 49.1921 -49.1921 0.0000000 COC(=O)CCC(=O)C[C@H]1C[C@H](O)[C@@H](O)[C@@H](OC2CCCCO2)[C@@H]1C(C)C 1 C1CCC(CC2CCCCC2)CC1 0.0850000 0.0850 0.2740641 0.2741 0.6666667 0.6667 1.0000000 1.0000 0.8000000 0.8000 0.8333333 0.8333 1.0000000 386.4850 0.5388633 4.3088 1.0000000 1.0000 0.33333333333333337 0.27888169534768686 []
 | 33.9110 37.1499 -13.7315 0.1829561 Cn1cnc(S(=O)(=O)N2CCCC(S(=O)(=O)N3CCCNCC3)C2)c1 1 CC(C)(C1CCCCCC1)C1CCCC(C(C)(C)C2CCCC2)C1 0.1350000 0.1350 0.1777778 0.1778 0.3333333 0.3333 1.0000000 1.0000 0.8370329 0.8370 0.0000000 0.0000 1.0000000 391.5190 0.5543627 3.3703 1.0000000 1.0000 0.6666666666666667 0.34172357249683555 []
21:02:28 <INFO> Score: 0.45 Agent NLL: 29.97 Valid: 100% Step: 52
 | Agent Prior Target Score SMILES SMILES_state Scaffold predicted_activity predicted_activity (raw) training_similarity training_similarity (raw) taf_consistency taf_consistency (raw) scaffold_novelty scaffold_novelty (raw) novelty novelty (raw) stereo_validity stereo_validity (raw) MW_window MW_window (raw) synthetic_feasibility synthetic_feasibility (raw) curated alerts filter curated alerts filter (raw) taf_disrupted (predicted_activity) uncertainty (predicted_activity) matchting_patterns (curated alerts filter)
 | 27.4608 40.3404 30.6653 0.5547318 Cc1c(Nc2nc(C(=O)Nc3ccc(C#N)cc3)ncc2Cl)cccc1[N+](=O)[O-] 1 CC(CC1CCCCC1)C1CCCC(CC2CCCCC2)C1 0.2450000 0.2450 0.1791095 0.1791 0.6666667 0.6667 1.0000000 1.0000 0.8257986 0.8258 1.0000000 1.0000 1.0000000 408.8050 0.5335467 2.4591 1.0000000 1.0000 0.33333333333333337 0.4300872004605578 []
 | 27.5930 31.6158 33.6582 0.5099534 Cc1cc(C)c(C)c(NC(=O)CSc2ccc(NC(=O)c3ccc(C(C)(C)C)cc3)cc2)c1 1 CC(CCC1CCC(CC(C)C2CCCCC2)CC1)CC1CCCCC1 0.2450000 0.2450 0.1951800 0.1952 0.3333333 0.3333 1.0000000 1.0000 0.8101684 0.8102 1.0000000 1.0000 1.0000000 460.6430 0.5253403 2.1015 1.0000000 1.0000 0.6666666666666667 0.4300872004605578 []
 | 28.3088 37.6800 29.4813 0.5246974 CNS(=O)(=O)c1ccc(C)c(NCC(=O)NC(=O)c2ccc(C)c(C)c2)c1 1 CC(CCC1CCCCC1)CC(C)C1CCCCC1 0.2600000 0.2600 0.2265462 0.2265 0.3333333 0.3333 1.0000000 1.0000 0.7994351 0.7994 1.0000000 1.0000 1.0000000 389.4770 0.5257311 2.1185 1.0000000 1.0000 0.6666666666666667 0.43863424398922624 []
 | 30.5315 38.0783 -10.9787 0.2117152 CC(=O)c1cccc(N2CC(C(=O)NCC(=O)N3CCNC(=O)CC3)CC2=O)c1 1 CC1CCCC(C(C)CCC(C)C2CC(C)C(C3CCCCC3)C2)CC1 0.2700000 0.2700 0.2402885 0.2403 0.3333333 0.3333 1.0000000 1.0000 0.7744272 0.7744 0.0000000 0.0000 1.0000000 400.4350 0.5416783 2.8143 1.0000000 1.0000 0.6666666666666667 0.4439594576084622 []
 | 26.0160 36.2854 32.3705 0.5363742 Cc1ccccc1OCCCNC(=O)CNC(=O)c1ccccc1S(=O)(=O)N(C)C 1 CC(CCCCCC1CCCCC1)CCC(C)C1CCCCC1 0.2550000 0.2550 0.2897672 0.2898 0.3333333 0.3333 1.0000000 1.0000 0.7416587 0.7417 1.0000000 1.0000 1.0000000 433.5300 0.5252963 2.0995 1.0000000 1.0000 0.6666666666666667 0.43586121644395015 []
 | 33.2208 35.2995 32.9626 0.5332972 CC(=O)N(C)c1nc(COC(=O)c2ccc([N+](=O)[O-])c(Br)c2)cs1 1 CC(CCC1CCCC1)C1CCCCC1 0.1700000 0.1700 0.2114775 0.2115 0.6666667 0.6667 1.0000000 1.0000 0.8176157 0.8176 1.0000000 1.0000 1.0000000 414.2370 0.5357950 2.5572 1.0000000 1.0000 0.33333333333333337 0.375632799419859 []
 | 23.7458 26.4707 41.9838 0.5348007 O=C(Nc1cccc(F)c1)c1ccnc(NCc2ccccc2F)n1 1 CC(CC1CCCCC1)C1CCCC(CCC2CCCCC2)C1 0.2700000 0.2700 0.2666324 0.2666 0.3333333 0.3333 1.0000000 1.0000 0.7333676 0.7334 1.0000000 1.0000 1.0000000 340.3330 0.5237489 2.0322 1.0000000 1.0000 0.6666666666666667 0.4439594576084623 []
 | 23.3847 26.2886 45.2686 0.5590404 CN(C(=O)OCc1ccccc1)C(=O)c1ccco1 1 CC(CCC1CCCCC1)CC(C)C1CCCC1 0.2700000 0.2700 0.4446059 0.4446 0.3333333 0.3333 1.0000000 1.0000 0.5770871 0.5771 1.0000000 1.0000 1.0000000 259.2610 0.5244870 2.0643 1.0000000 1.0000 0.6666666666666667 0.4439594576084623 []
 | 31.6929 42.5584 25.1603 0.5290530 O=C(CSc1nnc(C(=O)NCc2ccccc2Cl)n1Cc1ccc(F)cc1)Nc1ccc(F)cc1F 1 CC(CCC1CCC(C(C)CCC2CCCCC2)C1CC1CCCCC1)CC1CCCCC1 0.2900000 0.2900 0.2104913 0.2105 0.3333333 0.3333 1.0000000 1.0000 0.7895087 0.7895 1.0000000 1.0000 1.0000000 545.9740 0.5328255 2.4276 1.0000000 1.0000 0.6666666666666667 0.4537620521815371 []
 | 29.8837 36.5283 27.6586 0.5014602 COc1cc(CC(=O)NCc2nc3cc(C(C)(C)C)ccc3o2)ccc1C 1 CC(CCC1CC2CCCCC2C1)CC1CCCCC1 0.1800000 0.1800 0.2550722 0.2551 0.3333333 0.3333 1.0000000 1.0000 0.7967626 0.7968 1.0000000 1.0000 1.0000000 366.4610 0.5289701 2.2596 1.0000000 1.0000 0.6666666666666667 0.38418745424597095 []
21:02:28 <INFO> Sampled SMILES c1[nH]ccc(c1=O)C(=O)Nc1ccccc1Oc1c(cccc1)Cl failed to sanitize.
21:02:31 <INFO> Score: 0.40 Agent NLL: 30.31 Valid:  98% Step: 53
 | Agent Prior Target Score SMILES SMILES_state Scaffold predicted_activity predicted_activity (raw) training_similarity training_similarity (raw) taf_consistency taf_consistency (raw) scaffold_novelty scaffold_novelty (raw) novelty novelty (raw) stereo_validity stereo_validity (raw) MW_window MW_window (raw) synthetic_feasibility synthetic_feasibility (raw) curated alerts filter curated alerts filter (raw) taf_disrupted (predicted_activity) uncertainty (predicted_activity) matchting_patterns (curated alerts filter)
 | 35.3848 44.4343 27.1769 0.5594620 COc1ccc(C(=O)O[C@@H](C(C)=O)C(=O)Nc2cccc(N)c2Cl)cc1OC 1 CC(CCC(C)C1CCCCC1)CC1CCCCC1 0.1850000 0.1850 0.2722906 0.2723 0.6666667 0.6667 1.0000000 1.0000 0.8101684 0.8102 1.0000000 1.0000 1.0000000 406.8220 0.5423850 2.8452 1.0000000 1.0000 0.33333333333333337 0.38829756630707846 []
 | 35.3893 43.5161 27.0955 0.5516527 CCOC(=O)COCC(=O)Nc1nc2ccccc2nc1-c1nc(C)no1 1 C1CCC2CC(C3CCCC3)CCC2C1 0.1950000 0.1950 0.2414726 0.2415 0.6666667 0.6667 1.0000000 1.0000 0.7651443 0.7651 1.0000000 1.0000 1.0000000 371.3530 0.5352847 2.5349 1.0000000 1.0000 0.33333333333333337 0.3962007067131506 []
 | 31.0624 28.2268 38.3787 0.5203556 O=C(NC1(C(=O)O)CCCCCC1)c1ccncc1 1 CC(CC1CCCCCC1)C1CCCCC1 0.2550000 0.2550 0.2191164 0.2191 0.3333333 0.3333 1.0000000 1.0000 0.7933115 0.7933 1.0000000 1.0000 1.0000000 262.3090 0.5266284 2.1576 1.0000000 1.0000 0.6666666666666667 0.43586121644395015 []
 | 28.7562 34.7223 -7.2402 0.2147038 O=C(NCC(Nc1ccccc1)c1ccc(Cl)cc1)C1COc2ccccc2C1 1 CC(CCC(CC1CCCCC1)C1CCCCC1)C1CCC2CCCCC2C1 0.2550000 0.2550 0.3019318 0.3019 0.3333333 0.3333 1.0000000 1.0000 0.7210057 0.7210 0.0000000 0.0000 1.0000000 406.9130 0.5432624 2.8836 1.0000000 1.0000 0.6666666666666667 0.43586121644395015 []
 | 26.9560 31.4401 42.6707 0.5789904 COc1ccc(CNC(=O)[C@@H](C)OC(=O)Cc2c(Cl)cccc2Cl)c(OC)c1 1 CC(CCC(C)CC1CCCCC1)CCC1CCCCC1 0.2200000 0.2200 0.2918070 0.2918 0.6666667 0.6667 1.0000000 1.0000 0.7886299 0.7886 1.0000000 1.0000 1.0000000 426.2960 0.5352498 2.5334 1.0000000 1.0000 0.33333333333333337 0.41424630354415964 []
 | 35.6090 43.0470 33.2891 0.5963762 Cc1nc(NC(=O)COC(=O)c2ccccc2C(=O)Nc2ccccc2)sc1C(=O)c1ccco1 1 CC(CCC(C)C1CCCCC1C(C)CC1CCCCC1)CC1CCC(C(C)C2CCCC2)C1 0.2750000 0.2750 0.3048525 0.3049 0.6666667 0.6667 1.0000000 1.0000 0.6951475 0.6951 1.0000000 1.0000 1.0000000 489.5090 0.5300153 2.3051 1.0000000 1.0000 0.33333333333333337 0.44651427748729383 []
 | 32.4322 32.2138 36.9186 0.5400970 CCOc1ccc(C(=O)OCC(=O)NC(=O)Nc2cccc(Cl)c2C)cc1OC 1 CC(CCC(C)C1CCCCC1)CC(C)CC1CCCCC1 0.1650000 0.1650 0.2530240 0.2530 0.6666667 0.6667 1.0000000 1.0000 0.7834936 0.7835 1.0000000 1.0000 1.0000000 420.8490 0.5230435 2.0015 1.0000000 1.0000 0.33333333333333337 0.37118054905934933 []
 | 28.2641 40.6092 29.2307 0.5456247 CCCNc1nccn(C(=O)c2ccc(NC(=O)c3ccco3)cc2)c1=O 1 CC(CC1CCC(C(C)C2CCCCC2C)CC1)C1CCCC1 0.2750000 0.2750 0.3161471 0.3161 0.3333333 0.3333 1.0000000 1.0000 0.6838529 0.6839 1.0000000 1.0000 1.0000000 366.3770 0.5317147 2.3792 1.0000000 1.0000 0.6666666666666667 0.44651427748729383 []
 | 26.0281 27.3503 2.0052 0.2293397 NC(C(=O)NCc1cc(=O)[nH]cn1)c1ccccc1 1 CC(CCC1CCCC(C)C1)CC1CCCCC1 0.3800000 0.3800 0.3119251 0.3119 0.3333333 0.3333 1.0000000 1.0000 0.6880749 0.6881 0.0000000 0.0000 1.0000000 258.2810 0.5419201 2.8248 1.0000000 1.0000 0.6666666666666667 0.48538644398046393 []
 | 31.6455 34.1688 35.3257 0.5429264 CCC(=O)Nc1cc(Cl)cc(NC(=O)N[C@@H](C)[C@H](O)c2ccccc2)c1 1 CC(CCCC1CCCCC1)CC1CCCCC1 0.2850000 0.2850 0.2757767 0.2758 0.3333333 0.3333 1.0000000 1.0000 0.7242233 0.7242 1.0000000 1.0000 1.0000000 375.8560 0.5418224 2.8206 1.0000000 1.0000 0.6666666666666667 0.4514144437210666 []
21:02:36 <INFO> Score: 0.41 Agent NLL: 28.44 Valid: 100% Step: 54
 | Agent Prior Target Score SMILES SMILES_state Scaffold predicted_activity predicted_activity (raw) training_similarity training_similarity (raw) taf_consistency taf_consistency (raw) scaffold_novelty scaffold_novelty (raw) novelty novelty (raw) stereo_validity stereo_validity (raw) MW_window MW_window (raw) synthetic_feasibility synthetic_feasibility (raw) curated alerts filter curated alerts filter (raw) taf_disrupted (predicted_activity) uncertainty (predicted_activity) matchting_patterns (curated alerts filter)
 | 24.4417 26.0418 43.2681 0.5414829 O=C(Cn1cnnn1)Nc1nc2ccc(Br)cc2s1 1 CC(CC1CCCC1)CC1CC2CCCCC2C1 0.2250000 0.2250 0.1626500 0.1627 0.6666667 0.6667 1.0000000 1.0000 0.8529571 0.8530 1.0000000 1.0000 1.0000000 339.1780 0.5312256 2.3579 1.0000000 1.0000 0.33333333333333337 0.41758232721225164 []
 | 26.3643 29.6507 37.6069 0.5254506 CN(Cc1ccco1)S(=O)(=O)c1ccc(C(=O)Nc2nc(-c3cccs3)cs2)cc1 1 CC(CC1CCC(C2CCCC2)C1)C1CCC(C(C)(C)CCC2CCCC2)CC1 0.2450000 0.2450 0.2438299 0.2438 0.3333333 0.3333 1.0000000 1.0000 0.8057202 0.8057 1.0000000 1.0000 1.0000000 459.5740 0.5304988 2.3262 1.0000000 1.0000 0.6666666666666667 0.4300872004605578 []
 | 32.5588 32.0712 28.8602 0.4760269 COc1ccc(Cl)cc1S(=O)(=O)Nc1ccc(Sc2ncnc3ccccc23)cc1 1 CC(C)(CC1CCC(CC2CCCC3CCCCC32)CC1)C1CCCCC1 0.1550000 0.1550 0.2040577 0.2041 0.3333333 0.3333 1.0000000 1.0000 0.8193445 0.8193 1.0000000 1.0000 1.0000000 457.9640 0.5278912 2.2126 1.0000000 1.0000 0.6666666666666667 0.36190468358395134 []
 | 28.3990 33.0520 40.6223 0.5755805 O=C(OCc1ccccc1[N+](=O)[O-])c1ccc(Cl)c(S(=O)(=O)NCCc2ccccc2)c1 1 CC(CCC1CCCCC1)C1CCCC(C(C)(C)CCCC2CCCCC2)C1 0.2300000 0.2300 0.2881782 0.2882 0.6666667 0.6667 1.0000000 1.0000 0.7118218 0.7118 1.0000000 1.0000 1.0000000 474.9220 0.5263318 2.1446 1.0000000 1.0000 0.33333333333333337 0.4208325082500163 []
 | 28.1297 37.2647 28.5486 0.5141664 CC(C)(C)n1nnnc1CNCc1ccccc1NC(=O)Cc1ccc(F)cc1 1 CC(CC1CCCCC1)CC1CCCCC1CCCC1CCCC1 0.2250000 0.2250 0.2326252 0.2326 0.3333333 0.3333 1.0000000 1.0000 0.7948177 0.7948 1.0000000 1.0000 1.0000000 396.4700 0.5312535 2.3591 1.0000000 1.0000 0.6666666666666667 0.41758232721225164 []
 | 25.3942 31.1864 35.9946 0.5248513 O=C(NCc1csc(=O)[nH]1)NCc1nc(-c2cccs2)no1 1 CC(CCC1CCC(C)C1)CCC1CCC(C2CCCC2)C1 0.2650000 0.2650 0.2201127 0.2201 0.3333333 0.3333 1.0000000 1.0000 0.7864395 0.7864 1.0000000 1.0000 1.0000000 337.3860 0.5423849 2.8452 1.0000000 1.0000 0.6666666666666667 0.4413332074521472 []
 | 24.9827 34.1189 -34.1189 0.0000000 CC[C@H](C)NC(=O)[C@H](C)N(Cc1ccc(Cl)cc1)C(=O)CSc1ccccc1C 1 CC(CCC1CCCCC1)CCC1CCCCC1 0.2400000 0.2400 0.2348948 0.2349 0.3333333 0.3333 1.0000000 1.0000 0.7697954 0.7698 1.0000000 1.0000 1.0000000 433.0170 0.5449464 2.9573 1.0000000 1.0000 0.6666666666666667 0.4270831300812524 []
 | 34.6441 42.7553 29.4038 0.5637435 CC(=O)N(Cc1csc2ccccc12)[C@H](C)C(=O)Nc1ccc(Br)cc1C 1 CC(CCCC1CCC2CCCCC21)CC1CCCCC1 0.2400000 0.2400 0.2114775 0.2115 0.6666667 0.6667 1.0000000 1.0000 0.7948177 0.7948 1.0000000 1.0000 1.0000000 445.3820 0.5414507 2.8043 1.0000000 1.0000 0.33333333333333337 0.4270831300812525 []
 | 35.6394 39.5388 27.2024 0.5214155 O=C(NC(=O)c1ccoc1)Nc1cccc(NC(=O)c2ccc([N+](=O)[O-])s2)c1 1 CC(CC1CCCC(CC(C)C2CCCC2)C1)CC(C)C1CCCC1 0.2650000 0.2650 0.2113701 0.2114 0.3333333 0.3333 1.0000000 1.0000 0.7886299 0.7886 1.0000000 1.0000 1.0000000 400.3720 0.5330796 2.4387 1.0000000 1.0000 0.6666666666666667 0.4413332074521472 []
 | 31.3650 36.0359 -36.0359 0.0000000 Cc1ccncc1NC(=O)N[C@@H]1CCCN(CCN(C)C)[C@H]1C 1 CC(CC1CCCCC1)CC1CCCCC1 0.1800000 0.1800 0.2060105 0.2060 0.3333333 0.3333 1.0000000 1.0000 0.8176157 0.8176 1.0000000 1.0000 1.0000000 319.4530 0.5517805 3.2569 1.0000000 1.0000 0.6666666666666667 0.38418745424597095 []
21:02:36 <INFO> Sampled SMILES O=S(=O)(c1c(=O)n(C)c(s1)=O)Nc1ccc(I)cc1C failed to sanitize.
21:02:40 <INFO> Score: 0.36 Agent NLL: 29.69 Valid:  98% Step: 55
 | Agent Prior Target Score SMILES SMILES_state Scaffold predicted_activity predicted_activity (raw) training_similarity training_similarity (raw) taf_consistency taf_consistency (raw) scaffold_novelty scaffold_novelty (raw) novelty novelty (raw) stereo_validity stereo_validity (raw) MW_window MW_window (raw) synthetic_feasibility synthetic_feasibility (raw) curated alerts filter curated alerts filter (raw) taf_disrupted (predicted_activity) uncertainty (predicted_activity) matchting_patterns (curated alerts filter)
 | 25.4793 26.2190 0.4060 0.2080079 CC(=O)Nc1ccccc1NC1CCCNC1 1 C1CCC(CC2CCCCC2)CC1 0.2100000 0.2100 0.3049971 0.3050 0.3333333 0.3333 1.0000000 1.0000 0.7261387 0.7261 0.0000000 0.0000 1.0000000 233.3150 0.5343385 2.4937 1.0000000 1.0000 0.6666666666666667 0.4073082370883261 []
 | 26.0983 29.4701 40.9784 0.5503788 Cc1ccc(NC(=O)/C(C#N)=C/c2ccc(OCC(=O)Nc3ccccc3C)cc2)cc1C 1 CC(CCC1CCC(CCC(C)CC2CCCCC2)CC1)CC1CCCCC1 0.2000000 0.2000 0.2300218 0.2300 0.6666667 0.6667 1.0000000 1.0000 0.7762813 0.7763 1.0000000 1.0000 1.0000000 439.5150 0.5257422 2.1190 1.0000000 1.0000 0.33333333333333337 0.4 []
 | 23.7483 27.6957 37.7111 0.5109908 Cc1noc(C)c1C(=O)NCc1ccnc(OC2CCCCC2)c1 1 CC(CCC1CCCC(CC2CCCCC2)C1)C1CCCC1 0.1900000 0.1900 0.2951459 0.2951 0.3333333 0.3333 1.0000000 1.0000 0.7210057 0.7210 1.0000000 1.0000 1.0000000 329.4000 0.5312009 2.3568 1.0000000 1.0000 0.6666666666666667 0.39230090491866065 []
 | 24.6529 27.3125 43.3182 0.5518023 Cc1ccc(C(=O)OCC(=O)NCc2ccc(N(C)C)cc2)cc1C 1 CC(CCC1CCCCC1)CCC(C)C1CCCCC1 0.2150000 0.2150 0.2117794 0.2118 0.6666667 0.6667 1.0000000 1.0000 0.7970615 0.7971 1.0000000 1.0000 1.0000000 340.4230 0.5188808 1.8204 1.0000000 1.0000 0.33333333333333337 0.41082234603292944 []
 | 28.1330 29.6657 -2.3633 0.2132998 Cc1ccc(-c2ccccc2)c(C(=O)NC2CCCNC2)c1 1 CC(CC1CCCCC1)C1CCCCC1C1CCCCC1 0.2650000 0.2650 0.2758803 0.2759 0.3333333 0.3333 1.0000000 1.0000 0.7273751 0.7274 0.0000000 0.0000 1.0000000 294.3980 0.5315275 2.3710 1.0000000 1.0000 0.6666666666666667 0.4413332074521472 []
 | 23.1737 32.4783 -32.4783 0.0000000 COc1ccccc1C=NNC(=O)C(=O)Nc1ccccc1C(C)=O 1 CC(CCCC1CCCCC1)C(C)CC1CCCCC1 0.0000000 0.0000 0.0000000 0.0000 0.0000000 0.0000 0.0000000 0.0000 0.0000000 0.0000 0.0000000 0.0000 0.0000000 0.0000 0.0000000 0.0000 0.0000000 0.0000 None None ['[#7;!n][#7;!n]']
 | 26.2700 30.8260 -2.3148 0.2227438 CCOC(=O)c1ccccc1NC(=O)NC1CCCC2CCCCC21 1 CC(CC1CCCCC1)CC1CCCC2CCCCC21 0.1850000 0.1850 0.2923009 0.2923 0.6666667 0.6667 1.0000000 1.0000 0.7333676 0.7334 0.0000000 0.0000 1.0000000 344.4550 0.5462045 3.0124 1.0000000 1.0000 0.33333333333333337 0.3882975663070784 []
 | 27.0300 35.6238 -35.6238 0.0000000 CC[C@H](CC(=O)Nc1ccccc1C(C)=O)N=O 1 C1CCCCC1 0.2650000 0.2650 0.2795807 0.2796 0.3333333 0.3333 1.0000000 1.0000 0.7260017 0.7260 1.0000000 1.0000 1.0000000 248.2820 0.5414346 2.8036 1.0000000 1.0000 0.6666666666666667 0.4413332074521472 []
 | 21.2389 26.4405 -26.4405 0.0000000 O=C(COC(=O)c1c(Cl)cccc1Cl)Nc1ccc(F)cc1F 1 CC(CCC(C)C1CCCCC1)CC1CCCCC1 0.2200000 0.2200 0.2079501 0.2080 0.6666667 0.6667 1.0000000 1.0000 0.7920499 0.7920 1.0000000 1.0000 1.0000000 360.1430 0.5199438 1.8666 1.0000000 1.0000 0.33333333333333337 0.41424630354415964 []
 | 28.0900 38.3929 36.0309 0.5814362 Cc1cccc(C)c1OCC(=O)NCc1csc(NC(=O)c2occc2Br)n1 1 CC(CCC1CCCCC1)CCC1CCC(CC(C)C2CCCC2)C1 0.2600000 0.2600 0.2530240 0.2530 0.6666667 0.6667 1.0000000 1.0000 0.7539095 0.7539 1.0000000 1.0000 1.0000000 464.3410 0.5345432 2.5026 1.0000000 1.0000 0.33333333333333337 0.43863424398922624 []
21:02:40 <INFO> Sampled SMILES c1(cc(c(OCc2ccccc2Cl)cc1)C)C=C1[C@@H](NC(=S)NC1=O)=O failed to sanitize.
21:02:43 <INFO> Score: 0.38 Agent NLL: 29.65 Valid:  97% Step: 56
 | Agent Prior Target Score SMILES SMILES_state Scaffold predicted_activity predicted_activity (raw) training_similarity training_similarity (raw) taf_consistency taf_consistency (raw) scaffold_novelty scaffold_novelty (raw) novelty novelty (raw) stereo_validity stereo_validity (raw) MW_window MW_window (raw) synthetic_feasibility synthetic_feasibility (raw) curated alerts filter curated alerts filter (raw) taf_disrupted (predicted_activity) uncertainty (predicted_activity) matchting_patterns (curated alerts filter)
 | 28.5104 38.5997 37.4289 0.5939732 CC(C)c1ccccc1NC(=O)c1ccccc1Oc1cc(Br)ccc1N 1 CC(CC1CCCCC1)C1CCCCC1CC1CCCCC1 0.2850000 0.2850 0.2737928 0.2738 0.6666667 0.6667 1.0000000 1.0000 0.7333676 0.7334 1.0000000 1.0000 1.0000000 425.3260 0.5235973 2.0256 1.0000000 1.0000 0.33333333333333337 0.4514144437210666 []
 | 23.0700 26.3852 -26.3852 0.0000000 CC(=O)c1ccc(NC(=O)c2cnccc2NN)cc1 1 CC(CC1CCCCC1)C1CCCCC1 0.0000000 0.0000 0.0000000 0.0000 0.0000000 0.0000 0.0000000 0.0000 0.0000000 0.0000 0.0000000 0.0000 0.0000000 0.0000 0.0000000 0.0000 0.0000000 0.0000 None None ['[#7;!n][#7;!n]']
 | 25.6619 31.2490 33.2912 0.5042198 Cc1ccc(SCC(=O)Nc2ccc(-c3ccco3)cn2)cc1 1 CC(CCC1CCCCC1)CC1CCC(C2CCCC2)CC1 0.1900000 0.1900 0.2532922 0.2533 0.3333333 0.3333 1.0000000 1.0000 0.7818462 0.7818 1.0000000 1.0000 1.0000000 324.4050 0.5245472 2.0669 1.0000000 1.0000 0.6666666666666667 0.39230090491866065 []
 | 24.5169 26.9268 -26.9268 0.0000000 C[C@H]1CCCC[C@H]1CNC(=O)c1ccccc1 1 CC(CCC1CCCCC1)C1CCCCC1 0.2500000 0.2500 0.3185591 0.3186 0.3333333 0.3333 1.0000000 1.0000 0.6851999 0.6852 1.0000000 1.0000 1.0000000 231.3390 0.5326107 2.4183 1.0000000 1.0000 0.6666666666666667 0.4330127018922193 []
 | 31.0024 39.3956 -39.3956 0.0000000 CC(C)NS(=O)(=O)c1ccc(NCCCO)c(C(=O)Nc2ccccc2Br)c1 1 CC(CC1CCCCC1)C1CCCCC1 0.3550000 0.3550 0.2603596 0.2604 0.6666667 0.6667 1.0000000 1.0000 0.7467749 0.7468 1.0000000 1.0000 1.0000000 470.3890 0.5276816 2.2034 1.0000000 1.0000 0.33333333333333337 0.4785133226985431 []
 | 26.2728 32.0054 36.1522 0.5324819 Cc1ccc(C(=O)NCCc2ccco2)c(NC(=O)c2ccncc2)c1 1 CC(CC1CCCCC1C(C)CCCC1CCCC1)C1CCCCC1 0.2750000 0.2750 0.2387512 0.2388 0.3333333 0.3333 1.0000000 1.0000 0.7886299 0.7886 1.0000000 1.0000 1.0000000 349.3900 0.5241143 2.0481 1.0000000 1.0000 0.6666666666666667 0.4465142774872939 []
 | 31.9860 36.1760 32.9631 0.5401492 CC(=O)N[C@@H](CCC(N)=O)C(=O)Nc1ncc(-c2ccccc2C)s1 1 C1CCC(C2CCCC2)CC1 0.2850000 0.2850 0.2614261 0.2614 0.3333333 0.3333 1.0000000 1.0000 0.7416587 0.7417 1.0000000 1.0000 1.0000000 360.4390 0.5393435 2.7122 1.0000000 1.0000 0.6666666666666667 0.4514144437210666 []
 | 28.0497 33.2717 41.7693 0.5862576 CC(=O)c1sccc1NC(=O)COC(=O)[C@@H](NC(=O)c1ccccc1C)C(C)C 1 CC(CCC(C)CC1CCCC1)CCC(C)C1CCCCC1 0.2600000 0.2600 0.2762456 0.2762 0.6666667 0.6667 1.0000000 1.0000 0.7237544 0.7238 1.0000000 1.0000 1.0000000 416.4990 0.5386155 2.6804 1.0000000 1.0000 0.33333333333333337 0.4386342439892262 []
 | 30.0670 37.5866 29.4643 0.5238357 CCOc1cccc(NC(=O)c2cccc(NC(=O)CCc3ccccc3Cl)c2)c1C 1 CC(CCC1CCCCC1)CC1CCCC(C(C)CC2CCCCC2)C1 0.2450000 0.2450 0.2530240 0.2530 0.3333333 0.3333 1.0000000 1.0000 0.7539095 0.7539 1.0000000 1.0000 1.0000000 436.9390 0.5218691 1.9504 1.0000000 1.0000 0.6666666666666667 0.43008720046055776 []
 | 40.9663 47.1145 18.6170 0.5135275 Cc1ccc(N2CCC(NCc3nccn3CCNC(=O)Cn3ccccc3=O)CC2)cc1 1 CC(CCCC1CCCC1CCC1CCC(C2CCCCC2)CC1)CC1CCCCC1C 0.2000000 0.2000 0.2733562 0.2734 0.3333333 0.3333 1.0000000 1.0000 0.7662377 0.7662 1.0000000 1.0000 1.0000000 448.5710 0.5346823 2.5087 1.0000000 1.0000 0.6666666666666667 0.4 []
21:02:44 <INFO> Sampled SMILES c1(ccc(C2c3ccccc3C(NC(=O)CC[N+]34CCN(C)CC3CCC4)=O)oc2cc1)Br failed to sanitize.
21:02:44 <INFO> Sampled SMILES N1(CCN(CC1)C(=O)c1cc2nc3c(n(C)[nH]c3c(n2c1)=O)=O)C(COc1ccccc1)=O failed to sanitize.
21:02:44 <INFO> Sampled SMILES C(c1cccnc1NC(c1cc(NC(=O)CNc2ccc(cc2)C(C)=O)cc1)=O)(F)(F)F failed to sanitize.
21:02:44 <INFO> Sampled SMILES n1n(cc(NC(=O)c2sc(nn2)CNc2c(C)cccc2)c1=O)-c1ccccc1 failed to sanitize.
21:02:47 <INFO> Score: 0.37 Agent NLL: 29.73 Valid:  94% Step: 57
 | Agent Prior Target Score SMILES SMILES_state Scaffold predicted_activity predicted_activity (raw) training_similarity training_similarity (raw) taf_consistency taf_consistency (raw) scaffold_novelty scaffold_novelty (raw) novelty novelty (raw) stereo_validity stereo_validity (raw) MW_window MW_window (raw) synthetic_feasibility synthetic_feasibility (raw) curated alerts filter curated alerts filter (raw) taf_disrupted (predicted_activity) uncertainty (predicted_activity) matchting_patterns (curated alerts filter)
 | 26.7878 35.6321 31.6658 0.5257648 O=C(OCC(=O)N1CCc2ccccc2C1=O)[C@H](Sc1ccccc1)c1ccccc1 1 CC(CCC(C)C1CCC2CCCCC2C1C)C(CC1CCCCC1)C1CCCCC1 0.2300000 0.2300 0.2877607 0.2878 0.3333333 0.3333 1.0000000 1.0000 0.7122393 0.7122 1.0000000 1.0000 1.0000000 431.5130 0.5393062 2.7106 1.0000000 1.0000 0.6666666666666667 0.4208325082500163 []
 | 22.2844 27.9351 39.4783 0.5266673 COc1ccc(NC(=O)c2ccccc2OCC(=O)Nc2ccccc2Cl)cc1 1 CC(CCC1CCCCC1C(C)CC1CCCCC1)CC1CCCCC1 0.2250000 0.2250 0.3011721 0.3012 0.3333333 0.3333 1.0000000 1.0000 0.7333676 0.7334 1.0000000 1.0000 1.0000000 410.8570 0.5163877 1.7120 1.0000000 1.0000 0.6666666666666667 0.41758232721225164 []
 | 37.8727 59.4919 5.3823 0.5068302 CCc1ccccc1NC(=O)[C@@](C)(CCCCN)Nc1ncnc(Nc2ccccc2C(C)=O)n1 1 CC(CCC1CCCC(CC2CCCCC2)C1)CC1CCCCC1 0.2050000 0.2050 0.2275429 0.2275 0.3333333 0.3333 1.0000000 1.0000 0.8040234 0.8040 1.0000000 1.0000 1.0000000 475.5970 0.5503162 3.1926 1.0000000 1.0000 0.6666666666666667 0.403701622488689 []
 | 25.5918 32.0137 42.0665 0.5787519 Cc1ccc(Sc2ccccc2NC(=O)COC(=O)CNC(=O)c2ccc(F)cc2)cc1 1 CC(CCC(C)CC1CCCCC1CC1CCCCC1)CCC(C)C1CCCCC1 0.2700000 0.2700 0.2317618 0.2318 0.6666667 0.6667 1.0000000 1.0000 0.7720196 0.7720 1.0000000 1.0000 1.0000000 452.5070 0.5244533 2.0628 1.0000000 1.0000 0.33333333333333337 0.4439594576084622 []
 | 26.3951 28.5187 35.0348 0.4965121 CC(=O)Nc1ccc(CC(=O)NCc2csc(C(C)(C)C)n2)cc1 1 CC(CCC1CCCC1)CC1CCCCC1 0.1950000 0.1950 0.2093024 0.2093 0.3333333 0.3333 1.0000000 1.0000 0.8245057 0.8245 1.0000000 1.0000 1.0000000 345.4680 0.5270014 2.1738 1.0000000 1.0000 0.6666666666666667 0.39620070671315055 []
 | 28.4970 35.4130 29.2697 0.5053334 O=C(C=Cc1ccccc1C(=O)c1ccccc1)Nc1nc(-c2ccccc2Cl)cs1 1 CC(CCC1CCCCC1C(C)C1CCCCC1)CC1CCC(C2CCCCC2)C1 0.2400000 0.2400 0.1859962 0.1860 0.3333333 0.3333 1.0000000 1.0000 0.8140038 0.8140 1.0000000 1.0000 1.0000000 444.9430 0.5271689 2.1811 1.0000000 1.0000 0.6666666666666667 0.4270831300812525 []
 | 36.8420 38.0417 34.1296 0.5638388 N#Cc1c(-c2c[nH]c3ccccc23)nnc(N)c1C(=O)c1ccccc1 1 CC(C1CCCCC1)C1CCCC(C2CCC3CCCCC32)C1 0.2550000 0.2550 0.1960572 0.1961 0.6666667 0.6667 1.0000000 1.0000 0.8039428 0.8039 1.0000000 1.0000 1.0000000 339.3580 0.5351099 2.5273 1.0000000 1.0000 0.33333333333333337 0.43586121644395015 []
 | 27.3386 34.2998 -31.1482 0.0246218 O=C(Nc1ccc(Cc2nc3ccccc3s2)cc1)c1ccccc1S(=O)(=O)Nc1cccc(C(F)(F)F)c1 1 CC(CC1CCC(CC2CC3CCCCC3C2)CC1)C1CCCCC1C(C)(C)CC1CCCCC1 0.2950000 0.2950 0.2104913 0.2105 0.3333333 0.3333 1.0000000 1.0000 0.7895087 0.7895 1.0000000 1.0000 0.0000000 567.6140 0.5316107 2.3747 1.0000000 1.0000 0.6666666666666667 0.4560427611529428 []
 | 28.5035 34.3629 39.4373 0.5765642 Cc1ccc(N=C(N)NC(=O)Cc2ccco2)c(Br)c1 1 CC(CCCC1CCCCC1)CC1CCCC1 0.2600000 0.2600 0.2273315 0.2273 0.6666667 0.6667 1.0000000 1.0000 0.7953531 0.7954 1.0000000 1.0000 1.0000000 336.1890 0.5378295 2.6461 1.0000000 1.0000 0.33333333333333337 0.43863424398922624 []
 | 25.8572 33.3108 31.2093 0.5040634 CC(C)n1nnc2ccc(S(=O)(=O)NCc3ccc(CN4CCCCC4)cc3)cc21 1 CC(C)(CCC1CCC(CC2CCCCC2)CC1)C1CCC2CCCC2C1 0.2250000 0.2250 0.1968183 0.1968 0.3333333 0.3333 1.0000000 1.0000 0.8158363 0.8158 1.0000000 1.0000 1.0000000 427.5740 0.5301792 2.3123 1.0000000 1.0000 0.6666666666666667 0.41758232721225164 []
21:02:51 <INFO> Score: 0.43 Agent NLL: 30.16 Valid: 100% Step: 58
 | Agent Prior Target Score SMILES SMILES_state Scaffold predicted_activity predicted_activity (raw) training_similarity training_similarity (raw) taf_consistency taf_consistency (raw) scaffold_novelty scaffold_novelty (raw) novelty novelty (raw) stereo_validity stereo_validity (raw) MW_window MW_window (raw) synthetic_feasibility synthetic_feasibility (raw) curated alerts filter curated alerts filter (raw) taf_disrupted (predicted_activity) uncertainty (predicted_activity) matchting_patterns (curated alerts filter)
 | 28.8526 39.2778 37.2195 0.5976354 O=C(COc1ccc(Cl)cc1Cl)NCC(=O)NC(=O)CNC(=O)c1cccc(Br)c1 1 CC(CCC(C)CC(C)CCC(C)C1CCCCC1)CCC1CCCCC1 0.3050000 0.3050 0.2610185 0.2610 0.6666667 0.6667 1.0000000 1.0000 0.7389815 0.7390 1.0000000 1.0000 1.0000000 517.1630 0.5264394 2.1493 1.0000000 1.0000 0.33333333333333337 0.460407428263272 []
 | 34.6239 41.8450 31.5104 0.5730894 O=C(Nc1cc(Br)ccc1NCc1nccs1)[C@@H]1Cc2ccccc2O1 1 CC(CC1CCCCC1CCC1CCCC1)C1CC2CCCCC2C1 0.2300000 0.2300 0.2673177 0.2673 0.6666667 0.6667 1.0000000 1.0000 0.7339893 0.7340 1.0000000 1.0000 1.0000000 430.3270 0.5431092 2.8769 1.0000000 1.0000 0.33333333333333337 0.4208325082500163 []
 | 28.4106 27.1665 35.1823 0.4871003 C[C@@H]1CCCN(C(=O)CSc2nnc(-c3ccc(F)cc3)n2N)C1 1 CC(CCC1CCC(C2CCCCC2)C1)C1CCCCC1 0.1650000 0.1650 0.2214037 0.2214 0.3333333 0.3333 1.0000000 1.0000 0.8210415 0.8210 1.0000000 1.0000 1.0000000 349.4350 0.5374185 2.6281 1.0000000 1.0000 0.6666666666666667 0.37118054905934933 []
 | 29.5551 37.0436 27.6957 0.5057760 CC(=O)Nc1ccc(NC(=O)[C@H]2CC[C@@H](c3cnccn3)NC2)cc1 1 CC(CC1CCCCC1)C1CCC(C2CCCCC2)CC1 0.2050000 0.2050 0.2273315 0.2273 0.3333333 0.3333 1.0000000 1.0000 0.7904709 0.7905 1.0000000 1.0000 1.0000000 339.3990 0.5486136 3.1180 1.0000000 1.0000 0.6666666666666667 0.403701622488689 []
 | 37.1938 46.3473 -46.3473 0.0000000 Cc1ccccc1CC(=O)NCCCNC(=O)C(=O)N/N=C\c1ccc(OCC(=O)Nc2cccc(Cl)c2)c(Br)c1 1 CC(CCCCCC(C)C(C)CCCC1CCC(CCC(C)CC2CCCCC2)CC1)CC1CCCCC1 0.0000000 0.0000 0.0000000 0.0000 0.0000000 0.0000 0.0000000 0.0000 0.0000000 0.0000 0.0000000 0.0000 0.0000000 0.0000 0.0000000 0.0000 0.0000000 0.0000 None None ['[#7;!n][#7;!n]']
 | 27.3081 33.7671 32.3974 0.5169099 CC(=O)N[C@@H](CNC(=O)Cc1cc(C)ccc1C)c1cccs1 1 CC(CCCC1CCCC1)CC1CCCCC1 0.2400000 0.2400 0.2190343 0.2190 0.3333333 0.3333 1.0000000 1.0000 0.8060855 0.8061 1.0000000 1.0000 1.0000000 330.4530 0.5388567 2.6909 1.0000000 1.0000 0.6666666666666667 0.4270831300812524 []
 | 34.2944 43.2172 34.5610 0.6076421 CC(C)OC(=O)c1coc(-c2nc(C(=O)Nc3cnn(Cc4ccccc4)c3)cs2)c1 1 CC(CC1CCC(CC2CCCCC2)C1)C1CCC(C2CCCC2)C1 0.3000000 0.3000 0.3157370 0.3157 0.6666667 0.6667 1.0000000 1.0000 0.6842630 0.6843 1.0000000 1.0000 1.0000000 436.4930 0.5371428 2.6161 1.0000000 1.0000 0.33333333333333337 0.45825756949558394 []
 | 36.0149 38.4890 28.8531 0.5261103 Cc1ccc(-n2nc(C(=O)Nc3ccc(Cl)cc3Cl)cc2NC(=O)c2ccccc2)cc1C 1 CC(CC1CC(C(C)CC2CCCCC2)CC1C1CCCCC1)C1CCCCC1 0.2850000 0.2850 0.2071842 0.2072 0.3333333 0.3333 1.0000000 1.0000 0.7928158 0.7928 1.0000000 1.0000 1.0000000 479.3670 0.5265616 2.1546 1.0000000 1.0000 0.6666666666666667 0.4514144437210666 []
 | 25.1500 28.2198 -28.2198 0.0000000 CC[C@@H](CO)NCC(=O)Nc1ccccc1C(=O)OC 1 C1CCCCC1 0.2950000 0.2950 0.3568206 0.3568 0.6666667 0.6667 1.0000000 1.0000 0.6577762 0.6578 1.0000000 1.0000 1.0000000 280.3240 0.5318880 2.3868 1.0000000 1.0000 0.33333333333333337 0.45604276115294284 []
 | 25.0120 31.3191 45.0949 0.5969847 O=C(Nc1ccc(Br)cc1)[C@@H](NCc1cccs1)c1ccccc1 1 CC(CC1CCCCC1)C(CCC1CCCC1)C1CCCCC1 0.2900000 0.2900 0.2790405 0.2790 0.6666667 0.6667 1.0000000 1.0000 0.7209595 0.7210 1.0000000 1.0000 1.0000000 401.3290 0.5320447 2.3936 1.0000000 1.0000 0.33333333333333337 0.4537620521815371 []
21:02:55 <INFO> Score: 0.43 Agent NLL: 30.12 Valid:  97% Step: 59
 | Agent Prior Target Score SMILES SMILES_state Scaffold predicted_activity predicted_activity (raw) training_similarity training_similarity (raw) taf_consistency taf_consistency (raw) scaffold_novelty scaffold_novelty (raw) novelty novelty (raw) stereo_validity stereo_validity (raw) MW_window MW_window (raw) synthetic_feasibility synthetic_feasibility (raw) curated alerts filter curated alerts filter (raw) taf_disrupted (predicted_activity) uncertainty (predicted_activity) matchting_patterns (curated alerts filter)
 | 23.3242 31.6969 42.5792 0.5802816 Cc1ccc(C(=O)Nc2cncc(C(=O)Nc3ccccc3Br)c2)cc1 1 CC(CC1CCCC(C(C)CC2CCCCC2)C1)C1CCCCC1 0.2650000 0.2650 0.2381628 0.2382 0.6666667 0.6667 1.0000000 1.0000 0.7946015 0.7946 1.0000000 1.0000 1.0000000 410.2710 0.5196880 1.8555 1.0000000 1.0000 0.33333333333333337 0.4413332074521472 []
 | 26.9883 29.0298 35.5182 0.5042812 CCOC(=O)/C(=C\c1ccccc1)CN1CCc2ccccc2C1 1 C1CCC(CCCC2CCC3CCCCC3C2)CC1 0.1800000 0.1800 0.2790698 0.2791 0.3333333 0.3333 1.0000000 1.0000 0.7492939 0.7493 1.0000000 1.0000 1.0000000 321.4200 0.5274721 2.1943 1.0000000 1.0000 0.6666666666666667 0.38418745424597095 []
 | 32.5867 29.4757 33.4277 0.4914331 COc1cc(OC)c(C=Nn2c(C(F)(F)F)nc3ccccc3c2=O)cc1Br 1 CC1C(CCC2CCCCC2)CCC2CCCCC21 0.1500000 0.1500 0.2871220 0.2871 0.3333333 0.3333 1.0000000 1.0000 0.7442552 0.7443 1.0000000 1.0000 1.0000000 456.2180 0.5367995 2.6011 1.0000000 1.0000 0.6666666666666667 0.3570714214271425 []
 | 34.1356 29.5863 -22.8182 0.0528764 COc1cc(C(=O)N2CCN(Cc3ccccn3)CC2)cc(OC)c1OCc1ccccc1 1 CC(C1CCC(CCC2CCCCC2)CC1)C1CCC(CC2CCCCC2)CC1 0.2100000 0.2100 0.4057274 0.4057 0.0000000 0.0000 1.0000000 1.0000 0.6086521 0.6087 1.0000000 1.0000 1.0000000 447.5350 0.5251533 2.0933 1.0000000 1.0000 1.0 0.4073082370883261 []
 | 33.3987 35.1958 -35.1958 0.0000000 COCc1cccc(NCc2cc(Cl)c(OCC(=O)NC(C)(C)C)c(OC)c2)c1 1 C1CCC(CCC2CCCCC2)CC1 0.1950000 0.1950 0.2723148 0.2723 0.3333333 0.3333 1.0000000 1.0000 0.7290168 0.7290 1.0000000 1.0000 1.0000000 420.9370 0.5285257 2.2402 1.0000000 1.0000 0.6666666666666667 0.3962007067131506 []
 | 29.4324 42.1577 32.3781 0.5823109 COc1ccccc1CC(=O)O[C@@H](C)C(=O)N1CCC(=O)NC(=O)C1=O 1 CC(CCC(C)C1CCC(C)CC(C)C1C)CC1CCCCC1 0.2200000 0.2200 0.3151354 0.3151 0.6666667 0.6667 1.0000000 1.0000 0.7442552 0.7443 1.0000000 1.0000 1.0000000 362.3380 0.5433724 2.8884 1.0000000 1.0000 0.33333333333333337 0.4142463035441596 []
 | 32.5033 34.3332 -6.5819 0.2168070 COc1ccc(C2NCOCC(=O)O2)c(OC)c1 1 CC1CCCCC(C2CCCCC2)C1 0.1300000 0.1300 0.3570028 0.3570 0.6666667 0.6667 1.0000000 1.0000 0.7630758 0.7631 0.0000000 0.0000 1.0000000 253.2540 0.5538383 3.3473 1.0000000 1.0000 0.33333333333333337 0.33630343441600474 []
 | 25.8380 32.3019 34.3748 0.5209122 CC(=O)NCc1ccc(C(=O)NCc2nccnc2-c2ccc(F)cc2)cc1 1 CC(CCC1CCCCC1C1CCCCC1)C1CCCCC1 0.2500000 0.2500 0.2299002 0.2299 0.3333333 0.3333 1.0000000 1.0000 0.7769433 0.7769 1.0000000 1.0000 1.0000000 378.4070 0.5269359 2.1709 1.0000000 1.0000 0.6666666666666667 0.4330127018922193 []
 | 29.8814 31.8600 38.3094 0.5481986 N#Cc1cccnc1-c1ccc(N2CCC(O)CC2)nc1 1 C1CCC(C2CCC(C3CCCCC3)CC2)CC1 0.1950000 0.1950 0.2223748 0.2224 0.6666667 0.6667 1.0000000 1.0000 0.8072149 0.8072 1.0000000 1.0000 1.0000000 280.3310 0.5311383 2.3541 1.0000000 1.0000 0.33333333333333337 0.3962007067131506 []
 | 28.2896 35.1882 29.4857 0.5052650 COC(=O)C1=N/C(=C/c2ccccc2F)C(=O)N1c1ccccc1C 1 CC1C(CC2CCCCC2)CCC1C1CCCCC1 0.1950000 0.1950 0.2464136 0.2464 0.3333333 0.3333 1.0000000 1.0000 0.7818462 0.7818 1.0000000 1.0000 1.0000000 338.3380 0.5335150 2.4577 1.0000000 1.0000 0.6666666666666667 0.3962007067131506 []
21:02:55 <INFO> Sampled SMILES c12ccccc2c2c3ccccc3cc(-c3ccc(c(c3)C)N=CC3C=CCCC3)c2c1 failed to sanitize.
21:02:55 <INFO> Sampled SMILES C(OCc1cc(c2c3[C@]4(C3=O)CCN(Cc4cccc2)CC)c1)(CCNC([C@@H]1Oc2c(cccc2)NC1=O)=O)=O failed to sanitize.
21:02:58 <INFO> Score: 0.41 Agent NLL: 29.16 Valid:  97% Step: 60
 | Agent Prior Target Score SMILES SMILES_state Scaffold predicted_activity predicted_activity (raw) training_similarity training_similarity (raw) taf_consistency taf_consistency (raw) scaffold_novelty scaffold_novelty (raw) novelty novelty (raw) stereo_validity stereo_validity (raw) MW_window MW_window (raw) synthetic_feasibility synthetic_feasibility (raw) curated alerts filter curated alerts filter (raw) taf_disrupted (predicted_activity) uncertainty (predicted_activity) matchting_patterns (curated alerts filter)
 | 25.2862 32.5596 33.5278 0.5163075 Cc1ccc(S(=O)(=O)NCC(=O)NCC(=O)N2CCNC2=O)cc1 1 CC(CCC(C)C1CCCC1C)CCC(C)(C)C1CCCCC1 0.2350000 0.2350 0.2239570 0.2240 0.3333333 0.3333 1.0000000 1.0000 0.8134494 0.8134 1.0000000 1.0000 1.0000000 354.3880 0.5290529 2.2632 1.0000000 1.0000 0.6666666666666667 0.4239988207530771 []
 | 26.8856 41.8749 30.0642 0.5620245 N#Cc1ccccc1Nc1ccc(NC(=O)CSc2ccccc2Cl)cc1C#N 1 CC(CCC1CCCCC1)CC1CCC(CC2CCCCC2)CC1 0.2550000 0.2550 0.1918404 0.1918 0.6666667 0.6667 1.0000000 1.0000 0.8081596 0.8082 1.0000000 1.0000 1.0000000 418.9090 0.5296979 2.2913 1.0000000 1.0000 0.33333333333333337 0.43586121644395015 []
 | 27.1041 32.5340 -29.9761 0.0199832 C=CCN(C(=O)C1COCCN1S(=O)(=O)CC)c1cccc(C)c1 1 CC(CC1CCCCC1)C1CCCCC1 0.1550000 0.1550 0.3432339 0.3432 0.0000000 0.0000 1.0000000 1.0000 0.7241366 0.7241 0.0000000 0.0000 1.0000000 352.4560 0.5477625 3.0806 1.0000000 1.0000 1.0 0.36190468358395134 []
 | 23.4740 27.2069 39.8285 0.5237134 CC(C)(C)c1ccccc1OCC(=O)NCc1ccc(C(=O)NC2CC2)cc1 1 CC(CCC1CCCCC1)CCC1CCC(C(C)CC2CC2)CC1 0.2200000 0.2200 0.3084763 0.3085 0.3333333 0.3333 1.0000000 1.0000 0.6915237 0.6915 1.0000000 1.0000 1.0000000 380.4880 0.5213743 1.9288 1.0000000 1.0000 0.6666666666666667 0.41424630354415964 []
 | 23.6517 27.7171 40.1860 0.5304933 O=C(Nc1cccc(NC(=O)c2c[nH]c3ccccc23)c1)c1cccs1 1 CC(CC1CCCC(CC(C)C2CCC3CCCCC32)C1)C1CCCC1 0.3050000 0.3050 0.2029385 0.2029 0.3333333 0.3333 1.0000000 1.0000 0.7970615 0.7971 1.0000000 1.0000 1.0000000 361.4260 0.5216508 1.9409 1.0000000 1.0000 0.6666666666666667 0.460407428263272 []
 | 26.2714 34.0210 42.6817 0.5992399 CC(C)c1ccccc1NC(=O)[C@H](C)OC(=O)c1cnn(-c2ccccc2)c1C#N 1 CC(CCC(C)C1CCC(C2CCCCC2)C1)CC1CCCCC1 0.2400000 0.2400 0.2279804 0.2280 1.0000000 1.0000 1.0000000 1.0000 0.7720196 0.7720 1.0000000 1.0000 1.0000000 402.4540 0.5407493 2.7737 1.0000000 1.0000 0.0 0.4270831300812524 []
 | 34.5086 41.5519 -35.3097 0.0487670 O=C(COc1ccc(Cl)cc1)N1CC2C(CCC[C@@H]2c2ccccc2)C1=O 1 CC(CCC1CCCCC1)C1CC2C(C3CCCCC3)CCCC2C1C 0.1800000 0.1800 0.3597550 0.3598 0.0000000 0.0000 1.0000000 1.0000 0.6848890 0.6849 0.3333333 0.3333 1.0000000 383.8750 0.5506660 3.2080 1.0000000 1.0000 1.0 0.38418745424597095 []
 | 28.9991 37.4603 24.6162 0.4849723 CS(=O)(=O)c1ccc(C=CC(=O)Oc2ccc3c(c2)CCC(=O)N3)s1 1 CC(CCC1CCCC1)CC1CCC2CC(C)CCC2C1 0.1600000 0.1600 0.2231054 0.2231 0.3333333 0.3333 1.0000000 1.0000 0.8174258 0.8174 1.0000000 1.0000 1.0000000 377.4430 0.5385213 2.6763 1.0000000 1.0000 0.6666666666666667 0.36660605559646714 []
 | 28.1162 29.5020 47.6685 0.6028946 C[C@H](OC(=O)C1(c2ccc(Cl)cc2)CC1)C(=O)Nc1ccccc1C#N 1 CC(CCC(C)C1(C2CCCCC2)CC1)CC1CCCCC1 0.2200000 0.2200 0.2669304 0.2669 1.0000000 1.0000 1.0000000 1.0000 0.7721972 0.7722 1.0000000 1.0000 1.0000000 368.8200 0.5377004 2.6404 1.0000000 1.0000 0.0 0.4142463035441596 []
 | 25.3069 25.2297 42.2256 0.5269950 O=C(CSc1cccc2cccnc12)Nc1ccccc1 1 CC(CCC1CCCC2CCCCC21)CC1CCCCC1 0.2400000 0.2400 0.2786820 0.2787 0.3333333 0.3333 1.0000000 1.0000 0.7333096 0.7333 1.0000000 1.0000 1.0000000 294.3790 0.5177622 1.7717 1.0000000 1.0000 0.6666666666666667 0.4270831300812525 []
21:02:59 <INFO> Sampled SMILES c1ccn2cc(-c3ccccc3NC(=O)c3c(nn(Cc4ccccc4)c3C)C)nn12 failed to sanitize.
21:02:59 <INFO> Sampled SMILES c1n2c(nc(c2-c2ccc(NC(=O)C3CCOCC3)cc2)C(=O)C)s1 failed to sanitize.
21:03:02 <INFO> Score: 0.43 Agent NLL: 28.12 Valid:  95% Step: 61
 | Agent Prior Target Score SMILES SMILES_state Scaffold predicted_activity predicted_activity (raw) training_similarity training_similarity (raw) taf_consistency taf_consistency (raw) scaffold_novelty scaffold_novelty (raw) novelty novelty (raw) stereo_validity stereo_validity (raw) MW_window MW_window (raw) synthetic_feasibility synthetic_feasibility (raw) curated alerts filter curated alerts filter (raw) taf_disrupted (predicted_activity) uncertainty (predicted_activity) matchting_patterns (curated alerts filter)
 | 24.5127 27.1689 38.8062 0.5154307 Cc1ccccc1CN1CCN([C@H](C)C(=O)Nc2ccc(C(F)(F)F)cc2)CC1 1 CC(CC1CCCCC1)CC1CCC(CC2CCCCC2)CC1 0.2400000 0.2400 0.2201127 0.2201 0.3333333 0.3333 1.0000000 1.0000 0.7864395 0.7864 1.0000000 1.0000 1.0000000 405.4640 0.5320896 2.3956 1.0000000 1.0000 0.6666666666666667 0.4270831300812525 []
 | 26.6979 35.5458 35.0486 0.5515190 CC(=O)NCc1ccc(CN[C@H](C)C(=O)NCc2cccnc2)cc1 1 CC(CCCC1CCCCC1)CCC1CCCCC1 0.3000000 0.3000 0.2893457 0.2893 0.3333333 0.3333 1.0000000 1.0000 0.7400624 0.7401 1.0000000 1.0000 1.0000000 340.4270 0.5327061 2.4224 1.0000000 1.0000 0.6666666666666667 0.458257569495584 []
 | 26.6916 33.6707 40.9607 0.5830578 Cc1ccc(Br)cc1NC(=O)c1ccccc1NC(=O)COc1ccccc1Br 1 CC(CCC1CCCCC1)CC1CCCCC1C(C)CC1CCCCC1 0.2500000 0.2500 0.2877607 0.2878 0.6666667 0.6667 1.0000000 1.0000 0.7122393 0.7122 1.0000000 1.0000 1.0000000 518.2050 0.5209600 1.9108 1.0000000 1.0000 0.33333333333333337 0.4330127018922193 []
 | 31.4087 39.0099 35.0315 0.5784487 COC(=O)c1cc(NS(=O)(=O)Cc2ccccc2Cl)cc(C(=O)Nc2cccc(OC)c2)c1 1 CC(CC1CCCCC1)C1CCCC(CC(C)(C)CC2CCCCC2)C1 0.2300000 0.2300 0.2805794 0.2806 0.6666667 0.6667 1.0000000 1.0000 0.7741806 0.7742 1.0000000 1.0000 1.0000000 488.9490 0.5271919 2.1821 1.0000000 1.0000 0.33333333333333337 0.4208325082500163 []
 | 26.5241 29.3311 -29.3311 0.0000000 COc1cc(CNC(=O)Cc2ccc(Cl)cc2F)ccc1O 1 CC(CCC1CCCCC1)CC1CCCCC1 0.1950000 0.1950 0.2519516 0.2520 0.3333333 0.3333 1.0000000 1.0000 0.7769433 0.7769 1.0000000 1.0000 1.0000000 323.7510 0.5206284 1.8964 1.0000000 1.0000 0.6666666666666667 0.3962007067131506 []
 | 28.4301 37.9054 34.9601 0.5692617 C=CCOC(=O)Nc1nc(CSc2ccc(NC(=O)c3cccs3)cc2)cs1 1 CC(CC1CCC(CCC2CCCC2)CC1)C1CCCC1 0.1950000 0.1950 0.2962975 0.2963 0.6666667 0.6667 1.0000000 1.0000 0.8004920 0.8005 1.0000000 1.0000 1.0000000 431.5640 0.5328777 2.4299 1.0000000 1.0000 0.33333333333333337 0.3962007067131506 []
 | 29.0222 34.5281 33.4719 0.5312504 COC(=O)c1ccc(S(=O)(=O)Oc2ccc(C=Nc3ccc(C#N)cc3)cc2)cc1 1 CC(C)(CC1CCC(CCC2CCCCC2)CC1)C1CCCCC1 0.1800000 0.1800 0.1876197 0.1876 0.6666667 0.6667 1.0000000 1.0000 0.8469069 0.8469 1.0000000 1.0000 1.0000000 420.4460 0.5298392 2.2974 1.0000000 1.0000 0.33333333333333337 0.38418745424597095 []
 | 28.8915 35.6424 34.9248 0.5513065 CCNC(=O)c1ccc(CN=C(NC(=O)c2ccco2)NC(=O)c2ccccc2F)cc1 1 CC(CC(CCC1CCCCC1)CC(C)C1CCCC1)C1CCCCC1 0.3150000 0.3150 0.2762456 0.2762 0.3333333 0.3333 1.0000000 1.0000 0.7237544 0.7238 1.0000000 1.0000 1.0000000 436.4430 0.5319965 2.3915 1.0000000 1.0000 0.6666666666666667 0.46451587701606073 []
 | 32.4704 44.0151 21.4720 0.5116184 CC(=O)[C@H]1C[C@@H](C(=O)Nc2cccc(C)c2)N(Cc2ccc(F)cc2F)C1 1 CC(CC1CCCCC1)C1CCCC1CC1CCCCC1 0.2050000 0.2050 0.2550722 0.2551 0.3333333 0.3333 1.0000000 1.0000 0.7640267 0.7640 1.0000000 1.0000 1.0000000 372.4150 0.5455685 2.9845 1.0000000 1.0000 0.6666666666666667 0.403701622488689 []
 | 26.4763 32.4791 40.5548 0.5705774 COc1ccc(CC(=O)OCC(=O)NCc2ccc(C#N)cc2)c([N+](=O)[O-])c1 1 CC(CCC(C)CC1CCCCC1)CCC1CCCCC1 0.1750000 0.1750 0.2274294 0.2274 1.0000000 1.0000 1.0000000 1.0000 0.8210251 0.8210 1.0000000 1.0000 1.0000000 383.3600 0.5266429 2.1582 1.0000000 1.0000 0.0 0.3799671038392666 []
21:03:06 <INFO> Score: 0.43 Agent NLL: 28.19 Valid: 100% Step: 62
 | Agent Prior Target Score SMILES SMILES_state Scaffold predicted_activity predicted_activity (raw) training_similarity training_similarity (raw) taf_consistency taf_consistency (raw) scaffold_novelty scaffold_novelty (raw) novelty novelty (raw) stereo_validity stereo_validity (raw) MW_window MW_window (raw) synthetic_feasibility synthetic_feasibility (raw) curated alerts filter curated alerts filter (raw) taf_disrupted (predicted_activity) uncertainty (predicted_activity) matchting_patterns (curated alerts filter)
 | 25.4256 28.9196 -22.6831 0.0487225 CCOCCCn1nnnc1Sc1ccc2ccccc2c1 1 C1CCC(CC2CCC3CCCCC3C2)C1 0.1650000 0.1650 0.2381628 0.2382 0.0000000 0.0000 1.0000000 1.0000 0.8112926 0.8113 1.0000000 1.0000 1.0000000 314.4140 0.5293934 2.2780 1.0000000 1.0000 1.0 0.37118054905934933 []
 | 26.4394 30.1297 41.7752 0.5617570 CS(=O)(=O)Nc1cc(C#N)cc(NCCc2cccs2)c1 1 C1CCC(CCCC2CCCC2)CC1 0.2250000 0.2250 0.2197738 0.2198 0.6666667 0.6667 1.0000000 1.0000 0.8245057 0.8245 1.0000000 1.0000 1.0000000 321.4270 0.5313358 2.3627 1.0000000 1.0000 0.33333333333333337 0.41758232721225164 []
 | 26.2806 30.0386 35.5308 0.5122610 CC(=O)Nc1ccc(CNc2nccc3c(F)cccc23)cc1 1 C1CCC(CCC2CCCC3CCCCC32)CC1 0.1950000 0.1950 0.2790698 0.2791 0.3333333 0.3333 1.0000000 1.0000 0.7743645 0.7744 1.0000000 1.0000 1.0000000 309.3440 0.5216094 1.9391 1.0000000 1.0000 0.6666666666666667 0.3962007067131506 []
 | 26.9411 31.6026 39.2528 0.5535583 O=C(OCC(=O)c1ccccc1F)c1cccc(S(=O)(=O)Nc2cccc(F)c2)c1 1 CC(CCC(C)C1CCCC(C(C)(C)CC2CCCCC2)C1)C1CCCCC1 0.2200000 0.2200 0.2113701 0.2114 0.6666667 0.6667 1.0000000 1.0000 0.7886299 0.7886 1.0000000 1.0000 1.0000000 431.4160 0.5230501 2.0018 1.0000000 1.0000 0.33333333333333337 0.4142463035441596 []
 | 28.2557 29.3912 38.7574 0.5324109 Cc1ccc(-c2ccc(=O)n([C@@H](C)C(=O)Nc3cccc(Cl)c3)n2)cc1 1 CC(CC1CCCCC1)CC1CC(C2CCCCC2)CCC1C 0.2950000 0.2950 0.2144225 0.2144 0.3333333 0.3333 1.0000000 1.0000 0.7979274 0.7979 1.0000000 1.0000 1.0000000 367.8360 0.5325059 2.4137 1.0000000 1.0000 0.6666666666666667 0.4560427611529428 []
 | 23.1115 27.8467 -27.8467 0.0000000 CCOCCOc1ccccc1C(=O)Nc1cc(Br)ccc1Br 1 CC(CC1CCCCC1)C1CCCCC1 0.2550000 0.2550 0.3057883 0.3058 0.6666667 0.6667 1.0000000 1.0000 0.7068490 0.7068 1.0000000 1.0000 1.0000000 443.1350 0.5221325 1.9618 1.0000000 1.0000 0.33333333333333337 0.43586121644395015 []
 | 20.2330 21.4975 -21.4975 0.0000000 O=C(Nc1ccc(F)cc1)C1CCNCC1 1 CC(CC1CCCCC1)C1CCCCC1 0.2450000 0.2450 0.2000000 0.2000 0.3333333 0.3333 1.0000000 1.0000 0.8000000 0.8000 1.0000000 1.0000 1.0000000 222.2630 0.5174682 1.7589 1.0000000 1.0000 0.6666666666666667 0.4300872004605578 []
 | 29.3097 31.6231 37.1635 0.5373949 O=C(Nc1cccc(CN2CCCCCC2)c1)c1cc2cc(F)ccc2oc1=O 1 CC(CC1CCCC(CC2CCCCCC2)C1)C1CC2CCCCC2CC1C 0.2750000 0.2750 0.2709832 0.2710 0.3333333 0.3333 1.0000000 1.0000 0.7290168 0.7290 1.0000000 1.0000 1.0000000 394.4460 0.5251192 2.0918 1.0000000 1.0000 0.6666666666666667 0.4465142774872939 []
 | 25.4348 33.4819 37.0013 0.5506500 COC(=O)c1ccc(C(C)=O)c(NCc2nc(-c3cccs3)no2)c1 1 C1CCC(CCC2CCC(C3CCCC3)C2)CC1 0.1800000 0.1800 0.2575131 0.2575 0.6666667 0.6667 1.0000000 1.0000 0.7948177 0.7948 1.0000000 1.0000 1.0000000 357.3910 0.5297959 2.2956 1.0000000 1.0000 0.33333333333333337 0.38418745424597095 []
 | 29.8062 30.4331 35.2676 0.5132868 COc1ccccc1NC(=O)/C=C1\SC(=S)N(Cc2ccccc2)C1=O 1 CC(CC1CCCCC1)CC1CC(C)C(CC2CCCCC2)C1C 0.1850000 0.1850 0.3267826 0.3268 0.3333333 0.3333 1.0000000 1.0000 0.6946876 0.6947 1.0000000 1.0000 1.0000000 384.4820 0.5253034 2.0999 1.0000000 1.0000 0.6666666666666667 0.38829756630707846 []
21:03:10 <INFO> Score: 0.43 Agent NLL: 29.15 Valid: 100% Step: 63
 | Agent Prior Target Score SMILES SMILES_state Scaffold predicted_activity predicted_activity (raw) training_similarity training_similarity (raw) taf_consistency taf_consistency (raw) scaffold_novelty scaffold_novelty (raw) novelty novelty (raw) stereo_validity stereo_validity (raw) MW_window MW_window (raw) synthetic_feasibility synthetic_feasibility (raw) curated alerts filter curated alerts filter (raw) taf_disrupted (predicted_activity) uncertainty (predicted_activity) matchting_patterns (curated alerts filter)
 | 26.8252 29.3519 -29.3519 0.0000000 C/C(=N/NC(=O)c1ccccc1)[C@H](C)C(=O)OCc1ccccc1 1 CC(CCCCC(C)C1CCCCC1)CCC1CCCCC1 0.0000000 0.0000 0.0000000 0.0000 0.0000000 0.0000 0.0000000 0.0000 0.0000000 0.0000 0.0000000 0.0000 0.0000000 0.0000 0.0000000 0.0000 0.0000000 0.0000 None None ['[#7;!n][#7;!n]']
 | 27.0897 34.8915 27.4208 0.4868146 CN=c1scc(-c2ccccc2C(=O)OC)n1N=Cc1cccc(C)c1 1 CC1CCC(C2CCCCC2)C1CCC1CCCCC1 0.1750000 0.1750 0.2060105 0.2060 0.3333333 0.3333 1.0000000 1.0000 0.8176157 0.8176 1.0000000 1.0000 1.0000000 365.4580 0.5350564 2.5250 1.0000000 1.0000 0.6666666666666667 0.3799671038392666 []
 | 38.1287 46.4377 -46.4377 0.0000000 CC(C)[C@H](C)NC(=O)C(C)(O)c1cnc(Nc2cccc(Cl)c2)cn1 1 C1CCC(CC2CCCCC2)CC1 0.2700000 0.2700 0.2028757 0.2029 0.3333333 0.3333 1.0000000 1.0000 0.8101684 0.8102 0.5000000 0.5000 1.0000000 362.8610 0.5542503 3.3654 1.0000000 1.0000 0.6666666666666667 0.4439594576084622 []
 | 27.4148 29.4170 -29.4170 0.0000000 CC(C)(C)n1ncc(C(=O)Nc2ccc(Cl)cc2Cl)n1 1 CC(CC1CCCCC1)C1CCCC1 0.2450000 0.2450 0.2165328 0.2165 0.3333333 0.3333 1.0000000 1.0000 0.8157257 0.8157 1.0000000 1.0000 1.0000000 313.1880 0.5350925 2.5266 1.0000000 1.0000 0.6666666666666667 0.4300872004605578 []
 | 35.5003 36.5118 34.7398 0.5566534 COc1ccc(C(=O)N[C@H](CCCCN)Cc2ccccc2)cc1-c1ccccc1 1 CC(CCCC1CCCCC1)C1CCCC(C2CCCCC2)C1 0.2950000 0.2950 0.3487429 0.3487 0.3333333 0.3333 1.0000000 1.0000 0.6512571 0.6513 1.0000000 1.0000 1.0000000 402.5380 0.5324233 2.4101 1.0000000 1.0000 0.6666666666666667 0.45604276115294284 []
 | 27.3445 31.8909 39.6544 0.5589475 CC(C)(C)OC(=O)N1CCN(Cc2cc(C(=O)NCc3ccc(F)cc3)co2)CC1 1 CC(CCC1CCCCC1)C1CCC(CC2CCCCC2)C1 0.2200000 0.2200 0.2282767 0.2283 0.6666667 0.6667 1.0000000 1.0000 0.7762813 0.7763 1.0000000 1.0000 1.0000000 417.4810 0.5294098 2.2787 1.0000000 1.0000 0.33333333333333337 0.4142463035441596 []
 | 24.0553 29.9812 32.7560 0.4901347 COc1ccc(NC(=O)COc2cccc(C=C3C(=O)NC(=O)NC3=O)c2)cc1 1 CC(CCC1CCCC(CC2C(C)CC(C)CC2C)C1)CC1CCCCC1 0.1450000 0.1450 0.2939976 0.2940 0.3333333 0.3333 1.0000000 1.0000 0.7545841 0.7546 1.0000000 1.0000 1.0000000 395.3710 0.5270408 2.1755 1.0000000 1.0000 0.6666666666666667 0.352100837829165 []
 | 30.3819 30.2789 -5.4162 0.1942403 CN1CCC2(CCCN(C(=O)C3CNC(=O)C3)C2)CC1 1 CC1CCC(C(C)C2CCCC3(CCCCC3)C2)C1 0.1650000 0.1650 0.2309401 0.2309 0.3333333 0.3333 1.0000000 1.0000 0.7690599 0.7691 0.0000000 0.0000 1.0000000 279.3840 0.5543038 3.6323 1.0000000 1.0000 0.6666666666666667 0.3711805490593493 []
 | 26.2795 29.4611 35.8185 0.5099973 O=C(NCCn1nnc(-c2ccc([N+](=O)[O-])cc2)n1)c1ccc(F)cc1 1 CC(CCCC1CCC(C2CCCCC2)C1)C1CCCCC1 0.2700000 0.2700 0.1696752 0.1697 0.3333333 0.3333 1.0000000 1.0000 0.8303248 0.8303 1.0000000 1.0000 1.0000000 356.3170 0.5260104 2.1306 1.0000000 1.0000 0.6666666666666667 0.4439594576084623 []
 | 27.0626 28.5891 38.0064 0.5202776 CS(=O)(=O)c1cccc(-n2c(CN)n[nH]c2=O)c1 1 CC1CCCC1C1CCCCC1 0.2600000 0.2600 0.2081454 0.2081 0.3333333 0.3333 1.0000000 1.0000 0.8115777 0.8116 1.0000000 1.0000 1.0000000 268.2980 0.5341787 2.4867 1.0000000 1.0000 0.6666666666666667 0.4386342439892262 []
21:03:10 <INFO> Sampled SMILES s1c(nn2cccnc21)=NC(c1ccc(cc1)Br)=O failed to sanitize.
21:03:13 <INFO> Score: 0.46 Agent NLL: 28.71 Valid:  98% Step: 64
 | Agent Prior Target Score SMILES SMILES_state Scaffold predicted_activity predicted_activity (raw) training_similarity training_similarity (raw) taf_consistency taf_consistency (raw) scaffold_novelty scaffold_novelty (raw) novelty novelty (raw) stereo_validity stereo_validity (raw) MW_window MW_window (raw) synthetic_feasibility synthetic_feasibility (raw) curated alerts filter curated alerts filter (raw) taf_disrupted (predicted_activity) uncertainty (predicted_activity) matchting_patterns (curated alerts filter)
 | 26.0260 28.9885 -28.9885 0.0000000 Nc1no[n+]([O-])c1C(=O)Nc1ccc(F)c(F)c1 1 CC(CC1CCCCC1)C1CCCC1 0.3500000 0.3500 0.1866833 0.1867 0.3333333 0.3333 1.0000000 1.0000 0.8133167 0.8133 1.0000000 1.0000 1.0000000 256.1680 0.5412952 2.7975 1.0000000 1.0000 0.6666666666666667 0.47696960070847283 []
 | 27.7285 27.9603 -27.9603 0.0000000 Cc1cccc(CNC(=O)CNc2ccc(F)c(F)c2F)c1 1 CC(CCC1CCCCC1)CCC1CCCCC1 0.2400000 0.2400 0.2610067 0.2610 0.3333333 0.3333 1.0000000 1.0000 0.7432519 0.7433 1.0000000 1.0000 1.0000000 308.3030 0.5223725 1.9723 1.0000000 1.0000 0.6666666666666667 0.4270831300812524 []
 | 29.2224 36.2419 37.6399 0.5772018 O=C(CNC(=O)c1ccc(Br)cc1F)NCCOc1cnccn1 1 CC(CCCCC1CCCCC1)CCC(C)C1CCCCC1 0.2750000 0.2750 0.2173254 0.2173 0.6666667 0.6667 1.0000000 1.0000 0.7886299 0.7886 1.0000000 1.0000 1.0000000 397.2040 0.5289177 2.2573 1.0000000 1.0000 0.33333333333333337 0.44651427748729383 []
 | 29.9201 32.6381 42.7558 0.5890147 O=C(Nn1ccnc1-c1ccccc1Cl)c1ccccc1Br 1 CC(CC1CCCC1C1CCCCC1)C1CCCCC1 0.3000000 0.3000 0.2310733 0.2311 0.6666667 0.6667 1.0000000 1.0000 0.7689267 0.7689 1.0000000 1.0000 1.0000000 376.6410 0.5296093 2.2874 1.0000000 1.0000 0.33333333333333337 0.45825756949558394 []
 | 25.3169 28.7344 35.1473 0.4990757 Cc1ccc(S(=O)(=O)NC(=O)Cc2ccsc2)c(C)c1 1 CC(CC1CCCC1)CC(C)(C)C1CCCCC1 0.2050000 0.2050 0.2055271 0.2055 0.3333333 0.3333 1.0000000 1.0000 0.8180437 0.8180 1.0000000 1.0000 1.0000000 309.4120 0.5271831 2.1817 1.0000000 1.0000 0.6666666666666667 0.403701622488689 []
 | 28.8311 33.4041 -2.0915 0.2446294 Cc1cc(Br)ccc1NC(=O)C(Cc1ccccc1)NC(=O)c1ccc(Br)o1 1 CC(CC(CC1CCCCC1)C(C)CC1CCCCC1)C1CCCC1 0.3150000 0.3150 0.3287980 0.3288 0.6666667 0.6667 1.0000000 1.0000 0.6712020 0.6712 0.0000000 0.0000 1.0000000 506.1940 0.5344629 2.4991 1.0000000 1.0000 0.33333333333333337 0.46451587701606073 []
 | 27.2358 35.3119 32.6879 0.5312487 CS(=O)(=O)c1cccc(-c2nc(C(=O)Nc3ccccc3C(=O)NCc3ccco3)cs2)c1 1 CC(CC1CCCCC1C(C)CCC1CCCC1)C1CCC(C2CCCCC2)C1 0.2650000 0.2650 0.2546858 0.2547 0.3333333 0.3333 1.0000000 1.0000 0.7453142 0.7453 1.0000000 1.0000 1.0000000 481.5550 0.5297394 2.2931 1.0000000 1.0000 0.6666666666666667 0.4413332074521472 []
 | 25.8813 29.6126 35.0124 0.5048828 CC(=O)c1ccccc1NC(=O)COCc1cn2ccccc2n1 1 CC(CCCC1CC2CCCCC2C1)CC1CCCCC1 0.1850000 0.1850 0.2698162 0.2698 0.3333333 0.3333 1.0000000 1.0000 0.7576069 0.7576 1.0000000 1.0000 1.0000000 323.3520 0.5275894 2.1994 1.0000000 1.0000 0.6666666666666667 0.38829756630707846 []
 | 21.4629 28.2504 46.7498 0.5859393 C[C@@H](NC(=O)COC(=O)c1ccccc1C(=O)c1ccccc1)c1ccco1 1 CC(CCC1CCCC1)CCC(C)C1CCCCC1C(C)C1CCCCC1 0.2500000 0.2500 0.2974089 0.2974 0.6666667 0.6667 1.0000000 1.0000 0.7025911 0.7026 1.0000000 1.0000 1.0000000 377.3960 0.5329516 2.4331 1.0000000 1.0000 0.33333333333333337 0.4330127018922193 []
 | 53.2397 57.3658 -32.0749 0.1975851 COC(=O)C1=C(C(=O)O)C=CC1([B-](O)c1cccc(OC)c1)c1ccccc1C 1 [CH](C1CCCCC1)C1(C2CCCCC2)CCCC1 0.1750000 0.1750 0.2401461 0.2401 0.3333333 0.3333 1.0000000 1.0000 0.7928158 0.7928 0.0000000 0.0000 1.0000000 392.2160 0.5477722 3.9189 1.0000000 1.0000 0.6666666666666667 0.3799671038392666 []
21:03:17 <INFO> Score: 0.44 Agent NLL: 28.64 Valid: 100% Step: 65
 | Agent Prior Target Score SMILES SMILES_state Scaffold predicted_activity predicted_activity (raw) training_similarity training_similarity (raw) taf_consistency taf_consistency (raw) scaffold_novelty scaffold_novelty (raw) novelty novelty (raw) stereo_validity stereo_validity (raw) MW_window MW_window (raw) synthetic_feasibility synthetic_feasibility (raw) curated alerts filter curated alerts filter (raw) taf_disrupted (predicted_activity) uncertainty (predicted_activity) matchting_patterns (curated alerts filter)
 | 38.0545 41.5171 -15.8819 0.2002750 CCOc1ccccc1Nc1cc(C(=O)N2C3CCCC2c2ccccc2C3)nc(C)n1 1 CC(C1CCCC(CC2CCCCC2)C1)C1C2CCCC1C1CCCCC1C2 0.1850000 0.1850 0.2538307 0.2538 0.3333333 0.3333 1.0000000 1.0000 0.7684595 0.7685 0.0000000 0.0000 1.0000000 428.5360 0.5477172 3.9213 1.0000000 1.0000 0.6666666666666667 0.3882975663070784 []
 | 24.5075 26.9264 40.2312 0.5246687 Cc1cc(C(=O)Nc2ccc(Sc3ncccn3)cc2)c(C)o1 1 CC(CC1CCC(CC2CCCCC2)CC1)C1CCCC1 0.2500000 0.2500 0.2484709 0.2485 0.3333333 0.3333 1.0000000 1.0000 0.7515291 0.7515 1.0000000 1.0000 1.0000000 325.3930 0.5279100 2.2134 1.0000000 1.0000 0.6666666666666667 0.4330127018922193 []
 | 28.4833 35.2266 38.4567 0.5756508 N#Cc1ccccc1NC(=O)c1nn(-c2ccc(F)cc2)c(Cl)c1C=O 1 CC(CC1CCCCC1)C1CCC(C2CCCCC2)C1 0.3000000 0.3000 0.1859962 0.1860 0.6666667 0.6667 1.0000000 1.0000 0.8140038 0.8140 1.0000000 1.0000 1.0000000 368.7550 0.5314404 2.3672 1.0000000 1.0000 0.33333333333333337 0.458257569495584 []
 | 29.2162 31.5636 -31.5636 0.0000000 COCc1ccc(CNc2ccc(OC)nc2F)cc1 1 C1CCC(CCC2CCCCC2)CC1 0.1550000 0.1550 0.2375836 0.2376 0.3333333 0.3333 1.0000000 1.0000 0.7776920 0.7777 1.0000000 1.0000 1.0000000 276.3110 0.5276569 2.2023 1.0000000 1.0000 0.6666666666666667 0.36190468358395134 []
 | 29.9008 36.3357 31.0344 0.5263288 Cc1ccccc1C(=O)NC(=O)C(=O)Nc1cccc(-c2cn[nH]c2)c1 1 CC(CC1CCCC(C2CCCC2)C1)C(C)CC(C)C1CCCCC1 0.2750000 0.2750 0.2190343 0.2190 0.3333333 0.3333 1.0000000 1.0000 0.7818462 0.7818 1.0000000 1.0000 1.0000000 348.3620 0.5287490 2.2499 1.0000000 1.0000 0.6666666666666667 0.44651427748729383 []
 | 24.4345 33.7158 30.0346 0.4980494 Cc1ccccc1CS(=O)(=O)Nc1ccc(Nc2cc(-n3ccnc3)ncn2)cc1 1 CC(C)(CC1CCCCC1)CC1CCC(CC2CCCC(C3CCCC3)C2)CC1 0.2100000 0.2100 0.1949167 0.1949 0.3333333 0.3333 1.0000000 1.0000 0.8176157 0.8176 1.0000000 1.0000 1.0000000 420.4980 0.5338352 2.4717 1.0000000 1.0000 0.6666666666666667 0.40730823708832603 []
 | 27.1581 29.6534 41.2221 0.5537149 Cc1nc2ccccn2c1C(=O)Nc1ccccc1C(=O)NCc1ccccc1 1 CC(CCC1CCCCC1)C1CCCCC1CC(C)C1CCC2CCCCC21 0.3050000 0.3050 0.3117407 0.3117 0.3333333 0.3333 1.0000000 1.0000 0.6882593 0.6883 1.0000000 1.0000 1.0000000 384.4390 0.5234277 2.0182 1.0000000 1.0000 0.6666666666666667 0.460407428263272 []
 | 22.0087 27.2930 38.8115 0.5164416 CCOc1ccccc1NC(=O)[C@@H]1CCCN1C(=O)c1ccccc1 1 CC(CC1CCCCC1)C1CCCC1C(C)C1CCCCC1 0.1950000 0.1950 0.3147856 0.3148 0.3333333 0.3333 1.0000000 1.0000 0.7091283 0.7091 1.0000000 1.0000 1.0000000 338.4070 0.5270913 2.1777 1.0000000 1.0000 0.6666666666666667 0.39620070671315055 []
 | 27.4650 34.8709 35.5951 0.5505162 CCNc1cccc(C(=O)Nc2cccc(NC(=O)CCc3ccccc3)c2)n1 1 CC(CCC1CCCCC1)CC1CCCC(CC(C)C2CCCCC2)C1 0.3050000 0.3050 0.2923009 0.2923 0.3333333 0.3333 1.0000000 1.0000 0.7091283 0.7091 1.0000000 1.0000 1.0000000 388.4710 0.5222006 1.9648 1.0000000 1.0000 0.6666666666666667 0.4604074282632721 []
 | 34.3020 38.9345 27.7258 0.5207837 CC[C@H](C)NC(=O)[C@@H](c1ccc(C)cc1)N1CCC[C@@H](C(=O)Nc2nccs2)C1 1 CC(CC1CCCC1)C1CCCC(CC2CCCCC2)C1 0.2450000 0.2450 0.2301437 0.2301 0.3333333 0.3333 1.0000000 1.0000 0.7698563 0.7699 1.0000000 1.0000 1.0000000 414.5750 0.5521541 3.2733 1.0000000 1.0000 0.6666666666666667 0.43008720046055776 []
21:03:21 <INFO> Score: 0.49 Agent NLL: 27.26 Valid: 100% Step: 66
 | Agent Prior Target Score SMILES SMILES_state Scaffold predicted_activity predicted_activity (raw) training_similarity training_similarity (raw) taf_consistency taf_consistency (raw) scaffold_novelty scaffold_novelty (raw) novelty novelty (raw) stereo_validity stereo_validity (raw) MW_window MW_window (raw) synthetic_feasibility synthetic_feasibility (raw) curated alerts filter curated alerts filter (raw) taf_disrupted (predicted_activity) uncertainty (predicted_activity) matchting_patterns (curated alerts filter)
 | 25.4662 30.4905 -30.4905 0.0000000 CC[C@H](N)c1ccc(OCC(=O)Nc2ccccc2N)cc1 1 CC(CCC1CCCCC1)CC1CCCCC1 0.2550000 0.2550 0.3167782 0.3168 0.3333333 0.3333 1.0000000 1.0000 0.7175771 0.7176 1.0000000 1.0000 1.0000000 299.3740 0.5297855 2.2951 1.0000000 1.0000 0.6666666666666667 0.43586121644395015 []
 | 22.5523 28.7266 37.9161 0.5206461 O=C(Nc1ccnc(Cl)c1)[C@H]1CNC[C@@H]1c1ccccc1 1 CC(CC1CCCCC1)C1CCCC1C1CCCCC1 0.2300000 0.2300 0.2558140 0.2558 0.3333333 0.3333 1.0000000 1.0000 0.7492939 0.7493 1.0000000 1.0000 1.0000000 301.7770 0.5447384 2.9482 1.0000000 1.0000 0.6666666666666667 0.4208325082500162 []
 | 28.0846 34.5223 37.6388 0.5637586 C[C@@H](CCc1ccccc1)CNC(=O)c1ccc(NCc2ccccn2)nc1 1 CC(CCCCCC1CCCCC1)C1CCC(CCC2CCCCC2)CC1 0.3300000 0.3300 0.3222865 0.3223 0.3333333 0.3333 1.0000000 1.0000 0.6777135 0.6777 1.0000000 1.0000 1.0000000 374.4880 0.5358480 2.5595 1.0000000 1.0000 0.6666666666666667 0.4702127178203499 []
 | 24.3874 30.4036 42.1681 0.5669663 CCOC(=O)c1ccccc1NCc1nnnn1CCc1ccccc1 1 C1CCC(CCC2CCCC2CCC2CCCCC2)CC1 0.2000000 0.2000 0.3049971 0.3050 0.6666667 0.6667 1.0000000 1.0000 0.7181732 0.7182 1.0000000 1.0000 1.0000000 351.4100 0.5248374 2.0796 1.0000000 1.0000 0.33333333333333337 0.4 []
 | 31.8096 37.8288 38.0149 0.5925286 Cc1ccccc1NS(=O)(=O)c1ccc(CC(=O)OCC#Cc2ccccc2)s1 1 CC(CCCCC1CCCCC1)CC1CCC(C(C)(C)CC2CCCCC2)C1 0.2100000 0.2100 0.2562489 0.2562 1.0000000 1.0000 1.0000000 1.0000 0.7467749 0.7468 1.0000000 1.0000 1.0000000 425.5310 0.5325824 2.4170 1.0000000 1.0000 0.0 0.4073082370883261 []
 | 26.3221 32.5117 36.6143 0.5400467 Cc1nc(C)c(C(=O)Nc2nnc(CNC(=O)c3ccccc3)s2)s1 1 CC(CCC1CCC(CC(C)C2CCCC2)C1)C1CCCCC1 0.3000000 0.3000 0.2450715 0.2451 0.3333333 0.3333 1.0000000 1.0000 0.7549285 0.7549 1.0000000 1.0000 1.0000000 373.4630 0.5271959 2.1823 1.0000000 1.0000 0.6666666666666667 0.458257569495584 []
 | 29.6673 35.8913 31.2603 0.5246216 Cc1cc(COC(=O)c2cc(-c3ccco3)nn2CCc2ccccc2)no1 1 CC(CCC1CCCC1)C1CC(C2CCCC2)CC1CCC1CCCCC1 0.2100000 0.2100 0.3260556 0.3261 0.3333333 0.3333 1.0000000 1.0000 0.6924377 0.6924 1.0000000 1.0000 1.0000000 377.4000 0.5338095 2.4706 1.0000000 1.0000 0.6666666666666667 0.40730823708832603 []
 | 29.2259 38.1428 33.3275 0.5583615 C[C@H]1C(=O)N(CC(=O)Nc2ccc(C(=O)NCc3ccco3)cc2)C(=O)N1Cc1ccccc1 1 CC(CC1CCC(C(C)CCC2CCCC2)CC1)CC1C(C)CC(CC2CCCCC2)C1C 0.3000000 0.3000 0.3453863 0.3454 0.3333333 0.3333 1.0000000 1.0000 0.6546137 0.6546 1.0000000 1.0000 1.0000000 460.4900 0.5390972 2.7014 1.0000000 1.0000 0.6666666666666667 0.458257569495584 []
 | 27.9162 31.5126 -31.5126 0.0000000 CNc1cc(CNc2ccccc2C)ccc1OC 1 C1CCC(CCC2CCCCC2)CC1 0.1650000 0.1650 0.2511059 0.2511 0.3333333 0.3333 1.0000000 1.0000 0.7776920 0.7777 1.0000000 1.0000 1.0000000 256.3490 0.5177850 1.7727 1.0000000 1.0000 0.6666666666666667 0.37118054905934933 []
 | 32.4999 36.1822 24.4965 0.4740521 O=C(NC[C@@H]1C[C@H]2C[C@H]1C2)c1cnc(C2CCCN2)o1 1 CC(CCC1CC2CC1C2)C1CCC(C2CCCC2)C1 0.1650000 0.1650 0.2492224 0.2492 0.3333333 0.3333 1.0000000 1.0000 0.7576069 0.7576 0.5000000 0.5000 1.0000000 275.3520 0.5359015 4.4381 1.0000000 1.0000 0.6666666666666667 0.37118054905934933 []
21:03:21 <INFO> Sampled SMILES c1(OCC)c(cccc1)[C@](NC(=O)COC(c1ccc(C)o1)=O)(=O)=O failed to sanitize.
21:03:25 <INFO> Score: 0.42 Agent NLL: 27.80 Valid:  98% Step: 67
 | Agent Prior Target Score SMILES SMILES_state Scaffold predicted_activity predicted_activity (raw) training_similarity training_similarity (raw) taf_consistency taf_consistency (raw) scaffold_novelty scaffold_novelty (raw) novelty novelty (raw) stereo_validity stereo_validity (raw) MW_window MW_window (raw) synthetic_feasibility synthetic_feasibility (raw) curated alerts filter curated alerts filter (raw) taf_disrupted (predicted_activity) uncertainty (predicted_activity) matchting_patterns (curated alerts filter)
 | 26.9105 24.9439 2.8270 0.2169602 CC(Cc1ccccc1)NC(=O)CSc1cccc[n+]1[O-] 1 CC(CCCC1CCCCC1)CCC1CCCCC1 0.2750000 0.2750 0.3080977 0.3081 0.3333333 0.3333 1.0000000 1.0000 0.6919023 0.6919 0.0000000 0.0000 1.0000000 302.3990 0.5386846 2.6834 1.0000000 1.0000 0.6666666666666667 0.44651427748729383 []
 | 25.3657 27.3784 -20.9191 0.0504632 CC(C)Oc1ccc(C(=O)N2CCN(Cc3nnnn3-c3ccccc3)CC2)cc1 1 CC(C1CCCCC1)C1CCC(CC2CCCC2C2CCCCC2)CC1 0.1900000 0.1900 0.2776029 0.2776 0.0000000 0.0000 1.0000000 1.0000 0.7467749 0.7468 1.0000000 1.0000 1.0000000 406.4900 0.5258822 2.1251 1.0000000 1.0000 1.0 0.39230090491866065 []
 | 25.8335 31.1145 43.1052 0.5798412 COc1cccc(NC(=O)c2ccc(NC(=O)COC(=O)c3ccc(N(C)C)cc3)cc2)c1 1 CC(CCC(C)C1CCCCC1)CC1CCC(C(C)CC2CCCCC2)CC1 0.2250000 0.2250 0.2918070 0.2918 0.6666667 0.6667 1.0000000 1.0000 0.7886299 0.7886 1.0000000 1.0000 1.0000000 447.4910 0.5208214 1.9048 1.0000000 1.0000 0.33333333333333337 0.41758232721225164 []
 | 23.6222 26.1129 33.9444 0.4691981 Nc1cccc(C=O)c1Sc1ncns1 1 C1CCC(CC2CCCC2)CC1 0.1600000 0.1600 0.1690308 0.1690 0.3333333 0.3333 1.0000000 1.0000 0.8332690 0.8333 1.0000000 1.0000 1.0000000 237.3090 0.5517481 3.2555 1.0000000 1.0000 0.6666666666666667 0.36660605559646714 []
 | 26.2784 34.2310 -34.2310 0.0000000 CN(C)CCNC(=O)CCNc1ccccc1C(=O)Cc1ccccc1 1 CC(CC1CCCCC1)C1CCCCC1 0.2400000 0.2400 0.2823725 0.2824 0.3333333 0.3333 1.0000000 1.0000 0.7209595 0.7210 1.0000000 1.0000 1.0000000 353.4660 0.5227145 1.9872 1.0000000 1.0000 0.6666666666666667 0.4270831300812524 []
 | 23.6284 31.0552 44.4043 0.5895269 Cc1ccc(C(=O)OCCCc2ccccc2)cc1NC(=O)c1ccccc1C 1 CC(CC1CCCC(C(C)CCCCC2CCCCC2)C1)C1CCCCC1 0.2550000 0.2550 0.3151110 0.3151 0.6666667 0.6667 1.0000000 1.0000 0.6848890 0.6849 1.0000000 1.0000 1.0000000 387.4790 0.5181112 1.7869 1.0000000 1.0000 0.33333333333333337 0.43586121644395015 []
 | 20.2969 29.2715 47.1782 0.5972636 CCOC(=O)c1cc(C(=O)Nc2nccs2)n(Cc2ccccc2)n1 1 CC(CC1CCCC1)C1CCCC1CC1CCCCC1 0.2700000 0.2700 0.3222865 0.3223 0.6666667 0.6667 1.0000000 1.0000 0.6777135 0.6777 1.0000000 1.0000 1.0000000 356.4070 0.5279202 2.2138 1.0000000 1.0000 0.33333333333333337 0.4439594576084623 []
 | 37.6528 37.1081 -30.2648 0.0534631 CCCCCCCCC1=C(OCc2ccccc2)C(=O)C(CCC)=C1CCC 1 CC1CCCC1CCC1CCCCC1 0.2050000 0.2050 0.4945502 0.4946 0.0000000 0.0000 1.0000000 1.0000 0.5342029 0.5342 1.0000000 1.0000 1.0000000 382.5880 0.5359890 2.5657 1.0000000 1.0000 1.0 0.40370162248868907 []
 | 25.7568 32.2497 43.9520 0.5953253 Cc1cccc(C(=O)Nc2ccc(NC(=O)COc3ccccc3)cc2)c1Br 1 CC(CCC1CCCCC1)CC1CCC(CC(C)C2CCCCC2)CC1 0.2750000 0.2750 0.3044078 0.3044 0.6666667 0.6667 1.0000000 1.0000 0.6955922 0.6956 1.0000000 1.0000 1.0000000 439.3090 0.5197304 1.8573 1.0000000 1.0000 0.33333333333333337 0.44651427748729383 []
 | 33.8090 41.3474 -11.7592 0.2311571 N#Cc1cccc(NC(=O)C2(NCc3ccc(Cl)cc3)CCCS(=O)(=O)N2)c1 1 CC(CC1CCCCC1)C1(CCC2CCCCC2)CCCC(C)(C)C1 0.2650000 0.2650 0.2261919 0.2262 0.6666667 0.6667 1.0000000 1.0000 0.8104738 0.8105 0.0000000 0.0000 1.0000000 418.9060 0.5552537 3.4095 1.0000000 1.0000 0.33333333333333337 0.4413332074521472 []
21:03:28 <INFO> Score: 0.42 Agent NLL: 29.07 Valid:  98% Step: 68
 | Agent Prior Target Score SMILES SMILES_state Scaffold predicted_activity predicted_activity (raw) training_similarity training_similarity (raw) taf_consistency taf_consistency (raw) scaffold_novelty scaffold_novelty (raw) novelty novelty (raw) stereo_validity stereo_validity (raw) MW_window MW_window (raw) synthetic_feasibility synthetic_feasibility (raw) curated alerts filter curated alerts filter (raw) taf_disrupted (predicted_activity) uncertainty (predicted_activity) matchting_patterns (curated alerts filter)
 | 61.0957 57.7125 -51.9468 0.0450444 C=C(C)[C@H]1CC[C@]2(C(=O)O)C3(C)CCC[C@H]4[C@@H]3OC[C@@]42[C@@H]1C 1 C1CCC23CCC4C(CCCC42)C3C1 0.1050000 0.1050 0.2825290 0.2825 0.0000000 0.0000 1.0000000 1.0000 0.7247591 0.7248 0.8571429 0.8571 1.0000000 304.4300 0.4870148 6.5641 1.0000000 1.0000 1.0 0.3065534211193866 []
 | 25.8099 27.4540 -1.0035 0.2066443 c1ccc(SCCCN2CCC3CNCC32)cc1 1 C1CCC(CCCCC2CCC3CCCC23)CC1 0.2350000 0.2350 0.2400213 0.2400 0.3333333 0.3333 1.0000000 1.0000 0.7599787 0.7600 0.0000000 0.0000 1.0000000 262.4220 0.5477449 3.0799 1.0000000 1.0000 0.6666666666666667 0.4239988207530771 []
 | 27.6673 30.3906 38.2068 0.5359169 FC(F)(F)c1cc(Cl)ccc1Nc1cc(Nc2ccccc2Br)ncn1 1 C1CCC(CC2CCCC(CC3CCCCC3)C2)CC1 0.2200000 0.2200 0.1559626 0.1560 0.6666667 0.6667 1.0000000 1.0000 0.8440374 0.8440 1.0000000 1.0000 1.0000000 443.6540 0.5316224 2.3752 1.0000000 1.0000 0.33333333333333337 0.41424630354415964 []
 | 24.5255 34.5678 40.9792 0.5902114 N#Cc1ccccc1NC(=O)c1ccc(CNCC=Cc2ccccc2)cc1 1 CC(CC1CCCCC1)C1CCC(CCCCCC2CCCCC2)CC1 0.2800000 0.2800 0.2666324 0.2666 0.6666667 0.6667 1.0000000 1.0000 0.7333676 0.7334 1.0000000 1.0000 1.0000000 367.4520 0.5244140 2.0611 1.0000000 1.0000 0.33333333333333337 0.44899888641287294 []
 | 30.9786 35.8724 29.3399 0.5094705 CN(CCc1ccccn1)CC(=O)Nc1ccc(Nc2ccccc2F)nc1 1 CC(CCCCC1CCCCC1)CC1CCC(CC2CCCCC2)CC1 0.2150000 0.2150 0.2304202 0.2304 0.3333333 0.3333 1.0000000 1.0000 0.7967626 0.7968 1.0000000 1.0000 1.0000000 379.4390 0.5276158 2.2006 1.0000000 1.0000 0.6666666666666667 0.41082234603292944 []
 | 23.2754 28.0686 40.9464 0.5391794 Cc1ccc(CNC(=O)c2cc(NCc3cccc(C)c3)ncn2)cc1 1 CC(CCC1CCCCC1)C1CCCC(CCC2CCCCC2)C1 0.2800000 0.2800 0.2726249 0.2726 0.3333333 0.3333 1.0000000 1.0000 0.7273751 0.7274 1.0000000 1.0000 1.0000000 346.4340 0.5234353 2.0185 1.0000000 1.0000 0.6666666666666667 0.44899888641287294 []
 | 28.5112 31.6556 44.2629 0.5931133 N#Cc1ccccc1NC(=O)COC(=O)C1(c2ccc([N+](=O)[O-])cc2)CC1 1 CC(CCC(C)C1(C2CCCCC2)CC1)CC1CCCCC1 0.2050000 0.2050 0.2587987 0.2588 1.0000000 1.0000 1.0000000 1.0000 0.7791370 0.7791 1.0000000 1.0000 1.0000000 365.3450 0.5290152 2.2615 1.0000000 1.0000 0.0 0.403701622488689 []
 | 27.1644 30.6781 -30.6781 0.0000000 CCCNc1ncccc1C(=O)OCC(=O)NC(=O)OCC 1 C1CCCCC1 0.1900000 0.1900 0.2825290 0.2825 0.6666667 0.6667 1.0000000 1.0000 0.7334991 0.7335 1.0000000 1.0000 1.0000000 309.3220 0.5262351 2.1404 1.0000000 1.0000 0.33333333333333337 0.39230090491866065 []
 | 25.8293 27.7129 -27.7129 0.0000000 CNc1ccc(C(=O)Nc2ccc(Br)cc2C)c(Cl)c1 1 CC(CC1CCCCC1)C1CCCCC1 0.2300000 0.2300 0.1784103 0.1784 0.6666667 0.6667 1.0000000 1.0000 0.8420506 0.8421 1.0000000 1.0000 1.0000000 353.6470 0.5193584 1.8411 1.0000000 1.0000 0.33333333333333337 0.4208325082500163 []
 | 25.4101 28.9499 37.0780 0.5158427 Cc1ccc(S(=O)(=O)NCCNC(=O)c2c(Cl)cnn2C)cc1 1 CC(CCCCC(C)(C)C1CCCCC1)C1CCCC1 0.2500000 0.2500 0.2038589 0.2039 0.3333333 0.3333 1.0000000 1.0000 0.8265114 0.8265 1.0000000 1.0000 1.0000000 356.8350 0.5273456 2.1888 1.0000000 1.0000 0.6666666666666667 0.4330127018922193 []
21:03:29 <INFO> Sampled SMILES O=[N+](c1c(cccc1N1CCC[C@H](C1)C(Nc1cccc2ccccc12)=O)C(=O)c1ccccc1)=O failed to sanitize.
21:03:32 <INFO> Score: 0.45 Agent NLL: 28.50 Valid:  98% Step: 69
 | Agent Prior Target Score SMILES SMILES_state Scaffold predicted_activity predicted_activity (raw) training_similarity training_similarity (raw) taf_consistency taf_consistency (raw) scaffold_novelty scaffold_novelty (raw) novelty novelty (raw) stereo_validity stereo_validity (raw) MW_window MW_window (raw) synthetic_feasibility synthetic_feasibility (raw) curated alerts filter curated alerts filter (raw) taf_disrupted (predicted_activity) uncertainty (predicted_activity) matchting_patterns (curated alerts filter)
 | 23.6768 27.5073 38.6231 0.5166437 CCOc1ccc(NS(=O)(=O)c2ccc(OCC(=O)NCc3ccccc3Cl)cc2)cc1 1 CC(CCC1CCCCC1)CCC1CCC(C(C)(C)CC2CCCCC2)CC1 0.2150000 0.2150 0.2656199 0.2656 0.3333333 0.3333 1.0000000 1.0000 0.7651443 0.7651 1.0000000 1.0000 1.0000000 474.9660 0.5217980 1.9473 1.0000000 1.0000 0.6666666666666667 0.41082234603292944 []
 | 30.1126 29.5828 36.9663 0.5199146 CC(C)c1ccc(CCNCc2ccccc2S(N)(=O)=O)cc1 1 C1CCC(CCCCC2CCCCC2)CC1 0.2300000 0.2300 0.2632491 0.2632 0.3333333 0.3333 1.0000000 1.0000 0.7367509 0.7368 1.0000000 1.0000 1.0000000 332.4690 0.5220971 1.9603 1.0000000 1.0000 0.6666666666666667 0.4208325082500163 []
 | 27.9307 33.4411 38.5998 0.5628193 CCOC(=O)c1cc(C(N)=O)sc1NC(=O)Nc1ccccc1C 1 CC(CC1CCCCC1)CC1CCCC1 0.2300000 0.2300 0.2273315 0.2273 0.6666667 0.6667 1.0000000 1.0000 0.7794356 0.7794 1.0000000 1.0000 1.0000000 347.3960 0.5271413 2.1799 1.0000000 1.0000 0.33333333333333337 0.4208325082500163 []
 | 29.3312 40.9782 32.6618 0.5753126 CCc1nn(C)c(NC(=O)[C@H](C)Nc2ccccc2C#N)c1F 1 CC(CCC1CCCCC1)CC1CCCC1 0.2650000 0.2650 0.2173254 0.2173 0.6666667 0.6667 1.0000000 1.0000 0.7886299 0.7886 1.0000000 1.0000 1.0000000 315.3520 0.5476161 3.0742 1.0000000 1.0000 0.33333333333333337 0.4413332074521472 []
 | 32.0108 38.6053 27.4734 0.5162402 Cc1cc(Cl)n(CCCNC(=O)NCc2ccccc2CN2CCCCCC2)n1 1 CC(CCCCC1CCCC1)CCC1CCCCC1CC1CCCCCC1 0.2300000 0.2300 0.2326252 0.2326 0.3333333 0.3333 1.0000000 1.0000 0.7974521 0.7975 1.0000000 1.0000 1.0000000 417.9850 0.5314513 2.3677 1.0000000 1.0000 0.6666666666666667 0.4208325082500163 []
 | 28.5518 36.2321 33.1008 0.5416636 Cc1ccccc1C(=O)NCc1nnnn1-c1ccc(CSc2ccccc2)cc1 1 CC(CCC1CCCC1C1CCC(CCC2CCCCC2)CC1)C1CCCCC1 0.2850000 0.2850 0.2762456 0.2762 0.3333333 0.3333 1.0000000 1.0000 0.7237544 0.7238 1.0000000 1.0000 1.0000000 415.5220 0.5258694 2.1245 1.0000000 1.0000 0.6666666666666667 0.4514144437210666 []
 | 27.7194 36.9788 36.3260 0.5726942 Cc1ccc(CN=C(N)NC(=O)COc2ccccc2C#N)cc1Cl 1 CC(CCCCC1CCCCC1)CCC1CCCCC1 0.2250000 0.2250 0.2723148 0.2723 0.6666667 0.6667 1.0000000 1.0000 0.7515987 0.7516 1.0000000 1.0000 1.0000000 356.8130 0.5310773 2.3514 1.0000000 1.0000 0.33333333333333337 0.41758232721225164 []
 | 30.2696 31.2938 45.8424 0.6026270 Cc1cc(C(=O)O[C@H](C)C(=O)Nc2cccc(C#N)c2)c2c(C)noc2n1 1 CC(CCC(C)C1CCCC2CCCC21)CC1CCCCC1 0.2450000 0.2450 0.2253524 0.2254 1.0000000 1.0000 1.0000000 1.0000 0.8004920 0.8005 1.0000000 1.0000 1.0000000 364.3610 0.5415561 2.8089 1.0000000 1.0000 0.0 0.4300872004605578 []
 | 30.8174 31.2325 -24.8902 0.0495488 O=[N+]([O-])c1ccc(S(=O)(=O)N2CCN(S(=O)(=O)c3cccnc3)CC2)c(Cl)c1 1 CC(C)(C1CCCCC1)C1CCC(C(C)(C)C2CCCCC2)CC1 0.2000000 0.2000 0.2132007 0.2132 0.0000000 0.0000 1.0000000 1.0000 0.8073314 0.8073 1.0000000 1.0000 1.0000000 446.8940 0.5294348 2.2798 1.0000000 1.0000 1.0 0.4000000000000001 []
 | 30.1137 38.0809 29.0494 0.5244549 COc1ccccc1C(=O)Nc1ccccc1NS(=O)(=O)c1ccc(NC(=O)COc2ccccc2)cc1 1 CC(CCC1CCCCC1)CC1CCC(C(C)(C)CC2CCCCC2CC(C)C2CCCCC2)CC1 0.2300000 0.2300 0.2832644 0.2833 0.3333333 0.3333 1.0000000 1.0000 0.7264236 0.7264 1.0000000 1.0000 1.0000000 531.5900 0.5242051 2.0520 1.0000000 1.0000 0.6666666666666667 0.4208325082500163 []
21:03:36 <INFO> Score: 0.47 Agent NLL: 28.96 Valid: 100% Step: 70
 | Agent Prior Target Score SMILES SMILES_state Scaffold predicted_activity predicted_activity (raw) training_similarity training_similarity (raw) taf_consistency taf_consistency (raw) scaffold_novelty scaffold_novelty (raw) novelty novelty (raw) stereo_validity stereo_validity (raw) MW_window MW_window (raw) synthetic_feasibility synthetic_feasibility (raw) curated alerts filter curated alerts filter (raw) taf_disrupted (predicted_activity) uncertainty (predicted_activity) matchting_patterns (curated alerts filter)
 | 24.2402 31.4360 37.7255 0.5403243 Cc1ccc(Nc2cc(Nc3ccc(NC(=O)CCc4ccccc4)cc3)ncn2)cc1C 1 CC(CCC1CCCCC1)CC1CCC(CC2CCCC(CC3CCCCC3)C2)CC1 0.2700000 0.2700 0.2955309 0.2955 0.3333333 0.3333 1.0000000 1.0000 0.7059142 0.7059 1.0000000 1.0000 1.0000000 437.5470 0.5260819 2.1338 1.0000000 1.0000 0.6666666666666667 0.4439594576084623 []
 | 26.4420 32.7476 37.0094 0.5449768 C[C@@H](Oc1ccc(Br)cc1)C(=O)Nc1ccc([C@H](C)N2CCNCC2)cc1 1 CC(CCC1CCCCC1)CC1CCC(CC2CCCCC2)CC1 0.2000000 0.2000 0.1993779 0.1994 0.6666667 0.6667 1.0000000 1.0000 0.8303248 0.8303 1.0000000 1.0000 1.0000000 432.3620 0.5415533 2.8088 1.0000000 1.0000 0.33333333333333337 0.4000000000000001 []
 | 29.6885 25.9099 1.4024 0.2133771 CC(C)CC(=O)N1CCNCC1c1ccccc1Cl 1 C1CCC(C2CCCCC2)CC1 0.2550000 0.2550 0.2823725 0.2824 0.3333333 0.3333 1.0000000 1.0000 0.7463269 0.7463 0.0000000 0.0000 1.0000000 280.7990 0.5385884 2.6792 1.0000000 1.0000 0.6666666666666667 0.43586121644395015 []
 | 28.9144 40.2455 32.6407 0.5694235 O=C(NCc1ccccc1CN1CCCCCC1)c1cccn1Cc1cccc(Br)c1F 1 CC(CCC1CCCCC1CC1CCCCCC1)C1CCCC1CC1CCCCC1 0.2600000 0.2600 0.2092457 0.2092 0.6666667 0.6667 1.0000000 1.0000 0.7907543 0.7908 1.0000000 1.0000 1.0000000 498.4400 0.5325053 2.4137 1.0000000 1.0000 0.33333333333333337 0.4386342439892262 []
 | 42.4888 42.5221 -36.3965 0.0478562 COc1nnc(-c2ncccc2Oc2cc([N+](=O)[O-])ccc2F)s1 1 C1CCC(CC2CCCCC2C2CCCC2)CC1 0.1400000 0.1400 0.2500000 0.2500 0.0000000 0.0000 1.0000000 1.0000 0.8233096 0.8233 1.0000000 1.0000 1.0000000 348.3150 0.5390457 2.6992 1.0000000 1.0000 1.0 0.34698703145794946 []
 | 26.8561 30.9412 36.5857 0.5275534 COc1ccc(C)c(NC(=O)COC(=O)c2ccc3nccnc3c2)c1 1 CC(CCC(C)C1CCC2CCCCC2C1)CC1CCCCC1 0.1450000 0.1450 0.2437780 0.2438 0.6666667 0.6667 1.0000000 1.0000 0.8081596 0.8082 1.0000000 1.0000 1.0000000 351.3620 0.5224199 1.9743 1.0000000 1.0000 0.33333333333333337 0.352100837829165 []
 | 28.5716 30.0958 45.7178 0.5922939 Cc1ccc(CCNC(=O)CSc2nc3ccccc3c(=O)n2-c2ccc(Br)cc2)cc1 1 CC(CCCC1CCCCC1)CCC1CC2CCCCC2C(C)C1C1CCCCC1 0.2750000 0.2750 0.2855936 0.2856 0.6666667 0.6667 1.0000000 1.0000 0.7144064 0.7144 1.0000000 1.0000 1.0000000 508.4410 0.5243199 2.0570 1.0000000 1.0000 0.33333333333333337 0.44651427748729383 []
 | 23.4056 27.9723 40.3089 0.5334472 CC(C)c1ccccc1NC(=O)c1cc(C(=O)Nc2ccc(F)c(F)c2)ccn1 1 CC(CC1CCCCC1)C1CCCC(C(C)CC2CCCCC2)C1 0.2850000 0.2850 0.2372895 0.2373 0.3333333 0.3333 1.0000000 1.0000 0.7627105 0.7627 1.0000000 1.0000 1.0000000 395.4090 0.5242329 2.0532 1.0000000 1.0000 0.6666666666666667 0.4514144437210666 []
 | 25.8183 33.7041 31.7141 0.5110794 Cc1ccccc1CNC(=O)/C=C\C(=O)Nc1ccccc1Oc1ccccc1 1 CC(CCC(C)CC1CCCCC1CC1CCCCC1)CCC1CCCCC1 0.2100000 0.2100 0.2558140 0.2558 0.3333333 0.3333 1.0000000 1.0000 0.7492939 0.7493 1.0000000 1.0000 1.0000000 386.4510 0.5230633 2.0023 1.0000000 1.0000 0.6666666666666667 0.4073082370883261 []
 | 22.4586 27.1284 -27.1284 0.0000000 CCCNc1ncc(S(=O)(=O)Nc2ccc(CC#N)cc2)cn1 1 CC(C)(CC1CCCCC1)C1CCCCC1 0.1900000 0.1900 0.2223748 0.2224 0.6666667 0.6667 1.0000000 1.0000 0.7970615 0.7971 1.0000000 1.0000 1.0000000 331.4010 0.5299985 2.3044 1.0000000 1.0000 0.33333333333333337 0.39230090491866065 []
21:03:40 <INFO> Score: 0.43 Agent NLL: 28.02 Valid: 100% Step: 71
 | Agent Prior Target Score SMILES SMILES_state Scaffold predicted_activity predicted_activity (raw) training_similarity training_similarity (raw) taf_consistency taf_consistency (raw) scaffold_novelty scaffold_novelty (raw) novelty novelty (raw) stereo_validity stereo_validity (raw) MW_window MW_window (raw) synthetic_feasibility synthetic_feasibility (raw) curated alerts filter curated alerts filter (raw) taf_disrupted (predicted_activity) uncertainty (predicted_activity) matchting_patterns (curated alerts filter)
 | 33.0960 36.9999 29.4094 0.5188232 CC(=O)N(CC(=O)N1CCC[C@@H](C(=O)NCc2ccco2)C1)Cc1cccs1 1 CC(CCCC1CCCC1)C1CCCC(C(C)CCC2CCCC2)C1 0.2100000 0.2100 0.2779507 0.2780 0.3333333 0.3333 1.0000000 1.0000 0.7560149 0.7560 1.0000000 1.0000 1.0000000 403.5040 0.5427542 2.8613 1.0000000 1.0000 0.6666666666666667 0.4073082370883261 []
 | 30.0549 35.4029 30.9056 0.5180357 O=C(COc1ccccc1)Nc1ccccc1NC(=O)[C@H]1CC(=O)N(CC2CC2)C1 1 CC(CCC1CCCCC1)CC1CCCCC1CC(C)C1CC(C)C(CC2CC2)C1 0.2000000 0.2000 0.3139144 0.3139 0.3333333 0.3333 1.0000000 1.0000 0.6946876 0.6947 1.0000000 1.0000 1.0000000 407.4700 0.5353095 2.5360 1.0000000 1.0000 0.6666666666666667 0.4 []
 | 28.0688 29.8728 38.3426 0.5329327 Cn1cc(C(=O)N2CCC[C@H]2C(=O)Nc2ccc(Br)cc2)cn1 1 CC(CC1CCCCC1)C1CCCC1C(C)C1CCCC1 0.1900000 0.1900 0.1798775 0.1799 0.6666667 0.6667 1.0000000 1.0000 0.8384854 0.8385 1.0000000 1.0000 1.0000000 377.2420 0.5347487 2.5116 1.0000000 1.0000 0.33333333333333337 0.39230090491866065 []
 | 29.7061 31.6412 37.3181 0.5387440 Cc1ccc(C(=O)N[C@@H](C)c2nnc(SCC(=O)Nc3ccccc3C)o2)cc1 1 CC(CCC1CCC(CCC(C)C2CCCCC2)C1)CC1CCCCC1 0.2800000 0.2800 0.2626129 0.2626 0.3333333 0.3333 1.0000000 1.0000 0.7442552 0.7443 1.0000000 1.0000 1.0000000 410.4990 0.5354207 2.5409 1.0000000 1.0000 0.6666666666666667 0.44899888641287294 []
 | 44.0021 45.1345 22.5450 0.5287459 CC(=O)n1ccc2cc(C(=O)Nc3ccccc3B3OC(C)(C)C(C)(C)O3)ccc21 1 CC(CC1CCCCC1C1CCCC1)C1CCC2CCCC2C1 0.2350000 0.2350 0.2832116 0.2832 0.3333333 0.3333 1.0000000 1.0000 0.7391797 0.7392 1.0000000 1.0000 1.0000000 404.2750 0.5424314 2.8472 1.0000000 1.0000 0.6666666666666667 0.4239988207530771 []
 | 36.7436 42.5446 -36.0439 0.0507871 O=C(Cc1cccc(F)c1)c1ccccc1SCC(=O)N1CCN(Cc2ccccc2F)CC1 1 CC(CCC1CCCCC1C(C)CC1CCCCC1)C1CCC(CC2CCCCC2)CC1 0.2250000 0.2250 0.2282767 0.2283 0.0000000 0.0000 1.0000000 1.0000 0.7762813 0.7763 1.0000000 1.0000 1.0000000 480.5800 0.5285829 2.2427 1.0000000 1.0000 1.0 0.4175823272122517 []
 | 28.0307 31.1583 41.5651 0.5681514 COC(=O)c1cccc(NC(=O)c2ccc3nnc(-c4ccccc4)n3n2)c1 1 CC(CC1CCCCC1)C1CCC2CCC(C3CCCCC3)C2C1 0.2350000 0.2350 0.2421240 0.2421 0.6666667 0.6667 1.0000000 1.0000 0.7627105 0.7627 1.0000000 1.0000 1.0000000 373.3720 0.5246712 2.0723 1.0000000 1.0000 0.33333333333333337 0.4239988207530771 []
 | 23.3461 31.5761 35.3926 0.5231923 C[C@H](NCc1ccc(CN2CCCCC2)cc1)C(=O)Nc1ccccc1F 1 CC(CCCC1CCC(CC2CCCCC2)CC1)CC1CCCCC1 0.2450000 0.2450 0.2473316 0.2473 0.3333333 0.3333 1.0000000 1.0000 0.7576069 0.7576 1.0000000 1.0000 1.0000000 369.4840 0.5301731 2.3120 1.0000000 1.0000 0.6666666666666667 0.4300872004605578 []
 | 34.6438 37.0202 25.6676 0.4897482 Cc1cc(N)nc(CO[C@H](C)c2c(C)noc2C)n1 1 C1CCC(CCCC2CCCC2)CC1 0.1750000 0.1750 0.2165328 0.2165 0.3333333 0.3333 1.0000000 1.0000 0.7894007 0.7894 1.0000000 1.0000 1.0000000 262.3130 0.5538571 3.3481 1.0000000 1.0000 0.6666666666666667 0.3799671038392666 []
 | 25.9529 35.9236 -35.9236 0.0000000 Cc1ccccc1OCCNc1nc(NN)nc(NCc2ccccc2)n1 1 C1CCC(CCCCC2CCCC(CCC3CCCCC3)C2)CC1 0.0000000 0.0000 0.0000000 0.0000 0.0000000 0.0000 0.0000000 0.0000 0.0000000 0.0000 0.0000000 0.0000 0.0000000 0.0000 0.0000000 0.0000 0.0000000 0.0000 None None ['[#7;!n][#7;!n]']
21:03:44 <INFO> Score: 0.45 Agent NLL: 28.54 Valid: 100% Step: 72
 | Agent Prior Target Score SMILES SMILES_state Scaffold predicted_activity predicted_activity (raw) training_similarity training_similarity (raw) taf_consistency taf_consistency (raw) scaffold_novelty scaffold_novelty (raw) novelty novelty (raw) stereo_validity stereo_validity (raw) MW_window MW_window (raw) synthetic_feasibility synthetic_feasibility (raw) curated alerts filter curated alerts filter (raw) taf_disrupted (predicted_activity) uncertainty (predicted_activity) matchting_patterns (curated alerts filter)
 | 31.0864 39.0761 28.5386 0.5282399 O=C(NCCn1cc(-c2coc(-c3cccs3)n2)cn1)c1ccc(F)cc1 1 CC(CCCC1CCC(C2CCC(C3CCCC3)C2)C1)C1CCCCC1 0.3000000 0.3000 0.1967676 0.1968 0.3333333 0.3333 1.0000000 1.0000 0.8040234 0.8040 1.0000000 1.0000 1.0000000 382.4200 0.5326943 2.4219 1.0000000 1.0000 0.6666666666666667 0.45825756949558394 []
 | 29.5097 31.1594 38.5867 0.5448913 CCCCOc1ccc(NC(=O)c2ccc(NC(=O)c3ccco3)cc2)cc1C 1 CC(CC1CCC(C(C)CC2CCCCC2)CC1)C1CCCC1 0.2250000 0.2250 0.4147575 0.4148 0.3333333 0.3333 1.0000000 1.0000 0.6677947 0.6678 1.0000000 1.0000 1.0000000 392.4550 0.5208414 1.9057 1.0000000 1.0000 0.6666666666666667 0.41758232721225164 []
 | 29.2662 43.4314 24.6807 0.5321256 Nc1cnn(C(=O)c2cccs2)c1NC(=O)c1cnn(-c2ccccc2)n1 1 CC(CC1CCCC1C(C)C1CCCC1)C1CCC(C2CCCCC2)C1 0.2800000 0.2800 0.2324953 0.2325 0.3333333 0.3333 1.0000000 1.0000 0.7675047 0.7675 1.0000000 1.0000 1.0000000 379.4050 0.5406152 2.7678 1.0000000 1.0000 0.6666666666666667 0.44899888641287294 []
 | 25.3180 37.8405 30.9876 0.5377191 Cc1ccc(CSc2nnc(C(=O)NCc3ccccc3C)n2CCc2ccccc2)cc1 1 CC(CCC1CCCCC1)C1CCC(CCC2CCCCC2)C1CCC1CCCCC1 0.2750000 0.2750 0.2709832 0.2710 0.3333333 0.3333 1.0000000 1.0000 0.7290168 0.7290 1.0000000 1.0000 1.0000000 456.6150 0.5289341 2.2580 1.0000000 1.0000 0.6666666666666667 0.44651427748729383 []
 | 28.3459 34.1677 39.4782 0.5753587 Cc1ccc(S(=O)(=O)Nc2ccccc2)cc1NC(=O)CCCOc1ccc(C#N)cc1 1 CC(CCCCC1CCCCC1)CC1CCCC(C(C)(C)CC2CCCCC2)C1 0.2300000 0.2300 0.2760262 0.2760 0.6666667 0.6667 1.0000000 1.0000 0.7539095 0.7539 1.0000000 1.0000 1.0000000 449.5320 0.5239028 2.0389 1.0000000 1.0000 0.33333333333333337 0.4208325082500163 []
 | 33.3705 32.9661 -7.1233 0.2018964 CSCCC1Nc2ccc(F)cc2Oc2ccccc21 1 C1CCC2CC3CCCCC3CCC2C1 0.2050000 0.2050 0.2320059 0.2320 0.3333333 0.3333 1.0000000 1.0000 0.7946015 0.7946 0.0000000 0.0000 1.0000000 289.3750 0.5450706 2.9627 1.0000000 1.0000 0.6666666666666667 0.40370162248868907 []
 | 20.4701 25.3231 47.7433 0.5708315 COC(=O)c1ccccc1Nc1nnc(SCc2ccccc2)s1 1 C1CCC(CCC2CCC(CC3CCCCC3)C2)CC1 0.2150000 0.2150 0.2988703 0.2989 0.6666667 0.6667 1.0000000 1.0000 0.7025911 0.7026 1.0000000 1.0000 1.0000000 357.4600 0.5225754 1.9811 1.0000000 1.0000 0.33333333333333337 0.41082234603292944 []
 | 24.1759 26.1596 48.1227 0.5803309 COc1ccc(CC(=O)O[C@H](C)C(=O)N[C@H](C)c2ccccc2)cc1 1 CC(CCC(C)CC1CCCCC1)CCC1CCCCC1 0.2250000 0.2250 0.3190081 0.3190 0.6666667 0.6667 1.0000000 1.0000 0.6919023 0.6919 1.0000000 1.0000 1.0000000 341.4070 0.5337687 2.4688 1.0000000 1.0000 0.33333333333333337 0.41758232721225164 []
 | 23.2313 24.8814 36.7775 0.4817097 COc1ccc(NC(=O)C(=O)Nc2ccc(C)cc2C)cc1 1 CC(CC1CCCCC1)C(C)CC1CCCCC1 0.1400000 0.1400 0.2547719 0.2548 0.3333333 0.3333 1.0000000 1.0000 0.8308348 0.8308 1.0000000 1.0000 1.0000000 298.3420 0.5144022 1.6257 1.0000000 1.0000 0.6666666666666667 0.3469870314579494 []
 | 24.4570 31.1870 42.7535 0.5776602 N#Cc1ccccc1NC(=O)c1cncc(Nc2cccc([N+](=O)[O-])c2)c1 1 CC(CC1CCCCC1)C1CCCC(CC2CCCCC2)C1 0.2750000 0.2750 0.2135407 0.2135 0.6666667 0.6667 1.0000000 1.0000 0.8158363 0.8158 1.0000000 1.0000 1.0000000 359.3450 0.5272995 2.1868 1.0000000 1.0000 0.33333333333333337 0.4465142774872938 []
21:03:48 <INFO> Score: 0.48 Agent NLL: 29.04 Valid: 100% Step: 73
 | Agent Prior Target Score SMILES SMILES_state Scaffold predicted_activity predicted_activity (raw) training_similarity training_similarity (raw) taf_consistency taf_consistency (raw) scaffold_novelty scaffold_novelty (raw) novelty novelty (raw) stereo_validity stereo_validity (raw) MW_window MW_window (raw) synthetic_feasibility synthetic_feasibility (raw) curated alerts filter curated alerts filter (raw) taf_disrupted (predicted_activity) uncertainty (predicted_activity) matchting_patterns (curated alerts filter)
 | 23.0714 26.2740 42.8345 0.5399100 O=C(Nc1ncccn1)c1cc(-c2cccnc2)nc2ccccc12 1 CC(CC1CCCCC1)C1CC(C2CCCCC2)CC2CCCCC21 0.2700000 0.2700 0.2823725 0.2824 0.3333333 0.3333 1.0000000 1.0000 0.7463269 0.7463 1.0000000 1.0000 1.0000000 327.3470 0.5244356 2.0621 1.0000000 1.0000 0.6666666666666667 0.4439594576084622 []
 | 22.7292 33.0839 37.2125 0.5491904 O=C(NCc1nnc(Nc2ccccc2)o1)c1cc2ccccc2s1 1 CC(CCC1CCC(CC2CCCCC2)C1)C1CC2CCCCC2C1 0.3000000 0.3000 0.2908717 0.2909 0.3333333 0.3333 1.0000000 1.0000 0.7091283 0.7091 1.0000000 1.0000 1.0000000 350.4030 0.5284872 2.2385 1.0000000 1.0000 0.6666666666666667 0.458257569495584 []
 | 31.1149 39.5413 30.4524 0.5468260 COc1c(C)cc(CNC(=O)Cc2nnc(-c3cccs3)o2)cc1Br 1 CC(CCC1CCCCC1)CC1CCC(C2CCCC2)C1 0.1650000 0.1650 0.2754307 0.2754 0.6666667 0.6667 1.0000000 1.0000 0.7783244 0.7783 1.0000000 1.0000 1.0000000 422.3040 0.5340176 2.4797 1.0000000 1.0000 0.33333333333333337 0.37118054905934933 []
 | 31.2711 36.4167 31.1653 0.5279843 CS(=O)(=O)N1C[C@@H](NC(=O)Cc2ccc(Cl)cc2)C[C@H]1c1cccnc1 1 CC(CC1CCCCC1)CC1CCC(C2CCCCC2)C1 0.2100000 0.2100 0.3172162 0.3172 0.3333333 0.3333 1.0000000 1.0000 0.7492216 0.7492 1.0000000 1.0000 1.0000000 393.8960 0.5479071 3.0870 1.0000000 1.0000 0.6666666666666667 0.40730823708832603 []
 | 26.6339 36.1277 32.8124 0.5385949 O=C(Cc1ccccc1)NCc1ccccc1CNC(=S)Nc1cccc(Cl)c1 1 CC(CCC1CCCCC1CCC(C)CC1CCCCC1)CC1CCCCC1 0.2750000 0.2750 0.2790405 0.2790 0.3333333 0.3333 1.0000000 1.0000 0.7209595 0.7210 1.0000000 1.0000 1.0000000 423.9690 0.5215725 1.9375 1.0000000 1.0000 0.6666666666666667 0.44651427748729383 []
 | 33.1700 41.4472 32.0158 0.5739295 COC(=O)c1nn(-c2ccccc2)c2cc(NC(=O)c3ccccc3C)c3ccccc3c12 1 CC(CC1CC2C(C3CCCCC3)CCC2C2CCCCC12)C1CCCCC1 0.2400000 0.2400 0.2583413 0.2583 0.6666667 0.6667 1.0000000 1.0000 0.7416587 0.7417 1.0000000 1.0000 1.0000000 435.4830 0.5295064 2.2829 1.0000000 1.0000 0.33333333333333337 0.4270831300812525 []
 | 30.4900 32.3730 32.2276 0.5046925 Cc1cnc(-c2cccc(-c3ccccn3)c2N)cn1 1 C1CCC(C2CCCC(C3CCCCC3)C2)CC1 0.2050000 0.2050 0.2208630 0.2209 0.3333333 0.3333 1.0000000 1.0000 0.8256285 0.8256 1.0000000 1.0000 1.0000000 262.3160 0.5314596 2.3681 1.0000000 1.0000 0.6666666666666667 0.403701622488689 []
 | 36.9695 43.0970 24.7560 0.5301012 CCN(C)CCCNC(=O)c1cccc(-c2noc(CNC(=O)c3cccc([N+](=O)[O-])c3)n2)c1 1 CC(CCC1CCC(C2CCCCC2)C1)C1CCCCC1 0.2500000 0.2500 0.2618614 0.2619 0.3333333 0.3333 1.0000000 1.0000 0.7717823 0.7718 1.0000000 1.0000 1.0000000 466.4980 0.5319994 2.3916 1.0000000 1.0000 0.6666666666666667 0.4330127018922193 []
 | 26.9347 33.1040 34.2999 0.5265925 O=C1CN(Cc2ccc(NC(=O)c3sccc3-c3cccs3)cc2)CCN1 1 CC1CCCC(CC2CCC(CC(C)C3CCCC3C3CCCC3)CC2)C1 0.2700000 0.2700 0.2258194 0.2258 0.3333333 0.3333 1.0000000 1.0000 0.7741806 0.7742 1.0000000 1.0000 1.0000000 397.5250 0.5317819 2.3821 1.0000000 1.0000 0.6666666666666667 0.4439594576084623 []
 | 21.4539 29.8738 37.5316 0.5266048 CCOc1ccccc1Nc1cc(NCCC(=O)Nc2ccccc2)ncn1 1 CC(CCCC1CCCC(CC2CCCCC2)C1)CC1CCCCC1 0.2450000 0.2450 0.2669304 0.2669 0.3333333 0.3333 1.0000000 1.0000 0.7362194 0.7362 1.0000000 1.0000 1.0000000 377.4480 0.5250899 2.0906 1.0000000 1.0000 0.6666666666666667 0.4300872004605578 []
21:03:52 <INFO> Score: 0.48 Agent NLL: 27.96 Valid: 100% Step: 74
 | Agent Prior Target Score SMILES SMILES_state Scaffold predicted_activity predicted_activity (raw) training_similarity training_similarity (raw) taf_consistency taf_consistency (raw) scaffold_novelty scaffold_novelty (raw) novelty novelty (raw) stereo_validity stereo_validity (raw) MW_window MW_window (raw) synthetic_feasibility synthetic_feasibility (raw) curated alerts filter curated alerts filter (raw) taf_disrupted (predicted_activity) uncertainty (predicted_activity) matchting_patterns (curated alerts filter)
 | 18.2503 25.0957 48.3137 0.5735109 CCOC(=O)c1ccccc1Nc1nccc(NCc2ccccc2)n1 1 C1CCC(CCC2CCCC(CC3CCCCC3)C2)CC1 0.2050000 0.2050 0.3336630 0.3337 0.6666667 0.6667 1.0000000 1.0000 0.6882593 0.6883 1.0000000 1.0000 1.0000000 348.4060 0.5225681 1.9808 1.0000000 1.0000 0.33333333333333337 0.403701622488689 []
 | 33.4802 37.9337 26.6217 0.5043396 O=C1c2ccccc2CCN1[C@H]1CC[C@@H]1NS(=O)(=O)c1cccnc1 1 CC1C2CCCCC2CCC1C1CCC1CC(C)(C)C1CCCCC1 0.2000000 0.2000 0.2254174 0.2254 0.3333333 0.3333 1.0000000 1.0000 0.8101684 0.8102 1.0000000 1.0000 1.0000000 357.4350 0.5482026 3.0999 1.0000000 1.0000 0.6666666666666667 0.4000000000000001 []
 | 23.9993 28.5606 38.6214 0.5248599 O=C(Nc1ccc(-c2cnccn2)cc1)c1nccc2ccccc12 1 CC(CC1CCC(C2CCCCC2)CC1)C1CCCC2CCCCC21 0.2650000 0.2650 0.2283058 0.2283 0.3333333 0.3333 1.0000000 1.0000 0.7716942 0.7717 1.0000000 1.0000 1.0000000 326.3590 0.5234336 2.0185 1.0000000 1.0000 0.6666666666666667 0.4413332074521472 []
 | 23.6921 27.1847 43.0096 0.5483931 O=C(Cn1cc(-c2ccccc2)nn1)Nc1ccc(OCc2ccccc2)cc1 1 CC(CC1CCC(CCC2CCCCC2)CC1)CC1CCC(C2CCCCC2)C1 0.2600000 0.2600 0.3878289 0.3878 0.3333333 0.3333 1.0000000 1.0000 0.6121711 0.6122 1.0000000 1.0000 1.0000000 384.4390 0.5205705 1.8939 1.0000000 1.0000 0.6666666666666667 0.43863424398922624 []
 | 17.9263 24.1871 45.5014 0.5444413 O=C(Nc1ccccc1)Nc1ccc(SCc2ccccc2)cc1 1 CC(CC1CCCCC1)CC1CCC(CCC2CCCCC2)CC1 0.2700000 0.2700 0.3301651 0.3302 0.3333333 0.3333 1.0000000 1.0000 0.6698349 0.6698 1.0000000 1.0000 1.0000000 334.4440 0.5139823 1.6074 1.0000000 1.0000 0.6666666666666667 0.4439594576084623 []
 | 27.7953 32.7856 32.9992 0.5139434 CN=C(NCCCS(=O)(=O)NCc1ccco1)NCc1ccc(CN2CCCCCC2)cc1 1 CC(CCCCC(C)(C)CCC1CCCC1)CCC1CCC(CC2CCCCCC2)CC1 0.2300000 0.2300 0.2221882 0.2222 0.3333333 0.3333 1.0000000 1.0000 0.8040234 0.8040 1.0000000 1.0000 1.0000000 475.6590 0.5368415 2.6029 1.0000000 1.0000 0.6666666666666667 0.4208325082500163 []
 | 31.4713 35.6343 39.2601 0.5851123 O=C(Nc1nc(Cn2cnnn2)no1)c1cccc(Br)c1 1 CC(CC1CCC(CC2CCCC2)C1)C1CCCCC1 0.2900000 0.2900 0.2264554 0.2265 0.6666667 0.6667 1.0000000 1.0000 0.7735446 0.7735 1.0000000 1.0000 1.0000000 350.1360 0.5366191 2.5932 1.0000000 1.0000 0.33333333333333337 0.4537620521815371 []
 | 25.1665 34.5402 32.3150 0.5223058 CCc1cccc(C)c1NC(=O)CSc1nccc(COc2ccccc2)n1 1 CC(CCC1CCCC(CCC2CCCCC2)C1)CC1CCCCC1 0.2250000 0.2250 0.2815463 0.2815 0.3333333 0.3333 1.0000000 1.0000 0.7264236 0.7264 1.0000000 1.0000 1.0000000 393.5120 0.5265258 2.1531 1.0000000 1.0000 0.6666666666666667 0.41758232721225164 []
 | 24.3749 36.0571 33.5526 0.5438254 Cc1ccccc1NC(=O)c1ccccc1NCc1ccc(CNC(=O)c2ccccc2)cc1 1 CC(CCC1CCC(CCC2CCCCC2C(C)CC2CCCCC2)CC1)C1CCCCC1 0.2900000 0.2900 0.2824229 0.2824 0.3333333 0.3333 1.0000000 1.0000 0.7175771 0.7176 1.0000000 1.0000 1.0000000 449.5540 0.5195534 1.8496 1.0000000 1.0000 0.6666666666666667 0.4537620521815371 []
 | 23.8733 29.4628 44.7290 0.5796234 Cc1cc(N2C[C@@H](C(=O)Nc3ccccc3C(C)C)CC2=O)ccc1Br 1 CC(CC1CCCCC1)C1CC(C)C(C2CCCCC2)C1 0.2600000 0.2600 0.2471558 0.2472 0.6666667 0.6667 1.0000000 1.0000 0.7528442 0.7528 1.0000000 1.0000 1.0000000 415.3310 0.5354893 2.5439 1.0000000 1.0000 0.33333333333333337 0.4386342439892262 []
21:03:55 <INFO> Score: 0.40 Agent NLL: 28.60 Valid:  98% Step: 75
 | Agent Prior Target Score SMILES SMILES_state Scaffold predicted_activity predicted_activity (raw) training_similarity training_similarity (raw) taf_consistency taf_consistency (raw) scaffold_novelty scaffold_novelty (raw) novelty novelty (raw) stereo_validity stereo_validity (raw) MW_window MW_window (raw) synthetic_feasibility synthetic_feasibility (raw) curated alerts filter curated alerts filter (raw) taf_disrupted (predicted_activity) uncertainty (predicted_activity) matchting_patterns (curated alerts filter)
 | 19.8514 22.2023 -19.1184 0.0240932 O=C1NCCC1=Cc1ccccc1 1 CC1CCCC1CC1CCCCC1 0.2150000 0.2150 0.2811128 0.2811 0.3333333 0.3333 1.0000000 1.0000 0.7369616 0.7370 1.0000000 1.0000 0.0000000 173.2150 0.5273703 2.1899 1.0000000 1.0000 0.6666666666666667 0.41082234603292944 []
 | 26.9257 30.4390 42.4685 0.5695899 Cc1ccccc1NC(=O)[C@@H](C)OC(=O)Cc1cccc2ccccc12 1 CC(CCC(C)CC1CCCC2CCCCC21)CC1CCCCC1 0.2300000 0.2300 0.2558140 0.2558 0.6666667 0.6667 1.0000000 1.0000 0.7492939 0.7493 1.0000000 1.0000 1.0000000 347.4140 0.5281737 2.2249 1.0000000 1.0000 0.33333333333333337 0.4208325082500163 []
 | 24.1459 32.2844 40.3585 0.5675225 CCN1CCC(NC(=O)c2ccc(NCc3ccccc3C#N)cc2)CC1 1 CC(CC1CCCCC1)C1CCC(CCC2CCCCC2)CC1 0.2350000 0.2350 0.2390457 0.2390 0.6666667 0.6667 1.0000000 1.0000 0.7675047 0.7675 1.0000000 1.0000 1.0000000 362.4770 0.5244940 2.0646 1.0000000 1.0000 0.33333333333333337 0.4239988207530771 []
 | 38.0911 41.0301 -34.9396 0.0475823 COc1cccc([C@@H]2N3C=Cc4ccccc4[C@H]3[C@H](c3ccccc3)N2S(=O)(=O)c2ccc(C)cc2)c1 1 CC(C)(C1CCCCC1)C1C(C2CCCCC2)C2CCC3CCCCC3C2C1C1CCCCC1 0.1450000 0.1450 0.2355714 0.2356 0.0000000 0.0000 1.0000000 1.0000 0.7741806 0.7742 1.0000000 1.0000 1.0000000 508.6430 0.5553977 3.5842 1.0000000 1.0000 1.0 0.352100837829165 []
 | 26.6744 29.7303 -29.7303 0.0000000 N#Cc1ccc(OCC(=O)Nc2ccc(S(=O)(=O)NCCCO)cc2)cc1 1 CC(CCC1CCCCC1)CC1CCCCC1 0.2450000 0.2450 0.2492224 0.2492 0.6666667 0.6667 1.0000000 1.0000 0.7818462 0.7818 1.0000000 1.0000 1.0000000 389.4330 0.5231730 2.0071 1.0000000 1.0000 0.33333333333333337 0.4300872004605578 []
 | 27.2198 33.7233 33.9784 0.5289195 Cc1ccc(NS(=O)(=O)c2ccc(CNC(=O)c3ccccc3F)cc2)cc1F 1 CC(CCC1CCC(C(C)(C)CC2CCCCC2)CC1)C1CCCCC1 0.2700000 0.2700 0.2398006 0.2398 0.3333333 0.3333 1.0000000 1.0000 0.7601994 0.7602 1.0000000 1.0000 1.0000000 416.4490 0.5205570 1.8933 1.0000000 1.0000 0.6666666666666667 0.4439594576084622 []
 | 22.6923 26.7597 37.9891 0.5058497 CCOc1ccc2c(CNCc3ccco3)cc(=O)oc2c1 1 CC1CC2CCCCC2C(CCCC2CCCC2)C1 0.1750000 0.1750 0.2990669 0.2991 0.3333333 0.3333 1.0000000 1.0000 0.7393570 0.7394 1.0000000 1.0000 1.0000000 299.3260 0.5268916 2.1690 1.0000000 1.0000 0.6666666666666667 0.3799671038392666 []
 | 33.5652 38.5990 27.3794 0.5154561 Cn1ccc(C(=O)NCc2ccccc2N2CCc3ncsc3C2)n1 1 CC(CCC1CCCCC1C1CCC2CCCC2C1)C1CCCC1 0.2350000 0.2350 0.2261919 0.2262 0.3333333 0.3333 1.0000000 1.0000 0.7783244 0.7783 1.0000000 1.0000 1.0000000 353.4510 0.5382723 2.6654 1.0000000 1.0000 0.6666666666666667 0.4239988207530771 []
 | 31.0599 37.1539 23.2764 0.4721117 CNc1ccc2c(NCc3ccon3)nccc2c1F 1 C1CCC(CCC2CCCC3CCCCC32)C1 0.1650000 0.1650 0.1707317 0.1707 0.3333333 0.3333 1.0000000 1.0000 0.8459512 0.8460 1.0000000 1.0000 1.0000000 272.2830 0.5400658 2.7438 1.0000000 1.0000 0.6666666666666667 0.3711805490593494 []
 | 29.5390 34.5942 32.7056 0.5257797 O=C(C[C@@H]1CNC[C@H]1O)Nc1ccccc1N1C(=O)c2ccccc2C1=O 1 CC(CC1CCCC1)CC1CCCCC1C1C(C)C2CCCCC2C1C 0.2450000 0.2450 0.2528903 0.2529 0.3333333 0.3333 1.0000000 1.0000 0.7521592 0.7522 1.0000000 1.0000 1.0000000 365.3890 0.5475764 3.0725 1.0000000 1.0000 0.6666666666666667 0.4300872004605578 []
21:03:56 <INFO> Sampled SMILES O=c1c2cc(ccc2n(Cc2ccccc2)c1C(=O)Nc1ccc(C)cc1)NC(=O)c1ccccc1C failed to sanitize.
21:03:59 <INFO> Score: 0.44 Agent NLL: 27.89 Valid:  98% Step: 76
 | Agent Prior Target Score SMILES SMILES_state Scaffold predicted_activity predicted_activity (raw) training_similarity training_similarity (raw) taf_consistency taf_consistency (raw) scaffold_novelty scaffold_novelty (raw) novelty novelty (raw) stereo_validity stereo_validity (raw) MW_window MW_window (raw) synthetic_feasibility synthetic_feasibility (raw) curated alerts filter curated alerts filter (raw) taf_disrupted (predicted_activity) uncertainty (predicted_activity) matchting_patterns (curated alerts filter)
 | 21.9108 27.6460 -27.6460 0.0000000 CCNCc1cc(NCc2cnccn2)ccn1 1 C1CCC(CCC2CCCCC2)CC1 0.1700000 0.1700 0.1714285 0.1714 0.3333333 0.3333 1.0000000 1.0000 0.8505964 0.8506 1.0000000 1.0000 1.0000000 243.3140 0.5316554 2.3766 1.0000000 1.0000 0.6666666666666667 0.375632799419859 []
 | 23.4004 29.3665 37.2086 0.5201178 O=C(Nc1nc(-c2ccco2)cs1)c1ccc(NC(=O)c2cccs2)cc1 1 CC(CC1CCC(C(C)CC2CCC(C3CCCC3)C2)CC1)C1CCCC1 0.2800000 0.2800 0.1918404 0.1918 0.3333333 0.3333 1.0000000 1.0000 0.8081596 0.8082 1.0000000 1.0000 1.0000000 395.4650 0.5255305 2.1097 1.0000000 1.0000 0.6666666666666667 0.44899888641287294 []
 | 25.5540 31.5191 36.1547 0.5287017 O=C1NCCS[C@@H]1C(=O)Nc1ccc(SCc2cccnc2)cc1 1 CC1CCCCC1C(C)CC1CCC(CCC2CCCCC2)CC1 0.2350000 0.2350 0.2803652 0.2804 0.3333333 0.3333 1.0000000 1.0000 0.7442552 0.7443 1.0000000 1.0000 1.0000000 359.4760 0.5462125 3.0127 1.0000000 1.0000 0.6666666666666667 0.4239988207530771 []
 | 27.2046 32.8900 34.0067 0.5226304 Cc1ccccc1C(=O)N[C@H]1CN(C(=O)Nc2ccccc2)CC[C@@H]1C 1 CC(CC1CCCC(C(C)CC2CCCCC2)C1)C1CCCCC1 0.2400000 0.2400 0.2500646 0.2501 0.3333333 0.3333 1.0000000 1.0000 0.7549285 0.7549 1.0000000 1.0000 1.0000000 351.4500 0.5381923 2.6619 1.0000000 1.0000 0.6666666666666667 0.4270831300812525 []
 | 29.7842 43.6985 25.6468 0.5417596 O=C(Nc1ccccc1)[C@@H](Cc1ccccn1)NCc1nnn2ccccc12 1 CC(CC1CCCCC1)C(CCC1CCC2CCCCC21)CC1CCCCC1 0.2950000 0.2950 0.2532251 0.2532 0.3333333 0.3333 1.0000000 1.0000 0.7467749 0.7468 1.0000000 1.0000 1.0000000 372.4320 0.5444910 2.9373 1.0000000 1.0000 0.6666666666666667 0.4560427611529428 []
 | 29.1005 36.4327 34.0798 0.5508787 O=C(Nc1ccc(Nc2ccc(NC(=O)c3ccco3)cn2)cc1)c1ccc2ccccc2c1 1 CC(CC1CCC(CC2CCC(CC(C)C3CCC4CCCCC4C3)CC2)CC1)C1CCCC1 0.3100000 0.3100 0.2847474 0.2847 0.3333333 0.3333 1.0000000 1.0000 0.7152526 0.7153 1.0000000 1.0000 1.0000000 448.4820 0.5258428 2.1233 1.0000000 1.0000 0.6666666666666667 0.46249324319388707 []
 | 21.7728 26.6426 42.3782 0.5392256 Cc1cccc(C(=O)Nc2ccccc2C(=O)Nc2ccccc2)c1C 1 CC(CC1CCCCC1C(C)CC1CCCCC1)C1CCCCC1 0.2750000 0.2750 0.2861819 0.2862 0.3333333 0.3333 1.0000000 1.0000 0.7138181 0.7138 1.0000000 1.0000 1.0000000 344.4140 0.5140935 1.6122 1.0000000 1.0000 0.6666666666666667 0.4465142774872939 []
 | 21.1421 26.2705 45.3774 0.5597493 O=C(Nc1ccccc1Cc1ccccc1)c1ccccc1Oc1ccccc1 1 CC(CC1CCCCC1CC1CCCCC1)C1CCCCC1CC1CCCCC1 0.3000000 0.3000 0.3733665 0.3734 0.3333333 0.3333 1.0000000 1.0000 0.6266335 0.6266 1.0000000 1.0000 1.0000000 379.4590 0.5167038 1.7257 1.0000000 1.0000 0.6666666666666667 0.45825756949558394 []
 | 28.2234 33.9891 42.0144 0.5937774 O=C(CNC(=O)c1ccc(Br)o1)Nc1ccccc1N1CCN(C(=O)C2CC2)CC1 1 CC(CCC(C)C1CCCC1)CC1CCCCC1C1CCC(C(C)C2CC2)CC1 0.2850000 0.2850 0.2735764 0.2736 0.6666667 0.6667 1.0000000 1.0000 0.7264236 0.7264 1.0000000 1.0000 1.0000000 475.3430 0.5281854 2.2254 1.0000000 1.0000 0.33333333333333337 0.4514144437210666 []
 | 24.7122 28.8970 41.9391 0.5534073 CCNC(=NCc1ccccc1OCc1ccccc1)NCCC(=O)NCc1ccccc1 1 CC(CCCCCCC1CCCCC1CCC1CCCCC1)CCC1CCCCC1 0.2750000 0.2750 0.3796632 0.3797 0.3333333 0.3333 1.0000000 1.0000 0.6203368 0.6203 1.0000000 1.0000 1.0000000 444.5790 0.5285389 2.2408 1.0000000 1.0000 0.6666666666666667 0.44651427748729383 []
21:03:59 <INFO> Sampled SMILES n1n2ccn(c(c2c1)=O)CCNC(c1c(cccc1)NC(=O)c1ccccc1Cl)=O failed to sanitize.
21:04:03 <INFO> Score: 0.48 Agent NLL: 28.84 Valid:  98% Step: 77
 | Agent Prior Target Score SMILES SMILES_state Scaffold predicted_activity predicted_activity (raw) training_similarity training_similarity (raw) taf_consistency taf_consistency (raw) scaffold_novelty scaffold_novelty (raw) novelty novelty (raw) stereo_validity stereo_validity (raw) MW_window MW_window (raw) synthetic_feasibility synthetic_feasibility (raw) curated alerts filter curated alerts filter (raw) taf_disrupted (predicted_activity) uncertainty (predicted_activity) matchting_patterns (curated alerts filter)
 | 35.2987 41.0075 31.4077 0.5657435 CCOc1ccc(C(=O)OCC(=O)NCC2=C[C@@H]3CC[C@@H](C2)C3)cc1Br 1 CC(CCC1CC2CCC(C1)C2)CCC(C)C1CCCCC1 0.1550000 0.1550 0.2504351 0.2504 1.0000000 1.0000 1.0000000 1.0000 0.7873950 0.7874 1.0000000 1.0000 1.0000000 422.3190 0.5462964 3.9836 1.0000000 1.0000 0.0 0.36190468358395134 []
 | 38.0235 49.0072 25.8037 0.5844600 CO[C@]1(CN2C(=O)CNC2=O)COCCN(C(=O)Nc2cccc(C#N)c2)C1=O 1 CC1CCC(C)C1CC1CCCCC(C(C)CC2CCCCC2)C1C 0.2300000 0.2300 0.3026138 0.3026 0.6666667 0.6667 1.0000000 1.0000 0.7442114 0.7442 1.0000000 1.0000 1.0000000 401.3790 0.5544856 3.6243 1.0000000 1.0000 0.33333333333333337 0.4208325082500163 []
 | 24.7540 33.5153 41.5723 0.5866212 O=C(N[C@@H](C(=O)Nc1ccccc1OCc1ccccc1)c1ccccc1)c1ccccc1Cl 1 CC(CC(C(C)CC1CCCCC1CCC1CCCCC1)C1CCCCC1)C1CCCCC1 0.3700000 0.3700 0.4316410 0.4316 0.3333333 0.3333 1.0000000 1.0000 0.5683590 0.5684 1.0000000 1.0000 1.0000000 470.9560 0.5315453 2.3718 1.0000000 1.0000 0.6666666666666667 0.4828043081829324 []
 | 25.7625 31.5490 38.8504 0.5499959 O=C(Nc1nccs1)[C@H]1SC(=O)N(CCc2ccccc2)C1=O 1 CC1CC(C(C)CC2CCCC2)C(C)C1CCC1CCCCC1 0.2750000 0.2750 0.3393503 0.3394 0.3333333 0.3333 1.0000000 1.0000 0.6606497 0.6606 1.0000000 1.0000 1.0000000 347.4210 0.5445517 2.9400 1.0000000 1.0000 0.6666666666666667 0.44651427748729383 []
 | 28.4245 35.8897 32.9375 0.5377128 O=C(COc1ccccc1-c1ccccc1)NC[C@H]1SCc2ccccc21 1 CC(CCC1CCCCC1C1CCCCC1)CCC1CCC2CCCCC21 0.2400000 0.2400 0.3431002 0.3431 0.3333333 0.3333 1.0000000 1.0000 0.6568998 0.6569 1.0000000 1.0000 1.0000000 375.4930 0.5393907 2.7143 1.0000000 1.0000 0.6666666666666667 0.4270831300812525 []
 | 29.8316 30.6711 42.6487 0.5728107 CN(Cc1cccs1)C[C@H](O)COc1ccc(F)cc1Br 1 C(CCCC1CCCC1)CCC1CCCCC1 0.2150000 0.2150 0.2979509 0.2980 0.6666667 0.6667 1.0000000 1.0000 0.7122393 0.7122 1.0000000 1.0000 1.0000000 374.2750 0.5385423 2.6772 1.0000000 1.0000 0.33333333333333337 0.41082234603292944 []
 | 24.3072 32.3528 46.3651 0.6149831 O=C(Nc1ccc(Br)cc1C(=O)NCCc1ccccc1)c1cnccn1 1 CC(CC1CCCCC1C(C)CCCC1CCCCC1)C1CCCCC1 0.3200000 0.3200 0.3287980 0.3288 0.6666667 0.6667 1.0000000 1.0000 0.6712020 0.6712 1.0000000 1.0000 1.0000000 425.2860 0.5229909 1.9992 1.0000000 1.0000 0.33333333333333337 0.466476151587624 []
 | 26.8442 28.5000 40.1550 0.5363677 C=CCOc1cccc(NC(=O)c2cc3ccccc3oc2=O)c1 1 CC(CC1CCCCC1)C1CC2CCCCC2CC1C 0.2000000 0.2000 0.4147575 0.4148 0.3333333 0.3333 1.0000000 1.0000 0.6915237 0.6915 1.0000000 1.0000 1.0000000 321.3320 0.5231742 2.0072 1.0000000 1.0000 0.6666666666666667 0.4 []
 | 24.5865 31.2189 43.1052 0.5806570 N#CCc1ccc(NC(=O)c2sc3nc(C4CC4)ccc3c2N)cc1 1 CC(CC1CCCCC1)C1CC2CCC(C3CC3)CC2C1 0.2750000 0.2750 0.2302046 0.2302 0.6666667 0.6667 1.0000000 1.0000 0.7697954 0.7698 1.0000000 1.0000 1.0000000 348.4310 0.5334377 2.4544 1.0000000 1.0000 0.33333333333333337 0.44651427748729383 []
 | 28.4898 44.5152 34.1943 0.6149178 O=C(NCc1ccco1)[C@H](Nc1ccc(Nc2ccccc2)cc1)C(=O)Nc1ccccc1Br 1 CC(CCC1CCCC1)C(CC1CCC(CC2CCCCC2)CC1)C(C)CC1CCCCC1 0.3250000 0.3250 0.3084763 0.3085 0.6666667 0.6667 1.0000000 1.0000 0.6915237 0.6915 1.0000000 1.0000 1.0000000 519.3990 0.5410787 2.7881 1.0000000 1.0000 0.33333333333333337 0.4683748498798799 []
21:04:03 <INFO> Sampled SMILES c1cc(ccc1)-c1nc2-c3c(NC(=O)c2c1)cccc3 failed to sanitize.
21:04:06 <INFO> Score: 0.46 Agent NLL: 28.21 Valid:  98% Step: 78
 | Agent Prior Target Score SMILES SMILES_state Scaffold predicted_activity predicted_activity (raw) training_similarity training_similarity (raw) taf_consistency taf_consistency (raw) scaffold_novelty scaffold_novelty (raw) novelty novelty (raw) stereo_validity stereo_validity (raw) MW_window MW_window (raw) synthetic_feasibility synthetic_feasibility (raw) curated alerts filter curated alerts filter (raw) taf_disrupted (predicted_activity) uncertainty (predicted_activity) matchting_patterns (curated alerts filter)
 | 20.5285 34.3774 36.9285 0.5570770 CC(C)c1ccccc1NCC(=O)Nc1cccc(NCc2ccccc2)c1 1 CC(CCC1CCCCC1)CC1CCCC(CCC2CCCCC2)C1 0.3100000 0.3100 0.3259179 0.3259 0.3333333 0.3333 1.0000000 1.0000 0.6740821 0.6741 1.0000000 1.0000 1.0000000 373.5000 0.5202656 1.8806 1.0000000 1.0000 0.6666666666666667 0.462493243193887 []
 | 29.0054 42.6987 33.6653 0.5965935 CCOC(=O)c1ccccc1NC(=O)c1nn(Cc2ccccc2)c(C)c1S(=O)(=O)C(C)C 1 CC(CC1CCCCC1)C1CCC(CC2CCCCC2)C1 0.2550000 0.2550 0.3546809 0.3547 0.6666667 0.6667 1.0000000 1.0000 0.6453191 0.6453 1.0000000 1.0000 1.0000000 469.5630 0.5312974 2.3610 1.0000000 1.0000 0.33333333333333337 0.43586121644395015 []
 | 22.1842 30.5111 39.9229 0.5502658 O=C(NCc1nc(-c2ccccc2Cl)no1)c1ccc(NC(=O)c2ccco2)cc1 1 CC(CCC1CCC(C2CCCCC2)C1)C1CCC(CC(C)C2CCCC2)CC1 0.3150000 0.3150 0.2735764 0.2736 0.3333333 0.3333 1.0000000 1.0000 0.7264236 0.7264 1.0000000 1.0000 1.0000000 422.8280 0.5258832 2.1251 1.0000000 1.0000 0.6666666666666667 0.46451587701606073 []
 | 22.7207 28.9602 44.0947 0.5707412 O=C(Nc1ccccc1)Oc1ccc(C#Cc2cccnc2)cc1 1 CC(CC1CCCCC1)CC1CCC(CCC2CCCCC2)CC1 0.2400000 0.2400 0.2441931 0.2442 0.6666667 0.6667 1.0000000 1.0000 0.7630758 0.7631 1.0000000 1.0000 1.0000000 314.3440 0.5237687 2.0330 1.0000000 1.0000 0.33333333333333337 0.4270831300812525 []
 | 22.0591 26.7784 41.8293 0.5359976 O=C(Cn1nc(-c2ccccc2)ccc1=O)Nc1nc(-c2ccc(F)cc2)cs1 1 CC(CC1CCC(C2CCCCC2)C1)CC1CC(C2CCCCC2)CCC1C 0.2950000 0.2950 0.2348557 0.2349 0.3333333 0.3333 1.0000000 1.0000 0.7651443 0.7651 1.0000000 1.0000 1.0000000 406.4420 0.5247238 2.0746 1.0000000 1.0000 0.6666666666666667 0.4560427611529428 []
 | 33.1824 42.9287 33.6838 0.5985346 C[C@H](OC(=O)c1ccccc1CC(=O)c1ccccn1)C(=O)Nc1ccccc1-c1ccccc1 1 CC(CCC(C)C1CCCCC1CC(C)C1CCCCC1)CC1CCCCC1C1CCCCC1 0.2850000 0.2850 0.2935652 0.2936 0.6666667 0.6667 1.0000000 1.0000 0.7064348 0.7064 1.0000000 1.0000 1.0000000 464.5210 0.5369255 2.6066 1.0000000 1.0000 0.33333333333333337 0.4514144437210666 []
 | 28.6123 36.0167 -32.6820 0.0260524 CCN(C(C)=O)c1ccc(NC(=O)c2ccc(Cl)c(S(=O)(=O)Nc3ccc(Br)cc3)c2)cc1 1 CC(CC1CCCCC1)C1CCCC(C(C)(C)CC2CCCCC2)C1 0.2500000 0.2500 0.1949167 0.1949 0.6666667 0.6667 1.0000000 1.0000 0.8096251 0.8096 1.0000000 1.0000 0.0000000 550.8620 0.5276455 2.2019 1.0000000 1.0000 0.33333333333333337 0.4330127018922193 []
 | 29.8470 31.8761 -31.8761 0.0000000 N#Cc1ccc(Cl)c(NSc2ccc(F)c(F)c2)c1 1 C1CCC(CCC2CCCCC2)CC1 0.0000000 0.0000 0.0000000 0.0000 0.0000000 0.0000 0.0000000 0.0000 0.0000000 0.0000 0.0000000 0.0000 0.0000000 0.0000 0.0000000 0.0000 0.0000000 0.0000 None None ['[#7;!n][S;!$(S(=O)=O)]']
 | 28.8651 32.1614 35.1187 0.5256253 O=C(NCc1ncc[nH]1)c1ccc(Nc2nccc(-n3cccn3)n2)cc1 1 CC(CCC1CCCC1)C1CCC(CC2CCCC(C3CCCC3)C2)CC1 0.2850000 0.2850 0.2032374 0.2032 0.3333333 0.3333 1.0000000 1.0000 0.7967626 0.7968 1.0000000 1.0000 1.0000000 360.3810 0.5338492 2.4723 1.0000000 1.0000 0.6666666666666667 0.4514144437210666 []
 | 29.9754 40.8848 -11.4380 0.2300531 N#Cc1ccccc1NC(=O)C1CN(Cc2ccc3ccccc3c2)CCNC1=O 1 CC1CCCC(CC2CCC3CCCCC3C2)CC1C(C)CC1CCCCC1 0.2550000 0.2550 0.2445417 0.2445 0.6666667 0.6667 1.0000000 1.0000 0.7583439 0.7583 0.0000000 0.0000 1.0000000 398.4660 0.5412497 2.7955 1.0000000 1.0000 0.33333333333333337 0.43586121644395015 []
21:04:07 <INFO> Sampled SMILES c1cccc2c1cccc2NC(=O)CCn1c(c2c(NC(CC2c2ccccc2)=O)s1)C(OC)=O failed to sanitize.
21:04:07 <INFO> Sampled SMILES c12cc(ccc1C(c1ccccc1)C[C@H](Nc1ccccc1C)c2nnn1CCNC1=O)F failed to sanitize.
21:04:10 <INFO> Score: 0.41 Agent NLL: 28.26 Valid:  95% Step: 79
 | Agent Prior Target Score SMILES SMILES_state Scaffold predicted_activity predicted_activity (raw) training_similarity training_similarity (raw) taf_consistency taf_consistency (raw) scaffold_novelty scaffold_novelty (raw) novelty novelty (raw) stereo_validity stereo_validity (raw) MW_window MW_window (raw) synthetic_feasibility synthetic_feasibility (raw) curated alerts filter curated alerts filter (raw) taf_disrupted (predicted_activity) uncertainty (predicted_activity) matchting_patterns (curated alerts filter)
 | 21.7404 27.0809 41.6240 0.5367567 CC(C)n1nccc1NC(=O)c1ccc(S(=O)(=O)Nc2nccs2)cc1 1 CC(CC1CCCC1)C1CCC(C(C)(C)CC2CCCC2)CC1 0.3000000 0.3000 0.2296397 0.2296 0.3333333 0.3333 1.0000000 1.0000 0.7703603 0.7704 1.0000000 1.0000 1.0000000 391.4780 0.5306073 2.3309 1.0000000 1.0000 0.6666666666666667 0.45825756949558394 []
 | 29.6797 34.8143 28.6031 0.4954481 O=C(OCc1nc(-c2ccc(Cl)cc2Cl)no1)c1ccc(N2CCCCCC2=O)cc1 1 CC(CCC1CCC(C2CCCCC2)C1)C1CCC(C2CCCCCC2C)CC1 0.1900000 0.1900 0.2202645 0.2203 0.3333333 0.3333 1.0000000 1.0000 0.7841336 0.7841 1.0000000 1.0000 1.0000000 460.3170 0.5295243 2.2837 1.0000000 1.0000 0.6666666666666667 0.39230090491866065 []
 | 24.2016 31.7375 39.4904 0.5564683 CC(C)n1nccc1CN[C@@H]1C[C@H]1c1ccc(C#N)cc1 1 C1CCC(C2CC2CCC2CCCC2)CC1 0.2100000 0.2100 0.2172620 0.2173 0.6666667 0.6667 1.0000000 1.0000 0.8265114 0.8265 1.0000000 1.0000 1.0000000 280.3750 0.5529936 3.3102 1.0000000 1.0000 0.33333333333333337 0.4073082370883261 []
 | 29.8028 35.9580 29.0683 0.5080185 Cc1ccc(C)c(NC(=O)c2cc(Cl)cc(S(=O)(=O)Nc3cccc4ccccc34)c2)c1 1 CC(CC1CCCCC1)C1CCCC(C(C)(C)CC2CCCC3CCCCC32)C1 0.2500000 0.2500 0.1841637 0.1842 0.3333333 0.3333 1.0000000 1.0000 0.8158363 0.8158 1.0000000 1.0000 1.0000000 464.9740 0.5245877 2.0687 1.0000000 1.0000 0.6666666666666667 0.4330127018922193 []
 | 22.6705 22.9405 38.2618 0.4781429 Cc1ccc(S(=O)(=O)Nc2ccc(S(=O)(=O)N3CCCC3)cc2)cc1 1 CC(C)(CC1CCC(C(C)(C)C2CCCC2)CC1)C1CCCCC1 0.1850000 0.1850 0.1631182 0.1631 0.3333333 0.3333 1.0000000 1.0000 0.8728717 0.8729 1.0000000 1.0000 1.0000000 380.4910 0.5183215 1.7960 1.0000000 1.0000 0.6666666666666667 0.3882975663070784 []
 | 24.1929 33.7194 40.9728 0.5835323 Cc1ccccc1C(=O)Oc1ccccc1C(=O)OCC(=O)Nc1ccccc1C#N 1 CC(CCC(C)C1CCCCC1CC(C)C1CCCCC1)CC1CCCCC1 0.2100000 0.2100 0.2224420 0.2224 1.0000000 1.0000 1.0000000 1.0000 0.7841795 0.7842 1.0000000 1.0000 1.0000000 414.4170 0.5241972 2.0517 1.0000000 1.0000 0.0 0.4073082370883261 []
 | 33.6329 38.1329 32.0082 0.5479769 C[C@H]1CC[C@H]1C(=O)Nc1sc2c(c1C#N)CCNC2 1 CC(CC1CC2CCCCC2C1)C1CCC1 0.2100000 0.2100 0.1909640 0.1910 0.6666667 0.6667 1.0000000 1.0000 0.8367007 0.8367 1.0000000 1.0000 1.0000000 275.3770 0.5569910 3.4859 1.0000000 1.0000 0.33333333333333337 0.40730823708832603 []
 | 30.6406 35.2463 32.7415 0.5311549 Cc1cccc(C(=O)NCc2nc(C(=O)NCc3n[nH]c(C)n3)cs2)c1 1 CC(CCC1CCC(C(C)CCC2CCCC2)C1)C1CCCCC1 0.2950000 0.2950 0.2100903 0.2101 0.3333333 0.3333 1.0000000 1.0000 0.8000000 0.8000 1.0000000 1.0000 1.0000000 370.4380 0.5331469 2.4417 1.0000000 1.0000 0.6666666666666667 0.45604276115294273 []
 | 22.6618 31.6737 38.5447 0.5485813 O=C(NCc1ccc(F)cc1)c1ccccc1Nc1nncc(-c2ccccc2)n1 1 CC(CCC1CCCCC1)C1CCCCC1CC1CCCC(C2CCCCC2)C1 0.3200000 0.3200 0.2583413 0.2583 0.3333333 0.3333 1.0000000 1.0000 0.7416587 0.7417 1.0000000 1.0000 1.0000000 399.4290 0.5250871 2.0904 1.0000000 1.0000 0.6666666666666667 0.466476151587624 []
 | 31.3360 44.1962 31.1759 0.5888449 COC(=O)c1cccc(F)c1NC(=O)c1ccc(NC(=O)c2cncs2)cc1Br 1 CC(CC1CCC(C(C)CC2CCCCC2)CC1)C1CCCC1 0.2100000 0.2100 0.2274294 0.2274 1.0000000 1.0000 1.0000000 1.0000 0.8210251 0.8210 1.0000000 1.0000 1.0000000 478.2990 0.5338139 2.4708 1.0000000 1.0000 0.0 0.40730823708832603 []
21:04:10 <INFO> Sampled SMILES c1cc2c(cc1)c1N=C(Cn1c2=O)C(=O)Nc1ccccc1Br failed to sanitize.
21:04:10 <INFO> Sampled SMILES c12ccccc1C(N[C@@]1(Cc3ccccc3)CNC1)c1c(cccc1)c2 failed to sanitize.
21:04:14 <INFO> Score: 0.44 Agent NLL: 27.49 Valid:  97% Step: 80
 | Agent Prior Target Score SMILES SMILES_state Scaffold predicted_activity predicted_activity (raw) training_similarity training_similarity (raw) taf_consistency taf_consistency (raw) scaffold_novelty scaffold_novelty (raw) novelty novelty (raw) stereo_validity stereo_validity (raw) MW_window MW_window (raw) synthetic_feasibility synthetic_feasibility (raw) curated alerts filter curated alerts filter (raw) taf_disrupted (predicted_activity) uncertainty (predicted_activity) matchting_patterns (curated alerts filter)
 | 20.9041 25.8716 43.4485 0.5415640 O=C(Cc1ccc(F)cc1)NCCn1nc(-c2ccccc2)ccc1=O 1 CC(CCCC1CC(C2CCCCC2)CCC1C)CC1CCCCC1 0.2900000 0.2900 0.2695787 0.2696 0.3333333 0.3333 1.0000000 1.0000 0.7304213 0.7304 1.0000000 1.0000 1.0000000 351.3810 0.5212075 1.9216 1.0000000 1.0000 0.6666666666666667 0.4537620521815371 []
 | 20.9589 25.7593 42.4113 0.5325831 Cc1cccc(C)c1Nc1ccc(NC(=O)c2ccccc2)nn1 1 CC(CC1CCC(CC2CCCCC2)CC1)C1CCCCC1 0.2650000 0.2650 0.2615329 0.2615 0.3333333 0.3333 1.0000000 1.0000 0.7462523 0.7463 1.0000000 1.0000 1.0000000 318.3800 0.5224518 1.9757 1.0000000 1.0000 0.6666666666666667 0.4413332074521472 []
 | 29.9818 33.6910 -33.6910 0.0000000 c1cc2c(cc1)c1N=C(Cn1c2=O)C(=O)Nc1ccccc1Br 0 -- 0.0000000 0.0000 0.0000000 0.0000 0.0000000 0.0000 0.0000000 0.0000 0.0000000 0.0000 0.0000000 0.0000 0.0000000 0.0000 0.0000000 0.0000 0.0000000 0.0000 None None None
 | 29.2016 33.3764 45.0234 0.6124978 O=C(NCc1ccccc1)c1ccc(OC(=O)c2ccc(Br)cn2)cc1 1 CC(CCC1CCCCC1)C1CCC(CC(C)C2CCCCC2)CC1 0.3050000 0.3050 0.3469771 0.3470 0.6666667 0.6667 1.0000000 1.0000 0.6530229 0.6530 1.0000000 1.0000 1.0000000 411.2550 0.5200024 1.8692 1.0000000 1.0000 0.33333333333333337 0.460407428263272 []
 | 23.2629 23.3509 42.6910 0.5159523 Brc1csc(CNCCCn2ccnc2)c1 1 C(CCC1CCCC1)CCC1CCCC1 0.1900000 0.1900 0.1371021 0.1371 0.6666667 0.6667 1.0000000 1.0000 0.8727430 0.8727 1.0000000 1.0000 1.0000000 300.2250 0.5336036 2.4616 1.0000000 1.0000 0.33333333333333337 0.39230090491866065 []
 | 25.2349 31.4336 -4.5809 0.2097865 CN=C(NCc1ccc(C)s1)NCC1CC(=O)N(Cc2ccccc2)C1 1 CC(CCC1CCCC1)CCC1CC(C)C(CC2CCCCC2)C1 0.2100000 0.2100 0.3351566 0.3352 0.3333333 0.3333 1.0000000 1.0000 0.6838529 0.6839 0.0000000 0.0000 1.0000000 370.5220 0.5469318 3.0442 1.0000000 1.0000 0.6666666666666667 0.40730823708832603 []
 | 26.8661 36.6576 28.1875 0.5066020 COc1ccc(NCc2ccccc2)cc1CNCCc1ccccn1 1 C1CCC(CCCCC2CCCC(CCC3CCCCC3)C2)CC1 0.1900000 0.1900 0.2763188 0.2763 0.3333333 0.3333 1.0000000 1.0000 0.7333676 0.7334 1.0000000 1.0000 1.0000000 347.4620 0.5214912 1.9339 1.0000000 1.0000 0.6666666666666667 0.39230090491866065 []
 | 26.3343 31.8948 39.2802 0.5560547 COc1ccccc1CNC(=O)NC(=O)COC(=O)c1ccccc1SCc1ccccc1 1 CC(CCC1CCCCC1)CC(C)CCC(C)C1CCCCC1CCC1CCCCC1 0.1800000 0.1800 0.2989570 0.2990 0.6666667 0.6667 1.0000000 1.0000 0.7237544 0.7238 1.0000000 1.0000 1.0000000 464.5430 0.5249614 2.0850 1.0000000 1.0000 0.33333333333333337 0.38418745424597095 []
 | 24.3893 31.3084 33.1820 0.5038309 COc1ccc(CNc2c(CNCc3ccccc3)cnc3ccccc23)cc1 1 C1CCC(CCCC2CCC3CCCCC3C2CCC2CCCCC2)CC1 0.1800000 0.1800 0.2857953 0.2858 0.3333333 0.3333 1.0000000 1.0000 0.7242233 0.7242 1.0000000 1.0000 1.0000000 383.4950 0.5232774 2.0117 1.0000000 1.0000 0.6666666666666667 0.38418745424597095 []
 | 27.7989 35.6546 33.9843 0.5440542 O=C(NCc1ccc(OCC(F)(F)C(F)F)cc1)c1ccc(NC(=O)c2cccs2)cc1 1 CC(CCC1CCCCC1)C1CCC(CC(C)C2CCCC2)CC1 0.2950000 0.2950 0.2709832 0.2710 0.3333333 0.3333 1.0000000 1.0000 0.7290168 0.7290 1.0000000 1.0000 1.0000000 466.4560 0.5290090 2.2613 1.0000000 1.0000 0.6666666666666667 0.4560427611529428 []
21:04:18 <INFO> Score: 0.46 Agent NLL: 26.18 Valid: 100% Step: 81
 | Agent Prior Target Score SMILES SMILES_state Scaffold predicted_activity predicted_activity (raw) training_similarity training_similarity (raw) taf_consistency taf_consistency (raw) scaffold_novelty scaffold_novelty (raw) novelty novelty (raw) stereo_validity stereo_validity (raw) MW_window MW_window (raw) synthetic_feasibility synthetic_feasibility (raw) curated alerts filter curated alerts filter (raw) taf_disrupted (predicted_activity) uncertainty (predicted_activity) matchting_patterns (curated alerts filter)
 | 24.3616 30.0583 37.8710 0.5306978 CC(=O)c1ccc(Nc2ccccc2C(=O)Cc2ccccc2)cc1 1 CC(CC1CCCCC1)C1CCCCC1CC1CCCCC1 0.2250000 0.2250 0.3304136 0.3304 0.3333333 0.3333 1.0000000 1.0000 0.6986018 0.6986 1.0000000 1.0000 1.0000000 329.3990 0.5171639 1.7457 1.0000000 1.0000 0.6666666666666667 0.4175823272122517 []
 | 25.6479 27.8524 -27.8524 0.0000000 CCOC(=O)c1cnccc1Nc1cccc(I)c1 1 C1CCC(CC2CCCCC2)CC1 0.2050000 0.2050 0.2319927 0.2320 0.6666667 0.6667 1.0000000 1.0000 0.7843344 0.7843 1.0000000 1.0000 1.0000000 368.1740 0.5259731 2.1290 1.0000000 1.0000 0.33333333333333337 0.403701622488689 []
 | 23.5600 27.3629 44.7780 0.5636001 N#Cc1ccc(C(=O)OCc2nnc(-c3ccc(F)cc3)o2)cc1 1 CC(CCC1CCC(C2CCCCC2)C1)C1CCCCC1 0.2350000 0.2350 0.2256355 0.2256 0.6666667 0.6667 1.0000000 1.0000 0.7743645 0.7744 1.0000000 1.0000 1.0000000 323.2830 0.5236930 2.0297 1.0000000 1.0000 0.33333333333333337 0.4239988207530771 []
 | 30.3277 33.9997 31.5859 0.5123874 CC(C)[C@]1(CO)OC[C@@H]2CNC[C@@H]21 1 C1CC2CCCC2C1 0.2050000 0.2050 0.2712254 0.2712 0.3333333 0.3333 1.0000000 1.0000 0.7287746 0.7288 1.0000000 1.0000 1.0000000 185.2670 0.5328770 4.5701 1.0000000 1.0000 0.6666666666666667 0.40370162248868907 []
 | 32.7131 37.7334 29.2659 0.5234323 Cc1ccc(C(=O)Nc2cnn(Cc3ccoc3)c2)cc1NC(=O)c1cccs1 1 CC(CC1CCCC(C(C)CC2CCC(CC3CCCC3)C2)C1)C1CCCC1 0.2650000 0.2650 0.2182179 0.2182 0.3333333 0.3333 1.0000000 1.0000 0.7877618 0.7878 1.0000000 1.0000 1.0000000 406.4670 0.5312887 2.3606 1.0000000 1.0000 0.6666666666666667 0.4413332074521472 []
 | 31.4062 36.1243 40.5355 0.5989048 N#CCC[C@H](O)CN1C(=O)N[C@]2(CCc3ccccc32)C1=O 1 CC1CC(C)C2(CCC3CCCCC32)C1 0.3000000 0.3000 0.2637806 0.2638 0.6666667 0.6667 1.0000000 1.0000 0.7362194 0.7362 1.0000000 1.0000 1.0000000 299.3300 0.5513145 3.7636 1.0000000 1.0000 0.33333333333333337 0.45825756949558394 []
 | 23.6893 31.2340 36.8631 0.5320086 O=C(Nc1cccc(-c2ccc3ccccc3c2)c1)c1ccc(F)cc1 1 CC(CC1CCCC(C2CCC3CCCCC3C2)C1)C1CCCCC1 0.3000000 0.3000 0.2162162 0.2162 0.3333333 0.3333 1.0000000 1.0000 0.7837838 0.7838 1.0000000 1.0000 1.0000000 341.3850 0.5144210 1.6265 1.0000000 1.0000 0.6666666666666667 0.458257569495584 []
 | 21.5988 30.2386 -30.2386 0.0000000 CC(=O)c1ccccc1OC(=O)CNC(=O)c1ccccc1Br 1 CC(CCC(C)C1CCCCC1)CC1CCCCC1 0.2700000 0.2700 0.3052813 0.3053 0.6666667 0.6667 1.0000000 1.0000 0.7027027 0.7027 1.0000000 1.0000 1.0000000 376.2060 0.5214435 1.9319 1.0000000 1.0000 0.33333333333333337 0.44395945760846217 []
 | 22.3276 32.2499 39.8012 0.5628987 N#Cc1ccccc1CNCCNc1ccccc1-c1ccccc1 1 C1CCC(CCCCCC2CCCCC2C2CCCCC2)CC1 0.2400000 0.2400 0.2162162 0.2162 0.6666667 0.6667 1.0000000 1.0000 0.7837838 0.7838 1.0000000 1.0000 1.0000000 327.4310 0.5219516 1.9540 1.0000000 1.0000 0.33333333333333337 0.4270831300812524 []
 | 20.4171 31.6403 40.2961 0.5620027 O=C(COC(=O)c1cccc(S(=O)(=O)Nc2ccccc2)c1)Nc1ccc(Sc2ccccc2)cc1 1 CC(CCC(C)C1CCCC(C(C)(C)CC2CCCCC2)C1)CC1CCC(CC2CCCCC2)CC1 0.2250000 0.2250 0.2348557 0.2349 0.6666667 0.6667 1.0000000 1.0000 0.7651443 0.7651 1.0000000 1.0000 1.0000000 518.6160 0.5253734 2.1029 1.0000000 1.0000 0.33333333333333337 0.41758232721225164 []
21:04:21 <INFO> Score: 0.46 Agent NLL: 27.74 Valid: 100% Step: 82
 | Agent Prior Target Score SMILES SMILES_state Scaffold predicted_activity predicted_activity (raw) training_similarity training_similarity (raw) taf_consistency taf_consistency (raw) scaffold_novelty scaffold_novelty (raw) novelty novelty (raw) stereo_validity stereo_validity (raw) MW_window MW_window (raw) synthetic_feasibility synthetic_feasibility (raw) curated alerts filter curated alerts filter (raw) taf_disrupted (predicted_activity) uncertainty (predicted_activity) matchting_patterns (curated alerts filter)
 | 44.2206 52.9749 14.6727 0.5284968 O=C(c1ccccc1Oc1ccccc1)N1C[C@H](c2cccnc2)C[C@]1(O)C(=O)NCc1cccnc1 1 CC(CCC1CCCCC1)C1CC(C2CCCCC2)CC1C(C)C1CCCCC1CC1CCCCC1 0.2200000 0.2200 0.3124070 0.3124 0.3333333 0.3333 1.0000000 1.0000 0.7053121 0.7053 1.0000000 1.0000 1.0000000 494.5510 0.5564753 3.4632 1.0000000 1.0000 0.6666666666666667 0.41424630354415964 []
 | 34.7791 36.7273 28.5238 0.5097738 CNc1ccc(-c2c3cccnc3cn2-c2ccccc2)cn1 1 C1CCC(C2CC3CCCCC3C2C2CCCCC2)CC1 0.2000000 0.2000 0.2469324 0.2469 0.3333333 0.3333 1.0000000 1.0000 0.8180437 0.8180 1.0000000 1.0000 1.0000000 300.3650 0.5326081 2.4182 1.0000000 1.0000 0.6666666666666667 0.4000000000000001 []
 | 26.9434 31.8646 -4.7776 0.2116174 O=C(Nc1ccc(S(=O)(=O)N2CCNCC2c2ccc(F)cc2)cc1)c1ccccc1 1 CC(CC1CCC(C(C)(C)C2CCCCC2C2CCCCC2)CC1)C1CCCCC1 0.2750000 0.2750 0.2372321 0.2372 0.3333333 0.3333 1.0000000 1.0000 0.7675047 0.7675 0.0000000 0.0000 1.0000000 439.5120 0.5357594 2.5557 1.0000000 1.0000 0.6666666666666667 0.44651427748729383 []
 | 24.2343 27.9071 -0.9645 0.2104888 NCc1ccc(CN2C(=O)CC(c3ccccc3)C2=O)cc1 1 CC1CC(C2CCCCC2)C(C)C1CC1CCCCC1 0.2250000 0.2250 0.3167782 0.3168 0.3333333 0.3333 1.0000000 1.0000 0.6943265 0.6943 0.0000000 0.0000 1.0000000 294.3540 0.5329565 2.4334 1.0000000 1.0000 0.6666666666666667 0.41758232721225164 []
 | 22.4563 32.8626 -25.8726 0.0546097 O=C(COCc1ccccc1)N(c1ccccc1Cl)S(=O)(=O)Cc1ccccc1 1 CC(CCCC1CCCCC1)C(C1CCCCC1)C(C)(C)CC1CCCCC1 0.2700000 0.2700 0.3639127 0.3639 0.0000000 0.0000 1.0000000 1.0000 0.6360873 0.6361 1.0000000 1.0000 1.0000000 429.9250 0.5280786 2.2207 1.0000000 1.0000 1.0 0.4439594576084623 []
 | 21.9954 28.3819 39.4826 0.5301917 O=C(O)[C@H]1[C@H](C(=O)Nc2ccc(Sc3ccccc3)cc2)[C@H]2C=C[C@H]1C2 1 CC(CC1CCC(CC2CCCCC2)CC1)C1CC2CCC1C2 0.2450000 0.2450 0.2757767 0.2758 0.3333333 0.3333 1.0000000 1.0000 0.7297298 0.7297 1.0000000 1.0000 1.0000000 365.4540 0.5464749 3.9758 1.0000000 1.0000 0.6666666666666667 0.4300872004605578 []
 | 22.9726 30.5009 42.5320 0.5705697 COc1cccc(COc2ccc(C=C3C(=O)NC(=O)NC3=O)cc2Br)c1 1 CC1CC(C)C(CC2CCC(CCC3CCCCC3)CC2)C(C)C1 0.1850000 0.1850 0.3606679 0.3607 0.6666667 0.6667 1.0000000 1.0000 0.6915237 0.6915 1.0000000 1.0000 1.0000000 431.2420 0.5296229 2.2880 1.0000000 1.0000 0.33333333333333337 0.38829756630707846 []
 | 19.9701 25.3911 46.4060 0.5609148 O=C(Nc1nccs1)c1ccc(S(=O)(=O)NCc2ccccc2)cc1 1 CC(CC1CCCC1)C1CCC(C(C)(C)CCC2CCCCC2)CC1 0.3250000 0.3250 0.3221930 0.3222 0.3333333 0.3333 1.0000000 1.0000 0.6778070 0.6778 1.0000000 1.0000 1.0000000 373.4590 0.5200889 1.8729 1.0000000 1.0000 0.6666666666666667 0.4683748498798799 []
 | 35.1962 37.7852 26.6010 0.5030168 Cc1nc([C@@H](NCc2ncn[nH]2)c2cccnc2)sc1C 1 C1CCC(C(CCC2CCCC2)C2CCCC2)CC1 0.2100000 0.2100 0.2028757 0.2029 0.3333333 0.3333 1.0000000 1.0000 0.8338974 0.8339 1.0000000 1.0000 1.0000000 300.3910 0.5508618 3.2166 1.0000000 1.0000 0.6666666666666667 0.4073082370883261 []
 | 26.4992 36.0948 36.0608 0.5637156 CCOC(=O)c1cccc(NCn2nccc2-c2ccccn2)c1 1 C1CCC(CCC2CCCC2C2CCCCC2)CC1 0.2000000 0.2000 0.2832116 0.2832 0.6666667 0.6667 1.0000000 1.0000 0.7416587 0.7417 1.0000000 1.0000 1.0000000 322.3680 0.5306200 2.3315 1.0000000 1.0000 0.33333333333333337 0.4 []
21:04:25 <INFO> Score: 0.46 Agent NLL: 27.66 Valid: 100% Step: 83
 | Agent Prior Target Score SMILES SMILES_state Scaffold predicted_activity predicted_activity (raw) training_similarity training_similarity (raw) taf_consistency taf_consistency (raw) scaffold_novelty scaffold_novelty (raw) novelty novelty (raw) stereo_validity stereo_validity (raw) MW_window MW_window (raw) synthetic_feasibility synthetic_feasibility (raw) curated alerts filter curated alerts filter (raw) taf_disrupted (predicted_activity) uncertainty (predicted_activity) matchting_patterns (curated alerts filter)
 | 21.3926 23.7668 -23.7668 0.0000000 CC(=O)c1ccc(NCC(=O)Nc2ccc(C)cc2)cc1 1 CC(CCC1CCCCC1)CC1CCCCC1 0.1850000 0.1850 0.2334631 0.2335 0.3333333 0.3333 1.0000000 1.0000 0.7933115 0.7933 1.0000000 1.0000 1.0000000 282.3430 0.5132767 1.5767 1.0000000 1.0000 0.6666666666666667 0.3882975663070784 []
 | 35.2664 39.2738 -32.6017 0.0521261 COC[C@]12CCN(Cc3ccccc3)C[C@@H]1CN(Cc1ccc(-c3ccccc3Cl)o1)C2 1 C1CCC(CC2CCC3CC(CC4CCC(C5CCCCC5)C4)CC3C2)CC1 0.2050000 0.2050 0.3158770 0.3159 0.0000000 0.0000 1.0000000 1.0000 0.7339893 0.7340 1.0000000 1.0000 1.0000000 451.0100 0.5534754 3.3313 1.0000000 1.0000 1.0 0.40370162248868907 []
 | 30.6012 36.7034 30.2171 0.5228162 O=C(NCc1cnccc1-c1ccccc1Cl)C1CCN(c2ccccc2)CC1 1 CC(CCC1CCCCC1C1CCCCC1)C1CCC(C2CCCCC2)CC1 0.2500000 0.2500 0.2396406 0.2396 0.3333333 0.3333 1.0000000 1.0000 0.7651443 0.7651 1.0000000 1.0000 1.0000000 405.9290 0.5247037 2.0737 1.0000000 1.0000 0.6666666666666667 0.4330127018922193 []
 | 24.6689 28.9832 43.5361 0.5665572 O=C(Nc1ccc(O)cc1)c1ccc(NCc2ccccc2Cl)nc1 1 CC(CC1CCCCC1)C1CCC(CCC2CCCCC2)CC1 0.3600000 0.3600 0.2974089 0.2974 0.3333333 0.3333 1.0000000 1.0000 0.7025911 0.7026 1.0000000 1.0000 1.0000000 353.8090 0.5203605 1.8847 1.0000000 1.0000 0.6666666666666667 0.48 []
 | 22.3360 24.2519 48.2581 0.5664839 O=C(Nc1cccc(Cl)c1)c1ccc(COc2ccccc2)cc1 1 CC(CC1CCCCC1)C1CCC(CCC2CCCCC2)CC1 0.3100000 0.3100 0.4159002 0.4159 0.3333333 0.3333 1.0000000 1.0000 0.5840998 0.5841 1.0000000 1.0000 1.0000000 337.8060 0.5113923 1.4948 1.0000000 1.0000 0.6666666666666667 0.462493243193887 []
 | 27.2501 39.2158 -11.7661 0.2144506 CC1Cc2cccc(NC(=O)c3ccc(NC(=O)c4ccc(NC(=O)c5ccco5)cc4)cc3)c2N1 1 CC(CC1CCC(C(C)CC2CCC(C(C)CC3CCCC4CCCC43)CC2)CC1)C1CCCC1 0.2800000 0.2800 0.2614261 0.2614 0.3333333 0.3333 1.0000000 1.0000 0.7416587 0.7417 0.0000000 0.0000 1.0000000 480.5240 0.5407580 2.7740 1.0000000 1.0000 0.6666666666666667 0.44899888641287294 []
 | 33.3767 45.6519 -42.1649 0.0272421 CS(=O)(=O)N(Cc1ccccc1)c1nc(NCCNC(=O)c2cccc(Br)c2)nc(Oc2ccccc2)n1 1 CC(CCCCC1CC(CCC2CCCCC2)CC(CC2CCCCC2)C1)C1CCCCC1 0.2650000 0.2650 0.2714230 0.2714 0.6666667 0.6667 1.0000000 1.0000 0.7285770 0.7286 1.0000000 1.0000 0.0000000 597.4950 0.5362023 2.5750 1.0000000 1.0000 0.33333333333333337 0.4413332074521472 []
 | 21.8552 30.8176 37.0543 0.5302493 O=C1Nc2ccccc2[C@@]12CCN(Cc1cccnc1)C2=O 1 CC1CC2CCCCC2C12CCC(CC1CCCCC1)C2C 0.2200000 0.2200 0.3060730 0.3061 0.3333333 0.3333 1.0000000 1.0000 0.7521592 0.7522 1.0000000 1.0000 1.0000000 293.3260 0.5538831 3.3492 1.0000000 1.0000 0.6666666666666667 0.4142463035441596 []
 | 31.3798 37.5974 31.0841 0.5365743 COCc1nccn1CCN=C(NC(=O)c1cccc(C)c1)Nc1ccccc1 1 CC(CC(CCCC1CCCC1)CC1CCCCC1)C1CCCCC1 0.2650000 0.2650 0.2806264 0.2806 0.3333333 0.3333 1.0000000 1.0000 0.7193736 0.7194 1.0000000 1.0000 1.0000000 391.4750 0.5334693 2.4557 1.0000000 1.0000 0.6666666666666667 0.4413332074521472 []
 | 27.5759 36.5319 37.5409 0.5786935 CC(=O)Cc1ccccc1NC(=O)COC(=O)c1ccccc1NC(=O)c1ccccc1C 1 CC(CCC(C)C1CCCCC1CC(C)C1CCCCC1)CC1CCCCC1 0.2450000 0.2450 0.2727978 0.2728 0.6666667 0.6667 1.0000000 1.0000 0.7304213 0.7304 1.0000000 1.0000 1.0000000 444.4870 0.5237982 2.0343 1.0000000 1.0000 0.33333333333333337 0.4300872004605578 []
21:04:29 <INFO> Score: 0.46 Agent NLL: 27.32 Valid: 100% Step: 84
 | Agent Prior Target Score SMILES SMILES_state Scaffold predicted_activity predicted_activity (raw) training_similarity training_similarity (raw) taf_consistency taf_consistency (raw) scaffold_novelty scaffold_novelty (raw) novelty novelty (raw) stereo_validity stereo_validity (raw) MW_window MW_window (raw) synthetic_feasibility synthetic_feasibility (raw) curated alerts filter curated alerts filter (raw) taf_disrupted (predicted_activity) uncertainty (predicted_activity) matchting_patterns (curated alerts filter)
 | 31.4403 33.4490 -26.9932 0.0504359 Cc1cc(Cl)nn1CC(=O)N(Cc1ccco1)Cc1cccs1 1 CC(CC1CCCC1)C(CC1CCCC1)CC1CCCC1 0.2200000 0.2200 0.2156655 0.2157 0.0000000 0.0000 1.0000000 1.0000 0.8012233 0.8012 1.0000000 1.0000 1.0000000 349.8430 0.5363883 2.5831 1.0000000 1.0000 1.0 0.41424630354415964 []
 | 28.9831 34.8518 -5.5360 0.2290295 O=C(Nc1ccccc1C(=O)OCC1CCCCO1)c1ccc(CN2CCc3ccccc32)cc1 1 CC(CC1CCCCC1C(C)CCC1CCCCC1)C1CCC(CC2CCC3CCCCC32)CC1 0.2250000 0.2250 0.2923017 0.2923 0.6666667 0.6667 1.0000000 1.0000 0.7076983 0.7077 0.0000000 0.0000 1.0000000 470.5690 0.5381837 2.6615 1.0000000 1.0000 0.33333333333333337 0.41758232721225164 []
 | 55.9451 54.1577 13.3186 0.5271587 COC(=O)N[C@@H]1CCN(c2cc(C)ccc2Nc2nc(-c3ccnc(F)c3)nc3c2CN=C3)C1 1 C1CCC(C2CC3CCCC3C(CC3CCCCC3C3CCCC3)C2)CC1 0.1600000 0.1600 0.2035314 0.2035 0.6666667 0.6667 1.0000000 1.0000 0.8244049 0.8244 1.0000000 1.0000 1.0000000 461.5010 0.5541449 3.6393 1.0000000 1.0000 0.33333333333333337 0.36660605559646714 []
 | 28.3143 34.3643 37.8754 0.5643731 Cc1ccccc1-c1nc(C(=O)Nc2ccccc2C#N)nn1-c1ccc(Cl)cc1 1 CC(CC1CCCCC1)C1CC(C2CCCCC2)C(C2CCCCC2)C1 0.2600000 0.2600 0.1921867 0.1922 0.6666667 0.6667 1.0000000 1.0000 0.8158363 0.8158 1.0000000 1.0000 1.0000000 413.8680 0.5280974 2.2215 1.0000000 1.0000 0.33333333333333337 0.4386342439892262 []
 | 26.9103 32.9657 41.2863 0.5800932 CC(C)(C)c1ccc(CCNC(=O)c2cccnc2Nc2ccccc2C#N)cc1 1 CC(CCCC1CCCCC1)C1CCCCC1CC1CCCCC1 0.2600000 0.2600 0.2513675 0.2514 0.6666667 0.6667 1.0000000 1.0000 0.7515987 0.7516 1.0000000 1.0000 1.0000000 398.5100 0.5273452 2.1888 1.0000000 1.0000 0.33333333333333337 0.4386342439892262 []
 | 27.7333 35.4204 33.2573 0.5365451 NS(=O)(=O)c1cccc(NCc2ccccc2NS(=O)(=O)Cc2ccccc2)c1 1 CC(C)(CC1CCCCC1)CC1CCCCC1CCC1CCCCC1 0.2850000 0.2850 0.2507061 0.2507 0.3333333 0.3333 1.0000000 1.0000 0.7492939 0.7493 1.0000000 1.0000 1.0000000 431.5390 0.5256940 2.1169 1.0000000 1.0000 0.6666666666666667 0.4514144437210666 []
 | 19.0508 26.0249 47.2192 0.5722201 N#Cc1ccccc1OCC(=O)Nc1ccc(-c2nnco2)cc1 1 CC(CCC1CCCCC1)CC1CCC(C2CCCC2)CC1 0.2350000 0.2350 0.2610185 0.2610 0.6666667 0.6667 1.0000000 1.0000 0.7389815 0.7390 1.0000000 1.0000 1.0000000 320.3080 0.5264217 2.1486 1.0000000 1.0000 0.33333333333333337 0.4239988207530771 []
 | 40.2422 42.5833 -35.8827 0.0523483 C[C@@H]1[C@@H](OCc2ccccc2)[C@@H]2CC[C@@H]1C=C2c1cccc(Cl)c1 1 C1CCC(CCC2CC3CCC2C(C2CCCCC2)C3)CC1 0.1950000 0.1950 0.3724962 0.3725 0.0000000 0.0000 1.0000000 1.0000 0.6814070 0.6814 1.0000000 1.0000 1.0000000 338.8780 0.5405988 4.2329 1.0000000 1.0000 1.0 0.3962007067131506 []
 | 28.1371 38.9130 38.2082 0.6025097 O=C(NCc1nnc(CNc2ccc(Br)cc2)n1S(=O)(=O)c1ccccc1)c1ccccc1 1 CC(CCC1CCC(CCC2CCCCC2)C1C(C)(C)C1CCCCC1)C1CCCCC1 0.3150000 0.3150 0.2666324 0.2666 0.6666667 0.6667 1.0000000 1.0000 0.7333676 0.7334 1.0000000 1.0000 1.0000000 526.4160 0.5306968 2.3348 1.0000000 1.0000 0.33333333333333337 0.46451587701606073 []
 | 31.2825 31.3164 -31.3164 0.0000000 Cn1cnc(-c2nc(N)c(C#N)nc2Cl)c1 1 C1CCC(C2CCCC2)CC1 0.2100000 0.2100 0.1601282 0.1601 0.6666667 0.6667 1.0000000 1.0000 0.8698552 0.8699 1.0000000 1.0000 1.0000000 234.6500 0.5512512 3.2337 1.0000000 1.0000 0.33333333333333337 0.4073082370883261 []
21:04:33 <INFO> Score: 0.47 Agent NLL: 27.59 Valid: 100% Step: 85
 | Agent Prior Target Score SMILES SMILES_state Scaffold predicted_activity predicted_activity (raw) training_similarity training_similarity (raw) taf_consistency taf_consistency (raw) scaffold_novelty scaffold_novelty (raw) novelty novelty (raw) stereo_validity stereo_validity (raw) MW_window MW_window (raw) synthetic_feasibility synthetic_feasibility (raw) curated alerts filter curated alerts filter (raw) taf_disrupted (predicted_activity) uncertainty (predicted_activity) matchting_patterns (curated alerts filter)
 | 30.4369 33.9823 35.8993 0.5459498 O=C(Nc1ccccc1)Nc1ccc(C(=O)NC2CCN(C(=O)Cc3ccc(Cl)cc3)CC2)cc1 1 CC(CC1CCCCC1)CC1CCC(C(C)CC2CCC(C(C)CC3CCCCC3)CC2)CC1 0.2950000 0.2950 0.2832116 0.2832 0.3333333 0.3333 1.0000000 1.0000 0.7181732 0.7182 1.0000000 1.0000 1.0000000 490.9910 0.5232753 2.0116 1.0000000 1.0000 0.6666666666666667 0.45604276115294284 []
 | 25.5581 33.4142 37.9892 0.5578392 Nc1ccc(CNC(=O)c2ccccc2S(=O)(=O)c2ccccc2)cn1 1 CC(CCC1CCCCC1)C1CCCCC1C(C)(C)C1CCCCC1 0.3250000 0.3250 0.3008473 0.3008 0.3333333 0.3333 1.0000000 1.0000 0.6991527 0.6992 1.0000000 1.0000 1.0000000 367.4300 0.5234739 2.0202 1.0000000 1.0000 0.6666666666666667 0.46837484987987993 []
 | 21.2356 25.2470 43.1018 0.5339755 CCc1ccccc1CNC(=O)c1cc2ccccc2[nH]1 1 CC(CCC1CCCCC1)C1CC2CCCCC2C1 0.2750000 0.2750 0.2535463 0.2535 0.3333333 0.3333 1.0000000 1.0000 0.7534015 0.7534 1.0000000 1.0000 1.0000000 278.3550 0.5200695 1.8721 1.0000000 1.0000 0.6666666666666667 0.4465142774872939 []
 | 27.1965 24.2991 -24.2991 0.0000000 OCc1ccc(OCc2ccc(Cl)nc2)cc1 1 C1CCC(CCC2CCCCC2)CC1 0.2500000 0.2500 0.3358094 0.3358 0.3333333 0.3333 1.0000000 1.0000 0.6641906 0.6642 1.0000000 1.0000 1.0000000 249.6970 0.5182478 1.7928 1.0000000 1.0000 0.6666666666666667 0.4330127018922193 []
 | 28.8638 32.5311 39.3852 0.5618462 Cc1cc(Br)cc(CC(=O)NCc2ccccc2-n2ccnc2)c1 1 CC(CCC1CCCCC1C1CCCC1)CC1CCCCC1 0.2350000 0.2350 0.2156655 0.2157 0.6666667 0.6667 1.0000000 1.0000 0.7907543 0.7908 1.0000000 1.0000 1.0000000 384.2770 0.5288356 2.2537 1.0000000 1.0000 0.33333333333333337 0.4239988207530771 []
 | 31.0378 38.3405 32.2318 0.5513455 CCn1c(SCc2nc(NC(=O)c3ccc(COc4ccccc4)cc3)no2)nc2ccccc2c1=O 1 CC(CC1CCC(CCC2CC(C)C3CCCCC3C2)C1)C1CCC(CCC2CCCCC2)CC1 0.2700000 0.2700 0.3728218 0.3728 0.3333333 0.3333 1.0000000 1.0000 0.6271782 0.6272 1.0000000 1.0000 1.0000000 513.5790 0.5326982 2.4221 1.0000000 1.0000 0.6666666666666667 0.4439594576084623 []
 | 33.6883 39.2550 -7.9900 0.2442573 CC(OC(=O)Nc1cccc(C(=O)NCc2ccccc2)c1)c1nnc(-c2ccccc2)o1 1 CC(CCC1CCC(C2CCCCC2)C1)CC1CCCC(C(C)CCC2CCCCC2)C1 0.3100000 0.3100 0.3325133 0.3325 0.6666667 0.6667 1.0000000 1.0000 0.6674867 0.6675 0.0000000 0.0000 1.0000000 442.4750 0.5357566 2.5555 1.0000000 1.0000 0.33333333333333337 0.46249324319388707 []
 | 44.2418 48.8408 15.9905 0.5064942 COc1ccc(/C=C/c2c(NC(=O)c3cnccn3)cccc2C(=O)NCc2ccccc2F)cc1OC 1 CC(CC1CCCC(C(C)CCC2CCCCC2)C1CCC1CCCCC1)C1CCCCC1 0.1950000 0.1950 0.2514327 0.2514 0.3333333 0.3333 1.0000000 1.0000 0.7774027 0.7774 1.0000000 1.0000 1.0000000 512.5410 0.5355111 2.5448 1.0000000 1.0000 0.6666666666666667 0.3962007067131506 []
 | 36.4515 40.4664 24.8916 0.5106094 COC(=O)c1ccccc1S(=O)(=O)N1CCCN(C(=O)Cc2ccc(C)cc2)c2ccccc21 1 CC(CC1CCCCC1)C1CCCC(C(C)(C)C2CCCCC2)C2CCCCC12 0.2050000 0.2050 0.2537730 0.2538 0.3333333 0.3333 1.0000000 1.0000 0.7720196 0.7720 1.0000000 1.0000 1.0000000 478.5700 0.5305000 2.3262 1.0000000 1.0000 0.6666666666666667 0.403701622488689 []
 | 28.5569 32.6906 38.9059 0.5593474 O=C(CNc1ccc(Br)cc1)Nc1cccc(C(=O)N2CCc3ccccc3C2)c1 1 CC(CCC1CCCCC1)CC1CCCC(C(C)C2CCC3CCCCC3C2)C1 0.2300000 0.2300 0.2156655 0.2157 0.6666667 0.6667 1.0000000 1.0000 0.7907543 0.7908 1.0000000 1.0000 1.0000000 464.3630 0.5233244 2.0137 1.0000000 1.0000 0.33333333333333337 0.4208325082500163 []
21:04:36 <INFO> Score: 0.48 Agent NLL: 27.48 Valid: 100% Step: 86
 | Agent Prior Target Score SMILES SMILES_state Scaffold predicted_activity predicted_activity (raw) training_similarity training_similarity (raw) taf_consistency taf_consistency (raw) scaffold_novelty scaffold_novelty (raw) novelty novelty (raw) stereo_validity stereo_validity (raw) MW_window MW_window (raw) synthetic_feasibility synthetic_feasibility (raw) curated alerts filter curated alerts filter (raw) taf_disrupted (predicted_activity) uncertainty (predicted_activity) matchting_patterns (curated alerts filter)
 | 24.7021 33.3364 46.7728 0.6258536 N#C[C@H](NC(=O)c1cc2ccccc2n1Cc1ccccc1)c1ccccc1 1 CC(CCC1CCCCC1)C1CC2CCCCC2C1CC1CCCCC1 0.3550000 0.3550 0.3221930 0.3222 0.6666667 0.6667 1.0000000 1.0000 0.6778070 0.6778 1.0000000 1.0000 1.0000000 365.4360 0.5353639 2.5384 1.0000000 1.0000 0.33333333333333337 0.4785133226985431 []
 | 28.8761 30.0668 35.4951 0.5122020 CC(=O)c1ccccc1Nc1ncccc1-c1nc(C)no1 1 C1CCC(CC2CCCCC2C2CCCC2)CC1 0.1950000 0.1950 0.2758803 0.2759 0.3333333 0.3333 1.0000000 1.0000 0.7769433 0.7769 1.0000000 1.0000 1.0000000 294.3140 0.5284449 2.2367 1.0000000 1.0000 0.6666666666666667 0.3962007067131506 []
 | 25.5138 32.8048 44.3501 0.6027726 O=C(NC(c1ccccc1)c1ccccc1)c1ccc(NS(=O)(=O)c2cccc(Br)c2)cc1 1 CC(CC(C1CCCCC1)C1CCCCC1)C1CCC(CC(C)(C)C2CCCCC2)CC1 0.3300000 0.3300 0.2507061 0.2507 0.6666667 0.6667 1.0000000 1.0000 0.7492939 0.7493 1.0000000 1.0000 1.0000000 521.4360 0.5227736 1.9897 1.0000000 1.0000 0.33333333333333337 0.4702127178203499 []
 | 24.5707 28.4374 46.3706 0.5844377 CCc1ccc(NC(=O)c2cn3ccccc3c2C#N)cc1 1 CC(CC1CCCCC1)C1CC2CCCCC2C1 0.2750000 0.2750 0.2478408 0.2478 0.6666667 0.6667 1.0000000 1.0000 0.7521592 0.7522 1.0000000 1.0000 1.0000000 289.3380 0.5268548 2.1674 1.0000000 1.0000 0.33333333333333337 0.44651427748729383 []
 | 38.4083 49.9140 23.7850 0.5757727 Nc1c(Cc2cccc(-c3ccccc3)c2)sc(NC(=O)c2ccno2)c1N 1 CC(CC1CCC(CC2CCCC(C3CCCCC3)C2)C1)C1CCCC1 0.3700000 0.3700 0.3287980 0.3288 0.3333333 0.3333 1.0000000 1.0000 0.6712020 0.6712 1.0000000 1.0000 1.0000000 390.4680 0.5378896 2.6487 1.0000000 1.0000 0.6666666666666667 0.4828043081829324 []
 | 23.4275 29.6250 47.6171 0.6034540 O=C(NCc1ccnc(-c2ccccc2)c1)c1ccccc1Br 1 CC(CCC1CCCC(C2CCCCC2)C1)C1CCCCC1 0.2950000 0.2950 0.3119251 0.3119 0.6666667 0.6667 1.0000000 1.0000 0.6880749 0.6881 1.0000000 1.0000 1.0000000 367.2460 0.5178315 1.7747 1.0000000 1.0000 0.33333333333333337 0.4560427611529428 []
 | 37.8115 37.1322 -30.8677 0.0489413 Fc1ccccc1-c1cn(CCCN2CC[C@@H](Cc3ccccc3)C2)nn1 1 C1CCC(CC2CCC(CCCC3CCC(C4CCCCC4)C3)C2)CC1 0.1700000 0.1700 0.2454159 0.2454 0.0000000 0.0000 1.0000000 1.0000 0.7651443 0.7651 1.0000000 1.0000 1.0000000 364.4680 0.5381179 2.6587 1.0000000 1.0000 1.0 0.375632799419859 []
 | 27.4397 31.5034 33.9658 0.5114780 O=C(c1ccccc1Br)N1CCS[C@H]1c1ccccc1I 1 CC(C1CCCCC1)C1CCCC1C1CCCCC1 0.2250000 0.2250 0.2226468 0.2226 0.3333333 0.3333 1.0000000 1.0000 0.7866477 0.7866 1.0000000 1.0000 1.0000000 474.1610 0.5417891 2.8191 1.0000000 1.0000 0.6666666666666667 0.41758232721225164 []
 | 35.2293 41.6873 -41.6873 0.0000000 Cc1cccc(C)c1NC(=O)c1ccccc1C1=NN2c3ccccc3NC(=O)[C@H]2C1 1 CC(CC1CCCCC1)C1CCCCC1C1CC2C(C)CC3CCCCC3C2C1 0.0000000 0.0000 0.0000000 0.0000 0.0000000 0.0000 0.0000000 0.0000 0.0000000 0.0000 0.0000000 0.0000 0.0000000 0.0000 0.0000000 0.0000 0.0000000 0.0000 None None ['[#7;!n][#7;!n]']
 | 24.7793 27.9112 37.1918 0.5086167 N#Cc1ccc(SCCC(=O)N2CCN(c3ccccc3F)CC2)cc1 1 CC(CCCC1CCCCC1)C1CCC(C2CCCCC2)CC1 0.2350000 0.2350 0.2023622 0.2024 0.3333333 0.3333 1.0000000 1.0000 0.8060855 0.8061 1.0000000 1.0000 1.0000000 369.4650 0.5253896 2.1036 1.0000000 1.0000 0.6666666666666667 0.4239988207530771 []
21:04:40 <INFO> Score: 0.49 Agent NLL: 26.51 Valid: 100% Step: 87
 | Agent Prior Target Score SMILES SMILES_state Scaffold predicted_activity predicted_activity (raw) training_similarity training_similarity (raw) taf_consistency taf_consistency (raw) scaffold_novelty scaffold_novelty (raw) novelty novelty (raw) stereo_validity stereo_validity (raw) MW_window MW_window (raw) synthetic_feasibility synthetic_feasibility (raw) curated alerts filter curated alerts filter (raw) taf_disrupted (predicted_activity) uncertainty (predicted_activity) matchting_patterns (curated alerts filter)
 | 30.8187 36.1491 30.3847 0.5197955 C[C@@H]1C[C@H]1c1cccc(CNC(=S)Nc2ccccc2F)c1 1 CC(CCC1CCCC(C2CC2)C1)CC1CCCCC1 0.2150000 0.2150 0.2758803 0.2759 0.3333333 0.3333 1.0000000 1.0000 0.7521592 0.7522 1.0000000 1.0000 1.0000000 314.4290 0.5392408 2.7077 1.0000000 1.0000 0.6666666666666667 0.41082234603292944 []
 | 18.0236 21.5881 -14.5545 0.0549501 C(=N/n1cnnc1)/c1ccccc1OCc1ccccc1 1 C1CCC(CCC2CCCCC2CCC2CCCC2)CC1 0.2650000 0.2650 0.4168275 0.4168 0.0000000 0.0000 1.0000000 1.0000 0.5831725 0.5832 1.0000000 1.0000 1.0000000 278.3150 0.5275228 2.1965 1.0000000 1.0000 1.0 0.4413332074521472 []
 | 23.0666 30.9058 35.6871 0.5202564 CCOc1ccccc1NC(=O)c1ccnc(CN2CCOCC2)n1 1 CC(CC1CCCCC1)C1CCCC(CC2CCCCC2)C1 0.2050000 0.2050 0.3076977 0.3077 0.3333333 0.3333 1.0000000 1.0000 0.7237544 0.7238 1.0000000 1.0000 1.0000000 342.3990 0.5272150 2.1831 1.0000000 1.0000 0.6666666666666667 0.40370162248868907 []
 | 23.8296 26.7302 39.8052 0.5198081 Cc1cccc(C(=O)NCC(=O)N2CCc3ccccc3C2)c1 1 CC(CCC(C)C1CCC2CCCCC2C1)C1CCCCC1 0.2450000 0.2450 0.2353104 0.2353 0.3333333 0.3333 1.0000000 1.0000 0.7716942 0.7717 1.0000000 1.0000 1.0000000 308.3810 0.5195395 1.8490 1.0000000 1.0000 0.6666666666666667 0.4300872004605578 []
 | 24.9125 32.2324 38.7951 0.5549023 S=C(NC[C@@H](OCc1ccccc1)c1ccccc1)Nc1cccc(Cl)c1 1 CC(CCC(CCC1CCCCC1)C1CCCCC1)CC1CCCCC1 0.2900000 0.2900 0.3469771 0.3470 0.3333333 0.3333 1.0000000 1.0000 0.6530229 0.6530 1.0000000 1.0000 1.0000000 396.9430 0.5330908 2.4392 1.0000000 1.0000 0.6666666666666667 0.4537620521815371 []
 | 27.8852 38.2075 32.6794 0.5538032 CC(C)c1ccccc1NC(=O)c1ccccc1NC(=O)c1ccccc1NC(=O)c1ccncc1 1 CC(CC1CCCCC1C(C)CC1CCCCC1C(C)CC1CCCCC1)C1CCCCC1 0.3300000 0.3300 0.2702702 0.2703 0.3333333 0.3333 1.0000000 1.0000 0.7297298 0.7297 1.0000000 1.0000 1.0000000 478.5520 0.5247599 2.0762 1.0000000 1.0000 0.6666666666666667 0.4702127178203499 []
 | 25.8966 37.6013 39.3993 0.6015670 N#Cc1ccccc1C(=O)NCc1nc(Oc2ccccc2)co1 1 CC(CCC1CCC(CC2CCCCC2)C1)C1CCCCC1 0.2950000 0.2950 0.2940858 0.2941 0.6666667 0.6667 1.0000000 1.0000 0.7059142 0.7059 1.0000000 1.0000 1.0000000 319.3200 0.5314344 2.3670 1.0000000 1.0000 0.33333333333333337 0.4560427611529428 []
 | 29.4719 36.5819 29.4363 0.5157671 CNCc1ncc(CNC(=O)Cn2ccc(N)n2)cn1 1 CC(CCC1CCCCC1)CC1CCCC1 0.2300000 0.2300 0.2353104 0.2353 0.3333333 0.3333 1.0000000 1.0000 0.7716942 0.7717 1.0000000 1.0000 1.0000000 275.3160 0.5368114 2.6016 1.0000000 1.0000 0.6666666666666667 0.4208325082500163 []
 | 28.8150 37.6471 33.0340 0.5521959 O=C(N[C@H]1C(=O)NCC[C@@H]1c1ccccc1)c1ccccc1OCCc1ccccc1 1 CC(CC1C(C)CCCC1C1CCCCC1)C1CCCCC1CCCC1CCCCC1 0.2700000 0.2700 0.3719924 0.3720 0.3333333 0.3333 1.0000000 1.0000 0.6280076 0.6280 1.0000000 1.0000 1.0000000 414.5050 0.5437163 2.9034 1.0000000 1.0000 0.6666666666666667 0.4439594576084623 []
 | 31.9599 41.0634 26.2302 0.5257310 O=C(COc1ccc(C(=O)CNCc2ccccc2)cc1)N[C@@H]1C=CCCC1 1 CC(CCC1CCC(C(C)CCCC2CCCCC2)CC1)CC1CCCCC1 0.2150000 0.2150 0.3254934 0.3255 0.3333333 0.3333 1.0000000 1.0000 0.6745066 0.6745 1.0000000 1.0000 1.0000000 378.4720 0.5405416 2.7646 1.0000000 1.0000 0.6666666666666667 0.41082234603292944 []
21:04:45 <INFO> Score: 0.47 Agent NLL: 25.92 Valid: 100% Step: 88
 | Agent Prior Target Score SMILES SMILES_state Scaffold predicted_activity predicted_activity (raw) training_similarity training_similarity (raw) taf_consistency taf_consistency (raw) scaffold_novelty scaffold_novelty (raw) novelty novelty (raw) stereo_validity stereo_validity (raw) MW_window MW_window (raw) synthetic_feasibility synthetic_feasibility (raw) curated alerts filter curated alerts filter (raw) taf_disrupted (predicted_activity) uncertainty (predicted_activity) matchting_patterns (curated alerts filter)
 | 28.1525 37.0679 40.6825 0.6074256 N#Cc1ccc(NCc2ccc3ccccc3n2)cc1NC(=O)c1ccco1 1 CC(CC1CCCC(CCC2CCC3CCCCC3C2)C1)C1CCCC1 0.3300000 0.3300 0.2684624 0.2685 0.6666667 0.6667 1.0000000 1.0000 0.7315376 0.7315 1.0000000 1.0000 1.0000000 368.3960 0.5288561 2.2546 1.0000000 1.0000 0.33333333333333337 0.4702127178203499 []
 | 26.0529 29.1380 28.9853 0.4540876 CCc1nsc(NCc2ccn(C3CCNCC3)n2)n1 1 C1CCC(C2CCC(CCC3CCCC3)C2)CC1 0.1300000 0.1300 0.1674277 0.1674 0.3333333 0.3333 1.0000000 1.0000 0.8696785 0.8697 1.0000000 1.0000 1.0000000 292.4120 0.5442883 2.9285 1.0000000 1.0000 0.6666666666666667 0.33630343441600474 []
 | 26.9966 31.9958 37.0919 0.5397480 N#C[C@@H]1CC(Nc2nccs2)CN1 1 C1CCC(CC2CCCC2)C1 0.2150000 0.2150 0.2165328 0.2165 0.6666667 0.6667 1.0000000 1.0000 0.8416109 0.8416 0.5000000 0.5000 1.0000000 194.2630 0.5455167 4.0177 1.0000000 1.0000 0.33333333333333337 0.41082234603292944 []
 | 27.6804 34.9861 34.7977 0.5451857 O=C(NCc1cccnc1)c1nccnc1-c1cc(F)cc(Cl)c1 1 CC(CCC1CCCCC1)C1CCCCC1C1CCCCC1 0.3050000 0.3050 0.2610185 0.2610 0.3333333 0.3333 1.0000000 1.0000 0.7389815 0.7390 1.0000000 1.0000 1.0000000 342.7610 0.5300215 2.3054 1.0000000 1.0000 0.6666666666666667 0.460407428263272 []
 | 26.2518 27.3028 41.7110 0.5391707 CC(C)S(=O)(=O)c1ccc(NC(=O)c2ccc3ccccc3c2)cc1 1 CC(CC1CCCCC1)C1CCC2CCCCC2C1 0.2850000 0.2850 0.2666904 0.2667 0.3333333 0.3333 1.0000000 1.0000 0.7333096 0.7333 1.0000000 1.0000 1.0000000 353.4430 0.5181591 1.7890 1.0000000 1.0000 0.6666666666666667 0.4514144437210666 []
 | 22.6664 32.3545 37.3924 0.5448982 O=C(Nc1cnn(-c2ccccc2)c1)c1ccnn1Cc1ccc(F)cc1 1 CC(CC1CCC(C2CCCCC2)C1)C1CCCC1CC1CCCCC1 0.2900000 0.2900 0.2847474 0.2847 0.3333333 0.3333 1.0000000 1.0000 0.7152526 0.7153 1.0000000 1.0000 1.0000000 361.3800 0.5271034 2.1782 1.0000000 1.0000 0.6666666666666667 0.4537620521815371 []
 | 24.3259 37.7702 31.1380 0.5383453 COc1ccc(NS(=O)(=O)c2cccc(NCc3cccc(C(=O)Nc4ccccc4)c3)c2)cc1 1 CC(CC1CCCCC1)C1CCCC(CCC2CCCC(C(C)(C)CC3CCCCC3)C2)C1 0.2650000 0.2650 0.2963745 0.2964 0.3333333 0.3333 1.0000000 1.0000 0.7036255 0.7036 1.0000000 1.0000 1.0000000 487.5810 0.5222496 1.9669 1.0000000 1.0000 0.6666666666666667 0.4413332074521472 []
 | 29.7741 37.1287 25.9804 0.4930401 FC(F)(F)c1cccc(-c2n[nH]c(CNc3ccc(-c4ncn[nH]4)cc3)n2)c1 1 C1CCC(C2CCC(CCC3CCC(C4CCCC4)CC3)C2)CC1 0.2500000 0.2500 0.1394972 0.1395 0.3333333 0.3333 1.0000000 1.0000 0.8605028 0.8605 1.0000000 1.0000 1.0000000 385.3530 0.5359116 2.5623 1.0000000 1.0000 0.6666666666666667 0.4330127018922193 []
 | 25.7973 30.7891 43.5208 0.5805459 C(#CC1COC1)c1ccc(CNCc2ccccc2)cc1 1 C1CCC(CCCC2CCC(CCC3CCC3)CC2)CC1 0.2100000 0.2100 0.3534227 0.3534 0.6666667 0.6667 1.0000000 1.0000 0.6851999 0.6852 1.0000000 1.0000 1.0000000 277.3670 0.5285600 2.2417 1.0000000 1.0000 0.33333333333333337 0.4073082370883261 []
 | 27.8486 31.3497 35.7594 0.5242892 NCCc1ccc2c(c1)C(c1ccccc1)=NCCN2 1 C1CCC(C2CCCCC3CCCCC32)CC1 0.2400000 0.2400 0.2632491 0.2632 0.3333333 0.3333 1.0000000 1.0000 0.7367509 0.7368 1.0000000 1.0000 1.0000000 265.3600 0.5302134 2.3138 1.0000000 1.0000 0.6666666666666667 0.4270831300812524 []
21:04:48 <INFO> Score: 0.48 Agent NLL: 27.90 Valid:  98% Step: 89
 | Agent Prior Target Score SMILES SMILES_state Scaffold predicted_activity predicted_activity (raw) training_similarity training_similarity (raw) taf_consistency taf_consistency (raw) scaffold_novelty scaffold_novelty (raw) novelty novelty (raw) stereo_validity stereo_validity (raw) MW_window MW_window (raw) synthetic_feasibility synthetic_feasibility (raw) curated alerts filter curated alerts filter (raw) taf_disrupted (predicted_activity) uncertainty (predicted_activity) matchting_patterns (curated alerts filter)
 | 40.6456 50.7127 15.6950 0.5188096 O=C(c1ccc(CNc2ccccc2CN2C[C@H]3C[C@@H](C2)c2ccccc2O3)o1)N1CCOCC1 1 CC(C1CCCCC1)C1CCC(CCC2CCCCC2CC2CC3CC4CCCCC4C(C2)C3)C1 0.2150000 0.2150 0.2711428 0.2711 0.3333333 0.3333 1.0000000 1.0000 0.7494557 0.7495 1.0000000 1.0000 1.0000000 473.5730 0.5442532 4.0731 1.0000000 1.0000 0.6666666666666667 0.41082234603292944 []
 | 50.0666 50.0724 17.9270 0.5312454 O=C(Cc1cccc2ccccc12)Nc1ccc([C@H](O)CNCc2cc(Cl)cc3cccnc23)cc1F 1 CC(CC1CCC(CCCCC2CCCC3CCCCC23)CC1)CC1CCCC2CCCCC21 0.2800000 0.2800 0.2278356 0.2278 0.3333333 0.3333 1.0000000 1.0000 0.7721644 0.7722 1.0000000 1.0000 1.0000000 514.0000 0.5434683 2.8926 1.0000000 1.0000 0.6666666666666667 0.44899888641287294 []
 | 32.3214 43.7200 27.4094 0.5556979 CCOc1ccccc1NC(=O)c1[nH]c2ccccc2c1C(=O)NC(c1ccccc1)c1ccccc1 1 CC(CC1CCCCC1)C1CC2CCCCC2C1C(C)CC(C1CCCCC1)C1CCCCC1 0.3150000 0.3150 0.3022439 0.3022 0.3333333 0.3333 1.0000000 1.0000 0.6977561 0.6978 1.0000000 1.0000 1.0000000 489.5750 0.5294457 2.2803 1.0000000 1.0000 0.6666666666666667 0.46451587701606073 []
 | 33.4675 37.1803 -12.1390 0.1956354 Nc1cccc2c1N(c1ccccc1CC1CCN1)CCC2 1 C1CC(CC2CCCCC2C2CCCC3CCCCC32)C1 0.1900000 0.1900 0.2005649 0.2006 0.3333333 0.3333 1.0000000 1.0000 0.7994351 0.7994 0.0000000 0.0000 1.0000000 293.4140 0.5448907 2.9548 1.0000000 1.0000 0.6666666666666667 0.39230090491866065 []
 | 23.4046 30.0126 39.4308 0.5425264 O=C(Nc1ccc(Cl)cc1)c1ccc(CNc2ccccc2C(=O)c2ccccc2)cc1 1 CC(CC1CCCCC1)C1CCC(CCC2CCCCC2C(C)C2CCCCC2)CC1 0.2900000 0.2900 0.2757767 0.2758 0.3333333 0.3333 1.0000000 1.0000 0.7242233 0.7242 1.0000000 1.0000 1.0000000 440.9300 0.5186915 1.8121 1.0000000 1.0000 0.6666666666666667 0.4537620521815371 []
 | 22.3881 28.1292 41.8796 0.5469441 O=C(Nc1ccc(N2C(=O)c3ccccc3C2=O)cc1)c1cnc(-c2ccccc2)s1 1 CC(CC1CCC(C2C(C)C3CCCCC3C2C)CC1)C1CCC(C2CCCCC2)C1 0.2900000 0.2900 0.2974089 0.2974 0.3333333 0.3333 1.0000000 1.0000 0.7025911 0.7026 1.0000000 1.0000 1.0000000 425.4690 0.5254171 2.1048 1.0000000 1.0000 0.6666666666666667 0.4537620521815371 []
 | 22.5644 27.0503 41.8734 0.5384665 O=C(NCc1ccccc1F)c1ccc(S(=O)(=O)Nc2ncccn2)cc1 1 CC(CCC1CCCCC1)C1CCC(C(C)(C)CC2CCCCC2)CC1 0.2900000 0.2900 0.2536731 0.2537 0.3333333 0.3333 1.0000000 1.0000 0.7463269 0.7463 1.0000000 1.0000 1.0000000 386.4080 0.5225744 1.9811 1.0000000 1.0000 0.6666666666666667 0.4537620521815371 []
 | 23.8922 29.8984 38.2122 0.5321139 O=C(Nc1ccccc1Sc1ccccc1)c1nc(-c2ccccc2)nc2ccccc12 1 CC(CC1CCCCC1CC1CCCCC1)C1CC(C2CCCCC2)CC2CCCCC21 0.2850000 0.2850 0.2310733 0.2311 0.3333333 0.3333 1.0000000 1.0000 0.7689267 0.7689 1.0000000 1.0000 1.0000000 433.5360 0.5256515 2.1150 1.0000000 1.0000 0.6666666666666667 0.4514144437210666 []
 | 35.5657 45.3061 20.2155 0.5118873 COc1cc(OC)cc([C@@H]2CC[C@H]2CNCc2cn(C(=O)OC(C)(C)C)cn2)c1 1 C1CCC(C2CCC2CCCC2CCCC2)CC1 0.1150000 0.1150 0.2550722 0.2551 0.6666667 0.6667 1.0000000 1.0000 0.7854788 0.7855 1.0000000 1.0000 1.0000000 401.5070 0.5566989 3.4730 1.0000000 1.0000 0.33333333333333337 0.31902194281898544 []
 | 19.7957 31.8447 44.2988 0.5948717 N#Cc1ccsc1NC(=O)c1ccccc1NS(=O)(=O)c1ccccc1Br 1 CC(CC1CCCC1)C1CCCCC1CC(C)(C)C1CCCCC1 0.3350000 0.3350 0.2135605 0.2136 0.6666667 0.6667 1.0000000 1.0000 0.7864395 0.7864 1.0000000 1.0000 1.0000000 462.3500 0.5280850 2.2210 1.0000000 1.0000 0.33333333333333337 0.4719904660054057 []
21:04:48 <INFO> Sampled SMILES c1cc2c3c(cccc3ccc2)c1C(=O)Nc1ccc(cc1)CNC(=O)c1ccco1 failed to sanitize.
21:04:52 <INFO> Score: 0.45 Agent NLL: 27.09 Valid:  98% Step: 90
 | Agent Prior Target Score SMILES SMILES_state Scaffold predicted_activity predicted_activity (raw) training_similarity training_similarity (raw) taf_consistency taf_consistency (raw) scaffold_novelty scaffold_novelty (raw) novelty novelty (raw) stereo_validity stereo_validity (raw) MW_window MW_window (raw) synthetic_feasibility synthetic_feasibility (raw) curated alerts filter curated alerts filter (raw) taf_disrupted (predicted_activity) uncertainty (predicted_activity) matchting_patterns (curated alerts filter)
 | 27.8420 38.2347 31.4407 0.5443395 O=C(Nc1c(C(=O)Nc2nc3ccccc3s2)cccc1-c1ccccc1)c1cccs1 1 CC(CC1C(C(C)CC2CC3CCCCC3C2)CCCC1C1CCCCC1)C1CCCC1 0.3250000 0.3250 0.2324953 0.2325 0.3333333 0.3333 1.0000000 1.0000 0.7675047 0.7675 1.0000000 1.0000 1.0000000 455.5640 0.5268724 2.1682 1.0000000 1.0000 0.6666666666666667 0.4683748498798799 []
 | 25.8179 31.5217 42.9505 0.5818147 Cc1cc(C(=O)Nc2c(F)cccc2Cl)nc(Nc2ccccc2C#N)n1 1 CC(CC1CCCCC1)C1CCCC(CC2CCCCC2)C1 0.3000000 0.3000 0.2051823 0.2052 0.6666667 0.6667 1.0000000 1.0000 0.7948177 0.7948 1.0000000 1.0000 1.0000000 381.7980 0.5310982 2.3523 1.0000000 1.0000 0.33333333333333337 0.45825756949558394 []
 | 34.0783 38.7411 -38.7411 0.0000000 N#CCOc1cccc(NC2=CC(N)=CCN2)c1 1 C1CCC(CC2CCCCC2)CC1 0.2700000 0.2700 0.3212081 0.3212 0.6666667 0.6667 1.0000000 1.0000 0.8072149 0.8072 1.0000000 1.0000 1.0000000 242.2820 0.5486344 3.1189 1.0000000 1.0000 0.33333333333333337 0.4439594576084622 []
 | 23.3068 26.5334 -26.5334 0.0000000 NCC#Cc1cnccc1C(=O)Nc1ccc(Br)cn1 1 CC(CC1CCCCC1)C1CCCCC1 0.3000000 0.3000 0.2118967 0.2119 0.6666667 0.6667 1.0000000 1.0000 0.7881033 0.7881 1.0000000 1.0000 1.0000000 331.1730 0.5339640 2.4773 1.0000000 1.0000 0.33333333333333337 0.45825756949558394 []
 | 24.5103 30.3656 -0.1160 0.2363248 N#Cc1ccccc1NS(=O)(=O)c1ccc(C(=O)OCC2CCCCO2)cc1 1 CC(CCC1CCCCC1)C1CCC(C(C)(C)CC2CCCCC2)CC1 0.2100000 0.2100 0.2578440 0.2578 1.0000000 1.0000 1.0000000 1.0000 0.7492216 0.7492 0.0000000 0.0000 1.0000000 400.4560 0.5369931 2.6095 1.0000000 1.0000 0.0 0.4073082370883261 []
 | 18.2696 26.6261 52.0136 0.6143723 N#Cc1ccccc1NC(=O)COC(=O)c1ccc(NC(=O)c2cccs2)cc1 1 CC(CCC(C)C1CCC(CC(C)C2CCCC2)CC1)CC1CCCCC1 0.2800000 0.2800 0.2324953 0.2325 1.0000000 1.0000 1.0000000 1.0000 0.7675047 0.7675 1.0000000 1.0000 1.0000000 405.4350 0.5230023 1.9997 1.0000000 1.0000 0.0 0.44899888641287294 []
 | 22.6643 36.3304 -36.3304 0.0000000 N#Cc1ccccc1NC(=O)c1cc(NNc2ccc(Cl)cc2)ncn1 1 CC(CC1CCCCC1)C1CCCC(CCC2CCCCC2)C1 0.0000000 0.0000 0.0000000 0.0000 0.0000000 0.0000 0.0000000 0.0000 0.0000000 0.0000 0.0000000 0.0000 0.0000000 0.0000 0.0000000 0.0000 0.0000000 0.0000 None None ['[#7;!n][#7;!n]']
 | 26.4418 28.5057 50.2846 0.6155497 O=C(CNS(=O)(=O)c1ccccc1Br)OCc1ccc(Cl)cc1 1 CC(CCC1CCCCC1)CCC(C)(C)C1CCCCC1 0.2400000 0.2400 0.3096116 0.3096 1.0000000 1.0000 1.0000000 1.0000 0.6919023 0.6919 1.0000000 1.0000 1.0000000 418.6960 0.5216433 1.9405 1.0000000 1.0000 0.0 0.4270831300812525 []
 | 28.8751 35.1472 31.9224 0.5239809 O=C(NCCCNC(=O)c1cccs1)c1cccc(Nc2ccncn2)c1 1 CC(CCCCCC(C)C1CCCC(CC2CCCCC2)C1)C1CCCC1 0.2700000 0.2700 0.2151411 0.2151 0.3333333 0.3333 1.0000000 1.0000 0.7907543 0.7908 1.0000000 1.0000 1.0000000 381.4610 0.5277703 2.2073 1.0000000 1.0000 0.6666666666666667 0.4439594576084623 []
 | 31.5661 37.5295 -31.0541 0.0505891 O=C(/C=C/c1ccccc1OCc1ccc(Cl)cc1Cl)c1cccc(-n2cccn2)c1 1 CC(CCC1CCCCC1CCC1CCCCC1)C1CCCC(C2CCCC2)C1 0.2150000 0.2150 0.2374531 0.2375 0.0000000 0.0000 1.0000000 1.0000 0.7625469 0.7625 1.0000000 1.0000 1.0000000 449.3370 0.5298661 2.2986 1.0000000 1.0000 1.0 0.41082234603292944 []
21:04:52 <INFO> Sampled SMILES n1ccn2ccsc21CCNC(c1sccc1)=O failed to sanitize.
21:04:56 <INFO> Score: 0.49 Agent NLL: 28.29 Valid:  98% Step: 91
 | Agent Prior Target Score SMILES SMILES_state Scaffold predicted_activity predicted_activity (raw) training_similarity training_similarity (raw) taf_consistency taf_consistency (raw) scaffold_novelty scaffold_novelty (raw) novelty novelty (raw) stereo_validity stereo_validity (raw) MW_window MW_window (raw) synthetic_feasibility synthetic_feasibility (raw) curated alerts filter curated alerts filter (raw) taf_disrupted (predicted_activity) uncertainty (predicted_activity) matchting_patterns (curated alerts filter)
 | 31.3614 41.0783 28.8555 0.5463584 CC(C)c1ccccc1NC(=O)c1cc(Cl)ccc1CCOc1cccnc1 1 CC(CC1CCCCC1)C1CCCCC1CCCC1CCCCC1 0.3000000 0.3000 0.2735054 0.2735 0.3333333 0.3333 1.0000000 1.0000 0.7339893 0.7340 1.0000000 1.0000 1.0000000 394.9020 0.5259086 2.1262 1.0000000 1.0000 0.6666666666666667 0.45825756949558394 []
 | 37.6281 48.0930 28.7428 0.6002797 C[C@@H](C(=O)NCC(=O)NCCOc1ccc(C#N)cc1)N(Cc1ccccc1)C(=O)Cc1ccsc1 1 CC(CCCCC1CCCCC1)CCC(C)CC(CC1CCCCC1)C(C)CC1CCCC1 0.2900000 0.2900 0.2899725 0.2900 0.6666667 0.6667 1.0000000 1.0000 0.7100275 0.7100 1.0000000 1.0000 1.0000000 504.6120 0.5443687 2.9320 1.0000000 1.0000 0.33333333333333337 0.4537620521815371 []
 | 24.0152 33.0729 32.2076 0.5100037 Cc1cccc(Oc2ncccc2C(=O)Oc2ccccc2C#N)c1 1 CC(CC1CCCCC1)C1CCCCC1CC1CCCCC1 0.2100000 0.2100 0.2421240 0.2421 0.3333333 0.3333 1.0000000 1.0000 0.7864395 0.7864 1.0000000 1.0000 1.0000000 330.3430 0.5255043 2.1086 1.0000000 1.0000 0.6666666666666667 0.40730823708832603 []
 | 27.9873 34.9310 37.1484 0.5631200 COC(=O)c1cc(CNc2nnc(CCc3ccccc3)o2)cc(OC)c1 1 C1CCC(CCC2CCC(CCC3CCCCC3)C2)CC1 0.1950000 0.1950 0.3053124 0.3053 0.6666667 0.6667 1.0000000 1.0000 0.6946876 0.6947 1.0000000 1.0000 1.0000000 367.4050 0.5286270 2.2446 1.0000000 1.0000 0.33333333333333337 0.3962007067131506 []
 | 34.5764 41.3385 26.9617 0.5335954 O=C(c1cncc(Br)c1)N1CC[C@](CCc2ccccc2)(C(=O)c2ccccc2)C1 1 CC(C1CCCCC1)C1CCC(CCC2CCCCC2)(C(C)C2CCCCC2)C1 0.2350000 0.2350 0.3019318 0.3019 0.3333333 0.3333 1.0000000 1.0000 0.7442552 0.7443 1.0000000 1.0000 1.0000000 463.3750 0.5418550 2.8220 1.0000000 1.0000 0.6666666666666667 0.4239988207530771 []
 | 29.4273 34.8255 -8.9192 0.2023923 c1ccc(Nc2cc(C3CCNC3)nc(C3CCCN3)n2)cc1 1 C1CCC(CC2CC(C3CCCC3)CC(C3CCCC3)C2)CC1 0.2150000 0.2150 0.2143465 0.2143 0.3333333 0.3333 1.0000000 1.0000 0.8245057 0.8245 0.0000000 0.0000 1.0000000 309.4170 0.5541496 3.3609 1.0000000 1.0000 0.6666666666666667 0.41082234603292944 []
 | 25.2637 26.9776 37.1389 0.5009098 Cc1ccc(Nc2ccnc(N3CCc4ccccc43)n2)cc1C 1 C1CCC(CC2CCCC(C3CCC4CCCCC43)C2)CC1 0.2250000 0.2250 0.1862481 0.1862 0.3333333 0.3333 1.0000000 1.0000 0.8284499 0.8284 1.0000000 1.0000 1.0000000 316.4080 0.5273236 2.1878 1.0000000 1.0000 0.6666666666666667 0.41758232721225164 []
 | 34.6868 38.4393 -11.1136 0.2134820 Cc1nc(-c2ccccc2NC(=O)c2ccccc2C2CN(Cc3ccccc3)CCO2)no1 1 CC(CC1CCCCC1C1CCCC1)C1CCCCC1C1CCCC(CC2CCCCC2)C1 0.2550000 0.2550 0.2946879 0.2947 0.3333333 0.3333 1.0000000 1.0000 0.7053121 0.7053 0.0000000 0.0000 1.0000000 454.5300 0.5415167 2.8072 1.0000000 1.0000 0.6666666666666667 0.43586121644395015 []
 | 29.4265 35.2573 29.7562 0.5079176 Cn1cncc1CSc1cc(C(=O)Nc2nccs2)ccn1 1 CC(CC1CCCC1)C1CCCC(CCC2CCCC2)C1 0.2350000 0.2350 0.1980295 0.1980 0.3333333 0.3333 1.0000000 1.0000 0.8019705 0.8020 1.0000000 1.0000 1.0000000 331.4260 0.5382943 2.6664 1.0000000 1.0000 0.6666666666666667 0.4239988207530771 []
 | 32.0329 36.7170 28.3103 0.5080257 O=C(NCc1ccnn1Cc1cc(Cl)ccc1F)c1ccc(N2CCOCC2)cc1 1 CC(CCC1CCCC1CC1CCCCC1)C1CCC(C2CCCCC2)CC1 0.2450000 0.2450 0.1867719 0.1868 0.3333333 0.3333 1.0000000 1.0000 0.8210251 0.8210 1.0000000 1.0000 1.0000000 428.8950 0.5301080 2.3092 1.0000000 1.0000 0.6666666666666667 0.43008720046055776 []
21:04:56 <INFO> Sampled SMILES C1Cc2ccccc2[C@H](N1Cc1c2c(nc(o1)-c1ccccc1)C(NC2)=O)C failed to sanitize.
21:04:59 <INFO> Score: 0.47 Agent NLL: 26.69 Valid:  98% Step: 92
 | Agent Prior Target Score SMILES SMILES_state Scaffold predicted_activity predicted_activity (raw) training_similarity training_similarity (raw) taf_consistency taf_consistency (raw) scaffold_novelty scaffold_novelty (raw) novelty novelty (raw) stereo_validity stereo_validity (raw) MW_window MW_window (raw) synthetic_feasibility synthetic_feasibility (raw) curated alerts filter curated alerts filter (raw) taf_disrupted (predicted_activity) uncertainty (predicted_activity) matchting_patterns (curated alerts filter)
 | 29.9956 41.1976 -12.1328 0.2270684 CN1C(=O)C(c2ccccc2)NC1CNCc1ccc(C#N)s1 1 CC1CC(CCCC2CCCC2)CC1C1CCCCC1 0.2050000 0.2050 0.2930426 0.2930 0.6666667 0.6667 1.0000000 1.0000 0.7389815 0.7390 0.0000000 0.0000 1.0000000 326.4250 0.5529300 3.6926 1.0000000 1.0000 0.33333333333333337 0.403701622488689 []
 | 26.8933 28.9067 34.7689 0.4974659 COc1cccc(-c2cc(NC(=O)CSc3ccccc3)n[nH]2)c1 1 CC(CCC1CCCCC1)CC1CCC(C2CCCCC2)C1 0.1700000 0.1700 0.2680281 0.2680 0.3333333 0.3333 1.0000000 1.0000 0.7627105 0.7627 1.0000000 1.0000 1.0000000 339.4200 0.5244886 2.0644 1.0000000 1.0000 0.6666666666666667 0.375632799419859 []
 | 28.4129 30.5694 31.4481 0.4845121 Clc1ccccc1Cn1c(CNCCc2cccs2)nc2ccccc21 1 C1CCC(CC2C(CCCCC3CCCC3)CC3CCCCC32)CC1 0.2000000 0.2000 0.1678604 0.1679 0.3333333 0.3333 1.0000000 1.0000 0.8321396 0.8321 1.0000000 1.0000 1.0000000 381.9320 0.5258202 2.1224 1.0000000 1.0000 0.6666666666666667 0.4000000000000001 []
 | 23.2881 31.8686 33.5103 0.5107723 O=C(CSc1ccccc1Cl)Nc1ccc(C2=NCCS(=O)(=O)N2)cc1 1 CC(CCC1CCCCC1)CC1CCC(C2CCCC(C)(C)C2)CC1 0.2400000 0.2400 0.1987767 0.1988 0.3333333 0.3333 1.0000000 1.0000 0.8140038 0.8140 1.0000000 1.0000 1.0000000 409.9200 0.5389681 2.6958 1.0000000 1.0000 0.6666666666666667 0.4270831300812525 []
 | 26.1271 31.2258 38.2463 0.5427509 O=C(c1ccc(OCc2cccnc2)cc1)N1CCNC[C@H]1Cc1ccccc1 1 CC(C1CCC(CCC2CCCCC2)CC1)C1CCCCC1CC1CCCCC1 0.2300000 0.2300 0.3979985 0.3980 0.3333333 0.3333 1.0000000 1.0000 0.6386890 0.6387 1.0000000 1.0000 1.0000000 387.4830 0.5357817 2.5566 1.0000000 1.0000 0.6666666666666667 0.4208325082500163 []
 | 22.7881 28.8576 44.1651 0.5704896 COC(=O)c1ccccc1NC(=O)c1cc(Nc2cnccn2)ncn1 1 CC(CC1CCCCC1)C1CCCC(CC2CCCCC2)C1 0.2300000 0.2300 0.2610185 0.2610 0.6666667 0.6667 1.0000000 1.0000 0.7389815 0.7390 1.0000000 1.0000 1.0000000 350.3380 0.5299432 2.3020 1.0000000 1.0000 0.33333333333333337 0.4208325082500163 []
 | 20.6759 31.3733 45.7257 0.6023359 N#Cc1ccccc1CC(=O)NCc1nncn1Cc1ccccc1 1 CC(CCC1CCCC1CC1CCCCC1)CC1CCCCC1 0.3000000 0.3000 0.2908717 0.2909 0.6666667 0.6667 1.0000000 1.0000 0.7091283 0.7091 1.0000000 1.0000 1.0000000 331.3790 0.5281730 2.2248 1.0000000 1.0000 0.33333333333333337 0.45825756949558394 []
 | 25.4855 36.0711 38.2003 0.5802456 O=C(Nc1ccc(OC(=O)c2ccc(Cn3cccc3)cc2)cc1)c1cccc(Br)c1 1 CC(CC1CCC(CC(C)C2CCC(CC3CCCC3)CC2)CC1)C1CCCCC1 0.2650000 0.2650 0.2439750 0.2440 0.6666667 0.6667 1.0000000 1.0000 0.7627105 0.7627 1.0000000 1.0000 1.0000000 475.3420 0.5248223 2.0789 1.0000000 1.0000 0.33333333333333337 0.4413332074521472 []
 | 13.6492 24.3434 -24.3434 0.0000000 N#Cc1ccccc1NC(=O)c1ccnc(NCc2ccccc2)c1 1 CC(CC1CCCCC1)C1CCCC(CCC2CCCCC2)C1 0.3250000 0.3250 0.3185930 0.3186 0.6666667 0.6667 1.0000000 1.0000 0.6814070 0.6814 1.0000000 1.0000 1.0000000 328.3750 0.5212749 1.9245 1.0000000 1.0000 0.33333333333333337 0.4683748498798799 []
 | 38.2094 40.6011 -38.0422 0.0199918 O=C1SC2CCN(c3ccccc3F)C2C/C1=C\c1ccccc1 1 CC1CC2CCC(C3CCCCC3)C2CC1CC1CCCCC1 0.2000000 0.2000 0.2354408 0.2354 0.0000000 0.0000 1.0000000 1.0000 0.7769433 0.7769 0.0000000 0.0000 1.0000000 339.4350 0.5555046 3.4205 1.0000000 1.0000 1.0 0.4000000000000001 []
21:05:00 <INFO> Sampled SMILES O=S(c1ccccc1)(=O)=NCc1ccc(C(=O)Nc2sccn2)cc1 failed to sanitize.
21:05:03 <INFO> Score: 0.43 Agent NLL: 28.65 Valid:  98% Step: 93
 | Agent Prior Target Score SMILES SMILES_state Scaffold predicted_activity predicted_activity (raw) training_similarity training_similarity (raw) taf_consistency taf_consistency (raw) scaffold_novelty scaffold_novelty (raw) novelty novelty (raw) stereo_validity stereo_validity (raw) MW_window MW_window (raw) synthetic_feasibility synthetic_feasibility (raw) curated alerts filter curated alerts filter (raw) taf_disrupted (predicted_activity) uncertainty (predicted_activity) matchting_patterns (curated alerts filter)
 | 28.3644 42.9782 -39.6528 0.0259801 O=C(Nc1ccccc1F)c1ccc(CNC(=O)c2ccccc2NC(=O)c2ccccc2Nc2ccccc2)cc1 1 CC(CC1CCCCC1)C1CCC(CCC(C)C2CCCCC2CC(C)C2CCCCC2CC2CCCCC2)CC1 0.3350000 0.3350 0.2940858 0.2941 0.3333333 0.3333 1.0000000 1.0000 0.7059142 0.7059 1.0000000 1.0000 0.0000000 558.6130 0.5259487 2.1280 1.0000000 1.0000 0.6666666666666667 0.4719904660054057 []
 | 33.3662 45.2210 -42.0750 0.0245779 Cn1cc(CNC(=O)c2ccc(NC(=O)c3ccc(NS(=O)(=O)c4ccccc4F)cc3)cc2)c2ccccc21 1 CC(CCC1CCC2CCCCC21)C1CCC(CC(C)C2CCC(CC(C)(C)C3CCCCC3)CC2)CC1 0.3000000 0.3000 0.2021595 0.2022 0.3333333 0.3333 1.0000000 1.0000 0.7986532 0.7987 1.0000000 1.0000 0.0000000 556.6190 0.5293618 2.2766 1.0000000 1.0000 0.6666666666666667 0.458257569495584 []
 | 26.9384 40.1767 34.5805 0.5840404 N#Cc1ccccc1COc1ccc(C(=O)Nc2cccc(C#Cc3ccccn3)c2)nc1 1 CC(CC1CCCC(CCC2CCCCC2)C1)C1CCC(CCC2CCCCC2)CC1 0.2650000 0.2650 0.2590397 0.2590 0.6666667 0.6667 1.0000000 1.0000 0.7409603 0.7410 1.0000000 1.0000 1.0000000 430.4670 0.5338624 2.4729 1.0000000 1.0000 0.33333333333333337 0.4413332074521472 []
 | 36.4079 42.6553 -42.6553 0.0000000 CN1N=C(C(=O)N2CCc3ccccc3C2)C[C@H]1C(=O)NCc1ccccc1Cn1cccn1 1 CC(CCC1CCCCC1CC1CCCC1)C1CCC(C(C)C2CCC3CCCCC3C2)C1 0.0000000 0.0000 0.0000000 0.0000 0.0000000 0.0000 0.0000000 0.0000 0.0000000 0.0000 0.0000000 0.0000 0.0000000 0.0000 0.0000000 0.0000 0.0000000 0.0000 None None ['[#7;!n][#7;!n]']
 | 32.9521 41.4957 32.0369 0.5744732 N#Cc1c(O)cccc1OC(=O)c1ccccc1NCc1ccccc1[N+](=O)[O-] 1 CC(CC1CCCCC1)C1CCCCC1CCC1CCCCC1 0.2600000 0.2600 0.2279804 0.2280 0.6666667 0.6667 1.0000000 1.0000 0.7720196 0.7720 1.0000000 1.0000 1.0000000 389.3670 0.5311863 2.3562 1.0000000 1.0000 0.33333333333333337 0.4386342439892262 []
 | 30.4176 46.7035 -46.7035 0.0000000 O=C(NNC(=O)[C@H](c1ncc(-c2ccccc2)[nH]1)N1CCCCC1)c1ccc(OCc2ccccc2)cc1 1 CC(CCC(C)C(C1CCCCC1)C1CCC(C2CCCCC2)C1)C1CCC(CCC2CCCCC2)CC1 0.0000000 0.0000 0.0000000 0.0000 0.0000000 0.0000 0.0000000 0.0000 0.0000000 0.0000 0.0000000 0.0000 0.0000000 0.0000 0.0000000 0.0000 0.0000000 0.0000 None None ['[#7;!n][#7;!n]']
 | 29.6903 36.7327 30.6508 0.5264332 Cc1ccccc1[C@@H]1NCCN[C@H]1C(=O)Nc1ccccc1 1 CC(CC1CCCCC1)C1CCCCC1C1CCCCC1 0.2300000 0.2300 0.2757767 0.2758 0.3333333 0.3333 1.0000000 1.0000 0.7567568 0.7568 1.0000000 1.0000 1.0000000 295.3860 0.5450264 2.9608 1.0000000 1.0000 0.6666666666666667 0.4208325082500163 []
 | 37.5845 40.2752 23.7928 0.5005311 OCCNCc1ccc(Nc2nccc(-c3ccc(-c4ccc5ncncc5c4)cc3)n2)cc1 1 C1CCC(CC2CCCC(C3CCC(C4CCC5CCCCC5C4)CC3)C2)CC1 0.2300000 0.2300 0.1806555 0.1807 0.3333333 0.3333 1.0000000 1.0000 0.8193445 0.8193 1.0000000 1.0000 1.0000000 448.5300 0.5320952 2.3958 1.0000000 1.0000 0.6666666666666667 0.4208325082500163 []
 | 25.6815 39.1396 29.7661 0.5383255 Cc1ccccc1NC(=O)c1ccccc1CNCc1ccc(NC(=O)c2ccccc2)cc1 1 CC(CC1CCC(CCCC2CCCCC2C(C)CC2CCCCC2)CC1)C1CCCCC1 0.2800000 0.2800 0.2695787 0.2696 0.3333333 0.3333 1.0000000 1.0000 0.7304213 0.7304 1.0000000 1.0000 1.0000000 449.5540 0.5202745 1.8810 1.0000000 1.0000 0.6666666666666667 0.44899888641287294 []
 | 25.2976 36.8546 41.1674 0.6095476 COC(=O)c1ccc(C(=O)Nc2ccccc2Nc2ccc(C#N)cc2Br)cc1 1 CC(CC1CCCCC1CC1CCCCC1)C1CCCCC1 0.2500000 0.2500 0.2491364 0.2491 1.0000000 1.0000 1.0000000 1.0000 0.7794356 0.7794 1.0000000 1.0000 1.0000000 450.2920 0.5245367 2.0665 1.0000000 1.0000 0.0 0.4330127018922193 []
21:05:03 <INFO> Sampled SMILES c1ccc2N(c3c4CCc3cc4)c3ccccc3NC(=O)c2c1 failed to sanitize.
21:05:07 <INFO> Score: 0.48 Agent NLL: 28.58 Valid:  98% Step: 94
 | Agent Prior Target Score SMILES SMILES_state Scaffold predicted_activity predicted_activity (raw) training_similarity training_similarity (raw) taf_consistency taf_consistency (raw) scaffold_novelty scaffold_novelty (raw) novelty novelty (raw) stereo_validity stereo_validity (raw) MW_window MW_window (raw) synthetic_feasibility synthetic_feasibility (raw) curated alerts filter curated alerts filter (raw) taf_disrupted (predicted_activity) uncertainty (predicted_activity) matchting_patterns (curated alerts filter)
 | 30.5661 37.7029 31.8031 0.5430157 Cc1ccc(OCc2nnc(NC(=O)Nc3cccc(C(=O)Nc4ccccc4)c3)s2)cc1 1 CC(CC1CCC(CCC2CCCCC2)C1)CC1CCCC(C(C)CC2CCCCC2)C1 0.2800000 0.2800 0.2935652 0.2936 0.3333333 0.3333 1.0000000 1.0000 0.7064348 0.7064 1.0000000 1.0000 1.0000000 459.5310 0.5243401 2.0579 1.0000000 1.0000 0.6666666666666667 0.44899888641287294 []
 | 35.5390 43.5611 28.8288 0.5655462 C[C@H]1CCCN(Cc2csc(NC(=O)[C@H]3CCC(=O)N(c4ccccc4Br)C3=O)n2)C1 1 CC(CC1CCC(CC2CCCCC2)C1)C1CCC(C)C(C2CCCCC2)C1C 0.2200000 0.2200 0.2478102 0.2478 0.6666667 0.6667 1.0000000 1.0000 0.7548548 0.7549 1.0000000 1.0000 1.0000000 505.4380 0.5527018 3.2973 1.0000000 1.0000 0.33333333333333337 0.41424630354415964 []
 | 16.9409 24.8999 46.1859 0.5553576 O=C(NCc1ccccc1)c1ccc(NC(=O)c2cccnc2)cc1 1 CC(CCC1CCCCC1)C1CCC(CC(C)C2CCCCC2)CC1 0.3100000 0.3100 0.3174511 0.3175 0.3333333 0.3333 1.0000000 1.0000 0.6841011 0.6841 1.0000000 1.0000 1.0000000 331.3750 0.5137082 1.5955 1.0000000 1.0000 0.6666666666666667 0.46249324319388707 []
 | 34.8608 44.8019 23.4571 0.5332728 Cc1cccc(NC(=O)[C@@H]2[C@@H](C(=O)Nc3ccccc3C(C)C)[C@@]23C(=O)Nc2ccccc23)c1 1 CC(CC1CCCCC1)C1C(C(C)CC2CCCCC2)C12C(C)CC1CCCCC12 0.2800000 0.2800 0.2326252 0.2326 0.3333333 0.3333 1.0000000 1.0000 0.7720196 0.7720 1.0000000 1.0000 1.0000000 453.5420 0.5503849 3.8044 1.0000000 1.0000 0.6666666666666667 0.44899888641287294 []
 | 16.0629 25.7390 50.6478 0.5967721 N#Cc1ccccc1NC(=O)c1cc(NCc2ccc(F)cc2)ccn1 1 CC(CC1CCCCC1)C1CCCC(CCC2CCCCC2)C1 0.3050000 0.3050 0.2583413 0.2583 0.6666667 0.6667 1.0000000 1.0000 0.7416587 0.7417 1.0000000 1.0000 1.0000000 346.3650 0.5237138 2.0306 1.0000000 1.0000 0.33333333333333337 0.460407428263272 []
 | 26.8372 26.6964 40.6307 0.5259927 O=C(Nc1ccc(N2C(=O)[C@H]3CC=CC[C@H]3C2=O)cc1)c1cccc(Cl)c1 1 CC(CC1CCC(C2C(C)C3CCCCC3C2C)CC1)C1CCCCC1 0.2650000 0.2650 0.2265462 0.2265 0.3333333 0.3333 1.0000000 1.0000 0.7743645 0.7744 1.0000000 1.0000 1.0000000 380.8310 0.5415937 2.8106 1.0000000 1.0000 0.6666666666666667 0.4413332074521472 []
 | 44.8184 50.3155 -46.7820 0.0276054 N#Cc1c(Nc2ccc(CN3CCN(CC(=O)Nc4ccc5ccccc5c4)CC3)nc2)cccc1-c1ccccc1 1 CC(CC1CCC(CC2CCC(CC3CCCC(C4CCCCC4)C3)CC2)CC1)CC1CCC2CCCCC2C1 0.2900000 0.2900 0.2671483 0.2671 0.6666667 0.6667 1.0000000 1.0000 0.7328517 0.7329 1.0000000 1.0000 0.0000000 552.6820 0.5346246 2.5061 1.0000000 1.0000 0.33333333333333337 0.4537620521815371 []
 | 28.0881 31.2999 36.6375 0.5307606 c1ccc(COc2cccc(-c3cn[nH]c3[C@@H]3CCCNC3)c2)cc1 1 C1CCC(CCC2CCCC(C3CCCC3C3CCCCC3)C2)CC1 0.1900000 0.1900 0.4196398 0.4196 0.3333333 0.3333 1.0000000 1.0000 0.6512571 0.6513 1.0000000 1.0000 1.0000000 333.4350 0.5389712 2.6959 1.0000000 1.0000 0.6666666666666667 0.39230090491866065 []
 | 24.2999 33.2207 36.4075 0.5439699 O=C(NCc1ccccn1)[C@@H](NS(=O)(=O)c1ccccc1)c1cccs1 1 CC(CCC1CCCCC1)C(CC(C)(C)C1CCCCC1)C1CCCC1 0.2950000 0.2950 0.2666324 0.2666 0.3333333 0.3333 1.0000000 1.0000 0.7333676 0.7334 1.0000000 1.0000 1.0000000 387.4860 0.5380247 2.6546 1.0000000 1.0000 0.6666666666666667 0.4560427611529428 []
 | 23.9118 26.7255 43.2140 0.5464018 O=C(NCc1ccccc1)Nc1nc2cccc(Cl)c2s1 1 CC(CCC1CCCCC1)CC1CC2CCCCC2C1 0.2750000 0.2750 0.3134578 0.3135 0.3333333 0.3333 1.0000000 1.0000 0.7140686 0.7141 1.0000000 1.0000 1.0000000 317.8010 0.5205950 1.8949 1.0000000 1.0000 0.6666666666666667 0.4465142774872938 []
21:05:10 <INFO> Score: 0.46 Agent NLL: 29.68 Valid: 100% Step: 95
 | Agent Prior Target Score SMILES SMILES_state Scaffold predicted_activity predicted_activity (raw) training_similarity training_similarity (raw) taf_consistency taf_consistency (raw) scaffold_novelty scaffold_novelty (raw) novelty novelty (raw) stereo_validity stereo_validity (raw) MW_window MW_window (raw) synthetic_feasibility synthetic_feasibility (raw) curated alerts filter curated alerts filter (raw) taf_disrupted (predicted_activity) uncertainty (predicted_activity) matchting_patterns (curated alerts filter)
 | 34.3527 36.9764 36.5203 0.5741931 CCOC(=O)c1nc2ccccc2nc1CCNC(=O)c1cn[nH]c1 1 CC(CCCC1CCC2CCCCC2C1)C1CCCC1 0.2450000 0.2450 0.2465568 0.2466 0.6666667 0.6667 1.0000000 1.0000 0.7601994 0.7602 1.0000000 1.0000 1.0000000 339.3550 0.5344777 2.4997 1.0000000 1.0000 0.33333333333333337 0.4300872004605578 []
 | 22.6200 34.1038 45.1976 0.6195423 N#Cc1cccc(NC(=O)COC(=O)c2ccccc2Cc2ccccc2)c1C#N 1 CC(CCC(C)C1CCCCC1CC1CCCCC1)CC1CCCCC1 0.2600000 0.2600 0.2847474 0.2847 1.0000000 1.0000 1.0000000 1.0000 0.7152526 0.7153 1.0000000 1.0000 1.0000000 395.4180 0.5277380 2.2059 1.0000000 1.0000 0.0 0.4386342439892262 []
 | 40.1413 45.6293 14.5731 0.4703314 Cc1ccc(Cl)cc1NC(=O)CN(C)C(=O)c1ccc(NCc2nnnn2-c2nccs2)cc1 1 CC(CCC(C)C1CCC(CCC2CCCC2C2CCCC2)CC1)CC1CCCCC1 0.1650000 0.1650 0.1676760 0.1677 0.3333333 0.3333 1.0000000 1.0000 0.8393237 0.8393 1.0000000 1.0000 1.0000000 496.9840 0.5362960 2.5791 1.0000000 1.0000 0.6666666666666667 0.37118054905934933 []
 | 21.7933 24.6383 -24.6383 0.0000000 COCCNc1cnnc(Nc2ccccc2C(C)(C)C)n1 1 C1CCC(CC2CCCCC2)CC1 0.2150000 0.2150 0.2265462 0.2265 0.3333333 0.3333 1.0000000 1.0000 0.7843344 0.7843 1.0000000 1.0000 1.0000000 301.3940 0.5338061 2.4704 1.0000000 1.0000 0.6666666666666667 0.41082234603292944 []
 | 30.7174 32.7382 36.3767 0.5399602 Cc1ccc(-c2nnc([C@@H](C)NC(=O)N(C)c3ccccc3)o2)cc1 1 CC(CCC1CCC(C2CCCCC2)C1)CC1CCCCC1 0.2950000 0.2950 0.2478408 0.2478 0.3333333 0.3333 1.0000000 1.0000 0.7521592 0.7522 1.0000000 1.0000 1.0000000 336.3950 0.5368379 2.6028 1.0000000 1.0000 0.6666666666666667 0.45604276115294284 []
 | 21.8622 30.3785 37.9970 0.5341837 O=C(CCc1ccccc1)Nc1ccc(-c2csc(NC(=O)CCc3ccccc3)n2)cc1 1 CC(CCC1CCCCC1)CC1CCC(C2CCC(CC(C)CCC3CCCCC3)C2)CC1 0.2600000 0.2600 0.2824229 0.2824 0.3333333 0.3333 1.0000000 1.0000 0.7175771 0.7176 1.0000000 1.0000 1.0000000 455.5830 0.5214977 1.9342 1.0000000 1.0000 0.6666666666666667 0.43863424398922624 []
 | 25.2155 31.0259 42.0620 0.5709994 N#Cc1ccc(Oc2ccc(CNC(=O)Nc3ccccc3Br)cc2)cc1 1 CC(CCC1CCC(CC2CCCCC2)CC1)CC1CCCCC1 0.2350000 0.2350 0.2558140 0.2558 0.6666667 0.6667 1.0000000 1.0000 0.7492939 0.7493 1.0000000 1.0000 1.0000000 422.2820 0.5211668 1.9198 1.0000000 1.0000 0.33333333333333337 0.4239988207530771 []
 | 26.3838 39.8186 26.1700 0.5155362 c1ccc(CNCc2ccccc2CNc2cncc(-c3cnccn3)n2)cc1 1 C1CCC(CCCC2CCCCC2CCC2CCCC(C3CCCCC3)C2)CC1 0.2200000 0.2200 0.2567481 0.2567 0.3333333 0.3333 1.0000000 1.0000 0.7432519 0.7433 1.0000000 1.0000 1.0000000 382.4710 0.5309870 2.3475 1.0000000 1.0000 0.6666666666666667 0.41424630354415964 []
 | 32.5348 42.1190 -38.7044 0.0266766 O=C(Nc1ccc(Cl)cc1C(=O)Nc1ccccc1C(=O)Nc1nccs1)c1cccc(OCc2ccccc2)c1 1 CC(CC1CCCCC1C(C)CC1CCCCC1C(C)CC1CCCC1)C1CCCC(CCC2CCCCC2)C1 0.3500000 0.3500 0.3669730 0.3670 0.3333333 0.3333 1.0000000 1.0000 0.6330270 0.6330 1.0000000 1.0000 0.0000000 583.0690 0.5292926 2.2736 1.0000000 1.0000 0.6666666666666667 0.47696960070847283 []
 | 25.3274 30.4026 37.2326 0.5284002 Cc1cccc(C(=O)Nc2cccc(C(=O)Nc3ccccc3N3CCOCC3)c2)c1 1 CC(CC1CCCC(C(C)CC2CCCCC2C2CCCCC2)C1)C1CCCCC1 0.2500000 0.2500 0.2698162 0.2698 0.3333333 0.3333 1.0000000 1.0000 0.7308091 0.7308 1.0000000 1.0000 1.0000000 415.4930 0.5209507 1.9104 1.0000000 1.0000 0.6666666666666667 0.4330127018922193 []
21:05:11 <INFO> Sampled SMILES c1(=O)n(c2c(c(=O)[nH]cn2)c1)-c1ccc(cc1)C(=O)NCc1ccc(cc1)F failed to sanitize.
21:05:14 <INFO> Score: 0.44 Agent NLL: 28.47 Valid:  98% Step: 96
 | Agent Prior Target Score SMILES SMILES_state Scaffold predicted_activity predicted_activity (raw) training_similarity training_similarity (raw) taf_consistency taf_consistency (raw) scaffold_novelty scaffold_novelty (raw) novelty novelty (raw) stereo_validity stereo_validity (raw) MW_window MW_window (raw) synthetic_feasibility synthetic_feasibility (raw) curated alerts filter curated alerts filter (raw) taf_disrupted (predicted_activity) uncertainty (predicted_activity) matchting_patterns (curated alerts filter)
 | 18.7591 23.2288 -23.2288 0.0000000 Cc1occc1C(=O)Nc1cccnn1 1 CC(CC1CCCCC1)C1CCCC1 0.3000000 0.3000 0.2835466 0.2835 0.3333333 0.3333 1.0000000 1.0000 0.7499035 0.7499 1.0000000 1.0000 1.0000000 203.2010 0.5297468 2.2934 1.0000000 1.0000 0.6666666666666667 0.45825756949558394 []
 | 34.1486 47.1637 -43.8645 0.0257756 O=C(Nc1cnn(Cc2ccccc2)c1)c1cccc(NS(=O)(=O)c2ccc(F)cc2)c1C(=O)Nc1ccccc1 1 CC(CC1CCC(CC2CCCCC2)C1)C1CCCC(CC(C)(C)C2CCCCC2)C1C(C)CC1CCCCC1 0.3400000 0.3400 0.2613021 0.2613 0.3333333 0.3333 1.0000000 1.0000 0.7386979 0.7387 1.0000000 1.0000 0.0000000 569.6180 0.5313155 2.3618 1.0000000 1.0000 0.6666666666666667 0.4737087712930804 []
 | 24.3515 33.8700 44.9580 0.6158442 O=C(Nc1cccc(CNc2cccc(C#Cc3ccccc3)c2)c1)c1ccco1 1 CC(CC1CCCC(CCC2CCCC(CCC3CCCCC3)C2)C1)C1CCCC1 0.3250000 0.3250 0.3221930 0.3222 0.6666667 0.6667 1.0000000 1.0000 0.6778070 0.6778 1.0000000 1.0000 1.0000000 392.4580 0.5264005 2.1476 1.0000000 1.0000 0.33333333333333337 0.4683748498798799 []
 | 37.7004 50.3629 24.6077 0.5857078 COC(=O)[C@H]1NCCO[C@H]1CNc1ccccc1COc1ccc(Br)cc1 1 C1CCC(CCC2CCCCC2CCC2CCCCC2)CC1 0.1700000 0.1700 0.3112864 0.3113 1.0000000 1.0000 1.0000000 1.0000 0.7091657 0.7092 1.0000000 1.0000 1.0000000 435.3180 0.5512152 3.2321 1.0000000 1.0000 0.0 0.375632799419859 []
 | 34.5066 43.8724 -37.2987 0.0513565 CCc1ccsc1CN(Cc1nc(-c2ccccc2)no1)C(=O)c1ccccc1-n1cccc1 1 CC(C(CC1CCCC1)CC1CCC(C2CCCCC2)C1)C1CCCCC1C1CCCC1 0.2300000 0.2300 0.2423872 0.2424 0.0000000 0.0000 1.0000000 1.0000 0.7604730 0.7605 1.0000000 1.0000 1.0000000 468.5820 0.5384808 2.6745 1.0000000 1.0000 1.0 0.4208325082500163 []
 | 27.8785 38.2051 39.0837 0.6038187 Cc1nonc1COc1ccc(C(=O)Nc2ccccc2C(=O)OCCc2ccccc2)cc1 1 CC(CC1CCCCC1C(C)CCCC1CCCCC1)C1CCC(CCC2CCCC2)CC1 0.2750000 0.2750 0.3546809 0.3547 0.6666667 0.6667 1.0000000 1.0000 0.6453191 0.6453 1.0000000 1.0000 1.0000000 457.4860 0.5278242 2.2096 1.0000000 1.0000 0.33333333333333337 0.44651427748729383 []
 | 27.1604 31.5082 43.5556 0.5864356 N#Cc1cccc(C(=O)Nc2cc(N3CCCC3=O)ncn2)c1 1 CC(CC1CCCC(C2CCCC2C)C1)C1CCCCC1 0.2900000 0.2900 0.2287545 0.2288 0.6666667 0.6667 1.0000000 1.0000 0.7886299 0.7886 1.0000000 1.0000 1.0000000 307.3130 0.5300963 2.3086 1.0000000 1.0000 0.33333333333333337 0.4537620521815371 []
 | 35.0622 53.3485 -49.7856 0.0278352 N#Cc1cnc(N2CCN(C(=O)CN(Cc3ccccc3)S(=O)(=O)c3ccccc3C(=O)Nc3ccc4ccccc4c3)CC2)nc1 1 CC(CC(CC1CCCCC1)C(C)(C)C1CCCCC1C(C)CC1CCC2CCCCC2C1)C1CCC(C2CCCCC2)CC1 0.3100000 0.3100 0.2572871 0.2573 0.6666667 0.6667 1.0000000 1.0000 0.7427129 0.7427 1.0000000 1.0000 0.0000000 645.7450 0.5401230 2.7463 1.0000000 1.0000 0.33333333333333337 0.46249324319388707 []
 | 26.8810 35.9397 33.0562 0.5390302 Cc1ccccc1C(=O)N(Cc1ccc(Cl)cc1)Cc1ccccc1C(=O)NCc1ccccc1 1 CC(CCC1CCCCC1)C1CCCCC1CC(CC1CCCCC1)C(C)C1CCCCC1 0.2700000 0.2700 0.2891746 0.2892 0.3333333 0.3333 1.0000000 1.0000 0.7122393 0.7122 1.0000000 1.0000 1.0000000 483.0110 0.5236203 2.0266 1.0000000 1.0000 0.6666666666666667 0.4439594576084623 []
 | 32.3163 37.5147 33.1095 0.5517517 C[C@H](N)c1ccc(OCC=C(c2ccccc2)c2ccc(OCc3ccccc3)cc2)cc1 1 C1CCC(CCCC(C2CCCCC2)C2CCC(CCC3CCCCC3)CC2)CC1 0.2600000 0.2600 0.4107969 0.4108 0.3333333 0.3333 1.0000000 1.0000 0.5892031 0.5892 1.0000000 1.0000 1.0000000 435.5670 0.5348718 2.5169 1.0000000 1.0000 0.6666666666666667 0.43863424398922624 []
21:05:15 <INFO> Sampled SMILES C1Cc2ccccc2[C@@H]1n1ncc(NC(c2nn(cc2)C(=O)CCc2ccccc2)=O)c1=O failed to sanitize.
21:05:18 <INFO> Score: 0.45 Agent NLL: 28.20 Valid:  98% Step: 97
 | Agent Prior Target Score SMILES SMILES_state Scaffold predicted_activity predicted_activity (raw) training_similarity training_similarity (raw) taf_consistency taf_consistency (raw) scaffold_novelty scaffold_novelty (raw) novelty novelty (raw) stereo_validity stereo_validity (raw) MW_window MW_window (raw) synthetic_feasibility synthetic_feasibility (raw) curated alerts filter curated alerts filter (raw) taf_disrupted (predicted_activity) uncertainty (predicted_activity) matchting_patterns (curated alerts filter)
 | 29.9565 37.9310 37.3392 0.5880487 O=C(Nc1ccccc1I)c1c(C#Cc2ccccc2)ccc2ccccc12 1 CC(CC1CCCCC1)C1C(CCC2CCCCC2)CCC2CCCCC21 0.2950000 0.2950 0.2339439 0.2339 0.6666667 0.6667 1.0000000 1.0000 0.7660561 0.7661 1.0000000 1.0000 1.0000000 473.3130 0.5288958 2.2563 1.0000000 1.0000 0.33333333333333337 0.45604276115294284 []
 | 39.7505 46.4959 20.0763 0.5200954 O=C1NCC[C@@H]1/C(=C\Sc1cccs1)CN1CCOCC1 1 CC1CCCC1C(CCC1CCCC1)CC1CCCCC1 0.2250000 0.2250 0.2614261 0.2614 0.3333333 0.3333 1.0000000 1.0000 0.7391797 0.7392 1.0000000 1.0000 1.0000000 324.4710 0.5517807 3.7431 1.0000000 1.0000 0.6666666666666667 0.41758232721225164 []
 | 35.3636 40.2751 34.4674 0.5839254 N#C[C@]1(C2CC2)C(=O)OCCC=C1c1ccccc1 1 CC1CCCCC(C2CCCCC2)C1C1CC1 0.2300000 0.2300 0.3040168 0.3040 0.6666667 0.6667 1.0000000 1.0000 0.7333096 0.7333 1.0000000 1.0000 1.0000000 253.3010 0.5541123 3.3593 1.0000000 1.0000 0.33333333333333337 0.4208325082500163 []
 | 28.1434 37.3487 29.2538 0.5203323 CC(C)(C)c1ccc(C(=O)Nc2cccc(C(=O)n3nc(-c4cccs4)ccc3=O)c2)cc1 1 CC(CC1CCCC(C(C)C2CC(C3CCCC3)CCC2C)C1)C1CCCCC1 0.2650000 0.2650 0.2021595 0.2022 0.3333333 0.3333 1.0000000 1.0000 0.8210251 0.8210 1.0000000 1.0000 1.0000000 457.5550 0.5320269 2.3928 1.0000000 1.0000 0.6666666666666667 0.4413332074521472 []
 | 34.5890 36.2885 -36.2885 0.0000000 O=C(N/N=C/C=C/c1ccccc1)c1ccccc1NC(=O)C1CCc2ccccc21 1 CC(CCCCCC1CCCCC1)C1CCCCC1CC(C)C1CCC2CCCCC21 0.0000000 0.0000 0.0000000 0.0000 0.0000000 0.0000 0.0000000 0.0000 0.0000000 0.0000 0.0000000 0.0000 0.0000000 0.0000 0.0000000 0.0000 0.0000000 0.0000 None None ['[#7;!n][#7;!n]']
 | 17.4279 25.9678 42.5590 0.5353651 N#Cc1cccc(Nc2cc(Nc3ccccc3C#N)ncn2)c1 1 C1CCC(CC2CCCC(CC3CCCCC3)C2)CC1 0.2150000 0.2150 0.1600142 0.1600 0.6666667 0.6667 1.0000000 1.0000 0.8399858 0.8400 1.0000000 1.0000 1.0000000 312.3360 0.5307498 2.3371 1.0000000 1.0000 0.33333333333333337 0.41082234603292944 []
 | 30.9924 40.5225 31.2611 0.5608093 C[C@@H](N[C@@H]1CCCc2ccccc21)c1ccc(NC(=O)c2ccc(OCc3ccccc3)cc2)cc1 1 CC(CC1CCC(CCC2CCCC3CCCCC32)CC1)C1CCC(CCC2CCCCC2)CC1 0.2800000 0.2800 0.4317329 0.4317 0.3333333 0.3333 1.0000000 1.0000 0.5682671 0.5683 1.0000000 1.0000 1.0000000 476.6200 0.5408205 2.7768 1.0000000 1.0000 0.6666666666666667 0.44899888641287294 []
 | 28.5813 35.3410 33.1910 0.5354065 O=C(Nc1cccc(Cl)c1)c1ncc(CNCc2ccccn2)o1 1 CC(CC1CCCCC1)C1CCC(CCCC2CCCCC2)C1 0.2750000 0.2750 0.2583413 0.2583 0.3333333 0.3333 1.0000000 1.0000 0.7416587 0.7417 1.0000000 1.0000 1.0000000 342.7860 0.5311010 2.3524 1.0000000 1.0000 0.6666666666666667 0.4465142774872938 []
 | 32.1172 41.5630 25.9905 0.5277619 O=C(Nc1cccc(-c2ccccc2F)c1)c1ccc(S(=O)(=O)NCc2ccccc2Cl)cc1 1 CC(CC1CCCC(C2CCCCC2)C1)C1CCC(C(C)(C)CCC2CCCCC2)CC1 0.2950000 0.2950 0.2032374 0.2032 0.3333333 0.3333 1.0000000 1.0000 0.7967626 0.7968 1.0000000 1.0000 1.0000000 494.9750 0.5231250 2.0050 1.0000000 1.0000 0.6666666666666667 0.4560427611529428 []
 | 27.2300 39.9671 27.0078 0.5232410 O=C(Nc1nc(-c2cccc3c2CCCO3)cs1)c1ccccc1Nc1ccccc1 1 CC(CC1CCC(C2CCCC3CCCCC32)C1)C1CCCCC1CC1CCCCC1 0.2650000 0.2650 0.2196874 0.2197 0.3333333 0.3333 1.0000000 1.0000 0.7803126 0.7803 1.0000000 1.0000 1.0000000 427.5290 0.5293142 2.2746 1.0000000 1.0000 0.6666666666666667 0.4413332074521472 []
21:05:18 <INFO> Sampled SMILES c1(cc(ccc1)N1CCCNC(CNC(=O)[C@@H](C)NC(=O)c2nn(-c3ccccc3)cc2)=O1)F failed to sanitize.
21:05:22 <INFO> Score: 0.48 Agent NLL: 29.78 Valid:  98% Step: 98
 | Agent Prior Target Score SMILES SMILES_state Scaffold predicted_activity predicted_activity (raw) training_similarity training_similarity (raw) taf_consistency taf_consistency (raw) scaffold_novelty scaffold_novelty (raw) novelty novelty (raw) stereo_validity stereo_validity (raw) MW_window MW_window (raw) synthetic_feasibility synthetic_feasibility (raw) curated alerts filter curated alerts filter (raw) taf_disrupted (predicted_activity) uncertainty (predicted_activity) matchting_patterns (curated alerts filter)
 | 24.8046 32.1806 39.4925 0.5599461 COc1ccc(NC(=O)c2ccnc(Nc3cccc(C(C)=O)c3)c2)cc1C#N 1 CC(CC1CCCCC1)C1CCCC(CC2CCCCC2)C1 0.2000000 0.2000 0.2591286 0.2591 0.6666667 0.6667 1.0000000 1.0000 0.7854788 0.7855 1.0000000 1.0000 1.0000000 386.4110 0.5268106 2.1655 1.0000000 1.0000 0.33333333333333337 0.4000000000000001 []
 | 23.6586 25.8054 42.8507 0.5363754 N#Cc1ccc(Br)c(S(=O)(=O)NCc2ccncc2)c1 1 CC(C)(CCC1CCCCC1)C1CCCCC1 0.2200000 0.2200 0.1579494 0.1579 0.6666667 0.6667 1.0000000 1.0000 0.8420506 0.8421 1.0000000 1.0000 1.0000000 352.2130 0.5278278 2.2098 1.0000000 1.0000 0.33333333333333337 0.41424630354415964 []
 | 18.8987 24.9927 46.3126 0.5570730 O=C(NCc1ccncc1)c1ccnn1Cc1ccccc1 1 CC(CCC1CCCCC1)C1CCCC1CC1CCCCC1 0.3000000 0.3000 0.3466975 0.3467 0.3333333 0.3333 1.0000000 1.0000 0.6533025 0.6533 1.0000000 1.0000 1.0000000 292.3420 0.5224422 1.9753 1.0000000 1.0000 0.6666666666666667 0.45825756949558394 []
 | 23.1535 32.1329 39.9771 0.5633589 O=C(Nc1cccc(CNC(=O)c2ccccc2Cl)c1)Nc1nccs1 1 CC(CC1CCCC1)CC1CCCC(CCC(C)C2CCCCC2)C1 0.3600000 0.3600 0.2789943 0.2790 0.3333333 0.3333 1.0000000 1.0000 0.7210057 0.7210 1.0000000 1.0000 1.0000000 386.8640 0.5220737 1.9593 1.0000000 1.0000 0.6666666666666667 0.48 []
 | 27.0432 36.6688 -6.7797 0.2335084 N#Cc1ccccc1OCC(=O)NCc1ccccc1CN1CCOC(Cc2ccccc2)C1 1 CC(CCC1CCCCC1)CCC1CCCCC1CC1CCCC(CC2CCCCC2)C1 0.2400000 0.2400 0.3210438 0.3210 0.6666667 0.6667 1.0000000 1.0000 0.6789562 0.6790 0.0000000 0.0000 1.0000000 455.5580 0.5398098 2.7326 1.0000000 1.0000 0.33333333333333337 0.4270831300812525 []
 | 23.2423 34.0416 37.6886 0.5603927 O=C(Nc1nc(C(=O)Nc2ccc(NCc3ccccc3)cc2)cs1)c1ccccc1 1 CC(CC1CCC(C(C)CC2CCC(CCC3CCCCC3)CC2)C1)C1CCCCC1 0.3350000 0.3350 0.3008473 0.3008 0.3333333 0.3333 1.0000000 1.0000 0.6991527 0.6992 1.0000000 1.0000 1.0000000 428.5170 0.5204433 1.8883 1.0000000 1.0000 0.6666666666666667 0.4719904660054057 []
 | 21.3302 27.6063 49.0542 0.5989097 O=C(CNc1ccccc1)Nc1ccccc1C(=O)OCc1ccccc1 1 CC(CCC1CCCCC1)CC1CCCCC1C(C)CCC1CCCCC1 0.2500000 0.2500 0.4054054 0.4054 0.6666667 0.6667 1.0000000 1.0000 0.5945946 0.5946 1.0000000 1.0000 1.0000000 360.4130 0.5158390 1.6881 1.0000000 1.0000 0.33333333333333337 0.4330127018922193 []
 | 30.1897 34.8981 -8.9557 0.2026749 c1ccc(CCCNc2nc(CC3CCCCN3)nc(Nc3ccccc3)n2)cc1 1 C1CCC(CCCCC2CC(CC3CCCCC3)CC(CC3CCCCC3)C2)CC1 0.2000000 0.2000 0.2610185 0.2610 0.3333333 0.3333 1.0000000 1.0000 0.7389815 0.7390 0.0000000 0.0000 1.0000000 402.5460 0.5418758 2.8229 1.0000000 1.0000 0.6666666666666667 0.4 []
 | 31.2165 29.1923 37.5081 0.5210965 Cc1cc(C)cc(-c2nnc(NC(=O)c3ccccc3C)s2)c1 1 CC(CC1CCC(C2CCCCC2)C1)C1CCCCC1 0.2650000 0.2650 0.2133523 0.2134 0.3333333 0.3333 1.0000000 1.0000 0.7866477 0.7866 1.0000000 1.0000 1.0000000 323.4210 0.5229111 1.9957 1.0000000 1.0000 0.6666666666666667 0.4413332074521472 []
 | 23.7550 31.3027 33.6055 0.5070955 Cc1ccc(Nc2ccc(NC(=O)Nc3cccc4ccccc34)nn2)cc1 1 CC(CC1CCC(CC2CCCCC2)CC1)CC1CCCC2CCCCC21 0.2400000 0.2400 0.1905302 0.1905 0.3333333 0.3333 1.0000000 1.0000 0.8202763 0.8203 1.0000000 1.0000 1.0000000 369.4280 0.5240279 2.0443 1.0000000 1.0000 0.6666666666666667 0.4270831300812524 []
21:05:26 <INFO> Score: 0.48 Agent NLL: 28.06 Valid: 100% Step: 99
 | Agent Prior Target Score SMILES SMILES_state Scaffold predicted_activity predicted_activity (raw) training_similarity training_similarity (raw) taf_consistency taf_consistency (raw) scaffold_novelty scaffold_novelty (raw) novelty novelty (raw) stereo_validity stereo_validity (raw) MW_window MW_window (raw) synthetic_feasibility synthetic_feasibility (raw) curated alerts filter curated alerts filter (raw) taf_disrupted (predicted_activity) uncertainty (predicted_activity) matchting_patterns (curated alerts filter)
 | 22.6117 30.7096 34.4111 0.5087558 O=C(Cc1ccccc1F)Nc1ccc(NCc2cc(F)ccc2F)cc1 1 CC(CC1CCCCC1)CC1CCC(CCC2CCCCC2)CC1 0.2300000 0.2300 0.2133523 0.2134 0.3333333 0.3333 1.0000000 1.0000 0.7866477 0.7866 1.0000000 1.0000 1.0000000 370.3740 0.5206660 1.8980 1.0000000 1.0000 0.6666666666666667 0.4208325082500163 []
 | 25.2878 28.9021 39.3570 0.5332741 O=C(Nc1cccc(NC(=O)C2(c3ccccc3)CCOCC2)c1)c1ccccc1 1 CC(CC1CCCC(CC(C)C2(C3CCCCC3)CCCCC2)C1)C1CCCCC1 0.2650000 0.2650 0.2652335 0.2652 0.3333333 0.3333 1.0000000 1.0000 0.7400624 0.7401 1.0000000 1.0000 1.0000000 400.4780 0.5240600 2.0457 1.0000000 1.0000 0.6666666666666667 0.4413332074521472 []
 | 22.6042 31.8947 44.2448 0.5948397 N#Cc1ccccc1NC(=O)c1ccccc1NC(=O)c1cc2ccccc2[nH]1 1 CC(CC1CCCCC1C(C)CC1CCCCC1)C1CC2CCCCC2C1 0.3200000 0.3200 0.2310733 0.2311 0.6666667 0.6667 1.0000000 1.0000 0.7689267 0.7689 1.0000000 1.0000 1.0000000 380.4070 0.5238227 2.0354 1.0000000 1.0000 0.33333333333333337 0.466476151587624 []
 | 30.1856 38.3545 27.3302 0.5131618 O=C1CN(C(=O)c2cnccn2)CCN1C[C@@H]1CNCc2ccccc21 1 CC1CC(C(C)C2CCCCC2)CCC1CC1CCCC2CCCCC21 0.2150000 0.2150 0.2467548 0.2468 0.3333333 0.3333 1.0000000 1.0000 0.7561569 0.7562 1.0000000 1.0000 1.0000000 351.4100 0.5490469 3.1370 1.0000000 1.0000 0.6666666666666667 0.41082234603292944 []
 | 28.3260 41.8514 -38.0973 0.0293288 N#Cc1ccccc1-c1ccccc1C(=O)Nc1ccc(NC(=O)c2ccc(OCc3ccccc3)c(Cl)c2)cc1 1 CC(CC1CCC(CC(C)C2CCCCC2C2CCCCC2)CC1)C1CCC(CCC2CCCCC2)CC1 0.3500000 0.3500 0.3803218 0.3803 0.6666667 0.6667 1.0000000 1.0000 0.6196782 0.6197 1.0000000 1.0000 0.0000000 558.0370 0.5275971 2.1997 1.0000000 1.0000 0.33333333333333337 0.47696960070847283 []
 | 27.6556 34.4194 39.1329 0.5746278 Cc1ccc(S(=O)(=O)Nc2cccc(Br)c2)cc1C(=O)Nc1ccc(Br)cn1 1 CC(CC1CCCCC1)C1CCCC(C(C)(C)CC2CCCCC2)C1 0.2650000 0.2650 0.2156655 0.2157 0.6666667 0.6667 1.0000000 1.0000 0.8140038 0.8140 1.0000000 1.0000 1.0000000 525.2220 0.5261298 2.1358 1.0000000 1.0000 0.33333333333333337 0.4413332074521472 []
 | 33.4289 37.2715 26.8266 0.5007662 Cc1onc(-c2ccccc2)c1-c1ccc(C(=O)OCc2cc(-c3cccs3)no2)cc1 1 CC(CCC1CCC(C2CCCC2)C1)C1CCC(C2CCCC2C2CCCCC2)CC1 0.1800000 0.1800 0.2673177 0.2673 0.3333333 0.3333 1.0000000 1.0000 0.7339893 0.7340 1.0000000 1.0000 1.0000000 442.4960 0.5325949 2.4176 1.0000000 1.0000 0.6666666666666667 0.38418745424597095 []
 | 29.9248 40.9551 32.7565 0.5758717 O=C(Nc1ccccc1NCc1nc(-c2cccc(Br)c2)cs1)c1ccccc1F 1 CC(CC1CCCCC1CCC1CCC(C2CCCCC2)C1)C1CCCCC1 0.2850000 0.2850 0.2032374 0.2032 0.6666667 0.6667 1.0000000 1.0000 0.7967626 0.7968 1.0000000 1.0000 1.0000000 482.3780 0.5267012 2.1607 1.0000000 1.0000 0.33333333333333337 0.4514144437210666 []
 | 32.2543 39.5997 37.6269 0.6033329 COC(=O)/C=C/c1ccc(C=Nc2ccc(C(=O)Nc3ccc(OCc4ccccc4)cc3)cc2)cc1 1 CC(CC1CCC(CCC2CCCCC2)CC1)C1CCC(CCC2CCCCC2)CC1 0.2650000 0.2650 0.3803218 0.3803 0.6666667 0.6667 1.0000000 1.0000 0.6196782 0.6197 1.0000000 1.0000 1.0000000 490.5590 0.5285637 2.2419 1.0000000 1.0000 0.33333333333333337 0.4413332074521472 []
 | 27.3352 45.2381 27.9515 0.5717940 CCc1cccc(C(=O)OC)c1NC(=O)CNc1ccccc1Nc1ccccc1 1 CC(CCC1CCCCC1CC1CCCCC1)CC1CCCCC1 0.2250000 0.2250 0.2768183 0.2768 0.6666667 0.6667 1.0000000 1.0000 0.7304213 0.7304 1.0000000 1.0000 1.0000000 403.4820 0.5253591 2.1023 1.0000000 1.0000 0.33333333333333337 0.41758232721225164 []
21:05:26 <INFO> Sampled SMILES c1c(NC(=O)COC(c2ccccnc2NC(c2ccccc2)=O)=O)cc(cc1)C#N failed to sanitize.
21:05:26 <INFO> Sampled SMILES c1([C@H]2CNC(N[C@@H](C(=O)N[C@H](c3c(cccc3)Br)C)=O)CC2)ccccc1 failed to sanitize.
21:05:29 <INFO> Score: 0.47 Agent NLL: 30.29 Valid:  97% Step: 100
 | Agent Prior Target Score SMILES SMILES_state Scaffold predicted_activity predicted_activity (raw) training_similarity training_similarity (raw) taf_consistency taf_consistency (raw) scaffold_novelty scaffold_novelty (raw) novelty novelty (raw) stereo_validity stereo_validity (raw) MW_window MW_window (raw) synthetic_feasibility synthetic_feasibility (raw) curated alerts filter curated alerts filter (raw) taf_disrupted (predicted_activity) uncertainty (predicted_activity) matchting_patterns (curated alerts filter)
 | 22.7900 29.7398 43.5966 0.5729413 O=C(COC(=O)c1cc2ccccc2[nH]1)Nc1ccccc1Nc1ccccc1 1 CC(CCC(C)C1CC2CCCCC2C1)CC1CCCCC1CC1CCCCC1 0.2450000 0.2450 0.2478408 0.2478 0.6666667 0.6667 1.0000000 1.0000 0.7521592 0.7522 1.0000000 1.0000 1.0000000 385.4230 0.5229823 1.9988 1.0000000 1.0000 0.33333333333333337 0.4300872004605578 []
 | 26.3218 34.7444 41.8287 0.5982273 N#Cc1ccc(C(=O)Nc2ccc(CNC(=O)c3ccnc4ccccc34)cc2)cc1 1 CC(CC1CCC(CCC(C)C2CCCC3CCCCC32)CC1)C1CCCCC1 0.3100000 0.3100 0.2583413 0.2583 0.6666667 0.6667 1.0000000 1.0000 0.7416587 0.7417 1.0000000 1.0000 1.0000000 406.4450 0.5219904 1.9556 1.0000000 1.0000 0.33333333333333337 0.462493243193887 []
 | 35.8587 49.6144 23.1595 0.5685456 Cc1ccc(NC(=O)c2nc(NCc3cnccn3)cc(-n3cccc3C#N)n2)cc1 1 CC(CC1CCCCC1)C1CC(CCC2CCCCC2)CC(C2CCCC2)C1 0.2650000 0.2650 0.1963961 0.1964 0.6666667 0.6667 1.0000000 1.0000 0.8089857 0.8090 1.0000000 1.0000 1.0000000 410.4410 0.5418717 2.8227 1.0000000 1.0000 0.33333333333333337 0.4413332074521472 []
 | 28.9305 38.9041 -10.3366 0.2231835 O=C(Nc1nc(-c2ccc(Br)cc2)cs1)c1cccc(S(=O)(=O)NC2CCCNC2)c1 1 CC(CC1CCC(C2CCCCC2)C1)C1CCCC(C(C)(C)CC2CCCCC2)C1 0.2650000 0.2650 0.1743474 0.1743 0.6666667 0.6667 1.0000000 1.0000 0.8256526 0.8257 0.0000000 0.0000 1.0000000 521.4620 0.5404766 2.7617 1.0000000 1.0000 0.33333333333333337 0.4413332074521472 []
 | 29.0710 47.3631 26.1380 0.5742274 N#Cc1ccccc1NC(=O)c1ccccc1[C@H]1N[C@H](c2ccccc2)C=C1c1ccccc1 1 CC(CC1CCCCC1)C1CCCCC1C1CC(C2CCCCC2)CC1C1CCCCC1 0.2500000 0.2500 0.2348557 0.2349 0.6666667 0.6667 1.0000000 1.0000 0.7651443 0.7651 1.0000000 1.0000 1.0000000 441.5340 0.5509334 3.2197 1.0000000 1.0000 0.33333333333333337 0.4330127018922193 []
 | 28.9567 42.8038 24.6592 0.5270553 O=C(c1ccccc1)c1cccc(NC(=O)c2ccsc2C=Nc2ccc(F)cc2)c1 1 CC(CC1CCCC(C(C)C2CCCCC2)C1)C1CCCC1CCC1CCCCC1 0.2850000 0.2850 0.2092457 0.2092 0.3333333 0.3333 1.0000000 1.0000 0.7907543 0.7908 1.0000000 1.0000 1.0000000 428.4880 0.5312250 2.3579 1.0000000 1.0000 0.6666666666666667 0.4514144437210666 []
 | 25.7263 32.4209 -0.4783 0.2495511 O=C(NC1CCN(Cc2ccccc2C#Cc2ccccc2)C1)OCc1ccccc1 1 CC(CCC1CCCCC1)CC1CCC(CC2CCCCC2CCC2CCCCC2)C1 0.2400000 0.2400 0.3630192 0.3630 1.0000000 1.0000 1.0000000 1.0000 0.6546931 0.6547 0.0000000 0.0000 1.0000000 410.5170 0.5374753 2.6306 1.0000000 1.0000 0.0 0.4270831300812525 []
 | 32.2476 38.2956 35.8369 0.5791602 N#Cc1cccc(OCCn2cc(Cl)c(C(=O)Nc3cccnc3)n2)c1 1 CC(CC1CCCCC1)C1CCC(CCCC2CCCCC2)C1 0.2700000 0.2700 0.2321192 0.2321 0.6666667 0.6667 1.0000000 1.0000 0.7678808 0.7679 1.0000000 1.0000 1.0000000 367.7960 0.5310220 2.3490 1.0000000 1.0000 0.33333333333333337 0.4439594576084622 []
 | 37.7451 51.2250 -47.7781 0.0269286 COC(=O)c1ccccc1CCNc1ccccc1NC(=O)c1cc(S(=O)(=O)NCc2ccccc2)ccc1F 1 CC(CC1CCCCC1CCCC1CCCCC1)C1CCCC(C(C)(C)CCC2CCCCC2)C1 0.2450000 0.2450 0.2782380 0.2782 0.6666667 0.6667 1.0000000 1.0000 0.7217620 0.7218 1.0000000 1.0000 0.0000000 561.6350 0.5306903 2.3345 1.0000000 1.0000 0.33333333333333337 0.4300872004605578 []
 | 25.6453 28.7432 40.7350 0.5427987 NS(=O)(=O)c1ccc(CNC(=O)c2ccc(S(=O)(=O)NCc3ccco3)cc2)cc1 1 CC(CCC1CCCCC1)C1CCC(C(C)(C)CCC2CCCC2)CC1 0.3100000 0.3100 0.2450715 0.2451 0.3333333 0.3333 1.0000000 1.0000 0.7549285 0.7549 1.0000000 1.0000 1.0000000 449.5100 0.5247845 2.0773 1.0000000 1.0000 0.6666666666666667 0.46249324319388707 []
21:05:30 <WARN> Maximum number of steps of 100 reached in stage 1. Terminating all stages.
21:05:30 <INFO> Peak main memory usage: 2097.066 MiB
21:05:30 <INFO> Peak reserved GPU memory usage: 1294.000 MiB
21:05:30 <INFO> Finished REINVENT on 2026-09-14
