21:05:35 <INFO> Started REINVENT 4.8.24 (C) AstraZeneca 2017, 2023 on 2026-09-14
21:05:35 <INFO> Command line: /cluster/home/nbhatt04/Low-data-alpah9alpah10-r01-ligand-based/project/venvs/reinvent312/bin/reinvent /cluster/home/nbhatt04/Low-data-alpah9alpah10-r01-ligand-based/project/reinvent/configs/taf_disrupting_staged_learning.toml
21:05:36 <INFO> Reading run configuration from /cluster/home/nbhatt04/Low-data-alpah9alpah10-r01-ligand-based/project/reinvent/configs/taf_disrupting_staged_learning.toml using format toml
21:05:36 <INFO> User nbhatt04 on host pax063
21:05:36 <INFO> Python version 3.11.16
21:05:36 <INFO> PyTorch version 2.12.0+cu126 git 7661cd9c6b841b62b7f411aa52ec51f05457263b
21:05:36 <INFO> PyTorch compiled with CUDA version 12.6
21:05:36 <INFO> RDKit version 2026.03.6
21:05:36 <INFO> Platform Linux-5.14.0-570.60.1+21.1.el9_6_ciq.x86_64-x86_64-with-glibc2.34
21:05:37 <INFO> CUDA driver version 575.57.08
21:05:37 <INFO> Number of PyTorch CUDA devices 1
21:05:37 <INFO> Using GPU device:0 NVIDIA H100 PCIe
21:05:37 <INFO> GPU memory: 80622 MiB free, 81079 MiB total
21:05:37 <INFO> Writing TensorBoard summary to /cluster/home/nbhatt04/Low-data-alpah9alpah10-r01-ligand-based/project/reinvent/out/taf_disrupting/tb_logs
21:05:37 <INFO> Writing JSON config file to /cluster/home/nbhatt04/Low-data-alpah9alpah10-r01-ligand-based/project/reinvent/out/taf_disrupting/_taf_disrupting.json
21:05:37 <INFO> Starting 1 stage of Reinforcement Learning
21:05:37 <ERRO> /cluster/home/nbhatt04/Low-data-alpah9alpah10-r01-ligand-based/project/priors/reinvent_pubchem.prior has invalid hash:
{ 'comments': ['test small batch size', 'TL'],
  'creation_date': 1741157561.98086,
  'date_format': 'UNIX epoch',
  'hash_id': 'cb6c8ae795fefcc07c366041382b353d',
  'hash_id_format': 'xxhash.xxh3_128_hex 3.4.1',
  'model_id': UUID('4178afaa-e86f-4baf-a5e1-2c324c401e7f'),
  'model_id_format': 'uuid.uuid4 3.10.16',
  'origina_data_source': 'PubChem 2024-06-03',
  'updates': [1741606576.2719467]}
21:05:37 <INFO> Number of network parameters: 5,880,195
21:05:37 <INFO> Network architecture:
RNN(
  (_embedding): Embedding(131, 256)
  (_rnn): LSTM(256, 512, num_layers=3, batch_first=True)
  (_linear): Linear(in_features=512, out_features=131, bias=True)
)
21:05:37 <ERRO> /cluster/home/nbhatt04/Low-data-alpah9alpah10-r01-ligand-based/project/priors/reinvent_pubchem.prior has invalid hash:
{ 'comments': ['test small batch size', 'TL'],
  'creation_date': 1741157561.98086,
  'date_format': 'UNIX epoch',
  'hash_id': 'cb6c8ae795fefcc07c366041382b353d',
  'hash_id_format': 'xxhash.xxh3_128_hex 3.4.1',
  'model_id': UUID('4178afaa-e86f-4baf-a5e1-2c324c401e7f'),
  'model_id_format': 'uuid.uuid4 3.10.16',
  'origina_data_source': 'PubChem 2024-06-03',
  'updates': [1741606576.2719467]}
21:05:37 <INFO> Number of network parameters: 5,880,195
21:05:37 <INFO> Network architecture:
RNN(
  (_embedding): Embedding(131, 256)
  (_rnn): LSTM(256, 512, num_layers=3, batch_first=True)
  (_linear): Linear(in_features=512, out_features=131, bias=True)
)
21:05:37 <INFO> Using generator Reinvent
21:05:37 <INFO> Prior read from /cluster/home/nbhatt04/Low-data-alpah9alpah10-r01-ligand-based/project/priors/reinvent_pubchem.prior
21:05:37 <INFO> Agent read from /cluster/home/nbhatt04/Low-data-alpah9alpah10-r01-ligand-based/project/priors/reinvent_pubchem.prior
21:05:37 <INFO> Using reward strategy dap
21:05:37 <INFO> Using diversity filter IdenticalMurckoScaffold
21:05:37 <INFO> Diversity filter memories are retained between stages
21:05:37 <WARN> Inception disabled but may speed up convergence
21:05:37 <ERRO> Component reinvent_plugins.components.OpenEye.comp_rocs could not be imported: No module named 'openeye'
21:05:37 <INFO> Registered scoring component GroupCount
21:05:37 <INFO> Registered scoring component FragmentQed
21:05:37 <INFO> Registered scoring component FragmentSlogP
21:05:37 <INFO> Registered scoring component FragmentMolecularWeight
21:05:37 <INFO> Registered scoring component FragmentTPSA
21:05:37 <INFO> Registered scoring component FragmentDistanceMatrix
21:05:37 <INFO> Registered scoring component FragmentNumAtomStereoCenters
21:05:37 <INFO> Registered scoring component FragmentHBondAcceptors
21:05:37 <INFO> Registered scoring component FragmentHBondDonors
21:05:37 <INFO> Registered scoring component FragmentNumRotBond
21:05:37 <INFO> Registered scoring component FragmentCsp3
21:05:37 <INFO> Registered scoring component Fragmentnumsp
21:05:37 <INFO> Registered scoring component Fragmentnumsp2
21:05:37 <INFO> Registered scoring component Fragmentnumsp3
21:05:37 <INFO> Registered scoring component FragmentEffectiveLength
21:05:37 <INFO> Registered scoring component FragmentGraphLength
21:05:37 <INFO> Registered scoring component FragmentLengthRatio
21:05:37 <INFO> Registered scoring component FragmentNumHeavyAtoms
21:05:37 <INFO> Registered scoring component FragmentNumHeteroAtoms
21:05:37 <INFO> Registered scoring component FragmentNumRings
21:05:37 <INFO> Registered scoring component FragmentNumAromaticRings
21:05:37 <INFO> Registered scoring component FragmentNumAliphaticRings
21:05:37 <INFO> Registered scoring component FragmentSlogP
21:05:37 <INFO> Registered scoring component MatchingSubstructure
21:05:37 <INFO> Registered scoring component MolVolume
21:05:37 <INFO> Registered scoring component Qed
21:05:37 <INFO> Registered scoring component LargestRingSize
21:05:37 <INFO> Registered scoring component MolecularWeight
21:05:37 <INFO> Registered scoring component GraphLength
21:05:37 <INFO> Registered scoring component NumAtomStereoCenters
21:05:37 <INFO> Registered scoring component HBondAcceptors
21:05:37 <INFO> Registered scoring component HBondDonors
21:05:37 <INFO> Registered scoring component NumRotBond
21:05:37 <INFO> Registered scoring component Csp3
21:05:37 <INFO> Registered scoring component numsp
21:05:37 <INFO> Registered scoring component numsp2
21:05:37 <INFO> Registered scoring component numsp3
21:05:37 <INFO> Registered scoring component NumHeavyAtoms
21:05:37 <INFO> Registered scoring component NumHeteroAtoms
21:05:37 <INFO> Registered scoring component NumRings
21:05:37 <INFO> Registered scoring component NumAromaticRings
21:05:37 <INFO> Registered scoring component NumAliphaticRings
21:05:37 <INFO> Registered scoring component SlogP
21:05:37 <INFO> Registered scoring component LargestRingSize
21:05:37 <INFO> Registered scoring component PMI
21:05:37 <INFO> Registered scoring component RDKitDescriptors
21:05:37 <INFO> Registered scoring component TanimotoSimilarity
21:05:37 <INFO> Registered scoring component TanimotoDistance
21:05:37 <INFO> Registered scoring component TPSA
21:05:37 <INFO> Registered scoring component SAScore
21:05:37 <ERRO> Component reinvent_plugins.components.comp_chemprop could not be imported: No module named 'chemprop'
21:05:37 <ERRO> Component reinvent_plugins.components.comp_chemprop2 could not be imported: No module named 'chemprop'
21:05:37 <INFO> Registered scoring component CustomAlerts
21:05:37 <INFO> Registered scoring component DockStream
21:05:37 <INFO> Registered scoring component ExternalProcess
21:05:37 <INFO> Registered scoring component REST
21:05:37 <INFO> Registered scoring component Icolos
21:05:37 <INFO> Registered scoring component MMP
21:05:37 <INFO> Registered scoring component Qptuna
21:05:37 <INFO> Registered scoring component ReactionFilter
21:05:37 <INFO> Registered scoring component RingPrecedence
21:05:37 <INFO> Registered scoring component Maize
21:05:37 <INFO> Registered scoring component SynthSense
21:05:37 <INFO> Registered scoring component CAZP
21:05:37 <INFO> Creating scoring component ExternalProcess
21:05:37 <INFO> Creating scoring component MolecularWeight
21:05:37 <INFO> Creating scoring component SAScore
21:05:37 <INFO> Creating filter component custom_alerts
21:05:37 <INFO> Writing tabular data for stage to taf_disrupting_1.csv
21:05:37 <INFO> Starting stage 1 <<<
21:05:37 <INFO> Sampled SMILES c1n(c(c(c(c1)Br)C(=N)C(=O)c1c(cc(OCc2ccccc2)cc1)I)C)CCC failed to sanitize.
21:05:41 <INFO> Score: 0.22 Agent NLL: 37.56 Valid:  98% Step: 1
 | Agent Prior Target Score SMILES SMILES_state Scaffold predicted_activity predicted_activity (raw) training_similarity training_similarity (raw) taf_disrupted taf_disrupted (raw) novelty novelty (raw) stereo_validity stereo_validity (raw) MW_window MW_window (raw) synthetic_feasibility synthetic_feasibility (raw) curated alerts filter curated alerts filter (raw) scaffold_novelty (predicted_activity) taf_consistency (predicted_activity) uncertainty (predicted_activity) matchting_patterns (curated alerts filter)
 | 71.7961 71.7961 -71.5728 0.0017443 COc1ccc(-c2ccc(Cl)nc2Cl)cc1C(C)CC1CC(NC(=O)Cn2ccc(NC(=O)C3CCC(C(C)C)CC3)c2)O1 1 O=C(Cn1ccc(NC(=O)C2CCCCC2)c1)NC1CC(CCc2cccc(-c3cccnc3)c2)O1 0.1900000 0.1900 0.2523103 0.2523 0.6666667 0.6667 0.8138548 0.8139 0.0000000 0.0000 0.0000000 641.6400 0.5402213 4.2494 1.0000000 1.0000 1.0 0.3333333333333333 0.39230090491866065 []
 | 28.0102 28.0102 -27.7897 0.0017226 CC(C)C1C2CC3CC(C)C1C32 1 C1CC2CC3CC1C23 0.1350000 0.1350 0.1664818 0.1665 1.0000000 1.0000 0.8832252 0.8832 0.0000000 0.0000 0.0000000 164.2920 0.5346468 4.4929 1.0000000 1.0000 1.0 0.0 0.34172357249683555 []
 | 30.5616 30.5616 36.3074 0.5224136 CNC(=O)N1CCC[C@](O)(c2ccc(C)o2)C1 1 c1coc(C2CCCNC2)c1 0.1750000 0.1750 0.2197738 0.2198 0.6666667 0.6667 0.7953531 0.7954 1.0000000 1.0000 1.0000000 238.2870 0.5535287 3.3337 1.0000000 1.0000 1.0 0.3333333333333333 0.3799671038392666 []
 | 29.4818 29.4818 41.7503 0.5565007 COc1ccccc1CCN1C[C@@H](O)C[C@H]1C(=O)O 1 c1ccc(CCN2CCCC2)cc1 0.2000000 0.2000 0.3480089 0.3480 0.6666667 0.6667 0.6919023 0.6919 1.0000000 1.0000 1.0000000 265.3090 0.5421369 2.8343 1.0000000 1.0000 1.0 0.3333333333333333 0.4000000000000001 []
 | 31.6271 31.6271 -17.6371 0.1092964 CN(C)S(=O)(=O)c1ccc(Cl)c(C(=O)NC(C(=O)O)c2ccc(F)cc2)c1 1 O=C(NCc1ccccc1)c1ccccc1 0.2900000 0.2900 0.1939145 0.1939 0.6666667 0.6667 0.8060855 0.8061 0.0000000 0.0000 1.0000000 414.8420 0.5350060 2.5228 1.0000000 1.0000 1.0 0.3333333333333333 0.4537620521815371 []
 | 28.3427 28.3427 -17.6934 0.0831972 CCOC(=O)CC1CCNCC1CC(F)(F)F 1 C1CCNCC1 0.1250000 0.1250 0.2484520 0.2485 0.3333333 0.3333 0.7917683 0.7918 0.0000000 0.0000 1.0000000 253.2640 0.5568804 3.5190 1.0000000 1.0000 1.0 0.6666666666666666 0.33071891388307384 []
 | 37.5586 37.5586 41.9903 0.6214758 O=C(Cc1ccc(NC(=O)c2ccccn2)cc1)N[C@H](CO)Cc1ccccc1F 1 O=C(Cc1ccc(NC(=O)c2ccccn2)cc1)NCCc1ccccc1 0.3950000 0.3950 0.3254934 0.3255 0.6666667 0.6667 0.6745066 0.6745 1.0000000 1.0000 1.0000000 407.4450 0.5351942 2.5310 1.0000000 1.0000 1.0 0.3333333333333333 0.48885069295235745 []
 | 61.5209 61.5209 -61.5209 0.0000000 c1n(c(c(c(c1)Br)C(=N)C(=O)c1c(cc(OCc2ccccc2)cc1)I)C)CCC 0 -- 0.0000000 0.0000 0.0000000 0.0000 0.0000000 0.0000 0.0000000 0.0000 0.0000000 0.0000 0.0000000 0.0000 0.0000000 0.0000 0.0000000 0.0000 None None None None
 | 38.5168 38.5168 29.6448 0.5325124 CCc1cnnc(Nc2ccc(NCc3cccnc3)cn2)c1CC 1 c1cncc(CNc2ccc(Nc3cccnn3)nc2)c1 0.1750000 0.1750 0.2705009 0.2705 0.6666667 0.6667 0.7864395 0.7864 1.0000000 1.0000 1.0000000 334.4270 0.5379243 2.6502 1.0000000 1.0000 1.0 0.3333333333333333 0.3799671038392666 []
 | 29.1801 29.1801 -14.9170 0.1114306 CCC(C)C(CC)CC=C(C)Cl 1  0.1800000 0.1800 0.2114722 0.2115 1.0000000 1.0000 0.8156976 0.8157 0.0000000 0.0000 1.0000000 188.7420 0.5526298 3.7058 1.0000000 1.0000 1.0 0.0 0.38418745424597095 []
21:05:45 <INFO> Score: 0.33 Agent NLL: 38.07 Valid:  98% Step: 2
 | Agent Prior Target Score SMILES SMILES_state Scaffold predicted_activity predicted_activity (raw) training_similarity training_similarity (raw) taf_disrupted taf_disrupted (raw) novelty novelty (raw) stereo_validity stereo_validity (raw) MW_window MW_window (raw) synthetic_feasibility synthetic_feasibility (raw) curated alerts filter curated alerts filter (raw) scaffold_novelty (predicted_activity) taf_consistency (predicted_activity) uncertainty (predicted_activity) matchting_patterns (curated alerts filter)
 | 27.6691 27.7575 -13.9230 0.1080814 Cc1cc(C)c(C(N)c2cncs2)o1 1 c1coc(Cc2cncs2)c1 0.2600000 0.2600 0.2001112 0.2001 0.6666667 0.6667 0.8228384 0.8228 0.0000000 0.0000 1.0000000 208.2860 0.5514718 3.7567 1.0000000 1.0000 1.0 0.3333333333333333 0.4386342439892262 []
 | 28.8860 29.1043 31.9386 0.4768979 Cc1ccc(Oc2cccc(CNC(C)C)c2)c(C#N)c1 1 c1ccc(Oc2ccccc2)cc1 0.2550000 0.2550 0.2283058 0.2283 0.3333333 0.3333 0.7716942 0.7717 1.0000000 1.0000 1.0000000 280.3710 0.5231461 2.0059 1.0000000 1.0000 1.0 0.6666666666666666 0.43586121644395015 []
 | 35.9932 35.7900 37.4206 0.5719582 O=C(NCc1ccc(F)c(Cn2ccnn2)c1)c1ccccc1-n1nccn1 1 O=C(NCc1cccc(Cn2ccnn2)c1)c1ccccc1-n1nccn1 0.2950000 0.2950 0.2258194 0.2258 0.6666667 0.6667 0.7741806 0.7742 1.0000000 1.0000 1.0000000 377.3830 0.5366353 2.5939 1.0000000 1.0000 1.0 0.3333333333333333 0.4560427611529428 []
 | 43.8391 43.8112 -43.8112 0.0000000 CC(=O)/C(C(=O)OC1CCCCC1=O)=C1/SC(=S)SC1=O 1 O=C(C=C1SC(=S)SC1=O)OC1CCCCC1=O 0.0000000 0.0000 0.0000000 0.0000 0.0000000 0.0000 0.0000000 0.0000 0.0000000 0.0000 0.0000000 0.0000 0.0000000 0.0000 0.0000000 0.0000 None None None ['[#16;!s][C;!$(C(=[O,N])[N,O])][#16;!s]']
 | 69.3163 69.3141 -68.3462 0.0075616 C=C/C(=C\N=C(N)c1cn[nH]c1C1CCC(N2CCNC(=O)C2)CC1)c1c(C#N)ccc(OC2CCOCC2)c1C 1 O=C1CN(C2CCC(c3[nH]ncc3C=NC=Cc3cccc(OC4CCOCC4)c3)CC2)CCN1 0.1800000 0.1800 0.2385594 0.2386 0.3333333 0.3333 0.7784806 0.7785 1.0000000 1.0000 0.0000000 557.6990 0.5507799 3.7870 1.0000000 1.0000 1.0 0.6666666666666666 0.38418745424597095 []
 | 26.8311 26.9371 -25.8539 0.0084622 CCCCC/C=C\C/C=C\CCCCCCCC(=O)OC[C@@H](COC(=O)CCCCCCC/C=C\CCCCCCCC)OC(=O)CCCCCCC/C=C\C/C=C\CCCCC 1  0.1200000 0.1200 0.3244428 0.3244 0.6666667 0.6667 0.7348349 0.7348 1.0000000 1.0000 0.0000000 881.4210 0.5520511 3.7312 1.0000000 1.0000 1.0 0.3333333333333333 0.3249615361854384 []
 | 34.7862 34.9027 32.6099 0.5274425 COc1ccccc1-c1noc(COC(=O)c2ccc(Cn3cccc3C)cc2)n1 1 O=C(OCc1nc(-c2ccccc2)no1)c1ccc(Cn2cccc2)cc1 0.1700000 0.1700 0.2754307 0.2754 0.6666667 0.6667 0.7339893 0.7340 1.0000000 1.0000 1.0000000 403.4380 0.5291927 2.2693 1.0000000 1.0000 1.0 0.3333333333333333 0.375632799419859 []
 | 39.5513 39.3503 30.2989 0.5441344 Cc1ccc(N2CCN(C(=O)/C(C#N)=C3\OC(c4ccccc4)=CS3)CC2)cc1C 1 O=C(C=C1OC(c2ccccc2)=CS1)N1CCN(c2ccccc2)CC1 0.2150000 0.2150 0.2326252 0.2326 0.6666667 0.6667 0.7948177 0.7948 1.0000000 1.0000 1.0000000 417.5340 0.5430248 2.8732 1.0000000 1.0000 1.0 0.3333333333333333 0.41082234603292944 []
 | 24.0068 23.9297 -23.9297 0.0000000 COc1ccc(C=NNc2nc(-c3ccccc3)cs2)cc1O 1 C(=NNc1nc(-c2ccccc2)cs1)c1ccccc1 0.0000000 0.0000 0.0000000 0.0000 0.0000000 0.0000 0.0000000 0.0000 0.0000000 0.0000 0.0000000 0.0000 0.0000000 0.0000 0.0000000 0.0000 None None None ['[#7;!n][#7;!n]']
 | 29.0100 29.0913 -14.5636 0.1134973 CC(CNC(=O)CNC(=O)c1ccc(C(C)C)cc1)C(=O)O 1 c1ccccc1 0.3150000 0.3150 0.2511059 0.2511 0.6666667 0.6667 0.7499035 0.7499 0.0000000 0.0000 1.0000000 306.3620 0.5307578 2.3375 1.0000000 1.0000 1.0 0.3333333333333333 0.46451587701606073 []
21:05:45 <INFO> Sampled SMILES c12cccc3c1c(Oc1c4C=CC(c5ccc6ccccc6c5C)(c5ccccc5-4)c4ccccc4)cccc1n3ccc2 failed to sanitize.
21:05:45 <INFO> Sampled SMILES n1(C)/c(=C/C(=O)OCC)s/c(=C\c2ccc(cc2)N)n1 failed to sanitize.
21:05:49 <INFO> Score: 0.29 Agent NLL: 38.90 Valid:  95% Step: 3
 | Agent Prior Target Score SMILES SMILES_state Scaffold predicted_activity predicted_activity (raw) training_similarity training_similarity (raw) taf_disrupted taf_disrupted (raw) novelty novelty (raw) stereo_validity stereo_validity (raw) MW_window MW_window (raw) synthetic_feasibility synthetic_feasibility (raw) curated alerts filter curated alerts filter (raw) scaffold_novelty (predicted_activity) taf_consistency (predicted_activity) uncertainty (predicted_activity) matchting_patterns (curated alerts filter)
 | 31.2520 31.3816 -30.1440 0.0096688 C=C/C=C(/C1=CN=CC1)[N+](=O)[O-] 1 C1=CN=CC1 0.1900000 0.1900 0.2160247 0.2160 1.0000000 1.0000 0.8499250 0.8499 1.0000000 1.0000 0.0000000 164.1640 0.5373229 4.3761 1.0000000 1.0000 1.0 0.0 0.39230090491866065 []
 | 27.6883 27.7120 36.9752 0.5053687 C/C=C/C[C@H](C#N)[C@@H](O)c1ccccc1 1 c1ccccc1 0.3000000 0.3000 0.2952693 0.2953 0.3333333 0.3333 0.7047307 0.7047 1.0000000 1.0000 1.0000000 201.2690 0.5549976 3.3982 1.0000000 1.0000 1.0 0.6666666666666666 0.45825756949558394 []
 | 32.9423 32.6492 -31.6619 0.0077136 CCCCCCCC/C=C\CCCCCCC(=O)N[C@@H](COP(=O)(O)OC1C(O)C(O)C(O)[C@@H](O)C1O)[C@H](O)/C=C/CCCCCCCCCCCCC 1 C1CCCCC1 0.1350000 0.1350 0.3018362 0.3018 0.6666667 0.6667 0.7086142 0.7086 0.3333333 0.3333 0.0000000 792.0450 0.5255862 4.8878 1.0000000 1.0000 1.0 0.3333333333333333 0.34172357249683555 []
 | 41.3585 41.6880 34.4287 0.5946616 COc1cccc2c(-c3cccc4ccccc34)c(CC(=O)O)c(SC)nc12 1 c1ccc2c(-c3ccnc4ccccc34)cccc2c1 0.2000000 0.2000 0.2708645 0.2709 1.0000000 1.0000 0.7601994 0.7602 1.0000000 1.0000 1.0000000 389.4760 0.5314623 2.3682 1.0000000 1.0000 1.0 0.0 0.4000000000000001 []
 | 48.7022 48.8802 22.1082 0.5545973 Cc1ccc(C)c(CCC(=O)N[C@@H]2CN(C)[C@@H](c3cccc(C)n3)C[C@@H]2O)c1 1 O=C(CCc1ccccc1)NC1CCC(c2ccccn2)NC1 0.2400000 0.2400 0.2253524 0.2254 0.6666667 0.6667 0.8004920 0.8005 1.0000000 1.0000 1.0000000 381.5200 0.5556074 3.5750 1.0000000 1.0000 1.0 0.3333333333333333 0.4270831300812525 []
 | 25.6005 25.7559 -12.1250 0.1064910 Cc1ccc(C(O)CC2CC3CCC2C3)cc1C 1 c1ccc(CCC2CC3CCC2C3)cc1 0.2150000 0.2150 0.2475938 0.2476 0.6666667 0.6667 0.7808013 0.7808 0.0000000 0.0000 1.0000000 244.3780 0.5455465 4.0164 1.0000000 1.0000 1.0 0.3333333333333333 0.41082234603292944 []
 | 30.1921 30.1059 42.3446 0.5660197 CCOC(=O)CN(C(=S)S)c1ccccn1 1 c1ccncc1 0.2500000 0.2500 0.2778850 0.2779 0.6666667 0.6667 0.7297298 0.7297 1.0000000 1.0000 1.0000000 256.3520 0.5360437 2.5681 1.0000000 1.0000 1.0 0.3333333333333333 0.4330127018922193 []
 | 27.5520 27.7197 -27.7197 0.0000000 NNc1cnc(NC2CCC2)c(C(N)=O)c1 1 c1ccc(NC2CCC2)nc1 0.0000000 0.0000 0.0000000 0.0000 0.0000000 0.0000 0.0000000 0.0000 0.0000000 0.0000 0.0000000 0.0000 0.0000000 0.0000 0.0000000 0.0000 None None None ['[#7;!n][#7;!n]']
 | 29.1037 29.2814 -14.4299 0.1160276 COc1ccc(C(C)N2CCOC(C(=O)O)C2)cc1OC 1 c1ccc(CN2CCOCC2)cc1 0.1850000 0.1850 0.3115010 0.3115 1.0000000 1.0000 0.7492939 0.7493 0.0000000 0.0000 1.0000000 295.3350 0.5436595 2.9010 1.0000000 1.0000 1.0 0.0 0.3882975663070784 []
 | 41.6261 41.3001 -27.0963 0.1109672 COc1ccc(C(=O)Nc2sc(=S)[nH]c2C(N)CC(C)C)c(OC)c1 1 O=C(Nc1c[nH]c(=S)s1)c1ccccc1 0.2450000 0.2450 0.2860281 0.2860 0.6666667 0.6667 0.7928158 0.7928 0.0000000 0.0000 1.0000000 381.5230 0.5499913 3.1784 1.0000000 1.0000 1.0 0.3333333333333333 0.43008720046055776 []
21:05:52 <INFO> Score: 0.38 Agent NLL: 35.21 Valid: 100% Step: 4
 | Agent Prior Target Score SMILES SMILES_state Scaffold predicted_activity predicted_activity (raw) training_similarity training_similarity (raw) taf_disrupted taf_disrupted (raw) novelty novelty (raw) stereo_validity stereo_validity (raw) MW_window MW_window (raw) synthetic_feasibility synthetic_feasibility (raw) curated alerts filter curated alerts filter (raw) scaffold_novelty (predicted_activity) taf_consistency (predicted_activity) uncertainty (predicted_activity) matchting_patterns (curated alerts filter)
 | 41.3072 41.0198 -26.5572 0.1129889 CCCCCCOc1cc(O)c(CCCCC)c(O)c1OCCC(C)CCCC 1 c1ccccc1 0.1500000 0.1500 0.3651484 0.3651 1.0000000 1.0000 0.6726731 0.6727 0.0000000 0.0000 1.0000000 408.6230 0.5450342 2.9611 1.0000000 1.0000 1.0 0.0 0.3570714214271425 []
 | 27.4992 28.0740 42.0117 0.5475442 COCc1nnc(NC(=O)Nc2cccc(NC(C)=O)c2)s1 1 O=C(Nc1ccccc1)Nc1nncs1 0.2150000 0.2150 0.2588415 0.2588 0.6666667 0.6667 0.7716942 0.7717 1.0000000 1.0000 1.0000000 321.3620 0.5254757 2.1074 1.0000000 1.0000 1.0 0.3333333333333333 0.41082234603292944 []
 | 31.9472 33.0066 -20.0131 0.1015124 c1ncc(CNC(c2csnn2)C2CCOC2)cn1 1 c1ncc(CNC(c2csnn2)C2CCOC2)cn1 0.1900000 0.1900 0.1883526 0.1884 0.6666667 0.6667 0.8265114 0.8265 0.0000000 0.0000 1.0000000 277.3530 0.5489448 3.8675 1.0000000 1.0000 1.0 0.3333333333333333 0.39230090491866065 []
 | 24.1452 24.0789 54.2103 0.6116340 CN(c1cc(C(=O)O)ccn1)C(C)(C)C 1 c1ccncc1 0.2600000 0.2600 0.2227384 0.2227 1.0000000 1.0000 0.7898949 0.7899 1.0000000 1.0000 1.0000000 208.2610 0.5347253 2.5105 1.0000000 1.0000 1.0 0.0 0.4386342439892262 []
 | 44.0964 44.2348 18.0859 0.4868805 CC(=O)c1cn(C)c2cc(NC(=O)Nc3ccccc3Br)c(Cl)cc2c1=O 1 O=C(Nc1ccccc1)Nc1ccc2c(=O)cc[nH]c2c1 0.2850000 0.2850 0.2248469 0.2248 0.3333333 0.3333 0.7846473 0.7846 1.0000000 1.0000 1.0000000 448.7040 0.5303969 2.3217 1.0000000 1.0000 1.0 0.6666666666666666 0.4514144437210666 []
 | 24.8889 24.8982 49.3389 0.5799774 C[C@H](NC(=O)Nc1nccs1)c1ccccc1 1 O=C(NCc1ccccc1)Nc1nccs1 0.2900000 0.2900 0.2778850 0.2779 0.6666667 0.6667 0.7221150 0.7221 1.0000000 1.0000 1.0000000 247.3230 0.5296836 2.2907 1.0000000 1.0000 1.0 0.3333333333333333 0.4537620521815371 []
 | 28.7026 28.5197 45.3903 0.5774213 CCc1sc(C(=O)N2CCN(c3ccc(C)nn3)CC2)cc1C 1 O=C(c1cccs1)N1CCN(c2cccnn2)CC1 0.2000000 0.2000 0.1956464 0.1956 1.0000000 1.0000 0.8400995 0.8401 1.0000000 1.0000 1.0000000 330.4570 0.5317615 2.3812 1.0000000 1.0000 1.0 0.0 0.4 []
 | 83.9433 83.9397 -83.7544 0.0014477 Cc1cc(C2(c3ccc(OCCOCCOCCOCCOCCOCCOCCOCCOCCN=[N+]=[N-])cc3)CC(Cc3ccc(NCCC(=O)OC(C)(C)C)cc3S(C)(=O)=O)=NS(=O)(=O)O2)ccc1O 1 O=S1(=O)N=C(Cc2ccccc2)CC(c2ccccc2)(c2ccccc2)O1 0.1700000 0.1700 0.2317614 0.2318 0.3333333 0.3333 0.8126171 0.8126 0.0000000 0.0000 0.0000000 1066.2590 0.5255069 4.8913 1.0000000 1.0000 1.0 0.6666666666666666 0.375632799419859 []
 | 33.8319 33.7778 38.4655 0.5644011 NC(=NCc1cccc(N2CCCC2=O)c1)NS(=O)(=O)c1ccc(Cl)cc1 1 O=C1CCCN1c1cccc(CN=CNS(=O)(=O)c2ccccc2)c1 0.2450000 0.2450 0.2723148 0.2723 0.6666667 0.6667 0.7741806 0.7742 1.0000000 1.0000 1.0000000 406.8950 0.5314115 2.3660 1.0000000 1.0000 1.0 0.3333333333333333 0.4300872004605578 []
 | 44.8879 43.9975 21.2894 0.5100536 N#Cc1cccc(COc2ccc(C34CCC(NC(=O)c5cnn6cccnc56)(CC3)CC4)cc2)c1 1 O=C(NC12CCC(c3ccc(OCc4ccccc4)cc3)(CC1)CC2)c1cnn2cccnc12 0.3100000 0.3100 0.3082481 0.3082 0.3333333 0.3333 0.6917519 0.6918 1.0000000 1.0000 1.0000000 477.5680 0.5542879 3.6330 1.0000000 1.0000 1.0 0.6666666666666666 0.462493243193887 []
21:05:56 <INFO> Score: 0.30 Agent NLL: 34.56 Valid: 100% Step: 5
 | Agent Prior Target Score SMILES SMILES_state Scaffold predicted_activity predicted_activity (raw) training_similarity training_similarity (raw) taf_disrupted taf_disrupted (raw) novelty novelty (raw) stereo_validity stereo_validity (raw) MW_window MW_window (raw) synthetic_feasibility synthetic_feasibility (raw) curated alerts filter curated alerts filter (raw) scaffold_novelty (predicted_activity) taf_consistency (predicted_activity) uncertainty (predicted_activity) matchting_patterns (curated alerts filter)
 | 28.1012 28.6108 44.8985 0.5742910 CCCOc1ccc(-c2oncc2CCC(=O)O)cc1 1 c1ccc(-c2ccno2)cc1 0.1450000 0.1450 0.3695745 0.3696 1.0000000 1.0000 0.6410975 0.6411 1.0000000 1.0000 1.0000000 275.3040 0.5274035 2.1913 1.0000000 1.0000 1.0 0.0 0.352100837829165 []
 | 34.0984 33.9366 40.4090 0.5808249 CCCOc1ccc(Cl)cc1[C@@H](NC(=O)CCC)c1ccccc1 1 c1ccc(Cc2ccccc2)cc1 0.2500000 0.2500 0.3952847 0.3953 0.6666667 0.6667 0.6047153 0.6047 1.0000000 1.0000 1.0000000 345.8700 0.5321631 2.3988 1.0000000 1.0000 1.0 0.3333333333333333 0.4330127018922193 []
 | 32.1698 32.2362 -32.0479 0.0014711 CC/C=C\C/C=C\C/C=C\C/C=C\C/C=C\C/C=C\CCC(=O)OC(COC(=O)CCCCCCCCCCCCCCCCCCCCCCCC)COC1OC(C(O)CO)C(O)C(O)C1O 1 C1CCOCC1 0.1500000 0.1500 0.3872983 0.3873 0.3333333 0.3333 0.6348516 0.6349 0.0000000 0.0000 0.0000000 959.4000 0.5148752 5.3538 1.0000000 1.0000 1.0 0.6666666666666666 0.3570714214271425 []
 | 29.8881 29.6314 46.4147 0.5941106 CCCO[C@@H]1CCCN(C(=O)c2cccc(S(C)(=O)=O)c2)C1 1 O=C(c1ccccc1)N1CCCCC1 0.1900000 0.1900 0.3061862 0.3062 1.0000000 1.0000 0.6938138 0.6938 1.0000000 1.0000 1.0000000 325.4300 0.5346489 2.5072 1.0000000 1.0000 1.0 0.0 0.39230090491866065 []
 | 25.9546 26.1001 51.6094 0.6071056 CNCC(=O)N[C@H](C)[C@H](O)c1ccccc1 1 c1ccccc1 0.3450000 0.3450 0.3247962 0.3248 0.6666667 0.6667 0.6752038 0.6752 1.0000000 1.0000 1.0000000 222.2880 0.5392351 2.7075 1.0000000 1.0000 1.0 0.3333333333333333 0.4753682782853732 []
 | 32.3068 33.2338 -17.9798 0.1191723 Oc1ccc(C2C=CCSC2)cc1F 1 C1=CC(c2ccccc2)CSC1 0.2600000 0.2600 0.2156656 0.2157 1.0000000 1.0000 0.8063508 0.8064 0.0000000 0.0000 1.0000000 210.2730 0.5545287 3.6224 1.0000000 1.0000 1.0 0.0 0.4386342439892262 []
 | 39.8123 40.1235 31.7628 0.5616116 CCS(=O)C(=O)C1=CC[C@H]2C[C@H]12 1 C1=CC2CC2C1 0.1800000 0.1800 0.2656266 0.2656 1.0000000 1.0000 0.7661464 0.7661 0.6666667 0.6667 1.0000000 184.2600 0.5278406 4.7896 1.0000000 1.0000 1.0 0.0 0.38418745424597095 []
 | 45.3435 45.0726 22.2453 0.5259215 Brc1cccc(-c2nnc(Cn3nccc3-c3cccc(C4CCCC4)c3)o2)c1 1 c1ccc(-c2nnc(Cn3nccc3-c3cccc(C4CCCC4)c3)o2)cc1 0.2000000 0.2000 0.1897367 0.1897 0.6666667 0.6667 0.8335899 0.8336 1.0000000 1.0000 1.0000000 449.3520 0.5346874 2.5089 1.0000000 1.0000 1.0 0.3333333333333333 0.4 []
 | 29.2884 29.3690 -15.5365 0.1080663 Cc1cc(C(=O)C(C)NC(=O)Cc2ccc(F)cc2)c(C)n1C 1 O=C(Cc1ccccc1)NCC(=O)c1cc[nH]c1 0.2650000 0.2650 0.2029385 0.2029 0.6666667 0.6667 0.7970615 0.7971 0.0000000 0.0000 1.0000000 316.3760 0.5369606 2.6081 1.0000000 1.0000 1.0 0.3333333333333333 0.4413332074521472 []
 | 49.6920 49.1567 20.6637 0.5454715 COc1ccccc1C(=O)C1(C#N)C[C@@H](C(=O)c2ccc(F)cc2)C(C)=C(O)C1=O 1 O=C(c1ccccc1)C1C=CC(=O)C(C(=O)c2ccccc2)C1 0.2450000 0.2450 0.3567387 0.3567 0.6666667 0.6667 0.6961782 0.6962 0.5000000 0.5000 1.0000000 407.3970 0.5537414 3.6570 1.0000000 1.0000 1.0 0.3333333333333333 0.4300872004605578 []
21:06:00 <INFO> Score: 0.38 Agent NLL: 33.18 Valid: 100% Step: 6
 | Agent Prior Target Score SMILES SMILES_state Scaffold predicted_activity predicted_activity (raw) training_similarity training_similarity (raw) taf_disrupted taf_disrupted (raw) novelty novelty (raw) stereo_validity stereo_validity (raw) MW_window MW_window (raw) synthetic_feasibility synthetic_feasibility (raw) curated alerts filter curated alerts filter (raw) scaffold_novelty (predicted_activity) taf_consistency (predicted_activity) uncertainty (predicted_activity) matchting_patterns (curated alerts filter)
 | 41.6589 42.7770 25.3466 0.5322159 Fc1ccc(-c2ccccn2)c(COc2ccc([C@@H]3CCCNC3)nn2)c1 1 c1ccc(-c2ccccc2COc2ccc(C3CCCNC3)nn2)nc1 0.1800000 0.1800 0.2550307 0.2550 0.6666667 0.6667 0.7762813 0.7763 1.0000000 1.0000 1.0000000 364.4240 0.5469314 3.0442 1.0000000 1.0000 1.0 0.3333333333333333 0.38418745424597095 []
 | 35.9806 36.4681 40.6590 0.6025554 CC(=O)c1c(C(C)C)ccc(O)c1OCC(=O)c1ccc(F)cc1 1 O=C(COc1ccccc1)c1ccccc1 0.2200000 0.2200 0.2672612 0.2673 1.0000000 1.0000 0.7400624 0.7401 1.0000000 1.0000 1.0000000 330.3550 0.5291753 2.2685 1.0000000 1.0000 1.0 0.0 0.4142463035441596 []
 | 24.4114 24.3998 -9.9522 0.1128717 CC1CCC(NC(=O)c2cccc(N)c2)C1 1 O=C(NC1CCCC1)c1ccccc1 0.3050000 0.3050 0.2475938 0.2476 0.6666667 0.6667 0.7565678 0.7566 0.0000000 0.0000 1.0000000 218.3000 0.5364384 2.5853 1.0000000 1.0000 1.0 0.3333333333333333 0.460407428263272 []
 | 28.2667 28.1349 38.1620 0.5179444 CCCCCCCSCC1CCC(COC)CC1 1 C1CCCCC1 0.0850000 0.0850 0.3138824 0.3139 1.0000000 1.0000 0.7373871 0.7374 1.0000000 1.0000 1.0000000 272.4980 0.5297775 2.2948 1.0000000 1.0000 1.0 0.0 0.27888169534768686 []
 | 23.0490 23.1812 -9.1675 0.1094822 CC(C)CC(C)NC(=O)Cc1ccncc1 1 c1ccncc1 0.2650000 0.2650 0.2362154 0.2362 0.6666667 0.6667 0.7637846 0.7638 0.0000000 0.0000 1.0000000 220.3160 0.5320941 2.3957 1.0000000 1.0000 1.0 0.3333333333333333 0.4413332074521472 []
 | 28.1081 28.8097 44.9380 0.5761541 CC(C)=Cc1cc(CCl)cc2c1OCO2 1 c1ccc2c(c1)OCO2 0.1750000 0.1750 0.2389193 0.2389 1.0000000 1.0000 0.8093075 0.8093 1.0000000 1.0000 1.0000000 224.6870 0.5405893 2.7667 1.0000000 1.0000 1.0 0.0 0.3799671038392666 []
 | 25.7263 25.4115 36.6346 0.4847354 N#Cc1cc(F)cc(O)c1C(N)=O 1 c1ccccc1 0.3200000 0.3200 0.1725164 0.1725 0.3333333 0.3333 0.8274836 0.8275 1.0000000 1.0000 1.0000000 180.1380 0.5346370 2.5067 1.0000000 1.0000 1.0 0.6666666666666666 0.46647615158762396 []
 | 25.5481 25.9542 40.4557 0.5188271 COCCN(CCCBr)CCCN(C)C 1  0.1750000 0.1750 0.2114722 0.2115 0.6666667 0.6667 0.8156976 0.8157 1.0000000 1.0000 1.0000000 281.2380 0.5325429 2.4153 1.0000000 1.0000 1.0 0.3333333333333333 0.3799671038392666 []
 | 32.4901 34.0074 37.8420 0.5613233 COc1ccc(OC)c2c(N[C@H](C)CO)nncc12 1 c1ccc2cnncc2c1 0.2050000 0.2050 0.3404414 0.3404 0.6666667 0.6667 0.7534015 0.7534 1.0000000 1.0000 1.0000000 263.2970 0.5470611 3.0499 1.0000000 1.0000 1.0 0.3333333333333333 0.403701622488689 []
 | 42.1446 43.0716 28.4650 0.5588795 Cc1ccnc([C@H]2CC23CCN(C/C=C/c2ccc4c(c2)OCO4)CC3)c1 1 C(=Cc1ccc2c(c1)OCO2)CN1CCC2(CC1)CC2c1ccccn1 0.1550000 0.1550 0.2125256 0.2125 1.0000000 1.0000 0.8299795 0.8300 1.0000000 1.0000 1.0000000 362.4730 0.5526899 3.7032 1.0000000 1.0000 1.0 0.0 0.36190468358395134 []
21:06:04 <INFO> Score: 0.31 Agent NLL: 35.07 Valid: 100% Step: 7
 | Agent Prior Target Score SMILES SMILES_state Scaffold predicted_activity predicted_activity (raw) training_similarity training_similarity (raw) taf_disrupted taf_disrupted (raw) novelty novelty (raw) stereo_validity stereo_validity (raw) MW_window MW_window (raw) synthetic_feasibility synthetic_feasibility (raw) curated alerts filter curated alerts filter (raw) scaffold_novelty (predicted_activity) taf_consistency (predicted_activity) uncertainty (predicted_activity) matchting_patterns (curated alerts filter)
 | 39.0578 39.3620 18.9169 0.4553043 COC(=O)c1cc(-c2ccoc2)ccc1NCCc1nc2ccccc2[nH]1 1 c1ccc2[nH]c(CCNc3ccc(-c4ccoc4)cc3)nc2c1 0.1850000 0.1850 0.2503915 0.2504 0.3333333 0.3333 0.7561569 0.7562 1.0000000 1.0000 1.0000000 361.4010 0.5317367 2.3802 1.0000000 1.0000 1.0 0.6666666666666666 0.38829756630707846 []
 | 26.9905 27.9232 48.7275 0.5988333 Cc1ccc([C@H]2CCCCN2C(=O)c2ccccn2)o1 1 O=C(c1ccccn1)N1CCCCC1c1ccco1 0.2050000 0.2050 0.2758803 0.2759 1.0000000 1.0000 0.7521592 0.7522 1.0000000 1.0000 1.0000000 270.3320 0.5375774 2.6350 1.0000000 1.0000 1.0 0.0 0.403701622488689 []
 | 30.7715 30.2860 -15.1110 0.1185548 CCCCC(CC)C(Cl)Cc1cc2ccccc2o1 1 c1ccc2occc2c1 0.2100000 0.2100 0.3016247 0.3016 1.0000000 1.0000 0.7599787 0.7600 0.0000000 0.0000 1.0000000 278.8230 0.5517911 3.2574 1.0000000 1.0000 1.0 0.0 0.40730823708832603 []
 | 41.5802 41.0534 -41.0534 0.0000000 O=CCCC(C(=O)O)N1CC(C(F)(F)F)CN1C1CCCC1 1 C1CCC(N2CCCN2)C1 0.0000000 0.0000 0.0000000 0.0000 0.0000000 0.0000 0.0000000 0.0000 0.0000000 0.0000 0.0000000 0.0000 0.0000000 0.0000 0.0000000 0.0000 None None None ['[#7;!n][#7;!n]']
 | 52.9227 52.3979 -52.1881 0.0016388 CCc1ccc(CN(C(=O)OCCNC(=O)OC(C)(C)C)C(OCc2ccccc2)c2c(Cl)cc(Cl)cc2Cl)cc1 1 c1ccc(CNC(OCc2ccccc2)c2ccccc2)cc1 0.2900000 0.2900 0.3183573 0.3184 0.3333333 0.3333 0.6816427 0.6816 0.0000000 0.0000 0.0000000 621.9890 0.5523358 3.2813 1.0000000 1.0000 1.0 0.6666666666666666 0.4537620521815371 []
 | 33.8713 34.5804 39.2304 0.5766468 Cc1cc(C)n2ccc(C(=O)N3CCC[C@H]3CCC(=O)O)c2n1 1 O=C(c1ccn2cccnc12)N1CCCC1 0.1850000 0.1850 0.2178551 0.2179 1.0000000 1.0000 0.8121154 0.8121 1.0000000 1.0000 1.0000000 315.3730 0.5454763 2.9805 1.0000000 1.0000 1.0 0.0 0.38829756630707846 []
 | 56.3078 56.2191 -42.2429 0.1091893 COP(O)(=CCCOP=O)Cc1cccc(CCN)c1 1 c1ccccc1 0.2350000 0.2350 0.2758803 0.2759 0.6666667 0.6667 0.7521592 0.7522 0.0000000 0.0000 1.0000000 317.2620 0.5439872 4.0847 1.0000000 1.0000 1.0 0.3333333333333333 0.4239988207530771 []
 | 34.1058 34.2141 41.0143 0.5877218 CCCCC[C@@H](O)CC[C@H]1C(=O)NCCN1Cc1ccccc1 1 O=C1CN(Cc2ccccc2)CCN1 0.2600000 0.2600 0.4076610 0.4077 0.6666667 0.6667 0.5923390 0.5923 1.0000000 1.0000 1.0000000 318.4610 0.5456701 2.9890 1.0000000 1.0000 1.0 0.3333333333333333 0.4386342439892262 []
 | 24.0729 24.3691 -11.7700 0.0984309 CCCNCc1cncn1CC(C)CCC 1 c1c[nH]cn1 0.1550000 0.1550 0.2000000 0.2000 0.6666667 0.6667 0.8207157 0.8207 0.0000000 0.0000 1.0000000 223.3640 0.5448651 2.9537 1.0000000 1.0000 1.0 0.3333333333333333 0.36190468358395134 []
 | 33.6532 34.7534 31.5106 0.5176875 C=C[C@@H](N)[C@@H]1OC(=O)c2ccc(Cl)cc21 1 O=C1OCc2ccccc21 0.3050000 0.3050 0.3714285 0.3714 0.3333333 0.3333 0.6619383 0.6619 1.0000000 1.0000 1.0000000 223.6590 0.5541227 3.6402 1.0000000 1.0000 1.0 0.6666666666666666 0.460407428263272 []
21:06:04 <INFO> Sampled SMILES C1(c2c(O)c3c(OC(c4c(O)cc(C5CCCC5)cc4O)CO3)c(c2C(c2c(O)c3c(cc(O)cc3oc21)F)=O)O)=O failed to sanitize.
21:06:04 <INFO> Sampled SMILES c1(ccc(cc1)/C(C)=N/NC(OC(C)(C)C)=O)Nc1nc2n(c(=O)c(c3ccccc23)CC=O)n1 failed to sanitize.
21:06:08 <INFO> Score: 0.36 Agent NLL: 32.10 Valid:  97% Step: 8
 | Agent Prior Target Score SMILES SMILES_state Scaffold predicted_activity predicted_activity (raw) training_similarity training_similarity (raw) taf_disrupted taf_disrupted (raw) novelty novelty (raw) stereo_validity stereo_validity (raw) MW_window MW_window (raw) synthetic_feasibility synthetic_feasibility (raw) curated alerts filter curated alerts filter (raw) scaffold_novelty (predicted_activity) taf_consistency (predicted_activity) uncertainty (predicted_activity) matchting_patterns (curated alerts filter)
 | 39.3556 39.0243 -25.6706 0.1043256 CCCNC1(C)CCCN(S(=O)(=O)c2ccc(C(N)=O)o2)C1 1 O=S(=O)(c1ccco1)N1CCCCC1 0.1800000 0.1800 0.2677265 0.2677 0.6666667 0.6667 0.7886299 0.7886 0.0000000 0.0000 1.0000000 329.4220 0.5539209 3.3509 1.0000000 1.0000 1.0 0.3333333333333333 0.38418745424597095 []
 | 29.2129 29.9953 35.4265 0.5111078 CC(C)CNCc1cscc1-c1cnn(C)c1 1 c1cc(-c2cn[nH]c2)cs1 0.1900000 0.1900 0.1526406 0.1526 0.6666667 0.6667 0.8837524 0.8838 1.0000000 1.0000 1.0000000 249.3830 0.5386680 2.6827 1.0000000 1.0000 1.0 0.3333333333333333 0.39230090491866065 []
 | 21.3757 21.2529 56.9082 0.6106340 Sc1cccc(Cl)c1Cl 1 c1ccccc1 0.2750000 0.2750 0.1993631 0.1994 1.0000000 1.0000 0.8006369 0.8006 1.0000000 1.0000 1.0000000 179.0710 0.5338148 2.4708 1.0000000 1.0000 1.0 0.0 0.4465142774872938 []
 | 50.2279 50.6400 12.4893 0.4931976 C#CCCOc1ccc2c(c1)C(c1ccc(NC(=O)Cc3ccccc3)cn1)=CC2 1 O=C(Cc1ccccc1)Nc1ccc(C2=CCc3ccccc32)nc1 0.2750000 0.2750 0.2782380 0.2782 0.3333333 0.3333 0.7217620 0.7218 1.0000000 1.0000 1.0000000 394.4740 0.5358530 2.5598 1.0000000 1.0000 1.0 0.6666666666666666 0.4465142774872939 []
 | 42.4997 41.8723 12.5429 0.4251190 Cc1cc(C[C@]2(C#N)CCN(C(=O)C[C@@H]3CCC[C@H]3N)C2)on1 1 O=C(CC1CCCC1)N1CCC(Cc2ccno2)C1 0.1250000 0.1250 0.2405351 0.2405 0.3333333 0.3333 0.7913040 0.7913 1.0000000 1.0000 1.0000000 316.4050 0.5439970 4.0843 1.0000000 1.0000 1.0 0.6666666666666666 0.33071891388307384 []
 | 59.5858 59.5654 -59.5654 0.0000000 C1(c2c(O)c3c(OC(c4c(O)cc(C5CCCC5)cc4O)CO3)c(c2C(c2c(O)c3c(cc(O)cc3oc21)F)=O)O)=O 0 -- 0.0000000 0.0000 0.0000000 0.0000 0.0000000 0.0000 0.0000000 0.0000 0.0000000 0.0000 0.0000000 0.0000 0.0000000 0.0000 0.0000000 0.0000 None None None None
 | 34.4266 32.7713 -20.8719 0.0929643 N#C/C(=C\c1ccccc1Cl)C(=O)NC(c1ccc(F)cc1)c1ccc(Cl)cc1 1 O=C(C=Cc1ccccc1)NC(c1ccccc1)c1ccccc1 0.2750000 0.2750 0.1960572 0.1961 0.3333333 0.3333 0.8039428 0.8039 0.0000000 0.0000 1.0000000 425.2900 0.5378229 2.6458 1.0000000 1.0000 1.0 0.6666666666666666 0.44651427748729383 []
 | 26.7218 26.9445 -25.7376 0.0094290 CCC1(CC)C(=O)C(=O)N1C 1 O=C1CNC1=O 0.1500000 0.1500 0.2640100 0.2640 1.0000000 1.0000 0.7566679 0.7567 1.0000000 1.0000 0.0000000 155.1970 0.5489089 3.1309 1.0000000 1.0000 1.0 0.0 0.3570714214271425 []
 | 54.1213 52.9520 -52.9520 0.0000000 c1(ccc(cc1)/C(C)=N/NC(OC(C)(C)C)=O)Nc1nc2n(c(=O)c(c3ccccc23)CC=O)n1 0 -- 0.0000000 0.0000 0.0000000 0.0000 0.0000000 0.0000 0.0000000 0.0000 0.0000000 0.0000 0.0000000 0.0000 0.0000000 0.0000 0.0000000 0.0000 None None None None
 | 40.4051 40.5125 28.2479 0.5371913 Cc1ccc(CN2CCN(c3oc4c(c3C#N)C[C@@H](C)C4)CC2)cc1 1 c1ccc(CN2CCN(c3cc4c(o3)CCC4)CC2)cc1 0.1950000 0.1950 0.2360961 0.2361 0.6666667 0.6667 0.8157875 0.8158 1.0000000 1.0000 1.0000000 335.4510 0.5485963 3.1172 1.0000000 1.0000 1.0 0.3333333333333333 0.3962007067131506 []
21:06:08 <INFO> Sampled SMILES C(c1ccc2c(C(=O)c3ccc(CO)cc3)c(oc2c1)-c1ccc(Cn2c(O)[nH]c2=O)cc1)C=CCC(C)O failed to sanitize.
21:06:11 <INFO> Score: 0.35 Agent NLL: 36.17 Valid:  98% Step: 9
 | Agent Prior Target Score SMILES SMILES_state Scaffold predicted_activity predicted_activity (raw) training_similarity training_similarity (raw) taf_disrupted taf_disrupted (raw) novelty novelty (raw) stereo_validity stereo_validity (raw) MW_window MW_window (raw) synthetic_feasibility synthetic_feasibility (raw) curated alerts filter curated alerts filter (raw) scaffold_novelty (predicted_activity) taf_consistency (predicted_activity) uncertainty (predicted_activity) matchting_patterns (curated alerts filter)
 | 28.2289 30.0794 41.1483 0.5564661 COc1ccccc1S(=O)(=O)N[C@H](C)Cc1cccs1 1 O=S(=O)(NCCc1cccs1)c1ccccc1 0.2050000 0.2050 0.3270856 0.3271 0.6666667 0.6667 0.7367509 0.7368 1.0000000 1.0000 1.0000000 311.4280 0.5336676 2.4644 1.0000000 1.0000 1.0 0.3333333333333333 0.403701622488689 []
 | 30.5746 30.9391 36.5012 0.5268773 CN1CCN(CCCNC(=O)CN[C@@H]2CCc3ccccc32)CC1 1 O=C(CNC1CCc2ccccc21)NCCCN1CCNCC1 0.1750000 0.1750 0.2473316 0.2473 0.6666667 0.6667 0.7818462 0.7818 1.0000000 1.0000 1.0000000 330.4760 0.5364812 2.5872 1.0000000 1.0000 1.0 0.3333333333333333 0.3799671038392666 []
 | 27.0848 27.9969 43.9997 0.5624737 Cc1cccc(CNC(=O)Cn2cnc(CN)c2)c1 1 O=C(Cn1ccnc1)NCc1ccccc1 0.2550000 0.2550 0.2528903 0.2529 0.6666667 0.6667 0.7521592 0.7522 1.0000000 1.0000 1.0000000 258.3250 0.5295662 2.2855 1.0000000 1.0000 1.0 0.3333333333333333 0.43586121644395015 []
 | 21.2317 21.2723 -20.1352 0.0088833 COCCCCCC#N 1  0.1800000 0.1800 0.2714483 0.2714 0.6666667 0.6667 0.7566679 0.7567 1.0000000 1.0000 0.0000000 127.1870 0.5246493 2.0714 1.0000000 1.0000 1.0 0.3333333333333333 0.38418745424597095 []
 | 34.7592 36.2519 35.7084 0.5621896 CCn1cnnc1Cc1nnc2ccc3[nH]ncc3n12 1 c1nnc(Cc2nnc3ccc4[nH]ncc4n23)[nH]1 0.2000000 0.2000 0.1445888 0.1446 1.0000000 1.0000 0.8795093 0.8795 1.0000000 1.0000 1.0000000 268.2840 0.5503238 3.1930 1.0000000 1.0000 1.0 0.0 0.4000000000000001 []
 | 43.6621 43.2080 23.7477 0.5230918 Cc1ccc(C[C@H](NC(=O)C(n2ccnc2)S(=O)(=O)c2ccc(Cl)cc2)C(=O)O)cc1 1 O=C(NCCc1ccccc1)C(n1ccnc1)S(=O)(=O)c1ccccc1 0.2450000 0.2450 0.2304202 0.2304 0.6666667 0.6667 0.7741806 0.7742 0.5000000 0.5000 1.0000000 461.9270 0.5517163 3.2541 1.0000000 1.0000 1.0 0.3333333333333333 0.4300872004605578 []
 | 37.3201 37.9015 -23.3445 0.1137270 O=C(O)c1ccc(N2CCN(CCC3(C(F)(F)F)CCOC3)CC2)cc1 1 c1ccc(N2CCN(CCC3CCOC3)CC2)cc1 0.1950000 0.1950 0.2277100 0.2277 1.0000000 1.0000 0.8039428 0.8039 0.0000000 0.0000 1.0000000 372.3870 0.5472679 3.0590 1.0000000 1.0000 1.0 0.0 0.3962007067131506 []
 | 55.3735 55.7934 16.2655 0.5629599 CCCOc1ccc([C@H](CNCC(=O)c2cccc(S(=O)(=O)OC)c2)c2ccccc2)cc1F 1 O=C(CNCC(c1ccccc1)c1ccccc1)c1ccccc1 0.2250000 0.2250 0.3222011 0.3222 0.6666667 0.6667 0.6777989 0.6778 1.0000000 1.0000 1.0000000 485.5770 0.5447540 2.9489 1.0000000 1.0000 1.0 0.3333333333333333 0.41758232721225164 []
 | 35.0539 35.9314 -35.9314 0.0000000 Cc1cc(O[C@H](C)C(=O)N[C@@H](CCCN=C(N)N)C(=O)O)cc(C)c1Br 1 c1ccccc1 0.2600000 0.2600 0.2195775 0.2196 0.3333333 0.3333 0.8018515 0.8019 1.0000000 1.0000 1.0000000 429.3150 0.5497477 3.1677 1.0000000 1.0000 1.0 0.6666666666666666 0.4386342439892262 []
 | 53.6897 52.8933 -40.1462 0.0995865 CSC1=NC(c2cc(-c3ccc(-c4ccccn4)nc3)ncn2)C=C(N2CCCC2)N1 1 C1=NC(c2cc(-c3ccc(-c4ccccn4)nc3)ncn2)C=C(N2CCCC2)N1 0.1500000 0.1500 0.2295656 0.2296 0.6666667 0.6667 0.8242501 0.8243 0.0000000 0.0000 1.0000000 429.5530 0.5542430 3.6349 1.0000000 1.0000 1.0 0.3333333333333333 0.3570714214271425 []
21:06:11 <INFO> Sampled SMILES c1(nc2ccc3c(c2n1)nccc3)Br failed to sanitize.
21:06:15 <INFO> Score: 0.39 Agent NLL: 34.13 Valid:  98% Step: 10
 | Agent Prior Target Score SMILES SMILES_state Scaffold predicted_activity predicted_activity (raw) training_similarity training_similarity (raw) taf_disrupted taf_disrupted (raw) novelty novelty (raw) stereo_validity stereo_validity (raw) MW_window MW_window (raw) synthetic_feasibility synthetic_feasibility (raw) curated alerts filter curated alerts filter (raw) scaffold_novelty (predicted_activity) taf_consistency (predicted_activity) uncertainty (predicted_activity) matchting_patterns (curated alerts filter)
 | 40.9779 40.2420 -26.6967 0.1058227 CCC1(OCC(C)C)C=C(C2OCCO2)C=C(C=O)C1 1 C1=CC(C2OCCO2)=CCC1 0.1200000 0.1200 0.2717914 0.2718 1.0000000 1.0000 0.7545049 0.7545 0.0000000 0.0000 1.0000000 280.3640 0.5416116 4.1886 1.0000000 1.0000 1.0 0.0 0.3249615361854384 []
 | 25.8511 28.0156 45.9326 0.5777203 CC=Cc1ccc(OC(=O)C=Cc2ccc(O)c(OC)c2)cc1 1 O=C(C=Cc1ccccc1)Oc1ccccc1 0.1750000 0.1750 0.2503867 0.2504 1.0000000 1.0000 0.8133167 0.8133 1.0000000 1.0000 1.0000000 310.3490 0.5270245 2.1748 1.0000000 1.0000 1.0 0.0 0.3799671038392666 []
 | 45.4310 44.1579 26.6047 0.5528328 CC(C)NCc1cc(/C=C2\C(=O)NC(=O)N(c3ccc(Cl)cc3)C2=O)ccc1OCC(=O)N1CCOCC1 1 O=C1NC(=O)N(c2ccccc2)C(=O)C1=Cc1ccc(OCC(=O)N2CCOCC2)cc1 0.2050000 0.2050 0.3120974 0.3121 0.6666667 0.6667 0.7142685 0.7143 1.0000000 1.0000 1.0000000 541.0040 0.5371726 2.6174 1.0000000 1.0000 1.0 0.3333333333333333 0.403701622488689 []
 | 31.0787 30.8054 32.0736 0.4912420 Cc1nn(C)c(C)c1[C@H](C)NC(=O)N(C)C1CCNCC1 1 O=C(NCc1cn[nH]c1)NC1CCNCC1 0.1300000 0.1300 0.1996675 0.1997 0.6666667 0.6667 0.8329462 0.8329 1.0000000 1.0000 1.0000000 293.4150 0.5480945 3.0952 1.0000000 1.0000 1.0 0.3333333333333333 0.33630343441600474 []
 | 29.9507 31.0440 38.8594 0.5461200 CN(Cc1ccccc1F)[C@H]1CNCCOC1 1 c1ccc(CNC2CNCCOC2)cc1 0.1900000 0.1900 0.3000938 0.3001 0.6666667 0.6667 0.7661179 0.7661 1.0000000 1.0000 1.0000000 238.3060 0.5419196 2.8248 1.0000000 1.0000 1.0 0.3333333333333333 0.39230090491866065 []
 | 35.4023 35.7361 30.8396 0.5201227 C[C@@H]1CN(C(=O)c2nnc(CNCCN3CCOCC3)s2)C[C@@H](C)O1 1 O=C(c1nnc(CNCCN2CCOCC2)s1)N1CCOCC1 0.1600000 0.1600 0.2493919 0.2494 0.6666667 0.6667 0.7652618 0.7653 1.0000000 1.0000 1.0000000 369.4910 0.5538278 3.3468 1.0000000 1.0000 1.0 0.3333333333333333 0.3666060555964672 []
 | 29.7256 30.7848 28.2238 0.4610045 CCc1cccc(NC(=O)COC(=O)/C=C/c2ccc(C)o2)c1C 1 O=C(COC(=O)C=Cc1ccco1)Nc1ccccc1 0.2000000 0.2000 0.2465568 0.2466 0.3333333 0.3333 0.7679302 0.7679 1.0000000 1.0000 1.0000000 327.3800 0.5282398 2.2277 1.0000000 1.0000 1.0 0.6666666666666666 0.4000000000000001 []
 | 46.2106 46.7906 -32.4517 0.1120228 CC(/C=C1\CC(=O)C=C(c2ccccc2)C1)c1cccc(CN)c1 1 O=C1C=C(c2ccccc2)CC(=CCc2ccccc2)C1 0.2550000 0.2550 0.3185930 0.3186 0.6666667 0.6667 0.6814070 0.6814 0.0000000 0.0000 1.0000000 317.4320 0.5523286 3.2810 1.0000000 1.0000 1.0 0.3333333333333333 0.43586121644395015 []
 | 23.5074 23.6989 44.6723 0.5341500 O=C(c1cccc(F)c1F)N1CCNCC1 1 O=C(c1ccccc1)N1CCNCC1 0.2150000 0.2150 0.2001112 0.2001 0.6666667 0.6667 0.8228384 0.8228 1.0000000 1.0000 1.0000000 226.2260 0.5233470 2.0147 1.0000000 1.0000 1.0 0.3333333333333333 0.41082234603292944 []
 | 26.4304 27.6650 -27.6650 0.0000000 c1(nc2ccc3c(c2n1)nccc3)Br 0 -- 0.0000000 0.0000 0.0000000 0.0000 0.0000000 0.0000 0.0000000 0.0000 0.0000000 0.0000 0.0000000 0.0000 0.0000000 0.0000 0.0000000 0.0000 None None None None
21:06:15 <INFO> Sampled SMILES CC(=O)OC[C@@]12[C@@H](COC(=O)O2)C2[C@@H]([C@H](OC(C)=O)C([C@H]2C=1C)=O)O failed to sanitize.
21:06:15 <INFO> Sampled SMILES CSC1=C(N([C@H](Nc2ccccc12)=Cc1ccccc1)CC)c1ccc(cc1)Cl failed to sanitize.
21:06:19 <INFO> Score: 0.37 Agent NLL: 34.75 Valid:  97% Step: 11
 | Agent Prior Target Score SMILES SMILES_state Scaffold predicted_activity predicted_activity (raw) training_similarity training_similarity (raw) taf_disrupted taf_disrupted (raw) novelty novelty (raw) stereo_validity stereo_validity (raw) MW_window MW_window (raw) synthetic_feasibility synthetic_feasibility (raw) curated alerts filter curated alerts filter (raw) scaffold_novelty (predicted_activity) taf_consistency (predicted_activity) uncertainty (predicted_activity) matchting_patterns (curated alerts filter)
 | 43.3796 42.8819 30.0227 0.5695674 O=C(c1nnn(-c2cccc(C(F)(F)F)c2)n1)N1CCCn2cc(-c3cccs3)nc21 1 O=C(c1nnn(-c2ccccc2)n1)N1CCCn2cc(-c3cccs3)nc21 0.2250000 0.2250 0.1355714 0.1356 1.0000000 1.0000 0.8747278 0.8747 1.0000000 1.0000 1.0000000 445.4300 0.5484312 3.1100 1.0000000 1.0000 1.0 0.0 0.41758232721225164 []
 | 26.1931 27.4513 36.2323 0.4975288 COc1ccc(CNc2cc(Cl)cnc2Cl)cc1Cl 1 c1ccc(CNc2cccnc2)cc1 0.1400000 0.1400 0.2108663 0.2109 0.6666667 0.6667 0.8133167 0.8133 1.0000000 1.0000 1.0000000 317.6030 0.5242986 2.0561 1.0000000 1.0000 1.0 0.3333333333333333 0.34698703145794946 []
 | 24.0761 23.3802 -10.7570 0.0986184 CCCNC(CCC)CCC(C)CCN 1  0.1700000 0.1700 0.1733438 0.1733 0.6666667 0.6667 0.8266562 0.8267 0.0000000 0.0000 1.0000000 214.3970 0.5492669 3.1466 1.0000000 1.0000 1.0 0.3333333333333333 0.375632799419859 []
 | 43.2828 43.0208 -30.6585 0.0965809 N#CC1=C(NCCO)C(c2cccc(Cl)c2)C=C(c2ccccc2)C1=O 1 O=C1C=CC(c2ccccc2)C=C1c1ccccc1 0.2800000 0.2800 0.2789943 0.2790 0.3333333 0.3333 0.7210057 0.7210 0.0000000 0.0000 1.0000000 364.8320 0.5526533 3.2952 1.0000000 1.0000 1.0 0.6666666666666666 0.44899888641287294 []
 | 26.9974 28.0890 26.9182 0.4297434 CCOc1ccc(Br)cc1CNc1ccc(OC)c(OC)c1 1 c1ccc(CNc2ccccc2)cc1 0.1450000 0.1450 0.2136969 0.2137 0.3333333 0.3333 0.8256285 0.8256 1.0000000 1.0000 1.0000000 366.2550 0.5188807 1.8204 1.0000000 1.0000 1.0 0.6666666666666666 0.35210083782916507 []
 | 47.0314 45.0146 19.2822 0.5023185 CS(=O)(=O)N1CCN(c2c(Cl)ccc(F)c2NS(=O)(=O)c2ccc3c(c2)CCC(=O)N3)CC1 1 O=C1CCc2cc(S(=O)(=O)Nc3ccccc3N3CCNCC3)ccc2N1 0.1650000 0.1650 0.1669568 0.1670 0.6666667 0.6667 0.8536150 0.8536 1.0000000 1.0000 1.0000000 517.0040 0.5390879 2.7010 1.0000000 1.0000 1.0 0.3333333333333333 0.37118054905934933 []
 | 29.8384 30.2469 -17.5291 0.0993575 CCOc1nc(C2CCCCN2)sc1C=O 1 c1csc(C2CCCCN2)n1 0.1400000 0.1400 0.2592725 0.2593 0.6666667 0.6667 0.7763932 0.7764 0.0000000 0.0000 1.0000000 240.3280 0.5563881 3.5406 1.0000000 1.0000 1.0 0.3333333333333333 0.34698703145794946 []
 | 36.7788 38.0682 34.1363 0.5640982 CC(C)(C)c1ccnc(-n2c3ccccc3c3c(C(C)(C)C)c4c(cc32)Cc2ccccc2-4)c1 1 c1ccc(-n2c3ccccc3c3cc4c(cc32)Cc2ccccc2-4)nc1 0.1700000 0.1700 0.1987767 0.1988 1.0000000 1.0000 0.8605028 0.8605 1.0000000 1.0000 1.0000000 444.6220 0.5423219 2.8424 1.0000000 1.0000 1.0 0.0 0.375632799419859 []
 | 27.2807 28.4858 -14.1699 0.1118429 CCN(CC(=O)O)C1CCCc2sc(C)nc21 1 c1nc2c(s1)CCCC2 0.1750000 0.1750 0.2308451 0.2308 1.0000000 1.0000 0.8043441 0.8043 0.0000000 0.0000 1.0000000 254.3550 0.5521148 3.2716 1.0000000 1.0000 1.0 0.0 0.3799671038392666 []
 | 26.2500 27.5552 37.3435 0.5070209 CCCNCCc1nnc(-c2ccc(Cl)c(C)c2)s1 1 c1ccc(-c2nncs2)cc1 0.1800000 0.1800 0.1603567 0.1604 0.6666667 0.6667 0.8602457 0.8602 1.0000000 1.0000 1.0000000 295.8390 0.5285895 2.2430 1.0000000 1.0000 1.0 0.3333333333333333 0.38418745424597095 []
21:06:22 <INFO> Score: 0.40 Agent NLL: 31.23 Valid: 100% Step: 12
 | Agent Prior Target Score SMILES SMILES_state Scaffold predicted_activity predicted_activity (raw) training_similarity training_similarity (raw) taf_disrupted taf_disrupted (raw) novelty novelty (raw) stereo_validity stereo_validity (raw) MW_window MW_window (raw) synthetic_feasibility synthetic_feasibility (raw) curated alerts filter curated alerts filter (raw) scaffold_novelty (predicted_activity) taf_consistency (predicted_activity) uncertainty (predicted_activity) matchting_patterns (curated alerts filter)
 | 28.7001 29.8657 36.8559 0.5212625 Cc1ncnc2c1ncn2[C@H]1C[C@H](O)[C@@H](COP(=O)(O)OP(=O)(O)OP(=O)(O)O)O1 1 c1ncc2ncn(C3CCCO3)c2n1 0.2050000 0.2050 0.2673939 0.2674 0.6666667 0.6667 0.7571785 0.7572 0.6000000 0.6000 1.0000000 490.1950 0.5366522 4.4054 1.0000000 1.0000 1.0 0.3333333333333333 0.403701622488689 []
 | 35.5659 37.7799 18.2472 0.4377121 CN1CCN(c2ccc(Nc3ncc(C#Cc4ncccn4)c(N4CCCCC4)n3)cc2)CC1 1 C(#Cc1cnc(Nc2ccc(N3CCNCC3)cc2)nc1N1CCCCC1)c1ncccn1 0.1900000 0.1900 0.1530809 0.1531 0.3333333 0.3333 0.8618772 0.8619 1.0000000 1.0000 1.0000000 454.5820 0.5404377 2.7600 1.0000000 1.0000 1.0 0.6666666666666666 0.39230090491866065 []
 | 41.5879 42.8912 15.1338 0.4533206 COC(=O)NS(=O)(=O)c1cccc(-c2ccn3nc(C(=O)O)cc3n2)c1 1 c1ccc(-c2ccn3nccc3n2)cc1 0.1950000 0.1950 0.2100903 0.2101 0.3333333 0.3333 0.8140038 0.8140 1.0000000 1.0000 1.0000000 376.3500 0.5358633 2.5602 1.0000000 1.0000 1.0 0.6666666666666666 0.3962007067131506 []
 | 24.8142 26.2775 53.8667 0.6261272 Cc1cnc([C@H](C)CC(=O)O)s1 1 c1cscn1 0.2750000 0.2750 0.2511059 0.2511 1.0000000 1.0000 0.7557750 0.7558 1.0000000 1.0000 1.0000000 185.2480 0.5497158 3.1663 1.0000000 1.0000 1.0 0.0 0.44651427748729383 []
 | 30.1060 28.6936 -28.4843 0.0016349 Cc1ccc(N(CC(=O)N(Cc2cccc(Br)c2)C(Cc2ccccc2)C(=O)NC(C)C)S(=O)(=O)c2ccc(C)cc2)cc1 1 O=C(CN(c1ccccc1)S(=O)(=O)c1ccccc1)N(CCc1ccccc1)Cc1ccccc1 0.3200000 0.3200 0.2546858 0.2547 0.3333333 0.3333 0.7453142 0.7453 0.0000000 0.0000 0.0000000 676.6770 0.5470521 3.0495 1.0000000 1.0000 1.0 0.6666666666666666 0.46647615158762396 []
 | 25.5004 26.7190 38.9837 0.5133025 C=CCOc1cccc(Nc2ncnc(OCC)c2N)c1 1 c1ccc(Nc2ccncn2)cc1 0.1300000 0.1300 0.3103164 0.3103 0.6666667 0.6667 0.8155338 0.8155 1.0000000 1.0000 1.0000000 286.3350 0.5303510 2.3198 1.0000000 1.0000 1.0 0.3333333333333333 0.33630343441600474 []
 | 28.8887 29.7145 44.6039 0.5806129 CN(C)Cc1ccc(-c2ncc(Cl)s2)s1 1 c1csc(-c2nccs2)c1 0.2000000 0.2000 0.2091650 0.2092 1.0000000 1.0000 0.7965666 0.7966 1.0000000 1.0000 1.0000000 258.7990 0.5396467 2.7255 1.0000000 1.0000 1.0 0.0 0.4 []
 | 26.6540 28.0124 -12.7589 0.1191684 CCN(CC(=O)O)C(C)c1cnc(C)s1 1 c1cscn1 0.2400000 0.2400 0.2577696 0.2578 1.0000000 1.0000 0.7499035 0.7499 0.0000000 0.0000 1.0000000 228.3170 0.5506506 3.2073 1.0000000 1.0000 1.0 0.0 0.4270831300812524 []
 | 35.0572 36.1006 -22.5812 0.1056207 CC(c1ccc(F)cn1)N1CCC(c2ccc(CN)cc2)C1 1 c1ccc(C2CCN(Cc3ccccn3)C2)cc1 0.2250000 0.2250 0.2095291 0.2095 0.6666667 0.6667 0.8039428 0.8039 0.0000000 0.0000 1.0000000 299.3930 0.5470818 3.0508 1.0000000 1.0000 1.0 0.3333333333333333 0.41758232721225164 []
 | 28.8800 30.1781 44.2611 0.5815566 c1ccc(COc2ccc(CNc3nc4ccccn4n3)cn2)cc1 1 c1ccc(COc2ccc(CNc3nc4ccccn4n3)cn2)cc1 0.2650000 0.2650 0.3509886 0.3510 0.6666667 0.6667 0.6490114 0.6490 1.0000000 1.0000 1.0000000 331.3790 0.5292643 2.2724 1.0000000 1.0000 1.0 0.3333333333333333 0.4413332074521472 []
21:06:23 <INFO> Sampled SMILES c12[C@H]3CC[C@@]4(CCCN(C(=O)c5nc(-c6cn(nc6)C)ccc5)C[C@H]4Cc3n1CCOC2)C failed to sanitize.
21:06:26 <INFO> Score: 0.41 Agent NLL: 31.02 Valid:  98% Step: 13
 | Agent Prior Target Score SMILES SMILES_state Scaffold predicted_activity predicted_activity (raw) training_similarity training_similarity (raw) taf_disrupted taf_disrupted (raw) novelty novelty (raw) stereo_validity stereo_validity (raw) MW_window MW_window (raw) synthetic_feasibility synthetic_feasibility (raw) curated alerts filter curated alerts filter (raw) scaffold_novelty (predicted_activity) taf_consistency (predicted_activity) uncertainty (predicted_activity) matchting_patterns (curated alerts filter)
 | 30.0300 30.6227 42.7190 0.5729815 Cc1cccc(CN(C(=O)CN(c2ccc(C)cc2C)S(C)(=O)=O)[C@H](Cc2ccccc2)C(=O)NC(C)C)c1 1 O=C(CNc1ccccc1)N(CCc1ccccc1)Cc1ccccc1 0.2750000 0.2750 0.2590397 0.2590 0.6666667 0.6667 0.7409603 0.7410 1.0000000 1.0000 1.0000000 549.7370 0.5461003 3.0078 1.0000000 1.0000 1.0 0.3333333333333333 0.44651427748729383 []
 | 29.8699 30.3101 34.7970 0.5086496 CC(=O)N1CCC[C@H]1C(=O)NCC(=O)N[C@@H]1CCOC1 1 O=C(CNC(=O)C1CCCN1)NC1CCOC1 0.1350000 0.1350 0.2760262 0.2760 0.6666667 0.6667 0.7464537 0.7465 1.0000000 1.0000 1.0000000 283.3280 0.5453368 2.9744 1.0000000 1.0000 1.0 0.3333333333333333 0.34172357249683555 []
 | 31.6830 33.1089 46.7980 0.6242729 O=C(O)c1cnc(CCCCCc2cccnc2)o1 1 c1cncc(CCCCCc2ncco2)c1 0.2450000 0.2450 0.3259179 0.3259 1.0000000 1.0000 0.6756757 0.6757 1.0000000 1.0000 1.0000000 260.2930 0.5305830 2.3299 1.0000000 1.0000 1.0 0.0 0.43008720046055776 []
 | 25.9396 25.7934 47.3713 0.5715995 C[C@H](NCC(=O)c1cccc(Cl)c1)c1ccccc1 1 O=C(CNCc1ccccc1)c1ccccc1 0.2700000 0.2700 0.2739983 0.2740 0.6666667 0.6667 0.7260017 0.7260 1.0000000 1.0000 1.0000000 273.7630 0.5266432 2.1582 1.0000000 1.0000 1.0 0.3333333333333333 0.4439594576084623 []
 | 28.1200 28.9601 -15.8785 0.1022003 CC(=O)NCC1CCCN(Cc2cccc3c2OCC3)C1 1 c1cc2c(c(CN3CCCCC3)c1)OCC2 0.1550000 0.1550 0.2951459 0.2951 0.6666667 0.6667 0.7676210 0.7676 0.0000000 0.0000 1.0000000 288.3910 0.5390109 2.6977 1.0000000 1.0000 1.0 0.3333333333333333 0.36190468358395134 []
 | 31.0835 30.2558 37.8879 0.5323726 CC(C)c1ccc(F)c(OCC2(CBr)COC2)c1 1 c1ccc(OCC2COC2)cc1 0.1750000 0.1750 0.2750860 0.2751 0.6666667 0.6667 0.7630758 0.7631 1.0000000 1.0000 1.0000000 317.1980 0.5373461 2.6249 1.0000000 1.0000 1.0 0.3333333333333333 0.3799671038392666 []
 | 27.1957 27.7691 -27.7691 0.0000000 CCCNc1cc(OCCC(C)(C)OC)cc([N+](=O)[O-])c1 1 c1ccccc1 0.1600000 0.1600 0.2857953 0.2858 0.6666667 0.6667 0.7573762 0.7574 1.0000000 1.0000 1.0000000 296.3670 0.5337766 2.4691 1.0000000 1.0000 1.0 0.3333333333333333 0.36660605559646714 []
 | 49.4559 50.4522 -37.1509 0.1039169 C=CCN(CC1CCCO1)C(=O)NC1(c2ccccc2CO)CCN(CC(C)C)C1 1 O=C(NCC1CCCO1)NC1(c2ccccc2)CCNC1 0.1650000 0.1650 0.3097561 0.3098 0.6666667 0.6667 0.7389010 0.7389 0.0000000 0.0000 1.0000000 415.5780 0.5523470 3.7182 1.0000000 1.0000 1.0 0.3333333333333333 0.37118054905934933 []
 | 27.4844 27.1976 48.0435 0.5878216 CCCn1ncnc1-c1n[nH]c(=S)n1C(C)C 1 S=c1[nH]nc(-c2ncn[nH]2)[nH]1 0.2050000 0.2050 0.2223080 0.2223 1.0000000 1.0000 0.7965666 0.7966 1.0000000 1.0000 1.0000000 252.3470 0.5454000 2.9771 1.0000000 1.0000 1.0 0.0 0.403701622488689 []
 | 41.4751 41.4395 30.9638 0.5656506 Clc1ccc(-n2cccc2CN2CCC(Cc3ccc4c(c3)OCCO4)CC2)cc1Cl 1 c1ccc(-n2cccc2CN2CCC(Cc3ccc4c(c3)OCCO4)CC2)cc1 0.1800000 0.1800 0.1949167 0.1949 1.0000000 1.0000 0.8176157 0.8176 1.0000000 1.0000 1.0000000 457.4010 0.5334823 2.4563 1.0000000 1.0000 1.0 0.0 0.38418745424597095 []
21:06:26 <INFO> Sampled SMILES CC(C)(c1c(C)[nH]n2c(=S)nnc(n21)C)C(C)C failed to sanitize.
21:06:30 <INFO> Score: 0.42 Agent NLL: 33.17 Valid:  98% Step: 14
 | Agent Prior Target Score SMILES SMILES_state Scaffold predicted_activity predicted_activity (raw) training_similarity training_similarity (raw) taf_disrupted taf_disrupted (raw) novelty novelty (raw) stereo_validity stereo_validity (raw) MW_window MW_window (raw) synthetic_feasibility synthetic_feasibility (raw) curated alerts filter curated alerts filter (raw) scaffold_novelty (predicted_activity) taf_consistency (predicted_activity) uncertainty (predicted_activity) matchting_patterns (curated alerts filter)
 | 32.5271 33.6162 34.9107 0.5353666 COc1cc(CNCc2ccccc2)cc(OCCCN2CCCC2)c1OC 1 c1ccc(CNCc2cccc(OCCCN3CCCC3)c2)cc1 0.1750000 0.1750 0.3060730 0.3061 0.6666667 0.6667 0.7273751 0.7274 1.0000000 1.0000 1.0000000 384.5200 0.5227610 1.9892 1.0000000 1.0000 1.0 0.3333333333333333 0.3799671038392666 []
 | 34.7786 35.6565 30.6417 0.5179543 C=CCn1nc(C)c(Oc2c(C)cccc2C)c1NC(=O)CCC 1 c1ccc(Oc2cn[nH]c2)cc1 0.1500000 0.1500 0.2741446 0.2741 0.6666667 0.6667 0.7654213 0.7654 1.0000000 1.0000 1.0000000 327.4280 0.5379468 2.6512 1.0000000 1.0000 1.0 0.3333333333333333 0.3570714214271425 []
 | 30.5246 30.4679 25.5489 0.4376311 COc1cc(OC)c(OC)cc1C=CC(=O)Nc1c(Br)cc(C)cc1Br 1 O=C(C=Cc1ccccc1)Nc1ccccc1 0.1450000 0.1450 0.2409901 0.2410 0.3333333 0.3333 0.8566152 0.8566 1.0000000 1.0000 1.0000000 485.1720 0.5300981 2.3087 1.0000000 1.0000 1.0 0.6666666666666666 0.35210083782916507 []
 | 36.0275 37.3967 39.4802 0.6006006 Cn1cc(N=CCC(=N)C=O)c2ccccc21 1 c1ccc2[nH]ccc2c1 0.2150000 0.2150 0.2473854 0.2474 1.0000000 1.0000 0.7866477 0.7866 1.0000000 1.0000 1.0000000 227.2670 0.5553010 3.4116 1.0000000 1.0000 1.0 0.0 0.41082234603292944 []
 | 27.4708 27.1673 -26.1648 0.0078325 CCCCCCCCCCCCCCCC(=O)OC[C@@H](COC(=O)CCCCCCCCCCC(C)CC)OC(=O)CCCCCCCCC 1  0.1150000 0.1150 0.3016247 0.3016 0.6666667 0.6667 0.7310736 0.7311 0.5000000 0.5000 0.0000000 709.1500 0.5535468 3.3345 1.0000000 1.0000 1.0 0.3333333333333333 0.31902194281898544 []
 | 26.0758 26.9556 -12.0238 0.1166549 NCC(O)c1conc1-c1ccccc1 1 c1ccc(-c2ccon2)cc1 0.3150000 0.3150 0.3358094 0.3358 0.6666667 0.6667 0.6641906 0.6642 0.0000000 0.0000 1.0000000 204.2290 0.5464423 3.0228 1.0000000 1.0000 1.0 0.3333333333333333 0.46451587701606073 []
 | 23.8923 25.0021 46.1479 0.5558594 Cc1ccccc1-n1nc(C)c2c1CCCC2 1 c1ccc(-n2ncc3c2CCCC3)cc1 0.1600000 0.1600 0.1995931 0.1996 1.0000000 1.0000 0.8499250 0.8499 1.0000000 1.0000 1.0000000 226.3230 0.5251932 2.0951 1.0000000 1.0000 1.0 0.0 0.36660605559646714 []
 | 24.1068 24.9558 52.9672 0.6087734 O=C(O)c1ccc(Cl)c(Oc2ccccc2)n1 1 c1ccc(Oc2ccccn2)cc1 0.2350000 0.2350 0.2701351 0.2701 1.0000000 1.0000 0.7298649 0.7299 1.0000000 1.0000 1.0000000 249.6530 0.5210338 1.9140 1.0000000 1.0000 1.0 0.0 0.4239988207530771 []
 | 27.6848 27.5572 46.3430 0.5773449 CC(C)n1nccc1C(=O)Nc1ccc2ccccc2n1 1 O=C(Nc1ccc2ccccc2n1)c1ccn[nH]1 0.2900000 0.2900 0.2642491 0.2642 0.6666667 0.6667 0.7400624 0.7401 1.0000000 1.0000 1.0000000 280.3310 0.5268527 2.1673 1.0000000 1.0000 1.0 0.3333333333333333 0.4537620521815371 []
 | 46.1152 47.0055 16.1746 0.4935946 CN1C[C@@H]2CC(N3CCC(c4cnc5c(C#N)c[nH]c5n4)CC3)C[C@H]2C1 1 c1cc2ncc(C3CCN(C4CC5CNCC5C4)CC3)nc2[nH]1 0.1400000 0.1400 0.1811643 0.1812 0.6666667 0.6667 0.8674822 0.8675 1.0000000 1.0000 1.0000000 350.4700 0.5466155 3.9696 1.0000000 1.0000 1.0 0.3333333333333333 0.34698703145794946 []
21:06:30 <INFO> Sampled SMILES c12n3c(/c(sc3=C(C(=O)OCC)[C@@H]2c2cc(ccc2)OC)=C2\C(O)=O)c(C)ccc2ccc1 failed to sanitize.
21:06:30 <INFO> Sampled SMILES c1c(Cl)ccc2c1=N=C(N=2)C failed to sanitize.
21:06:33 <INFO> Score: 0.36 Agent NLL: 31.02 Valid:  97% Step: 15
 | Agent Prior Target Score SMILES SMILES_state Scaffold predicted_activity predicted_activity (raw) training_similarity training_similarity (raw) taf_disrupted taf_disrupted (raw) novelty novelty (raw) stereo_validity stereo_validity (raw) MW_window MW_window (raw) synthetic_feasibility synthetic_feasibility (raw) curated alerts filter curated alerts filter (raw) scaffold_novelty (predicted_activity) taf_consistency (predicted_activity) uncertainty (predicted_activity) matchting_patterns (curated alerts filter)
 | 27.4363 27.7573 -15.8028 0.0933944 CCOCc1nc(C2NCCS2)no1 1 c1nc(C2NCCS2)no1 0.1100000 0.1100 0.2162162 0.2162 0.6666667 0.6667 0.7965666 0.7966 0.0000000 0.0000 1.0000000 215.2780 0.5536334 3.6617 1.0000000 1.0000 1.0 0.3333333333333333 0.31288975694324034 []
 | 31.1463 33.7415 40.9780 0.5837463 Fc1ccc(F)c2sc(N(Cc3ccc(Cl)cc3)Cc3ccco3)nc12 1 c1ccc(CN(Cc2ccco2)c2nc3ccccc3s2)cc1 0.2200000 0.2200 0.1862481 0.1862 1.0000000 1.0000 0.8284499 0.8284 1.0000000 1.0000 1.0000000 390.8420 0.5334448 2.4547 1.0000000 1.0000 1.0 0.0 0.4142463035441596 []
 | 24.5417 25.0855 46.4217 0.5586502 Cc1ccc(C(=O)NC(C)(C)CN)s1 1 c1ccsc1 0.2350000 0.2350 0.2668149 0.2668 0.6666667 0.6667 0.7637846 0.7638 1.0000000 1.0000 1.0000000 212.3180 0.5330168 2.4360 1.0000000 1.0000 1.0 0.3333333333333333 0.4239988207530771 []
 | 34.1801 35.5854 37.0619 0.5675575 NS(=O)(=O)c1ccc(N=Cc2cn(-c3ccccc3)nc2-c2ccc(O)c(O)c2)cc1 1 C(=Nc1ccccc1)c1cn(-c2ccccc2)nc1-c1ccccc1 0.2950000 0.2950 0.2092457 0.2092 0.6666667 0.6667 0.7907543 0.7908 1.0000000 1.0000 1.0000000 434.4770 0.5334263 2.4539 1.0000000 1.0000 1.0 0.3333333333333333 0.4560427611529428 []
 | 34.5771 35.0599 39.3626 0.5814257 O=C(Cc1cnn(-c2ncccn2)c1)N1CCN(c2ccc(F)cc2F)CC1 1 O=C(Cc1cnn(-c2ncccn2)c1)N1CCN(c2ccccc2)CC1 0.2000000 0.2000 0.2156655 0.2157 1.0000000 1.0000 0.7907543 0.7908 1.0000000 1.0000 1.0000000 384.3900 0.5323463 2.4067 1.0000000 1.0000 1.0 0.0 0.4 []
 | 24.7655 25.7390 46.0489 0.5608430 Cc1cc(NC(=O)c2nn[nH]n2)n(C)n1 1 O=C(Nc1ccn[nH]1)c1nn[nH]n1 0.2850000 0.2850 0.1883294 0.1883 0.6666667 0.6667 0.8505964 0.8506 1.0000000 1.0000 1.0000000 207.1970 0.5385802 2.6789 1.0000000 1.0000 1.0 0.3333333333333333 0.4514144437210666 []
 | 25.8231 27.8250 42.4786 0.5492468 Cc1ccc(=O)n(CC(=O)NC[C@@H]2COc3ccccc3O2)c1 1 O=C(Cn1ccccc1=O)NCC1COc2ccccc2O1 0.1900000 0.1900 0.3336630 0.3337 0.6666667 0.6667 0.7070570 0.7071 1.0000000 1.0000 1.0000000 314.3410 0.5383989 2.6709 1.0000000 1.0000 1.0 0.3333333333333333 0.39230090491866065 []
 | 23.1825 24.3412 42.2708 0.5204057 CCc1ccc(OCCOc2ccc(/C=C3\SC(=O)NC3=O)cc2)cc1 1 O=C1NC(=O)C(=Cc2ccc(OCCOc3ccccc3)cc2)S1 0.1400000 0.1400 0.3337725 0.3338 0.6666667 0.6667 0.7384428 0.7384 1.0000000 1.0000 1.0000000 369.4420 0.5260364 2.1318 1.0000000 1.0000 1.0 0.3333333333333333 0.34698703145794946 []
 | 37.4239 38.4230 -23.8142 0.1141307 CC1C=CC=C2CCCN(C(=O)Cc3ccc(S(C)(=O)=O)cc3)C21 1 O=C(Cc1ccccc1)N1CCCC2=CC=CCC21 0.2000000 0.2000 0.2224420 0.2224 1.0000000 1.0000 0.8081596 0.8082 0.0000000 0.0000 1.0000000 345.4640 0.5536817 3.3404 1.0000000 1.0000 1.0 0.0 0.4 []
 | 34.2162 35.8016 36.6373 0.5659295 CCCCCCSC[C@@H](Cl)CCC(C)=O 1  0.1450000 0.1450 0.2913583 0.2914 1.0000000 1.0000 0.7142497 0.7142 1.0000000 1.0000 1.0000000 250.8350 0.5494584 3.1550 1.0000000 1.0000 1.0 0.0 0.352100837829165 []
21:06:37 <INFO> Score: 0.39 Agent NLL: 30.84 Valid: 100% Step: 16
 | Agent Prior Target Score SMILES SMILES_state Scaffold predicted_activity predicted_activity (raw) training_similarity training_similarity (raw) taf_disrupted taf_disrupted (raw) novelty novelty (raw) stereo_validity stereo_validity (raw) MW_window MW_window (raw) synthetic_feasibility synthetic_feasibility (raw) curated alerts filter curated alerts filter (raw) scaffold_novelty (predicted_activity) taf_consistency (predicted_activity) uncertainty (predicted_activity) matchting_patterns (curated alerts filter)
 | 36.7166 38.2198 27.4154 0.5127748 Cc1cc(N)c(C)c(S(=O)(=O)Nc2ncnc(C)c2F)c1 1 O=S(=O)(Nc1ccncn1)c1ccccc1 0.2100000 0.2100 0.1353330 0.1353 0.6666667 0.6667 0.8749609 0.8750 1.0000000 1.0000 1.0000000 310.3540 0.5362595 2.5775 1.0000000 1.0000 1.0 0.3333333333333333 0.40730823708832603 []
 | 42.2953 42.5059 25.2940 0.5296863 CC(C)(C)Nc1cc2ncc3cc(-c4cccnc4)c(F)cc3c2cn1 1 c1cncc(-c2ccc3c(cnc4ccncc43)c2)c1 0.1800000 0.1800 0.2446862 0.2447 0.6666667 0.6667 0.7949774 0.7950 1.0000000 1.0000 1.0000000 346.4090 0.5383846 2.6703 1.0000000 1.0000 1.0 0.3333333333333333 0.38418745424597095 []
 | 26.3962 26.6223 46.9564 0.5748343 O=C(Cc1ccccc1)NCc1ccc(C(=O)O)cc1F 1 O=C(Cc1ccccc1)NCc1ccccc1 0.2700000 0.2700 0.3013982 0.3014 0.6666667 0.6667 0.6986018 0.6986 1.0000000 1.0000 1.0000000 287.2900 0.5154731 1.6722 1.0000000 1.0000 1.0 0.3333333333333333 0.4439594576084623 []
 | 31.7860 32.7296 38.4815 0.5563365 O=C(c1cccc(CNCc2ccco2)c1)N1CCN(CCc2ccccc2)CC1 1 O=C(c1cccc(CNCc2ccco2)c1)N1CCN(CCc2ccccc2)CC1 0.2300000 0.2300 0.2803652 0.2804 0.6666667 0.6667 0.7210057 0.7210 1.0000000 1.0000 1.0000000 403.5260 0.5235624 2.0241 1.0000000 1.0000 1.0 0.3333333333333333 0.4208325082500163 []
 | 25.9317 26.0873 39.5463 0.5127629 CC(=O)Nc1ccc(S(=O)(=O)Nc2ccc3nc(C)sc3c2)cc1 1 O=S(=O)(Nc1ccc2ncsc2c1)c1ccccc1 0.1900000 0.1900 0.1647173 0.1647 0.6666667 0.6667 0.8591410 0.8591 1.0000000 1.0000 1.0000000 361.4480 0.5226947 1.9863 1.0000000 1.0000 1.0 0.3333333333333333 0.39230090491866065 []
 | 30.7793 32.9439 42.1634 0.5867759 CCc1ncsc1CS(=O)(=O)c1ccc(C)c(C)c1 1 O=S(=O)(Cc1cncs1)c1ccccc1 0.2200000 0.2200 0.1945195 0.1945 1.0000000 1.0000 0.8256285 0.8256 1.0000000 1.0000 1.0000000 295.4290 0.5362166 2.5756 1.0000000 1.0000 1.0 0.0 0.41424630354415964 []
 | 29.2990 30.2031 38.6257 0.5377250 CCn1nnnc1-c1cccc(-c2ccc(CN)cc2)n1 1 c1ccc(-c2cccc(-c3nnn[nH]3)n2)cc1 0.2150000 0.2150 0.2082317 0.2082 0.6666667 0.6667 0.8356010 0.8356 1.0000000 1.0000 1.0000000 280.3350 0.5291474 2.2673 1.0000000 1.0000 1.0 0.3333333333333333 0.41082234603292944 []
 | 28.6797 30.9401 34.5564 0.5116911 Cc1cc(N[C@H]2CCC[C@@H](CN)C2)n2ncnc2n1 1 c1cc(NC2CCCCC2)n2ncnc2n1 0.1500000 0.1500 0.2222222 0.2222 0.6666667 0.6667 0.8603140 0.8603 1.0000000 1.0000 1.0000000 260.3450 0.5545311 3.3777 1.0000000 1.0000 1.0 0.3333333333333333 0.3570714214271425 []
 | 22.5813 24.2794 52.6392 0.6009267 N[C@@H](Cc1ccccc1)C(=O)Nc1ncns1 1 O=C(CCc1ccccc1)Nc1ncns1 0.3150000 0.3150 0.3513513 0.3514 0.6666667 0.6667 0.6486487 0.6486 1.0000000 1.0000 1.0000000 248.3110 0.5386811 2.6833 1.0000000 1.0000 1.0 0.3333333333333333 0.46451587701606073 []
 | 22.3066 23.2698 -22.0347 0.0096498 C=CCc1ccc(O)cc1N 1 c1ccccc1 0.2800000 0.2800 0.2760262 0.2760 0.6666667 0.6667 0.7650954 0.7651 1.0000000 1.0000 0.0000000 149.1930 0.5323885 2.4086 1.0000000 1.0000 1.0 0.3333333333333333 0.44899888641287294 []
21:06:37 <INFO> Sampled SMILES c12CCN3CC4(CC2CC3)CNC[C@@H](CN)c1ncc4C(F)(F)F failed to sanitize.
21:06:41 <INFO> Score: 0.41 Agent NLL: 32.66 Valid:  98% Step: 17
 | Agent Prior Target Score SMILES SMILES_state Scaffold predicted_activity predicted_activity (raw) training_similarity training_similarity (raw) taf_disrupted taf_disrupted (raw) novelty novelty (raw) stereo_validity stereo_validity (raw) MW_window MW_window (raw) synthetic_feasibility synthetic_feasibility (raw) curated alerts filter curated alerts filter (raw) scaffold_novelty (predicted_activity) taf_consistency (predicted_activity) uncertainty (predicted_activity) matchting_patterns (curated alerts filter)
 | 32.5547 33.2693 34.5421 0.5297771 CCn1ccc2cc(-c3ccc(CCOC(C)=O)cc3)ccc21 1 c1ccc(-c2ccc3[nH]ccc3c2)cc1 0.1850000 0.1850 0.2439024 0.2439 0.6666667 0.6667 0.7791370 0.7791 1.0000000 1.0000 1.0000000 307.3930 0.5240374 2.0447 1.0000000 1.0000 1.0 0.3333333333333333 0.38829756630707846 []
 | 47.6172 50.1388 23.8527 0.5780590 Nc1ccc(NC(=O)[C@H]2O[C@H](CO)[C@H](O)[C@H](O)[C@@H]2O)nc1-c1ccc(F)cc1 1 O=C(Nc1cccc(-c2ccccc2)n1)C1CCCCO1 0.2150000 0.2150 0.3959441 0.3959 0.6666667 0.6667 0.7886299 0.7886 1.0000000 1.0000 1.0000000 393.3710 0.5524246 3.7148 1.0000000 1.0000 1.0 0.3333333333333333 0.4108223460329294 []
 | 27.2189 29.5310 46.9075 0.5971758 O=C(Nc1ccnn1Cc1cccnc1)c1ccc(=O)[nH]c1 1 O=C(Nc1ccnn1Cc1cccnc1)c1ccc(=O)[nH]c1 0.3350000 0.3350 0.2891746 0.2892 0.6666667 0.6667 0.7122393 0.7122 1.0000000 1.0000 1.0000000 295.3020 0.5300233 2.3055 1.0000000 1.0000 1.0 0.3333333333333333 0.4719904660054057 []
 | 29.5363 30.2916 37.6941 0.5311384 CCNC(=NCc1nnc2ccccn12)NCC(C)(C)c1ccc(CC)cc1 1 C(=NCc1nnc2ccccn12)NCCc1ccccc1 0.2100000 0.2100 0.1921867 0.1922 0.6666667 0.6667 0.8158363 0.8158 1.0000000 1.0000 1.0000000 378.5240 0.5405255 2.7639 1.0000000 1.0000 1.0 0.3333333333333333 0.40730823708832603 []
 | 36.3347 36.7289 33.4879 0.5485688 CN1CCC[C@@H]1CNCC(=O)N1CCC[C@H](c2nnc(-c3ccccc3)o2)C1 1 O=C(CNCC1CCCN1)N1CCCC(c2nnc(-c3ccccc3)o2)C1 0.2100000 0.2100 0.2697816 0.2698 0.6666667 0.6667 0.7315376 0.7315 1.0000000 1.0000 1.0000000 383.4960 0.5497398 3.1673 1.0000000 1.0000 1.0 0.3333333333333333 0.4073082370883261 []
 | 24.1196 24.4822 -11.2341 0.1035008 c1ccc2c(c1)CCCC2Nc1ccsc1 1 c1ccc2c(c1)CCCC2Nc1ccsc1 0.2150000 0.2150 0.1874851 0.1875 0.6666667 0.6667 0.8308348 0.8308 0.0000000 0.0000 1.0000000 229.3480 0.5371519 2.6165 1.0000000 1.0000 1.0 0.3333333333333333 0.4108223460329294 []
 | 33.8065 34.3217 38.0872 0.5656947 Cc1cc(C(=O)c2ccnc(C(F)(F)F)c2Cl)ccn1 1 O=C(c1ccncc1)c1ccncc1 0.1900000 0.1900 0.1754943 0.1755 1.0000000 1.0000 0.8378379 0.8378 1.0000000 1.0000 1.0000000 300.6670 0.5358884 2.5613 1.0000000 1.0000 1.0 0.0 0.39230090491866065 []
 | 29.5733 29.1239 30.7254 0.4675731 Cc1nc(Cl)cc(N[C@@H](C)c2cccc(Br)c2)n1 1 c1ccc(CNc2ccncn2)cc1 0.2700000 0.2700 0.1612065 0.1612 0.3333333 0.3333 0.8387935 0.8388 1.0000000 1.0000 1.0000000 326.6250 0.5384315 2.6724 1.0000000 1.0000 1.0 0.6666666666666666 0.4439594576084623 []
 | 33.8728 34.8008 -33.8724 0.0072535 CCCCCCCCCCCCCCCCCCCCCC(=O)O[C@H](COC(=O)CCCCCCCCCCC(C)C)COP(=O)(O)OC[C@@H](O)COP(=O)(O)OC[C@@H](COC(=O)CCCCCCCCCCCC)OC(=O)CCCCCCCCCC 1  0.1700000 0.1700 0.3023716 0.3024 0.3333333 0.3333 0.7101245 0.7101 0.6000000 0.6000 0.0000000 1297.7620 0.5206980 5.1006 1.0000000 1.0000 1.0 0.6666666666666666 0.375632799419859 []
 | 29.7034 32.5804 28.5448 0.4775405 COC(=O)[C@H](CCCCN)Nc1ccc(C)o1 1 c1ccoc1 0.2100000 0.2100 0.3052813 0.3053 0.3333333 0.3333 0.7567568 0.7568 1.0000000 1.0000 1.0000000 240.3030 0.5466508 3.0319 1.0000000 1.0000 1.0 0.6666666666666666 0.4073082370883261 []
21:06:41 <INFO> Sampled SMILES c1c(nccn1)N1CCCC(Cn2c(C)ccc(C3CC3)n2)C1 failed to sanitize.
21:06:44 <INFO> Score: 0.38 Agent NLL: 31.09 Valid:  98% Step: 18
 | Agent Prior Target Score SMILES SMILES_state Scaffold predicted_activity predicted_activity (raw) training_similarity training_similarity (raw) taf_disrupted taf_disrupted (raw) novelty novelty (raw) stereo_validity stereo_validity (raw) MW_window MW_window (raw) synthetic_feasibility synthetic_feasibility (raw) curated alerts filter curated alerts filter (raw) scaffold_novelty (predicted_activity) taf_consistency (predicted_activity) uncertainty (predicted_activity) matchting_patterns (curated alerts filter)
 | 22.7863 22.8195 49.3226 0.5636103 COc1ccc(-c2ccc(C=O)o2)cc1F 1 c1ccc(-c2ccco2)cc1 0.1500000 0.1500 0.2547719 0.2548 1.0000000 1.0000 0.8308348 0.8308 1.0000000 1.0000 1.0000000 220.1990 0.5238460 2.0364 1.0000000 1.0000 1.0 0.0 0.3570714214271425 []
 | 32.6071 34.8417 32.7267 0.5278781 Fc1ccc2nccc(Nc3ncccc3Cl)c2c1Cl 1 c1ccc(Nc2ccnc3ccccc23)nc1 0.2300000 0.2300 0.1540488 0.1540 0.6666667 0.6667 0.8648649 0.8649 1.0000000 1.0000 1.0000000 308.1430 0.5325904 2.4174 1.0000000 1.0000 1.0 0.3333333333333333 0.4208325082500163 []
 | 28.3458 30.4362 36.3311 0.5216197 Cc1nn(C)c2c1CCN(C[C@@H](O)CN(C)C)C2 1 c1n[nH]c2c1CCNC2 0.1950000 0.1950 0.1784103 0.1784 0.6666667 0.6667 0.8301584 0.8302 1.0000000 1.0000 1.0000000 252.3620 0.5513109 3.2363 1.0000000 1.0000 1.0 0.3333333333333333 0.3962007067131506 []
 | 31.0658 32.4947 -20.0680 0.0970833 COCC1(c2ncc(-c3ccc(Cl)cc3)[nH]2)CCCNC1 1 c1ccc(-c2cnc(C3CCCNC3)[nH]2)cc1 0.1300000 0.1300 0.2328101 0.2328 0.6666667 0.6667 0.8137519 0.8138 0.0000000 0.0000 1.0000000 305.8090 0.5506499 3.2073 1.0000000 1.0000 1.0 0.3333333333333333 0.33630343441600474 []
 | 30.8331 32.2589 43.5513 0.5922671 CCCN1CCc2c(c(C(=O)O)cc3c2OCO3)C1 1 c1cc2c(c3c1CNCC3)OCO2 0.1950000 0.1950 0.2650795 0.2651 1.0000000 1.0000 0.7817821 0.7818 1.0000000 1.0000 1.0000000 263.2930 0.5362601 2.5775 1.0000000 1.0000 1.0 0.0 0.3962007067131506 []
 | 36.7639 40.0402 25.8251 0.5145722 COc1ccc2c(c1)O[C@](C)(CN)[C@@H]2CN(C)C 1 c1ccc2c(c1)CCO2 0.1300000 0.1300 0.3113762 0.3114 0.6666667 0.6667 0.7749297 0.7749 1.0000000 1.0000 1.0000000 250.3420 0.5572469 3.4971 1.0000000 1.0000 1.0 0.3333333333333333 0.33630343441600474 []
 | 45.5090 45.5879 9.7435 0.4322766 Nc1cccc(C#Cc2cc3c(ccc4sc(I)nc43)[nH]2)n1 1 C(#Cc1cc2c(ccc3scnc32)[nH]1)c1ccccn1 0.2250000 0.2250 0.0991363 0.0991 0.3333333 0.3333 0.9008637 0.9009 1.0000000 1.0000 1.0000000 416.2470 0.5540864 3.3582 1.0000000 1.0000 1.0 0.6666666666666666 0.41758232721225164 []
 | 18.3784 19.0225 46.7459 0.5138158 OC[C@H]1OC(O)[C@H](O)[C@@H](O)[C@@H]1O 1 C1CCOCC1 0.1000000 0.1000 0.5687965 0.5688 0.6666667 0.6667 0.7574644 0.7575 0.8000000 0.8000 1.0000000 180.1560 0.5551417 3.5954 1.0000000 1.0000 1.0 0.3333333333333333 0.3 []
 | 32.3888 33.5420 37.2512 0.5530716 CCc1ncncc1C(=O)Nc1nnc(-c2ccc(I)cc2)s1 1 O=C(Nc1nnc(-c2ccccc2)s1)c1cncnc1 0.2450000 0.2450 0.2243001 0.2243 0.6666667 0.6667 0.7818462 0.7818 1.0000000 1.0000 1.0000000 437.2660 0.5343755 2.4953 1.0000000 1.0000 1.0 0.3333333333333333 0.43008720046055776 []
 | 30.1918 29.4095 38.7978 0.5328694 C[C@H]1CCCN(C(=O)CCNC(=O)C=Cc2ccco2)C1 1 O=C(C=Cc1ccco1)NCCC(=O)N1CCCCC1 0.1900000 0.1900 0.2372321 0.2372 0.6666667 0.6667 0.7907543 0.7908 1.0000000 1.0000 1.0000000 290.3630 0.5392196 2.7068 1.0000000 1.0000 1.0 0.3333333333333333 0.39230090491866065 []
21:06:45 <INFO> Sampled SMILES c1(OC)c(OC)c(OC)cc([C@@H]2c3c(cc4O[C@@H]([C@H](c3c(O)c4)c3cc(OC)c(O)cc3)O)O[C@@H](OC)[C@H]2O)c1 failed to sanitize.
21:06:45 <INFO> Sampled SMILES c1nc(NC(O)=O)c2ncnc(c21)N1CCC(COc2ccc(C(C)C)cc2Cl)CC1 failed to sanitize.
21:06:48 <INFO> Score: 0.41 Agent NLL: 30.67 Valid:  97% Step: 19
 | Agent Prior Target Score SMILES SMILES_state Scaffold predicted_activity predicted_activity (raw) training_similarity training_similarity (raw) taf_disrupted taf_disrupted (raw) novelty novelty (raw) stereo_validity stereo_validity (raw) MW_window MW_window (raw) synthetic_feasibility synthetic_feasibility (raw) curated alerts filter curated alerts filter (raw) scaffold_novelty (predicted_activity) taf_consistency (predicted_activity) uncertainty (predicted_activity) matchting_patterns (curated alerts filter)
 | 34.2275 35.9950 -23.2534 0.0995438 CN1CCN(c2nc(Cl)ncc2[N+](=O)[O-])C2CCCC21C 1 c1cc(N2CCNC3CCCC32)ncn1 0.0950000 0.0950 0.2151657 0.2152 1.0000000 1.0000 0.8155338 0.8155 0.0000000 0.0000 1.0000000 311.7730 0.5471815 3.9448 1.0000000 1.0000 1.0 0.0 0.293214938227915 []
 | 26.3237 28.3277 44.0362 0.5653435 CN1C(=O)/C(=C/c2cc(Cl)c(OCC(=O)O)c(Cl)c2)SC1=S 1 O=C1NC(=S)SC1=Cc1ccccc1 0.1650000 0.1650 0.2299002 0.2299 1.0000000 1.0000 0.7769433 0.7769 1.0000000 1.0000 1.0000000 378.2580 0.5334135 2.4533 1.0000000 1.0000 1.0 0.0 0.37118054905934933 []
 | 26.7776 28.4208 42.3947 0.5532462 Cc1ccc(C(=O)N/C(=C\c2cccc([N+](=O)[O-])c2)C(=O)O)cc1 1 O=C(NC=Cc1ccccc1)c1ccccc1 0.2450000 0.2450 0.2265462 0.2265 0.6666667 0.6667 0.7994351 0.7994 1.0000000 1.0000 1.0000000 326.3080 0.5235473 2.0234 1.0000000 1.0000 1.0 0.3333333333333333 0.43008720046055776 []
 | 25.4847 26.5512 37.0194 0.4966454 COc1ccc(NC(N)=NCC2(N(C)C)CCCCC2)cc1Cl 1 C(=NCC1CCCCC1)Nc1ccccc1 0.1300000 0.1300 0.2275748 0.2276 0.6666667 0.6667 0.8157875 0.8158 1.0000000 1.0000 1.0000000 338.8830 0.5373051 2.6232 1.0000000 1.0000 1.0 0.3333333333333333 0.33630343441600474 []
 | 25.4231 27.6251 41.0358 0.5364135 COCCC(=O)N[C@@H]1CC[C@H](O)C1 1 C1CCCC1 0.1850000 0.1850 0.2712254 0.2712 0.6666667 0.6667 0.7418011 0.7418 1.0000000 1.0000 1.0000000 187.2390 0.5428784 2.8668 1.0000000 1.0000 1.0 0.3333333333333333 0.38829756630707846 []
 | 26.9960 28.4084 46.4168 0.5845717 c1ccc2cc(-c3cc4oc5ccccc5c4c4ccccc34)ccc2c1 1 c1ccc2cc(-c3cc4oc5ccccc5c4c4ccccc34)ccc2c1 0.2300000 0.2300 0.1800901 0.1801 1.0000000 1.0000 0.8199099 0.8199 1.0000000 1.0000 1.0000000 344.4130 0.5236316 2.0271 1.0000000 1.0000 1.0 0.0 0.4208325082500163 []
 | 25.6674 25.2691 -12.1562 0.1024448 COc1cc2c(cc1C(C)C)CCC(O)C2 1 c1ccc2c(c1)CCCC2 0.1550000 0.1550 0.2909287 0.2909 0.6666667 0.6667 0.8153628 0.8154 0.0000000 0.0000 1.0000000 220.3120 0.5388447 2.6904 1.0000000 1.0000 1.0 0.3333333333333333 0.36190468358395134 []
 | 23.9176 25.9492 43.8717 0.5454758 CCOc1cc(CO)ncc1Cl 1 c1ccncc1 0.2000000 0.2000 0.2874945 0.2875 0.6666667 0.6667 0.7327388 0.7327 1.0000000 1.0000 1.0000000 187.6260 0.5295598 2.2853 1.0000000 1.0000 1.0 0.3333333333333333 0.4000000000000001 []
 | 23.5194 23.4021 47.0175 0.5501528 Cc1ncoc1B1OC(C)(C)C(C)(C)O1 1 c1ncc(B2OCCO2)o1 0.1400000 0.1400 0.2241794 0.2242 1.0000000 1.0000 0.7813567 0.7814 1.0000000 1.0000 1.0000000 209.0540 0.5549316 3.6047 1.0000000 1.0000 1.0 0.0 0.3469870314579494 []
 | 23.1653 24.2563 54.1290 0.6123848 O=C(O)/C=C\c1ccc2ccccc2c1 1 c1ccc2ccccc2c1 0.2500000 0.2500 0.2579303 0.2579 1.0000000 1.0000 0.7420697 0.7421 1.0000000 1.0000 1.0000000 198.2210 0.5161152 1.7001 1.0000000 1.0000 1.0 0.0 0.4330127018922193 []
21:06:48 <INFO> Sampled SMILES CCCCC1C(F)C2=C(OCC)CC=2C=C1Oc1ccc2c(cccc2c1)CCCC failed to sanitize.
21:06:52 <INFO> Score: 0.38 Agent NLL: 33.75 Valid:  98% Step: 20
 | Agent Prior Target Score SMILES SMILES_state Scaffold predicted_activity predicted_activity (raw) training_similarity training_similarity (raw) taf_disrupted taf_disrupted (raw) novelty novelty (raw) stereo_validity stereo_validity (raw) MW_window MW_window (raw) synthetic_feasibility synthetic_feasibility (raw) curated alerts filter curated alerts filter (raw) scaffold_novelty (predicted_activity) taf_consistency (predicted_activity) uncertainty (predicted_activity) matchting_patterns (curated alerts filter)
 | 61.8803 63.3350 -63.3350 0.0000000 CCCCC1C(F)C2=C(OCC)CC=2C=C1Oc1ccc2c(cccc2c1)CCCC 0 -- 0.0000000 0.0000 0.0000000 0.0000 0.0000000 0.0000 0.0000000 0.0000 0.0000000 0.0000 0.0000000 0.0000 0.0000000 0.0000 0.0000000 0.0000 None None None None
 | 65.0922 65.9138 0.9838 0.5226373 O=C(Nc1cc2c(F)ccnc2cc1Cl)NS(=O)(=O)c1csc(CC[C@H]2[C@H]3CCC[C@H]2NCC3)c1 1 O=C(Nc1ccc2ncccc2c1)NS(=O)(=O)c1csc(CCC2C3CCCC2NCC3)c1 0.1750000 0.1750 0.2252793 0.2253 0.6666667 0.6667 0.8280011 0.8280 1.0000000 1.0000 1.0000000 537.0820 0.5291582 4.7322 1.0000000 1.0000 1.0 0.3333333333333333 0.3799671038392666 []
 | 31.1098 31.6741 31.9269 0.4968828 NCN1C=CNC2=C1C=CCC=C2 1 C1=CC2=C(C=CC1)NC=CN2 0.1900000 0.1900 0.1160030 0.1160 0.6666667 0.6667 0.9084156 0.9084 1.0000000 1.0000 1.0000000 175.2350 0.5407822 4.2249 1.0000000 1.0000 1.0 0.3333333333333333 0.39230090491866065 []
 | 34.1858 32.8997 44.0456 0.6011358 CCCCC(=O)c1ccc(N(C)Cc2cscn2)cc1 1 c1ccc(NCc2cscn2)cc1 0.2050000 0.2050 0.2903800 0.2904 1.0000000 1.0000 0.7515291 0.7515 1.0000000 1.0000 1.0000000 288.4160 0.5289479 2.2586 1.0000000 1.0000 1.0 0.0 0.403701622488689 []
 | 27.1975 28.1042 -28.1042 0.0000000 COc1ccc(OC)c(/C=N/Nc2cccc(F)c2)c1 1 C(=NNc1ccccc1)c1ccccc1 0.0000000 0.0000 0.0000000 0.0000 0.0000000 0.0000 0.0000000 0.0000 0.0000000 0.0000 0.0000000 0.0000 0.0000000 0.0000 0.0000000 0.0000 None None None ['[#7;!n][#7;!n]']
 | 36.0893 36.4835 33.7632 0.5488019 COc1cc(Br)cc(CN2CCN([C@H](C)c3cccs3)CC2)c1O 1 c1ccc(CN2CCN(Cc3cccs3)CC2)cc1 0.2100000 0.2100 0.2652791 0.2653 0.6666667 0.6667 0.7758673 0.7759 1.0000000 1.0000 1.0000000 411.3650 0.5417473 2.8173 1.0000000 1.0000 1.0 0.3333333333333333 0.40730823708832603 []
 | 36.9410 36.5202 31.5829 0.5320557 CN(C)c1ncc([C@@H]2NC(=O)CC[C@@H]2NC(=O)Cc2ccsc2)cn1 1 O=C(Cc1ccsc1)NC1CCC(=O)NC1c1cncnc1 0.1800000 0.1800 0.2513675 0.2514 0.6666667 0.6667 0.7741806 0.7742 1.0000000 1.0000 1.0000000 359.4550 0.5543010 3.6324 1.0000000 1.0000 1.0 0.3333333333333333 0.38418745424597095 []
 | 37.3103 38.1694 30.1906 0.5340618 O=C(CN1CCCC1)NCc1nc2ncccc2n1Cc1cc(F)ccc1F 1 O=C(CN1CCCC1)NCc1nc2ncccc2n1Cc1ccccc1 0.2050000 0.2050 0.2157440 0.2157 0.6666667 0.6667 0.8004920 0.8005 1.0000000 1.0000 1.0000000 385.4180 0.5317988 2.3829 1.0000000 1.0000 1.0 0.3333333333333333 0.403701622488689 []
 | 37.2208 35.5912 -23.3012 0.0960157 CCCCCCN1C(=O)C(N(C)C)NC(=O)C12CCCC2 1 O=C1CNC(=O)C2(CCCC2)N1 0.1000000 0.1000 0.3376908 0.3377 0.6666667 0.6667 0.7452376 0.7452 0.0000000 0.0000 1.0000000 295.4270 0.5512718 3.7654 1.0000000 1.0000 1.0 0.3333333333333333 0.30000000000000004 []
 | 29.1430 29.4897 39.2119 0.5367312 CCCNS(=O)(=O)CCNS(=O)(=O)c1c(C)nn(C)c1C 1 c1cn[nH]c1 0.2150000 0.2150 0.2091650 0.2092 0.6666667 0.6667 0.7908350 0.7908 1.0000000 1.0000 1.0000000 338.4550 0.5354906 2.5439 1.0000000 1.0000 1.0 0.3333333333333333 0.41082234603292944 []
21:06:53 <INFO> Sampled SMILES c1(F)cnn([C@H](C)c2ccc(cc2)Cl)c1=O failed to sanitize.
21:06:53 <INFO> Sampled SMILES c12c(ccc3c2c(c2c1CNCC2)[nH]oc3=O)O failed to sanitize.
21:06:56 <INFO> Score: 0.37 Agent NLL: 30.95 Valid:  97% Step: 21
 | Agent Prior Target Score SMILES SMILES_state Scaffold predicted_activity predicted_activity (raw) training_similarity training_similarity (raw) taf_disrupted taf_disrupted (raw) novelty novelty (raw) stereo_validity stereo_validity (raw) MW_window MW_window (raw) synthetic_feasibility synthetic_feasibility (raw) curated alerts filter curated alerts filter (raw) scaffold_novelty (predicted_activity) taf_consistency (predicted_activity) uncertainty (predicted_activity) matchting_patterns (curated alerts filter)
 | 24.4755 24.8097 50.8094 0.5907740 Clc1cccc(Cn2cnc3ccccc32)n1 1 c1ccc(Cn2cnc3ccccc32)nc1 0.2300000 0.2300 0.2003273 0.2003 1.0000000 1.0000 0.7996727 0.7997 1.0000000 1.0000 1.0000000 243.6970 0.5254607 2.1067 1.0000000 1.0000 1.0 0.0 0.4208325082500163 []
 | 22.6464 24.8467 48.8003 0.5753665 CCSc1ccnc(NCC(C)C)n1 1 c1cncnc1 0.2750000 0.2750 0.2689264 0.2689 0.6666667 0.6667 0.7675047 0.7675 1.0000000 1.0000 1.0000000 211.3340 0.5346500 2.5072 1.0000000 1.0000 1.0 0.3333333333333333 0.44651427748729383 []
 | 40.2949 39.3320 39.2259 0.6137337 CCC[C@@H](C(=O)O)n1cc(C)c(=O)n(-c2ccc(C)cc2)c1=O 1 O=c1cc[nH]c(=O)n1-c1ccccc1 0.2400000 0.2400 0.2672612 0.2673 1.0000000 1.0000 0.7400624 0.7401 1.0000000 1.0000 1.0000000 316.3570 0.5432313 2.8822 1.0000000 1.0000 1.0 0.0 0.4270831300812525 []
 | 48.6233 50.5276 25.0514 0.5904604 C=C1Sc2ccccc2C(=O)C1=[N+](C)CCC(=O)c1ccsc1C 1 C=C1Sc2ccccc2C(=O)C1=[NH+]CCC(=O)c1ccsc1 0.2100000 0.2100 0.2201127 0.2201 1.0000000 1.0000 0.7864395 0.7864 1.0000000 1.0000 1.0000000 356.4920 0.5560603 3.4449 1.0000000 1.0000 1.0 0.0 0.40730823708832603 []
 | 25.3036 25.8350 47.5870 0.5736097 Cc1nc(Sc2ncc(C(=O)O)cc2Cl)n[nH]1 1 c1ccc(Sc2nc[nH]n2)nc1 0.1950000 0.1950 0.1894662 0.1895 1.0000000 1.0000 0.8420506 0.8421 1.0000000 1.0000 1.0000000 270.7010 0.5379708 2.6522 1.0000000 1.0000 1.0 0.0 0.3962007067131506 []
 | 28.1470 28.1145 -28.1145 0.0000000 COc1cc(C(=O)[C@@H](O)C(C)C)cc(OC)c1OC 1 c1ccccc1 0.2000000 0.2000 0.3509312 0.3509 0.6666667 0.6667 0.7661464 0.7661 1.0000000 1.0000 1.0000000 268.3090 0.5361306 2.5719 1.0000000 1.0000 1.0 0.3333333333333333 0.4 []
 | 25.4867 24.9746 -12.5485 0.0970788 Fc1ccc(Cl)cc1CC1(CNC2CC2)CCOC1 1 c1ccc(CC2(CNC3CC3)CCOC2)cc1 0.1450000 0.1450 0.1927851 0.1928 0.6666667 0.6667 0.8477961 0.8478 0.0000000 0.0000 1.0000000 283.7740 0.5445845 2.9414 1.0000000 1.0000 1.0 0.3333333333333333 0.352100837829165 []
 | 33.8964 37.1194 28.6246 0.5136252 Cc1cnc(O[C@H]2CO[C@H]3[C@@H]2OC[C@H]3NS(C)(=O)=O)cn1 1 c1cnc(OC2COC3CCOC32)cn1 0.1500000 0.1500 0.2484709 0.2485 0.6666667 0.6667 0.7804878 0.7805 1.0000000 1.0000 1.0000000 315.3510 0.5439492 4.0864 1.0000000 1.0000 1.0 0.3333333333333333 0.3570714214271425 []
 | 28.2836 33.1202 -33.1202 0.0000000 c1(F)cnn([C@H](C)c2ccc(cc2)Cl)c1=O 0 -- 0.0000000 0.0000 0.0000000 0.0000 0.0000000 0.0000 0.0000000 0.0000 0.0000000 0.0000 0.0000000 0.0000 0.0000000 0.0000 0.0000000 0.0000 None None None None
 | 32.2791 33.8738 28.7442 0.4892027 CC(=O)O[C@@H]1[C@H](OC(C)=O)[C@@H](COC(=O)C(C)(C)C)O[C@H]1n1ccnc1 1 c1cn(C2CCCO2)cn1 0.1200000 0.1200 0.2214546 0.2215 0.6666667 0.6667 0.8137519 0.8138 1.0000000 1.0000 1.0000000 368.3860 0.5486716 3.8795 1.0000000 1.0000 1.0 0.3333333333333333 0.3249615361854384 []
21:06:56 <INFO> Sampled SMILES O=c1c2n(cc(c1C)Br)cnn2 failed to sanitize.
21:06:59 <INFO> Score: 0.39 Agent NLL: 31.74 Valid:  98% Step: 22
 | Agent Prior Target Score SMILES SMILES_state Scaffold predicted_activity predicted_activity (raw) training_similarity training_similarity (raw) taf_disrupted taf_disrupted (raw) novelty novelty (raw) stereo_validity stereo_validity (raw) MW_window MW_window (raw) synthetic_feasibility synthetic_feasibility (raw) curated alerts filter curated alerts filter (raw) scaffold_novelty (predicted_activity) taf_consistency (predicted_activity) uncertainty (predicted_activity) matchting_patterns (curated alerts filter)
 | 28.1601 29.5465 34.3928 0.4995256 CCNC(=NCCCOCCCN(C)C)NCCn1cccn1 1 c1cn[nH]c1 0.1350000 0.1350 0.2243001 0.2243 0.6666667 0.6667 0.8175499 0.8175 1.0000000 1.0000 1.0000000 324.4730 0.5399212 2.7375 1.0000000 1.0000 1.0 0.3333333333333333 0.34172357249683555 []
 | 29.1576 28.7970 -14.8146 0.1092377 OCc1ccc(C2CC(O)C3OC3C2)cc1 1 c1ccc(C2CCC3OC3C2)cc1 0.2350000 0.2350 0.2743516 0.2744 0.6666667 0.6667 0.7342576 0.7343 0.0000000 0.0000 1.0000000 220.2680 0.5571998 3.4951 1.0000000 1.0000 1.0 0.3333333333333333 0.4239988207530771 []
 | 41.5666 44.3337 -29.7551 0.1138954 CC1CNCC(c2cncc(NC(=O)C(=O)Nc3cccc(Cl)c3Cl)c2)O1 1 O=C(Nc1ccccc1)C(=O)Nc1cncc(C2CNCCO2)c1 0.3300000 0.3300 0.2257064 0.2257 0.6666667 0.6667 0.7742936 0.7743 0.0000000 0.0000 1.0000000 409.2730 0.5549160 3.3946 1.0000000 1.0000 1.0 0.3333333333333333 0.4702127178203499 []
 | 21.5723 23.9770 43.2214 0.5249880 O=C1CCCc2c(ccc(F)c2F)N1 1 O=C1CCCc2ccccc2N1 0.1750000 0.1750 0.2338536 0.2339 0.6666667 0.6667 0.8274836 0.8275 1.0000000 1.0000 1.0000000 197.1840 0.5309659 2.3466 1.0000000 1.0000 1.0 0.3333333333333333 0.3799671038392666 []
 | 26.1187 26.4853 47.5244 0.5782010 COc1cc2c(C)coc(=O)c2cc1OC 1 O=c1occc2ccccc12 0.1500000 0.1500 0.3277607 0.3278 1.0000000 1.0000 0.7919874 0.7920 1.0000000 1.0000 1.0000000 220.2240 0.5274433 2.1930 1.0000000 1.0000 1.0 0.0 0.3570714214271425 []
 | 24.2447 24.9352 -24.9352 0.0000000 CC(C)CCCNCc1ccc(Br)cc1O 1 c1ccccc1 0.2650000 0.2650 0.2319084 0.2319 0.3333333 0.3333 0.7981981 0.7982 1.0000000 1.0000 1.0000000 286.2130 0.5248936 2.0820 1.0000000 1.0000 1.0 0.6666666666666666 0.4413332074521472 []
 | 24.3851 24.6636 43.5033 0.5325537 CS(=O)(=O)c1ccc(NCC2(O)CCOCC2)cc1 1 c1ccc(NCC2CCOCC2)cc1 0.1850000 0.1850 0.2577696 0.2578 0.6666667 0.6667 0.7531147 0.7531 1.0000000 1.0000 1.0000000 285.3650 0.5304322 2.3233 1.0000000 1.0000 1.0 0.3333333333333333 0.3882975663070784 []
 | 29.7366 32.0882 43.9715 0.5942165 C[C@@H](NC(=O)Cc1ccc(NC(=O)c2nccn2C)cc1)c1ccccc1 1 O=C(Cc1ccc(NC(=O)c2ncc[nH]2)cc1)NCc1ccccc1 0.3150000 0.3150 0.3084763 0.3085 0.6666667 0.6667 0.6915237 0.6915 1.0000000 1.0000 1.0000000 362.4330 0.5336813 2.4650 1.0000000 1.0000 1.0 0.3333333333333333 0.46451587701606073 []
 | 26.1210 27.7555 -27.7555 0.0000000 O=c1c2n(cc(c1C)Br)cnn2 0 -- 0.0000000 0.0000 0.0000000 0.0000 0.0000000 0.0000 0.0000000 0.0000 0.0000000 0.0000 0.0000000 0.0000 0.0000000 0.0000 0.0000000 0.0000 None None None None
 | 28.1866 28.9147 53.1790 0.6413574 CN(C)c1ccc(-c2cccc(OCc3ccccc3)c2)nc1 1 c1ccc(COc2cccc(-c3ccccn3)c2)cc1 0.2700000 0.2700 0.3800209 0.3800 1.0000000 1.0000 0.6266335 0.6266 1.0000000 1.0000 1.0000000 304.3930 0.5196409 1.8534 1.0000000 1.0000 1.0 0.0 0.4439594576084623 []
21:07:00 <INFO> Sampled SMILES c1c(cccc1/C=c1/sc2n([C@@H](c3ccc(cc3)F)CC3=C2COc2ccccc32)c1=O)Br failed to sanitize.
21:07:03 <INFO> Score: 0.36 Agent NLL: 31.15 Valid:  98% Step: 23
 | Agent Prior Target Score SMILES SMILES_state Scaffold predicted_activity predicted_activity (raw) training_similarity training_similarity (raw) taf_disrupted taf_disrupted (raw) novelty novelty (raw) stereo_validity stereo_validity (raw) MW_window MW_window (raw) synthetic_feasibility synthetic_feasibility (raw) curated alerts filter curated alerts filter (raw) scaffold_novelty (predicted_activity) taf_consistency (predicted_activity) uncertainty (predicted_activity) matchting_patterns (curated alerts filter)
 | 27.2329 28.9839 -28.9839 0.0000000 CC(C)=CCOC(=O)Oc1cc(O)cc(O)c1 1 c1ccccc1 0.2200000 0.2200 0.3136463 0.3136 0.6666667 0.6667 0.7433803 0.7434 1.0000000 1.0000 1.0000000 238.2390 0.5366890 2.5963 1.0000000 1.0000 1.0 0.3333333333333333 0.4142463035441596 []
 | 21.7368 21.9070 45.9280 0.5299613 CC1(NC(=O)/C=C/C(=O)O)CCCC1 1 C1CCCC1 0.1950000 0.1950 0.2190890 0.2191 0.6666667 0.6667 0.7809110 0.7809 1.0000000 1.0000 1.0000000 197.2340 0.5372089 2.6190 1.0000000 1.0000 1.0 0.3333333333333333 0.3962007067131506 []
 | 29.8145 31.5821 38.5160 0.5476414 COc1cc(C(=O)NCCCOc2ccc(-n3cccc3)cc2)cc(OC)c1OC 1 O=C(NCCCOc1ccc(-n2cccc2)cc1)c1ccccc1 0.1900000 0.1900 0.3239891 0.3240 0.6666667 0.6667 0.7393570 0.7394 1.0000000 1.0000 1.0000000 410.4700 0.5257754 2.1204 1.0000000 1.0000 1.0 0.3333333333333333 0.39230090491866065 []
 | 30.5578 31.1295 -31.1295 0.0000000 COc1cc(/C=C/C(=O)CO)ccc1S(C)(=O)=O 1 c1ccccc1 0.1950000 0.1950 0.3052813 0.3053 0.6666667 0.6667 0.7837838 0.7838 1.0000000 1.0000 1.0000000 270.3060 0.5306727 2.3338 1.0000000 1.0000 1.0 0.3333333333333333 0.3962007067131506 []
 | 28.4953 27.1617 43.7068 0.5536597 C[C@@H](NC(=O)CC1(CN)CCCCC1)c1ccccc1F 1 O=C(CC1CCCCC1)NCc1ccccc1 0.2250000 0.2250 0.2588415 0.2588 0.6666667 0.6667 0.7716942 0.7717 1.0000000 1.0000 1.0000000 292.3980 0.5399779 2.7399 1.0000000 1.0000 1.0 0.3333333333333333 0.41758232721225164 []
 | 26.8266 26.5022 41.6825 0.5326932 COc1ccc(CC(=O)Nc2ccc(Nc3ccc(C(C)C)cc3)nc2)cc1 1 O=C(Cc1ccccc1)Nc1ccc(Nc2ccccc2)nc1 0.1800000 0.1800 0.2737928 0.2738 0.6666667 0.6667 0.7576069 0.7576 1.0000000 1.0000 1.0000000 375.4720 0.5211373 1.9185 1.0000000 1.0000 1.0 0.3333333333333333 0.38418745424597095 []
 | 20.4298 21.8829 -20.9016 0.0076662 CNC(=O)/C=C/C(=O)OC 1  0.1850000 0.1850 0.2556086 0.2556 0.3333333 0.3333 0.8377786 0.8378 1.0000000 1.0000 0.0000000 143.1420 0.5327412 2.4240 1.0000000 1.0000 1.0 0.6666666666666666 0.38829756630707846 []
 | 25.8311 25.5751 35.6718 0.4784909 N#CSc1ccc(NC(=O)c2c(F)cccc2Cl)cc1 1 O=C(Nc1ccccc1)c1ccccc1 0.2900000 0.2900 0.1842743 0.1843 0.3333333 0.3333 0.8157257 0.8157 1.0000000 1.0000 1.0000000 306.7490 0.5258688 2.1245 1.0000000 1.0000 1.0 0.6666666666666666 0.4537620521815371 []
 | 42.5951 42.0156 -42.0156 0.0000000 c1c(cccc1/C=c1/sc2n([C@@H](c3ccc(cc3)F)CC3=C2COc2ccccc32)c1=O)Br 0 -- 0.0000000 0.0000 0.0000000 0.0000 0.0000000 0.0000 0.0000000 0.0000 0.0000000 0.0000 0.0000000 0.0000 0.0000000 0.0000 0.0000000 0.0000 None None None None
 | 26.0406 24.5606 -11.2531 0.1039649 CC(CNCCc1cccs1)N(C)C1CC1 1 c1csc(CCNCCNC2CC2)c1 0.1800000 0.1800 0.2711139 0.2711 0.6666667 0.6667 0.7599787 0.7600 0.0000000 0.0000 1.0000000 238.4000 0.5421209 2.8336 1.0000000 1.0000 1.0 0.3333333333333333 0.38418745424597095 []
21:07:03 <INFO> Sampled SMILES n1n2c(ccc2cc1C(C)=O)C(C)C failed to sanitize.
21:07:03 <INFO> Sampled SMILES c1cc(C(O[C@H]2[C@H](O)[C@@H]([C@H]([C@@H](O[C@H]3[C@H](O)[C@@H](O)[C@H](O)[C@H](O3)CO)O2)O)=O)O)ccc1OCc1ccc(CC=C)cc1 failed to sanitize.
21:07:07 <INFO> Score: 0.38 Agent NLL: 31.43 Valid:  97% Step: 24
 | Agent Prior Target Score SMILES SMILES_state Scaffold predicted_activity predicted_activity (raw) training_similarity training_similarity (raw) taf_disrupted taf_disrupted (raw) novelty novelty (raw) stereo_validity stereo_validity (raw) MW_window MW_window (raw) synthetic_feasibility synthetic_feasibility (raw) curated alerts filter curated alerts filter (raw) scaffold_novelty (predicted_activity) taf_consistency (predicted_activity) uncertainty (predicted_activity) matchting_patterns (curated alerts filter)
 | 33.6261 34.2316 35.6542 0.5459826 Cc1cc(NC(=O)c2ccc(C(=O)c3ccc(C(C)(C)C)cc3)cc2)n(C)n1 1 O=C(Nc1ccn[nH]1)c1ccc(C(=O)c2ccccc2)cc1 0.2550000 0.2550 0.1831688 0.1832 0.6666667 0.6667 0.8378379 0.8378 1.0000000 1.0000 1.0000000 375.4720 0.5243002 2.0562 1.0000000 1.0000 1.0 0.3333333333333333 0.43586121644395015 []
 | 34.0760 34.2043 40.8292 0.5861994 O=C(Cc1ccc2ccccc2c1)N1CCN(C[C@@H]2CCS(=O)(=O)C2)CC1 1 O=C(Cc1ccc2ccccc2c1)N1CCN(CC2CCS(=O)(=O)C2)CC1 0.1950000 0.1950 0.2446862 0.2447 1.0000000 1.0000 0.7601994 0.7602 1.0000000 1.0000 1.0000000 386.5170 0.5385012 2.6754 1.0000000 1.0000 1.0 0.0 0.3962007067131506 []
 | 33.1707 32.5623 35.0811 0.5284639 COC(=O)c1c(-c2cccc(OC)c2)ncc2[nH]cnc12 1 c1ccc(-c2cc3nc[nH]c3cn2)cc1 0.1750000 0.1750 0.2519516 0.2520 0.6666667 0.6667 0.8017274 0.8017 1.0000000 1.0000 1.0000000 283.2870 0.5329986 2.4352 1.0000000 1.0000 1.0 0.3333333333333333 0.3799671038392666 []
 | 39.4179 38.9398 29.8986 0.5378002 CCC(C[C@H]1CCC[C@@H]1C(=O)Nc1ccccc1)C(=O)NC 1 O=C(Nc1ccccc1)C1CCCC1 0.2250000 0.2250 0.2823725 0.2824 0.6666667 0.6667 0.7209595 0.7210 0.6666667 0.6667 1.0000000 302.4180 0.5490138 3.1355 1.0000000 1.0000 1.0 0.3333333333333333 0.4175823272122517 []
 | 24.3164 24.4585 33.1067 0.4497278 Nc1ccc(Br)cc1SC1CC1 1 c1ccc(SC2CC2)cc1 0.2000000 0.2000 0.1837692 0.1838 0.3333333 0.3333 0.8461538 0.8462 1.0000000 1.0000 1.0000000 244.1570 0.5350564 2.5250 1.0000000 1.0000 1.0 0.6666666666666666 0.4000000000000001 []
 | 27.6452 28.6787 39.3455 0.5314389 CN1CCCN(C(=O)NCc2nc3ccccc3[nH]2)CC1 1 O=C(NCc1nc2ccccc2[nH]1)N1CCCNCC1 0.1850000 0.1850 0.2500646 0.2501 0.6666667 0.6667 0.7794356 0.7794 1.0000000 1.0000 1.0000000 287.3670 0.5256143 2.1134 1.0000000 1.0000 1.0 0.3333333333333333 0.3882975663070784 []
 | 24.0368 26.8480 -26.8480 0.0000000 CSc1ccc([N+](=O)[O-])c(NC(C)=O)c1 1 c1ccccc1 0.2150000 0.2150 0.1858262 0.1858 0.6666667 0.6667 0.8410896 0.8411 1.0000000 1.0000 1.0000000 226.2570 0.5261247 2.1356 1.0000000 1.0000 1.0 0.3333333333333333 0.41082234603292944 []
 | 34.5095 35.9752 29.0970 0.5083770 COc1cnn(-c2ccccc2F)c(=O)c1Nc1ccc(C)cc1C 1 O=c1c(Nc2ccccc2)ccnn1-c1ccccc1 0.1450000 0.1450 0.2412253 0.2412 0.6666667 0.6667 0.8101684 0.8102 1.0000000 1.0000 1.0000000 339.3700 0.5273494 2.1890 1.0000000 1.0000 1.0 0.3333333333333333 0.352100837829165 []
 | 21.2275 23.0125 -21.8626 0.0089833 O=C(O)c1ccc2c(c1)CNC2 1 c1ccc2c(c1)CNC2 0.2150000 0.2150 0.2179005 0.2179 0.6666667 0.6667 0.7986532 0.7987 1.0000000 1.0000 0.0000000 163.1760 0.5266611 2.1590 1.0000000 1.0000 1.0 0.3333333333333333 0.41082234603292944 []
 | 35.7787 36.7596 32.1411 0.5382866 Cc1nc(N)ccc1Oc1ccccc1CC(C)(C)O 1 c1ccc(Oc2cccnc2)cc1 0.2000000 0.2000 0.2442250 0.2442 0.6666667 0.6667 0.7837838 0.7838 1.0000000 1.0000 1.0000000 272.3480 0.5313106 2.3616 1.0000000 1.0000 1.0 0.3333333333333333 0.4000000000000001 []
21:07:07 <INFO> Sampled SMILES O=C(c1cn2-c3ccc(cc3OCc2c1)F)=O failed to sanitize.
21:07:11 <INFO> Score: 0.40 Agent NLL: 31.13 Valid:  98% Step: 25
 | Agent Prior Target Score SMILES SMILES_state Scaffold predicted_activity predicted_activity (raw) training_similarity training_similarity (raw) taf_disrupted taf_disrupted (raw) novelty novelty (raw) stereo_validity stereo_validity (raw) MW_window MW_window (raw) synthetic_feasibility synthetic_feasibility (raw) curated alerts filter curated alerts filter (raw) scaffold_novelty (predicted_activity) taf_consistency (predicted_activity) uncertainty (predicted_activity) matchting_patterns (curated alerts filter)
 | 27.1294 29.4128 -29.4128 0.0000000 CC[C@H](C)[C@H](N)C(=O)Nc1ccc(C[C@@H](N)C(=O)O)cc1 1 c1ccccc1 0.2550000 0.2550 0.2507061 0.2507 0.6666667 0.6667 0.7567568 0.7568 1.0000000 1.0000 1.0000000 293.3670 0.5424294 2.8471 1.0000000 1.0000 1.0 0.3333333333333333 0.43586121644395015 []
 | 22.5560 23.7336 -22.5398 0.0093262 NCCc1cc(=O)o[nH]1 1 O=c1cc[nH]o1 0.2450000 0.2450 0.2375423 0.2375 0.6666667 0.6667 0.7867993 0.7868 1.0000000 1.0000 0.0000000 128.1310 0.5541348 3.6397 1.0000000 1.0000 1.0 0.3333333333333333 0.4300872004605578 []
 | 34.7149 37.2428 29.0631 0.5180151 CCCCCCCCCCCCCCCCOC[C@@H](COPn1ccnc1)OCCCC 1 c1c[nH]cn1 0.1200000 0.1200 0.2939873 0.2940 1.0000000 1.0000 0.7763932 0.7764 0.5000000 0.5000 1.0000000 470.6790 0.5506025 3.7948 1.0000000 1.0000 1.0 0.0 0.3249615361854384 []
 | 24.1794 23.4302 -8.8144 0.1141862 CC(C)CCOc1cccc(CC(C)O)c1 1 c1ccccc1 0.2800000 0.2800 0.3487429 0.3487 0.6666667 0.6667 0.6512571 0.6513 0.0000000 0.0000 1.0000000 222.3280 0.5302694 2.3162 1.0000000 1.0000 1.0 0.3333333333333333 0.44899888641287294 []
 | 26.0045 25.9628 53.7327 0.6226209 CCC(=O)c1ccc(N(C)Cc2ccco2)cc1 1 c1ccc(NCc2ccco2)cc1 0.2700000 0.2700 0.2571428 0.2571 1.0000000 1.0000 0.7609543 0.7610 1.0000000 1.0000 1.0000000 243.3060 0.5234098 2.0174 1.0000000 1.0000 1.0 0.0 0.44395945760846217 []
 | 30.0473 30.3867 38.6816 0.5395966 O=C(Cn1cnnn1)Nc1cncc(-c2ccccn2)c1 1 O=C(Cn1cnnn1)Nc1cncc(-c2ccccn2)c1 0.2150000 0.2150 0.2224420 0.2224 0.6666667 0.6667 0.7841795 0.7842 1.0000000 1.0000 1.0000000 281.2790 0.5309303 2.3450 1.0000000 1.0000 1.0 0.3333333333333333 0.41082234603292944 []
 | 32.7514 33.0481 42.6343 0.5912681 Cc1ccc(N(CCC(=O)O)C(=O)/C=C/c2ccc3c(c2)OCCO3)cc1 1 O=C(C=Cc1ccc2c(c1)OCCO2)Nc1ccccc1 0.2100000 0.2100 0.2302656 0.2303 1.0000000 1.0000 0.8060855 0.8061 1.0000000 1.0000 1.0000000 367.4010 0.5302144 2.3138 1.0000000 1.0000 1.0 0.0 0.4073082370883261 []
 | 25.1829 24.9547 41.5177 0.5193156 NC1CCN(C(=O)Nc2ccc(I)cc2)CC1 1 O=C(Nc1ccccc1)N1CCCCC1 0.1900000 0.1900 0.1887074 0.1887 0.6666667 0.6667 0.8256285 0.8256 1.0000000 1.0000 1.0000000 345.1840 0.5238409 2.0362 1.0000000 1.0000 1.0 0.3333333333333333 0.39230090491866065 []
 | 40.1927 42.6682 22.5686 0.5096622 CCOC(=O)[C@@H]1[C@@H](C)[C@H](/C=C/[C@H](O)Cc2cccc(C)c2)N[C@@H]1CO 1 C(=CC1CCCN1)CCc1ccccc1 0.2900000 0.2900 0.3683274 0.3683 0.3333333 0.3333 0.6316726 0.6317 1.0000000 1.0000 1.0000000 347.4550 0.5412754 4.2033 1.0000000 1.0000 1.0 0.6666666666666666 0.4537620521815371 []
 | 46.6297 49.4978 26.5099 0.5938100 C[C@H]1CCCCCC1c1ccc2c(c1O)C[C@H](c1cccc(Cl)c1)O2 1 c1ccc(C2Cc3cc(C4CCCCCC4)ccc3O2)cc1 0.2300000 0.2300 0.2826755 0.2827 1.0000000 1.0000 0.7603194 0.7603 0.6666667 0.6667 1.0000000 356.8930 0.5559686 3.4409 1.0000000 1.0000 1.0 0.0 0.4208325082500162 []
21:07:14 <INFO> Score: 0.40 Agent NLL: 32.48 Valid: 100% Step: 26
 | Agent Prior Target Score SMILES SMILES_state Scaffold predicted_activity predicted_activity (raw) training_similarity training_similarity (raw) taf_disrupted taf_disrupted (raw) novelty novelty (raw) stereo_validity stereo_validity (raw) MW_window MW_window (raw) synthetic_feasibility synthetic_feasibility (raw) curated alerts filter curated alerts filter (raw) scaffold_novelty (predicted_activity) taf_consistency (predicted_activity) uncertainty (predicted_activity) matchting_patterns (curated alerts filter)
 | 27.0102 30.4894 36.5495 0.5237409 Cc1nc(CCN2CCN(C[C@H](O)CO)CC2)cs1 1 c1nc(CCN2CCNCC2)cs1 0.1600000 0.1600 0.2711139 0.2711 0.6666667 0.6667 0.7705843 0.7706 1.0000000 1.0000 1.0000000 285.4130 0.5400020 2.7410 1.0000000 1.0000 1.0 0.3333333333333333 0.36660605559646714 []
 | 27.8780 29.2953 39.6380 0.5385421 COc1cc2c(C)c(C)n(CCN3CCCC3)c2cc1OC 1 c1ccc2c(c1)ccn2CCN1CCCC1 0.1200000 0.1200 0.2390457 0.2390 1.0000000 1.0000 0.8416109 0.8416 1.0000000 1.0000 1.0000000 302.4180 0.5257019 2.1172 1.0000000 1.0000 1.0 0.0 0.3249615361854384 []
 | 44.2074 44.7145 -44.7145 0.0000000 CC(C)N1CCC[C@H]1c1cn(C)c2nc(NN)c(Cl)cc12 1 c1cnc2[nH]cc(C3CCCN3)c2c1 0.0000000 0.0000 0.0000000 0.0000 0.0000000 0.0000 0.0000000 0.0000 0.0000000 0.0000 0.0000000 0.0000 0.0000000 0.0000 0.0000000 0.0000 None None None ['[#7;!n][#7;!n]']
 | 27.3584 29.3194 32.5099 0.4830414 C[C@H]1CCc2nc(NC(=O)C[C@@H]3C[C@@H]4CC[C@H]3C4)sc2C1 1 O=C(CC1CC2CCC1C2)Nc1nc2c(s1)CCCC2 0.1250000 0.1250 0.1845062 0.1845 0.6666667 0.6667 0.8402129 0.8402 1.0000000 1.0000 1.0000000 304.4590 0.5399350 4.2619 1.0000000 1.0000 1.0 0.3333333333333333 0.33071891388307384 []
 | 40.5368 40.4554 -40.4554 0.0000000 CCCCCCCNN(CO)c1cccc(O)c1C 1 c1ccccc1 0.0000000 0.0000 0.0000000 0.0000 0.0000000 0.0000 0.0000000 0.0000 0.0000000 0.0000 0.0000000 0.0000 0.0000000 0.0000 0.0000000 0.0000 None None None ['[#7;!n][#7;!n]']
 | 35.8916 37.6096 33.4627 0.5552526 CC(=O)n1cc(CO)c2c(OS(C)(=O)=O)cccc21 1 c1ccc2[nH]ccc2c1 0.2250000 0.2250 0.2686124 0.2686 0.6666667 0.6667 0.7630758 0.7631 1.0000000 1.0000 1.0000000 283.3050 0.5375749 2.6349 1.0000000 1.0000 1.0 0.3333333333333333 0.41758232721225164 []
 | 41.3260 41.0406 26.2457 0.5256745 COC[C@H]1CN(C[C@@H](C)N2CCN(S(=O)(=O)c3ccc(F)cc3)CC2)C(=O)O1 1 O=C1OCCN1CCN1CCN(S(=O)(=O)c2ccccc2)CC1 0.1500000 0.1500 0.3090158 0.3090 0.6666667 0.6667 0.7492216 0.7492 1.0000000 1.0000 1.0000000 415.4870 0.5522581 3.2779 1.0000000 1.0000 1.0 0.3333333333333333 0.3570714214271425 []
 | 39.0175 41.8745 -28.3259 0.1058484 Cn1c(SCC(O)c2ccc(F)c(NS(C)(=O)=O)c2)nnc1-c1cnccn1 1 c1ccc(CCSc2nnc(-c3cnccn3)[nH]2)cc1 0.2350000 0.2350 0.1980535 0.1981 0.6666667 0.6667 0.8073737 0.8074 0.0000000 0.0000 1.0000000 424.4830 0.5490410 3.1367 1.0000000 1.0000 1.0 0.3333333333333333 0.4239988207530771 []
 | 23.0764 23.2186 -23.2186 0.0000000 Ic1ccc(NN2CCCC2)cc1 1 c1ccc(NN2CCCC2)cc1 0.0000000 0.0000 0.0000000 0.0000 0.0000000 0.0000 0.0000000 0.0000 0.0000000 0.0000 0.0000000 0.0000 0.0000000 0.0000 0.0000000 0.0000 None None None ['[#7;!n][#7;!n]']
 | 30.0298 30.4737 37.3603 0.5299533 C/C=C\C=C/CC1=CCCc2ccccc2N1 1 C1=CNc2ccccc2CC1 0.1800000 0.1800 0.2342606 0.2343 0.6666667 0.6667 0.8356010 0.8356 1.0000000 1.0000 1.0000000 225.3350 0.5482593 3.1024 1.0000000 1.0000 1.0 0.3333333333333333 0.38418745424597095 []
21:07:18 <INFO> Score: 0.38 Agent NLL: 31.52 Valid:  98% Step: 27
 | Agent Prior Target Score SMILES SMILES_state Scaffold predicted_activity predicted_activity (raw) training_similarity training_similarity (raw) taf_disrupted taf_disrupted (raw) novelty novelty (raw) stereo_validity stereo_validity (raw) MW_window MW_window (raw) synthetic_feasibility synthetic_feasibility (raw) curated alerts filter curated alerts filter (raw) scaffold_novelty (predicted_activity) taf_consistency (predicted_activity) uncertainty (predicted_activity) matchting_patterns (curated alerts filter)
 | 34.3373 34.6374 31.9966 0.5205784 CC(C)(c1ccc(C2CCC(O)CC2)cc1)S(=O)(=O)O 1 c1ccc(C2CCCCC2)cc1 0.1650000 0.1650 0.2409658 0.2410 0.6666667 0.6667 0.8032523 0.8033 1.0000000 1.0000 1.0000000 298.4040 0.5342159 2.4883 1.0000000 1.0000 1.0 0.3333333333333333 0.37118054905934933 []
 | 27.5664 27.7480 41.9824 0.5447689 O=C(CN1C(=O)CSC1=O)N[C@@H]1CCS(=O)(=O)C1 1 O=C(CN1C(=O)CSC1=O)NC1CCS(=O)(=O)C1 0.2100000 0.2100 0.2512297 0.2512 0.6666667 0.6667 0.7487703 0.7488 1.0000000 1.0000 1.0000000 292.3380 0.5468426 3.0403 1.0000000 1.0000 1.0 0.3333333333333333 0.40730823708832603 []
 | 25.8810 27.9281 29.0850 0.4454152 Cc1cc(Br)ccc1OCC(=O)Nc1ccc(Cl)c(Cl)c1 1 O=C(COc1ccccc1)Nc1ccccc1 0.1800000 0.1800 0.2143465 0.2143 0.3333333 0.3333 0.7946015 0.7946 1.0000000 1.0000 1.0000000 389.0760 0.5169947 1.7384 1.0000000 1.0000 1.0 0.6666666666666666 0.38418745424597095 []
 | 35.8068 37.2754 40.6843 0.6090598 Cc1cc(Cl)cc2c(O)c(Oc3ccccc3F)c(=O)oc12 1 O=c1oc2ccccc2cc1Oc1ccccc1 0.2300000 0.2300 0.2758803 0.2759 1.0000000 1.0000 0.7273751 0.7274 1.0000000 1.0000 1.0000000 320.7030 0.5313727 2.3643 1.0000000 1.0000 1.0 0.0 0.4208325082500162 []
 | 23.3932 25.0199 43.2597 0.5334342 COc1ccccc1NC(=S)Nc1cccnc1 1 S=C(Nc1ccccc1)Nc1cccnc1 0.1850000 0.1850 0.2572479 0.2572 0.6666667 0.6667 0.8082012 0.8082 1.0000000 1.0000 1.0000000 259.3340 0.5170973 1.7428 1.0000000 1.0000 1.0 0.3333333333333333 0.38829756630707846 []
 | 32.3835 31.6881 -18.4912 0.1031008 Cc1cc(C(N)CCC(F)(F)F)cc(Cl)c1Cl 1 c1ccccc1 0.2200000 0.2200 0.1667593 0.1668 0.6666667 0.6667 0.8729999 0.8730 0.0000000 0.0000 1.0000000 286.1240 0.5457129 2.9908 1.0000000 1.0000 1.0 0.3333333333333333 0.41424630354415964 []
 | 36.4457 38.6099 34.9498 0.5746854 Cc1cc(S(N)(=O)=O)ccc1N[C@H](CO)N1CCOCC1 1 c1ccc(NCN2CCOCC2)cc1 0.2650000 0.2650 0.2799463 0.2799 0.6666667 0.6667 0.7521592 0.7522 1.0000000 1.0000 1.0000000 315.3950 0.5457584 2.9928 1.0000000 1.0000 1.0 0.3333333333333333 0.4413332074521472 []
 | 28.7499 32.0939 37.7179 0.5454053 c1ccc2c(N3CC4CC[C@H](C3)O4)nccc2c1 1 c1ccc2c(N3CC4CCC(C3)O4)nccc2c1 0.1800000 0.1800 0.2446772 0.2447 1.0000000 1.0000 0.7710545 0.7711 0.5000000 0.5000 1.0000000 240.3060 0.5520997 3.7291 1.0000000 1.0000 1.0 0.0 0.38418745424597095 []
 | 25.6021 24.8561 -11.6336 0.1033010 CCOc1ccc2c(c1)C(NC)CC(C)(C)O2 1 c1ccc2c(c1)CCCO2 0.1550000 0.1550 0.3293515 0.3294 0.6666667 0.6667 0.7466527 0.7467 0.0000000 0.0000 1.0000000 235.3270 0.5408292 2.7771 1.0000000 1.0000 1.0 0.3333333333333333 0.36190468358395134 []
 | 28.8348 29.7899 -29.7899 0.0000000 CNC(=O)CCC[C@@H](NC(N)=O)C(=O)O 1  0.2350000 0.2350 0.1883294 0.1883 0.6666667 0.6667 0.8358670 0.8359 1.0000000 1.0000 1.0000000 217.2250 0.5351769 2.5302 1.0000000 1.0000 1.0 0.3333333333333333 0.4239988207530771 []
21:07:18 <INFO> Sampled SMILES c1c2c(cc(=O)oc2cc(c1)O[C@H]1OC[C@H]([C@@H]([C@H]1O)O)O)=O failed to sanitize.
21:07:22 <INFO> Score: 0.41 Agent NLL: 29.04 Valid:  98% Step: 28
 | Agent Prior Target Score SMILES SMILES_state Scaffold predicted_activity predicted_activity (raw) training_similarity training_similarity (raw) taf_disrupted taf_disrupted (raw) novelty novelty (raw) stereo_validity stereo_validity (raw) MW_window MW_window (raw) synthetic_feasibility synthetic_feasibility (raw) curated alerts filter curated alerts filter (raw) scaffold_novelty (predicted_activity) taf_consistency (predicted_activity) uncertainty (predicted_activity) matchting_patterns (curated alerts filter)
 | 25.5817 28.1643 41.4128 0.5435709 Fc1ccc(Oc2ccncc2F)cc1Cl 1 c1ccc(Oc2ccncc2)cc1 0.1900000 0.1900 0.1214353 0.1214 1.0000000 1.0000 0.8818923 0.8819 1.0000000 1.0000 1.0000000 241.6240 0.5244520 2.0628 1.0000000 1.0000 1.0 0.0 0.39230090491866065 []
 | 27.2291 28.6369 42.4490 0.5553583 COc1nc(C)c2ccc(C)c(C)c2n1 1 c1ccc2ncncc2c1 0.1500000 0.1500 0.2144225 0.2144 1.0000000 1.0000 0.8734456 0.8734 1.0000000 1.0000 1.0000000 202.2570 0.5289338 2.2580 1.0000000 1.0000 1.0 0.0 0.3570714214271425 []
 | 19.7563 22.1692 -20.9482 0.0095387 C[C@H](CO)Cc1cnc[nH]1 1 c1c[nH]cn1 0.2500000 0.2500 0.2913428 0.2913 0.6666667 0.6667 0.7573187 0.7573 1.0000000 1.0000 0.0000000 140.1860 0.5481430 3.0973 1.0000000 1.0000 1.0 0.3333333333333333 0.4330127018922193 []
 | 36.4214 38.1590 38.1704 0.5963235 CC(C)CNC(=O)c1cccc([C@@H](C)Nc2nc(N)nc3cc[nH]c(=O)c23)c1 1 O=c1[nH]ccc2ncnc(NCc3ccccc3)c12 0.3350000 0.3350 0.2729604 0.2730 0.6666667 0.6667 0.7327388 0.7327 1.0000000 1.0000 1.0000000 380.4520 0.5449780 2.9587 1.0000000 1.0000 1.0 0.3333333333333333 0.4719904660054057 []
 | 27.0179 33.8792 -33.8792 0.0000000 c1c2c(cc(=O)oc2cc(c1)O[C@H]1OC[C@H]([C@@H]([C@H]1O)O)O)=O 0 -- 0.0000000 0.0000 0.0000000 0.0000 0.0000000 0.0000 0.0000000 0.0000 0.0000000 0.0000 0.0000000 0.0000 0.0000000 0.0000 0.0000000 0.0000 None None None None
 | 29.5865 30.7059 45.6395 0.5964479 C=Cc1cccc(OCCSCc2cccs2)c1 1 c1ccc(OCCSCc2cccs2)cc1 0.2050000 0.2050 0.2672612 0.2673 1.0000000 1.0000 0.7660561 0.7661 1.0000000 1.0000 1.0000000 276.4260 0.5294855 2.2820 1.0000000 1.0000 1.0 0.0 0.40370162248868907 []
 | 37.3557 39.8116 30.3030 0.5477706 C[C@]1(NC(=S)Nc2cc(F)cc(F)c2)CCc2ccccc21 1 S=C(Nc1ccccc1)NC1CCc2ccccc21 0.2200000 0.2200 0.2411214 0.2411 0.6666667 0.6667 0.7690599 0.7691 1.0000000 1.0000 1.0000000 318.3920 0.5468680 3.0414 1.0000000 1.0000 1.0 0.3333333333333333 0.41424630354415964 []
 | 25.9107 25.1585 -12.6142 0.0980026 COc1ccc(NC(=O)CC2CCNC2)cc1F 1 O=C(CC1CCNC1)Nc1ccccc1 0.1250000 0.1250 0.2843982 0.2844 0.6666667 0.6667 0.7881033 0.7881 0.0000000 0.0000 1.0000000 252.2890 0.5325820 2.4170 1.0000000 1.0000 1.0 0.3333333333333333 0.33071891388307384 []
 | 30.7131 34.6673 27.8201 0.4881828 CCCOc1c(N)cnc(N2CCN(C)CC2)c1C 1 c1ccc(N2CCNCC2)nc1 0.1000000 0.1000 0.3243243 0.3243 0.6666667 0.6667 0.7093809 0.7094 1.0000000 1.0000 1.0000000 264.3730 0.5344626 2.4991 1.0000000 1.0000 1.0 0.3333333333333333 0.30000000000000004 []
 | 21.6724 23.3117 42.7003 0.5157190 Cc1cc(N)n(-c2cccc(C)c2C)n1 1 c1ccc(-n2cccn2)cc1 0.2100000 0.2100 0.1450037 0.1450 0.6666667 0.6667 0.8778875 0.8779 1.0000000 1.0000 1.0000000 201.2730 0.5259055 2.1261 1.0000000 1.0000 1.0 0.3333333333333333 0.4073082370883261 []
21:07:25 <INFO> Score: 0.44 Agent NLL: 32.11 Valid: 100% Step: 29
 | Agent Prior Target Score SMILES SMILES_state Scaffold predicted_activity predicted_activity (raw) training_similarity training_similarity (raw) taf_disrupted taf_disrupted (raw) novelty novelty (raw) stereo_validity stereo_validity (raw) MW_window MW_window (raw) synthetic_feasibility synthetic_feasibility (raw) curated alerts filter curated alerts filter (raw) scaffold_novelty (predicted_activity) taf_consistency (predicted_activity) uncertainty (predicted_activity) matchting_patterns (curated alerts filter)
 | 39.7900 40.4278 28.3236 0.5371207 O=C(CCl)Nc1ncc(OC(F)F)c(-c2ccnc(Cl)c2)n1 1 c1cc(-c2ccncn2)ccn1 0.2100000 0.2100 0.2181538 0.2182 0.6666667 0.6667 0.7818462 0.7818 1.0000000 1.0000 1.0000000 349.1240 0.5403101 2.7545 1.0000000 1.0000 1.0 0.3333333333333333 0.4073082370883261 []
 | 30.4398 32.0572 36.6952 0.5371284 Cc1cc(NCc2cc3ccccc3s2)c2cc(F)ccc2n1 1 c1ccc2sc(CNc3ccnc4ccccc34)cc2c1 0.2150000 0.2150 0.2118967 0.2119 0.6666667 0.6667 0.8017274 0.8017 1.0000000 1.0000 1.0000000 322.4080 0.5277693 2.2072 1.0000000 1.0000 1.0 0.3333333333333333 0.41082234603292944 []
 | 25.7437 25.2619 47.7356 0.5702930 Cc1cc(NC(=O)c2ccccc2CCN)ccn1 1 O=C(Nc1ccncc1)c1ccccc1 0.2750000 0.2750 0.2599376 0.2599 0.6666667 0.6667 0.7400624 0.7401 1.0000000 1.0000 1.0000000 255.3210 0.5220383 1.9577 1.0000000 1.0000 1.0 0.3333333333333333 0.44651427748729383 []
 | 24.3330 27.1520 45.2079 0.5653118 C[C@H](Cc1ccco1)C(=O)N1CCNCC1 1 O=C(CCc1ccco1)N1CCNCC1 0.2450000 0.2450 0.2747531 0.2748 0.6666667 0.6667 0.7567568 0.7568 1.0000000 1.0000 1.0000000 222.2880 0.5417423 2.8171 1.0000000 1.0000 1.0 0.3333333333333333 0.4300872004605578 []
 | 33.5125 33.8887 -20.8553 0.1018238 CNc1ccc(S(=O)(=O)O)c2c(S(=O)O)cc(S(=O)(=O)O)cc12 1 c1ccc2ccccc2c1 0.2150000 0.2150 0.1526406 0.1526 0.6666667 0.6667 0.8648649 0.8649 0.0000000 0.0000 1.0000000 381.4090 0.5560157 3.4430 1.0000000 1.0000 1.0 0.3333333333333333 0.41082234603292944 []
 | 31.1097 31.6495 47.2292 0.6162395 O=C1CSC(=Nc2ccccc2)N1C(=O)[C@@H]1C[C@H]2C=C[C@H]1C2 1 O=C1CSC(=Nc2ccccc2)N1C(=O)C1CC2C=CC1C2 0.2450000 0.2450 0.2758803 0.2759 1.0000000 1.0000 0.7273751 0.7274 1.0000000 1.0000 1.0000000 312.3940 0.5337087 4.5338 1.0000000 1.0000 1.0 0.0 0.4300872004605578 []
 | 24.2194 25.8025 39.8888 0.5132134 O=Cc1ccc(Sc2ccc(Br)cc2)c(F)c1 1 c1ccc(Sc2ccccc2)cc1 0.2050000 0.2050 0.1436842 0.1437 0.6666667 0.6667 0.8818923 0.8819 1.0000000 1.0000 1.0000000 311.1750 0.5265016 2.1520 1.0000000 1.0000 1.0 0.3333333333333333 0.403701622488689 []
 | 35.8987 37.6898 29.8285 0.5274873 CSc1cc(Cc2nccc(N)n2)cc(N(C)C)c1 1 c1ccc(Cc2ncccn2)cc1 0.1950000 0.1950 0.2000625 0.2001 0.6666667 0.6667 0.8420506 0.8421 1.0000000 1.0000 1.0000000 274.3930 0.5390963 2.7014 1.0000000 1.0000 1.0 0.3333333333333333 0.3962007067131506 []
 | 50.5082 54.6256 14.4371 0.5395531 CCOc1c(CCO)sc2nc(-c3cccc(C)n3)nc(-c3ncc(Cl)n3C)c12 1 c1ccc(-c2nc(-c3ncc[nH]3)c3ccsc3n2)nc1 0.2100000 0.2100 0.2219484 0.2219 0.6666667 0.6667 0.7910927 0.7911 1.0000000 1.0000 1.0000000 429.9330 0.5492256 3.1448 1.0000000 1.0000 1.0 0.3333333333333333 0.407308237088326 []
 | 20.2516 24.6421 54.1564 0.6156128 O=C(O)CSc1nnc(Cc2ccccc2Cl)o1 1 c1ccc(Cc2nnco2)cc1 0.2500000 0.2500 0.2666904 0.2667 1.0000000 1.0000 0.7333096 0.7333 1.0000000 1.0000 1.0000000 284.7240 0.5270901 2.1777 1.0000000 1.0000 1.0 0.0 0.4330127018922193 []
21:07:25 <INFO> Sampled SMILES o1c2-c3cc(OC)cnc3Sc3c2c(=O)n(cc3)c1=O failed to sanitize.
21:07:25 <INFO> Sampled SMILES C(C)([C@@H](C(O[C@@H](C)[C@@H](OC(=O)[C@H](CC)C)C)=O)=C)C failed to sanitize.
21:07:25 <INFO> Sampled SMILES c1(n(C)c(c2c(SCC)nc(nc21)SC)=O)-c1ccc(C)cc1 failed to sanitize.
21:07:25 <INFO> Sampled SMILES S=C(N=CC)=C(Cl)C failed to sanitize.
21:07:29 <INFO> Score: 0.40 Agent NLL: 32.65 Valid:  94% Step: 30
 | Agent Prior Target Score SMILES SMILES_state Scaffold predicted_activity predicted_activity (raw) training_similarity training_similarity (raw) taf_disrupted taf_disrupted (raw) novelty novelty (raw) stereo_validity stereo_validity (raw) MW_window MW_window (raw) synthetic_feasibility synthetic_feasibility (raw) curated alerts filter curated alerts filter (raw) scaffold_novelty (predicted_activity) taf_consistency (predicted_activity) uncertainty (predicted_activity) matchting_patterns (curated alerts filter)
 | 26.3121 28.7815 36.5651 0.5105207 C[C@@H]1O[C@@H](O)[C@H](O)[C@H](O)[C@H]1O[C@@H]1O[C@H](CO)[C@H](O)[C@@H](O)[C@H]1O 1 C1CCC(OC2CCCOC2)OC1 0.1050000 0.1050 0.4212118 0.4212 0.6666667 0.6667 0.7777498 0.7777 1.0000000 1.0000 1.0000000 326.2980 0.5387601 4.3133 1.0000000 1.0000 1.0 0.3333333333333333 0.3065534211193866 []
 | 22.9241 22.7464 -9.4297 0.1040371 C=C(C)CN1CCN2CCCC2C1 1 C1CC2CNCCN2C1 0.1200000 0.1200 0.2214546 0.2215 1.0000000 1.0000 0.8259956 0.8260 0.0000000 0.0000 1.0000000 180.2950 0.5401754 2.7486 1.0000000 1.0000 1.0 0.0 0.3249615361854384 []
 | 46.7474 48.5612 -35.2038 0.1043545 CN1CN(c2c(Cl)ncnc2Cl)CC(O)(c2cccc(Cl)c2F)C1 1 c1ccc(C2CNCN(c3cncnc3)C2)cc1 0.2100000 0.2100 0.2069102 0.2069 0.6666667 0.6667 0.8116474 0.8116 0.0000000 0.0000 1.0000000 391.6610 0.5518602 3.7396 1.0000000 1.0000 1.0 0.3333333333333333 0.4073082370883261 []
 | 40.8192 44.4172 24.5294 0.5386450 C/C=C(C)/C=C(\N)c1cc(Nc2ccc(N)nc2)on1 1 c1cncc(Nc2ccno2)c1 0.2100000 0.2100 0.2117794 0.2118 0.6666667 0.6667 0.8224288 0.8224 1.0000000 1.0000 1.0000000 271.3240 0.5538760 3.3489 1.0000000 1.0000 1.0 0.3333333333333333 0.4073082370883261 []
 | 33.7559 36.5780 40.4646 0.6018953 CC(=O)N(C)[C@H]1C[C@@H]1C(=O)c1cc2ccccc2o1 1 O=C(c1cc2ccccc2o1)C1CC1 0.1850000 0.1850 0.3418704 0.3419 1.0000000 1.0000 0.7076474 0.7076 1.0000000 1.0000 1.0000000 257.2890 0.5552159 3.4078 1.0000000 1.0000 1.0 0.0 0.3882975663070784 []
 | 36.0215 34.4142 34.4191 0.5377604 COc1ccccc1N1CCN(S(=O)(=O)C[C@@]23CC[C@H](C[C@H]2OC)C3(C)C)CC1 1 O=S(=O)(CC12CCC(CC1)C2)N1CCN(c2ccccc2)CC1 0.1050000 0.1050 0.2970443 0.2970 1.0000000 1.0000 0.7813130 0.7813 1.0000000 1.0000 1.0000000 422.5910 0.5406057 4.2326 1.0000000 1.0000 1.0 0.0 0.3065534211193866 []
 | 29.4496 30.6872 37.6348 0.5337653 CCc1ccnc(N2CCO[C@@H](CN3CCCCC3)C2)n1 1 c1cnc(N2CCOC(CN3CCCCC3)C2)nc1 0.1150000 0.1150 0.2354408 0.2354 1.0000000 1.0000 0.8017274 0.8017 1.0000000 1.0000 1.0000000 290.4110 0.5429240 2.8688 1.0000000 1.0000 1.0 0.0 0.31902194281898544 []
 | 30.2079 31.3134 -31.3134 0.0000000 C=CCc1c(I)c(OC)cc(OC)c1OCC 1 c1ccccc1 0.1200000 0.1200 0.2508726 0.2509 1.0000000 1.0000 0.8153628 0.8154 1.0000000 1.0000 1.0000000 348.1800 0.5358752 2.5607 1.0000000 1.0000 1.0 0.0 0.3249615361854384 []
 | 29.7440 32.4597 33.8775 0.5182588 Cc1oc2nc(CN(C)Cc3ccc(Cl)cc3)nc(N)c2c1C 1 c1ccc(CNCc2ncc3ccoc3n2)cc1 0.1800000 0.1800 0.1951219 0.1951 0.6666667 0.6667 0.8459512 0.8460 1.0000000 1.0000 1.0000000 330.8190 0.5345075 2.5010 1.0000000 1.0000 1.0 0.3333333333333333 0.38418745424597095 []
 | 25.3888 27.2032 49.3906 0.5983888 COCC(=O)N1CCCCC[C@H]1c1ccco1 1 c1coc(C2CCCCCN2)c1 0.1850000 0.1850 0.3259341 0.3259 1.0000000 1.0000 0.7432519 0.7433 1.0000000 1.0000 1.0000000 237.2990 0.5364944 2.5878 1.0000000 1.0000 1.0 0.0 0.3882975663070784 []
21:07:29 <INFO> Sampled SMILES n1ccc(C(N2CC3C(N)SC=CC=3C(C=2)=O)=O)n1C failed to sanitize.
21:07:29 <INFO> Sampled SMILES C(c1c(c(OC)c(c[nH]1)OC)=O)(=S)N failed to sanitize.
21:07:33 <INFO> Score: 0.41 Agent NLL: 30.66 Valid:  97% Step: 31
 | Agent Prior Target Score SMILES SMILES_state Scaffold predicted_activity predicted_activity (raw) training_similarity training_similarity (raw) taf_disrupted taf_disrupted (raw) novelty novelty (raw) stereo_validity stereo_validity (raw) MW_window MW_window (raw) synthetic_feasibility synthetic_feasibility (raw) curated alerts filter curated alerts filter (raw) scaffold_novelty (predicted_activity) taf_consistency (predicted_activity) uncertainty (predicted_activity) matchting_patterns (curated alerts filter)
 | 38.2556 40.4736 -40.4736 0.0000000 Cc1nc(C)c(C2=NNC(Nc3ccccc3)(C(=O)O)C2)s1 1 c1ccc(NC2CC(c3cncs3)=NN2)cc1 0.0000000 0.0000 0.0000000 0.0000 0.0000000 0.0000 0.0000000 0.0000 0.0000000 0.0000 0.0000000 0.0000 0.0000000 0.0000 0.0000000 0.0000 None None None ['[#7;!n][#7;!n]']
 | 24.7896 26.8298 43.1726 0.5468937 COc1ccccc1NC(=O)[C@@H]1CC[C@H](N)C1 1 O=C(Nc1ccccc1)C1CCCC1 0.1900000 0.1900 0.3101361 0.3101 0.6666667 0.6667 0.7567568 0.7568 1.0000000 1.0000 1.0000000 234.2990 0.5350286 2.5238 1.0000000 1.0000 1.0 0.3333333333333333 0.39230090491866065 []
 | 42.2985 44.0335 -44.0335 0.0000000 O=C(NCCN1CCNCC1)[C@@H]1CC(c2cn(-c3cccc(F)c3)nn2)=NN1 1 O=C(NCCN1CCNCC1)C1CC(c2cn(-c3ccccc3)nn2)=NN1 0.0000000 0.0000 0.0000000 0.0000 0.0000000 0.0000 0.0000000 0.0000 0.0000000 0.0000 0.0000000 0.0000 0.0000000 0.0000 0.0000000 0.0000 None None None ['[#7;!n][#7;!n]']
 | 24.0190 25.1520 49.9121 0.5864378 SCCc1cccc2ccsc12 1 c1ccc2sccc2c1 0.2450000 0.2450 0.1612065 0.1612 1.0000000 1.0000 0.8387935 0.8388 1.0000000 1.0000 1.0000000 194.3240 0.5367304 2.5981 1.0000000 1.0000 1.0 0.0 0.4300872004605578 []
 | 44.1995 45.9903 -45.9903 0.0000000 n1ccc(C(N2CC3C(N)SC=CC=3C(C=2)=O)=O)n1C 0 -- 0.0000000 0.0000 0.0000000 0.0000 0.0000000 0.0000 0.0000000 0.0000 0.0000000 0.0000 0.0000000 0.0000 0.0000000 0.0000 0.0000000 0.0000 None None None None
 | 21.6700 23.4184 47.2398 0.5520176 CCOc1ncnc2cc(OC)c(OC)cc12 1 c1ccc2ncncc2c1 0.1400000 0.1400 0.2413793 0.2414 1.0000000 1.0000 0.8030403 0.8030 1.0000000 1.0000 1.0000000 234.2550 0.5226714 1.9853 1.0000000 1.0000 1.0 0.0 0.34698703145794946 []
 | 22.5390 24.6118 52.6157 0.6033397 CC(=O)n1ccc(=O)c2ccccc21 1 O=c1cc[nH]c2ccccc12 0.2000000 0.2000 0.3228320 0.3228 1.0000000 1.0000 0.7189086 0.7189 1.0000000 1.0000 1.0000000 187.1980 0.5253257 2.1008 1.0000000 1.0000 1.0 0.0 0.4000000000000001 []
 | 27.8465 30.6027 37.0821 0.5287876 COc1cc(OC)c(/C=N\n2cnnc2SC)cc1C 1 C(=Nn1cnnc1)c1ccccc1 0.1250000 0.1250 0.1761661 0.1762 1.0000000 1.0000 0.9161475 0.9161 1.0000000 1.0000 1.0000000 292.3640 0.5387338 2.6856 1.0000000 1.0000 1.0 0.0 0.33071891388307384 []
 | 35.1142 37.3000 34.1575 0.5582617 Cc1[nH]c([C@H]2CCCN(Cc3ccc(C(C)(C)C)cc3)C2)nc1-c1ccc(F)cc1 1 c1ccc(CN2CCCC(c3nc(-c4ccccc4)c[nH]3)C2)cc1 0.1750000 0.1750 0.1732592 0.1733 1.0000000 1.0000 0.8632118 0.8632 1.0000000 1.0000 1.0000000 405.5610 0.5398996 2.7365 1.0000000 1.0000 1.0 0.0 0.3799671038392666 []
 | 23.4037 27.2643 48.8258 0.5944542 O=C1CC[C@@H](Sc2ccccc2[N+](=O)[O-])C1 1 O=C1CCC(Sc2ccccc2)C1 0.2100000 0.2100 0.2410522 0.2411 1.0000000 1.0000 0.7744465 0.7744 1.0000000 1.0000 1.0000000 237.2800 0.5445133 2.9383 1.0000000 1.0000 1.0 0.0 0.4073082370883261 []
21:07:33 <INFO> Sampled SMILES Cc1[nH]c(c(c1)CN1C[C@@H](C)O[C@H](C)C1)=O failed to sanitize.
21:07:33 <INFO> Sampled SMILES c12cc(-c3ccc(C4=CC[C@@H]5[C@@H]6CC[C@](CC)(O6)C[C@H]5CC=4)cc3)ccc1n(CC)cn2 failed to sanitize.
21:07:36 <INFO> Score: 0.41 Agent NLL: 30.58 Valid:  97% Step: 32
 | Agent Prior Target Score SMILES SMILES_state Scaffold predicted_activity predicted_activity (raw) training_similarity training_similarity (raw) taf_disrupted taf_disrupted (raw) novelty novelty (raw) stereo_validity stereo_validity (raw) MW_window MW_window (raw) synthetic_feasibility synthetic_feasibility (raw) curated alerts filter curated alerts filter (raw) scaffold_novelty (predicted_activity) taf_consistency (predicted_activity) uncertainty (predicted_activity) matchting_patterns (curated alerts filter)
 | 30.8484 34.0827 39.0867 0.5716361 O=C(O)[C@@H]1CCC(=O)N(CCNc2cnccn2)C1 1 O=C1CCCCN1CCNc1cnccn1 0.2850000 0.2850 0.2365250 0.2365 0.6666667 0.6667 0.7634750 0.7635 1.0000000 1.0000 1.0000000 264.2850 0.5431925 2.8805 1.0000000 1.0000 1.0 0.3333333333333333 0.4514144437210666 []
 | 29.3796 30.3821 42.6586 0.5706305 Cc1cccc(CCCNC(=O)c2cc(-c3ccc(F)cc3)no2)c1 1 O=C(NCCCc1ccccc1)c1cc(-c2ccccc2)no1 0.2750000 0.2750 0.2610185 0.2610 0.6666667 0.6667 0.7389815 0.7390 1.0000000 1.0000 1.0000000 338.3820 0.5231107 2.0044 1.0000000 1.0000 1.0 0.3333333333333333 0.4465142774872939 []
 | 32.4032 35.2223 22.9092 0.4541519 COC(=O)[C@@H]1CC(=O)[C@@H]1Nc1ncnc2onc(C)c12 1 O=C1CCC1Nc1ncnc2oncc12 0.1650000 0.1650 0.2812205 0.2812 0.3333333 0.3333 0.7628292 0.7628 1.0000000 1.0000 1.0000000 276.2520 0.5528095 3.6979 1.0000000 1.0000 1.0 0.6666666666666666 0.37118054905934933 []
 | 26.2779 25.4403 -25.4403 0.0000000 CCCC1(CNS(=O)(=O)c2ccc(NN)nc2)CC1 1 O=S(=O)(NCC1CC1)c1cccnc1 0.0000000 0.0000 0.0000000 0.0000 0.0000000 0.0000 0.0000000 0.0000 0.0000000 0.0000 0.0000000 0.0000 0.0000000 0.0000 0.0000000 0.0000 None None None ['[#7;!n][#7;!n]']
 | 31.2104 30.4414 40.3081 0.5527304 CC(=O)Nc1ccc(NC(=O)c2ccc3[nH]c(=O)[nH]c3c2)c(F)c1 1 O=C(Nc1ccccc1)c1ccc2[nH]c(=O)[nH]c2c1 0.2600000 0.2600 0.2005739 0.2006 0.6666667 0.6667 0.8224288 0.8224 1.0000000 1.0000 1.0000000 328.3030 0.5242184 2.0526 1.0000000 1.0000 1.0 0.3333333333333333 0.43863424398922624 []
 | 34.4221 39.1309 31.5441 0.5521481 CCn1ccnc1Sc1ccc(NC(=O)c2ccc(OC)cc2)cc1O 1 O=C(Nc1ccc(Sc2ncc[nH]2)cc1)c1ccccc1 0.2150000 0.2150 0.2812843 0.2813 0.6666667 0.6667 0.7548548 0.7549 1.0000000 1.0000 1.0000000 369.4460 0.5283448 2.2323 1.0000000 1.0000 1.0 0.3333333333333333 0.4108223460329294 []
 | 22.7928 23.9949 51.3035 0.5882687 Cc1cc2c(CC(=O)O)cn(C)c2cc1C 1 c1ccc2[nH]ccc2c1 0.2200000 0.2200 0.2034190 0.2034 1.0000000 1.0000 0.8199099 0.8199 1.0000000 1.0000 1.0000000 217.2680 0.5268103 2.1655 1.0000000 1.0000 1.0 0.0 0.41424630354415964 []
 | 28.6414 30.4799 -29.3261 0.0090147 C/C=C1\C=C(CC)C(=O)NO1 1 C=C1C=CC(=O)NO1 0.1950000 0.1950 0.2602400 0.2602 0.6666667 0.6667 0.7618552 0.7619 1.0000000 1.0000 0.0000000 153.1810 0.5472509 3.9418 1.0000000 1.0000 1.0 0.3333333333333333 0.3962007067131506 []
 | 39.5392 37.2502 -22.8036 0.1128636 N=CC1OCC(C(=O)OCc2ccccc2)=C1OCc1ccccc1 1 O=C(OCc1ccccc1)C1=C(OCc2ccccc2)COC1 0.2250000 0.2250 0.5134962 0.5135 0.6666667 0.6667 0.4865038 0.4865 0.0000000 0.0000 1.0000000 337.3750 0.5481346 3.0970 1.0000000 1.0000 1.0 0.3333333333333333 0.41758232721225164 []
 | 40.4821 41.8338 27.1716 0.5391050 COc1ccc(C(=O)c2c(O)nc3ncccc3c2C)cc1CNC(C)=O 1 O=C(c1ccccc1)c1cnc2ncccc2c1 0.1850000 0.1850 0.2826857 0.2827 0.6666667 0.6667 0.7640267 0.7640 1.0000000 1.0000 1.0000000 365.3890 0.5353025 2.5357 1.0000000 1.0000 1.0 0.3333333333333333 0.3882975663070784 []
21:07:37 <INFO> Sampled SMILES O(Cc1c(c(ncc1)C=C)N)(C)C failed to sanitize.
21:07:40 <INFO> Score: 0.45 Agent NLL: 31.83 Valid:  98% Step: 33
 | Agent Prior Target Score SMILES SMILES_state Scaffold predicted_activity predicted_activity (raw) training_similarity training_similarity (raw) taf_disrupted taf_disrupted (raw) novelty novelty (raw) stereo_validity stereo_validity (raw) MW_window MW_window (raw) synthetic_feasibility synthetic_feasibility (raw) curated alerts filter curated alerts filter (raw) scaffold_novelty (predicted_activity) taf_consistency (predicted_activity) uncertainty (predicted_activity) matchting_patterns (curated alerts filter)
 | 30.5579 32.1239 38.1218 0.5487943 Cc1cc(CNC(=O)Nc2cccc(-c3nc4ccccc4s3)c2)on1 1 O=C(NCc1ccno1)Nc1cccc(-c2nc3ccccc3s2)c1 0.2200000 0.2200 0.2537730 0.2538 0.6666667 0.6667 0.7720196 0.7720 1.0000000 1.0000 1.0000000 364.4300 0.5271940 2.1822 1.0000000 1.0000 1.0 0.3333333333333333 0.4142463035441596 []
 | 26.9024 25.0709 -25.0709 0.0000000 COCCCNC(=O)N(C)C(C)(C)C 1  0.1700000 0.1700 0.2555506 0.2556 0.6666667 0.6667 0.7661464 0.7661 1.0000000 1.0000 1.0000000 202.2980 0.5302454 2.3151 1.0000000 1.0000 1.0 0.3333333333333333 0.375632799419859 []
 | 28.1198 29.7489 45.2614 0.5860185 Cc1ccccc1CN1CCC[C@@]2(CCN(Cc3ccccn3)C2)C1 1 c1ccc(CN2CCCC3(CCN(Cc4ccccn4)C3)C2)cc1 0.1750000 0.1750 0.2790698 0.2791 1.0000000 1.0000 0.7856535 0.7857 1.0000000 1.0000 1.0000000 335.4950 0.5488951 3.1303 1.0000000 1.0000 1.0 0.0 0.3799671038392666 []
 | 25.4111 27.3482 39.8947 0.5253353 Cc1ccnc(Nc2cccc(NS(C)(=O)=O)c2)c1 1 c1ccc(Nc2ccccn2)cc1 0.2050000 0.2050 0.1847873 0.1848 0.6666667 0.6667 0.8332690 0.8333 1.0000000 1.0000 1.0000000 277.3490 0.5225916 1.9818 1.0000000 1.0000 1.0 0.3333333333333333 0.40370162248868907 []
 | 31.6734 29.8898 -18.1001 0.0921068 CC(CCn1cccn1)NCc1ccc(Br)o1 1 c1coc(CNCCCn2cccn2)c1 0.2450000 0.2450 0.2138090 0.2138 0.3333333 0.3333 0.8043441 0.8043 0.0000000 0.0000 1.0000000 298.1840 0.5456470 2.9880 1.0000000 1.0000 1.0 0.6666666666666666 0.43008720046055776 []
 | 32.4211 30.6018 35.4631 0.5161318 Cc1cc(NS(=O)(=O)c2ccc3c(c2)CCCO3)nc(C)n1 1 O=S(=O)(Nc1ccncn1)c1ccc2c(c1)CCCO2 0.1950000 0.1950 0.1648086 0.1648 0.6666667 0.6667 0.8623795 0.8624 1.0000000 1.0000 1.0000000 319.3860 0.5303634 2.3203 1.0000000 1.0000 1.0 0.3333333333333333 0.3962007067131506 []
 | 34.2116 38.3165 37.5665 0.5928362 O=C[C@H]1CC[C@@H]2c3ccccc3[C@@H](c3cccs3)N21 1 c1csc(C2c3ccccc3C3CCCN32)c1 0.1950000 0.1950 0.2602896 0.2603 1.0000000 1.0000 0.7808013 0.7808 1.0000000 1.0000 1.0000000 269.3690 0.5512847 3.7649 1.0000000 1.0000 1.0 0.0 0.3962007067131506 []
 | 26.5820 29.2623 42.4822 0.5605034 CSc1ccc(Oc2[nH]ncc2C)cc1 1 c1ccc(Oc2ccn[nH]2)cc1 0.1800000 0.1800 0.1710798 0.1711 1.0000000 1.0000 0.8799400 0.8799 1.0000000 1.0000 1.0000000 220.2970 0.5356709 2.5518 1.0000000 1.0000 1.0 0.0 0.38418745424597095 []
 | 32.5190 30.6887 47.2879 0.6091925 COCCn1c(SCC(=O)N(C)Cc2ccco2)nnc1-c1ccc(F)cc1 1 O=C(CSc1nnc(-c2ccccc2)[nH]1)NCc1ccco1 0.2300000 0.2300 0.2682129 0.2682 1.0000000 1.0000 0.7678808 0.7679 1.0000000 1.0000 1.0000000 404.4670 0.5301155 2.3095 1.0000000 1.0000 1.0 0.0 0.4208325082500163 []
 | 36.7287 38.7017 32.8077 0.5586672 CN(c1cccc2ccccc12)[C@@H](CCc1ccccc1)CN1CCNCC1 1 c1ccc(CCC(CN2CCNCC2)Nc2cccc3ccccc23)cc1 0.2400000 0.2400 0.2560911 0.2561 0.6666667 0.6667 0.7549285 0.7549 1.0000000 1.0000 1.0000000 373.5440 0.5408603 2.7785 1.0000000 1.0000 1.0 0.3333333333333333 0.4270831300812525 []
21:07:40 <INFO> Sampled SMILES n1c(c(N)c(SCCC)n1)-n1nc(C)cc1 failed to sanitize.
21:07:40 <INFO> Sampled SMILES CCc1n2[C@@H](CC(O)=O)Cn3c(C(Nc4ccc(c(Cl)c4)F)=O)cnc3=Nc2nn1 failed to sanitize.
21:07:40 <INFO> Sampled SMILES C(CC)Cn1c2nc3n(c(nc(c3)N3CCOC[C@@H]3C)=O)c2c(=O)[nH]c1=O failed to sanitize.
21:07:40 <INFO> Sampled SMILES c1c(O)ccc(c1)-c1ccc2=c3c(cc2=c1c1c2ccccc2oc1=3)=O failed to sanitize.
21:07:44 <INFO> Score: 0.37 Agent NLL: 32.63 Valid:  94% Step: 34
 | Agent Prior Target Score SMILES SMILES_state Scaffold predicted_activity predicted_activity (raw) training_similarity training_similarity (raw) taf_disrupted taf_disrupted (raw) novelty novelty (raw) stereo_validity stereo_validity (raw) MW_window MW_window (raw) synthetic_feasibility synthetic_feasibility (raw) curated alerts filter curated alerts filter (raw) scaffold_novelty (predicted_activity) taf_consistency (predicted_activity) uncertainty (predicted_activity) matchting_patterns (curated alerts filter)
 | 25.5163 24.4599 -24.4599 0.0000000 CC(=O)Nc1ccc(NC(C)=O)c(Cl)c1 1 c1ccccc1 0.2150000 0.2150 0.2093520 0.2094 0.6666667 0.6667 0.8209713 0.8210 1.0000000 1.0000 1.0000000 226.6630 0.5141098 1.6129 1.0000000 1.0000 1.0 0.3333333333333333 0.41082234603292944 []
 | 33.3528 34.3854 31.4213 0.5141152 N[C@@H](c1ccncc1)N1CCCSC1=S 1 S=C1SCCCN1Cc1ccncc1 0.2300000 0.2300 0.1144728 0.1145 0.6666667 0.6667 0.8855272 0.8855 1.0000000 1.0000 1.0000000 239.3690 0.5571070 3.5090 1.0000000 1.0000 1.0 0.3333333333333333 0.4208325082500163 []
 | 30.0016 31.5199 40.4456 0.5622299 CCOc1cc2occ(CSc3nnc(C)s3)c(=O)c2cc1C 1 O=c1c(CSc2nncs2)coc2ccccc12 0.1550000 0.1550 0.2414726 0.2415 1.0000000 1.0000 0.7727157 0.7727 1.0000000 1.0000 1.0000000 348.4490 0.5358155 2.5581 1.0000000 1.0000 1.0 0.0 0.36190468358395134 []
 | 33.7735 34.4241 37.9305 0.5652705 COc1ccc(/C=C2\CCCc3ccc(Cn4cccn4)cc32)cc1 1 C(=C1CCCc2ccc(Cn3cccn3)cc21)c1ccccc1 0.1600000 0.1600 0.2363516 0.2364 1.0000000 1.0000 0.8140038 0.8140 1.0000000 1.0000 1.0000000 330.4310 0.5293961 2.2781 1.0000000 1.0000 1.0 0.0 0.36660605559646714 []
 | 28.1658 28.1159 -27.8904 0.0017619 C=C1CCC(C2(C)CO2)O1 1 C=C1CCC(C2CO2)O1 0.1100000 0.1100 0.3354102 0.3354 1.0000000 1.0000 0.6645898 0.6646 0.0000000 0.0000 0.0000000 140.1820 0.5350631 4.4747 1.0000000 1.0000 1.0 0.0 0.31288975694324034 []
 | 43.0686 43.9893 29.8022 0.5764959 C[C@@H]1CN(c2ccc(C(=O)Nc3sccc3CNc3ccccn3)cc2)CCN1 1 O=C(Nc1sccc1CNc1ccccn1)c1ccc(N2CCNCC2)cc1 0.2850000 0.2850 0.2590397 0.2590 0.6666667 0.6667 0.7409603 0.7410 1.0000000 1.0000 1.0000000 407.5430 0.5449462 2.9573 1.0000000 1.0000 1.0 0.3333333333333333 0.4514144437210666 []
 | 29.3454 31.2675 38.1492 0.5423177 COc1ccc(Oc2ncnc(N3C[C@@H]4CC[C@H]3C4)c2[N+](=O)[O-])cc1 1 c1ccc(Oc2cc(N3CC4CCC3C4)ncn2)cc1 0.1250000 0.1250 0.2296397 0.2296 1.0000000 1.0000 0.8338974 0.8339 1.0000000 1.0000 1.0000000 342.3550 0.5489256 3.8684 1.0000000 1.0000 1.0 0.0 0.33071891388307384 []
 | 24.5507 26.0143 42.0764 0.5319584 CCOc1ccc(NC(=O)Cn2cnc3sc(C)c(C)c3c2=O)cc1 1 O=C(Cn1cnc2sccc2c1=O)Nc1ccccc1 0.1800000 0.1800 0.2656199 0.2656 0.6666667 0.6667 0.7727157 0.7727 1.0000000 1.0000 1.0000000 357.4350 0.5242917 2.0558 1.0000000 1.0000 1.0 0.3333333333333333 0.38418745424597095 []
 | 35.6808 36.1366 29.5533 0.5132023 FC(F)(F)c1cccnc1N1CC[C@@H](OC[C@@H]2CSCCN2)C1 1 c1ccc(N2CCC(OCC3CSCCN3)C2)nc1 0.1550000 0.1550 0.2252416 0.2252 0.6666667 0.6667 0.8069310 0.8069 1.0000000 1.0000 1.0000000 347.4060 0.5539865 3.6462 1.0000000 1.0000 1.0 0.3333333333333333 0.36190468358395134 []
 | 26.4670 33.8857 -32.7104 0.0091813 CCCCCCCC(=O)NCc1ccc([C@H]2O[C@@H](CN3CCC(c4ccc(CO)cc4)CC3)C[C@@H](c3ccc(CO)cc3)O2)cc1 1 c1ccc(C2CCN(CC3CC(c4ccccc4)OC(c4ccccc4)O3)CC2)cc1 0.1850000 0.1850 0.3323252 0.3323 0.6666667 0.6667 0.7510267 0.7510 1.0000000 1.0000 0.0000000 628.8540 0.5544941 3.6239 1.0000000 1.0000 1.0 0.3333333333333333 0.38829756630707846 []
21:07:48 <INFO> Score: 0.40 Agent NLL: 31.65 Valid: 100% Step: 35
 | Agent Prior Target Score SMILES SMILES_state Scaffold predicted_activity predicted_activity (raw) training_similarity training_similarity (raw) taf_disrupted taf_disrupted (raw) novelty novelty (raw) stereo_validity stereo_validity (raw) MW_window MW_window (raw) synthetic_feasibility synthetic_feasibility (raw) curated alerts filter curated alerts filter (raw) scaffold_novelty (predicted_activity) taf_consistency (predicted_activity) uncertainty (predicted_activity) matchting_patterns (curated alerts filter)
 | 28.6671 32.2373 32.8050 0.5081428 C[C@@H]1CN(c2ccc3c(c2)[C@H](O)CC3)C[C@H](C)N1 1 c1cc2c(cc1N1CCNCC1)CCC2 0.1650000 0.1650 0.1804387 0.1804 0.6666667 0.6667 0.8456967 0.8457 1.0000000 1.0000 1.0000000 246.3540 0.5564445 3.5382 1.0000000 1.0000 1.0 0.3333333333333333 0.37118054905934933 []
 | 36.5573 35.7514 26.5208 0.4865018 CCOC(=O)c1sc(NC(=O)c2cc([N+](=O)[O-])ccc2OCC)c2ccccc12 1 O=C(Nc1scc2ccccc12)c1ccccc1 0.2550000 0.2550 0.2786181 0.2786 0.3333333 0.3333 0.7290168 0.7290 1.0000000 1.0000 1.0000000 414.4390 0.5307460 2.3370 1.0000000 1.0000 1.0 0.6666666666666666 0.43586121644395015 []
 | 38.1908 36.4610 -35.5151 0.0073895 CCOc1cc(/C=C2\N=C(c3cc(OC)ccc3OC)OC2=O)ccc1OCC(=O)Nc1ccc(Cl)c(Cl)c1 1 O=C(COc1ccc(C=C2N=C(c3ccccc3)OC2=O)cc1)Nc1ccccc1 0.1500000 0.1500 0.2702264 0.2702 0.3333333 0.3333 0.7641894 0.7642 1.0000000 1.0000 0.0000000 571.4130 0.5350091 2.5229 1.0000000 1.0000 1.0 0.6666666666666666 0.3570714214271425 []
 | 32.3928 31.9326 40.7420 0.5677701 Cc1ccc(-c2cc(C(=O)N[C@H](C)CCc3ccc(F)cc3)[nH]n2)cc1 1 O=C(NCCCc1ccccc1)c1cc(-c2ccccc2)n[nH]1 0.2900000 0.2900 0.2166916 0.2167 0.6666667 0.6667 0.7841795 0.7842 1.0000000 1.0000 1.0000000 351.4250 0.5338350 2.4717 1.0000000 1.0000 1.0 0.3333333333333333 0.4537620521815371 []
 | 34.2689 34.4492 -21.1726 0.1037236 C=Cc1c(C)nn2c1NCC(CCC)C2 1 c1cc2n(n1)CCCN2 0.1800000 0.1800 0.2571428 0.2571 0.6666667 0.6667 0.7908350 0.7908 0.0000000 0.0000 1.0000000 205.3050 0.5465376 3.9730 1.0000000 1.0000 1.0 0.3333333333333333 0.38418745424597095 []
 | 32.7354 32.2863 23.8631 0.4386671 CNS(=O)(=O)c1ccc(C)c(NC(=O)C(C)(C)c2ccc(Br)cc2)c1 1 O=C(Cc1ccccc1)Nc1ccccc1 0.1900000 0.1900 0.1587768 0.1588 0.3333333 0.3333 0.8731634 0.8732 1.0000000 1.0000 1.0000000 425.3480 0.5272396 2.1842 1.0000000 1.0000 1.0 0.6666666666666666 0.39230090491866065 []
 | 22.7979 24.8174 44.9964 0.5454206 COC(=O)[C@@H]1CCCN(c2nnnn2-c2ccccc2)C1 1 c1ccc(-n2nnnc2N2CCCCC2)cc1 0.1950000 0.1950 0.2955309 0.2955 0.6666667 0.6667 0.7304213 0.7304 1.0000000 1.0000 1.0000000 287.3230 0.5369875 2.6093 1.0000000 1.0000 1.0 0.3333333333333333 0.3962007067131506 []
 | 31.6979 32.9184 -32.9184 0.0000000 C(=N\Nc1nc(-c2ccncc2)c(-n2cccc2)s1)/c1ccncc1 1 C(=NNc1nc(-c2ccncc2)c(-n2cccc2)s1)c1ccncc1 0.0000000 0.0000 0.0000000 0.0000 0.0000000 0.0000 0.0000000 0.0000 0.0000000 0.0000 0.0000000 0.0000 0.0000000 0.0000 0.0000000 0.0000 None None None ['[#7;!n][#7;!n]']
 | 24.5725 25.5739 34.5170 0.4694607 COc1ccccc1CCC(=O)O[C@H](C)C(=O)NC1CC1 1 O=C(COC(=O)CCc1ccccc1)NC1CC1 0.1850000 0.1850 0.3398193 0.3398 0.3333333 0.3333 0.7242233 0.7242 1.0000000 1.0000 1.0000000 291.3470 0.5296502 2.2892 1.0000000 1.0000 1.0 0.6666666666666666 0.3882975663070784 []
 | 50.9201 52.2370 20.5532 0.5686736 Cc1nc(-c2c(F)cc([C@H](NC(=O)c3cc4c(cnn4C)cc3O)C(C)(C)C)cc2F)no1 1 O=C(NCc1ccc(-c2ncon2)cc1)c1ccc2cn[nH]c2c1 0.2800000 0.2800 0.2219484 0.2219 0.6666667 0.6667 0.7899097 0.7899 1.0000000 1.0000 1.0000000 455.4650 0.5567994 3.4775 1.0000000 1.0000 1.0 0.3333333333333333 0.44899888641287294 []
21:07:48 <INFO> Sampled SMILES c12c(c(c(C)cc2)OCC)sc(c1)=S failed to sanitize.
21:07:48 <INFO> Sampled SMILES c12c3c(ccc1)c(C)ccc3c1c(c2CC)cc(cc1)C failed to sanitize.
21:07:48 <INFO> Sampled SMILES C1(=O)C2[C@@H](C(=O)OCC)[C@@](C=1C)(c1c(cccc1)F)C=C2 failed to sanitize.
21:07:52 <INFO> Score: 0.39 Agent NLL: 31.91 Valid:  94% Step: 36
 | Agent Prior Target Score SMILES SMILES_state Scaffold predicted_activity predicted_activity (raw) training_similarity training_similarity (raw) taf_disrupted taf_disrupted (raw) novelty novelty (raw) stereo_validity stereo_validity (raw) MW_window MW_window (raw) synthetic_feasibility synthetic_feasibility (raw) curated alerts filter curated alerts filter (raw) scaffold_novelty (predicted_activity) taf_consistency (predicted_activity) uncertainty (predicted_activity) matchting_patterns (curated alerts filter)
 | 26.7523 28.4511 -13.2768 0.1185497 c1ccc(Cn2ccnc2C2CCC3CCCCN32)cc1 1 c1ccc(Cn2ccnc2C2CCC3CCCCN32)cc1 0.2200000 0.2200 0.2926829 0.2927 1.0000000 1.0000 0.7175771 0.7176 0.0000000 0.0000 1.0000000 281.4030 0.5461472 3.0099 1.0000000 1.0000 1.0 0.0 0.41424630354415964 []
 | 33.0960 36.4795 32.0540 0.5354181 COc1ccc(OC)c(-c2noc(COc3cc(N4CCCC4)nc(C)n3)n2)c1 1 c1ccc(-c2noc(COc3cc(N4CCCC4)ncn3)n2)cc1 0.1250000 0.1250 0.2125256 0.2125 1.0000000 1.0000 0.8210251 0.8210 1.0000000 1.0000 1.0000000 397.4350 0.5335267 2.4582 1.0000000 1.0000 1.0 0.0 0.33071891388307384 []
 | 23.1983 24.1972 43.3583 0.5277777 Cn1c([C@H]2CCCCN2)nc2ccccc21 1 c1ccc2[nH]c(C3CCCCN3)nc2c1 0.1900000 0.1900 0.2111855 0.2112 0.6666667 0.6667 0.8332690 0.8333 1.0000000 1.0000 1.0000000 215.3000 0.5383953 2.6708 1.0000000 1.0000 1.0 0.3333333333333333 0.39230090491866065 []
 | 77.1370 84.4785 -84.4785 0.0000000 C=C(OC(=O)C1=CC[C@@]2(O)[C@H](C1)[C@]13CCC[C@@]2(CC[C@]2(C)c4c(ccc(O)c4C)C[C@H]12)[C@@H](C)O3)/C(O)=C/C 1 C1=CCC2C(C1)C13CCCC2(OC1)C1Cc2ccccc2C1CC3 0.0000000 0.0000 0.0000000 0.0000 0.0000000 0.0000 0.0000000 0.0000 0.0000000 0.0000 0.0000000 0.0000 0.0000000 0.0000 0.0000000 0.0000 None None None ['[*;r{8-17}]']
 | 28.0707 30.0276 50.6889 0.6305975 O=[N+]([O-])c1cccc(CN2CC[C@@H]3OCCC[C@H]32)c1 1 c1ccc(CN2CCC3OCCCC32)cc1 0.2550000 0.2550 0.3132758 0.3133 1.0000000 1.0000 0.7209595 0.7210 1.0000000 1.0000 1.0000000 262.3090 0.5452960 2.9726 1.0000000 1.0000 1.0 0.0 0.43586121644395015 []
 | 28.8820 30.1438 44.4657 0.5828864 Cc1nc([C@@H]2CCCN2C(=O)c2ccccc2F)nc(C)c1C 1 O=C(c1ccccc1)N1CCCC1c1ncccn1 0.1900000 0.1900 0.2353104 0.2353 1.0000000 1.0000 0.7970615 0.7971 1.0000000 1.0000 1.0000000 313.3760 0.5391543 2.7039 1.0000000 1.0000 1.0 0.0 0.39230090491866065 []
 | 27.6758 28.2985 43.2876 0.5592669 COc1cccc(CN(C(=O)COc2ccccc2Cl)[C@H](C)C(=O)NC2CCCC2)c1 1 O=C(CN(Cc1ccccc1)C(=O)COc1ccccc1)NC1CCCC1 0.2250000 0.2250 0.3022130 0.3022 0.6666667 0.6667 0.6977870 0.6978 1.0000000 1.0000 1.0000000 444.9590 0.5379175 2.6499 1.0000000 1.0000 1.0 0.3333333333333333 0.41758232721225164 []
 | 29.9730 33.3380 23.2132 0.4418061 C=CCOc1nc(N)ncc1Cc1ccc(Br)cc1 1 c1ccc(Cc2cncnc2)cc1 0.1350000 0.1350 0.3016247 0.3016 0.3333333 0.3333 0.8133167 0.8133 1.0000000 1.0000 1.0000000 320.1900 0.5335457 2.4591 1.0000000 1.0000 1.0 0.6666666666666666 0.34172357249683555 []
 | 27.8613 28.7833 39.1794 0.5309586 CNc1cc(-c2ccc3ccccc3c2)nc2ccccc12 1 c1ccc2cc(-c3ccc4ccccc4n3)ccc2c1 0.2150000 0.2150 0.1903045 0.1903 0.6666667 0.6667 0.8282908 0.8283 1.0000000 1.0000 1.0000000 284.3620 0.5193596 1.8412 1.0000000 1.0000 1.0 0.3333333333333333 0.41082234603292944 []
 | 40.0270 40.4734 32.3218 0.5687126 C=C(C)O[C@H](C)[C@@H](c1ccc(OC)cc1)C1OC(C)(C)O1 1 c1ccc(CC2OCO2)cc1 0.1250000 0.1250 0.3894904 0.3895 1.0000000 1.0000 0.6959832 0.6960 1.0000000 1.0000 1.0000000 292.3750 0.5532525 3.6785 1.0000000 1.0000 1.0 0.0 0.33071891388307384 []
21:07:52 <INFO> Sampled SMILES c1(=O)c2nc3c(nc2[nH]c1/C=C/c1ccc(F)cc1)ccc(F)c3 failed to sanitize.
21:07:56 <INFO> Score: 0.44 Agent NLL: 32.96 Valid:  98% Step: 37
 | Agent Prior Target Score SMILES SMILES_state Scaffold predicted_activity predicted_activity (raw) training_similarity training_similarity (raw) taf_disrupted taf_disrupted (raw) novelty novelty (raw) stereo_validity stereo_validity (raw) MW_window MW_window (raw) synthetic_feasibility synthetic_feasibility (raw) curated alerts filter curated alerts filter (raw) scaffold_novelty (predicted_activity) taf_consistency (predicted_activity) uncertainty (predicted_activity) matchting_patterns (curated alerts filter)
 | 29.6469 33.1417 34.9154 0.5316968 Cc1cnc(Oc2cccc([C@]3(C)N=C(N)N(C)C3=O)c2)cn1 1 O=C1NC=NC1c1cccc(Oc2cnccn2)c1 0.1700000 0.1700 0.2763188 0.2763 0.6666667 0.6667 0.7697344 0.7697 1.0000000 1.0000 1.0000000 311.3450 0.5510941 3.2268 1.0000000 1.0000 1.0 0.3333333333333333 0.375632799419859 []
 | 44.2514 45.6095 -31.0883 0.1134471 CCc1c(Oc2ccc3n(c2=O)C(C)CCC3)cncc1C(=O)O 1 O=c1c(Oc2cccnc2)ccc2n1CCCC2 0.1800000 0.1800 0.2562489 0.2562 1.0000000 1.0000 0.7697954 0.7698 0.0000000 0.0000 1.0000000 328.3680 0.5549036 3.3941 1.0000000 1.0000 1.0 0.0 0.38418745424597095 []
 | 42.7383 47.7719 22.8557 0.5517785 C/C=C/C(=O)N1Cc2ccccc2CC1C(=O)N[C@@H](Cc1ccccc1)[C@H](O)CN(C)CC 1 O=C(NCCc1ccccc1)C1Cc2ccccc2CN1 0.2500000 0.2500 0.3022130 0.3022 0.6666667 0.6667 0.6977870 0.6978 0.6666667 0.6667 1.0000000 449.5950 0.5567854 3.5232 1.0000000 1.0000 1.0 0.3333333333333333 0.4330127018922193 []
 | 23.2530 26.5468 43.0047 0.5433708 COc1ccc(NC(=O)c2cc(Nc3ccccc3OC)ncn2)cc1 1 O=C(Nc1ccccc1)c1cc(Nc2ccccc2)ncn1 0.2000000 0.2000 0.2768183 0.2768 0.6666667 0.6667 0.7549285 0.7549 1.0000000 1.0000 1.0000000 350.3780 0.5217509 1.9452 1.0000000 1.0000 1.0 0.3333333333333333 0.4000000000000001 []
 | 40.2359 41.9439 30.2577 0.5640744 Cc1cc(-c2nn(C)c3cc(C(C)(C)C)cc(C)c23)cc(O)c1C 1 c1ccc(-c2n[nH]c3ccccc23)cc1 0.2100000 0.2100 0.1409710 0.1410 1.0000000 1.0000 0.8799400 0.8799 1.0000000 1.0000 1.0000000 322.4520 0.5378675 2.6477 1.0000000 1.0000 1.0 0.0 0.40730823708832603 []
 | 49.4522 51.1078 22.4279 0.5744981 CC=C(C)c1ccnc(-c2ccc3c(c2)c2ccccc2n3-c2cc(-c3cccnc3)cc(-c3cccnc3)c2)n1 1 c1cnc(-c2ccc3c(c2)c2ccccc2n3-c2cc(-c3cccnc3)cc(-c3cccnc3)c2)nc1 0.1750000 0.1750 0.2282767 0.2283 1.0000000 1.0000 0.8299795 0.8300 1.0000000 1.0000 1.0000000 529.6470 0.5430431 2.8740 1.0000000 1.0000 1.0 0.0 0.3799671038392666 []
 | 27.7664 30.6757 42.8447 0.5743778 c1ccc2sc(CCCCc3nc(-c4cscn4)no3)nc2c1 1 c1ccc2sc(CCCCc3nc(-c4cscn4)no3)nc2c1 0.1950000 0.1950 0.1982726 0.1983 1.0000000 1.0000 0.8017274 0.8017 1.0000000 1.0000 1.0000000 342.4490 0.5358520 2.5597 1.0000000 1.0000 1.0 0.0 0.3962007067131506 []
 | 30.4837 31.1961 -18.3819 0.1001111 O=P(O)(C#Cc1ccccn1)OCCO 1 c1ccncc1 0.3150000 0.3150 0.3334620 0.3335 0.3333333 0.3333 0.6665380 0.6665 0.0000000 0.0000 1.0000000 227.1560 0.5545542 3.6213 1.0000000 1.0000 1.0 0.6666666666666666 0.46451587701606073 []
 | 32.4380 33.4777 37.8209 0.5570206 O=C1/C(=C/c2cccc(Br)c2)CC/C1=C\c1cc(Br)ccc1O 1 O=C1C(=Cc2ccccc2)CCC1=Cc1ccccc1 0.2550000 0.2550 0.2256890 0.2257 0.6666667 0.6667 0.7743110 0.7743 1.0000000 1.0000 1.0000000 434.1270 0.5341946 2.4874 1.0000000 1.0000 1.0 0.3333333333333333 0.43586121644395015 []
 | 28.8574 29.7014 -15.1569 0.1136293 CC(=O)c1cn(C2CCCCO2)c2nc[nH]c(=O)c12 1 O=c1[nH]cnc2c1ccn2C1CCCCO1 0.1650000 0.1650 0.3111111 0.3111 1.0000000 1.0000 0.7278345 0.7278 0.0000000 0.0000 1.0000000 261.2810 0.5511938 3.2311 1.0000000 1.0000 1.0 0.0 0.37118054905934933 []
21:07:56 <INFO> Sampled SMILES [N+](c1cc(ccc1N1CCN(CC1)CC)/C=C1\C(=O)NC(=O)S1)(=O)=O failed to sanitize.
21:07:56 <INFO> Sampled SMILES O=C(OC(C)(C)C)C[C@H](C(C)C)C[C@@]1([C@H]2C(C[C@H]([C@]3([C@H]2[C@H](C[C@@H]3O)[C@@]([C@H](OC)OC)(C)O)/C=C/C=C(C)C)O)=O)OC([C@H](O)[C@H](C)O)=O1 failed to sanitize.
21:08:00 <INFO> Score: 0.45 Agent NLL: 33.91 Valid:  97% Step: 38
 | Agent Prior Target Score SMILES SMILES_state Scaffold predicted_activity predicted_activity (raw) training_similarity training_similarity (raw) taf_disrupted taf_disrupted (raw) novelty novelty (raw) stereo_validity stereo_validity (raw) MW_window MW_window (raw) synthetic_feasibility synthetic_feasibility (raw) curated alerts filter curated alerts filter (raw) scaffold_novelty (predicted_activity) taf_consistency (predicted_activity) uncertainty (predicted_activity) matchting_patterns (curated alerts filter)
 | 30.3165 33.2221 35.6152 0.5377907 Cc1cccc(Nc2cc(Nc3ccc(S(=O)(=O)O)cc3)nc(C)n2)c1 1 c1ccc(Nc2cc(Nc3ccccc3)ncn2)cc1 0.2350000 0.2350 0.1807426 0.1807 0.6666667 0.6667 0.8399858 0.8400 1.0000000 1.0000 1.0000000 370.4340 0.5276792 2.2033 1.0000000 1.0000 1.0 0.3333333333333333 0.4239988207530771 []
 | 32.8430 31.6341 35.6901 0.5259704 CC(C)CC[C@H](O)C(C(=O)OCc1ccccc1)C(=O)OCc1ccccc1 1 O=C(CC(=O)OCc1ccccc1)OCc1ccccc1 0.3200000 0.3200 0.4649906 0.4650 0.3333333 0.3333 0.5350094 0.5350 1.0000000 1.0000 1.0000000 384.4720 0.5372709 2.6217 1.0000000 1.0000 1.0 0.6666666666666666 0.466476151587624 []
 | 36.3937 38.5102 31.3766 0.5459908 COc1cccc([C@@H]2[C@H](C(C)(C)C)OC[C@@H]3CCOCN32)c1 1 c1ccc(C2COCC3CCOCN32)cc1 0.1150000 0.1150 0.2867073 0.2867 1.0000000 1.0000 0.7927609 0.7928 1.0000000 1.0000 1.0000000 305.4180 0.5503350 3.8065 1.0000000 1.0000 1.0 0.0 0.3190219428189855 []
 | 28.5971 28.1873 -28.1873 0.0000000 CCCC(=N)c1ccc(CNC(=O)OC(C)(C)C)cc1 1 c1ccccc1 0.2000000 0.2000 0.2500965 0.2501 0.3333333 0.3333 0.7567568 0.7568 1.0000000 1.0000 1.0000000 276.3800 0.5283473 2.2324 1.0000000 1.0000 1.0 0.6666666666666666 0.4 []
 | 25.9137 27.1243 49.1443 0.5958484 Cc1ccc(C(=O)c2cnn3ccccc23)cc1C 1 O=C(c1ccccc1)c1cnn2ccccc12 0.2400000 0.2400 0.2005649 0.2006 1.0000000 1.0000 0.8108108 0.8108 1.0000000 1.0000 1.0000000 250.3010 0.5251428 2.0929 1.0000000 1.0000 1.0 0.0 0.4270831300812524 []
 | 47.6002 48.8931 15.8557 0.5058502 C=C(CO)[C@@H]1CCC(C)=C2C(=O)[C@@]3(C)C[C@@H](C[C@@H]3C)[C@@]21C 1 O=C1C2=CCCCC2C2CCC1C2 0.1400000 0.1400 0.2652335 0.2652 0.6666667 0.6667 0.7494193 0.7494 1.0000000 1.0000 1.0000000 288.4310 0.5082899 5.6399 1.0000000 1.0000 1.0 0.3333333333333333 0.34698703145794946 []
 | 50.8276 55.2347 15.8790 0.5555759 CCOc1cc(Cl)cc2cc3c(cc12)CN(c1ccccc1CN1C[C@@H](O)C[C@H]1C(=O)O)C3=O 1 O=C1c2cc3ccccc3cc2CN1c1ccccc1CN1CCCC1 0.2150000 0.2150 0.2912876 0.2913 0.6666667 0.6667 0.7166944 0.7167 1.0000000 1.0000 1.0000000 480.9480 0.5564798 3.4634 1.0000000 1.0000 1.0 0.3333333333333333 0.4108223460329294 []
 | 41.2073 43.8777 23.7592 0.5284131 CN(C)C1=C(c2ccccc2N)C[C@H]2CC=CCN2C1 1 C1=CCN2CC=C(c3ccccc3)CC2C1 0.1950000 0.1950 0.1975459 0.1975 0.6666667 0.6667 0.8440374 0.8440 1.0000000 1.0000 1.0000000 269.3920 0.5538657 3.6515 1.0000000 1.0000 1.0 0.3333333333333333 0.3962007067131506 []
 | 24.5837 26.0666 45.1500 0.5563802 CCOC(=O)c1ccc(CN2CCN(c3ccc(O)cc3)CC2)cc1 1 c1ccc(CN2CCN(c3ccccc3)CC2)cc1 0.2250000 0.2250 0.2893457 0.2893 0.6666667 0.6667 0.7400624 0.7401 1.0000000 1.0000 1.0000000 340.4230 0.5176753 1.7679 1.0000000 1.0000 1.0 0.3333333333333333 0.41758232721225164 []
 | 35.5422 36.0343 28.7699 0.5062828 Cc1cc(Nc2ccc(C=O)cc2)n2nc(-c3cccc(C(F)(F)F)c3)nc2n1 1 c1ccc(Nc2ccnc3nc(-c4ccccc4)nn23)cc1 0.2000000 0.2000 0.1299444 0.1299 0.6666667 0.6667 0.8860098 0.8860 1.0000000 1.0000 1.0000000 397.3600 0.5343823 2.4956 1.0000000 1.0000 1.0 0.3333333333333333 0.4000000000000001 []
21:08:00 <INFO> Sampled SMILES c12cc(OCCc3oc(C)cc3)ccc1oc1-c(c2c1)(O)O failed to sanitize.
21:08:00 <INFO> Sampled SMILES N1=c2n([C@H](c3cc(I)c(cc3)OC)C=1C(OCC)=O)c(=O)/c(=C/c1cccc([N+]([O-])=O)c1)s2 failed to sanitize.
21:08:00 <INFO> Sampled SMILES C1CN(SC1)c1c(n(/C=C2/c3c(cccc3-n3c(nnn3)C)NC2)c(F)c1)=O failed to sanitize.
21:08:00 <INFO> Sampled SMILES c12c(c(C[C@H](NC(=O)[C@H]3C[C@H]3[N+]([O-])=O)B(O)O)cc1)cccc2 failed to sanitize.
21:08:00 <INFO> Sampled SMILES c1ccc2c(nc(=O)c3[N+](=C(C=C3C=C)CC)c2c1)/C=C/C failed to sanitize.
21:08:03 <INFO> Score: 0.42 Agent NLL: 31.52 Valid:  92% Step: 39
 | Agent Prior Target Score SMILES SMILES_state Scaffold predicted_activity predicted_activity (raw) training_similarity training_similarity (raw) taf_disrupted taf_disrupted (raw) novelty novelty (raw) stereo_validity stereo_validity (raw) MW_window MW_window (raw) synthetic_feasibility synthetic_feasibility (raw) curated alerts filter curated alerts filter (raw) scaffold_novelty (predicted_activity) taf_consistency (predicted_activity) uncertainty (predicted_activity) matchting_patterns (curated alerts filter)
 | 27.8415 27.0205 40.6244 0.5284759 O=C1C[C@@H](C(F)(F)F)c2ccc(F)cc2N1 1 O=C1CCc2ccccc2N1 0.1850000 0.1850 0.2295390 0.2295 0.6666667 0.6667 0.7704610 0.7705 1.0000000 1.0000 1.0000000 233.1640 0.5483116 3.1047 1.0000000 1.0000 1.0 0.3333333333333333 0.38829756630707846 []
 | 31.7778 33.1404 36.9442 0.5475355 Cc1ccc(N2C(=O)CNC[C@@H]2C)cc1I 1 O=C1CNCCN1c1ccccc1 0.2300000 0.2300 0.2166446 0.2166 0.6666667 0.6667 0.8038839 0.8039 1.0000000 1.0000 1.0000000 330.1690 0.5498764 3.1733 1.0000000 1.0000 1.0 0.3333333333333333 0.4208325082500163 []
 | 31.4310 31.5232 42.6088 0.5791565 CCc1nnc(CN(CC(=O)O)Cc2cccc(OC)c2)s1 1 c1ccc(CNCc2nncs2)cc1 0.1650000 0.1650 0.3045001 0.3045 1.0000000 1.0000 0.7059142 0.7059 1.0000000 1.0000 1.0000000 321.4020 0.5300910 2.3084 1.0000000 1.0000 1.0 0.0 0.37118054905934933 []
 | 25.0826 25.7083 45.9061 0.5594873 CC1CCN(C(=O)c2cc(Cl)c(Cl)cn2)CC1 1 O=C(c1ccccn1)N1CCCCC1 0.1600000 0.1600 0.2169305 0.2169 1.0000000 1.0000 0.8121327 0.8121 1.0000000 1.0000 1.0000000 273.1630 0.5265306 2.1533 1.0000000 1.0000 1.0 0.0 0.36660605559646714 []
 | 31.7944 34.2089 35.6324 0.5456354 COc1ccccc1[C@H]1CCC(N2CCC(C(=O)O)CC2)C1 1 c1ccc(C2CCC(N3CCCCC3)C2)cc1 0.1650000 0.1650 0.2946194 0.2946 1.0000000 1.0000 0.7432519 0.7433 0.5000000 0.5000 1.0000000 303.4020 0.5407909 2.7755 1.0000000 1.0000 1.0 0.0 0.37118054905934933 []
 | 25.4049 27.3427 47.2383 0.5826642 CN1C(=CC(=O)c2ccncc2)Sc2ccccc21 1 O=C(C=C1Nc2ccccc2S1)c1ccncc1 0.2100000 0.2100 0.2005649 0.2006 1.0000000 1.0000 0.8108108 0.8108 1.0000000 1.0000 1.0000000 268.3410 0.5316280 2.3754 1.0000000 1.0000 1.0 0.0 0.4073082370883261 []
 | 32.4829 33.9381 38.9033 0.5690734 CN1CCN(c2ccc(Cl)cc2NC(=O)CN2C(=O)N[C@](C)(CCc3ccccc3)C2=O)CC1 1 O=C(CN1C(=O)NC(CCc2ccccc2)C1=O)Nc1ccccc1N1CCNCC1 0.2350000 0.2350 0.3149997 0.3150 0.6666667 0.6667 0.7453142 0.7453 1.0000000 1.0000 1.0000000 484.0000 0.5410963 2.7888 1.0000000 1.0000 1.0 0.3333333333333333 0.4239988207530771 []
 | 28.5411 28.7660 37.9349 0.5211007 COc1cccc(NC(=O)CSc2nnc(-c3ccccc3OC)n2Cc2ccco2)c1 1 O=C(CSc1nnc(-c2ccccc2)n1Cc1ccco1)Nc1ccccc1 0.1600000 0.1600 0.2615344 0.2615 0.6666667 0.6667 0.7895087 0.7895 1.0000000 1.0000 1.0000000 450.5200 0.5271604 2.1807 1.0000000 1.0000 1.0 0.3333333333333333 0.36660605559646714 []
 | 27.3203 27.4253 46.8617 0.5803677 FC(F)(F)c1ccc(-c2cccc(C=Cc3ccccc3)c2)cc1 1 C(=Cc1cccc(-c2ccccc2)c1)c1ccccc1 0.2200000 0.2200 0.1831688 0.1832 1.0000000 1.0000 0.8168312 0.8168 1.0000000 1.0000 1.0000000 324.3450 0.5191848 1.8336 1.0000000 1.0000 1.0 0.0 0.41424630354415964 []
 | 32.5204 30.9182 -30.9182 0.0000000 CSCC[C@H](NS(=O)(=O)c1ccccc1)C(=O)N/N=C\c1c[nH]c2ccccc12 1 O=C(CNS(=O)(=O)c1ccccc1)NN=Cc1c[nH]c2ccccc12 0.0000000 0.0000 0.0000000 0.0000 0.0000000 0.0000 0.0000000 0.0000 0.0000000 0.0000 0.0000000 0.0000 0.0000000 0.0000 0.0000000 0.0000 None None None ['[#7;!n][#7;!n]']
21:08:07 <INFO> Score: 0.44 Agent NLL: 30.71 Valid: 100% Step: 40
 | Agent Prior Target Score SMILES SMILES_state Scaffold predicted_activity predicted_activity (raw) training_similarity training_similarity (raw) taf_disrupted taf_disrupted (raw) novelty novelty (raw) stereo_validity stereo_validity (raw) MW_window MW_window (raw) synthetic_feasibility synthetic_feasibility (raw) curated alerts filter curated alerts filter (raw) scaffold_novelty (predicted_activity) taf_consistency (predicted_activity) uncertainty (predicted_activity) matchting_patterns (curated alerts filter)
 | 25.5819 25.9831 -25.0055 0.0076368 CC/C=C\C/C=C\C/C=C\C/C=C\C/C=C\CCCC(=O)OC[C@H](CO)OC(=O)CCCCCCC/C=C/CCCCCC 1  0.1600000 0.1600 0.3351005 0.3351 0.3333333 0.3333 0.7034599 0.7035 1.0000000 1.0000 0.0000000 612.9360 0.5499895 3.8217 1.0000000 1.0000 1.0 0.6666666666666666 0.36660605559646714 []
 | 43.0807 45.6108 -45.6108 0.0000000 N[S@@+]([O-])/C=C/[C@@H](NC(=O)[C@@H]1CCOC1)c1ccc(F)cc1 1 O=C(NCc1ccccc1)C1CCOC1 0.0000000 0.0000 0.0000000 0.0000 0.0000000 0.0000 0.0000000 0.0000 0.0000000 0.0000 0.0000000 0.0000 0.0000000 0.0000 0.0000000 0.0000 None None None ['[#7;!n][S;!$(S(=O)=O)]']
 | 32.4620 31.8915 41.7258 0.5751354 O=C(NC[C@H]1SCCN1C(=O)c1ccccc1)c1ccoc1 1 O=C(NCC1SCCN1C(=O)c1ccccc1)c1ccoc1 0.2650000 0.2650 0.2940858 0.2941 0.6666667 0.6667 0.7059142 0.7059 1.0000000 1.0000 1.0000000 316.3820 0.5434939 2.8937 1.0000000 1.0000 1.0 0.3333333333333333 0.4413332074521472 []
 | 32.4703 35.0247 -35.0247 0.0000000 Cc1ccnc(SSc2ccn3cnnc3n2)n1 1 c1cnc(SSc2ccn3cnnc3n2)nc1 0.0000000 0.0000 0.0000000 0.0000 0.0000000 0.0000 0.0000000 0.0000 0.0000000 0.0000 0.0000000 0.0000 0.0000000 0.0000 0.0000000 0.0000 None None None ['[#16][#16]']
 | 30.1939 32.6904 37.8980 0.5514723 O=C(Nc1ccc(N2CCN(c3ccccc3F)CC2)cc1)Nc1ncccn1 1 O=C(Nc1ccc(N2CCN(c3ccccc3)CC2)cc1)Nc1ncccn1 0.2350000 0.2350 0.2353104 0.2353 0.6666667 0.6667 0.7970615 0.7971 1.0000000 1.0000 1.0000000 392.4380 0.5243860 2.0599 1.0000000 1.0000 1.0 0.3333333333333333 0.4239988207530771 []
 | 33.7449 35.1572 37.6923 0.5691362 C=CCN1CCN(CCn2c(=O)oc3cc(Cl)ncc32)CC1 1 O=c1oc2ccncc2n1CCN1CCNCC1 0.1450000 0.1450 0.2896827 0.2897 1.0000000 1.0000 0.8116474 0.8116 1.0000000 1.0000 1.0000000 322.7960 0.5385349 2.6769 1.0000000 1.0000 1.0 0.0 0.352100837829165 []
 | 30.0248 31.3452 31.6426 0.4920919 C=CCNC(=S)N[C@H]1CCCC[C@H]1c1cccc(OC)c1 1 c1ccc(C2CCCCC2)cc1 0.1100000 0.1100 0.2733634 0.2734 0.6666667 0.6667 0.7949774 0.7950 1.0000000 1.0000 1.0000000 304.4590 0.5462824 3.0158 1.0000000 1.0000 1.0 0.3333333333333333 0.3128897569432403 []
 | 27.9433 27.9311 -14.0156 0.1087148 COc1ccc(C(Cl)c2cccc(O)c2)c(Br)c1 1 c1ccc(Cc2ccccc2)cc1 0.2300000 0.2300 0.2857143 0.2857 0.6666667 0.6667 0.7221150 0.7221 0.0000000 0.0000 1.0000000 327.6050 0.5356992 2.5530 1.0000000 1.0000 1.0 0.3333333333333333 0.4208325082500162 []
 | 25.0999 26.0277 38.3322 0.5028121 Clc1ccc(Cn2ccnc2CN2CCNCC2)cc1Cl 1 c1ccc(Cn2ccnc2CN2CCNCC2)cc1 0.1650000 0.1650 0.1728527 0.1729 0.6666667 0.6667 0.8440374 0.8440 1.0000000 1.0000 1.0000000 325.2430 0.5288915 2.2561 1.0000000 1.0000 1.0 0.3333333333333333 0.37118054905934933 []
 | 22.9877 22.9008 -22.9008 0.0000000 COCOc1ccc(C)cc1CO 1 c1ccccc1 0.2000000 0.2000 0.2807450 0.2807 0.6666667 0.6667 0.7514521 0.7515 1.0000000 1.0000 1.0000000 182.2190 0.5217961 1.9472 1.0000000 1.0000 1.0 0.3333333333333333 0.4 []
21:08:11 <INFO> Score: 0.42 Agent NLL: 32.45 Valid: 100% Step: 41
 | Agent Prior Target Score SMILES SMILES_state Scaffold predicted_activity predicted_activity (raw) training_similarity training_similarity (raw) taf_disrupted taf_disrupted (raw) novelty novelty (raw) stereo_validity stereo_validity (raw) MW_window MW_window (raw) synthetic_feasibility synthetic_feasibility (raw) curated alerts filter curated alerts filter (raw) scaffold_novelty (predicted_activity) taf_consistency (predicted_activity) uncertainty (predicted_activity) matchting_patterns (curated alerts filter)
 | 28.3727 27.3471 45.5373 0.5694091 CC(=O)N(Cc1ccccc1Cl)c1ccc(CN)cc1 1 c1ccc(CNc2ccccc2)cc1 0.2550000 0.2550 0.2863185 0.2863 0.6666667 0.6667 0.7534015 0.7534 1.0000000 1.0000 1.0000000 288.7780 0.5217620 1.9457 1.0000000 1.0000 1.0 0.3333333333333333 0.43586121644395015 []
 | 30.6055 30.7203 42.8360 0.5746581 CCCN(CC)C(=O)c1cc(COc2cccc(C)c2)on1 1 c1ccc(OCc2ccno2)cc1 0.1600000 0.1600 0.2990669 0.2991 1.0000000 1.0000 0.7091283 0.7091 1.0000000 1.0000 1.0000000 302.3740 0.5270974 2.1780 1.0000000 1.0000 1.0 0.0 0.36660605559646714 []
 | 33.3773 31.2043 -19.0206 0.0951850 O=C(NCC(O)COc1cccc(Cl)c1)Nc1ccc(Br)cc1F 1 O=C(NCCCOc1ccccc1)Nc1ccccc1 0.2750000 0.2750 0.2557448 0.2557 0.3333333 0.3333 0.7442552 0.7443 0.0000000 0.0000 1.0000000 417.6620 0.5340546 2.4813 1.0000000 1.0000 1.0 0.6666666666666666 0.4465142774872938 []
 | 26.5389 25.3802 32.4501 0.4517993 CCN(Cc1ccc(N)cc1)c1ccc(Br)c(C)c1 1 c1ccc(CNc2ccccc2)cc1 0.2250000 0.2250 0.1607015 0.1607 0.3333333 0.3333 0.8590290 0.8590 1.0000000 1.0000 1.0000000 319.2460 0.5234029 2.0171 1.0000000 1.0000 1.0 0.6666666666666666 0.41758232721225164 []
 | 31.3142 29.6770 45.3044 0.5857925 CCCc1ccc(/C=C2/CN(C)CCC2=O)cc1 1 O=C1CCNCC1=Cc1ccccc1 0.2000000 0.2000 0.2342606 0.2343 1.0000000 1.0000 0.7808013 0.7808 1.0000000 1.0000 1.0000000 243.3500 0.5282296 2.2273 1.0000000 1.0000 1.0 0.0 0.4 []
 | 32.8013 34.2612 32.8663 0.5244332 COCC(=O)Nc1ccnn1CCCc1noc(C)n1 1 c1cnn(CCCc2ncon2)c1 0.1700000 0.1700 0.2437780 0.2438 0.6666667 0.6667 0.8081596 0.8082 1.0000000 1.0000 1.0000000 279.3000 0.5360227 2.5672 1.0000000 1.0000 1.0 0.3333333333333333 0.375632799419859 []
 | 28.5309 28.7494 39.4314 0.5326627 N[C@@H]1CC[C@@H](NCc2cn[nH]c2)C1 1 c1n[nH]cc1CNC1CCCC1 0.2100000 0.2100 0.1903045 0.1903 0.6666667 0.6667 0.8282908 0.8283 1.0000000 1.0000 1.0000000 180.2550 0.5550643 3.4012 1.0000000 1.0000 1.0 0.3333333333333333 0.40730823708832603 []
 | 23.7713 26.4563 42.6190 0.5396512 c1ccc(Oc2ccc(Nc3ccnc(NCc4ccco4)n3)cc2)cc1 1 c1ccc(Oc2ccc(Nc3ccnc(NCc4ccco4)n3)cc2)cc1 0.1950000 0.1950 0.2757767 0.2758 0.6666667 0.6667 0.7242233 0.7242 1.0000000 1.0000 1.0000000 358.4010 0.5256114 2.1133 1.0000000 1.0000 1.0 0.3333333333333333 0.3962007067131506 []
 | 40.0443 42.7752 26.3321 0.5399008 COC(=O)N1CCC[C@H]1[C@@H](C)C(=O)Oc1ccccc1C(C)=O 1 O=C(CC1CCCN1)Oc1ccccc1 0.1850000 0.1850 0.2812205 0.2812 0.6666667 0.6667 0.7549285 0.7549 1.0000000 1.0000 1.0000000 319.3570 0.5492155 3.1443 1.0000000 1.0000 1.0 0.3333333333333333 0.38829756630707846 []
 | 33.4366 32.6448 36.3636 0.5391280 O=C(CN1CCOc2ccccc2C1)NCCc1cc(Cl)ccc1Cl 1 O=C(CN1CCOc2ccccc2C1)NCCc1ccccc1 0.2200000 0.2200 0.2135407 0.2135 0.6666667 0.6667 0.7928158 0.7928 1.0000000 1.0000 1.0000000 379.2870 0.5254716 2.1072 1.0000000 1.0000 1.0 0.3333333333333333 0.41424630354415964 []
21:08:14 <INFO> Score: 0.48 Agent NLL: 31.82 Valid: 100% Step: 42
 | Agent Prior Target Score SMILES SMILES_state Scaffold predicted_activity predicted_activity (raw) training_similarity training_similarity (raw) taf_disrupted taf_disrupted (raw) novelty novelty (raw) stereo_validity stereo_validity (raw) MW_window MW_window (raw) synthetic_feasibility synthetic_feasibility (raw) curated alerts filter curated alerts filter (raw) scaffold_novelty (predicted_activity) taf_consistency (predicted_activity) uncertainty (predicted_activity) matchting_patterns (curated alerts filter)
 | 33.5326 32.6303 33.3662 0.5155981 COc1cc(OC)c(CSc2nc(C(F)(F)F)cc(=O)[nH]2)cc1Br 1 O=c1ccnc(SCc2ccccc2)[nH]1 0.1500000 0.1500 0.2491364 0.2491 0.6666667 0.6667 0.8370329 0.8370 1.0000000 1.0000 1.0000000 425.2260 0.5384622 2.6737 1.0000000 1.0000 1.0 0.3333333333333333 0.3570714214271425 []
 | 34.4959 34.8338 -34.8338 0.0000000 CCCCCCCCCCCCCCCCCCCC[C@@H]1COOC(=O)[C@@H]1O 1 O=C1CCCOO1 0.0000000 0.0000 0.0000000 0.0000 0.0000000 0.0000 0.0000000 0.0000 0.0000000 0.0000 0.0000000 0.0000 0.0000000 0.0000 0.0000000 0.0000 None None None ['[#8][#8]']
 | 28.4877 28.7056 39.7458 0.5347771 Cc1ccc(NC(=O)C(=O)N2CCN(c3ccc(F)cc3)CC2)cc1Cl 1 O=C(Nc1ccccc1)C(=O)N1CCN(c2ccccc2)CC1 0.2200000 0.2200 0.1979083 0.1979 0.6666667 0.6667 0.8051039 0.8051 1.0000000 1.0000 1.0000000 375.8310 0.5222596 1.9674 1.0000000 1.0000 1.0 0.3333333333333333 0.41424630354415964 []
 | 25.4497 26.2621 -26.2621 0.0000000 O[C@H](CCCc1ccc(Cl)cc1)C(F)(F)F 1 c1ccccc1 0.2700000 0.2700 0.2485479 0.2485 0.6666667 0.6667 0.7514521 0.7515 1.0000000 1.0000 1.0000000 252.6630 0.5332615 2.4467 1.0000000 1.0000 1.0 0.3333333333333333 0.4439594576084623 []
 | 26.8299 29.4693 40.7015 0.5482093 CCC[C@H]1NCc2nc3ccccc3nc21 1 c1ccc2nc3c(nc2c1)CNC3 0.2100000 0.2100 0.2622225 0.2622 0.6666667 0.6667 0.7637846 0.7638 1.0000000 1.0000 1.0000000 213.2840 0.5478946 3.0864 1.0000000 1.0000 1.0 0.3333333333333333 0.4073082370883261 []
 | 24.9431 26.6879 40.7179 0.5266074 C[C@H](Oc1ccc2c(c1)CCCC2)C(=O)Nc1ccc(F)c(Cl)c1 1 O=C(COc1ccc2c(c1)CCCC2)Nc1ccccc1 0.1950000 0.1950 0.2015810 0.2016 0.6666667 0.6667 0.8284499 0.8284 1.0000000 1.0000 1.0000000 347.8170 0.5322315 2.4017 1.0000000 1.0000 1.0 0.3333333333333333 0.3962007067131506 []
 | 28.5520 24.9079 44.4009 0.5414757 C#CCN(CC)CC1(C(=O)O)CCCCCC1 1 C1CCCCCC1 0.1950000 0.1950 0.2760788 0.2761 0.6666667 0.6667 0.7239212 0.7239 1.0000000 1.0000 1.0000000 237.3430 0.5413653 2.8006 1.0000000 1.0000 1.0 0.3333333333333333 0.3962007067131506 []
 | 38.8595 40.2460 26.7366 0.5233013 CCCCCCCCC[C@@H](C)C[C@H]1O[C@H](Sc2ccccc2)C(O)[C@H]1O 1 c1ccc(SC2CCCO2)cc1 0.1550000 0.1550 0.3504384 0.3504 0.6666667 0.6667 0.6955922 0.6956 0.8000000 0.8000 1.0000000 380.5940 0.5545256 3.6225 1.0000000 1.0000 1.0 0.3333333333333333 0.36190468358395134 []
 | 30.8221 33.0225 24.1022 0.4462867 C=C(C)CNc1ccn([C@@H]2O[C@H](COC(C)=O)[C@@H](O)[C@H]2O)c(=O)n1 1 O=c1ncccn1C1CCCO1 0.1350000 0.1350 0.3316625 0.3317 0.3333333 0.3333 0.7675047 0.7675 1.0000000 1.0000 1.0000000 339.3480 0.5501595 3.8142 1.0000000 1.0000 1.0 0.6666666666666666 0.34172357249683555 []
 | 41.0811 43.6029 29.4468 0.5707005 COc1ccc2c(c1O)C1=C(C)[C@@H](OC1=O)O[C@H]2C 1 O=C1OC2C=C1c1ccccc1CO2 0.2200000 0.2200 0.3816931 0.3817 0.6666667 0.6667 0.6880749 0.6881 1.0000000 1.0000 1.0000000 262.2610 0.5341761 4.5134 1.0000000 1.0000 1.0 0.3333333333333333 0.4142463035441596 []
21:08:15 <INFO> Sampled SMILES c1(OCC(=O)[C@@H](c2nc3ccccc3n2C)C)c(=O)n(C)c(nc1C)=O failed to sanitize.
21:08:18 <INFO> Score: 0.43 Agent NLL: 31.44 Valid:  98% Step: 43
 | Agent Prior Target Score SMILES SMILES_state Scaffold predicted_activity predicted_activity (raw) training_similarity training_similarity (raw) taf_disrupted taf_disrupted (raw) novelty novelty (raw) stereo_validity stereo_validity (raw) MW_window MW_window (raw) synthetic_feasibility synthetic_feasibility (raw) curated alerts filter curated alerts filter (raw) scaffold_novelty (predicted_activity) taf_consistency (predicted_activity) uncertainty (predicted_activity) matchting_patterns (curated alerts filter)
 | 28.8879 32.0224 34.9824 0.5234746 Nc1ccc2c(n1)CCN([C@H]1CCS(=O)(=O)C1)C2 1 O=S1(=O)CCC(N2CCc3ncccc3C2)C1 0.2200000 0.2200 0.1481594 0.1482 0.6666667 0.6667 0.8700312 0.8700 1.0000000 1.0000 1.0000000 267.3540 0.5494352 3.1540 1.0000000 1.0000 1.0 0.3333333333333333 0.41424630354415964 []
 | 39.3308 38.7744 30.3607 0.5401179 OCc1c(F)ccc(-c2ccc(-c3ccc(C4OCCCO4)cc3)c(F)c2F)c1F 1 c1ccc(-c2ccc(-c3ccc(C4OCCCO4)cc3)cc2)cc1 0.2200000 0.2200 0.2133523 0.2134 0.6666667 0.6667 0.7866477 0.7866 1.0000000 1.0000 1.0000000 418.3860 0.5372026 2.6187 1.0000000 1.0000 1.0 0.3333333333333333 0.4142463035441596 []
 | 27.9336 31.9691 35.5770 0.5277036 Cc1ccc2c(Cl)c(C)c(Nc3ccccc3)nc2c1 1 c1ccc(Nc2ccc3ccccc3n2)cc1 0.2100000 0.2100 0.1847873 0.1848 0.6666667 0.6667 0.8332690 0.8333 1.0000000 1.0000 1.0000000 282.7740 0.5235992 2.0257 1.0000000 1.0000 1.0 0.3333333333333333 0.40730823708832603 []
 | 29.0986 27.8296 -27.8296 0.0000000 N#CCCN(N)CCc1cnc[nH]1 1 c1c[nH]cn1 0.0000000 0.0000 0.0000000 0.0000 0.0000000 0.0000 0.0000000 0.0000 0.0000000 0.0000 0.0000000 0.0000 0.0000000 0.0000 0.0000000 0.0000 None None None ['[#7;!n][#7;!n]']
 | 25.4008 25.1068 -25.1068 0.0000000 CCNc1ccc(C(C)(C)C)c(F)c1 1 c1ccccc1 0.2100000 0.2100 0.1626500 0.1627 0.6666667 0.6667 0.8639172 0.8639 1.0000000 1.0000 1.0000000 195.2810 0.5237491 2.0322 1.0000000 1.0000 1.0 0.3333333333333333 0.4073082370883261 []
 | 40.4415 45.3543 -45.3543 0.0000000 c1(OCC(=O)[C@@H](c2nc3ccccc3n2C)C)c(=O)n(C)c(nc1C)=O 0 -- 0.0000000 0.0000 0.0000000 0.0000 0.0000000 0.0000 0.0000000 0.0000 0.0000000 0.0000 0.0000000 0.0000 0.0000000 0.0000 0.0000000 0.0000 None None None None
 | 23.4789 24.8486 -11.3711 0.1052929 Cc1ccnc(NC(=O)CC2C=CCC2)c1 1 O=C(CC1C=CCC1)Nc1ccccn1 0.2050000 0.2050 0.2411214 0.2411 0.6666667 0.6667 0.7920499 0.7920 0.0000000 0.0000 1.0000000 216.2840 0.5413549 2.8001 1.0000000 1.0000 1.0 0.3333333333333333 0.403701622488689 []
 | 42.4004 42.2667 29.5113 0.5607655 CS(=O)(=O)Nc1cccc(C[C@@H](N=C2NS(=O)(=O)c3ccccc32)c2ccc3c(c2)OCCO3)c1 1 O=S1(=O)NC(=NC(Cc2ccccc2)c2ccc3c(c2)OCCO3)c2ccccc21 0.2500000 0.2500 0.2380091 0.2380 0.6666667 0.6667 0.7703344 0.7703 1.0000000 1.0000 1.0000000 513.5970 0.5570694 3.5107 1.0000000 1.0000 1.0 0.3333333333333333 0.4330127018922193 []
 | 27.2516 30.7287 40.8268 0.5590274 Cc1cccc(-c2noc(CN3C[C@@H](O)C[C@@H]3CO)n2)c1 1 c1ccc(-c2noc(CN3CCCC3)n2)cc1 0.2300000 0.2300 0.2708645 0.2709 0.6666667 0.6667 0.7601994 0.7602 1.0000000 1.0000 1.0000000 289.3350 0.5482858 3.1036 1.0000000 1.0000 1.0 0.3333333333333333 0.4208325082500163 []
 | 29.6918 33.4394 37.5160 0.5543395 Cc1c(C)n(C)n(-c2ncc3c(n2)CCC3)c1=O 1 O=c1cc[nH]n1-c1ncc2c(n1)CCC2 0.1650000 0.1650 0.1797237 0.1797 1.0000000 1.0000 0.8459512 0.8460 1.0000000 1.0000 1.0000000 244.2980 0.5432451 2.8828 1.0000000 1.0000 1.0 0.0 0.37118054905934933 []
21:08:18 <INFO> Sampled SMILES c1cccc2nc3[n+](cccc3)c21 failed to sanitize.
21:08:22 <INFO> Score: 0.43 Agent NLL: 32.87 Valid:  97% Step: 44
 | Agent Prior Target Score SMILES SMILES_state Scaffold predicted_activity predicted_activity (raw) training_similarity training_similarity (raw) taf_disrupted taf_disrupted (raw) novelty novelty (raw) stereo_validity stereo_validity (raw) MW_window MW_window (raw) synthetic_feasibility synthetic_feasibility (raw) curated alerts filter curated alerts filter (raw) scaffold_novelty (predicted_activity) taf_consistency (predicted_activity) uncertainty (predicted_activity) matchting_patterns (curated alerts filter)
 | 28.7002 28.7078 40.1181 0.5377027 Cc1cccc(N2CCN(c3ncc(C(=O)NCCN4CCCCC4)cn3)CC2)c1 1 O=C(NCCN1CCCCC1)c1cnc(N2CCN(c3ccccc3)CC2)nc1 0.2150000 0.2150 0.2156655 0.2157 0.6666667 0.6667 0.7907543 0.7908 1.0000000 1.0000 1.0000000 408.5500 0.5279042 2.2131 1.0000000 1.0000 1.0 0.3333333333333333 0.41082234603292944 []
 | 29.3476 28.6746 48.5536 0.6033452 O=S(=O)(Cl)c1ccccc1C1(CCl)CC1 1 c1ccc(C2CC2)cc1 0.2150000 0.2150 0.2656266 0.2656 1.0000000 1.0000 0.7825206 0.7825 1.0000000 1.0000 1.0000000 265.1610 0.5405329 2.7642 1.0000000 1.0000 1.0 0.0 0.4108223460329294 []
 | 26.4018 28.6679 40.9293 0.5437287 COc1ccc(C(=O)Nc2cccc(-c3nccs3)c2)cn1 1 O=C(Nc1cccc(-c2nccs2)c1)c1cccnc1 0.2000000 0.2000 0.2708645 0.2709 0.6666667 0.6667 0.7841795 0.7842 1.0000000 1.0000 1.0000000 311.3660 0.5242926 2.0558 1.0000000 1.0000 1.0 0.3333333333333333 0.4 []
 | 48.4766 48.7125 -37.1575 0.0902739 CCOCCOc1ccc(F)cc1-c1cnn(C)c(=O)c1NC(=O)OC(C)c1cc(F)ccc1Cl 1 O=C(Nc1c(-c2ccccc2)cn[nH]c1=O)OCc1ccccc1 0.2000000 0.2000 0.2535463 0.2535 0.3333333 0.3333 0.7569320 0.7569 0.0000000 0.0000 1.0000000 507.9210 0.5510169 3.2234 1.0000000 1.0000 1.0 0.6666666666666666 0.4 []
 | 25.2115 25.6626 -12.8279 0.1002710 Clc1ccc2c(C3CCCN3)ccnc2c1 1 c1ccc2c(C3CCCN3)ccnc2c1 0.1800000 0.1800 0.1822027 0.1822 0.6666667 0.6667 0.8630008 0.8630 0.0000000 0.0000 1.0000000 232.7140 0.5397116 2.7283 1.0000000 1.0000 1.0 0.3333333333333333 0.38418745424597095 []
 | 28.2063 29.8156 43.5302 0.5730144 CNCc1nnc(C(=O)Nc2nc3ccccc3s2)o1 1 O=C(Nc1nc2ccccc2s1)c1nnco1 0.2650000 0.2650 0.2799463 0.2799 0.6666667 0.6667 0.7521592 0.7522 1.0000000 1.0000 1.0000000 289.3200 0.5316411 2.3760 1.0000000 1.0000 1.0 0.3333333333333333 0.4413332074521472 []
 | 32.8765 37.5358 41.5025 0.6174867 NC(N)=NCC[C@H](NC(=O)c1ccnc(N)c1)c1ccccn1 1 O=C(NCc1ccccn1)c1ccncc1 0.4150000 0.4150 0.2637806 0.2638 0.6666667 0.6667 0.7362194 0.7362 1.0000000 1.0000 1.0000000 313.3650 0.5463952 3.0207 1.0000000 1.0000 1.0 0.3333333333333333 0.49272203116970525 []
 | 47.3121 51.3538 15.8049 0.5246769 C=Cc1cccc(Nc2nc(NCc3ccc4ccccc4c3)cc([C@@H]3C[C@H]3F)n2)c1 1 c1ccc(Nc2nc(NCc3ccc4ccccc4c3)cc(C3CC3)n2)cc1 0.1900000 0.1900 0.1995080 0.1995 0.6666667 0.6667 0.8004920 0.8005 1.0000000 1.0000 1.0000000 410.4960 0.5536433 3.3387 1.0000000 1.0000 1.0 0.3333333333333333 0.39230090491866065 []
 | 50.5948 54.4124 16.8774 0.5569516 CC[C@@H](c1ccco1)N(C)Cc1cc(C)c(OCc2cccnc2OC2CCCC2)c(OC)c1 1 c1coc(CNCc2ccc(OCc3cccnc3OC3CCCC3)cc2)c1 0.1350000 0.1350 0.2733041 0.2733 1.0000000 1.0000 0.7534015 0.7534 1.0000000 1.0000 1.0000000 464.6060 0.5507585 3.2120 1.0000000 1.0000 1.0 0.0 0.34172357249683555 []
 | 31.8419 35.3537 -21.9019 0.1050920 Cc1cc(C=O)cc(NC(=O)C2CCCN(c3cccnn3)C2)c1 1 O=C(Nc1ccccc1)C1CCCN(c2cccnn2)C1 0.2200000 0.2200 0.2100420 0.2100 0.6666667 0.6667 0.8012384 0.8012 0.0000000 0.0000 1.0000000 324.3840 0.5418375 2.8212 1.0000000 1.0000 1.0 0.3333333333333333 0.4142463035441596 []
21:08:22 <INFO> Sampled SMILES c12ccccc2oc2ccc(N(c3ccc(-c4ccccc4)cc3)c3c(cccc3)-c3ccc4c(oc5c4ccc(c5)C)cc3)cc21 failed to sanitize.
21:08:26 <INFO> Score: 0.42 Agent NLL: 34.10 Valid:  98% Step: 45
 | Agent Prior Target Score SMILES SMILES_state Scaffold predicted_activity predicted_activity (raw) training_similarity training_similarity (raw) taf_disrupted taf_disrupted (raw) novelty novelty (raw) stereo_validity stereo_validity (raw) MW_window MW_window (raw) synthetic_feasibility synthetic_feasibility (raw) curated alerts filter curated alerts filter (raw) scaffold_novelty (predicted_activity) taf_consistency (predicted_activity) uncertainty (predicted_activity) matchting_patterns (curated alerts filter)
 | 31.0915 33.6944 -33.6944 0.0000000 O[C@H]1[C@@H](OOCc2ccccc2)O[C@H](COCc2ccccc2)[C@H]1O 1 c1ccc(COCC2CCC(OOCc3ccccc3)O2)cc1 0.0000000 0.0000 0.0000000 0.0000 0.0000000 0.0000 0.0000000 0.0000 0.0000000 0.0000 0.0000000 0.0000 0.0000000 0.0000 0.0000000 0.0000 None None None ['[#8][#8]']
 | 36.8574 40.3230 32.3253 0.5675644 CCCc1cnc(OCc2ccccc2F)c2cccc(C(=O)NC)c12 1 c1ccc(COc2nccc3ccccc23)cc1 0.2450000 0.2450 0.3053124 0.3053 0.6666667 0.6667 0.6946876 0.6947 1.0000000 1.0000 1.0000000 352.4090 0.5319061 2.3875 1.0000000 1.0000 1.0 0.3333333333333333 0.43008720046055776 []
 | 29.8657 32.5009 39.8565 0.5652923 Fc1ccc(F)c(-n2ccc3c(N4CCOCC4)ccnc32)c1 1 c1ccc(-n2ccc3c(N4CCOCC4)ccnc32)cc1 0.1950000 0.1950 0.1690308 0.1690 1.0000000 1.0000 0.8309692 0.8310 1.0000000 1.0000 1.0000000 315.3230 0.5329490 2.4330 1.0000000 1.0000 1.0 0.0 0.3962007067131506 []
 | 29.7663 32.3215 42.4419 0.5840894 COCOC=C1Cc2ccccc2-c2ccccc21 1 C=C1Cc2ccccc2-c2ccccc21 0.1850000 0.1850 0.2524467 0.2524 1.0000000 1.0000 0.7933115 0.7933 1.0000000 1.0000 1.0000000 252.3130 0.5358003 2.5575 1.0000000 1.0000 1.0 0.0 0.3882975663070784 []
 | 26.0309 26.9859 -11.0391 0.1245841 Cc1ccccc1OS(=O)c1ccc(O)cc1 1 O=S(Oc1ccccc1)c1ccccc1 0.2700000 0.2700 0.3398193 0.3398 1.0000000 1.0000 0.6947187 0.6947 0.0000000 0.0000 1.0000000 248.3030 0.5403183 2.7548 1.0000000 1.0000 1.0 0.0 0.4439594576084622 []
 | 32.5896 30.9819 41.1181 0.5632810 Cc1cnn(CC(=O)N2CCN(c3cc(C4CC4)nc(C)n3)CC2)c1 1 O=C(Cn1cccn1)N1CCN(c2cc(C3CC3)ncn2)CC1 0.1700000 0.1700 0.2053960 0.2054 1.0000000 1.0000 0.8155338 0.8155 1.0000000 1.0000 1.0000000 340.4310 0.5349959 2.5223 1.0000000 1.0000 1.0 0.0 0.375632799419859 []
 | 27.7984 29.9038 -29.9038 0.0000000 COc1ccc([C@H](C[S+](C)[O-])NC=O)cc1 1 c1ccccc1 0.2050000 0.2050 0.2866184 0.2866 0.6666667 0.6667 0.8026406 0.8026 0.5000000 0.5000 1.0000000 241.3120 0.5510582 3.7748 1.0000000 1.0000 1.0 0.3333333333333333 0.40370162248868907 []
 | 30.2498 34.3541 33.1404 0.5273009 COc1nccc(C#Cc2ncccc2C)c1C 1 C(#Cc1ccccn1)c1ccncc1 0.1750000 0.1750 0.2425356 0.2425 0.6666667 0.6667 0.8125149 0.8125 1.0000000 1.0000 1.0000000 238.2900 0.5384852 2.6747 1.0000000 1.0000 1.0 0.3333333333333333 0.3799671038392666 []
 | 36.9572 38.3669 29.8067 0.5326060 Cc1cc(CCC(=O)N2CCc3ccc(N)cc3C2=O)ccc1F 1 O=C(CCc1ccccc1)N1CCc2ccccc2C1=O 0.2000000 0.2000 0.2178551 0.2179 0.6666667 0.6667 0.8121154 0.8121 1.0000000 1.0000 1.0000000 326.3710 0.5299696 2.3031 1.0000000 1.0000 1.0 0.3333333333333333 0.4 []
 | 35.5386 39.8011 21.8079 0.4813204 Cn1ccc2ccc(-c3cc(Cl)nc(Nc4ccc(F)c(Cl)c4)n3)cc21 1 c1ccc(Nc2nccc(-c3ccc4cc[nH]c4c3)n2)cc1 0.1850000 0.1850 0.0911211 0.0911 0.6666667 0.6667 0.9280598 0.9281 1.0000000 1.0000 1.0000000 387.2450 0.5326622 2.4205 1.0000000 1.0000 1.0 0.3333333333333333 0.38829756630707846 []
21:08:26 <INFO> Sampled SMILES C1CCC1c1c(c(n2n1CCC2)C)-c1c(Cl)cc(Cl)cc1 failed to sanitize.
21:08:26 <INFO> Sampled SMILES C1(C)(CCC(c2nc(-n3cnc(c3)C)ncc2)C=1)C failed to sanitize.
21:08:26 <INFO> Sampled SMILES CC1(C)[C@@H]2[C@H](N(C(c3n[nH]c(c3)C3CC3)=O)C[C@H]2O1)(C)C failed to sanitize.
21:08:26 <INFO> Sampled SMILES c12c(nccc1Oc1ccc(cc1)NC([C@H]1N(C(OC(C)(C)C)=O)CCC1)=O)c(C(=O)C)s2 failed to sanitize.
21:08:29 <INFO> Score: 0.43 Agent NLL: 34.76 Valid:  94% Step: 46
 | Agent Prior Target Score SMILES SMILES_state Scaffold predicted_activity predicted_activity (raw) training_similarity training_similarity (raw) taf_disrupted taf_disrupted (raw) novelty novelty (raw) stereo_validity stereo_validity (raw) MW_window MW_window (raw) synthetic_feasibility synthetic_feasibility (raw) curated alerts filter curated alerts filter (raw) scaffold_novelty (predicted_activity) taf_consistency (predicted_activity) uncertainty (predicted_activity) matchting_patterns (curated alerts filter)
 | 32.8306 34.5173 42.0462 0.5981521 Cc1cc(OCc2cc(F)c(F)c(O)c2F)ccn1 1 c1ccc(COc2ccncc2)cc1 0.2150000 0.2150 0.2541643 0.2542 1.0000000 1.0000 0.7534015 0.7534 1.0000000 1.0000 1.0000000 269.2220 0.5346538 2.5074 1.0000000 1.0000 1.0 0.0 0.41082234603292944 []
 | 38.1270 38.9981 -38.9981 0.0000000 C1CCC1c1c(c(n2n1CCC2)C)-c1c(Cl)cc(Cl)cc1 0 -- 0.0000000 0.0000 0.0000000 0.0000 0.0000000 0.0000 0.0000000 0.0000 0.0000000 0.0000 0.0000000 0.0000 0.0000000 0.0000 0.0000000 0.0000 None None None None
 | 28.8264 30.5687 45.0586 0.5908383 O=C(CSc1nnc2ccccn12)N1CCCC[C@H]1c1ccco1 1 O=C(CSc1nnc2ccccn12)N1CCCCC1c1ccco1 0.2000000 0.2000 0.2480695 0.2481 1.0000000 1.0000 0.7720196 0.7720 1.0000000 1.0000 1.0000000 342.4240 0.5425246 2.8513 1.0000000 1.0000 1.0 0.0 0.4000000000000001 []
 | 41.5155 46.2440 -32.8723 0.1044666 OCCN1CCOC1C=Cc1ccc(-c2cnc(Nc3ccc(Cl)cc3)nc2)cc1 1 C(=CC1NCCO1)c1ccc(-c2cnc(Nc3ccccc3)nc2)cc1 0.1900000 0.1900 0.2530240 0.2530 0.6666667 0.6667 0.7762813 0.7763 0.0000000 0.0000 1.0000000 422.9160 0.5492913 3.1477 1.0000000 1.0000 1.0 0.3333333333333333 0.39230090491866065 []
 | 40.1184 41.6592 31.1311 0.5686738 NCc1cccc(C[C@]2(C(=O)O)CCCN(Cc3ccc(OCc4cccnc4)cc3)C2)c1 1 c1ccc(CC2CCCN(Cc3ccc(OCc4cccnc4)cc3)C2)cc1 0.2300000 0.2300 0.3346872 0.3347 0.6666667 0.6667 0.7028666 0.7029 1.0000000 1.0000 1.0000000 445.5630 0.5425309 2.8516 1.0000000 1.0000 1.0 0.3333333333333333 0.4208325082500163 []
 | 28.3890 33.3958 32.7169 0.5165058 COCCN1CCOC[C@@]2(C[C@H](CN3CCSCC3)CO2)C1 1 C1COCC2(CN1)CC(CN1CCSCC1)CO2 0.0900000 0.0900 0.2666324 0.2666 1.0000000 1.0000 0.7697344 0.7697 1.0000000 1.0000 1.0000000 330.4940 0.5409677 4.2168 1.0000000 1.0000 1.0 0.0 0.2861817604250837 []
 | 22.9838 23.0452 -21.8083 0.0096633 CCCC(=O)OP(C)(C)=O 1  0.1600000 0.1600 0.3162278 0.3162 1.0000000 1.0000 0.6837722 0.6838 1.0000000 1.0000 0.0000000 164.1410 0.5477400 3.0797 1.0000000 1.0000 1.0 0.0 0.3666060555964672 []
 | 29.4676 29.8432 31.6463 0.4803866 Nc1ncc2ncn([C@@H]3O[C@H](CO)[C@@H](O)[C@@H]3Br)c2n1 1 c1ncc2ncn(C3CCCO3)c2n1 0.1900000 0.1900 0.3660571 0.3661 0.3333333 0.3333 0.7994351 0.7994 1.0000000 1.0000 1.0000000 330.1420 0.5461807 3.9887 1.0000000 1.0000 1.0 0.6666666666666666 0.39230090491866065 []
 | 44.3236 47.7037 21.1304 0.5377663 Cc1cccc(-c2cnc(C(CO)[C@@H]3CCCN3c3cccnc3)[nH]2)c1 1 c1ccc(-c2cnc(CC3CCCN3c3cccnc3)[nH]2)cc1 0.2750000 0.2750 0.2462755 0.2463 0.6666667 0.6667 0.7604730 0.7605 0.5000000 0.5000 1.0000000 348.4500 0.5563461 3.4575 1.0000000 1.0000 1.0 0.3333333333333333 0.44651427748729383 []
 | 59.5350 61.6098 14.1139 0.5915914 CCc1cc2c(Cl)n(CC)cc2cc1C(=O)N[C@H](c1cc(C)nc(C)c1O)C(C)C 1 O=C(NCc1ccncc1)c1ccc2c[nH]cc2c1 0.3450000 0.3450 0.2279212 0.2279 0.6666667 0.6667 0.7854709 0.7855 1.0000000 1.0000 1.0000000 427.9760 0.5559118 3.5616 1.0000000 1.0000 1.0 0.3333333333333333 0.4753682782853732 []
21:08:29 <INFO> Sampled SMILES C(O)C(CO)(C)n1c(/c(=C/N)c2=c1c(c2)=CNC(C)=O)=C failed to sanitize.
21:08:33 <INFO> Score: 0.50 Agent NLL: 32.97 Valid:  98% Step: 47
 | Agent Prior Target Score SMILES SMILES_state Scaffold predicted_activity predicted_activity (raw) training_similarity training_similarity (raw) taf_disrupted taf_disrupted (raw) novelty novelty (raw) stereo_validity stereo_validity (raw) MW_window MW_window (raw) synthetic_feasibility synthetic_feasibility (raw) curated alerts filter curated alerts filter (raw) scaffold_novelty (predicted_activity) taf_consistency (predicted_activity) uncertainty (predicted_activity) matchting_patterns (curated alerts filter)
 | 28.5221 30.3088 26.3333 0.4425167 C[C@H](NC(=O)OC(C)(C)C)[C@@H]1[C@@H](C(=O)O)[C@H]2C=C[C@H]1C2 1 C1=CC2CCC1C2 0.1650000 0.1650 0.2287479 0.2287 0.3333333 0.3333 0.7808013 0.7808 1.0000000 1.0000 1.0000000 281.3520 0.5305833 4.6701 1.0000000 1.0000 1.0 0.6666666666666666 0.37118054905934933 []
 | 24.0671 25.3421 47.5776 0.5696847 CCc1ccc2cc(C=O)sc2n1 1 c1cnc2sccc2c1 0.1900000 0.1900 0.1851640 0.1852 1.0000000 1.0000 0.8386257 0.8386 1.0000000 1.0000 1.0000000 191.2550 0.5407640 2.7743 1.0000000 1.0000 1.0 0.0 0.39230090491866065 []
 | 34.3427 36.7120 34.6134 0.5572294 COc1ccnc(-c2cccc(COc3ccc(CNC(=O)O)cc3)c2)c1 1 c1ccc(OCc2cccc(-c3ccccn3)c2)cc1 0.2150000 0.2150 0.3322053 0.3322 0.6666667 0.6667 0.6677947 0.6678 1.0000000 1.0000 1.0000000 364.4010 0.5228715 1.9940 1.0000000 1.0000 1.0 0.3333333333333333 0.41082234603292944 []
 | 59.8073 65.2408 -64.0757 0.0091028 Cc1nn(C)c(NC(=O)Nc2ccc(Oc3ccnc(Nc4ccc(NC(=O)/C=C/c5cnc6occn56)cc4O)c3)cc2)c1C 1 O=C(C=Cc1cnc2occn12)Nc1ccc(Nc2cc(Oc3ccc(NC(=O)Nc4ccn[nH]4)cc3)ccn2)cc1 0.2400000 0.2400 0.1926285 0.1926 0.6666667 0.6667 0.8186898 0.8187 1.0000000 1.0000 0.0000000 619.6420 0.5544228 3.3730 1.0000000 1.0000 1.0 0.3333333333333333 0.4270831300812525 []
 | 25.8929 26.8883 42.3990 0.5413069 O=S(=O)(Cc1ccccc1F)Nc1ccc(Oc2ncccn2)cc1 1 O=S(=O)(Cc1ccccc1)Nc1ccc(Oc2ncccn2)cc1 0.2150000 0.2150 0.2339439 0.2339 0.6666667 0.6667 0.7660561 0.7661 1.0000000 1.0000 1.0000000 359.3820 0.5267507 2.1629 1.0000000 1.0000 1.0 0.3333333333333333 0.41082234603292944 []
 | 28.3091 28.8965 35.3858 0.5022056 COc1cc(Cl)c(/C=C2\SC(=Nc3ccc(Cl)cc3)NC2=O)cc1OC 1 O=C1NC(=Nc2ccccc2)SC1=Cc1ccccc1 0.1200000 0.1200 0.2898755 0.2899 0.6666667 0.6667 0.7904709 0.7905 1.0000000 1.0000 1.0000000 409.2940 0.5401120 2.7458 1.0000000 1.0000 1.0 0.3333333333333333 0.3249615361854384 []
 | 43.2572 43.8528 27.9462 0.5609296 O=C(O)Nc1ccccc1CC1(Oc2cccc(C(=O)O)n2)CC1 1 c1ccc(CC2(Oc3ccccn3)CC2)cc1 0.2350000 0.2350 0.2758803 0.2759 0.6666667 0.6667 0.7521592 0.7522 1.0000000 1.0000 1.0000000 328.3240 0.5396877 2.7272 1.0000000 1.0000 1.0 0.3333333333333333 0.4239988207530771 []
 | 25.5180 26.9943 45.3474 0.5651689 CC(=O)O[C@H]1C[C@@H](OCc2ccccc2)[C@@H](COCc2ccccc2)O1 1 c1ccc(COCC2OCCC2OCc2ccccc2)cc1 0.1900000 0.1900 0.4706208 0.4706 0.6666667 0.6667 0.5941230 0.5941 1.0000000 1.0000 1.0000000 356.4180 0.5480049 3.0913 1.0000000 1.0000 1.0 0.3333333333333333 0.39230090491866065 []
 | 38.0194 40.2765 35.9941 0.5958636 COc1ccc(-c2nnc(Cc3ccc(C)c(OC(C)C)c3)o2)cc1O 1 c1ccc(Cc2nnc(-c3ccccc3)o2)cc1 0.2050000 0.2050 0.2652791 0.2653 1.0000000 1.0000 0.7651443 0.7651 1.0000000 1.0000 1.0000000 354.4060 0.5291348 2.2667 1.0000000 1.0000 1.0 0.0 0.403701622488689 []
 | 30.4946 29.8146 -28.6355 0.0092116 O=C(F)OC(Cl)=CC(F)F 1  0.2150000 0.2150 0.2618614 0.2619 0.6666667 0.6667 0.8206260 0.8206 1.0000000 1.0000 0.0000000 174.5050 0.5404180 4.2408 1.0000000 1.0000 1.0 0.3333333333333333 0.41082234603292944 []
21:08:37 <INFO> Score: 0.43 Agent NLL: 34.26 Valid: 100% Step: 48
 | Agent Prior Target Score SMILES SMILES_state Scaffold predicted_activity predicted_activity (raw) training_similarity training_similarity (raw) taf_disrupted taf_disrupted (raw) novelty novelty (raw) stereo_validity stereo_validity (raw) MW_window MW_window (raw) synthetic_feasibility synthetic_feasibility (raw) curated alerts filter curated alerts filter (raw) scaffold_novelty (predicted_activity) taf_consistency (predicted_activity) uncertainty (predicted_activity) matchting_patterns (curated alerts filter)
 | 34.0124 34.0041 -19.5885 0.1126220 O=S(=O)(c1ccc(CNCC(c2ccccc2)C2CCOCC2)cc1)N1CCOCC1 1 O=S(=O)(c1ccc(CNCC(c2ccccc2)C2CCOCC2)cc1)N1CCOCC1 0.2750000 0.2750 0.2930426 0.2930 0.6666667 0.6667 0.7152526 0.7153 0.0000000 0.0000 1.0000000 444.5970 0.5423151 2.8421 1.0000000 1.0000 1.0 0.3333333333333333 0.44651427748729383 []
 | 37.2520 42.2680 31.1582 0.5736422 C/C=C\C(=C/C)COc1cc(=O)n2c(n1)OC[C@H](C)C2 1 O=c1ccnc2n1CCCO2 0.1550000 0.1550 0.2961437 0.2961 1.0000000 1.0000 0.7266366 0.7266 1.0000000 1.0000 1.0000000 276.3360 0.5431834 4.1199 1.0000000 1.0000 1.0 0.0 0.36190468358395134 []
 | 43.6690 49.0199 23.4822 0.5664224 COC[C@@H]1[C@H](C)CCN1C(=O)c1scc2c(=O)c(C)c(C)n(C)c12 1 O=C(c1scc2c(=O)cc[nH]c12)N1CCCC1 0.1500000 0.1500 0.2600255 0.2600 1.0000000 1.0000 0.8019705 0.8020 1.0000000 1.0000 1.0000000 348.4680 0.5482860 3.8964 1.0000000 1.0000 1.0 0.0 0.3570714214271425 []
 | 32.5808 35.0571 35.4699 0.5509915 COc1ccc(C(=O)N2CCO[C@@H](c3nc(-c4cccnc4)ncc3C)C2)cc1 1 O=C(c1ccccc1)N1CCOC(c2ccnc(-c3cccnc3)n2)C1 0.1150000 0.1150 0.3249668 0.3250 1.0000000 1.0000 0.7539206 0.7539 1.0000000 1.0000 1.0000000 390.4430 0.5431914 2.8805 1.0000000 1.0000 1.0 0.0 0.3190219428189855 []
 | 43.8151 47.3687 19.0499 0.5188958 Cc1cnc2nncn2c1-c1ccc(Oc2c(Cl)cccc2Br)cc1 1 c1ccc(Oc2ccc(-c3ccnc4nncn34)cc2)cc1 0.1950000 0.1950 0.1707825 0.1708 0.6666667 0.6667 0.8576263 0.8576 1.0000000 1.0000 1.0000000 415.6780 0.5387986 2.6884 1.0000000 1.0000 1.0 0.3333333333333333 0.3962007067131506 []
 | 29.2365 29.8615 29.8278 0.4663229 CCc1ccccc1OCC(=O)Nc1nc2c(Br)cccc2s1 1 O=C(COc1ccccc1)Nc1nc2ccccc2s1 0.2150000 0.2150 0.2465568 0.2466 0.3333333 0.3333 0.7601994 0.7602 1.0000000 1.0000 1.0000000 391.2900 0.5248654 2.0808 1.0000000 1.0000 1.0 0.6666666666666666 0.41082234603292944 []
 | 26.8913 29.1283 -29.1283 0.0000000 CCCCCCCCCCCC/C=C/[C@@H](O)[C@@H](N)c1cccc(O)c1 1 c1ccccc1 0.2550000 0.2550 0.3518658 0.3519 0.6666667 0.6667 0.6886238 0.6886 1.0000000 1.0000 1.0000000 347.5430 0.5495709 3.1599 1.0000000 1.0000 1.0 0.3333333333333333 0.43586121644395015 []
 | 46.3087 47.5046 20.5739 0.5318632 CCCC(=Cc1ccccc1)C[C@@]1(O)CCCc2cc(OC)c(=O)oc21 1 O=c1ccc2c(o1)C(CC=Cc1ccccc1)CCC2 0.1450000 0.1450 0.3790490 0.3790 0.6666667 0.6667 0.6867938 0.6868 1.0000000 1.0000 1.0000000 354.4460 0.5564187 3.4607 1.0000000 1.0000 1.0 0.3333333333333333 0.352100837829165 []
 | 28.0405 29.1713 38.5447 0.5290317 CCCc1ccccc1Oc1cc(C)nc(NC)c1 1 c1ccc(Oc2ccncc2)cc1 0.1950000 0.1950 0.2193634 0.2194 0.6666667 0.6667 0.7866477 0.7866 1.0000000 1.0000 1.0000000 256.3490 0.5258119 2.1220 1.0000000 1.0000 1.0 0.3333333333333333 0.3962007067131506 []
 | 35.7043 39.0398 39.3044 0.6120644 O=C(O)CN(c1ccc(C=C(c2ccccn2)c2ccccn2)cc1)c1ncccn1 1 C(=C(c1ccccn1)c1ccccn1)c1ccc(Nc2ncccn2)cc1 0.2400000 0.2400 0.2632491 0.2632 1.0000000 1.0000 0.7367509 0.7368 1.0000000 1.0000 1.0000000 409.4490 0.5396064 2.7237 1.0000000 1.0000 1.0 0.0 0.4270831300812525 []
21:08:37 <INFO> Sampled SMILES c1(cccc(-c2oc(/C=C3/c4c(ccc(-c5ccc(c(C)c5)Cl)cc4)ON3)nc2)c1)Cl failed to sanitize.
21:08:37 <INFO> Sampled SMILES c1(c(F)cccc1OC=C)C[N+]1(CC2CC1CC2)c1n(/N=C\C=C)cc(Cl)c([nH]1)=O failed to sanitize.
21:08:41 <INFO> Score: 0.45 Agent NLL: 34.50 Valid:  97% Step: 49
 | Agent Prior Target Score SMILES SMILES_state Scaffold predicted_activity predicted_activity (raw) training_similarity training_similarity (raw) taf_disrupted taf_disrupted (raw) novelty novelty (raw) stereo_validity stereo_validity (raw) MW_window MW_window (raw) synthetic_feasibility synthetic_feasibility (raw) curated alerts filter curated alerts filter (raw) scaffold_novelty (predicted_activity) taf_consistency (predicted_activity) uncertainty (predicted_activity) matchting_patterns (curated alerts filter)
 | 24.4095 24.6765 46.5763 0.5566627 Cn1cnnc1-c1cc(O)ccc1Br 1 c1ccc(-c2nnc[nH]2)cc1 0.2750000 0.2750 0.1917269 0.1917 0.6666667 0.6667 0.8228384 0.8228 1.0000000 1.0000 1.0000000 254.0870 0.5342049 2.4878 1.0000000 1.0000 1.0 0.3333333333333333 0.44651427748729383 []
 | 40.9889 40.4120 23.8930 0.5023834 CC(C)Cc1ccc(-c2cccc(CNC(=O)c3ccc(C(F)(F)F)nc3)c2)c(C#N)c1 1 O=C(NCc1cccc(-c2ccccc2)c1)c1cccnc1 0.3200000 0.3200 0.2546858 0.2547 0.3333333 0.3333 0.7453142 0.7453 1.0000000 1.0000 1.0000000 437.4650 0.5320004 2.3917 1.0000000 1.0000 1.0 0.6666666666666666 0.466476151587624 []
 | 41.1184 43.7183 38.2608 0.6404618 Cc1cc([C@H]2[C@@H](CCl)CC(=O)N2Cc2ccccc2)cc(O)c1O 1 O=C1CCC(c2ccccc2)N1Cc1ccccc1 0.2600000 0.2600 0.3637303 0.3637 1.0000000 1.0000 0.6568998 0.6569 1.0000000 1.0000 1.0000000 345.8260 0.5536082 3.3372 1.0000000 1.0000 1.0 0.0 0.43863424398922624 []
 | 56.9746 58.6116 -58.6116 0.0000000 Fc1cnc(OCc2c(F)cccc2F)c(CC23CC4COc5nnc2n5CC(C4)C3)c1 1 c1ccc(COc2ncccc2CC23CC4COc5nnc2n5CC(C4)C3)cc1 0.0000000 0.0000 0.0000000 0.0000 0.0000000 0.0000 0.0000000 0.0000 0.0000000 0.0000 0.0000000 0.0000 0.0000000 0.0000 0.0000000 0.0000 None None None ['[*;r{8-17}]']
 | 28.1813 26.1094 -13.7661 0.0964323 CCC(NC(=O)c1cc(Br)ccc1Br)C(C)C 1 c1ccccc1 0.2900000 0.2900 0.2608970 0.2609 0.3333333 0.3333 0.7574644 0.7575 0.0000000 0.0000 1.0000000 363.0930 0.5349636 2.5209 1.0000000 1.0000 1.0 0.6666666666666666 0.4537620521815371 []
 | 28.8206 31.9336 42.3190 0.5800981 CCCc1cccc(NC(=O)c2ccccc2OCc2c(C)noc2C)c1 1 O=C(Nc1ccccc1)c1ccccc1OCc1cnoc1 0.2600000 0.2600 0.3613110 0.3613 0.6666667 0.6667 0.6386890 0.6387 1.0000000 1.0000 1.0000000 364.4450 0.5232185 2.0091 1.0000000 1.0000 1.0 0.3333333333333333 0.43863424398922624 []
 | 28.9674 30.0078 45.2106 0.5876434 Cc1cc(C(=O)N2Cc3ccccc3C[C@@H]2C)c(C)n1C 1 O=C(c1cc[nH]c1)N1CCc2ccccc2C1 0.1950000 0.1950 0.2441931 0.2442 1.0000000 1.0000 0.7894007 0.7894 1.0000000 1.0000 1.0000000 282.3870 0.5393332 2.7118 1.0000000 1.0000 1.0 0.0 0.3962007067131506 []
 | 28.1243 27.4324 -14.9503 0.0975170 O=C(O)C(NCc1cccc(Br)c1)c1cccnc1 1 c1ccc(CNCc2cccnc2)cc1 0.3000000 0.3000 0.2824229 0.2824 0.3333333 0.3333 0.7175771 0.7176 0.0000000 0.0000 1.0000000 321.1740 0.5347491 2.5116 1.0000000 1.0000 1.0 0.6666666666666666 0.45825756949558394 []
 | 39.1570 43.2578 29.1291 0.5655224 Cc1cc(Nc2c(F)cc(F)c(O)c2F)n(-c2cccc(=O)[nH]2)n1 1 O=c1cccc(-n2nccc2Nc2ccccc2)[nH]1 0.2900000 0.2900 0.2001978 0.2002 0.6666667 0.6667 0.8081596 0.8082 1.0000000 1.0000 1.0000000 336.2730 0.5475659 3.0720 1.0000000 1.0000 1.0 0.3333333333333333 0.4537620521815371 []
 | 26.7125 27.4452 -27.4452 0.0000000 CCOCCCCNc1cccc(F)c1C 1 c1ccccc1 0.1850000 0.1850 0.2608970 0.2609 0.6666667 0.6667 0.7877813 0.7878 1.0000000 1.0000 1.0000000 225.3070 0.5215974 1.9385 1.0000000 1.0000 1.0 0.3333333333333333 0.3882975663070784 []
21:08:41 <INFO> Sampled SMILES c1(ccccc1)-c1coc2c(c(ccc2c(=O)c1)OC)-n1cccc1 failed to sanitize.
21:08:41 <INFO> Sampled SMILES c1(nn(-c2ncnc(c2)N(C)C)c2ccccc2c1-c1ccccc1)=O failed to sanitize.
21:08:44 <INFO> Score: 0.47 Agent NLL: 33.20 Valid:  97% Step: 50
 | Agent Prior Target Score SMILES SMILES_state Scaffold predicted_activity predicted_activity (raw) training_similarity training_similarity (raw) taf_disrupted taf_disrupted (raw) novelty novelty (raw) stereo_validity stereo_validity (raw) MW_window MW_window (raw) synthetic_feasibility synthetic_feasibility (raw) curated alerts filter curated alerts filter (raw) scaffold_novelty (predicted_activity) taf_consistency (predicted_activity) uncertainty (predicted_activity) matchting_patterns (curated alerts filter)
 | 50.7158 58.2061 16.1436 0.5808569 Cc1csc([C@H](CCc2ccccc2)Cc2c(F)cc(Nc3nc(CO)co3)cc2F)n1 1 c1ccc(CCC(Cc2ccc(Nc3ncco3)cc2)c2nccs2)cc1 0.2850000 0.2850 0.2759096 0.2759 0.6666667 0.6667 0.7240904 0.7241 1.0000000 1.0000 1.0000000 455.5300 0.5551504 3.4049 1.0000000 1.0000 1.0 0.3333333333333333 0.4514144437210666 []
 | 45.8168 46.1014 7.6123 0.4196384 COc1ccc(CN2CCC[C@@H](CCC(=O)N[C@H]3CCOC(=O)CC3)C2)cc1OC 1 O=C(CCC1CCCN(Cc2ccccc2)C1)NC1CCOC(=O)CC1 0.1050000 0.1050 0.2862992 0.2863 0.3333333 0.3333 0.7684595 0.7685 1.0000000 1.0000 1.0000000 418.5340 0.5470467 3.0493 1.0000000 1.0000 1.0 0.6666666666666666 0.3065534211193866 []
 | 26.8599 26.7145 34.4067 0.4775097 Cc1ncsc1COc1ccc([C@@H](C)O)cc1Br 1 c1ccc(OCc2cncs2)cc1 0.2350000 0.2350 0.2599376 0.2599 0.3333333 0.3333 0.7400624 0.7401 1.0000000 1.0000 1.0000000 328.2310 0.5431801 2.8800 1.0000000 1.0000 1.0 0.6666666666666666 0.4239988207530771 []
 | 44.8000 45.5151 26.9153 0.5658625 Cc1cc([C@]23CCN(C(=O)NC(C)C)C[C@H]2CN(Cc2ccco2)C3)ccc1O 1 c1ccc(C23CCNCC2CN(Cc2ccco2)C3)cc1 0.2450000 0.2450 0.2711428 0.2711 0.6666667 0.6667 0.7494557 0.7495 1.0000000 1.0000 1.0000000 397.5190 0.5570185 3.5129 1.0000000 1.0000 1.0 0.3333333333333333 0.4300872004605578 []
 | 38.7134 40.5780 18.5969 0.4623035 CCOC(=O)CN1C[C@H](O)CN(Cc2c(F)cccc2Cl)C1 1 c1ccc(CN2CCCNC2)cc1 0.1950000 0.1950 0.2564388 0.2564 0.3333333 0.3333 0.7654213 0.7654 1.0000000 1.0000 1.0000000 330.7870 0.5435103 2.8944 1.0000000 1.0000 1.0 0.6666666666666666 0.3962007067131506 []
 | 36.7273 40.6804 34.5546 0.5877731 COCCn1nc(CSc2nc(Oc3ccccc3)cc(-c3ccccc3)n2)ccc1=O 1 O=c1ccc(CSc2nc(Oc3ccccc3)cc(-c3ccccc3)n2)n[nH]1 0.1950000 0.1950 0.2550722 0.2551 1.0000000 1.0000 0.7515987 0.7516 1.0000000 1.0000 1.0000000 446.5320 0.5328163 2.4272 1.0000000 1.0000 1.0 0.0 0.3962007067131506 []
 | 41.3556 43.4065 36.8600 0.6270816 Cc1cc(=O)oc2ccc(-c3cccc(CCc4ccc(Cl)c(O)c4)c3)cc12 1 O=c1ccc2cc(-c3cccc(CCc4ccccc4)c3)ccc2o1 0.2650000 0.2650 0.2923009 0.2923 1.0000000 1.0000 0.7091283 0.7091 1.0000000 1.0000 1.0000000 390.8660 0.5277861 2.2080 1.0000000 1.0000 1.0 0.0 0.4413332074521472 []
 | 33.3803 37.3614 38.7610 0.5947067 Cc1ncccc1CN(C)[C@@H](C)c1cccc(N2CCN(C)CC2)c1 1 c1cncc(CNCc2cccc(N3CCNCC3)c2)c1 0.2150000 0.2150 0.2278028 0.2278 1.0000000 1.0000 0.8177577 0.8178 1.0000000 1.0000 1.0000000 338.4990 0.5391254 2.7027 1.0000000 1.0000 1.0 0.0 0.41082234603292944 []
 | 44.9570 51.4701 13.0891 0.5043684 COc1ccccc1CN1[C@H](CO)[C@@H](O)[C@H](c2ccccc2C)[C@@H]1CNC(=O)c1cc(Br)cs1 1 O=C(NCC1C(c2ccccc2)CCN1Cc1ccccc1)c1cccs1 0.2850000 0.2850 0.3065833 0.3066 0.3333333 0.3333 0.7494557 0.7495 1.0000000 1.0000 1.0000000 545.4990 0.5493201 3.8511 1.0000000 1.0000 1.0 0.6666666666666666 0.4514144437210666 []
 | 31.5992 33.4189 -20.1299 0.1038205 O=C(Nc1nc(-c2ccc(-c3ncccn3)cc2)cs1)C1COCCN1 1 O=C(Nc1nc(-c2ccc(-c3ncccn3)cc2)cs1)C1COCCN1 0.1900000 0.1900 0.2396406 0.2396 0.6666667 0.6667 0.7886299 0.7886 0.0000000 0.0000 1.0000000 367.4340 0.5433008 2.8853 1.0000000 1.0000 1.0 0.3333333333333333 0.39230090491866065 []
21:08:48 <INFO> Score: 0.50 Agent NLL: 35.05 Valid: 100% Step: 51
 | Agent Prior Target Score SMILES SMILES_state Scaffold predicted_activity predicted_activity (raw) training_similarity training_similarity (raw) taf_disrupted taf_disrupted (raw) novelty novelty (raw) stereo_validity stereo_validity (raw) MW_window MW_window (raw) synthetic_feasibility synthetic_feasibility (raw) curated alerts filter curated alerts filter (raw) scaffold_novelty (predicted_activity) taf_consistency (predicted_activity) uncertainty (predicted_activity) matchting_patterns (curated alerts filter)
 | 27.9897 27.2724 46.1196 0.5733754 CC(C)n1nnnc1SCCC(=O)N[C@H](C)CCc1ccccc1 1 O=C(CCSc1nnn[nH]1)NCCCc1ccccc1 0.2650000 0.2650 0.2861466 0.2861 0.6666667 0.6667 0.7152526 0.7153 1.0000000 1.0000 1.0000000 347.4880 0.5391091 2.7020 1.0000000 1.0000 1.0 0.3333333333333333 0.4413332074521472 []
 | 47.4426 50.2957 22.6112 0.5695850 Cc1c(N)ncnc1N[C@@H](C)COCc1cc(C(=O)c2ccccc2)c(F)cn1 1 O=C(c1ccccc1)c1ccnc(COCCNc2ccncn2)c1 0.2550000 0.2550 0.2806264 0.2806 0.6666667 0.6667 0.7193736 0.7194 1.0000000 1.0000 1.0000000 395.4380 0.5488377 3.1278 1.0000000 1.0000 1.0 0.3333333333333333 0.43586121644395015 []
 | 32.5658 30.0737 44.8639 0.5854504 Cc1ccc(NC(=O)CNC(=O)c2nn(Cc3ccccc3)c(=O)c3ccccc23)cc1 1 O=C(CNC(=O)c1nn(Cc2ccccc2)c(=O)c2ccccc12)Nc1ccccc1 0.2950000 0.2950 0.3053124 0.3053 0.6666667 0.6667 0.6946876 0.6947 1.0000000 1.0000 1.0000000 426.4760 0.5224688 1.9765 1.0000000 1.0000 1.0 0.3333333333333333 0.4560427611529428 []
 | 33.6488 36.0284 31.1799 0.5250650 Cc1ccc(C(=O)N2C[C@@H](F)C[C@H]2CNc2ncc[nH]2)cn1 1 O=C(c1cccnc1)N1CCCC1CNc1ncc[nH]1 0.1700000 0.1700 0.2382315 0.2382 0.6666667 0.6667 0.8038839 0.8039 1.0000000 1.0000 1.0000000 303.3410 0.5562463 3.5469 1.0000000 1.0000 1.0 0.3333333333333333 0.375632799419859 []
 | 28.0746 32.3569 44.0300 0.5967731 COC[C@@H]1CN(Cc2ccccc2)C[C@H]1c1ccc(C)o1 1 c1ccc(CN2CCC(c3ccco3)C2)cc1 0.1800000 0.1800 0.3414634 0.3415 1.0000000 1.0000 0.6919023 0.6919 1.0000000 1.0000 1.0000000 285.3870 0.5451002 2.9640 1.0000000 1.0000 1.0 0.0 0.38418745424597095 []
 | 30.6608 34.7420 38.7032 0.5737905 NC(=O)c1c(NCc2cccnc2)ccc2occc12 1 c1cncc(CNc2ccc3occc3c2)c1 0.2850000 0.2850 0.2528903 0.2529 0.6666667 0.6667 0.7521592 0.7522 1.0000000 1.0000 1.0000000 267.2880 0.5302654 2.3160 1.0000000 1.0000 1.0 0.3333333333333333 0.4514144437210666 []
 | 28.9360 30.7868 38.5733 0.5418755 Cc1nc(N[C@H](C)c2ccccc2)sc1-c1nc(-c2ccccc2)no1 1 c1ccc(CNc2ncc(-c3nc(-c4ccccc4)no3)s2)cc1 0.2300000 0.2300 0.2029385 0.2029 0.6666667 0.6667 0.7970615 0.7971 1.0000000 1.0000 1.0000000 362.4580 0.5373464 2.6250 1.0000000 1.0000 1.0 0.3333333333333333 0.4208325082500163 []
 | 70.3796 70.3915 -3.9132 0.5193612 COc1cc2c(cc1Cl)[C@H](C)CN2C(=O)CN1Cc2c(F)cc([C@H]3C[C@H](N)CO3)c(O)c2C1 1 O=C(CN1Cc2ccc(C3CCCO3)cc2C1)N1CCc2ccccc21 0.1500000 0.1500 0.2744302 0.2744 0.6666667 0.6667 0.7885397 0.7885 1.0000000 1.0000 1.0000000 475.9480 0.5409238 4.2187 1.0000000 1.0000 1.0 0.3333333333333333 0.3570714214271425 []
 | 25.5105 27.7601 46.6256 0.5811380 CCn1ccnc(N2CCN(c3nccs3)CC2)c1=O 1 O=c1[nH]ccnc1N1CCN(c2nccs2)CC1 0.1850000 0.1850 0.2467838 0.2468 1.0000000 1.0000 0.7705843 0.7706 1.0000000 1.0000 1.0000000 291.3800 0.5328803 2.4300 1.0000000 1.0000 1.0 0.0 0.38829756630707846 []
 | 38.6976 40.4820 23.4738 0.4996550 COc1ccc2c(c1)/C(=C/c1ccc(N3CCNCC3)cc1)C(C)=[N+]2[O-] 1 C1=[NH+]c2ccccc2C1=Cc1ccc(N2CCNCC2)cc1 0.1400000 0.1400 0.2041242 0.2041 0.6666667 0.6667 0.8682384 0.8682 1.0000000 1.0000 1.0000000 349.4340 0.5411680 2.7920 1.0000000 1.0000 1.0 0.3333333333333333 0.34698703145794946 []
21:08:52 <INFO> Score: 0.48 Agent NLL: 32.72 Valid: 100% Step: 52
 | Agent Prior Target Score SMILES SMILES_state Scaffold predicted_activity predicted_activity (raw) training_similarity training_similarity (raw) taf_disrupted taf_disrupted (raw) novelty novelty (raw) stereo_validity stereo_validity (raw) MW_window MW_window (raw) synthetic_feasibility synthetic_feasibility (raw) curated alerts filter curated alerts filter (raw) scaffold_novelty (predicted_activity) taf_consistency (predicted_activity) uncertainty (predicted_activity) matchting_patterns (curated alerts filter)
 | 34.2831 37.6516 24.3844 0.4846567 COc1ccc(N[C@H]2CCCN(c3ccc4nnc(C5CCOCC5)n4n3)C2)cc1 1 c1ccc(NC2CCCN(c3ccc4nnc(C5CCOCC5)n4n3)C2)cc1 0.1150000 0.1150 0.2126050 0.2126 0.6666667 0.6667 0.8536150 0.8536 1.0000000 1.0000 1.0000000 408.5060 0.5465670 3.0283 1.0000000 1.0000 1.0 0.3333333333333333 0.31902194281898544 []
 | 25.5470 23.8595 -9.4920 0.1122468 CC(CSCc1ccccc1Cl)C(N)=O 1 c1ccccc1 0.2900000 0.2900 0.2586033 0.2586 0.6666667 0.6667 0.7424363 0.7424 0.0000000 0.0000 1.0000000 243.7590 0.5356492 2.5509 1.0000000 1.0000 1.0 0.3333333333333333 0.4537620521815371 []
 | 36.6831 37.7045 34.3759 0.5631284 C[C@H]1NC(=O)CC[C@H]1NC(=O)[C@H]1CCCN(c2ccc(F)cc2)C1 1 O=C1CCC(NC(=O)C2CCCN(c3ccccc3)C2)CN1 0.2600000 0.2600 0.2347382 0.2347 0.6666667 0.6667 0.7652618 0.7653 1.0000000 1.0000 1.0000000 333.4070 0.5531234 3.3159 1.0000000 1.0000 1.0 0.3333333333333333 0.43863424398922624 []
 | 30.4956 36.9074 36.6188 0.5744233 COc1ccccc1-c1cccc(C(=O)Nc2sc(C)c(C)c2C)c1 1 O=C(Nc1cccs1)c1cccc(-c2ccccc2)c1 0.2450000 0.2450 0.3359355 0.3359 0.6666667 0.6667 0.7273751 0.7274 1.0000000 1.0000 1.0000000 351.4710 0.5239553 2.0412 1.0000000 1.0000 1.0 0.3333333333333333 0.4300872004605578 []
 | 38.7930 40.7830 14.6403 0.4329948 N#Cc1cnc(NC[C@H]2CCOC2)nc1NCc1cc(Br)c(Cl)s1 1 c1csc(CNc2ccnc(NCC3CCOC3)n2)c1 0.1250000 0.1250 0.2735054 0.2735 0.3333333 0.3333 0.8104738 0.8105 1.0000000 1.0000 1.0000000 428.7430 0.5563161 3.4562 1.0000000 1.0000 1.0 0.6666666666666666 0.33071891388307384 []
 | 28.1974 31.4155 49.6626 0.6334224 Oc1ccccc1[C@@H]1CN(Cc2ccccc2)Cc2cncn21 1 c1ccc(CN2Cc3cncn3C(c3ccccc3)C2)cc1 0.2700000 0.2700 0.3059036 0.3059 1.0000000 1.0000 0.6955922 0.6956 1.0000000 1.0000 1.0000000 305.3810 0.5420775 2.8317 1.0000000 1.0000 1.0 0.0 0.4439594576084622 []
 | 42.6900 46.0018 23.1926 0.5405811 C=CC[C@H](O)c1ccccc1OCC=C(C)COc1cc(Cl)ccc1Cl 1 C(=CCOc1ccccc1)COc1ccccc1 0.1750000 0.1750 0.3171675 0.3172 0.6666667 0.6667 0.7389815 0.7390 1.0000000 1.0000 1.0000000 393.3100 0.5452557 2.9708 1.0000000 1.0000 1.0 0.3333333333333333 0.3799671038392666 []
 | 34.9496 38.7695 28.3419 0.5243082 c1ccc([C@@H]2CCCC[C@@H]2NCCCN2CCn3cccc3C2)cc1 1 c1ccc(C2CCCCC2NCCCN2CCn3cccc3C2)cc1 0.1850000 0.1850 0.2072391 0.2072 0.6666667 0.6667 0.8060855 0.8061 1.0000000 1.0000 1.0000000 337.5110 0.5504109 3.1968 1.0000000 1.0000 1.0 0.3333333333333333 0.38829756630707846 []
 | 41.1058 45.3634 31.1278 0.5975875 Cc1ccc(O)c(OC2(c3ccccc3)CCN(CC(F)(F)Cl)CC2)c1 1 c1ccc(OC2(c3ccccc3)CCNCC2)cc1 0.1950000 0.1950 0.2891746 0.2892 1.0000000 1.0000 0.7601994 0.7602 1.0000000 1.0000 1.0000000 381.8500 0.5418031 2.8197 1.0000000 1.0000 1.0 0.0 0.3962007067131506 []
 | 31.2025 33.5464 36.7515 0.5492019 C[C@@H](C(=O)NCCSc1ccccc1)N1CCC[C@H]1c1ccco1 1 O=C(CN1CCCC1c1ccco1)NCCSc1ccccc1 0.2100000 0.2100 0.2749207 0.2749 0.6666667 0.6667 0.7264236 0.7264 1.0000000 1.0000 1.0000000 344.4800 0.5473921 3.0644 1.0000000 1.0000 1.0 0.3333333333333333 0.40730823708832603 []
21:08:56 <INFO> Score: 0.45 Agent NLL: 34.84 Valid:  98% Step: 53
 | Agent Prior Target Score SMILES SMILES_state Scaffold predicted_activity predicted_activity (raw) training_similarity training_similarity (raw) taf_disrupted taf_disrupted (raw) novelty novelty (raw) stereo_validity stereo_validity (raw) MW_window MW_window (raw) synthetic_feasibility synthetic_feasibility (raw) curated alerts filter curated alerts filter (raw) scaffold_novelty (predicted_activity) taf_consistency (predicted_activity) uncertainty (predicted_activity) matchting_patterns (curated alerts filter)
 | 47.1489 48.5485 23.5260 0.5630820 Cc1ccccc1-c1cc(C(=O)NCc2ccccn2)cc2c1OC[C@@H]2NC(=O)c1ccccn1 1 O=C(NCc1ccccn1)c1cc(-c2ccccc2)c2c(c1)C(NC(=O)c1ccccn1)CO2 0.2350000 0.2350 0.2846493 0.2846 0.6666667 0.6667 0.7431649 0.7432 1.0000000 1.0000 1.0000000 464.5250 0.5453278 2.9740 1.0000000 1.0000 1.0 0.3333333333333333 0.4239988207530771 []
 | 34.0478 36.0771 36.9649 0.5706413 O=C(CCc1ccsc1)N[C@H]1CCN(Cc2ccccc2)C[C@H]1N1CCOCC1 1 O=C(CCc1ccsc1)NC1CCN(Cc2ccccc2)CC1N1CCOCC1 0.2450000 0.2450 0.3056772 0.3057 0.6666667 0.6667 0.7144064 0.7144 1.0000000 1.0000 1.0000000 413.5870 0.5484731 3.1118 1.0000000 1.0000 1.0 0.3333333333333333 0.43008720046055776 []
 | 31.5503 35.1797 35.0592 0.5487412 CC[C@H](NCC(=O)c1ccccc1OC)c1ccc(F)c(F)c1 1 O=C(CNCc1ccccc1)c1ccccc1 0.1950000 0.1950 0.3079409 0.3079 0.6666667 0.6667 0.7521592 0.7522 1.0000000 1.0000 1.0000000 319.3510 0.5347888 2.5133 1.0000000 1.0000 1.0 0.3333333333333333 0.3962007067131506 []
 | 30.3328 31.6320 36.0161 0.5285001 C1=C(NOCCN2CCCC2)c2ccccc2NC1 1 C1=C(NOCCN2CCCC2)c2ccccc2NC1 0.1950000 0.1950 0.2105993 0.2106 0.6666667 0.6667 0.7894007 0.7894 1.0000000 1.0000 1.0000000 259.3530 0.5416238 2.8119 1.0000000 1.0000 1.0 0.3333333333333333 0.3962007067131506 []
 | 72.5547 75.1017 -73.9081 0.0093249 CCN(c1ccc(O)cc1)c1nc(NCCCNc2ccc(C(c3ccccc3)(c3ccccc3)c3ccc(N)cc3)cc2)nc(Nc2ccc(O)cc2/C=C/c2ccc(NC)cc2)n1 1 C(=Cc1ccccc1Nc1nc(NCCCNc2ccc(C(c3ccccc3)(c3ccccc3)c3ccccc3)cc2)nc(Nc2ccccc2)n1)c1ccccc1 0.2750000 0.2750 0.1936992 0.1937 0.6666667 0.6667 0.8101684 0.8102 1.0000000 1.0000 0.0000000 860.0790 0.5543584 3.6299 1.0000000 1.0000 1.0 0.3333333333333333 0.44651427748729383 []
 | 24.7872 26.0666 45.1007 0.5559947 COc1ccc2cc(C(=O)Nc3ccccc3OC)c(=O)oc2c1 1 O=C(Nc1ccccc1)c1cc2ccccc2oc1=O 0.2050000 0.2050 0.3359355 0.3359 0.6666667 0.6667 0.7273751 0.7274 1.0000000 1.0000 1.0000000 325.3200 0.5196384 1.8533 1.0000000 1.0000 1.0 0.3333333333333333 0.40370162248868907 []
 | 37.2189 41.1821 29.5830 0.5528524 Cc1ncoc1C(=O)N[C@@H]1CCc2c(-c3cccc(F)c3Cl)cccc21 1 O=C(NC1CCc2c(-c3ccccc3)cccc21)c1cnco1 0.2250000 0.2250 0.2513675 0.2514 0.6666667 0.6667 0.7741806 0.7742 1.0000000 1.0000 1.0000000 370.8110 0.5477206 3.0788 1.0000000 1.0000 1.0 0.3333333333333333 0.4175823272122517 []
 | 29.8541 35.8668 37.1097 0.5701285 OCC[C@H]1CN(Cc2ccnc(-c3ccccc3)c2)CCN1 1 c1ccc(-c2cc(CN3CCNCC3)ccn2)cc1 0.2550000 0.2550 0.2908717 0.2909 0.6666667 0.6667 0.7091283 0.7091 1.0000000 1.0000 1.0000000 297.4020 0.5386869 2.6835 1.0000000 1.0000 1.0 0.3333333333333333 0.43586121644395015 []
 | 26.3905 29.1392 43.8961 0.5705880 Cc1nn(Cc2ccccc2)c(C)c1CC(=O)O[C@@H](C)c1nc2ccccc2c(=O)[nH]1 1 O=C(Cc1cnn(Cc2ccccc2)c1)OCc1nc2ccccc2c(=O)[nH]1 0.2400000 0.2400 0.3325133 0.3325 0.6666667 0.6667 0.6674867 0.6675 1.0000000 1.0000 1.0000000 416.4810 0.5423428 2.8433 1.0000000 1.0000 1.0 0.3333333333333333 0.4270831300812525 []
 | 27.8343 26.8193 43.8368 0.5520009 O=C1CC[C@@H](OC(=O)c2ccccc2)[C@@H](OC(=O)c2ccccc2)C1 1 O=C1CCC(OC(=O)c2ccccc2)C(OC(=O)c2ccccc2)C1 0.2000000 0.2000 0.3286746 0.3287 0.6666667 0.6667 0.6752038 0.6752 1.0000000 1.0000 1.0000000 338.3590 0.5414592 2.8047 1.0000000 1.0000 1.0 0.3333333333333333 0.4000000000000001 []
21:08:56 <INFO> Sampled SMILES c12c(c(Oc3ccc(C=O)cc3)cc1)n(ccc2=O)C failed to sanitize.
21:09:00 <INFO> Score: 0.48 Agent NLL: 33.03 Valid:  98% Step: 54
 | Agent Prior Target Score SMILES SMILES_state Scaffold predicted_activity predicted_activity (raw) training_similarity training_similarity (raw) taf_disrupted taf_disrupted (raw) novelty novelty (raw) stereo_validity stereo_validity (raw) MW_window MW_window (raw) synthetic_feasibility synthetic_feasibility (raw) curated alerts filter curated alerts filter (raw) scaffold_novelty (predicted_activity) taf_consistency (predicted_activity) uncertainty (predicted_activity) matchting_patterns (curated alerts filter)
 | 25.4322 25.8884 47.8122 0.5757862 COc1ccccc1Oc1ccc(N2C(=O)c3ccccc3C2=O)cc1 1 O=C1c2ccccc2C(=O)N1c1ccc(Oc2ccccc2)cc1 0.1600000 0.1600 0.2954395 0.2954 1.0000000 1.0000 0.7675047 0.7675 1.0000000 1.0000 1.0000000 345.3540 0.5178955 1.7775 1.0000000 1.0000 1.0 0.0 0.36660605559646714 []
 | 29.1892 32.6358 43.2461 0.5928269 O=C(Cc1csc(-c2ccccn2)n1)N1CCC[C@@H](c2ccccc2F)C1 1 O=C(Cc1csc(-c2ccccn2)n1)N1CCCC(c2ccccc2)C1 0.2150000 0.2150 0.2282767 0.2283 1.0000000 1.0000 0.7762813 0.7763 1.0000000 1.0000 1.0000000 381.4760 0.5394812 2.7182 1.0000000 1.0000 1.0 0.0 0.41082234603292944 []
 | 40.9899 42.7057 31.5242 0.5799210 CNc1ccc(O)c(S[C@@H]2[C@@H](O)[C@H](O)[C@@H](CO)O[C@H]2O)n1 1 c1ccc(SC2CCCOC2)nc1 0.2250000 0.2250 0.3947710 0.3948 0.6666667 0.6667 0.7716942 0.7717 1.0000000 1.0000 1.0000000 318.3510 0.5372764 4.3781 1.0000000 1.0000 1.0 0.3333333333333333 0.41758232721225164 []
 | 31.8127 32.8638 35.1750 0.5315526 CC[C@@H](NC(=O)[C@@H]1CC[C@H](C)CN1)c1ccc(OC)cc1 1 O=C(NCc1ccccc1)C1CCCCN1 0.1600000 0.1600 0.3079409 0.3079 0.6666667 0.6667 0.7601492 0.7601 1.0000000 1.0000 1.0000000 290.4070 0.5476468 3.0756 1.0000000 1.0000 1.0 0.3333333333333333 0.36660605559646714 []
 | 30.7336 29.4885 34.3882 0.4990370 CC1CCC(O)(CN(C)Cc2cnsc2)CC1 1 c1nscc1CNCC1CCCCC1 0.1250000 0.1250 0.2473854 0.2474 0.6666667 0.6667 0.8133167 0.8133 1.0000000 1.0000 1.0000000 254.3990 0.5505432 3.2026 1.0000000 1.0000 1.0 0.3333333333333333 0.33071891388307384 []
 | 36.2228 38.7197 31.4803 0.5484378 C[C@H]1CCCN(c2ccccc2NC(=O)c2ncc3n2CCNCC3)C1 1 O=C(Nc1ccccc1N1CCCCC1)c1ncc2n1CCNCC2 0.2300000 0.2300 0.2241633 0.2242 0.6666667 0.6667 0.7803126 0.7803 1.0000000 1.0000 1.0000000 353.4700 0.5490837 3.1386 1.0000000 1.0000 1.0 0.3333333333333333 0.4208325082500163 []
 | 28.8481 31.0098 41.6567 0.5677074 O=C(Nc1nc2c(=O)n3ccccc3nc2s1)c1ccccc1Cl 1 O=C(Nc1nc2c(=O)n3ccccc3nc2s1)c1ccccc1 0.2900000 0.2900 0.2181538 0.2182 0.6666667 0.6667 0.7818462 0.7818 1.0000000 1.0000 1.0000000 356.7940 0.5306781 2.3340 1.0000000 1.0000 1.0 0.3333333333333333 0.4537620521815371 []
 | 36.4819 35.5559 -21.7703 0.1076995 C[S+]([O-])CCN1CCN(c2cc(Cl)cc([N+](=O)[O-])n2)CC1 1 c1ccc(N2CCNCC2)nc1 0.1850000 0.1850 0.1446729 0.1447 1.0000000 1.0000 0.8571023 0.8571 0.0000000 0.0000 1.0000000 332.8130 0.5523837 3.7166 1.0000000 1.0000 1.0 0.0 0.38829756630707846 []
 | 39.2605 42.6269 28.8749 0.5586074 CCCc1ccccc1COc1ccc(O)c(OCCCCNC=O)c1 1 c1ccc(COc2ccccc2)cc1 0.2000000 0.2000 0.3698352 0.3698 0.6666667 0.6667 0.6882593 0.6883 1.0000000 1.0000 1.0000000 357.4500 0.5294623 2.2810 1.0000000 1.0000 1.0 0.3333333333333333 0.4000000000000001 []
 | 30.0867 28.6810 -15.9684 0.0993172 CC1=CCN(c2ccc(C(C)N)cc2Cl)CC1 1 C1=CCN(c2ccccc2)CC1 0.2050000 0.2050 0.1319909 0.1320 0.6666667 0.6667 0.8888460 0.8888 0.0000000 0.0000 1.0000000 250.7730 0.5454527 2.9795 1.0000000 1.0000 1.0 0.3333333333333333 0.403701622488689 []
21:09:01 <INFO> Sampled SMILES c1c(Cc2c(=O)[nH]c3n2nc(cc3)N2CCOCC2)cccc1 failed to sanitize.
21:09:04 <INFO> Score: 0.47 Agent NLL: 32.91 Valid:  98% Step: 55
 | Agent Prior Target Score SMILES SMILES_state Scaffold predicted_activity predicted_activity (raw) training_similarity training_similarity (raw) taf_disrupted taf_disrupted (raw) novelty novelty (raw) stereo_validity stereo_validity (raw) MW_window MW_window (raw) synthetic_feasibility synthetic_feasibility (raw) curated alerts filter curated alerts filter (raw) scaffold_novelty (predicted_activity) taf_consistency (predicted_activity) uncertainty (predicted_activity) matchting_patterns (curated alerts filter)
 | 23.9159 24.7224 50.0704 0.5843192 Cc1csc(SCc2c(Cl)cccc2Cl)n1 1 c1ccc(CSc2nccs2)cc1 0.2350000 0.2350 0.1682978 0.1683 1.0000000 1.0000 0.8523654 0.8524 1.0000000 1.0000 1.0000000 290.2400 0.5268526 2.1673 1.0000000 1.0000 1.0 0.0 0.4239988207530771 []
 | 34.0258 40.9556 30.5712 0.5588028 O=c1ccccn1C(=NCc1ccc(S(=O)(=O)Nc2ccccc2)cc1)NCCc1ccco1 1 O=c1ccccn1C(=NCc1ccc(S(=O)(=O)Nc2ccccc2)cc1)NCCc1ccco1 0.2400000 0.2400 0.2613021 0.2613 0.6666667 0.6667 0.7386979 0.7387 1.0000000 1.0000 1.0000000 476.5580 0.5382059 2.6625 1.0000000 1.0000 1.0 0.3333333333333333 0.4270831300812525 []
 | 38.3793 43.6425 -29.9741 0.1067844 Cc1ccc(-c2ccc(CNC(=O)C3C4CCc5ccccc5C43)cn2)nc1 1 O=C(NCc1ccc(-c2ccccn2)nc1)C1C2CCc3ccccc3C21 0.2050000 0.2050 0.2776029 0.2776 0.6666667 0.6667 0.7467749 0.7468 0.0000000 0.0000 1.0000000 369.4680 0.5528500 3.3039 1.0000000 1.0000 1.0 0.3333333333333333 0.403701622488689 []
 | 26.3635 31.4178 40.7984 0.5641890 Cc1ccc(CNC(=O)c2ccnc(Nc3cccc(Cl)c3)c2)o1 1 O=C(NCc1ccco1)c1ccnc(Nc2ccccc2)c1 0.2600000 0.2600 0.2557448 0.2557 0.6666667 0.6667 0.7442552 0.7443 1.0000000 1.0000 1.0000000 341.7980 0.5250577 2.0892 1.0000000 1.0000 1.0 0.3333333333333333 0.4386342439892262 []
 | 37.9730 41.2542 33.1018 0.5809067 CN1CCOc2c1ccc(OCc1cc(Cl)cc(Cl)c1)c2F 1 c1ccc(COc2ccc3c(c2)OCCN3)cc1 0.1700000 0.1700 0.2857953 0.2858 1.0000000 1.0000 0.7492939 0.7493 1.0000000 1.0000 1.0000000 342.1970 0.5338179 2.4709 1.0000000 1.0000 1.0 0.0 0.375632799419859 []
 | 32.6240 34.3490 37.5168 0.5614519 O=C(Nc1cccc(-c2cc3ccccc3[nH]2)c1)c1cc(Cl)ccc1[N+](=O)[O-] 1 O=C(Nc1cccc(-c2cc3ccccc3[nH]2)c1)c1ccccc1 0.3000000 0.3000 0.1841637 0.1842 0.6666667 0.6667 0.8158363 0.8158 1.0000000 1.0000 1.0000000 391.8140 0.5253345 2.1012 1.0000000 1.0000 1.0 0.3333333333333333 0.45825756949558394 []
 | 40.3125 45.0266 25.8654 0.5538437 Cc1cc(NC(=O)c2cccc(Oc3ccccc3)c2)n(-c2cccc(Oc3cccc(F)c3)n2)n1 1 O=C(Nc1ccnn1-c1cccc(Oc2ccccc2)n1)c1cccc(Oc2ccccc2)c1 0.2500000 0.2500 0.2216756 0.2217 0.6666667 0.6667 0.7783244 0.7783 1.0000000 1.0000 1.0000000 480.4990 0.5315561 2.3723 1.0000000 1.0000 1.0 0.3333333333333333 0.4330127018922193 []
 | 21.1085 22.2933 51.8611 0.5793314 CC1=Cc2ccccc2Cc2ccccc21 1 C1=Cc2ccccc2Cc2ccccc21 0.1900000 0.1900 0.2231518 0.2232 1.0000000 1.0000 0.8322110 0.8322 1.0000000 1.0000 1.0000000 206.2880 0.5243211 2.0571 1.0000000 1.0000 1.0 0.0 0.39230090491866065 []
 | 42.6967 45.5986 -29.3702 0.1267846 CC(C(=O)O)c1cc(-c2ccc(F)cc2)ccc1-c1ccc(OCCc2ccccc2Cl)cc1 1 c1ccc(CCOc2ccc(-c3ccc(-c4ccccc4)cc3)cc2)cc1 0.3050000 0.3050 0.3346640 0.3347 1.0000000 1.0000 0.6745066 0.6745 0.0000000 0.0000 1.0000000 474.9590 0.5379200 2.6500 1.0000000 1.0000 1.0 0.0 0.460407428263272 []
 | 28.9720 28.5410 32.2894 0.4752378 COc1ccccc1CCC(=O)Nc1cccc(C(=O)OCC(C)C)c1 1 O=C(CCc1ccccc1)Nc1ccccc1 0.2150000 0.2150 0.2948309 0.2948 0.3333333 0.3333 0.7627105 0.7627 1.0000000 1.0000 1.0000000 355.4340 0.5194585 1.8455 1.0000000 1.0000 1.0 0.6666666666666666 0.41082234603292944 []
21:09:04 <INFO> Sampled SMILES Cc1[nH]c(c(c(c1=O)C)CCC(=O)Nc1sc2c(n1)cccc2)=O failed to sanitize.
21:09:08 <INFO> Score: 0.49 Agent NLL: 32.96 Valid:  98% Step: 56
 | Agent Prior Target Score SMILES SMILES_state Scaffold predicted_activity predicted_activity (raw) training_similarity training_similarity (raw) taf_disrupted taf_disrupted (raw) novelty novelty (raw) stereo_validity stereo_validity (raw) MW_window MW_window (raw) synthetic_feasibility synthetic_feasibility (raw) curated alerts filter curated alerts filter (raw) scaffold_novelty (predicted_activity) taf_consistency (predicted_activity) uncertainty (predicted_activity) matchting_patterns (curated alerts filter)
 | 30.7479 34.5972 44.8247 0.6204838 CC[C@H](C)[C@H](C)Cc1cccc(-c2cccnc2)c1 1 c1ccc(-c2cccnc2)cc1 0.2500000 0.2500 0.2718636 0.2719 1.0000000 1.0000 0.7710545 0.7711 1.0000000 1.0000 1.0000000 253.3890 0.5386018 2.6798 1.0000000 1.0000 1.0 0.0 0.4330127018922193 []
 | 30.0454 31.0158 34.2311 0.5097414 CCn1c(C)cc(CNc2cc(Cl)c(F)c(Cl)c2)c1C 1 c1ccc(NCc2cc[nH]c2)cc1 0.1800000 0.1800 0.1645225 0.1645 0.6666667 0.6667 0.8804771 0.8805 1.0000000 1.0000 1.0000000 315.2190 0.5331373 2.4412 1.0000000 1.0000 1.0 0.3333333333333333 0.38418745424597095 []
 | 27.2355 26.6642 40.3096 0.5232327 Cc1cc(C)c(C(=O)c2ccc(Br)cc2F)cc1C 1 O=C(c1ccccc1)c1ccccc1 0.2100000 0.2100 0.1695159 0.1695 0.6666667 0.6667 0.8499250 0.8499 1.0000000 1.0000 1.0000000 321.1890 0.5224526 1.9758 1.0000000 1.0000 1.0 0.3333333333333333 0.40730823708832603 []
 | 28.3284 32.5704 -19.2703 0.1039065 Cc1nc(Nc2ccccc2Cl)cc(NC(C)c2cccc3ccccc23)n1 1 c1ccc(Nc2cc(NCc3cccc4ccccc34)ncn2)cc1 0.2500000 0.2500 0.1504237 0.1504 0.6666667 0.6667 0.8495763 0.8496 0.0000000 0.0000 1.0000000 388.9020 0.5375564 2.6341 1.0000000 1.0000 1.0 0.3333333333333333 0.4330127018922193 []
 | 30.6991 34.1071 33.7964 0.5304961 CCOCCCCCCOc1ccc(NC(=O)Cn2cncn2)cc1 1 O=C(Cn1cncn1)Nc1ccccc1 0.1650000 0.1650 0.2990669 0.2991 0.6666667 0.6667 0.7654213 0.7654 1.0000000 1.0000 1.0000000 346.4310 0.5250968 2.0909 1.0000000 1.0000 1.0 0.3333333333333333 0.37118054905934933 []
 | 45.9622 45.8291 -32.5008 0.1041275 CC(Cl)/C=C1\C=CC(=Nc2ccc(Cl)c(C(F)(F)F)c2)NC1=O 1 C=C1C=CC(=Nc2ccccc2)NC1=O 0.2050000 0.2050 0.2064187 0.2064 0.6666667 0.6667 0.8545641 0.8546 0.0000000 0.0000 1.0000000 363.1660 0.5465985 3.9704 1.0000000 1.0000 1.0 0.3333333333333333 0.403701622488689 []
 | 28.6466 32.5865 -32.3611 0.0017603 CC/C=C\C/C=C\C/C=C\C/C=C\C/C=C\C/C=C\CCCCCCCCOCC(COP(=O)(O)OCC[N+](C)(C)C)OC(=O)CC/C=C\C/C=C\C/C=C\C/C=C\C/C=C\CCCCC 1  0.1950000 0.1950 0.2936400 0.2936 0.6666667 0.6667 0.7165266 0.7165 0.0000000 0.0000 0.0000000 937.3610 0.5217093 5.0566 1.0000000 1.0000 1.0 0.3333333333333333 0.3962007067131506 []
 | 39.3159 43.7462 26.5985 0.5495682 CCOc1ccc(-c2ccnc(Nc3ccc(N4CCNC(=S)C4)cc3)n2)c(O)c1 1 S=C1CN(c2ccc(Nc3nccc(-c4ccccc4)n3)cc2)CCN1 0.2200000 0.2200 0.2482286 0.2482 0.6666667 0.6667 0.7892682 0.7893 1.0000000 1.0000 1.0000000 421.5260 0.5386589 2.6823 1.0000000 1.0000 1.0 0.3333333333333333 0.41424630354415964 []
 | 36.0457 40.5319 29.9323 0.5505013 Cc1cc(C)cc(Oc2ccc(C)c(C(=O)NCCc3cccn3C)c2)c1 1 O=C(NCCc1ccc[nH]1)c1cccc(Oc2ccccc2)c1 0.2250000 0.2250 0.2492224 0.2492 0.6666667 0.6667 0.7818462 0.7818 1.0000000 1.0000 1.0000000 362.4730 0.5285135 2.2397 1.0000000 1.0000 1.0 0.3333333333333333 0.41758232721225164 []
 | 32.9705 34.9514 39.8458 0.5843533 Cc1ccc(N=c2cc(C(=O)O)oc3cc(Cl)ccc23)cc1 1 c1ccc(N=c2ccoc3ccccc23)cc1 0.2050000 0.2050 0.2170093 0.2170 1.0000000 1.0000 0.7920499 0.7920 1.0000000 1.0000 1.0000000 313.7400 0.5315490 2.3720 1.0000000 1.0000 1.0 0.0 0.403701622488689 []
21:09:12 <INFO> Score: 0.50 Agent NLL: 34.18 Valid: 100% Step: 57
 | Agent Prior Target Score SMILES SMILES_state Scaffold predicted_activity predicted_activity (raw) training_similarity training_similarity (raw) taf_disrupted taf_disrupted (raw) novelty novelty (raw) stereo_validity stereo_validity (raw) MW_window MW_window (raw) synthetic_feasibility synthetic_feasibility (raw) curated alerts filter curated alerts filter (raw) scaffold_novelty (predicted_activity) taf_consistency (predicted_activity) uncertainty (predicted_activity) matchting_patterns (curated alerts filter)
 | 33.8571 40.1883 35.7142 0.5929882 CC(C)c1cccc(C(=O)Oc2ccc(/C=C3\C=CSC3)cc2)c1 1 O=C(Oc1ccc(C=C2C=CSC2)cc1)c1ccccc1 0.2050000 0.2050 0.2465568 0.2466 1.0000000 1.0000 0.7841795 0.7842 1.0000000 1.0000 1.0000000 336.4560 0.5370838 2.6135 1.0000000 1.0000 1.0 0.0 0.403701622488689 []
 | 30.6526 33.3448 21.1027 0.4253708 Nc1ccc(-c2ccncc2Cl)c2cc(Br)cnc12 1 c1cc(-c2ccncc2)c2cccnc2c1 0.1800000 0.1800 0.1283740 0.1284 0.3333333 0.3333 0.8918919 0.8919 1.0000000 1.0000 1.0000000 334.6040 0.5321710 2.3991 1.0000000 1.0000 1.0 0.6666666666666666 0.38418745424597095 []
 | 53.0606 57.7392 6.9512 0.5053935 COc1cc(O[C@H]2CC[C@H](NCc3ccc(Cl)cc3)C2)ccc1-c1c(Cl)ccc2c1oc(=O)n2C 1 O=c1[nH]c2cccc(-c3ccc(OC4CCC(NCc5ccccc5)C4)cc3)c2o1 0.1300000 0.1300 0.2611165 0.2611 0.6666667 0.6667 0.7976388 0.7976 1.0000000 1.0000 1.0000000 513.4210 0.5554203 3.4168 1.0000000 1.0000 1.0 0.3333333333333333 0.33630343441600474 []
 | 22.9891 25.4434 52.3719 0.6079320 O=C(NCCSCc1ccccc1)c1ccc(OCc2ccccc2)cc1 1 O=C(NCCSCc1ccccc1)c1ccc(OCc2ccccc2)cc1 0.3150000 0.3150 0.4475234 0.4475 0.6666667 0.6667 0.5524766 0.5525 1.0000000 1.0000 1.0000000 377.5090 0.5168646 1.7327 1.0000000 1.0000 1.0 0.3333333333333333 0.46451587701606073 []
 | 29.2004 31.6009 41.3264 0.5697442 COc1ccc(OC)c(CCC(=O)N2CCC[C@@H]2c2cccc(C)c2)c1 1 O=C(CCc1ccccc1)N1CCCC1c1ccccc1 0.1500000 0.1500 0.2832644 0.2833 1.0000000 1.0000 0.7948177 0.7948 1.0000000 1.0000 1.0000000 353.4620 0.5333605 2.4510 1.0000000 1.0000 1.0 0.0 0.3570714214271425 []
 | 25.2728 27.8258 47.6253 0.5894619 Fc1cccc(SCc2ccc(F)c(F)c2)c1 1 c1ccc(CSc2ccccc2)cc1 0.2400000 0.2400 0.1831688 0.1832 1.0000000 1.0000 0.8168312 0.8168 1.0000000 1.0000 1.0000000 254.2760 0.5195566 1.8498 1.0000000 1.0000 1.0 0.0 0.4270831300812524 []
 | 35.0586 41.1289 29.4098 0.5510837 Cc1cccc(CC(=O)Nc2ccc(O[C@@H]3CCc4ccccc43)cc2Cl)c1 1 O=C(Cc1ccccc1)Nc1ccc(OC2CCc3ccccc32)cc1 0.2100000 0.2100 0.2878807 0.2879 0.6666667 0.6667 0.7339893 0.7340 1.0000000 1.0000 1.0000000 391.8980 0.5357514 2.5553 1.0000000 1.0000 1.0 0.3333333333333333 0.40730823708832603 []
 | 38.8544 43.9217 25.8041 0.5447333 Cc1cccc(N[C@@H](c2ccccc2)c2ccc(Cl)c(NC=O)c2Cl)c1 1 c1ccc(NC(c2ccccc2)c2ccccc2)cc1 0.2400000 0.2400 0.1960572 0.1961 0.6666667 0.6667 0.8039428 0.8039 1.0000000 1.0000 1.0000000 385.2940 0.5419784 2.8274 1.0000000 1.0000 1.0 0.3333333333333333 0.4270831300812525 []
 | 25.0813 24.3195 -9.3012 0.1173307 CCC(c1ccncc1)C1CCCCC1 1 c1cc(CC2CCCCC2)ccn1 0.2200000 0.2200 0.2535463 0.2535 1.0000000 1.0000 0.7995541 0.7996 0.0000000 0.0000 1.0000000 203.3290 0.5383471 2.6687 1.0000000 1.0000 1.0 0.0 0.4142463035441596 []
 | 36.6117 40.7616 32.3078 0.5708552 CCc1nc(O)c(-c2ccc(OC)cc2)c(Oc2ccc(C)c(C)c2)n1 1 c1ccc(Oc2ncncc2-c2ccccc2)cc1 0.1700000 0.1700 0.2347382 0.2347 1.0000000 1.0000 0.8090593 0.8091 1.0000000 1.0000 1.0000000 350.4180 0.5304489 2.3240 1.0000000 1.0000 1.0 0.0 0.375632799419859 []
21:09:12 <INFO> Sampled SMILES c1ccc2c(cc3sccc3n2CC(Nc2ccc(Cl)cc2)=O)c1 failed to sanitize.
21:09:16 <INFO> Score: 0.50 Agent NLL: 33.29 Valid:  98% Step: 58
 | Agent Prior Target Score SMILES SMILES_state Scaffold predicted_activity predicted_activity (raw) training_similarity training_similarity (raw) taf_disrupted taf_disrupted (raw) novelty novelty (raw) stereo_validity stereo_validity (raw) MW_window MW_window (raw) synthetic_feasibility synthetic_feasibility (raw) curated alerts filter curated alerts filter (raw) scaffold_novelty (predicted_activity) taf_consistency (predicted_activity) uncertainty (predicted_activity) matchting_patterns (curated alerts filter)
 | 24.3791 28.1819 49.6444 0.6080177 CC(=O)c1ccc(CN2C[C@@H](C)Oc3ccccc32)cc1 1 c1ccc(CN2CCOc3ccccc32)cc1 0.1950000 0.1950 0.3662897 0.3663 1.0000000 1.0000 0.6841011 0.6841 1.0000000 1.0000 1.0000000 281.3550 0.5324683 2.4121 1.0000000 1.0000 1.0 0.0 0.3962007067131506 []
 | 25.1430 26.5122 44.6758 0.5561564 COc1ccc(-n2nc(-c3ccc(-c4ccccc4)cc3)nc2-c2ccccc2)cc1 1 c1ccc(-c2ccc(-c3nc(-c4ccccc4)n(-c4ccccc4)n3)cc2)cc1 0.1550000 0.1550 0.2197177 0.2197 1.0000000 1.0000 0.8054805 0.8055 1.0000000 1.0000 1.0000000 403.4850 0.5208870 1.9076 1.0000000 1.0000 1.0 0.0 0.36190468358395134 []
 | 28.7567 34.2974 39.3268 0.5751889 O=C(Nc1ccccc1N1CCN(c2cccc(Cl)c2)CC1)c1cnn(Cc2ccccc2)c1 1 O=C(Nc1ccccc1N1CCN(c2ccccc2)CC1)c1cnn(Cc2ccccc2)c1 0.2800000 0.2800 0.2735764 0.2736 0.6666667 0.6667 0.7264236 0.7264 1.0000000 1.0000 1.0000000 471.9920 0.5262976 2.1431 1.0000000 1.0000 1.0 0.3333333333333333 0.44899888641287294 []
 | 31.0370 32.0282 46.9796 0.6172488 O=C1C(=O)N(c2ccc(Cl)cc2)C(O)=C1c1cccc([N+](=O)[O-])c1 1 O=C1C(=O)N(c2ccccc2)C=C1c1ccccc1 0.2650000 0.2650 0.2381653 0.2382 1.0000000 1.0000 0.7746255 0.7746 1.0000000 1.0000 1.0000000 344.7100 0.5328630 2.4293 1.0000000 1.0000 1.0 0.0 0.4413332074521472 []
 | 35.2639 33.8418 -20.3639 0.1052960 Nc1ccc2nc(-c3ccccc3C(F)(F)F)n(CC3CCCO3)c2c1 1 c1ccc(-c2nc3ccccc3n2CC2CCCO2)cc1 0.2300000 0.2300 0.1968183 0.1968 0.6666667 0.6667 0.8158363 0.8158 0.0000000 0.0000 1.0000000 361.3670 0.5421228 2.8337 1.0000000 1.0000 1.0 0.3333333333333333 0.4208325082500162 []
 | 21.7014 21.5031 -20.2663 0.0096621 Cc1ccn(C(F)F)n1 1 c1cn[nH]c1 0.2250000 0.2250 0.1620882 0.1621 1.0000000 1.0000 0.8565008 0.8565 1.0000000 1.0000 0.0000000 132.1130 0.5404765 2.7617 1.0000000 1.0000 1.0 0.0 0.4175823272122517 []
 | 27.8389 28.3916 44.0881 0.5662472 CCCNC(=O)c1cccc(NC(=O)c2ccn(CC)n2)c1 1 O=C(Nc1ccccc1)c1cc[nH]n1 0.2650000 0.2650 0.2548236 0.2548 0.6666667 0.6667 0.7601492 0.7601 1.0000000 1.0000 1.0000000 300.3620 0.5215127 1.9349 1.0000000 1.0000 1.0 0.3333333333333333 0.4413332074521472 []
 | 32.2148 35.0678 39.5243 0.5827513 COc1ccc([C@H](CO)[C@H](Nc2ccc([N+](=O)[O-])cc2)c2ccccc2)cc1 1 c1ccc(CC(Nc2ccccc2)c2ccccc2)cc1 0.2550000 0.2550 0.3598638 0.3599 0.6666667 0.6667 0.6814070 0.6814 1.0000000 1.0000 1.0000000 378.4280 0.5431073 2.8768 1.0000000 1.0000 1.0 0.3333333333333333 0.43586121644395015 []
 | 29.6600 30.4976 44.4056 0.5851815 C=CCCCCCCCC(=O)C1=Cc2ccccc2C1 1 C1=Cc2ccccc2C1 0.1850000 0.1850 0.2602896 0.2603 1.0000000 1.0000 0.7808013 0.7808 1.0000000 1.0000 1.0000000 268.4000 0.5335307 2.4584 1.0000000 1.0000 1.0 0.0 0.38829756630707846 []
 | 36.5776 43.3505 28.4590 0.5610115 FC(F)(F)Cn1ccnc1COc1ccc(C[C@H]2CCc3ccccc3N2)cc1 1 c1ccc2c(c1)CCC(Cc1ccc(OCc3ncc[nH]3)cc1)N2 0.2450000 0.2450 0.2550307 0.2550 0.6666667 0.6667 0.7539095 0.7539 1.0000000 1.0000 1.0000000 401.4320 0.5461081 3.0082 1.0000000 1.0000 1.0 0.3333333333333333 0.4300872004605578 []
21:09:16 <INFO> Sampled SMILES c12c(C)c3c(cccc3)cc2ccc2c1cccnc2 failed to sanitize.
21:09:16 <INFO> Sampled SMILES Clc1ccc([C@@H]2[C@@H](F)[C@H](N)c3c(O2)c(ccc(F)c3)OC)cc1 failed to sanitize.
21:09:20 <INFO> Score: 0.51 Agent NLL: 32.59 Valid:  97% Step: 59
 | Agent Prior Target Score SMILES SMILES_state Scaffold predicted_activity predicted_activity (raw) training_similarity training_similarity (raw) taf_disrupted taf_disrupted (raw) novelty novelty (raw) stereo_validity stereo_validity (raw) MW_window MW_window (raw) synthetic_feasibility synthetic_feasibility (raw) curated alerts filter curated alerts filter (raw) scaffold_novelty (predicted_activity) taf_consistency (predicted_activity) uncertainty (predicted_activity) matchting_patterns (curated alerts filter)
 | 34.6984 39.6413 33.9945 0.5752799 CCCCc1cc(-c2ccccc2)cc(-c2ccc(OCc3cccc4ccccc34)cc2)n1 1 c1ccc(-c2ccnc(-c3ccc(OCc4cccc5ccccc45)cc3)c2)cc1 0.1600000 0.1600 0.2961437 0.2961 1.0000000 1.0000 0.7362194 0.7362 1.0000000 1.0000 1.0000000 443.5900 0.5255502 2.1106 1.0000000 1.0000 1.0 0.0 0.36660605559646714 []
 | 28.6819 29.5808 41.2794 0.5535955 O=C(Nc1ccc(-c2ccn[nH]2)cc1)c1ccnc(-n2ccnc2)c1 1 O=C(Nc1ccc(-c2ccn[nH]2)cc1)c1ccnc(-n2ccnc2)c1 0.2850000 0.2850 0.1725898 0.1726 0.6666667 0.6667 0.8283611 0.8284 1.0000000 1.0000 1.0000000 330.3510 0.5311496 2.3546 1.0000000 1.0000 1.0 0.3333333333333333 0.4514144437210666 []
 | 26.6525 27.1662 48.4185 0.5905057 CS(=O)(=O)N1CCC[C@@H](Cn2nc(-c3ccncc3)ccc2=O)C1 1 O=c1ccc(-c2ccncc2)nn1CC1CCCNC1 0.2000000 0.2000 0.2391870 0.2392 1.0000000 1.0000 0.8135817 0.8136 1.0000000 1.0000 1.0000000 348.4280 0.5424884 2.8497 1.0000000 1.0000 1.0 0.0 0.4000000000000001 []
 | 28.0895 36.7175 30.3852 0.5242398 Cc1ccccc1Nc1cc(Nc2cc(F)cnc2Cl)ncn1 1 c1ccc(Nc2cc(Nc3cccnc3)ncn2)cc1 0.2050000 0.2050 0.1773431 0.1773 0.6666667 0.6667 0.8399858 0.8400 1.0000000 1.0000 1.0000000 329.7660 0.5318252 2.3840 1.0000000 1.0000 1.0 0.3333333333333333 0.40370162248868907 []
 | 42.0202 41.2395 -27.9875 0.1035312 Cc1cc(Cl)c2c(c1)CCCC2(CC(=O)OC(C)C)C(=O)O 1 c1ccc2c(c1)CCCC2 0.1900000 0.1900 0.2273315 0.2273 0.6666667 0.6667 0.8039428 0.8039 0.0000000 0.0000 1.0000000 324.8040 0.5521063 3.2712 1.0000000 1.0000 1.0 0.3333333333333333 0.39230090491866065 []
 | 28.6783 29.6263 40.2901 0.5462222 COc1ccccc1NC(=O)CO/N=C/c1ccc(-c2ccccc2Cl)o1 1 O=C(CON=Cc1ccc(-c2ccccc2)o1)Nc1ccccc1 0.2000000 0.2000 0.2832644 0.2833 0.6666667 0.6667 0.7720196 0.7720 1.0000000 1.0000 1.0000000 384.8190 0.5273387 2.1885 1.0000000 1.0000 1.0 0.3333333333333333 0.4 []
 | 38.8316 45.2139 32.9055 0.6103074 CCC[C@@H](c1ccccn1)c1nnc(-c2cccc(F)c2)n1-c1cccc2ccccc12 1 c1ccc(-c2nnc(Cc3ccccn3)n2-c2cccc3ccccc23)cc1 0.2550000 0.2550 0.2237187 0.2237 1.0000000 1.0000 0.7762813 0.7763 1.0000000 1.0000 1.0000000 422.5070 0.5442016 2.9247 1.0000000 1.0000 1.0 0.0 0.43586121644395015 []
 | 30.8665 34.9310 36.6448 0.5591856 Cc1ccc(SCC(=O)O[C@H](C)C(=O)c2ccc3ccccc3c2)cc1 1 O=C(CSc1ccccc1)OCC(=O)c1ccc2ccccc2c1 0.2450000 0.2450 0.2548645 0.2549 0.6666667 0.6667 0.7492939 0.7493 1.0000000 1.0000 1.0000000 364.4660 0.5326231 2.4188 1.0000000 1.0000 1.0 0.3333333333333333 0.4300872004605578 []
 | 43.2167 44.9773 26.5098 0.5584930 CC(C)c1c(NCc2ccc(OCc3cccc(Cl)c3)cc2)ncnc1Oc1c(F)c(F)cc(F)c1F 1 c1ccc(COc2ccc(CNc3cc(Oc4ccccc4)ncn3)cc2)cc1 0.2400000 0.2400 0.2590397 0.2590 0.6666667 0.6667 0.7409603 0.7410 1.0000000 1.0000 1.0000000 531.9370 0.5392138 2.7065 1.0000000 1.0000 1.0 0.3333333333333333 0.4270831300812524 []
 | 31.0517 33.2764 44.8235 0.6101559 O=C(C[n+]1ccc(/C=C\c2ccc(O)cc2)cc1)c1ccc(O)c(O)c1 1 O=C(C[n+]1ccc(C=Cc2ccccc2)cc1)c1ccccc1 0.2600000 0.2600 0.2191987 0.2192 1.0000000 1.0000 0.7808013 0.7808 1.0000000 1.0000 1.0000000 348.3780 0.5353624 2.5383 1.0000000 1.0000 1.0 0.0 0.4386342439892262 []
21:09:20 <INFO> Sampled SMILES C1Cc2cc(O)ccc2C2[C@@]1(C)c1c(C2)c(O)c(ccc1)O failed to sanitize.
21:09:24 <INFO> Score: 0.47 Agent NLL: 30.81 Valid:  98% Step: 60
 | Agent Prior Target Score SMILES SMILES_state Scaffold predicted_activity predicted_activity (raw) training_similarity training_similarity (raw) taf_disrupted taf_disrupted (raw) novelty novelty (raw) stereo_validity stereo_validity (raw) MW_window MW_window (raw) synthetic_feasibility synthetic_feasibility (raw) curated alerts filter curated alerts filter (raw) scaffold_novelty (predicted_activity) taf_consistency (predicted_activity) uncertainty (predicted_activity) matchting_patterns (curated alerts filter)
 | 31.1413 35.3158 39.5762 0.5850941 Cn1ncc2c1CC[C@@H](C(=O)Nc1ccccc1OCc1ccccc1)C2 1 O=C(Nc1ccccc1OCc1ccccc1)C1CCc2[nH]ncc2C1 0.2550000 0.2550 0.4018072 0.4018 0.6666667 0.6667 0.6124334 0.6124 1.0000000 1.0000 1.0000000 361.4450 0.5376462 2.6381 1.0000000 1.0000 1.0 0.3333333333333333 0.43586121644395015 []
 | 51.8422 54.9007 18.8679 0.5763166 C/C(=C\Cc1cccc(Oc2ccc(-c3ccccc3)cc2)c1)CO[C@@H](C)[C@H](O)COc1ccccc1 1 C(=CCc1cccc(Oc2ccc(-c3ccccc3)cc2)c1)COCCCOc1ccccc1 0.2550000 0.2550 0.3222865 0.3223 0.6666667 0.6667 0.6777135 0.6777 1.0000000 1.0000 1.0000000 494.6310 0.5505525 3.2030 1.0000000 1.0000 1.0 0.3333333333333333 0.43586121644395015 []
 | 29.3908 33.7485 34.6069 0.5340266 COc1ccc(NC(=O)COc2ccc(CN3CCC[C@@H](c4ccccc4)C3)cc2)cc1 1 O=C(COc1ccc(CN2CCCC(c3ccccc3)C2)cc1)Nc1ccccc1 0.1700000 0.1700 0.3142093 0.3142 0.6666667 0.6667 0.7064348 0.7064 1.0000000 1.0000 1.0000000 430.5480 0.5307232 2.3360 1.0000000 1.0000 1.0 0.3333333333333333 0.375632799419859 []
 | 35.5517 34.2738 33.0903 0.5262820 C=CCc1cc(/C=C2/SC(=O)N(c3ccc(S(N)(=O)=O)cc3)C2=O)cc(OC)c1O 1 O=C1SC(=Cc2ccccc2)C(=O)N1c1ccccc1 0.1650000 0.1650 0.2689143 0.2689 0.6666667 0.6667 0.7822482 0.7822 1.0000000 1.0000 1.0000000 446.5060 0.5364810 2.5872 1.0000000 1.0000 1.0 0.3333333333333333 0.3711805490593493 []
 | 24.1838 25.5294 44.2118 0.5448534 O=C(CS(=O)(=O)c1ccc(Cl)cc1)Nc1cccc2ccccc12 1 O=C(CS(=O)(=O)c1ccccc1)Nc1cccc2ccccc12 0.2300000 0.2300 0.2226468 0.2226 0.6666667 0.6667 0.7866477 0.7866 1.0000000 1.0000 1.0000000 359.8340 0.5186209 1.8091 1.0000000 1.0000 1.0 0.3333333333333333 0.4208325082500163 []
 | 25.3002 27.0447 42.8474 0.5460327 CCn1nc(C)cc1CN1CCCC(=O)CC1 1 O=C1CCCN(Cc2ccn[nH]2)CC1 0.1400000 0.1400 0.2162162 0.2162 1.0000000 1.0000 0.7965666 0.7966 1.0000000 1.0000 1.0000000 235.3310 0.5315473 2.3719 1.0000000 1.0000 1.0 0.0 0.34698703145794946 []
 | 37.1590 40.6932 -40.6932 0.0000000 C1Cc2cc(O)ccc2C2[C@@]1(C)c1c(C2)c(O)c(ccc1)O 0 -- 0.0000000 0.0000 0.0000000 0.0000 0.0000000 0.0000 0.0000000 0.0000 0.0000000 0.0000 0.0000000 0.0000 0.0000000 0.0000 0.0000000 0.0000 None None None None
 | 22.2018 23.6369 39.5184 0.4934003 O=C(C[n+]1ccccc1)Nc1ccccc1Br 1 O=C(C[n+]1ccccc1)Nc1ccccc1 0.2850000 0.2850 0.2657424 0.2657 0.3333333 0.3333 0.7342576 0.7343 1.0000000 1.0000 1.0000000 292.1560 0.5263999 2.1476 1.0000000 1.0000 1.0 0.6666666666666666 0.4514144437210666 []
 | 30.5581 36.3679 35.3740 0.5604833 c1ccc(CN[C@@H]2C[C@@H]3O[C@@H]2[C@H](n2ccnc2)O3)cc1 1 c1ccc(CNC2CC3OC2C(n2ccnc2)O3)cc1 0.2350000 0.2350 0.2857953 0.2858 0.6666667 0.6667 0.7242233 0.7242 1.0000000 1.0000 1.0000000 271.3200 0.5291263 4.7336 1.0000000 1.0000 1.0 0.3333333333333333 0.4239988207530771 []
 | 27.7338 34.5870 36.4642 0.5550874 CCOc1ccc(N2CCCC[C@@H]2c2ccc(Cl)cc2)nc1 1 c1ccc(C2CCCCN2c2ccccn2)cc1 0.1350000 0.1350 0.2619790 0.2620 1.0000000 1.0000 0.8094698 0.8095 1.0000000 1.0000 1.0000000 316.8320 0.5339879 2.4784 1.0000000 1.0000 1.0 0.0 0.34172357249683555 []
21:09:28 <INFO> Score: 0.52 Agent NLL: 32.85 Valid: 100% Step: 61
 | Agent Prior Target Score SMILES SMILES_state Scaffold predicted_activity predicted_activity (raw) training_similarity training_similarity (raw) taf_disrupted taf_disrupted (raw) novelty novelty (raw) stereo_validity stereo_validity (raw) MW_window MW_window (raw) synthetic_feasibility synthetic_feasibility (raw) curated alerts filter curated alerts filter (raw) scaffold_novelty (predicted_activity) taf_consistency (predicted_activity) uncertainty (predicted_activity) matchting_patterns (curated alerts filter)
 | 25.5663 29.6050 36.4471 0.5160320 CC(=O)Oc1ccc(CC(=O)Nc2ccc(Cl)cc2Cl)cc1 1 O=C(Cc1ccccc1)Nc1ccccc1 0.1600000 0.1600 0.2441931 0.2442 0.6666667 0.6667 0.7894007 0.7894 1.0000000 1.0000 1.0000000 338.1900 0.5170929 1.7426 1.0000000 1.0000 1.0 0.3333333333333333 0.36660605559646714 []
 | 30.5154 33.6856 34.4590 0.5323799 CCOc1ccc(-c2nsc(NC[C@@H](O)COc3ccc(OC)cc3)n2)cc1 1 c1ccc(OCCCNc2nc(-c3ccccc3)ns2)cc1 0.1750000 0.1750 0.2741446 0.2741 0.6666667 0.6667 0.7654213 0.7654 1.0000000 1.0000 1.0000000 401.4880 0.5382652 2.6651 1.0000000 1.0000 1.0 0.3333333333333333 0.3799671038392666 []
 | 38.9026 40.0272 32.4442 0.5661828 CN1CC[C@@H](NC(=O)Nc2cccc(OC3CCCC3)c2)[C@H](c2ccccc2)[C@H]1O 1 O=C(Nc1cccc(OC2CCCC2)c1)NC1CCNCC1c1ccccc1 0.2500000 0.2500 0.2684624 0.2685 0.6666667 0.6667 0.7315376 0.7315 1.0000000 1.0000 1.0000000 409.5300 0.5554730 3.4191 1.0000000 1.0000 1.0 0.3333333333333333 0.4330127018922193 []
 | 31.1599 36.4274 33.4316 0.5457732 COc1cccc(CN2CCC(C(=O)N3C[C@H](Oc4cccnc4)C[C@H]3CO)CC2)c1 1 O=C(C1CCN(Cc2ccccc2)CC1)N1CCC(Oc2cccnc2)C1 0.1950000 0.1950 0.2876780 0.2877 0.6666667 0.6667 0.7453142 0.7453 1.0000000 1.0000 1.0000000 425.5290 0.5481844 3.0991 1.0000000 1.0000 1.0 0.3333333333333333 0.3962007067131506 []
 | 27.7058 33.4906 34.1262 0.5282563 Cc1ccnc(Nc2cnn(CC(=O)NCCc3ccncc3)c2)c1 1 O=C(Cn1cc(Nc2ccccn2)cn1)NCCc1ccncc1 0.2050000 0.2050 0.1940990 0.1941 0.6666667 0.6667 0.8140038 0.8140 1.0000000 1.0000 1.0000000 336.3990 0.5303706 2.3206 1.0000000 1.0000 1.0 0.3333333333333333 0.403701622488689 []
 | 35.0951 38.7107 34.0558 0.5684888 NCc1ncc(CNC(=O)C[C@@H]2CSc3ccccc32)o1 1 O=C(CC1CSc2ccccc21)NCc1cnco1 0.2500000 0.2500 0.2832116 0.2832 0.6666667 0.6667 0.7181732 0.7182 1.0000000 1.0000 1.0000000 303.3870 0.5522389 3.2770 1.0000000 1.0000 1.0 0.3333333333333333 0.4330127018922193 []
 | 24.4721 27.5977 38.2593 0.5145080 CCNCc1ccc2ccccc2c1Oc1ccccc1OC 1 c1ccc(Oc2cccc3ccccc23)cc1 0.1550000 0.1550 0.2442250 0.2442 0.6666667 0.6667 0.8108108 0.8108 1.0000000 1.0000 1.0000000 307.3930 0.5212413 1.9231 1.0000000 1.0000 1.0 0.3333333333333333 0.36190468358395134 []
 | 29.2900 31.1256 48.7593 0.6241008 O=C(O)c1cc(=O)n(C[C@@H]2COc3ccccc3O2)c2ccccc12 1 O=c1ccc2ccccc2n1CC1COc2ccccc2O1 0.2350000 0.2350 0.3409972 0.3410 1.0000000 1.0000 0.6814070 0.6814 1.0000000 1.0000 1.0000000 337.3310 0.5380087 2.6539 1.0000000 1.0000 1.0 0.0 0.4239988207530771 []
 | 28.7745 30.4343 37.4860 0.5306275 C=C[C@H]1O[C@H](CO)[C@H](O)[C@@H](N)[C@@H]1O 1 C1CCOCC1 0.1300000 0.1300 0.4279605 0.4280 0.6666667 0.6667 0.7646606 0.7647 1.0000000 1.0000 1.0000000 189.2110 0.5388845 4.3078 1.0000000 1.0000 1.0 0.3333333333333333 0.33630343441600474 []
 | 23.6619 24.3836 51.3971 0.5920362 Clc1ncccc1Cn1ccnc1 1 c1cncc(Cn2ccnc2)c1 0.2300000 0.2300 0.1995931 0.1996 1.0000000 1.0000 0.8199099 0.8199 1.0000000 1.0000 1.0000000 193.6370 0.5296206 2.2879 1.0000000 1.0000 1.0 0.0 0.4208325082500163 []
21:09:28 <INFO> Sampled SMILES O=C1N(C(=O)[C@H](Cc2ccc(Cl)cc2)N1CCn1ncccc1)CCC failed to sanitize.
21:09:32 <INFO> Score: 0.49 Agent NLL: 32.27 Valid:  98% Step: 62
 | Agent Prior Target Score SMILES SMILES_state Scaffold predicted_activity predicted_activity (raw) training_similarity training_similarity (raw) taf_disrupted taf_disrupted (raw) novelty novelty (raw) stereo_validity stereo_validity (raw) MW_window MW_window (raw) synthetic_feasibility synthetic_feasibility (raw) curated alerts filter curated alerts filter (raw) scaffold_novelty (predicted_activity) taf_consistency (predicted_activity) uncertainty (predicted_activity) matchting_patterns (curated alerts filter)
 | 28.5933 34.7175 -20.9333 0.1076885 Cc1cccc(NC(=O)C(C)Nc2nc(C)cc(Oc3ccccc3)n2)c1 1 O=C(CNc1nccc(Oc2ccccc2)n1)Nc1ccccc1 0.2400000 0.2400 0.2372895 0.2373 0.6666667 0.6667 0.7627105 0.7627 0.0000000 0.0000 1.0000000 362.4330 0.5353945 2.5397 1.0000000 1.0000 1.0 0.3333333333333333 0.4270831300812525 []
 | 29.7616 30.5920 -29.5083 0.0084662 C=CC[C@@]1(C)NC[C@@H](C)N1 1 C1CNCN1 0.1200000 0.1200 0.3202563 0.3203 0.6666667 0.6667 0.8125915 0.8126 1.0000000 1.0000 0.0000000 140.2300 0.5287756 4.7489 1.0000000 1.0000 1.0 0.3333333333333333 0.3249615361854384 []
 | 49.5629 50.6103 22.8592 0.5739803 Cc1ccc(C(/C=C\C=O)=C/N(C)C(=O)c2c(O)ccc(C)c2F)cc1 1 O=C(NC=Cc1ccccc1)c1ccccc1 0.2150000 0.2150 0.1591320 0.1591 1.0000000 1.0000 0.8529571 0.8530 1.0000000 1.0000 1.0000000 353.3930 0.5468369 3.0401 1.0000000 1.0000 1.0 0.0 0.41082234603292944 []
 | 30.6313 39.0703 32.0398 0.5555477 C[C@@H](CC[C@H]1CCc2ccccc2C1=O)Nc1cccnn1 1 O=C1c2ccccc2CCC1CCCNc1cccnn1 0.2200000 0.2200 0.2733634 0.2734 0.6666667 0.6667 0.7601994 0.7602 1.0000000 1.0000 1.0000000 295.3860 0.5514440 3.2421 1.0000000 1.0000 1.0 0.3333333333333333 0.41424630354415964 []
 | 38.2527 42.6145 35.0973 0.6071235 COc1cc([C@@H]2CN(Cc3ccccc3)[C@H]3C=CCC[C@@H]23)ccc1C 1 C1=CC2C(CC1)C(c1ccccc1)CN2Cc1ccccc1 0.2100000 0.2100 0.3053124 0.3053 1.0000000 1.0000 0.6946876 0.6947 1.0000000 1.0000 1.0000000 333.4750 0.5547850 3.3889 1.0000000 1.0000 1.0 0.0 0.4073082370883261 []
 | 23.8207 27.9493 41.3941 0.5417456 Cc1cc(NCc2ccc3c(c2)OCCO3)c2ccccc2n1 1 c1ccc2c(NCc3ccc4c(c3)OCCO4)ccnc2c1 0.2000000 0.2000 0.2650795 0.2651 0.6666667 0.6667 0.7716942 0.7717 1.0000000 1.0000 1.0000000 306.3650 0.5234192 2.0178 1.0000000 1.0000 1.0 0.3333333333333333 0.4 []
 | 34.7781 33.4840 37.4634 0.5542762 CC(C)c1ccccc1N(C)c1ccc(N)c(N(C)C)c1 1 c1ccc(Nc2ccccc2)cc1 0.2700000 0.2700 0.1903045 0.1903 0.6666667 0.6667 0.8282908 0.8283 1.0000000 1.0000 1.0000000 283.4190 0.5311016 2.3525 1.0000000 1.0000 1.0 0.3333333333333333 0.4439594576084623 []
 | 27.2138 28.3619 42.1611 0.5509609 C[C@H](NC(=O)CN1CCCc2ccccc21)c1cccc2ccccc12 1 O=C(CN1CCCc2ccccc21)NCc1cccc2ccccc12 0.2400000 0.2400 0.2248469 0.2248 0.6666667 0.6667 0.7818462 0.7818 1.0000000 1.0000 1.0000000 344.4580 0.5323189 2.4056 1.0000000 1.0000 1.0 0.3333333333333333 0.4270831300812525 []
 | 24.2364 24.3262 39.9171 0.5019003 Cc1ccc(C)c(CN2CCN(CCN)CC2)c1 1 c1ccc(CN2CCNCC2)cc1 0.1650000 0.1650 0.1682978 0.1683 0.6666667 0.6667 0.8818923 0.8819 1.0000000 1.0000 1.0000000 247.3860 0.5205200 1.8917 1.0000000 1.0000 1.0 0.3333333333333333 0.37118054905934933 []
 | 26.6062 27.0834 -12.3915 0.1147804 Cc1ccc(N2CC3OCCN(C)C3C2)nn1 1 c1cnnc(N2CC3NCCOC3C2)c1 0.2100000 0.2100 0.2133523 0.2134 1.0000000 1.0000 0.8199099 0.8199 0.0000000 0.0000 1.0000000 234.3030 0.5570592 3.4889 1.0000000 1.0000 1.0 0.0 0.40730823708832603 []
21:09:36 <INFO> Score: 0.49 Agent NLL: 31.75 Valid: 100% Step: 63
 | Agent Prior Target Score SMILES SMILES_state Scaffold predicted_activity predicted_activity (raw) training_similarity training_similarity (raw) taf_disrupted taf_disrupted (raw) novelty novelty (raw) stereo_validity stereo_validity (raw) MW_window MW_window (raw) synthetic_feasibility synthetic_feasibility (raw) curated alerts filter curated alerts filter (raw) scaffold_novelty (predicted_activity) taf_consistency (predicted_activity) uncertainty (predicted_activity) matchting_patterns (curated alerts filter)
 | 24.8492 25.8910 45.0822 0.5544776 COc1ccc(OC)c(NC(=O)c2cc3ccccc3o2)c1 1 O=C(Nc1ccccc1)c1cc2ccccc2o1 0.2100000 0.2100 0.3190081 0.3190 0.6666667 0.6667 0.7175771 0.7176 1.0000000 1.0000 1.0000000 297.3100 0.5179228 1.7787 1.0000000 1.0000 1.0 0.3333333333333333 0.40730823708832603 []
 | 31.0734 33.5437 39.0615 0.5672286 COc1ccc(-c2ccc(-c3ccccc3C(=O)O)cn2)cc1F 1 c1ccc(-c2ccc(-c3ccccc3)nc2)cc1 0.1600000 0.1600 0.2619790 0.2620 1.0000000 1.0000 0.7432519 0.7433 1.0000000 1.0000 1.0000000 323.3230 0.5203350 1.8836 1.0000000 1.0000 1.0 0.0 0.36660605559646714 []
 | 30.3345 32.2361 37.2658 0.5429833 CCn1nc(NC(=O)Nc2cccc(SC)c2)c2ccccc21 1 O=C(Nc1ccccc1)Nc1n[nH]c2ccccc12 0.2350000 0.2350 0.2023622 0.2024 0.6666667 0.6667 0.8060855 0.8061 1.0000000 1.0000 1.0000000 326.4250 0.5267374 2.1623 1.0000000 1.0000 1.0 0.3333333333333333 0.4239988207530771 []
 | 30.4639 34.9766 36.9176 0.5616732 Cc1cccc(CN2CC[C@@H](O)[C@H](C(=O)c3ccccc3C)C2)c1 1 O=C(c1ccccc1)C1CCCN(Cc2ccccc2)C1 0.2300000 0.2300 0.2923009 0.2923 0.6666667 0.6667 0.7333676 0.7334 1.0000000 1.0000 1.0000000 323.4360 0.5416865 2.8146 1.0000000 1.0000 1.0 0.3333333333333333 0.4208325082500163 []
 | 45.4668 47.5224 14.7024 0.4861315 O[C@@H]1CC(N2CCN(CC3CC3)CC2c2ncon2)C[C@H]1c1ccccc1 1 c1ccc(C2CCC(N3CCN(CC4CC4)CC3c3ncon3)C2)cc1 0.1550000 0.1550 0.2553999 0.2554 0.6666667 0.6667 0.7515987 0.7516 0.5000000 0.5000 1.0000000 368.4810 0.5450639 4.0376 1.0000000 1.0000 1.0 0.3333333333333333 0.36190468358395134 []
 | 31.9432 36.4562 33.8617 0.5493587 C[C@@H](CCc1cccc(F)c1)CNc1cc(-n2ccnc2)ncn1 1 c1ccc(CCCCNc2cc(-n3ccnc3)ncn2)cc1 0.2450000 0.2450 0.2051823 0.2052 0.6666667 0.6667 0.7948177 0.7948 1.0000000 1.0000 1.0000000 325.3910 0.5444027 2.9335 1.0000000 1.0000 1.0 0.3333333333333333 0.4300872004605578 []
 | 37.0145 34.9937 -34.9937 0.0000000 Cc1ccc([S+]([O-])Nc2c(C#N)cnn2C)c([N+](=O)[O-])c1 1 c1ccc([SH+]Nc2ccn[nH]2)cc1 0.0000000 0.0000 0.0000000 0.0000 0.0000000 0.0000 0.0000000 0.0000 0.0000000 0.0000 0.0000000 0.0000 0.0000000 0.0000 0.0000000 0.0000 None None None ['[#7;!n][S;!$(S(=O)=O)]']
 | 26.8864 31.2155 46.1786 0.6046417 Cn1cnnc1Sc1cccc(SCc2ccccc2)c1 1 c1ccc(CSc2cccc(Sc3nnc[nH]3)c2)cc1 0.2300000 0.2300 0.2533473 0.2533 1.0000000 1.0000 0.7599787 0.7600 1.0000000 1.0000 1.0000000 313.4510 0.5278628 2.2113 1.0000000 1.0000 1.0 0.0 0.4208325082500163 []
 | 35.1537 37.7169 28.9199 0.5205996 COc1cc2c(cc1OC)[C@]1(CC2)OCC[C@H]1NCc1ccccn1 1 c1ccc(CNC2CCOC23CCc2ccccc23)nc1 0.1450000 0.1450 0.3032037 0.3032 0.6666667 0.6667 0.7401111 0.7401 1.0000000 1.0000 1.0000000 340.4230 0.5485488 3.8849 1.0000000 1.0000 1.0 0.3333333333333333 0.352100837829165 []
 | 39.9650 41.5129 -26.8575 0.1144949 O=C(NCc1ccc(C(F)(F)F)cn1)C(CO)Nc1cccc(F)c1F 1 O=C(CNc1ccccc1)NCc1ccccn1 0.3150000 0.3150 0.2680281 0.2680 0.6666667 0.6667 0.7389815 0.7390 0.0000000 0.0000 1.0000000 375.2970 0.5427518 2.8612 1.0000000 1.0000 1.0 0.3333333333333333 0.46451587701606073 []
21:09:40 <INFO> Score: 0.50 Agent NLL: 31.72 Valid: 100% Step: 64
 | Agent Prior Target Score SMILES SMILES_state Scaffold predicted_activity predicted_activity (raw) training_similarity training_similarity (raw) taf_disrupted taf_disrupted (raw) novelty novelty (raw) stereo_validity stereo_validity (raw) MW_window MW_window (raw) synthetic_feasibility synthetic_feasibility (raw) curated alerts filter curated alerts filter (raw) scaffold_novelty (predicted_activity) taf_consistency (predicted_activity) uncertainty (predicted_activity) matchting_patterns (curated alerts filter)
 | 41.1099 46.3397 29.0117 0.5886832 O=C(Nc1ccccc1)c1cc(C2C=CCC=C2)ncc1CNCc1ccc(F)cc1 1 O=C(Nc1ccccc1)c1cc(C2C=CCC=C2)ncc1CNCc1ccccc1 0.3050000 0.3050 0.2908343 0.2908 0.6666667 0.6667 0.7091657 0.7092 1.0000000 1.0000 1.0000000 413.4960 0.5396888 2.7273 1.0000000 1.0000 1.0 0.3333333333333333 0.460407428263272 []
 | 47.5825 49.0538 -47.9715 0.0084550 COc1cc(CC(=O)N[C@@H](Cc2ccccc2)C[C@H](O)C(=O)OCc2ccccc2)cnc1OC(=O)c1ccccc1 1 O=C(Cc1ccc(OC(=O)c2ccccc2)nc1)NC(CCC(=O)OCc1ccccc1)Cc1ccccc1 0.2800000 0.2800 0.3608049 0.3608 0.3333333 0.3333 0.6391951 0.6392 1.0000000 1.0000 0.0000000 568.6260 0.5522593 3.2779 1.0000000 1.0000 1.0 0.6666666666666666 0.44899888641287294 []
 | 32.0004 30.9255 48.5634 0.6210072 OB(O)OCCOc1ccc2ccccc2c1O 1 c1ccc2ccccc2c1 0.2500000 0.2500 0.2906191 0.2906 1.0000000 1.0000 0.7093809 0.7094 1.0000000 1.0000 1.0000000 248.0430 0.5337206 2.4667 1.0000000 1.0000 1.0 0.0 0.4330127018922193 []
 | 47.1178 48.5094 -48.5094 0.0000000 CCN(C)C(=O)[C@@]12CCCCCC[C@@]1(O)C2(c1ccccc1)c1ccccc1 1 c1ccc(C2(c3ccccc3)C3CCCCCCC32)cc1 0.0000000 0.0000 0.0000000 0.0000 0.0000000 0.0000 0.0000000 0.0000 0.0000000 0.0000 0.0000000 0.0000 0.0000000 0.0000 0.0000000 0.0000 None None None ['[*;r{8-17}]']
 | 34.3172 41.2026 18.6637 0.4677054 CCCOc1ccc(Cc2ccccc2)c(Nc2cccc(F)c2C#N)c1 1 c1ccc(Cc2ccccc2Nc2ccccc2)cc1 0.2050000 0.2050 0.2818268 0.2818 0.3333333 0.3333 0.7181732 0.7182 1.0000000 1.0000 1.0000000 360.4320 0.5265845 2.1556 1.0000000 1.0000 1.0 0.6666666666666666 0.40370162248868907 []
 | 30.7427 38.3290 37.4690 0.5921719 O=C(NCc1ccccn1)c1cccc(COc2ccccc2Cc2ccsc2)c1 1 O=C(NCc1ccccn1)c1cccc(COc2ccccc2Cc2ccsc2)c1 0.3000000 0.3000 0.3355780 0.3356 0.6666667 0.6667 0.6644220 0.6644 1.0000000 1.0000 1.0000000 414.5300 0.5266944 2.1604 1.0000000 1.0000 1.0 0.3333333333333333 0.45825756949558394 []
 | 53.0106 54.6094 -54.6094 0.0000000 C=c1cccc/c1=C(\c1ccccc1)n1c2ccccc2c2ccc(c3ccccc3c3ccc(-c4ccccc4)cc31)n(-c1ccccc1)c1ccccc21 1 C=c1ccccc1=C(c1ccccc1)n1c2ccccc2c2ccc(c3ccccc3c3ccc(-c4ccccc4)cc31)n(-c1ccccc1)c1ccccc21 0.0000000 0.0000 0.0000000 0.0000 0.0000000 0.0000 0.0000000 0.0000 0.0000000 0.0000 0.0000000 0.0000 0.0000000 0.0000 0.0000000 0.0000 None None None ['[*;r{8-17}]']
 | 40.7655 42.3561 31.2252 0.5748538 COc1cnc(C[C@@H]2CCCN(Cc3ccnn3C)C2)cc1C(=O)O 1 c1ccc(CC2CCCN(Cc3ccn[nH]3)C2)nc1 0.1600000 0.1600 0.2764295 0.2764 1.0000000 1.0000 0.7604730 0.7605 1.0000000 1.0000 1.0000000 344.4150 0.5485170 3.1137 1.0000000 1.0000 1.0 0.0 0.36660605559646714 []
 | 22.7193 24.4081 50.6471 0.5863686 O=c1ccc2cc(S(=O)(=O)N3CCc4ccccc4C3)ccc2o1 1 O=c1ccc2cc(S(=O)(=O)N3CCc4ccccc4C3)ccc2o1 0.2100000 0.2100 0.2168832 0.2169 1.0000000 1.0000 0.7970615 0.7971 1.0000000 1.0000 1.0000000 341.3880 0.5258532 2.1238 1.0000000 1.0000 1.0 0.0 0.4073082370883261 []
 | 31.7669 37.0882 41.3663 0.6129263 COc1cc([C@@H]2c3ccc(O)cc3Oc3ccc4ccccc4c32)cc(OC)c1O 1 c1ccc(C2c3ccccc3Oc3ccc4ccccc4c32)cc1 0.2250000 0.2250 0.3011721 0.3012 1.0000000 1.0000 0.7091283 0.7091 1.0000000 1.0000 1.0000000 400.4300 0.5419168 2.8247 1.0000000 1.0000 1.0 0.0 0.41758232721225164 []
21:09:40 <INFO> Sampled SMILES c1c(C)c2c(cc1C)c(c(c1n2cccc1)O)O failed to sanitize.
21:09:40 <INFO> Sampled SMILES c12NC[C@H](Nc2ccc(OCc2ccccc2)c1)(C)C failed to sanitize.
21:09:44 <INFO> Score: 0.51 Agent NLL: 30.06 Valid:  97% Step: 65
 | Agent Prior Target Score SMILES SMILES_state Scaffold predicted_activity predicted_activity (raw) training_similarity training_similarity (raw) taf_disrupted taf_disrupted (raw) novelty novelty (raw) stereo_validity stereo_validity (raw) MW_window MW_window (raw) synthetic_feasibility synthetic_feasibility (raw) curated alerts filter curated alerts filter (raw) scaffold_novelty (predicted_activity) taf_consistency (predicted_activity) uncertainty (predicted_activity) matchting_patterns (curated alerts filter)
 | 33.6100 36.0413 33.2345 0.5412169 C#Cc1cccc(N2C(=O)/C(=C/c3ccc(OCC(=O)O)c(OCC)c3)SC2=S)c1 1 O=C1C(=Cc2ccccc2)SC(=S)N1c1ccccc1 0.2100000 0.2100 0.2399520 0.2400 0.6666667 0.6667 0.7600480 0.7600 1.0000000 1.0000 1.0000000 439.5140 0.5349892 2.5221 1.0000000 1.0000 1.0 0.3333333333333333 0.40730823708832603 []
 | 20.7628 22.7942 53.1871 0.5936041 C(=C/c1ccccc1)/C=C/c1ccncc1 1 C(C=Cc1ccncc1)=Cc1ccccc1 0.2250000 0.2250 0.2205644 0.2206 1.0000000 1.0000 0.7794356 0.7794 1.0000000 1.0000 1.0000000 207.2760 0.5240547 2.0455 1.0000000 1.0000 1.0 0.0 0.41758232721225164 []
 | 26.7994 30.3490 47.6713 0.6095332 CCCCN(Cc1cccc(C)c1)C(=O)c1cccc(C)c1 1 O=C(NCc1ccccc1)c1ccccc1 0.2200000 0.2200 0.3056735 0.3057 1.0000000 1.0000 0.7297298 0.7297 1.0000000 1.0000 1.0000000 295.4260 0.5175412 1.7621 1.0000000 1.0000 1.0 0.0 0.41424630354415964 []
 | 37.5100 47.4297 22.4431 0.5458816 Cc1cc(CN2C[C@H](c3ccccc3)[C@H]2C(=O)Nc2ccccc2Oc2ccccc2)on1 1 O=C(Nc1ccccc1Oc1ccccc1)C1C(c2ccccc2)CN1Cc1ccno1 0.2000000 0.2000 0.2830773 0.2831 0.6666667 0.6667 0.7169227 0.7169 1.0000000 1.0000 1.0000000 439.5150 0.5485705 3.1161 1.0000000 1.0000 1.0 0.3333333333333333 0.4 []
 | 26.8541 32.1008 43.8030 0.5929983 Cc1cccnc1CN1CCN(C2c3ccccc3CCc3ccccc32)CC1 1 c1ccc(CN2CCN(C3c4ccccc4CCc4ccccc43)CC2)nc1 0.1900000 0.1900 0.2857953 0.2858 1.0000000 1.0000 0.7689267 0.7689 1.0000000 1.0000 1.0000000 383.5390 0.5295281 2.2839 1.0000000 1.0000 1.0 0.0 0.39230090491866065 []
 | 27.7287 29.9396 39.3458 0.5412920 COCCSc1sc(Nc2ccccc2)nc1N 1 c1ccc(Nc2nccs2)cc1 0.2100000 0.2100 0.2409901 0.2410 0.6666667 0.6667 0.7599787 0.7600 1.0000000 1.0000 1.0000000 281.4060 0.5333796 2.4518 1.0000000 1.0000 1.0 0.3333333333333333 0.4073082370883261 []
 | 24.9886 30.1647 44.4559 0.5829733 O=C(NCCOc1ccccc1)c1ccccc1Oc1cccc(Cl)c1 1 O=C(NCCOc1ccccc1)c1ccccc1Oc1ccccc1 0.2800000 0.2800 0.3297751 0.3298 0.6666667 0.6667 0.6702249 0.6702 1.0000000 1.0000 1.0000000 367.8320 0.5171512 1.7452 1.0000000 1.0000 1.0 0.3333333333333333 0.44899888641287294 []
 | 33.4342 39.2201 33.2285 0.5660047 CCCOc1cc(F)ccc1OC[C@@H](O)CN1CC[C@H](c2ccccc2)C1 1 c1ccc(OCCCN2CCC(c3ccccc3)C2)cc1 0.2200000 0.2200 0.3677177 0.3677 0.6666667 0.6667 0.6322823 0.6323 1.0000000 1.0000 1.0000000 373.4680 0.5415334 2.8079 1.0000000 1.0000 1.0 0.3333333333333333 0.41424630354415964 []
 | 22.3280 26.6326 43.4888 0.5478232 c1ccc(CCCNc2ccc(Sc3nncs3)cc2)cc1 1 c1ccc(CCCNc2ccc(Sc3nncs3)cc2)cc1 0.2300000 0.2300 0.2339439 0.2339 0.6666667 0.6667 0.7660561 0.7661 1.0000000 1.0000 1.0000000 327.4780 0.5266398 2.1580 1.0000000 1.0000 1.0 0.3333333333333333 0.4208325082500163 []
 | 29.4132 29.7588 45.7412 0.5898436 C=CCC(=O)c1cc(Cl)c(Cl)nc1Cl 1 c1ccncc1 0.1900000 0.1900 0.2511059 0.2511 1.0000000 1.0000 0.8473594 0.8474 1.0000000 1.0000 1.0000000 250.5120 0.5419115 2.8245 1.0000000 1.0000 1.0 0.0 0.39230090491866065 []
21:09:48 <INFO> Score: 0.52 Agent NLL: 32.28 Valid: 100% Step: 66
 | Agent Prior Target Score SMILES SMILES_state Scaffold predicted_activity predicted_activity (raw) training_similarity training_similarity (raw) taf_disrupted taf_disrupted (raw) novelty novelty (raw) stereo_validity stereo_validity (raw) MW_window MW_window (raw) synthetic_feasibility synthetic_feasibility (raw) curated alerts filter curated alerts filter (raw) scaffold_novelty (predicted_activity) taf_consistency (predicted_activity) uncertainty (predicted_activity) matchting_patterns (curated alerts filter)
 | 31.0080 33.2983 37.4816 0.5529684 N/C(=C\C(=O)NCCc1cccc2ccccc12)c1ccccc1 1 O=C(C=Cc1ccccc1)NCCc1cccc2ccccc12 0.2200000 0.2200 0.2750860 0.2751 0.6666667 0.6667 0.7630758 0.7631 1.0000000 1.0000 1.0000000 316.4040 0.5243242 2.0572 1.0000000 1.0000 1.0 0.3333333333333333 0.41424630354415964 []
 | 29.7457 32.9535 42.8233 0.5920065 O=c1[nH]cncc1CN1C[C@H](CO)C[C@@H]1Cc1ccccc1 1 O=c1[nH]cncc1CN1CCCC1Cc1ccccc1 0.2750000 0.2750 0.3836809 0.3837 0.6666667 0.6667 0.6163191 0.6163 1.0000000 1.0000 1.0000000 299.3740 0.5525032 3.2886 1.0000000 1.0000 1.0 0.3333333333333333 0.44651427748729383 []
 | 31.3314 34.9493 39.1056 0.5785541 Cc1ccccc1Oc1ccc(C(=O)N(Cc2ccccn2)C2CC2)nn1 1 O=C(c1ccc(Oc2ccccc2)nn1)N(Cc1ccccn1)C1CC1 0.1700000 0.1700 0.2776029 0.2776 1.0000000 1.0000 0.7467749 0.7468 1.0000000 1.0000 1.0000000 360.4170 0.5309327 2.3451 1.0000000 1.0000 1.0 0.0 0.37563279941985894 []
 | 40.8255 43.1164 27.1472 0.5489348 CO[C@H]1CC[C@@H](C=Cc2cccc(N3CCOCC3)c2)O[C@@H]1CO 1 C(=CC1CCCCO1)c1cccc(N2CCOCC2)c1 0.1900000 0.1900 0.3055661 0.3056 0.6666667 0.6667 0.7697954 0.7698 1.0000000 1.0000 1.0000000 333.4280 0.5558188 3.5657 1.0000000 1.0000 1.0 0.3333333333333333 0.39230090491866065 []
 | 34.5918 38.9299 20.7752 0.4664459 O=C(COC(=O)c1cccs1)N[C@H]1CCc2cccc(Oc3ccccc3)c21 1 O=C(COC(=O)c1cccs1)NC1CCc2cccc(Oc3ccccc3)c21 0.2100000 0.2100 0.2513675 0.2514 0.3333333 0.3333 0.7515987 0.7516 1.0000000 1.0000 1.0000000 393.4640 0.5395138 2.7196 1.0000000 1.0000 1.0 0.6666666666666666 0.4073082370883261 []
 | 42.7166 48.2798 24.7067 0.5702074 Cc1cc(Cc2nc3cccc(C(F)(F)F)c3s2)c(C)nc1OCCCF 1 c1cncc(Cc2nc3ccccc3s2)c1 0.1750000 0.1750 0.2130215 0.2130 1.0000000 1.0000 0.8267242 0.8267 1.0000000 1.0000 1.0000000 398.4250 0.5452490 2.9705 1.0000000 1.0000 1.0 0.0 0.3799671038392666 []
 | 41.6174 47.5721 13.6267 0.4781157 O[C@@H](CNCc1nc(Oc2ccc(F)c(F)c2)ccc1Br)c1ccccc1F 1 c1ccc(CCNCc2cccc(Oc3ccccc3)n2)cc1 0.2500000 0.2500 0.2324953 0.2325 0.3333333 0.3333 0.7675047 0.7675 1.0000000 1.0000 1.0000000 453.2580 0.5443434 2.9309 1.0000000 1.0000 1.0 0.6666666666666666 0.4330127018922193 []
 | 23.9149 24.0241 44.8759 0.5382814 CC(C)Cc1cc(Br)cc2c1OCC2 1 c1ccc2c(c1)CCO2 0.2200000 0.2200 0.2034190 0.2034 0.6666667 0.6667 0.8209713 0.8210 1.0000000 1.0000 1.0000000 255.1550 0.5326010 2.4179 1.0000000 1.0000 1.0 0.3333333333333333 0.4142463035441596 []
 | 24.2264 27.4751 43.2416 0.5524737 c1cc2cc(Oc3ccsc3)ccc2cn1 1 c1cc2cc(Oc3ccsc3)ccc2cn1 0.1800000 0.1800 0.1517942 0.1518 1.0000000 1.0000 0.8818923 0.8819 1.0000000 1.0000 1.0000000 227.2880 0.5294980 2.2826 1.0000000 1.0000 1.0 0.0 0.38418745424597095 []
 | 25.8589 31.0232 44.1539 0.5873212 CC[C@H]1C[C@H](Oc2ccccc2)CN1C/C=C/c1ccccc1 1 C(=Cc1ccccc1)CN1CCC(Oc2ccccc2)C1 0.1850000 0.1850 0.2716256 0.2716 1.0000000 1.0000 0.7400624 0.7401 1.0000000 1.0000 1.0000000 307.4370 0.5456004 2.9859 1.0000000 1.0000 1.0 0.0 0.3882975663070784 []
21:09:49 <INFO> Sampled SMILES N1(c2c(cnc(Nc3nc4n(cccc4OC)cc3)c2)Cl)CCC(C)CC1 failed to sanitize.
21:09:49 <INFO> Sampled SMILES n1c2c(cccc2)cc(Cc2nn3c4c(CCc5c-2cccc5)cccc4c3)c1 failed to sanitize.
21:09:53 <INFO> Score: 0.48 Agent NLL: 31.78 Valid:  97% Step: 67
 | Agent Prior Target Score SMILES SMILES_state Scaffold predicted_activity predicted_activity (raw) training_similarity training_similarity (raw) taf_disrupted taf_disrupted (raw) novelty novelty (raw) stereo_validity stereo_validity (raw) MW_window MW_window (raw) synthetic_feasibility synthetic_feasibility (raw) curated alerts filter curated alerts filter (raw) scaffold_novelty (predicted_activity) taf_consistency (predicted_activity) uncertainty (predicted_activity) matchting_patterns (curated alerts filter)
 | 39.2840 46.8209 -33.6767 0.1026893 Cc1nccc(Nc2ccc(NC3CCCN(c4ccc(-c5ccccc5)cc4)C3)nc2)n1 1 c1ccc(-c2ccc(N3CCCC(Nc4ccc(Nc5ccncn5)cn4)C3)cc2)cc1 0.1800000 0.1800 0.2316431 0.2316 0.6666667 0.6667 0.8226596 0.8227 0.0000000 0.0000 1.0000000 436.5630 0.5414062 2.8024 1.0000000 1.0000 1.0 0.3333333333333333 0.38418745424597095 []
 | 22.6590 23.2650 46.3652 0.5439858 CCOc1ccc(NC(=O)Nc2ccc([N+](=O)[O-])cc2)cc1 1 O=C(Nc1ccccc1)Nc1ccccc1 0.1950000 0.1950 0.2946194 0.2946 0.6666667 0.6667 0.7574644 0.7575 1.0000000 1.0000 1.0000000 301.3020 0.5146795 1.6377 1.0000000 1.0000 1.0 0.3333333333333333 0.3962007067131506 []
 | 48.8487 50.7906 17.3443 0.5323033 C=C1C[C@](CC#N)(c2ccccc2)[C@H](C)[C@@H]1c1cccc(Cl)c1Cl 1 C=C1CC(c2ccccc2)CC1c1ccccc1 0.1750000 0.1750 0.2625754 0.2626 0.6666667 0.6667 0.7904709 0.7905 1.0000000 1.0000 1.0000000 356.2960 0.5505140 3.7987 1.0000000 1.0000 1.0 0.3333333333333333 0.3799671038392666 []
 | 33.3008 36.3802 33.9909 0.5497738 Nc1ccc2ccc(-n3cc4ccccc4c3O)cc2c1 1 c1ccc2cc(-n3cc4ccccc4c3)ccc2c1 0.2550000 0.2550 0.1973594 0.1974 0.6666667 0.6667 0.8026406 0.8026 1.0000000 1.0000 1.0000000 274.3230 0.5313789 2.3646 1.0000000 1.0000 1.0 0.3333333333333333 0.43586121644395015 []
 | 37.5269 41.8558 25.8309 0.5288024 Oc1ccc(O)c(Oc2ccc(Nc3ncc(Cl)c(NC4CC4)n3)cc2)c1 1 c1ccc(Oc2ccc(Nc3nccc(NC4CC4)n3)cc2)cc1 0.1950000 0.1950 0.2156655 0.2157 0.6666667 0.6667 0.7907543 0.7908 1.0000000 1.0000 1.0000000 384.8230 0.5310830 2.3517 1.0000000 1.0000 1.0 0.3333333333333333 0.3962007067131506 []
 | 42.3638 46.6122 -46.6122 0.0000000 N1(c2c(cnc(Nc3nc4n(cccc4OC)cc3)c2)Cl)CCC(C)CC1 0 -- 0.0000000 0.0000 0.0000000 0.0000 0.0000000 0.0000 0.0000000 0.0000 0.0000000 0.0000 0.0000000 0.0000 0.0000000 0.0000 0.0000000 0.0000 None None None None
 | 29.6349 36.8732 42.4813 0.6199574 CC[C@H]1C[C@@H](c2nc(Cc3ccccc3)co2)CN1Cc1ccccc1 1 c1ccc(Cc2coc(C3CCN(Cc4ccccc4)C3)n2)cc1 0.2350000 0.2350 0.3096116 0.3096 1.0000000 1.0000 0.6991527 0.6992 1.0000000 1.0000 1.0000000 346.4740 0.5495251 3.1579 1.0000000 1.0000 1.0 0.0 0.4239988207530771 []
 | 26.0763 28.9566 53.8705 0.6470866 O=c1c([N+](=O)[O-])coc2ccc(OCc3ccccc3)cc12 1 O=c1ccoc2ccc(OCc3ccccc3)cc12 0.2700000 0.2700 0.4312443 0.4312 1.0000000 1.0000 0.5687557 0.5688 1.0000000 1.0000 1.0000000 297.2660 0.5257763 2.1204 1.0000000 1.0000 1.0 0.0 0.4439594576084623 []
 | 30.2189 30.0198 47.0819 0.6023568 CC(=O)Oc1sccc1-c1ccccc1Cl 1 c1ccc(-c2ccsc2)cc1 0.2150000 0.2150 0.2695819 0.2696 1.0000000 1.0000 0.7675047 0.7675 1.0000000 1.0000 1.0000000 252.7220 0.5309377 2.3453 1.0000000 1.0000 1.0 0.0 0.41082234603292944 []
 | 33.1676 36.1535 22.6840 0.4596680 COc1ccc(CNCc2cc3cc(O)ccc3s2)cc1Br 1 c1ccc(CNCc2cc3ccccc3s2)cc1 0.1950000 0.1950 0.2528903 0.2529 0.3333333 0.3333 0.7521592 0.7522 1.0000000 1.0000 1.0000000 378.2910 0.5290149 2.2615 1.0000000 1.0000 1.0 0.6666666666666666 0.3962007067131506 []
21:09:57 <INFO> Score: 0.50 Agent NLL: 31.58 Valid: 100% Step: 68
 | Agent Prior Target Score SMILES SMILES_state Scaffold predicted_activity predicted_activity (raw) training_similarity training_similarity (raw) taf_disrupted taf_disrupted (raw) novelty novelty (raw) stereo_validity stereo_validity (raw) MW_window MW_window (raw) synthetic_feasibility synthetic_feasibility (raw) curated alerts filter curated alerts filter (raw) scaffold_novelty (predicted_activity) taf_consistency (predicted_activity) uncertainty (predicted_activity) matchting_patterns (curated alerts filter)
 | 20.5768 23.4317 57.9250 0.6355992 Oc1ccccc1COc1cccc(Cl)c1 1 c1ccc(COc2ccccc2)cc1 0.2750000 0.2750 0.3301651 0.3302 1.0000000 1.0000 0.6698349 0.6698 1.0000000 1.0000 1.0000000 234.6820 0.5145242 1.6310 1.0000000 1.0000 1.0 0.0 0.4465142774872939 []
 | 35.8601 39.1644 33.2394 0.5656545 Cc1cc(S(=O)(=O)Oc2cccc3c4c(oc23)CCCCC4)c(C)o1 1 O=S(=O)(Oc1cccc2c3c(oc12)CCCCC3)c1ccoc1 0.1600000 0.1600 0.2371708 0.2372 1.0000000 1.0000 0.7891815 0.7892 1.0000000 1.0000 1.0000000 360.4310 0.5407570 2.7740 1.0000000 1.0000 1.0 0.0 0.36660605559646714 []
 | 36.7810 37.5835 29.8617 0.5269163 CCOc1cncc(C2CCN(c3ncnc4cc(C)sc34)CC2)n1 1 c1cnc(C2CCN(c3ncnc4ccsc34)CC2)cn1 0.1150000 0.1150 0.2064742 0.2065 1.0000000 1.0000 0.8250000 0.8250 1.0000000 1.0000 1.0000000 355.4670 0.5417765 2.8186 1.0000000 1.0000 1.0 0.0 0.31902194281898544 []
 | 30.3072 30.6822 43.5426 0.5798814 c1ccc(-c2ccc(-c3cc(-c4cccc5ccccc45)nc(-c4ccc(-c5ccccc5)cc4)n3)cc2)cc1 1 c1ccc(-c2ccc(-c3cc(-c4cccc5ccccc45)nc(-c4ccc(-c5ccccc5)cc4)n3)cc2)cc1 0.2200000 0.2200 0.1800901 0.1801 1.0000000 1.0000 0.8199099 0.8199 1.0000000 1.0000 1.0000000 510.6400 0.5229099 1.9957 1.0000000 1.0000 1.0 0.0 0.41424630354415964 []
 | 30.0568 29.7709 40.3733 0.5480013 Cc1nc(COc2ccc(F)cc2)sc1C(=O)N[C@H]1CCO[C@H]1C 1 O=C(NC1CCOC1)c1cnc(COc2ccccc2)s1 0.2050000 0.2050 0.2786181 0.2786 0.6666667 0.6667 0.7290168 0.7290 1.0000000 1.0000 1.0000000 350.4150 0.5492358 3.1452 1.0000000 1.0000 1.0 0.3333333333333333 0.40370162248868907 []
 | 20.7001 23.6966 56.6194 0.6274691 Cc1cc2ccccc2c(=O)n1CCc1ccccc1 1 O=c1c2ccccc2ccn1CCc1ccccc1 0.2550000 0.2550 0.3262363 0.3262 1.0000000 1.0000 0.6851999 0.6852 1.0000000 1.0000 1.0000000 263.3400 0.5162307 1.7051 1.0000000 1.0000 1.0 0.0 0.43586121644395015 []
 | 31.8567 31.3836 -17.2242 0.1106208 CC(C)CC(O)CCc1nc2cccnc2s1 1 c1cnc2scnc2c1 0.2700000 0.2700 0.2467838 0.2468 0.6666667 0.6667 0.7599787 0.7600 0.0000000 0.0000 1.0000000 250.3670 0.5441705 2.9233 1.0000000 1.0000 1.0 0.3333333333333333 0.4439594576084623 []
 | 24.9984 30.1654 46.3867 0.5980629 Cc1ccc(NC(=O)[C@H](Cc2ccccc2)n2nc(-c3ccccc3)ccc2=O)cc1 1 O=C(Nc1ccccc1)C(Cc1ccccc1)n1nc(-c2ccccc2)ccc1=O 0.3250000 0.3250 0.3117407 0.3117 0.6666667 0.6667 0.6882593 0.6883 1.0000000 1.0000 1.0000000 409.4890 0.5338833 2.4738 1.0000000 1.0000 1.0 0.3333333333333333 0.4683748498798799 []
 | 18.8054 20.0425 53.9078 0.5777368 c1ccc2[nH]c(-c3ccncc3)nc2c1 1 c1ccc2[nH]c(-c3ccncc3)nc2c1 0.2300000 0.2300 0.1612065 0.1612 1.0000000 1.0000 0.8387935 0.8388 1.0000000 1.0000 1.0000000 195.2250 0.5190749 1.8288 1.0000000 1.0000 1.0 0.0 0.4208325082500163 []
 | 31.0250 32.8601 40.1253 0.5701980 Cc1cccc(C(=O)NCCc2nc(C)[nH]c2C)n1 1 O=C(NCCc1c[nH]cn1)c1ccccn1 0.2800000 0.2800 0.2378804 0.2379 0.6666667 0.6667 0.7894007 0.7894 1.0000000 1.0000 1.0000000 258.3250 0.5323828 2.4083 1.0000000 1.0000 1.0 0.3333333333333333 0.44899888641287294 []
21:10:01 <INFO> Score: 0.52 Agent NLL: 29.29 Valid: 100% Step: 69
 | Agent Prior Target Score SMILES SMILES_state Scaffold predicted_activity predicted_activity (raw) training_similarity training_similarity (raw) taf_disrupted taf_disrupted (raw) novelty novelty (raw) stereo_validity stereo_validity (raw) MW_window MW_window (raw) synthetic_feasibility synthetic_feasibility (raw) curated alerts filter curated alerts filter (raw) scaffold_novelty (predicted_activity) taf_consistency (predicted_activity) uncertainty (predicted_activity) matchting_patterns (curated alerts filter)
 | 23.0283 23.7357 48.7578 0.5663555 NC(=O)c1ccc(CSc2nnnn2Cc2ccccc2)cc1 1 c1ccc(CSc2nnnn2Cc2ccccc2)cc1 0.2400000 0.2400 0.3096116 0.3096 0.6666667 0.6667 0.7175771 0.7176 1.0000000 1.0000 1.0000000 325.3970 0.5215652 1.9371 1.0000000 1.0000 1.0 0.3333333333333333 0.4270831300812525 []
 | 19.8069 22.4074 53.2693 0.5912241 Cc1nc(-c2cc3ccccc3oc2=O)cs1 1 O=c1oc2ccccc2cc1-c1cscn1 0.2100000 0.2100 0.2375836 0.2376 1.0000000 1.0000 0.7776920 0.7777 1.0000000 1.0000 1.0000000 243.2870 0.5247077 2.0739 1.0000000 1.0000 1.0 0.0 0.4073082370883261 []
 | 34.4716 37.3345 31.0289 0.5340891 OC[C@H]1CN(Cc2ccccc2F)CC(CSc2ccc(F)cc2)O1 1 c1ccc(CN2CCOC(CSc3ccccc3)C2)cc1 0.2550000 0.2550 0.2726249 0.2726 0.6666667 0.6667 0.7273751 0.7274 0.5000000 0.5000 1.0000000 365.4450 0.5475768 3.0725 1.0000000 1.0000 1.0 0.3333333333333333 0.43586121644395015 []
 | 23.0610 23.5376 34.0478 0.4498861 N#Cc1cccc(Nc2cccc(F)c2)n1 1 c1ccc(Nc2ccccn2)cc1 0.2350000 0.2350 0.1415346 0.1415 0.3333333 0.3333 0.8837524 0.8838 1.0000000 1.0000 1.0000000 213.2150 0.5245615 2.0676 1.0000000 1.0000 1.0 0.6666666666666666 0.4239988207530771 []
 | 35.1405 37.3178 29.3006 0.5204562 Cc1ccc(NC(=O)N2CCC[C@H](c3cnc(C)n3C)C2)cn1 1 O=C(Nc1cccnc1)N1CCCC(c2cnc[nH]2)C1 0.1700000 0.1700 0.2224420 0.2224 0.6666667 0.6667 0.8135817 0.8136 1.0000000 1.0000 1.0000000 313.4050 0.5463415 3.0184 1.0000000 1.0000 1.0 0.3333333333333333 0.375632799419859 []
 | 28.6043 31.5059 38.0469 0.5433815 Cc1ccc([C@@H](C(=O)O)N2CC3(CCNCC3)C2)o1 1 c1coc(CN2CC3(CCNCC3)C2)c1 0.1950000 0.1950 0.2721239 0.2721 0.6666667 0.6667 0.7630605 0.7631 1.0000000 1.0000 1.0000000 264.3250 0.5492485 3.8542 1.0000000 1.0000 1.0 0.3333333333333333 0.3962007067131506 []
 | 27.5273 30.1860 45.5536 0.5917156 CN1CCc2ccccc2[C@H]1c1cncc(F)c1 1 c1cncc(C2NCCc3ccccc32)c1 0.2250000 0.2250 0.2026778 0.2027 1.0000000 1.0000 0.8133167 0.8133 1.0000000 1.0000 1.0000000 242.2970 0.5402104 2.7501 1.0000000 1.0000 1.0 0.0 0.41758232721225164 []
 | 26.4873 29.6146 50.7901 0.6281619 Cc1c(O)c(F)c(O)c2ncccc12 1 c1ccc2ncccc2c1 0.2750000 0.2750 0.2593757 0.2594 1.0000000 1.0000 0.7825206 0.7825 1.0000000 1.0000 1.0000000 193.1770 0.5366430 2.5942 1.0000000 1.0000 1.0 0.0 0.44651427748729383 []
 | 23.7093 24.1510 50.3323 0.5819007 N#CCOc1ccc(-c2ccn[nH]2)cc1 1 c1ccc(-c2ccn[nH]2)cc1 0.2600000 0.2600 0.3163585 0.3164 0.6666667 0.6667 0.8228384 0.8228 1.0000000 1.0000 1.0000000 199.2130 0.5278332 2.2100 1.0000000 1.0000 1.0 0.3333333333333333 0.4386342439892262 []
 | 30.3168 34.6390 39.5985 0.5799805 Cc1c(Cc2nc3cc(F)ccc3s2)oc2ccccc12 1 c1ccc2oc(Cc3nc4ccccc4s3)cc2c1 0.2100000 0.2100 0.1905302 0.1905 1.0000000 1.0000 0.8245057 0.8245 1.0000000 1.0000 1.0000000 297.3540 0.5314838 2.3691 1.0000000 1.0000 1.0 0.0 0.40730823708832603 []
21:10:05 <INFO> Score: 0.51 Agent NLL: 31.96 Valid: 100% Step: 70
 | Agent Prior Target Score SMILES SMILES_state Scaffold predicted_activity predicted_activity (raw) training_similarity training_similarity (raw) taf_disrupted taf_disrupted (raw) novelty novelty (raw) stereo_validity stereo_validity (raw) MW_window MW_window (raw) synthetic_feasibility synthetic_feasibility (raw) curated alerts filter curated alerts filter (raw) scaffold_novelty (predicted_activity) taf_consistency (predicted_activity) uncertainty (predicted_activity) matchting_patterns (curated alerts filter)
 | 31.5724 39.1812 29.6806 0.5379828 Brc1ccc([C@@H]2C=C(c3ccccc3)[C@@H](c3ccccc3)c3nncn32)cc1 1 C1=C(c2ccccc2)C(c2ccccc2)c2nncn2C1c1ccccc1 0.2300000 0.2300 0.1819563 0.1820 0.6666667 0.6667 0.8180437 0.8180 1.0000000 1.0000 1.0000000 428.3330 0.5529682 3.3090 1.0000000 1.0000 1.0 0.3333333333333333 0.4208325082500163 []
 | 25.2739 26.7697 45.7491 0.5665536 Nc1n[nH]c2cc(CCc3ccccc3)ccc12 1 c1ccc(CCc2ccc3cn[nH]c3c2)cc1 0.2600000 0.2600 0.2701351 0.2701 0.6666667 0.6667 0.7298649 0.7299 1.0000000 1.0000 1.0000000 237.3060 0.5222375 1.9664 1.0000000 1.0000 1.0 0.3333333333333333 0.4386342439892262 []
 | 31.3544 34.0154 36.4157 0.5502434 CCCc1ccc2c(=O)n(CC(=O)OC)c3ccccc3c2c1 1 O=c1[nH]c2ccccc2c2ccccc12 0.2050000 0.2050 0.3115010 0.3115 0.6666667 0.6667 0.6991527 0.6992 1.0000000 1.0000 1.0000000 309.3650 0.5225970 1.9820 1.0000000 1.0000 1.0 0.3333333333333333 0.403701622488689 []
 | 29.1172 32.5269 38.4472 0.5544847 Cn1c(=O)c(CC(=O)Nc2ccc(-c3ccccc3)cc2)cc2ccccc21 1 O=C(Cc1cc2ccccc2[nH]c1=O)Nc1ccc(-c2ccccc2)cc1 0.2350000 0.2350 0.2588415 0.2588 0.6666667 0.6667 0.7463269 0.7463 1.0000000 1.0000 1.0000000 368.4360 0.5208214 1.9048 1.0000000 1.0000 1.0 0.3333333333333333 0.4239988207530771 []
 | 25.2622 29.3363 40.4740 0.5453926 CCc1ccc(Nc2nnc(C)s2)c2ccccc12 1 c1ccc2c(Nc3nncs3)cccc2c1 0.2350000 0.2350 0.2111855 0.2112 0.6666667 0.6667 0.8054805 0.8055 1.0000000 1.0000 1.0000000 269.3730 0.5254850 2.1078 1.0000000 1.0000 1.0 0.3333333333333333 0.4239988207530771 []
 | 26.5833 24.9918 -24.9918 0.0000000 O=[N+]([O-])C(=CO)c1ccc(Cl)cc1 1 c1ccccc1 0.2300000 0.2300 0.1829983 0.1830 1.0000000 1.0000 0.8356010 0.8356 1.0000000 1.0000 1.0000000 199.5930 0.5368440 2.6030 1.0000000 1.0000 1.0 0.0 0.4208325082500163 []
 | 26.7051 31.6906 31.8949 0.4967614 COc1ccccc1Nc1nncc(Nc2ccccc2C=O)n1 1 c1ccc(Nc2cnnc(Nc3ccccc3)n2)cc1 0.1300000 0.1300 0.2292273 0.2292 0.6666667 0.6667 0.8224288 0.8224 1.0000000 1.0000 1.0000000 321.3400 0.5319594 2.3899 1.0000000 1.0000 1.0 0.3333333333333333 0.33630343441600474 []
 | 29.4295 33.5778 26.5178 0.4694967 CC(C)C[C@H]1C[C@H](O)CN1c1ccc(N)cc1C#N 1 c1ccc(N2CCCC2)cc1 0.2400000 0.2400 0.1982279 0.1982 0.3333333 0.3333 0.8245057 0.8245 1.0000000 1.0000 1.0000000 259.3530 0.5542636 3.3660 1.0000000 1.0000 1.0 0.6666666666666666 0.4270831300812525 []
 | 33.1770 35.7777 30.5151 0.5179122 COc1ccc(CN2Cc3cc(Oc4ccccc4N)ccc3C2=O)cc1OC 1 O=C1c2ccc(Oc3ccccc3)cc2CN1Cc1ccccc1 0.1550000 0.1550 0.2650357 0.2650 0.6666667 0.6667 0.7675047 0.7675 1.0000000 1.0000 1.0000000 390.4390 0.5267499 2.1628 1.0000000 1.0000 1.0 0.3333333333333333 0.36190468358395134 []
 | 21.9014 23.4871 -22.3618 0.0087914 c1ncc(C[C@@H]2CCNC2)cn1 1 c1ncc(CC2CCNC2)cn1 0.1850000 0.1850 0.2130032 0.2130 0.6666667 0.6667 0.8418070 0.8418 1.0000000 1.0000 0.0000000 163.2240 0.5466696 3.0328 1.0000000 1.0000 1.0 0.3333333333333333 0.38829756630707846 []
21:10:06 <INFO> Sampled SMILES c1cc(ccc(C)c1NS(c1cccc(C(C)=O)c1)(=O)=O)Oc1ccccc1 failed to sanitize.
21:10:09 <INFO> Score: 0.48 Agent NLL: 30.93 Valid:  98% Step: 71
 | Agent Prior Target Score SMILES SMILES_state Scaffold predicted_activity predicted_activity (raw) training_similarity training_similarity (raw) taf_disrupted taf_disrupted (raw) novelty novelty (raw) stereo_validity stereo_validity (raw) MW_window MW_window (raw) synthetic_feasibility synthetic_feasibility (raw) curated alerts filter curated alerts filter (raw) scaffold_novelty (predicted_activity) taf_consistency (predicted_activity) uncertainty (predicted_activity) matchting_patterns (curated alerts filter)
 | 29.4111 32.1098 38.8897 0.5546838 Cc1ccc(CNc2ccc(F)cn2)c(O)c1C 1 c1ccc(CNc2ccccn2)cc1 0.2450000 0.2450 0.2287479 0.2287 0.6666667 0.6667 0.8082012 0.8082 1.0000000 1.0000 1.0000000 246.2850 0.5272992 2.1868 1.0000000 1.0000 1.0 0.3333333333333333 0.4300872004605578 []
 | 26.7604 27.6379 42.4073 0.5472280 O=C(CSc1ncccc1[N+](=O)[O-])Nc1ccc2ccccc2c1 1 O=C(CSc1ccccn1)Nc1ccc2ccccc2c1 0.2300000 0.2300 0.2302656 0.2303 0.6666667 0.6667 0.7818462 0.7818 1.0000000 1.0000 1.0000000 339.3760 0.5233966 2.0168 1.0000000 1.0000 1.0 0.3333333333333333 0.4208325082500163 []
 | 22.1615 27.2272 49.5003 0.5994337 O=c1c2ccccc2nc2n1CC[C@@H](c1ccccc1)C2 1 O=c1c2ccccc2nc2n1CCC(c1ccccc1)C2 0.2050000 0.2050 0.2863185 0.2863 1.0000000 1.0000 0.7260017 0.7260 1.0000000 1.0000 1.0000000 276.3390 0.5338904 2.4741 1.0000000 1.0000 1.0 0.0 0.403701622488689 []
 | 29.1906 35.9727 35.6220 0.5593337 Cc1cc(CNC(=O)c2ccncc2)nn1Cc1ccno1 1 O=C(NCc1ccn(Cc2ccno2)n1)c1ccncc1 0.2600000 0.2600 0.2214546 0.2215 0.6666667 0.6667 0.8039428 0.8039 1.0000000 1.0000 1.0000000 297.3180 0.5356043 2.5489 1.0000000 1.0000 1.0 0.3333333333333333 0.43863424398922624 []
 | 35.2610 35.6936 31.9283 0.5282962 COc1cccc(N2C(=O)c3cccc(NCc4ccccc4C)c3C2=O)c1 1 O=C1c2cccc(NCc3ccccc3)c2C(=O)N1c1ccccc1 0.1700000 0.1700 0.2708645 0.2709 0.6666667 0.6667 0.7841795 0.7842 1.0000000 1.0000 1.0000000 372.4240 0.5247595 2.0762 1.0000000 1.0000 1.0 0.3333333333333333 0.375632799419859 []
 | 38.0381 42.1058 -27.1107 0.1171491 CCc1ccc(C2CC(Cc3cccnc3)=Cc3ccccc32)o1 1 C1=C(Cc2cccnc2)CC(c2ccco2)c2ccccc21 0.2000000 0.2000 0.2930426 0.2930 1.0000000 1.0000 0.7627105 0.7627 0.0000000 0.0000 1.0000000 315.4160 0.5503712 3.1950 1.0000000 1.0000 1.0 0.0 0.4000000000000001 []
 | 29.1650 33.9353 40.0452 0.5779732 Cc1ccccc1Oc1ccccc1OCCCn1cncn1 1 c1ccc(Oc2ccccc2OCCCn2cncn2)cc1 0.1800000 0.1800 0.2467838 0.2468 1.0000000 1.0000 0.7866477 0.7866 1.0000000 1.0000 1.0000000 309.3690 0.5235381 2.0230 1.0000000 1.0000 1.0 0.0 0.38418745424597095 []
 | 23.6424 25.2442 50.4159 0.5910941 O=C(Nc1ccccc1)c1cnc(N2CCN(CCO)CC2)nc1 1 O=C(Nc1ccccc1)c1cnc(N2CCNCC2)nc1 0.3100000 0.3100 0.3080977 0.3081 0.6666667 0.6667 0.6919023 0.6919 1.0000000 1.0000 1.0000000 327.3880 0.5226342 1.9837 1.0000000 1.0000 1.0 0.3333333333333333 0.462493243193887 []
 | 37.4505 40.0856 33.9293 0.5782415 Cc1nc(CSCc2cc(-c3ccccc3F)c(C)s2)no1 1 c1ccc(-c2csc(CSCc3ncon3)c2)cc1 0.2050000 0.2050 0.1905302 0.1905 1.0000000 1.0000 0.8245057 0.8245 1.0000000 1.0000 1.0000000 334.4410 0.5376467 2.6381 1.0000000 1.0000 1.0 0.0 0.403701622488689 []
 | 42.3578 43.5573 32.2714 0.5924114 C=C(C)C[C@]1(C)[C@H](C)CC[C@@]12C=Nc1ccccc1C2=O 1 O=C1c2ccccc2N=CC12CCCC2 0.1750000 0.1750 0.3409972 0.3410 1.0000000 1.0000 0.7006179 0.7006 1.0000000 1.0000 1.0000000 281.3990 0.5305302 4.6724 1.0000000 1.0000 1.0 0.0 0.3799671038392666 []
21:10:13 <INFO> Score: 0.52 Agent NLL: 30.04 Valid: 100% Step: 72
 | Agent Prior Target Score SMILES SMILES_state Scaffold predicted_activity predicted_activity (raw) training_similarity training_similarity (raw) taf_disrupted taf_disrupted (raw) novelty novelty (raw) stereo_validity stereo_validity (raw) MW_window MW_window (raw) synthetic_feasibility synthetic_feasibility (raw) curated alerts filter curated alerts filter (raw) scaffold_novelty (predicted_activity) taf_consistency (predicted_activity) uncertainty (predicted_activity) matchting_patterns (curated alerts filter)
 | 23.2055 25.2246 43.2416 0.5348926 COc1ccc(C(=O)Nc2ccc3c(c2)OCCO3)c(OC)c1 1 O=C(Nc1ccc2c(c1)OCCO2)c1ccccc1 0.1750000 0.1750 0.2900074 0.2900 0.6666667 0.6667 0.7946015 0.7946 1.0000000 1.0000 1.0000000 315.3250 0.5190657 1.8284 1.0000000 1.0000 1.0 0.3333333333333333 0.3799671038392666 []
 | 27.3746 27.2042 44.6558 0.5614067 COc1cccc(OCCNC(=O)c2ccc(Nc3ccccc3)cc2)c1 1 O=C(NCCOc1ccccc1)c1ccc(Nc2ccccc2)cc1 0.2300000 0.2300 0.3151875 0.3152 0.6666667 0.6667 0.6955922 0.6956 1.0000000 1.0000 1.0000000 362.4290 0.5163386 1.7098 1.0000000 1.0000 1.0 0.3333333333333333 0.4208325082500163 []
 | 33.6851 37.7970 34.2319 0.5627256 CC(C)[C@H](NC(=O)c1ccc(F)cc1)c1ccc([C@H]2CCCO2)o1 1 O=C(NCc1ccc(C2CCCO2)o1)c1ccccc1 0.2500000 0.2500 0.2464136 0.2464 0.6666667 0.6667 0.7818462 0.7818 1.0000000 1.0000 1.0000000 331.3870 0.5503145 3.1926 1.0000000 1.0000 1.0 0.3333333333333333 0.4330127018922193 []
 | 41.9327 44.2233 23.3317 0.5277734 O=c1c2ccc(F)cc2ccn1CC[C@@H]1C=CCN1C[C@H]1CCCN1 1 O=c1c2ccccc2ccn1CCC1C=CCN1CC1CCCN1 0.1900000 0.1900 0.2078698 0.2079 0.6666667 0.6667 0.8210251 0.8210 1.0000000 1.0000 1.0000000 341.4300 0.5518216 3.7413 1.0000000 1.0000 1.0 0.3333333333333333 0.39230090491866065 []
 | 39.9397 44.7479 20.2381 0.5077034 Cc1cc(Nc2cc(-c3ccc4nc(N5CCOCC5)ccc4c3)ncc2C)sn1 1 c1cc(Nc2ccnc(-c3ccc4nc(N5CCOCC5)ccc4c3)c2)sn1 0.1750000 0.1750 0.1669568 0.1670 0.6666667 0.6667 0.8536150 0.8536 1.0000000 1.0000 1.0000000 417.5380 0.5400711 2.7440 1.0000000 1.0000 1.0 0.3333333333333333 0.3799671038392666 []
 | 27.8670 28.4996 39.9526 0.5347828 O[C@@H]1COCC[C@H]1NCc1cc(Cl)c2c(c1)OCCO2 1 c1cc2c(cc1CNC1CCOCC1)OCCO2 0.1900000 0.1900 0.2385594 0.2386 0.6666667 0.6667 0.7946015 0.7946 1.0000000 1.0000 1.0000000 299.7540 0.5521886 3.2748 1.0000000 1.0000 1.0 0.3333333333333333 0.39230090491866065 []
 | 32.2526 33.9895 32.4865 0.5193437 COc1ccc(C(=O)Nc2ccc(-c3ccc(OC)nn3)cn2)cc1 1 O=C(Nc1ccc(-c2cccnn2)cn1)c1ccccc1 0.1550000 0.1550 0.2678358 0.2678 0.6666667 0.6667 0.7946015 0.7946 1.0000000 1.0000 1.0000000 336.3510 0.5233443 2.0146 1.0000000 1.0000 1.0 0.3333333333333333 0.36190468358395134 []
 | 18.9953 18.6191 -17.3661 0.0097890 c1cnc2nc[nH]c2c1 1 c1cnc2nc[nH]c2c1 0.2150000 0.2150 0.2044795 0.2045 1.0000000 1.0000 0.8206260 0.8206 1.0000000 1.0000 0.0000000 119.1270 0.5316181 2.3750 1.0000000 1.0000 1.0 0.0 0.41082234603292944 []
 | 32.9152 37.5013 30.7225 0.5329983 C[C@H]1CCCN1C[C@@H]1[C@H](Cn2cncn2)[C@H]2C=C[C@H]1C2 1 C1=CC2CC1C(CN1CCCC1)C2Cn1cncn1 0.1300000 0.1300 0.1909640 0.1910 1.0000000 1.0000 0.8499531 0.8500 1.0000000 1.0000 1.0000000 272.3960 0.5243661 4.9410 1.0000000 1.0000 1.0 0.0 0.33630343441600474 []
 | 25.5165 30.2728 39.2462 0.5431171 CC(C)c1ccccc1Nc1cncc(Oc2ccccc2)n1 1 c1ccc(Nc2cncc(Oc3ccccc3)n2)cc1 0.2300000 0.2300 0.2133523 0.2134 0.6666667 0.6667 0.7866477 0.7866 1.0000000 1.0000 1.0000000 305.3810 0.5258889 2.1253 1.0000000 1.0000 1.0 0.3333333333333333 0.4208325082500163 []
21:10:14 <INFO> Sampled SMILES c1c(c(F)cc(Cn2c3c(n(c(n(c3=O)C)=O)C)cc(c2CC)=O)c1)COC/C(=N/O)C failed to sanitize.
21:10:14 <INFO> Sampled SMILES C1CN(C(=O)c2cc3c(CCCc4n-3cccc4)cc2)C[C@@H](C1)n1ccnc1 failed to sanitize.
21:10:17 <INFO> Score: 0.48 Agent NLL: 31.29 Valid:  97% Step: 73
 | Agent Prior Target Score SMILES SMILES_state Scaffold predicted_activity predicted_activity (raw) training_similarity training_similarity (raw) taf_disrupted taf_disrupted (raw) novelty novelty (raw) stereo_validity stereo_validity (raw) MW_window MW_window (raw) synthetic_feasibility synthetic_feasibility (raw) curated alerts filter curated alerts filter (raw) scaffold_novelty (predicted_activity) taf_consistency (predicted_activity) uncertainty (predicted_activity) matchting_patterns (curated alerts filter)
 | 48.7753 47.3095 -46.1802 0.0088233 N#Cc1ccc2c(c1)c1ccccc1n2-c1ccccc1-c1cccc(-c2ccc(-c3cc(-c4ccccc4)nc(-c4ccc(-c5ccccc5)c(-c5ccccc5)c4)c3)cc2)c1 1 c1ccc(-c2cc(-c3ccc(-c4cccc(-c5ccccc5-n5c6ccccc6c6ccccc65)c4)cc3)cc(-c3ccc(-c4ccccc4)c(-c4ccccc4)c3)n2)cc1 0.2300000 0.2300 0.1551729 0.1552 0.6666667 0.6667 0.8448271 0.8448 1.0000000 1.0000 0.0000000 801.9930 0.5460266 3.0046 1.0000000 1.0000 1.0 0.3333333333333333 0.4208325082500163 []
 | 33.8756 38.0642 37.7244 0.5920979 CCOc1cccc(CC[C@H]2CCOB(c3ccc(F)cc3)O2)c1 1 c1ccc(CCC2CCOB(c3ccccc3)O2)cc1 0.1850000 0.1850 0.2900370 0.2900 1.0000000 1.0000 0.7416587 0.7417 1.0000000 1.0000 1.0000000 328.1920 0.5488973 3.1304 1.0000000 1.0000 1.0 0.0 0.38829756630707846 []
 | 27.2252 29.1145 36.7344 0.5144449 Cc1cnc(C)c(NCCc2ccc3c(c2)CCO3)n1 1 c1cnc(NCCc2ccc3c(c2)CCO3)cn1 0.1650000 0.1650 0.2143465 0.2143 0.6666667 0.6667 0.8245057 0.8245 1.0000000 1.0000 1.0000000 269.3480 0.5314048 2.3657 1.0000000 1.0000 1.0 0.3333333333333333 0.37118054905934933 []
 | 37.8641 40.6886 31.5311 0.5642169 COCc1ccccc1CC(=O)N[C@H]1CCCC[C@H]1NC(=O)c1cccnc1 1 O=C(Cc1ccccc1)NC1CCCCC1NC(=O)c1cccnc1 0.2200000 0.2200 0.3301691 0.3302 0.6666667 0.6667 0.7152526 0.7153 1.0000000 1.0000 1.0000000 381.4760 0.5443885 2.9329 1.0000000 1.0000 1.0 0.3333333333333333 0.4142463035441596 []
 | 31.9277 38.3975 20.9637 0.4637593 COc1ccc(Oc2cc(Nc3ccc(N4CCNCC4)c(Cl)c3)ncn2)c(C)c1 1 c1ccc(Oc2cc(Nc3ccc(N4CCNCC4)cc3)ncn2)cc1 0.1050000 0.1050 0.1653595 0.1654 0.6666667 0.6667 0.8901563 0.8902 1.0000000 1.0000 1.0000000 425.9200 0.5330946 2.4394 1.0000000 1.0000 1.0 0.3333333333333333 0.3065534211193866 []
 | 27.7619 30.7229 37.1647 0.5303717 O[C@@H]1CCN(Cc2ccc3sccn23)C1 1 c1cn2c(CN3CCCC3)ccc2s1 0.2100000 0.2100 0.1818482 0.1818 0.6666667 0.6667 0.8356010 0.8356 1.0000000 1.0000 1.0000000 222.3130 0.5558355 3.4351 1.0000000 1.0000 1.0 0.3333333333333333 0.4073082370883261 []
 | 21.1211 23.2528 -23.2528 0.0000000 CCCOCCOc1ccccc1O 1 c1ccccc1 0.2550000 0.2550 0.4082483 0.4082 1.0000000 1.0000 0.5917517 0.5918 1.0000000 1.0000 1.0000000 196.2460 0.5182291 1.7920 1.0000000 1.0000 1.0 0.0 0.43586121644395015 []
 | 31.2850 33.6496 36.9746 0.5517515 Cc1nc(-c2cccc(F)c2)sc1CNc1ncccc1C(=O)O 1 c1ccc(-c2ncc(CNc3ccccn3)s2)cc1 0.2350000 0.2350 0.2348948 0.2349 0.6666667 0.6667 0.7928158 0.7928 1.0000000 1.0000 1.0000000 343.3830 0.5294058 2.2786 1.0000000 1.0000 1.0 0.3333333333333333 0.4239988207530771 []
 | 39.3325 42.0799 27.0397 0.5399964 C[C@H](NC(=O)C1CC1)[C@H](Oc1cccnn1)c1ccc(C(F)(F)F)cc1Cl 1 O=C(NCC(Oc1cccnn1)c1ccccc1)C1CC1 0.2000000 0.2000 0.2390457 0.2390 0.6666667 0.6667 0.7913040 0.7913 1.0000000 1.0000 1.0000000 399.8000 0.5553479 3.4136 1.0000000 1.0000 1.0 0.3333333333333333 0.4000000000000001 []
 | 58.1181 61.0346 11.0608 0.5632453 O=[N+]([O-])c1ccc2oc(C[N+]3=C4C[C@H](c5cc(F)ccc5F)C=C[C@@H]4CCC3)nc2c1 1 C1=CC(c2ccccc2)CC2=[N+](Cc3nc4ccccc4o3)CCCC12 0.1750000 0.1750 0.1936734 0.1937 1.0000000 1.0000 0.8145045 0.8145 1.0000000 1.0000 1.0000000 424.4270 0.5417653 4.1819 1.0000000 1.0000 1.0 0.0 0.3799671038392666 []
21:10:18 <INFO> Sampled SMILES O=C1N=C(SC[C@@H]1n1cc(cn1)Cl)=O failed to sanitize.
21:10:18 <INFO> Sampled SMILES C12ClN=CC=C2C=CN(C=C1)Cc1c(cccc1)Cl failed to sanitize.
21:10:18 <INFO> Sampled SMILES c12ccc(NC(=O)c3ccccc(OC)c3)cc1NCC2 failed to sanitize.
21:10:21 <INFO> Score: 0.48 Agent NLL: 31.34 Valid:  95% Step: 74
 | Agent Prior Target Score SMILES SMILES_state Scaffold predicted_activity predicted_activity (raw) training_similarity training_similarity (raw) taf_disrupted taf_disrupted (raw) novelty novelty (raw) stereo_validity stereo_validity (raw) MW_window MW_window (raw) synthetic_feasibility synthetic_feasibility (raw) curated alerts filter curated alerts filter (raw) scaffold_novelty (predicted_activity) taf_consistency (predicted_activity) uncertainty (predicted_activity) matchting_patterns (curated alerts filter)
 | 31.9026 41.0498 -41.0498 0.0000000 O=C1N=C(SC[C@@H]1n1cc(cn1)Cl)=O 0 -- 0.0000000 0.0000 0.0000000 0.0000 0.0000000 0.0000 0.0000000 0.0000 0.0000000 0.0000 0.0000000 0.0000 0.0000000 0.0000 0.0000000 0.0000 None None None None
 | 26.3174 28.8358 35.1530 0.4999126 COc1ccc2sc3c(N)ccnc3c2c1 1 c1ccc2c(c1)sc1cccnc12 0.1500000 0.1500 0.1883294 0.1883 0.6666667 0.6667 0.8610575 0.8611 1.0000000 1.0000 1.0000000 230.2920 0.5303298 2.3188 1.0000000 1.0000 1.0 0.3333333333333333 0.3570714214271425 []
 | 28.7166 32.4272 40.9935 0.5735992 c1cncc(-c2cn(Cc3csc(-c4cccnc4)n3)nn2)c1 1 c1cncc(-c2cn(Cc3csc(-c4cccnc4)n3)nn2)c1 0.1800000 0.1800 0.2195122 0.2195 1.0000000 1.0000 0.8292683 0.8293 1.0000000 1.0000 1.0000000 320.3810 0.5325559 2.4159 1.0000000 1.0000 1.0 0.0 0.38418745424597095 []
 | 41.5760 46.0413 19.4564 0.5117015 COc1ccc([C@H](Cc2ccccc2)C(=O)NCCC2CCCN(CCc3ccccc3OC)C2)cc1 1 O=C(NCCC1CCCN(CCc2ccccc2)C1)C(Cc1ccccc1)c1ccccc1 0.1950000 0.1950 0.2899725 0.2900 0.6666667 0.6667 0.7100275 0.7100 0.5000000 0.5000 1.0000000 500.6830 0.5457315 2.9917 1.0000000 1.0000 1.0 0.3333333333333333 0.3962007067131506 []
 | 33.0829 37.3517 33.4785 0.5533609 CCN(Cc1ccc(OC[C@@H]2C=CCC2)c(OC)c1)Cc1ccccn1 1 C1=CC(COc2ccc(CNCc3ccccn3)cc2)CC1 0.1350000 0.1350 0.2574254 0.2574 1.0000000 1.0000 0.7741806 0.7742 1.0000000 1.0000 1.0000000 352.4780 0.5427321 2.8604 1.0000000 1.0000 1.0 0.0 0.34172357249683555 []
 | 32.0252 36.0896 36.5330 0.5673635 C[C@](O)(C[C@H](Nc1ccccn1)c1ccccc1)c1ccc(F)cc1 1 c1ccc(CCC(Nc2ccccn2)c2ccccc2)cc1 0.2500000 0.2500 0.2824229 0.2824 0.6666667 0.6667 0.7175771 0.7176 1.0000000 1.0000 1.0000000 336.4100 0.5442649 2.9274 1.0000000 1.0000 1.0 0.3333333333333333 0.4330127018922193 []
 | 23.9974 26.0748 52.5709 0.6144195 O=c1[nH]c(=O)c2cc(-c3ccccc3)ccc2o1 1 O=c1[nH]c(=O)c2cc(-c3ccccc3)ccc2o1 0.2350000 0.2350 0.3001501 0.3002 1.0000000 1.0000 0.6998499 0.6998 1.0000000 1.0000 1.0000000 239.2300 0.5225586 1.9804 1.0000000 1.0000 1.0 0.0 0.4239988207530771 []
 | 36.5851 40.3907 26.3636 0.5215181 CCc1nccc(N2CC3CCC[C@@H]3[C@@H](NC(=O)O)C2)n1 1 c1cc(N2CCC3CCCC3C2)ncn1 0.1900000 0.1900 0.2641353 0.2641 0.6666667 0.6667 0.7864395 0.7864 0.6666667 0.6667 1.0000000 290.3670 0.5536667 3.6603 1.0000000 1.0000 1.0 0.3333333333333333 0.39230090491866065 []
 | 22.6894 28.3937 45.5967 0.5780498 CCCCN[C@H](Cc1ccccc1)[C@@H](O)Cc1ccccc1 1 c1ccc(CCCCc2ccccc2)cc1 0.2450000 0.2450 0.3838501 0.3839 0.6666667 0.6667 0.6161499 0.6161 1.0000000 1.0000 1.0000000 297.4420 0.5360816 2.5697 1.0000000 1.0000 1.0 0.3333333333333333 0.4300872004605578 []
 | 22.0462 26.6914 45.3309 0.5626745 O=C(NC[C@H]1COc2ccccc2O1)c1cc2ccccn2n1 1 O=C(NCC1COc2ccccc2O1)c1cc2ccccn2n1 0.2350000 0.2350 0.2923009 0.2923 0.6666667 0.6667 0.7091283 0.7091 1.0000000 1.0000 1.0000000 309.3250 0.5426551 2.8570 1.0000000 1.0000 1.0 0.3333333333333333 0.4239988207530771 []
21:10:25 <INFO> Score: 0.52 Agent NLL: 29.87 Valid: 100% Step: 75
 | Agent Prior Target Score SMILES SMILES_state Scaffold predicted_activity predicted_activity (raw) training_similarity training_similarity (raw) taf_disrupted taf_disrupted (raw) novelty novelty (raw) stereo_validity stereo_validity (raw) MW_window MW_window (raw) synthetic_feasibility synthetic_feasibility (raw) curated alerts filter curated alerts filter (raw) scaffold_novelty (predicted_activity) taf_consistency (predicted_activity) uncertainty (predicted_activity) matchting_patterns (curated alerts filter)
 | 34.4506 35.6200 31.6942 0.5258922 COc1ccc(OC)c2c(Nc3cccc(NC(=O)Nc4cccnc4)c3)ncnc12 1 O=C(Nc1cccnc1)Nc1cccc(Nc2ncnc3ccccc23)c1 0.1750000 0.1750 0.2425356 0.2425 0.6666667 0.6667 0.8000000 0.8000 1.0000000 1.0000 1.0000000 416.4410 0.5305943 2.3304 1.0000000 1.0000 1.0 0.3333333333333333 0.3799671038392666 []
 | 28.3269 34.3625 35.5468 0.5461658 COc1cccc([C@H](C)NCc2ccc(Oc3ccc(Cl)c(Cl)c3)cc2)c1 1 c1ccc(CNCc2ccc(Oc3ccccc3)cc2)cc1 0.2100000 0.2100 0.2548645 0.2549 0.6666667 0.6667 0.7994351 0.7994 1.0000000 1.0000 1.0000000 402.3210 0.5303627 2.3203 1.0000000 1.0000 1.0 0.3333333333333333 0.4073082370883261 []
 | 39.2700 42.1099 25.6003 0.5289865 CCCCOc1cncc(-c2cn(-c3cccc(F)c3)c3ncc(Br)cc23)c1 1 c1ccc(-n2cc(-c3cccnc3)c3cccnc32)cc1 0.1600000 0.1600 0.2962975 0.2963 0.6666667 0.6667 0.7854709 0.7855 1.0000000 1.0000 1.0000000 440.3160 0.5343003 2.4920 1.0000000 1.0000 1.0 0.3333333333333333 0.36660605559646714 []
 | 28.4984 38.1778 29.0823 0.5254700 N#C[C@H](Cc1ccccc1)[C@H](O)CN1C[C@H](c2ccccc2)C[C@@H]1CO 1 c1ccc(CCCCN2CCC(c3ccccc3)C2)cc1 0.3400000 0.3400 0.3676073 0.3676 0.3333333 0.3333 0.6323927 0.6324 1.0000000 1.0000 1.0000000 350.4620 0.5531356 3.6836 1.0000000 1.0000 1.0 0.6666666666666666 0.4737087712930804 []
 | 32.2930 37.9293 35.6888 0.5751414 Cc1ccn2c(-c3ccccc3)c(N3[C@H](C)CCC[C@@H]3C)nc2n1 1 c1ccc(-c2c(N3CCCCC3)nc3ncccn23)cc1 0.1800000 0.1800 0.2222392 0.2222 1.0000000 1.0000 0.7920499 0.7920 1.0000000 1.0000 1.0000000 320.4400 0.5539407 3.3518 1.0000000 1.0000 1.0 0.0 0.38418745424597095 []
 | 25.7114 27.1508 44.8247 0.5623088 CCCNc1ccc(OCc2ccccc2)c(OC)c1 1 c1ccc(COc2ccccc2)cc1 0.2100000 0.2100 0.4109975 0.4110 0.6666667 0.6667 0.5890025 0.5890 1.0000000 1.0000 1.0000000 271.3600 0.5134474 1.5842 1.0000000 1.0000 1.0 0.3333333333333333 0.40730823708832603 []
 | 36.9008 40.7132 33.2690 0.5779856 Cc1nn(C)cc1CN1C[C@@H](F)[C@H]2CN(Cc3ccc(Cl)cc3)C[C@H]21 1 c1ccc(CN2CC3CCN(Cc4cn[nH]c4)C3C2)cc1 0.1900000 0.1900 0.2072391 0.2072 1.0000000 1.0000 0.8303248 0.8303 1.0000000 1.0000 1.0000000 362.8800 0.5536396 3.6615 1.0000000 1.0000 1.0 0.0 0.39230090491866065 []
 | 27.3782 34.4574 43.1188 0.6060645 O=C1CC[C@H](c2cccnc2)N1Cc1ccccc1-c1cccnc1 1 O=C1CCC(c2cccnc2)N1Cc1ccccc1-c1cccnc1 0.2000000 0.2000 0.3218603 0.3219 1.0000000 1.0000 0.7410151 0.7410 1.0000000 1.0000 1.0000000 329.4030 0.5388377 2.6901 1.0000000 1.0000 1.0 0.0 0.4000000000000001 []
 | 40.9105 45.2877 24.7698 0.5473241 Cc1ccc(CC[C@H]2OC(c3ccc(Cl)cc3Cl)CS[C@H]2C)cc1 1 c1ccc(CCC2CSCC(c3ccccc3)O2)cc1 0.1550000 0.1550 0.2418254 0.2418 1.0000000 1.0000 0.8284499 0.8284 0.6666667 0.6667 1.0000000 381.3680 0.5572903 3.4991 1.0000000 1.0000 1.0 0.0 0.36190468358395134 []
 | 27.1507 32.7353 46.6623 0.6202941 C[C@H]1CN(Cc2ccccc2)CCN1Cc1ccc(S(=O)(=O)c2ccccc2)cc1 1 O=S(=O)(c1ccccc1)c1ccc(CN2CCN(Cc3ccccc3)CC2)cc1 0.2350000 0.2350 0.3251016 0.3251 1.0000000 1.0000 0.6841011 0.6841 1.0000000 1.0000 1.0000000 420.5780 0.5328185 2.4273 1.0000000 1.0000 1.0 0.0 0.4239988207530771 []
21:10:26 <INFO> Sampled SMILES c1(ccc2c(c1)cccc2)OP(N[C@@H](C)C(=O)OCc1ccccc1)(OC[C@@H]1[C@H]([C@@H](O)[C@@](Oc2ccc(cc2)-c2ncc(CN)cn2)O1)(=O)O)=O failed to sanitize.
21:10:26 <INFO> Sampled SMILES S(c1cc2[C@H](N)CCOc2c(c1)C)C[C@H](C)C1FCCCC1 failed to sanitize.
21:10:26 <INFO> Sampled SMILES c1cnccc1/C=C/c1nn2c(/c(c(nc2n1)C)C)=C/CC failed to sanitize.
21:10:29 <INFO> Score: 0.48 Agent NLL: 31.21 Valid:  95% Step: 76
 | Agent Prior Target Score SMILES SMILES_state Scaffold predicted_activity predicted_activity (raw) training_similarity training_similarity (raw) taf_disrupted taf_disrupted (raw) novelty novelty (raw) stereo_validity stereo_validity (raw) MW_window MW_window (raw) synthetic_feasibility synthetic_feasibility (raw) curated alerts filter curated alerts filter (raw) scaffold_novelty (predicted_activity) taf_consistency (predicted_activity) uncertainty (predicted_activity) matchting_patterns (curated alerts filter)
 | 21.9088 28.1490 38.8734 0.5236125 Nc1ccccc1Oc1ccc2c(ccc3ccccc32)c1 1 c1ccc(Oc2ccc3c(ccc4ccccc43)c2)cc1 0.2050000 0.2050 0.1831688 0.1832 0.6666667 0.6667 0.8168312 0.8168 1.0000000 1.0000 1.0000000 285.3460 0.5180066 1.7824 1.0000000 1.0000 1.0 0.3333333333333333 0.403701622488689 []
 | 31.1117 32.8182 -17.8544 0.1169048 NC(CNC(=O)c1cccc(OCc2ccsc2)c1)c1ccc(F)cc1 1 O=C(NCCc1ccccc1)c1cccc(OCc2ccsc2)c1 0.3300000 0.3300 0.3191725 0.3192 0.6666667 0.6667 0.6808275 0.6808 0.0000000 0.0000 1.0000000 370.4490 0.5360492 2.5683 1.0000000 1.0000 1.0 0.3333333333333333 0.4702127178203499 []
 | 29.9620 35.3328 38.1996 0.5744719 OC[C@H]1CCCN1Cc1cccc(-c2cccc(Cn3cccn3)c2)c1 1 c1cc(CN2CCCC2)cc(-c2cccc(Cn3cccn3)c2)c1 0.2750000 0.2750 0.2726249 0.2726 0.6666667 0.6667 0.7273751 0.7274 1.0000000 1.0000 1.0000000 347.4620 0.5370925 2.6139 1.0000000 1.0000 1.0 0.3333333333333333 0.44651427748729383 []
 | 51.3559 56.0158 4.0370 0.4691625 CCCCCCCC[C@@]1(O)C[C@H](OC(=O)c2nc(O)c(O)c(O)c2O)[C@H](c2ccccc2)C1 1 O=C(OC1CCCC1c1ccccc1)c1ccccn1 0.1750000 0.1750 0.3646860 0.3647 0.3333333 0.3333 0.7064348 0.7064 1.0000000 1.0000 1.0000000 459.5390 0.5444132 4.0661 1.0000000 1.0000 1.0 0.6666666666666666 0.3799671038392666 []
 | 27.3268 31.9775 43.0214 0.5859288 NCc1cccc(COc2cccc(NC(=O)Cc3ccccc3)c2)c1 1 O=C(Cc1ccccc1)Nc1cccc(OCc2ccccc2)c1 0.2700000 0.2700 0.3851221 0.3851 0.6666667 0.6667 0.6148779 0.6149 1.0000000 1.0000 1.0000000 346.4300 0.5172882 1.7511 1.0000000 1.0000 1.0 0.3333333333333333 0.4439594576084622 []
 | 22.5380 26.7986 51.1998 0.6093628 Oc1ccc(-c2cncc3ccccc23)cc1Cl 1 c1ccc(-c2cncc3ccccc23)cc1 0.2750000 0.2750 0.2003273 0.2003 1.0000000 1.0000 0.7996727 0.7997 1.0000000 1.0000 1.0000000 255.7040 0.5217517 1.9453 1.0000000 1.0000 1.0 0.0 0.44651427748729383 []
 | 30.2458 35.6207 24.9925 0.4735405 COc1cc(OCc2cccc([N+](=O)[O-])c2)c(OC)cc1/C=C1\N=C(c2ccccc2Br)OC1=O 1 O=C1OC(c2ccccc2)=NC1=Cc1ccc(OCc2ccccc2)cc1 0.1900000 0.1900 0.3599280 0.3599 0.3333333 0.3333 0.6842630 0.6843 1.0000000 1.0000 1.0000000 539.3380 0.5359216 2.5627 1.0000000 1.0000 1.0 0.6666666666666666 0.39230090491866065 []
 | 23.3102 26.0224 45.8642 0.5616145 CC1(C)Cn2c(CCc3ccccc3)nnc2CN1 1 c1ccc(CCc2nnc3n2CCNC3)cc1 0.2100000 0.2100 0.3337725 0.3338 0.6666667 0.6667 0.7567568 0.7568 1.0000000 1.0000 1.0000000 256.3530 0.5379627 2.6519 1.0000000 1.0000 1.0 0.3333333333333333 0.4073082370883261 []
 | 45.9642 51.1241 19.8826 0.5547403 C[C@H](Nc1cccc(CCl)c1)[C@@H](Cc1ccccc1F)n1cncn1 1 c1ccc(CC(CNc2ccccc2)n2cncn2)cc1 0.2550000 0.2550 0.2071842 0.2072 0.6666667 0.6667 0.7928158 0.7928 1.0000000 1.0000 1.0000000 358.8480 0.5529248 3.3071 1.0000000 1.0000 1.0 0.3333333333333333 0.43586121644395015 []
 | 22.0532 26.1301 37.6532 0.4983078 CN1CCN(c2cc(Nc3ccc(F)cc3F)ncn2)CC1 1 c1ccc(Nc2cc(N3CCNCC3)ncn2)cc1 0.1700000 0.1700 0.1481594 0.1482 0.6666667 0.6667 0.8845300 0.8845 1.0000000 1.0000 1.0000000 305.3320 0.5274560 2.1936 1.0000000 1.0000 1.0 0.3333333333333333 0.375632799419859 []
21:10:33 <INFO> Score: 0.50 Agent NLL: 31.93 Valid: 100% Step: 77
 | Agent Prior Target Score SMILES SMILES_state Scaffold predicted_activity predicted_activity (raw) training_similarity training_similarity (raw) taf_disrupted taf_disrupted (raw) novelty novelty (raw) stereo_validity stereo_validity (raw) MW_window MW_window (raw) synthetic_feasibility synthetic_feasibility (raw) curated alerts filter curated alerts filter (raw) scaffold_novelty (predicted_activity) taf_consistency (predicted_activity) uncertainty (predicted_activity) matchting_patterns (curated alerts filter)
 | 26.3918 34.8214 34.7188 0.5432834 CCc1ccccc1NCc1ccc(C)n(Cc2ccccc2Cl)c1=O 1 O=c1c(CNc2ccccc2)cccn1Cc1ccccc1 0.2200000 0.2200 0.2280126 0.2280 0.6666667 0.6667 0.7946015 0.7946 1.0000000 1.0000 1.0000000 366.8920 0.5266178 2.1571 1.0000000 1.0000 1.0 0.3333333333333333 0.4142463035441596 []
 | 40.5760 47.8777 18.1377 0.5157454 COc1cccc(NC(=O)C2N=c3c(=Cc4ccccc4Cl)sc(=O)n3[C@@H]2C(N)=O)c1 1 O=C(Nc1ccccc1)C1Cn2c(=O)sc(=Cc3ccccc3)c2=N1 0.2000000 0.2000 0.2807450 0.2807 0.6666667 0.6667 0.7721644 0.7722 0.5000000 0.5000 1.0000000 456.9110 0.5525090 3.7111 1.0000000 1.0000 1.0 0.3333333333333333 0.4 []
 | 40.2545 50.4096 10.7531 0.4778339 OCCc1cncc(-c2cncc(N[C@@H]3CN4CCOC3C4)c2)c1 1 c1cncc(-c2cncc(NC3CN4CCOC3C4)c2)c1 0.1850000 0.1850 0.2224420 0.2224 0.6666667 0.6667 0.8081596 0.8082 0.3333333 0.3333 1.0000000 326.4000 0.5347887 4.4867 1.0000000 1.0000 1.0 0.3333333333333333 0.38829756630707846 []
 | 22.5053 26.0876 42.5996 0.5366185 Cc1cc(NCc2nnc(-c3ccccc3)o2)ccc1Cl 1 c1ccc(NCc2nnc(-c3ccccc3)o2)cc1 0.2100000 0.2100 0.2222392 0.2222 0.6666667 0.6667 0.7920499 0.7920 1.0000000 1.0000 1.0000000 299.7610 0.5218553 1.9498 1.0000000 1.0000 1.0 0.3333333333333333 0.40730823708832603 []
 | 28.7801 31.8680 -17.7235 0.1105040 CC(O)(Cc1cc2ccccc2o1)c1cccc(O)c1 1 c1ccc(CCc2cc3ccccc3o2)cc1 0.2450000 0.2450 0.3008473 0.3008 0.6666667 0.6667 0.7027027 0.7027 0.0000000 0.0000 1.0000000 268.3120 0.5413883 2.8016 1.0000000 1.0000 1.0 0.3333333333333333 0.4300872004605578 []
 | 57.9905 62.4683 -11.0210 0.4019318 COc1ccc2c(c1)[C@H]1[C@H](SCCCSC)[C@H](O)C(OC(=O)c3ccccc3)CC1(C)O2 1 O=C(OC1CCC2c3ccccc3OC2C1)c1ccccc1 0.1000000 0.1000 0.3292448 0.3292 0.3333333 0.3333 0.7285770 0.7286 0.6000000 0.6000 1.0000000 474.6440 0.5421119 4.1668 1.0000000 1.0000 1.0 0.6666666666666666 0.3 []
 | 26.1594 25.2124 44.9089 0.5478226 CCNC(=O)CCCc1ccc(C)o1 1 c1ccoc1 0.2100000 0.2100 0.2689264 0.2689 0.6666667 0.6667 0.7812500 0.7812 1.0000000 1.0000 1.0000000 195.2620 0.5237014 2.0301 1.0000000 1.0000 1.0 0.3333333333333333 0.4073082370883261 []
 | 38.9699 40.1518 36.8813 0.6018214 C=C[C@H]1CN(C(=O)[C@@H](C)N2C(=O)[C@H]3CC=CC[C@H]3C2=O)c2ccccc2O1 1 O=C1C2CC=CCC2C(=O)N1CC(=O)N1CCOc2ccccc21 0.1950000 0.1950 0.3171675 0.3172 1.0000000 1.0000 0.7152526 0.7153 1.0000000 1.0000 1.0000000 366.4170 0.5459954 3.9968 1.0000000 1.0000 1.0 0.0 0.3962007067131506 []
 | 26.6848 25.2515 49.8420 0.5866678 Cc1cc(C(=O)O)ccc1OCCc1scnc1C 1 c1ccc(OCCc2cncs2)cc1 0.2000000 0.2000 0.2411214 0.2411 1.0000000 1.0000 0.7660561 0.7661 1.0000000 1.0000 1.0000000 277.3450 0.5261266 2.1357 1.0000000 1.0000 1.0 0.0 0.4000000000000001 []
 | 21.3266 25.1099 49.9274 0.5862291 C[C@H](O)CN1CCC[C@H]1c1ccc(F)cc1 1 c1ccc(C2CCCN2)cc1 0.2950000 0.2950 0.2866184 0.2866 0.6666667 0.6667 0.7462523 0.7463 1.0000000 1.0000 1.0000000 223.2910 0.5395579 2.7216 1.0000000 1.0000 1.0 0.3333333333333333 0.45604276115294273 []
21:10:34 <INFO> Sampled SMILES C1c2c(cc(CNC(=O)c3ccc(SCc4cnccc4)ccc3C)cc2)CC1 failed to sanitize.
21:10:34 <INFO> Sampled SMILES c12c(c(nc(Cl)s1)Nc1nccc(C)c1)cccc2 failed to sanitize.
21:10:34 <INFO> Sampled SMILES c1cc(-c2ccc(cc2)N(c2cc3c(cc2)c2c(cccc2)n3C)(c2ccccc2)c2ccccc2)ccc1Cc1ccccc1 failed to sanitize.
21:10:37 <INFO> Score: 0.50 Agent NLL: 30.87 Valid:  95% Step: 78
 | Agent Prior Target Score SMILES SMILES_state Scaffold predicted_activity predicted_activity (raw) training_similarity training_similarity (raw) taf_disrupted taf_disrupted (raw) novelty novelty (raw) stereo_validity stereo_validity (raw) MW_window MW_window (raw) synthetic_feasibility synthetic_feasibility (raw) curated alerts filter curated alerts filter (raw) scaffold_novelty (predicted_activity) taf_consistency (predicted_activity) uncertainty (predicted_activity) matchting_patterns (curated alerts filter)
 | 33.6193 39.3485 -39.3485 0.0000000 C1c2c(cc(CNC(=O)c3ccc(SCc4cnccc4)ccc3C)cc2)CC1 0 -- 0.0000000 0.0000 0.0000000 0.0000 0.0000000 0.0000 0.0000000 0.0000 0.0000000 0.0000 0.0000000 0.0000 0.0000000 0.0000 0.0000000 0.0000 None None None None
 | 38.3863 42.2504 30.7104 0.5700061 COCCCC#CCC[C@@H](COc1ccccc1OC)Cc1ccccc1 1 c1ccc(CCCOc2ccccc2)cc1 0.2400000 0.2400 0.3297751 0.3298 0.6666667 0.6667 0.6702249 0.6702 1.0000000 1.0000 1.0000000 366.5010 0.5405180 2.7635 1.0000000 1.0000 1.0 0.3333333333333333 0.4270831300812524 []
 | 24.3165 25.2903 -10.8951 0.1124621 COc1ccc(C(Cl)c2ccc(Cl)cc2)cc1Cl 1 c1ccc(Cc2ccccc2)cc1 0.1750000 0.1750 0.2456518 0.2457 1.0000000 1.0000 0.8446576 0.8447 0.0000000 0.0000 1.0000000 301.6000 0.5295002 2.2827 1.0000000 1.0000 1.0 0.0 0.3799671038392666 []
 | 19.8115 25.0654 46.3703 0.5580913 c1cncc(CNc2ccc3ccccc3n2)c1 1 c1cncc(CNc2ccc3ccccc3n2)c1 0.2500000 0.2500 0.2446772 0.2447 0.6666667 0.6667 0.7710545 0.7711 1.0000000 1.0000 1.0000000 235.2900 0.5187774 1.8159 1.0000000 1.0000 1.0 0.3333333333333333 0.4330127018922193 []
 | 28.6311 29.1318 43.8169 0.5699116 COc1cncc(C(=O)c2c(Cl)ccc(Cl)c2F)c1 1 O=C(c1ccccc1)c1cccnc1 0.1600000 0.1600 0.2511059 0.2511 1.0000000 1.0000 0.8332690 0.8333 1.0000000 1.0000 1.0000000 300.1160 0.5288683 2.2551 1.0000000 1.0000 1.0 0.0 0.36660605559646714 []
 | 31.7702 35.8958 38.7869 0.5834583 Cc1ccccc1OC[C@@H](O)CN1Cc2c(O)cccc2C[C@@H]1C 1 c1ccc(OCCCN2CCc3ccccc3C2)cc1 0.2700000 0.2700 0.3322053 0.3322 0.6666667 0.6667 0.6677947 0.6678 1.0000000 1.0000 1.0000000 327.4240 0.5494096 3.1529 1.0000000 1.0000 1.0 0.3333333333333333 0.4439594576084623 []
 | 26.1671 26.9754 35.5658 0.4886032 O=C(Nc1ccccc1C(=O)Nc1ccc(Cl)cn1)c1ccc(Br)cc1 1 O=C(Nc1ccccc1C(=O)Nc1ccccn1)c1ccccc1 0.2750000 0.2750 0.2588415 0.2588 0.3333333 0.3333 0.7463269 0.7463 1.0000000 1.0000 1.0000000 430.6890 0.5189503 1.8234 1.0000000 1.0000 1.0 0.6666666666666666 0.44651427748729383 []
 | 29.4445 33.5566 40.6787 0.5799630 Clc1ccccc1-c1cccc2ccc(-c3cnccn3)cc12 1 c1ccc(-c2cccc3ccc(-c4cnccn4)cc23)cc1 0.2350000 0.2350 0.1600142 0.1600 1.0000000 1.0000 0.8399858 0.8400 1.0000000 1.0000 1.0000000 316.7910 0.5226038 1.9823 1.0000000 1.0000 1.0 0.0 0.4239988207530771 []
 | 27.6686 27.4560 35.9648 0.4954750 COc1ccc([N+](=O)[O-])cc1C=Nn1c(C)nc2ccc(Br)cc2c1=O 1 O=c1c2ccccc2ncn1N=Cc1ccccc1 0.1300000 0.1300 0.2206306 0.2206 0.6666667 0.6667 0.8404137 0.8404 1.0000000 1.0000 1.0000000 417.2190 0.5329756 2.4342 1.0000000 1.0000 1.0 0.3333333333333333 0.33630343441600474 []
 | 23.4373 27.7767 44.9689 0.5683251 Cc1nc2ccccc2cc1C(=O)NCCCSc1ccccc1 1 O=C(NCCCSc1ccccc1)c1cnc2ccccc2c1 0.2700000 0.2700 0.2577696 0.2578 0.6666667 0.6667 0.7492939 0.7493 1.0000000 1.0000 1.0000000 336.4600 0.5216141 1.9393 1.0000000 1.0000 1.0 0.3333333333333333 0.4439594576084622 []
21:10:37 <INFO> Sampled SMILES c1(=O)c(=O)cc2c(cc(OC)c(OC)c2)n1S(=O)(=O)c1ccc(cc1)C failed to sanitize.
21:10:37 <INFO> Sampled SMILES c1(cn2c(cc1)[C@@H]1[C@H](CNC1)CN(C2)Cc1cc(OC)ccc1)=O failed to sanitize.
21:10:41 <INFO> Score: 0.50 Agent NLL: 31.82 Valid:  97% Step: 79
 | Agent Prior Target Score SMILES SMILES_state Scaffold predicted_activity predicted_activity (raw) training_similarity training_similarity (raw) taf_disrupted taf_disrupted (raw) novelty novelty (raw) stereo_validity stereo_validity (raw) MW_window MW_window (raw) synthetic_feasibility synthetic_feasibility (raw) curated alerts filter curated alerts filter (raw) scaffold_novelty (predicted_activity) taf_consistency (predicted_activity) uncertainty (predicted_activity) matchting_patterns (curated alerts filter)
 | 24.7633 30.9107 41.1358 0.5628634 Cc1ccc(NCc2ccccc2NCc2ccccc2)nc1 1 c1ccc(CNc2ccccc2CNc2ccccn2)cc1 0.2300000 0.2300 0.3123475 0.3123 0.6666667 0.6667 0.7260017 0.7260 1.0000000 1.0000 1.0000000 303.4090 0.5198097 1.8608 1.0000000 1.0000 1.0 0.3333333333333333 0.4208325082500163 []
 | 31.6715 37.5018 33.6243 0.5556727 COc1ccc(OC[C@@H](O)CN(c2ccc(OC)cc2)c2ccc(OC)c(OC)c2)cc1 1 c1ccc(OCCCN(c2ccccc2)c2ccccc2)cc1 0.2000000 0.2000 0.3358094 0.3358 0.6666667 0.6667 0.7297298 0.7297 1.0000000 1.0000 1.0000000 439.5080 0.5369283 2.6067 1.0000000 1.0000 1.0 0.3333333333333333 0.4 []
 | 28.9839 30.5648 40.6451 0.5563272 CCCCC(=O)Nc1sc(CC)nc1Cc1ccccc1 1 c1ccc(Cc2cscn2)cc1 0.2200000 0.2200 0.3044078 0.3044 0.6666667 0.6667 0.6955922 0.6956 1.0000000 1.0000 1.0000000 302.4430 0.5289445 2.2585 1.0000000 1.0000 1.0 0.3333333333333333 0.41424630354415964 []
 | 26.0866 30.2753 38.1034 0.5342086 C[C@H]1CNc2nnc(Cc3ccccc3F)n2C1 1 c1ccc(Cc2nnc3n2CCCN3)cc1 0.1950000 0.1950 0.2222392 0.2222 0.6666667 0.6667 0.8180437 0.8180 1.0000000 1.0000 1.0000000 246.2890 0.5533991 3.3280 1.0000000 1.0000 1.0 0.3333333333333333 0.39620070671315055 []
 | 38.2628 42.2374 25.2873 0.5275367 C[C@@H]1CC[C@H](C)[C@@H](N2CCC(COc3ccon3)C2)C1 1 c1cc(OCC2CCN(C3CCCCC3)C2)no1 0.1100000 0.1100 0.2828427 0.2828 1.0000000 1.0000 0.8039428 0.8039 0.7500000 0.7500 1.0000000 278.3960 0.5486770 3.8793 1.0000000 1.0000 1.0 0.0 0.31288975694324034 []
 | 30.0191 33.1770 34.7431 0.5306258 CSc1ccc(CC(=O)Nc2ccc3cc4c(cc3c2)OCCO4)cc1 1 O=C(Cc1ccccc1)Nc1ccc2cc3c(cc2c1)OCCO3 0.1900000 0.1900 0.2325582 0.2326 0.6666667 0.6667 0.7994351 0.7994 1.0000000 1.0000 1.0000000 365.4540 0.5261028 2.1347 1.0000000 1.0000 1.0 0.3333333333333333 0.39230090491866065 []
 | 23.1338 27.5326 37.1902 0.5056465 COc1ccccc1Nc1cncc(N2CCC(O)CC2)n1 1 c1ccc(Nc2cncc(N3CCCCC3)n2)cc1 0.1350000 0.1350 0.2585438 0.2585 0.6666667 0.6667 0.8017274 0.8017 1.0000000 1.0000 1.0000000 300.3620 0.5288368 2.2538 1.0000000 1.0000 1.0 0.3333333333333333 0.34172357249683555 []
 | 28.9795 35.0050 36.3278 0.5572877 COc1cccc(Oc2cnn(-c3ccccc3)c2-c2ccc(F)cc2)c1 1 c1ccc(Oc2cnn(-c3ccccc3)c2-c2ccccc2)cc1 0.1650000 0.1650 0.1982279 0.1982 1.0000000 1.0000 0.8245057 0.8245 1.0000000 1.0000 1.0000000 360.3880 0.5246378 2.0709 1.0000000 1.0000 1.0 0.0 0.37118054905934933 []
 | 26.7522 32.6516 36.3613 0.5391634 Cc1ccccc1O[C@@H]1CN[C@H](CNc2ncccn2)C1 1 c1ccc(OC2CNC(CNc3ncccn3)C2)cc1 0.1800000 0.1800 0.2891776 0.2892 0.6666667 0.6667 0.7590186 0.7590 1.0000000 1.0000 1.0000000 284.3630 0.5494319 3.1538 1.0000000 1.0000 1.0 0.3333333333333333 0.38418745424597095 []
 | 50.1443 51.3931 21.0340 0.5658370 O=C(NC[C@H]1C[C@H]1c1cc2ccccc2o1)c1ccc(-c2ccc(NC(=O)c3c(F)cccc3Cl)cc2)cc1 1 O=C(NCC1CC1c1cc2ccccc2o1)c1ccc(-c2ccc(NC(=O)c3ccccc3)cc2)cc1 0.2700000 0.2700 0.2315405 0.2315 0.6666667 0.6667 0.7684595 0.7685 1.0000000 1.0000 1.0000000 539.0060 0.5498230 3.1710 1.0000000 1.0000 1.0 0.3333333333333333 0.4439594576084623 []
21:10:41 <INFO> Sampled SMILES O=C(c1cc(c(cc1)C)-c1c(cccc1)C)=O failed to sanitize.
21:10:41 <INFO> Sampled SMILES N(S(Cc1ccccc1)(=O)=O)(CCN(C)C)c1nc2c(CCCC2)sc1 failed to sanitize.
21:10:45 <INFO> Score: 0.52 Agent NLL: 30.95 Valid:  97% Step: 80
 | Agent Prior Target Score SMILES SMILES_state Scaffold predicted_activity predicted_activity (raw) training_similarity training_similarity (raw) taf_disrupted taf_disrupted (raw) novelty novelty (raw) stereo_validity stereo_validity (raw) MW_window MW_window (raw) synthetic_feasibility synthetic_feasibility (raw) curated alerts filter curated alerts filter (raw) scaffold_novelty (predicted_activity) taf_consistency (predicted_activity) uncertainty (predicted_activity) matchting_patterns (curated alerts filter)
 | 23.6006 25.5356 43.3062 0.5378267 O=S(=O)(Nc1cccc2ccccc12)c1c(Cl)cccc1Cl 1 O=S(=O)(Nc1cccc2ccccc12)c1ccccc1 0.2400000 0.2400 0.1800901 0.1801 0.6666667 0.6667 0.8199099 0.8199 1.0000000 1.0000 1.0000000 352.2420 0.5198484 1.8625 1.0000000 1.0000 1.0 0.3333333333333333 0.4270831300812524 []
 | 34.6460 41.4696 29.6002 0.5552326 O=C(C[C@@H]1CNC[C@H]1Cc1ccnc(Oc2ccccc2)c1)Nc1ccc(F)cn1 1 O=C(CC1CNCC1Cc1ccnc(Oc2ccccc2)c1)Nc1ccccn1 0.2100000 0.2100 0.3029840 0.3030 0.6666667 0.6667 0.7169227 0.7169 1.0000000 1.0000 1.0000000 406.4610 0.5523358 3.2813 1.0000000 1.0000 1.0 0.3333333333333333 0.4073082370883261 []
 | 32.8296 36.9451 32.8246 0.5450762 Cn1nnnc1-c1ccccc1C(=O)Nc1cccc(Oc2ccccc2F)c1 1 O=C(Nc1cccc(Oc2ccccc2)c1)c1ccccc1-c1nnn[nH]1 0.2350000 0.2350 0.2114775 0.2115 0.6666667 0.6667 0.7948177 0.7948 1.0000000 1.0000 1.0000000 389.3900 0.5262159 2.1396 1.0000000 1.0000 1.0 0.3333333333333333 0.4239988207530771 []
 | 24.5868 29.6398 -29.6398 0.0000000 O=C(c1cc(c(cc1)C)-c1c(cccc1)C)=O 0 -- 0.0000000 0.0000 0.0000000 0.0000 0.0000000 0.0000 0.0000000 0.0000 0.0000000 0.0000 0.0000000 0.0000 0.0000000 0.0000 0.0000000 0.0000 None None None None
 | 21.9940 26.0733 44.6162 0.5522624 CC(=O)NCc1ccc2oc(=O)ccc2c1 1 O=c1ccc2ccccc2o1 0.2150000 0.2150 0.2876862 0.2877 0.6666667 0.6667 0.7462523 0.7463 1.0000000 1.0000 1.0000000 217.2240 0.5211228 1.9179 1.0000000 1.0000 1.0 0.3333333333333333 0.41082234603292944 []
 | 37.1059 36.0960 -36.0960 0.0000000 COc1c(O)cc(/C=N\NC(=O)[C@H](N)Cc2ccc(O)cc2)cc1Br 1 O=C(CCc1ccccc1)NN=Cc1ccccc1 0.0000000 0.0000 0.0000000 0.0000 0.0000000 0.0000 0.0000000 0.0000 0.0000000 0.0000 0.0000000 0.0000 0.0000000 0.0000 0.0000000 0.0000 None None None ['[#7;!n][#7;!n]']
 | 47.9123 51.8519 15.6174 0.5271042 COCC[C@@H]1[C@H]([C@@H](O)C(F)(F)F)O[C@@H]1CNC(=O)Cc1scnc1C 1 O=C(Cc1cncs1)NCC1CCO1 0.1550000 0.1550 0.3225896 0.3226 0.6666667 0.6667 0.6929038 0.6929 1.0000000 1.0000 1.0000000 382.4040 0.5390960 4.2986 1.0000000 1.0000 1.0 0.3333333333333333 0.36190468358395134 []
 | 23.3577 26.6334 53.1626 0.6234063 Clc1ccc2cc(COc3ccccc3)ccc2c1 1 c1ccc(OCc2ccc3ccccc3c2)cc1 0.2350000 0.2350 0.3728218 0.3728 1.0000000 1.0000 0.6271782 0.6272 1.0000000 1.0000 1.0000000 268.7430 0.5120307 1.5226 1.0000000 1.0000 1.0 0.0 0.4239988207530771 []
 | 30.1369 30.8760 33.7063 0.5045491 CCOc1cc(C(=O)NCc2cccc(Cl)c2)cc(Br)c1O 1 O=C(NCc1ccccc1)c1ccccc1 0.3000000 0.3000 0.3151110 0.3151 0.3333333 0.3333 0.6848890 0.6849 1.0000000 1.0000 1.0000000 384.6570 0.5213675 1.9285 1.0000000 1.0000 1.0 0.6666666666666666 0.45825756949558394 []
 | 35.6841 38.1541 30.3897 0.5354986 CNC(=O)c1ccc(Nc2ccc(S(=O)(=O)Nc3ccncn3)cc2)c2nccnc12 1 O=S(=O)(Nc1ccncn1)c1ccc(Nc2cccc3nccnc23)cc1 0.2250000 0.2250 0.1838290 0.1838 0.6666667 0.6667 0.8372533 0.8373 1.0000000 1.0000 1.0000000 435.4690 0.5362749 2.5782 1.0000000 1.0000 1.0 0.3333333333333333 0.41758232721225164 []
21:10:45 <INFO> Sampled SMILES c1c2c(COc3ccc(CN[C@H](Cc4ccc(cc4)O)C(=O)O)ccc-23)ccc1 failed to sanitize.
21:10:45 <INFO> Sampled SMILES c1cc2sc(NC(=O)Cc3cc(oc4cc(C)ccc4c3)=O)nc2c(c1)C failed to sanitize.
21:10:49 <INFO> Score: 0.48 Agent NLL: 31.44 Valid:  97% Step: 81
 | Agent Prior Target Score SMILES SMILES_state Scaffold predicted_activity predicted_activity (raw) training_similarity training_similarity (raw) taf_disrupted taf_disrupted (raw) novelty novelty (raw) stereo_validity stereo_validity (raw) MW_window MW_window (raw) synthetic_feasibility synthetic_feasibility (raw) curated alerts filter curated alerts filter (raw) scaffold_novelty (predicted_activity) taf_consistency (predicted_activity) uncertainty (predicted_activity) matchting_patterns (curated alerts filter)
 | 25.6852 32.1422 39.7179 0.5614070 C/C=C/c1ccc(Oc2cccc(Cl)c2Cl)c(OC)c1 1 c1ccc(Oc2ccccc2)cc1 0.1600000 0.1600 0.2166446 0.2166 1.0000000 1.0000 0.8630008 0.8630 1.0000000 1.0000 1.0000000 309.1920 0.5242686 2.0548 1.0000000 1.0000 1.0 0.0 0.36660605559646714 []
 | 29.4192 34.7764 -34.7764 0.0000000 c1c2c(COc3ccc(CN[C@H](Cc4ccc(cc4)O)C(=O)O)ccc-23)ccc1 0 -- 0.0000000 0.0000 0.0000000 0.0000 0.0000000 0.0000 0.0000000 0.0000 0.0000000 0.0000 0.0000000 0.0000 0.0000000 0.0000 0.0000000 0.0000 None None None None
 | 38.6740 41.4831 32.8998 0.5811164 CCCCN1CC[C@H](Oc2cc3oc(=O)ccc3cc2C)[C@H](c2ccccc2)C1 1 O=c1ccc2ccc(OC3CCNCC3c3ccccc3)cc2o1 0.1600000 0.1600 0.3162278 0.3162 1.0000000 1.0000 0.7144064 0.7144 1.0000000 1.0000 1.0000000 391.5110 0.5487939 3.1259 1.0000000 1.0000 1.0 0.0 0.36660605559646714 []
 | 27.6998 28.2201 46.0266 0.5800522 Cc1ccc(F)c(-c2c[nH]cc2C(=O)O)c1F 1 c1ccc(-c2cc[nH]c2)cc1 0.2100000 0.2100 0.1887074 0.1887 1.0000000 1.0000 0.8256285 0.8256 1.0000000 1.0000 1.0000000 237.2050 0.5367764 2.6001 1.0000000 1.0000 1.0 0.0 0.4073082370883261 []
 | 48.4411 51.0503 -36.3995 0.1144594 COc1cc(O)cc(-c2cccc(CC(O)c3cn(Cc4ccccc4)nc3-c3cccs3)c2)c1 1 c1ccc(Cn2cc(CCc3cccc(-c4ccccc4)c3)c(-c3cccs3)n2)cc1 0.2900000 0.2900 0.3183573 0.3184 0.6666667 0.6667 0.6816427 0.6816 0.0000000 0.0000 1.0000000 482.6050 0.5459594 3.0016 1.0000000 1.0000 1.0 0.3333333333333333 0.4537620521815371 []
 | 28.2569 34.2595 31.7458 0.5156665 COc1ccc(Nc2ccc(S(=O)(=O)/C=C/c3ccccc3)cc2)cn1 1 O=S(=O)(C=Cc1ccccc1)c1ccc(Nc2cccnc2)cc1 0.1600000 0.1600 0.2409814 0.2410 0.6666667 0.6667 0.7716942 0.7717 1.0000000 1.0000 1.0000000 366.4420 0.5277885 2.2081 1.0000000 1.0000 1.0 0.3333333333333333 0.3666060555964672 []
 | 30.8815 29.7542 -29.7542 0.0000000 C=Cc1ccc(F)c(CCC(=O)O)c1OC 1 c1ccccc1 0.1900000 0.1900 0.3138824 0.3139 1.0000000 1.0000 0.7499035 0.7499 1.0000000 1.0000 1.0000000 224.2310 0.5327117 2.4227 1.0000000 1.0000 1.0 0.0 0.39230090491866065 []
 | 30.7278 40.0464 20.8472 0.4757309 C[C@@H]1CC[C@@H](C)[C@@H](OC(=O)CC2CNC[C@@H]2c2ccccc2)C1 1 O=C(CC1CNCC1c1ccccc1)OC1CCCCC1 0.2350000 0.2350 0.2988703 0.2989 0.3333333 0.3333 0.7273751 0.7274 0.8000000 0.8000 1.0000000 315.4570 0.5517936 3.7425 1.0000000 1.0000 1.0 0.6666666666666666 0.4239988207530771 []
 | 23.5576 26.3512 48.8093 0.5871912 O=C(Nc1ccn(Cc2ccccc2)n1)c1ccc2ccccc2c1 1 O=C(Nc1ccn(Cc2ccccc2)n1)c1ccc2ccccc2c1 0.3000000 0.3000 0.3080977 0.3081 0.6666667 0.6667 0.6919023 0.6919 1.0000000 1.0000 1.0000000 327.3870 0.5189066 1.8215 1.0000000 1.0000 1.0 0.3333333333333333 0.45825756949558394 []
 | 28.0602 31.0312 35.6982 0.5213236 COc1ccccc1-c1cnc(CNCCCOc2ccccc2)o1 1 c1ccc(OCCCNCc2ncc(-c3ccccc3)o2)cc1 0.1650000 0.1650 0.2589849 0.2590 0.6666667 0.6667 0.7521592 0.7522 1.0000000 1.0000 1.0000000 338.4070 0.5237381 2.0317 1.0000000 1.0000 1.0 0.3333333333333333 0.37118054905934933 []
21:10:49 <INFO> Sampled SMILES c1ccc2-c(sc3nccnc3c12)=O failed to sanitize.
21:10:53 <INFO> Score: 0.48 Agent NLL: 31.07 Valid:  95% Step: 82
 | Agent Prior Target Score SMILES SMILES_state Scaffold predicted_activity predicted_activity (raw) training_similarity training_similarity (raw) taf_disrupted taf_disrupted (raw) novelty novelty (raw) stereo_validity stereo_validity (raw) MW_window MW_window (raw) synthetic_feasibility synthetic_feasibility (raw) curated alerts filter curated alerts filter (raw) scaffold_novelty (predicted_activity) taf_consistency (predicted_activity) uncertainty (predicted_activity) matchting_patterns (curated alerts filter)
 | 31.8011 35.4610 -35.4610 0.0000000 [O-][N+](=NNc1nc(Cc2ccccc2)cs1)c1ccc(Cl)cc1 1 c1ccc(Cc2csc(NN=[NH+]c3ccccc3)n2)cc1 0.0000000 0.0000 0.0000000 0.0000 0.0000000 0.0000 0.0000000 0.0000 0.0000000 0.0000 0.0000000 0.0000 0.0000000 0.0000 0.0000000 0.0000 None None None ['[#7;!n][#7;!n]']
 | 26.7967 26.5021 43.8925 0.5499581 N#Cc1cc(Cl)c(Cl)[nH]c1=O 1 O=c1cccc[nH]1 0.2300000 0.2300 0.2288021 0.2288 0.6666667 0.6667 0.8087270 0.8087 1.0000000 1.0000 1.0000000 189.0010 0.5398128 2.7327 1.0000000 1.0000 1.0 0.3333333333333333 0.4208325082500163 []
 | 35.0513 41.9355 32.7914 0.5838039 O=c1cc(CN[C@H]2c3ccccc3[C@@H](O)[C@@H]2O)c2cc(O)ccc2o1 1 O=c1cc(CNC2CCc3ccccc32)c2ccccc2o1 0.2700000 0.2700 0.3253000 0.3253 0.6666667 0.6667 0.6814070 0.6814 1.0000000 1.0000 1.0000000 339.3470 0.5572827 3.4987 1.0000000 1.0000 1.0 0.3333333333333333 0.4439594576084622 []
 | 24.8686 25.0390 39.0398 0.5006157 COc1ccc(NCc2ccc3c(c2)CCO3)cn1 1 c1cncc(NCc2ccc3c(c2)CCO3)c1 0.1350000 0.1350 0.2381628 0.2382 0.6666667 0.6667 0.7994351 0.7994 1.0000000 1.0000 1.0000000 256.3050 0.5255873 2.1122 1.0000000 1.0000 1.0 0.3333333333333333 0.34172357249683555 []
 | 21.2982 21.3305 -19.9441 0.0108312 CCCc1ccccc1O 1 c1ccccc1 0.3050000 0.3050 0.3401680 0.3402 1.0000000 1.0000 0.6691534 0.6692 1.0000000 1.0000 0.0000000 136.1940 0.5130936 1.5688 1.0000000 1.0000 1.0 0.0 0.4604074282632721 []
 | 30.0975 31.4497 -18.4314 0.1017055 Clc1ccc(CNCC2CCCN2Cc2cnccn2)cc1 1 c1ccc(CNCC2CCCN2Cc2cnccn2)cc1 0.1850000 0.1850 0.2072391 0.2072 0.6666667 0.6667 0.8060855 0.8061 0.0000000 0.0000 1.0000000 316.8360 0.5376617 2.6387 1.0000000 1.0000 1.0 0.3333333333333333 0.38829756630707846 []
 | 37.7642 45.4146 10.5087 0.4369007 C#Cc1ccnc(Nc2cc(Oc3cccc(F)c3C#N)cnc2OC)c1 1 c1ccc(Oc2cncc(Nc3ccccn3)c2)cc1 0.1750000 0.1750 0.1752741 0.1753 0.3333333 0.3333 0.8315323 0.8315 1.0000000 1.0000 1.0000000 360.3480 0.5409805 2.7838 1.0000000 1.0000 1.0 0.6666666666666666 0.3799671038392666 []
 | 25.1005 27.3107 55.6293 0.6479683 O=C(c1ccccc1)c1ccc(Cn2c(=O)[nH]c3ccccc32)cc1 1 O=C(c1ccccc1)c1ccc(Cn2c(=O)[nH]c3ccccc32)cc1 0.2950000 0.2950 0.3561978 0.3562 1.0000000 1.0000 0.6438022 0.6438 1.0000000 1.0000 1.0000000 328.3710 0.5191893 1.8338 1.0000000 1.0000 1.0 0.0 0.4560427611529428 []
 | 24.2692 27.6617 46.5810 0.5800213 Cc1ccc(NC(=O)c2ccnnc2)o1 1 O=C(Nc1ccco1)c1ccnnc1 0.2950000 0.2950 0.2586033 0.2586 0.6666667 0.6667 0.7610239 0.7610 1.0000000 1.0000 1.0000000 203.2010 0.5370194 2.6107 1.0000000 1.0000 1.0 0.3333333333333333 0.4560427611529428 []
 | 27.3983 29.9610 36.9628 0.5228420 COc1ccc(CCCNC(=O)N2CCC[C@H]2c2ccccc2C)cc1 1 O=C(NCCCc1ccccc1)N1CCCC1c1ccccc1 0.1500000 0.1500 0.3120306 0.3120 0.6666667 0.6667 0.7237544 0.7238 1.0000000 1.0000 1.0000000 352.4780 0.5318865 2.3867 1.0000000 1.0000 1.0 0.3333333333333333 0.3570714214271425 []
21:10:53 <INFO> Sampled SMILES N1(CCOc2ccccc2)C[C@H](N([C@H]21c1cccc(c1OC[C@H]2C)OCc1ccccc1)C)C failed to sanitize.
21:10:57 <INFO> Score: 0.47 Agent NLL: 30.80 Valid:  98% Step: 83
 | Agent Prior Target Score SMILES SMILES_state Scaffold predicted_activity predicted_activity (raw) training_similarity training_similarity (raw) taf_disrupted taf_disrupted (raw) novelty novelty (raw) stereo_validity stereo_validity (raw) MW_window MW_window (raw) synthetic_feasibility synthetic_feasibility (raw) curated alerts filter curated alerts filter (raw) scaffold_novelty (predicted_activity) taf_consistency (predicted_activity) uncertainty (predicted_activity) matchting_patterns (curated alerts filter)
 | 27.7629 28.7266 31.9786 0.4742595 O=C1NC(=O)C(=Cc2cc(Br)ccc2OCc2ccc3ccccc3c2)S1 1 O=C1NC(=O)C(=Cc2ccccc2OCc2ccc3ccccc3c2)S1 0.2000000 0.2000 0.3381261 0.3381 0.3333333 0.3333 0.6915237 0.6915 1.0000000 1.0000 1.0000000 440.3180 0.5293899 2.2779 1.0000000 1.0000 1.0 0.6666666666666666 0.4 []
 | 27.7700 30.2627 45.8683 0.5947731 CCOc1ccc(CN(Cc2ccccc2)c2nc3c(C)cccc3s2)cc1 1 c1ccc(CN(Cc2ccccc2)c2nc3ccccc3s2)cc1 0.2000000 0.2000 0.2825290 0.2825 1.0000000 1.0000 0.7273751 0.7274 1.0000000 1.0000 1.0000000 388.5360 0.5240775 2.0465 1.0000000 1.0000 1.0 0.0 0.4000000000000001 []
 | 32.0785 33.0972 43.9319 0.6017899 O=C(CCC(=O)N1CCS[C@H]1c1ccc(Cl)s1)c1ccccc1 1 O=C(CCC(=O)N1CCSC1c1cccs1)c1ccccc1 0.2200000 0.2200 0.2558140 0.2558 1.0000000 1.0000 0.7492939 0.7493 1.0000000 1.0000 1.0000000 365.9070 0.5425159 2.8509 1.0000000 1.0000 1.0 0.0 0.41424630354415964 []
 | 29.9378 32.7435 39.0990 0.5612696 O=S(=O)(NCc1ccccc1)c1ccc(F)c(-c2cnccn2)c1 1 O=S(=O)(NCc1ccccc1)c1cccc(-c2cnccn2)c1 0.2450000 0.2450 0.2726249 0.2726 0.6666667 0.6667 0.7273751 0.7274 1.0000000 1.0000 1.0000000 343.3830 0.5241315 2.0488 1.0000000 1.0000 1.0 0.3333333333333333 0.43008720046055776 []
 | 45.9591 50.6789 21.6365 0.5649641 CC[C@@H]1[C@@H](Cc2ccc(OC)c(C)c2)[C@H]2CN(c3ncccn3)C[C@H]12 1 c1ccc(CC2CC3CN(c4ncccn4)CC23)cc1 0.1500000 0.1500 0.2560911 0.2561 1.0000000 1.0000 0.7794356 0.7794 1.0000000 1.0000 1.0000000 337.4670 0.5533235 3.6754 1.0000000 1.0000 1.0 0.0 0.3570714214271425 []
 | 19.3812 22.2218 50.5829 0.5687870 Nc1nc(-c2ccccc2O)cs1 1 c1ccc(-c2cscn2)cc1 0.2900000 0.2900 0.2256890 0.2257 0.6666667 0.6667 0.7743110 0.7743 1.0000000 1.0000 1.0000000 192.2430 0.5248471 2.0800 1.0000000 1.0000 1.0 0.3333333333333333 0.4537620521815371 []
 | 27.0215 33.7247 32.8581 0.5201774 c1ccc2c3c(ccc2c1)[C@H](Nc1n[nH]c2ccccc12)CCC3 1 c1ccc2c3c(ccc2c1)C(Nc1n[nH]c2ccccc12)CCC3 0.2000000 0.2000 0.1686869 0.1687 0.6666667 0.6667 0.8477961 0.8478 1.0000000 1.0000 1.0000000 313.4040 0.5393136 2.7109 1.0000000 1.0000 1.0 0.3333333333333333 0.4 []
 | 34.4912 38.7840 37.0122 0.5921578 CCc1ccc([C@@H](CC(C)C)N=Cc2cccnc2Cl)cc1 1 C(=NCc1ccccc1)c1cccnc1 0.2150000 0.2150 0.2195122 0.2195 1.0000000 1.0000 0.7946015 0.7946 1.0000000 1.0000 1.0000000 314.8600 0.5476299 3.0748 1.0000000 1.0000 1.0 0.0 0.41082234603292944 []
 | 40.3435 43.9644 31.3023 0.5880204 COc1cccc(Cc2nc3nc(-c4cncc(Oc5ccccc5)c4)[nH]c(=O)c3s2)c1 1 O=c1[nH]c(-c2cncc(Oc3ccccc3)c2)nc2nc(Cc3ccccc3)sc12 0.1750000 0.1750 0.3102858 0.3103 1.0000000 1.0000 0.7169227 0.7169 1.0000000 1.0000 1.0000000 442.5000 0.5378060 2.6450 1.0000000 1.0000 1.0 0.0 0.3799671038392666 []
 | 22.8185 30.1304 43.5048 0.5752747 Cc1ccccc1CN1CC[C@@H](c2nc3ccccc3s2)C1 1 c1ccc(CN2CCC(c3nc4ccccc4s3)C2)cc1 0.1850000 0.1850 0.2168832 0.2169 1.0000000 1.0000 0.8224288 0.8224 1.0000000 1.0000 1.0000000 308.4500 0.5322525 2.4027 1.0000000 1.0000 1.0 0.0 0.38829756630707846 []
21:10:57 <INFO> Sampled SMILES c1cc2ccccc2cc1Cn1ccc2cc(OCc3ccc4ccccc4nc3Oc3cc(C)c(c(F)c3)F)ccc2c1=O failed to sanitize.
21:11:01 <INFO> Score: 0.53 Agent NLL: 31.96 Valid:  98% Step: 84
 | Agent Prior Target Score SMILES SMILES_state Scaffold predicted_activity predicted_activity (raw) training_similarity training_similarity (raw) taf_disrupted taf_disrupted (raw) novelty novelty (raw) stereo_validity stereo_validity (raw) MW_window MW_window (raw) synthetic_feasibility synthetic_feasibility (raw) curated alerts filter curated alerts filter (raw) scaffold_novelty (predicted_activity) taf_consistency (predicted_activity) uncertainty (predicted_activity) matchting_patterns (curated alerts filter)
 | 24.5179 27.4166 50.2402 0.6066932 Fc1cc(-c2ccccc2)ccc1COc1ccccc1 1 c1ccc(OCc2ccc(-c3ccccc3)cc2)cc1 0.2200000 0.2200 0.3052813 0.3053 1.0000000 1.0000 0.6947187 0.6947 1.0000000 1.0000 1.0000000 278.3260 0.5117527 1.5105 1.0000000 1.0000 1.0 0.0 0.41424630354415964 []
 | 26.8443 33.3930 42.4179 0.5922729 c1ccc(Oc2ccc(C3=NC[C@H](c4cccnc4)O3)cc2)cc1 1 c1ccc(Oc2ccc(C3=NCC(c4cccnc4)O3)cc2)cc1 0.1850000 0.1850 0.2963189 0.2963 1.0000000 1.0000 0.7400624 0.7401 1.0000000 1.0000 1.0000000 316.3600 0.5393888 2.7142 1.0000000 1.0000 1.0 0.0 0.38829756630707846 []
 | 23.3636 25.4049 47.8920 0.5726316 O=C(CSc1nnc(Cc2ccccc2)o1)NCc1ccc(F)cc1 1 O=C(CSc1nnc(Cc2ccccc2)o1)NCc1ccccc1 0.2650000 0.2650 0.2940858 0.2941 0.6666667 0.6667 0.7059142 0.7059 1.0000000 1.0000 1.0000000 357.4100 0.5225670 1.9807 1.0000000 1.0000 1.0 0.3333333333333333 0.4413332074521472 []
 | 29.0441 32.2869 34.0732 0.5184381 CSc1ccc(Nc2cc(Cl)ccc2Cl)c2ccccc12 1 c1ccc(Nc2cccc3ccccc23)cc1 0.2050000 0.2050 0.1607015 0.1607 0.6666667 0.6667 0.8590290 0.8590 1.0000000 1.0000 1.0000000 334.2710 0.5238708 2.0375 1.0000000 1.0000 1.0 0.3333333333333333 0.403701622488689 []
 | 36.2470 38.6665 35.5008 0.5794317 CN1C(=O)/C(=C\c2ccccc2CCc2nc(-c3ccccc3)no2)SC1=S 1 O=C1NC(=S)SC1=Cc1ccccc1CCc1nc(-c2ccccc2)no1 0.1850000 0.1850 0.2405557 0.2406 1.0000000 1.0000 0.7697954 0.7698 1.0000000 1.0000 1.0000000 407.5200 0.5327271 2.4234 1.0000000 1.0000 1.0 0.0 0.3882975663070784 []
 | 36.1709 38.9615 28.5609 0.5275190 C[C@@H](CN1CCN(c2ccc(Br)c3ccncc23)CC1)n1cccn1 1 c1cc(N2CCN(CCn3cccn3)CC2)c2cnccc2c1 0.2150000 0.2150 0.1698416 0.1698 0.6666667 0.6667 0.8301584 0.8302 1.0000000 1.0000 1.0000000 400.3240 0.5481301 3.0968 1.0000000 1.0000 1.0 0.3333333333333333 0.41082234603292944 []
 | 26.6288 28.4973 40.0621 0.5356203 Clc1ccc2nc(N3CCN(c4ccc5c(c4)OCCO5)CC3)sc2c1 1 c1ccc2sc(N3CCN(c4ccc5c(c4)OCCO5)CC3)nc2c1 0.1750000 0.1750 0.1190814 0.1191 1.0000000 1.0000 0.8997176 0.8997 1.0000000 1.0000 1.0000000 387.8920 0.5278917 2.2126 1.0000000 1.0000 1.0 0.0 0.3799671038392666 []
 | 20.7161 26.7201 50.3463 0.6020812 Cc1cc(CN2CCN([C@H](CO)Cc3ccccc3)CC2)no1 1 c1ccc(CCN2CCN(Cc3ccon3)CC2)cc1 0.3100000 0.3100 0.3760592 0.3761 0.6666667 0.6667 0.6239408 0.6239 1.0000000 1.0000 1.0000000 315.4170 0.5377210 2.6413 1.0000000 1.0000 1.0 0.3333333333333333 0.462493243193887 []
 | 21.7523 25.1696 53.9304 0.6179688 O=S(=O)(O)c1ccc(/C=C\c2ccccc2)cc1 1 C(=Cc1ccccc1)c1ccccc1 0.2550000 0.2550 0.2742365 0.2742 1.0000000 1.0000 0.7257635 0.7258 1.0000000 1.0000 1.0000000 260.3140 0.5171686 1.7459 1.0000000 1.0000 1.0 0.0 0.43586121644395015 []
 | 37.4444 43.6049 27.7415 0.5573936 Cc1cnc(C)[n+](C)c1-c1ccc(OCc2ccc(F)cc2F)cc1 1 c1ccc(COc2ccc(-c3ccnc[nH+]3)cc2)cc1 0.1550000 0.1550 0.2143465 0.2143 1.0000000 1.0000 0.8245057 0.8245 1.0000000 1.0000 1.0000000 341.3810 0.5371490 2.6163 1.0000000 1.0000 1.0 0.0 0.36190468358395134 []
21:11:01 <INFO> Sampled SMILES O=C(O)c1cscn1/N=C\c1ccc(OCCC)cc1 failed to sanitize.
21:11:01 <INFO> Sampled SMILES C1CO[C@H](CN(Cc2ccc3c(c2)OCO3)Cc1cccc1ccccc1=O)=O failed to sanitize.
21:11:05 <INFO> Score: 0.51 Agent NLL: 31.03 Valid:  97% Step: 85
 | Agent Prior Target Score SMILES SMILES_state Scaffold predicted_activity predicted_activity (raw) training_similarity training_similarity (raw) taf_disrupted taf_disrupted (raw) novelty novelty (raw) stereo_validity stereo_validity (raw) MW_window MW_window (raw) synthetic_feasibility synthetic_feasibility (raw) curated alerts filter curated alerts filter (raw) scaffold_novelty (predicted_activity) taf_consistency (predicted_activity) uncertainty (predicted_activity) matchting_patterns (curated alerts filter)
 | 36.8781 44.9750 27.7115 0.5678635 C[C@@]1(CCc2ccccc2)[C@@H]2[C@H](NCc3ccccc3)N(Cc3ccccc3)C[C@@H]21 1 c1ccc(CCC2C3CN(Cc4ccccc4)C(NCc4ccccc4)C23)cc1 0.2200000 0.2200 0.3414634 0.3415 0.6666667 0.6667 0.7175771 0.7176 1.0000000 1.0000 1.0000000 396.5780 0.5567193 3.4739 1.0000000 1.0000 1.0 0.3333333333333333 0.4142463035441596 []
 | 27.5952 31.8672 36.8147 0.5365774 CSc1cccc(NC(=O)/C=C/c2cnn(Cc3ccccc3Cl)c2)c1 1 O=C(C=Cc1cnn(Cc2ccccc2)c1)Nc1ccccc1 0.2300000 0.2300 0.1850661 0.1851 0.6666667 0.6667 0.8226596 0.8227 1.0000000 1.0000 1.0000000 383.9040 0.5292374 2.2712 1.0000000 1.0000 1.0 0.3333333333333333 0.4208325082500163 []
 | 30.5470 38.4316 24.6720 0.4929971 O=C1Nc2ccccc2C2C[C@@H](Nc3ccccc3F)CC12 1 O=C1Nc2ccccc2C2CC(Nc3ccccc3)CC12 0.1900000 0.1900 0.2786820 0.2787 0.6666667 0.6667 0.7866477 0.7866 0.3333333 0.3333 1.0000000 296.3450 0.5506759 3.2084 1.0000000 1.0000 1.0 0.3333333333333333 0.39230090491866065 []
 | 23.7094 24.9333 35.3755 0.4711626 O=C(Nc1cc(F)ccc1Br)c1ccc(Cl)cc1 1 O=C(Nc1ccccc1)c1ccccc1 0.2550000 0.2550 0.2048366 0.2048 0.3333333 0.3333 0.7951634 0.7952 1.0000000 1.0000 1.0000000 328.5680 0.5136110 1.5913 1.0000000 1.0000 1.0 0.6666666666666666 0.43586121644395015 []
 | 38.0565 39.6465 30.0868 0.5447911 O=C(O)CCc1ccc(CNCc2cccnc2N2CCCCC2)c(Cl)c1 1 c1ccc(CNCc2cccnc2N2CCCCC2)cc1 0.2100000 0.2100 0.2562489 0.2562 0.6666667 0.6667 0.7697954 0.7698 1.0000000 1.0000 1.0000000 387.9110 0.5274903 2.1951 1.0000000 1.0000 1.0 0.3333333333333333 0.4073082370883261 []
 | 26.4466 29.2914 47.7818 0.6021343 Cc1nn(Cc2ccccc2)cc1C(=O)N[C@H](C)c1cc2ccccc2o1 1 O=C(NCc1cc2ccccc2o1)c1cnn(Cc2ccccc2)c1 0.3300000 0.3300 0.3254934 0.3255 0.6666667 0.6667 0.6745066 0.6745 1.0000000 1.0000 1.0000000 359.4290 0.5368671 2.6040 1.0000000 1.0000 1.0 0.3333333333333333 0.4702127178203499 []
 | 25.0780 27.7275 44.6883 0.5657483 CCN1[C@H](c2ccccc2)C[C@@H](O)[C@@H]1C 1 c1ccc(C2CCCN2)cc1 0.2300000 0.2300 0.3062653 0.3063 0.6666667 0.6667 0.7298649 0.7299 1.0000000 1.0000 1.0000000 205.3010 0.5533299 3.3249 1.0000000 1.0000 1.0 0.3333333333333333 0.4208325082500162 []
 | 49.9501 49.1700 -47.7902 0.0107795 Oc1cc(-c2cccc(-c3cc(O)c(O)c(O)c3)c2)cc(N(c2ccc(F)cc2)c2ccc(-c3ccccc3)cc2)c1 1 c1ccc(-c2ccc(N(c3ccccc3)c3cccc(-c4cccc(-c5ccccc5)c4)c3)cc2)cc1 0.3450000 0.3450 0.2369242 0.2369 1.0000000 1.0000 0.7630758 0.7631 1.0000000 1.0000 0.0000000 555.6050 0.5354730 2.5432 1.0000000 1.0000 1.0 0.0 0.4753682782853732 []
 | 22.5771 25.6273 43.3455 0.5388498 Clc1ccc(NCCn2ccc3ccccc32)cc1 1 c1ccc(NCCn2ccc3ccccc32)cc1 0.2150000 0.2150 0.2174909 0.2175 0.6666667 0.6667 0.8282908 0.8283 1.0000000 1.0000 1.0000000 270.7630 0.5189674 1.8241 1.0000000 1.0000 1.0 0.3333333333333333 0.41082234603292944 []
 | 26.6430 32.5184 38.8875 0.5578585 Cc1cc(NCc2ccccc2)n(Cc2ccc(C)o2)n1 1 c1ccc(CNc2ccnn2Cc2ccco2)cc1 0.2350000 0.2350 0.2716256 0.2716 0.6666667 0.6667 0.7400624 0.7401 1.0000000 1.0000 1.0000000 281.3590 0.5268158 2.1657 1.0000000 1.0000 1.0 0.3333333333333333 0.4239988207530771 []
21:11:05 <INFO> Sampled SMILES C1C(N=C2C([C@H](N([C@H]21)Cc1ccccc1)(C)C)c1cc(ccc1)F)=O failed to sanitize.
21:11:09 <INFO> Score: 0.53 Agent NLL: 29.07 Valid:  98% Step: 86
 | Agent Prior Target Score SMILES SMILES_state Scaffold predicted_activity predicted_activity (raw) training_similarity training_similarity (raw) taf_disrupted taf_disrupted (raw) novelty novelty (raw) stereo_validity stereo_validity (raw) MW_window MW_window (raw) synthetic_feasibility synthetic_feasibility (raw) curated alerts filter curated alerts filter (raw) scaffold_novelty (predicted_activity) taf_consistency (predicted_activity) uncertainty (predicted_activity) matchting_patterns (curated alerts filter)
 | 19.9758 24.5986 44.2559 0.5379261 Nc1c(Cl)cccc1Sc1ccccc1Cl 1 c1ccc(Sc2ccccc2)cc1 0.2450000 0.2450 0.1713978 0.1714 0.6666667 0.6667 0.8286022 0.8286 1.0000000 1.0000 1.0000000 270.1840 0.5260263 2.1313 1.0000000 1.0000 1.0 0.3333333333333333 0.4300872004605578 []
 | 28.3850 33.5343 37.5846 0.5556164 F[C@H]1CN(Cc2ccccc2)CC[C@H]1Nc1ccnc(-c2ccccc2)c1 1 c1ccc(CN2CCC(Nc3ccnc(-c4ccccc4)c3)CC2)cc1 0.2250000 0.2250 0.2733634 0.2734 0.6666667 0.6667 0.7362194 0.7362 1.0000000 1.0000 1.0000000 361.4640 0.5429018 2.8678 1.0000000 1.0000 1.0 0.3333333333333333 0.41758232721225164 []
 | 35.8156 35.6792 35.1633 0.5534570 CCOC(=O)c1c(C)nc(SCC(=O)c2cc(C)n(Cc3ccccc3)c2C)c(C)c1C 1 O=C(CSc1ccccn1)c1ccn(Cc2ccccc2)c1 0.2250000 0.2250 0.2697816 0.2698 0.6666667 0.6667 0.7315376 0.7315 1.0000000 1.0000 1.0000000 450.6040 0.5332016 2.4441 1.0000000 1.0000 1.0 0.3333333333333333 0.4175823272122517 []
 | 38.5193 41.9146 34.5472 0.5973579 CCCN(Cc1cccc(O)c1)Cc1ccccc1CNC(=O)c1ccccc1Cl 1 O=C(NCc1ccccc1CNCc1ccccc1)c1ccccc1 0.3200000 0.3200 0.3254934 0.3255 0.6666667 0.6667 0.6745066 0.6745 1.0000000 1.0000 1.0000000 422.9560 0.5249530 2.0846 1.0000000 1.0000 1.0 0.3333333333333333 0.466476151587624 []
 | 42.2054 48.3499 26.8105 0.5871903 O=C(NCc1cccc(C2=C(c3ccccc3Cl)CS(=O)(=O)N2)c1)c1cn(Cc2ccccc2)nn1 1 O=C(NCc1cccc(C2=C(c3ccccc3)CS(=O)(=O)N2)c1)c1cn(Cc2ccccc2)nn1 0.3100000 0.3100 0.2714230 0.2714 0.6666667 0.6667 0.7285770 0.7286 1.0000000 1.0000 1.0000000 520.0140 0.5418533 2.8219 1.0000000 1.0000 1.0 0.3333333333333333 0.462493243193887 []
 | 22.4374 25.9286 43.8385 0.5450557 Cc1ccc(C(=O)O)cc1Nc1cccc(Cl)c1C 1 c1ccc(Nc2ccccc2)cc1 0.2400000 0.2400 0.2062157 0.2062 0.6666667 0.6667 0.8054805 0.8055 1.0000000 1.0000 1.0000000 275.7350 0.5174377 1.7576 1.0000000 1.0000 1.0 0.3333333333333333 0.4270831300812524 []
 | 22.5149 26.1962 48.9728 0.5872576 Cc1cccc(OCc2cc(Cl)ccc2Cl)c1 1 c1ccc(COc2ccccc2)cc1 0.2000000 0.2000 0.2484709 0.2485 1.0000000 1.0000 0.7675047 0.7675 1.0000000 1.0000 1.0000000 267.1550 0.5146189 1.6351 1.0000000 1.0000 1.0 0.0 0.4000000000000001 []
 | 29.3076 37.5891 26.5164 0.5008243 C=C[C@H]1C[C@@H](Nc2cccc(C3CCOCC3)n2)C1(C)C 1 c1cc(NC2CCC2)nc(C2CCOCC2)c1 0.1150000 0.1150 0.3060730 0.3061 0.6666667 0.6667 0.7522832 0.7523 1.0000000 1.0000 1.0000000 286.4190 0.5502757 3.8091 1.0000000 1.0000 1.0 0.3333333333333333 0.31902194281898544 []
 | 30.2148 30.4843 -15.9778 0.1133319 CCOCC[S+]([O-])c1cnc2ccccn12 1 c1ccn2ccnc2c1 0.1850000 0.1850 0.2467838 0.2468 1.0000000 1.0000 0.7705843 0.7706 0.0000000 0.0000 1.0000000 238.3120 0.5461179 3.9914 1.0000000 1.0000 1.0 0.0 0.38829756630707846 []
 | 35.4719 37.7953 -37.7953 0.0000000 COc1ccc(C(=O)NNC(=O)c2ccc3c(c2)CCO3)cc1Oc1cccnc1 1 O=C(NNC(=O)c1ccc2c(c1)CCO2)c1cccc(Oc2cccnc2)c1 0.0000000 0.0000 0.0000000 0.0000 0.0000000 0.0000 0.0000000 0.0000 0.0000000 0.0000 0.0000000 0.0000 0.0000000 0.0000 0.0000000 0.0000 None None None ['[#7;!n][#7;!n]']
21:11:13 <INFO> Score: 0.51 Agent NLL: 32.72 Valid: 100% Step: 87
 | Agent Prior Target Score SMILES SMILES_state Scaffold predicted_activity predicted_activity (raw) training_similarity training_similarity (raw) taf_disrupted taf_disrupted (raw) novelty novelty (raw) stereo_validity stereo_validity (raw) MW_window MW_window (raw) synthetic_feasibility synthetic_feasibility (raw) curated alerts filter curated alerts filter (raw) scaffold_novelty (predicted_activity) taf_consistency (predicted_activity) uncertainty (predicted_activity) matchting_patterns (curated alerts filter)
 | 50.1897 56.0453 12.8638 0.5383520 COc1c(C(F)(F)F)ccc(Cl)c1O[C@@H]1C[C@@H](CNc2ccc(F)cc2)N(C(=O)c2ccccc2C)C1 1 O=C(c1ccccc1)N1CC(Oc2ccccc2)CC1CNc1ccccc1 0.1900000 0.1900 0.2514327 0.2514 0.6666667 0.6667 0.7976388 0.7976 1.0000000 1.0000 1.0000000 536.9530 0.5549682 3.3969 1.0000000 1.0000 1.0 0.3333333333333333 0.39230090491866065 []
 | 61.6939 65.0016 1.9686 0.5232049 C[C@H](CCCc1ccc(CNc2cnc(CCc3ccc(F)c(F)c3)s2)cc1)O[C@H]1CCCCO1 1 c1ccc(CCc2ncc(NCc3ccc(CCCCOC4CCCCO4)cc3)s2)cc1 0.1650000 0.1650 0.2441557 0.2442 0.6666667 0.6667 0.7928768 0.7929 1.0000000 1.0000 1.0000000 500.6550 0.5559868 3.5583 1.0000000 1.0000 1.0 0.3333333333333333 0.37118054905934933 []
 | 26.1667 31.8640 31.4263 0.4944553 COC(=O)c1ccccc1NC(=O)c1ccccc1O[C@H](C)c1ccccc1 1 O=C(Nc1ccccc1)c1ccccc1OCc1ccccc1 0.2650000 0.2650 0.3158989 0.3159 0.3333333 0.3333 0.6841011 0.6841 1.0000000 1.0000 1.0000000 375.4240 0.5291421 2.2671 1.0000000 1.0000 1.0 0.6666666666666666 0.4413332074521472 []
 | 26.8017 29.3762 38.0415 0.5267012 Cc1ncccc1NC1CCN(Cc2cccs2)CC1 1 c1cncc(NC2CCN(Cc3cccs3)CC2)c1 0.1700000 0.1700 0.2619790 0.2620 0.6666667 0.6667 0.7856535 0.7857 1.0000000 1.0000 1.0000000 287.4320 0.5273974 2.1910 1.0000000 1.0000 1.0 0.3333333333333333 0.375632799419859 []
 | 25.1526 30.4148 39.2884 0.5445565 O=C(O)c1ccc(NCc2cccnc2Oc2cccnc2)cn1 1 c1cncc(NCc2cccnc2Oc2cccnc2)c1 0.2150000 0.2150 0.2473316 0.2473 0.6666667 0.6667 0.7576069 0.7576 1.0000000 1.0000 1.0000000 322.3240 0.5293245 2.2750 1.0000000 1.0000 1.0 0.3333333333333333 0.41082234603292944 []
 | 34.9037 41.1329 29.7571 0.5538277 C=C[C@H](O)CC[C@H](Cc1ccc(O)c(OC)c1)c1ccncc1 1 c1ccc(CCc2ccncc2)cc1 0.2150000 0.2150 0.2768183 0.2768 0.6666667 0.6667 0.7549285 0.7549 1.0000000 1.0000 1.0000000 313.3970 0.5517154 3.2540 1.0000000 1.0000 1.0 0.3333333333333333 0.41082234603292944 []
 | 24.8185 26.4890 50.5122 0.6015717 CS(=O)(=O)N(Cc1ccco1)c1ccc2ccccc2c1 1 c1coc(CNc2ccc3ccccc3c2)c1 0.2350000 0.2350 0.2310733 0.2311 1.0000000 1.0000 0.7837838 0.7838 1.0000000 1.0000 1.0000000 301.3670 0.5243373 2.0578 1.0000000 1.0000 1.0 0.0 0.4239988207530771 []
 | 31.5732 37.1332 37.5411 0.5833927 Oc1cccc(CN[C@@H]2CO[C@H](CCc3ccccc3)C[C@@H]2O)c1 1 c1ccc(CCC2CCC(NCc3ccccc3)CO2)cc1 0.2550000 0.2550 0.3678404 0.3678 0.6666667 0.6667 0.6530229 0.6530 1.0000000 1.0000 1.0000000 327.4240 0.5504918 3.2003 1.0000000 1.0000 1.0 0.3333333333333333 0.43586121644395015 []
 | 32.2495 37.9502 28.7111 0.5207908 NC(=O)c1ccccc1Oc1ccc(Oc2c(Cl)cc(Cl)cc2C=O)cc1 1 c1ccc(Oc2ccc(Oc3ccccc3)cc2)cc1 0.1750000 0.1750 0.2283058 0.2283 0.6666667 0.6667 0.7716942 0.7717 1.0000000 1.0000 1.0000000 402.2330 0.5276034 2.2000 1.0000000 1.0000 1.0 0.3333333333333333 0.3799671038392666 []
 | 28.2822 30.7051 51.5522 0.6426348 c1ccc(-c2ccc(CC(c3ccccn3)c3ccccn3)cc2)cc1 1 c1ccc(-c2ccc(CC(c3ccccn3)c3ccccn3)cc2)cc1 0.2950000 0.2950 0.3163860 0.3164 1.0000000 1.0000 0.6836140 0.6836 1.0000000 1.0000 1.0000000 336.4380 0.5234307 2.0183 1.0000000 1.0000 1.0 0.0 0.4560427611529428 []
21:11:13 <INFO> Sampled SMILES c1ccc2c(c([C@@H]3CCCC[C@H]2OS(=O)(c4ccc(C)cc4)=O)cccc3)c1 failed to sanitize.
21:11:17 <INFO> Score: 0.51 Agent NLL: 31.49 Valid:  98% Step: 88
 | Agent Prior Target Score SMILES SMILES_state Scaffold predicted_activity predicted_activity (raw) training_similarity training_similarity (raw) taf_disrupted taf_disrupted (raw) novelty novelty (raw) stereo_validity stereo_validity (raw) MW_window MW_window (raw) synthetic_feasibility synthetic_feasibility (raw) curated alerts filter curated alerts filter (raw) scaffold_novelty (predicted_activity) taf_consistency (predicted_activity) uncertainty (predicted_activity) matchting_patterns (curated alerts filter)
 | 21.9287 26.3203 43.6127 0.5463512 Cc1cc(-c2ccccn2)nc(Nc2ccccc2)n1 1 c1ccc(Nc2nccc(-c3ccccn3)n2)cc1 0.2350000 0.2350 0.2174909 0.2175 0.6666667 0.6667 0.7996727 0.7997 1.0000000 1.0000 1.0000000 262.3160 0.5206345 1.8967 1.0000000 1.0000 1.0 0.3333333333333333 0.4239988207530771 []
 | 23.2892 24.8238 52.2736 0.6023238 Clc1ccc(OCc2noc(-c3ccccc3)n2)cc1 1 c1ccc(OCc2noc(-c3ccccc3)n2)cc1 0.2050000 0.2050 0.3167782 0.3168 1.0000000 1.0000 0.6943265 0.6943 1.0000000 1.0000 1.0000000 286.7180 0.5175715 1.7634 1.0000000 1.0000 1.0 0.0 0.403701622488689 []
 | 35.7919 41.7882 31.8920 0.5756269 COc1ccccc1CN1C[C@H](Cc2ccc(Cl)cc2)OCC[C@H]1c1ccccc1 1 c1ccc(CC2CN(Cc3ccccc3)C(c3ccccc3)CCO2)cc1 0.1550000 0.1550 0.3061618 0.3062 1.0000000 1.0000 0.7237544 0.7238 1.0000000 1.0000 1.0000000 421.9680 0.5432919 2.8849 1.0000000 1.0000 1.0 0.0 0.36190468358395134 []
 | 39.3782 44.5621 21.3110 0.5146336 O=C1CC[C@@H](CC[C@@H]2O[C@H]([C@@H](O)CO)[C@H](COCc3ccccc3)O2)O1 1 O=C1CCC(CCC2OCC(COCc3ccccc3)O2)O1 0.2700000 0.2700 0.5471529 0.5472 0.3333333 0.3333 0.4528471 0.4528 1.0000000 1.0000 1.0000000 366.4100 0.5443322 4.0696 1.0000000 1.0000 1.0 0.6666666666666666 0.4439594576084623 []
 | 25.8452 28.6507 36.4619 0.5086917 COc1ccc(NC(=O)CSc2nnc(COc3cccc(Cl)c3)n2C)cc1 1 O=C(CSc1nnc(COc2ccccc2)[nH]1)Nc1ccccc1 0.1450000 0.1450 0.2503915 0.2504 0.6666667 0.6667 0.7783244 0.7783 1.0000000 1.0000 1.0000000 418.9060 0.5233228 2.0136 1.0000000 1.0000 1.0 0.3333333333333333 0.352100837829165 []
 | 42.4299 47.2414 15.8364 0.4927956 C[C@@H](CO)C[C@H](C)[C@H]1CC[C@@H]2[C@@H]3CC[C@@H]4C[C@@H](O)CC[C@@]4(C)[C@H]3[C@@H](F)C[C@@]21C 1 C1CCC2C(C1)CCC1C3CCCC3CCC21 0.1250000 0.1250 0.2285714 0.2286 0.6666667 0.6667 0.8232233 0.8232 1.0000000 1.0000 1.0000000 394.6150 0.5281961 4.7742 1.0000000 1.0000 1.0 0.3333333333333333 0.33071891388307384 []
 | 28.0223 34.0690 45.6113 0.6225030 O=C(O)c1cc(CN(Cc2cccnc2)Cc2ccccc2Cl)cs1 1 c1ccc(CN(Cc2cccnc2)Cc2ccsc2)cc1 0.2650000 0.2650 0.2669304 0.2669 1.0000000 1.0000 0.7362194 0.7362 1.0000000 1.0000 1.0000000 372.8770 0.5290266 2.2620 1.0000000 1.0000 1.0 0.0 0.4413332074521472 []
 | 32.0560 33.6218 -19.1954 0.1127065 C[N+]1(c2nnc3ccccn23)CCCC1c1ccccc1 1 c1ccc(C2CCC[NH+]2c2nnc3ccccn23)cc1 0.1850000 0.1850 0.2250703 0.2251 1.0000000 1.0000 0.8157257 0.8157 0.0000000 0.0000 1.0000000 279.3670 0.5505822 3.7957 1.0000000 1.0000 1.0 0.0 0.38829756630707846 []
 | 25.5994 28.7264 46.5965 0.5884601 O=C(NCc1cccc(Cl)c1)c1cc2sccc2n1Cc1ccccc1 1 O=C(NCc1ccccc1)c1cc2sccc2n1Cc1ccccc1 0.3100000 0.3100 0.2908717 0.2909 0.6666667 0.6667 0.7091283 0.7091 1.0000000 1.0000 1.0000000 380.9000 0.5239872 2.0426 1.0000000 1.0000 1.0 0.3333333333333333 0.46249324319388707 []
 | 44.2620 51.7708 20.6042 0.5654299 Cc1ccccc1OC[C@H](O)CN1CCC[C@@](Cc2cccc(F)c2)(c2cc3ccccc3s2)CC1 1 c1ccc(CC2(c3cc4ccccc4s3)CCCN(CCCOc3ccccc3)CC2)cc1 0.2500000 0.2500 0.2650854 0.2651 0.6666667 0.6667 0.7349146 0.7349 1.0000000 1.0000 1.0000000 503.6830 0.5543191 3.3684 1.0000000 1.0000 1.0 0.3333333333333333 0.4330127018922193 []
21:11:20 <INFO> Score: 0.51 Agent NLL: 32.32 Valid: 100% Step: 89
 | Agent Prior Target Score SMILES SMILES_state Scaffold predicted_activity predicted_activity (raw) training_similarity training_similarity (raw) taf_disrupted taf_disrupted (raw) novelty novelty (raw) stereo_validity stereo_validity (raw) MW_window MW_window (raw) synthetic_feasibility synthetic_feasibility (raw) curated alerts filter curated alerts filter (raw) scaffold_novelty (predicted_activity) taf_consistency (predicted_activity) uncertainty (predicted_activity) matchting_patterns (curated alerts filter)
 | 29.2991 35.6794 34.3786 0.5473278 Fc1cccnc1-c1cccc(CN[C@@H]2CCOc3ccccc32)c1 1 c1ccc(-c2cccc(CNC3CCOc4ccccc43)c2)nc1 0.2000000 0.2000 0.2900370 0.2900 0.6666667 0.6667 0.7416587 0.7417 1.0000000 1.0000 1.0000000 334.3940 0.5372617 2.6213 1.0000000 1.0000 1.0 0.3333333333333333 0.4000000000000001 []
 | 23.6872 28.6694 51.2176 0.6241171 C[C@@H]1Cc2ccc(C(=O)O)cc2N1Cc1ccccc1 1 c1ccc(CN2CCc3ccccc32)cc1 0.2350000 0.2350 0.3463395 0.3463 1.0000000 1.0000 0.6799715 0.6800 1.0000000 1.0000 1.0000000 267.3280 0.5305057 2.3265 1.0000000 1.0000 1.0 0.0 0.4239988207530771 []
 | 22.3610 28.9959 40.9265 0.5462684 Cc1cc(C)nc(NCc2ccc3ccccc3c2)c1 1 c1ccc(NCc2ccc3ccccc3c2)nc1 0.2350000 0.2350 0.2174909 0.2175 0.6666667 0.6667 0.7996727 0.7997 1.0000000 1.0000 1.0000000 262.3560 0.5199247 1.8658 1.0000000 1.0000 1.0 0.3333333333333333 0.4239988207530771 []
 | 35.3299 41.7626 29.8850 0.5597473 C[C@H](Cc1cccnc1)Oc1ccc(Nc2c(Cl)cccc2Cl)cc1Cl 1 c1ccc(Nc2ccc(OCCc3cccnc3)cc2)cc1 0.2400000 0.2400 0.2666324 0.2666 0.6666667 0.6667 0.7333676 0.7334 1.0000000 1.0000 1.0000000 407.7280 0.5378566 2.6472 1.0000000 1.0000 1.0 0.3333333333333333 0.4270831300812524 []
 | 35.0141 40.8062 33.1294 0.5776218 CC(C)n1c([C@H]2CCCN2c2cccc3ccccc23)nc2c(F)cccc21 1 c1ccc2c(N3CCCC3c3nc4ccccc4[nH]3)cccc2c1 0.2100000 0.2100 0.1784843 0.1785 1.0000000 1.0000 0.8356010 0.8356 1.0000000 1.0000 1.0000000 373.4750 0.5425528 2.8525 1.0000000 1.0000 1.0 0.0 0.4073082370883261 []
 | 29.7195 31.5656 31.9567 0.4962676 NC[C@H](O)CCc1c(Br)ccc2ccccc12 1 c1ccc2ccccc2c1 0.2950000 0.2950 0.2575637 0.2576 0.3333333 0.3333 0.7424363 0.7424 1.0000000 1.0000 1.0000000 294.1920 0.5378861 2.6485 1.0000000 1.0000 1.0 0.6666666666666666 0.4560427611529428 []
 | 26.6866 32.6984 36.6763 0.5419896 NS(=O)(=O)c1ccc(NCc2cccnc2Oc2ccccc2F)cc1 1 c1ccc(NCc2cccnc2Oc2ccccc2)cc1 0.2050000 0.2050 0.2532922 0.2533 0.6666667 0.6667 0.7818462 0.7818 1.0000000 1.0000 1.0000000 373.4090 0.5245660 2.0677 1.0000000 1.0000 1.0 0.3333333333333333 0.403701622488689 []
 | 22.5302 23.1911 52.0739 0.5880075 c1ccc2c(c1)c1cccc3c4ccccc4n2c13 1 c1ccc2c(c1)c1cccc3c4ccccc4n2c13 0.2300000 0.2300 0.1937461 0.1937 1.0000000 1.0000 0.8062539 0.8063 1.0000000 1.0000 1.0000000 241.2930 0.5182807 1.7943 1.0000000 1.0000 1.0 0.0 0.4208325082500163 []
 | 33.2113 40.8145 29.2422 0.5473175 COc1ccc(O)c([C@@H](C)NCc2cnn(CCc3ccc(F)cc3)c2)c1 1 c1ccc(CCn2cc(CNCc3ccccc3)cn2)cc1 0.2250000 0.2250 0.2295650 0.2296 0.6666667 0.6667 0.7967626 0.7968 1.0000000 1.0000 1.0000000 369.4400 0.5384450 2.6729 1.0000000 1.0000 1.0 0.3333333333333333 0.41758232721225164 []
 | 27.8420 30.9513 -17.1039 0.1081830 CC1CCCC(CNS(=O)(=O)c2ccccc2)(Cc2ccccc2)C1 1 O=S(=O)(NCC1(Cc2ccccc2)CCCCC1)c1ccccc1 0.2000000 0.2000 0.3373739 0.3374 0.6666667 0.6667 0.7209595 0.7210 0.0000000 0.0000 1.0000000 357.5190 0.5433875 2.8890 1.0000000 1.0000 1.0 0.3333333333333333 0.4000000000000001 []
21:11:25 <INFO> Score: 0.53 Agent NLL: 30.63 Valid: 100% Step: 90
 | Agent Prior Target Score SMILES SMILES_state Scaffold predicted_activity predicted_activity (raw) training_similarity training_similarity (raw) taf_disrupted taf_disrupted (raw) novelty novelty (raw) stereo_validity stereo_validity (raw) MW_window MW_window (raw) synthetic_feasibility synthetic_feasibility (raw) curated alerts filter curated alerts filter (raw) scaffold_novelty (predicted_activity) taf_consistency (predicted_activity) uncertainty (predicted_activity) matchting_patterns (curated alerts filter)
 | 36.2078 41.7330 35.9263 0.6067130 Cc1ccc(OCc2cccc3c2OCC[C@H]3C)c(C)c1O 1 c1ccc(OCc2cccc3c2OCCC3)cc1 0.2050000 0.2050 0.3182640 0.3183 1.0000000 1.0000 0.7059142 0.7059 1.0000000 1.0000 1.0000000 298.3820 0.5445085 2.9381 1.0000000 1.0000 1.0 0.0 0.403701622488689 []
 | 45.6870 47.3222 25.1420 0.5661267 C=C[C@@H](CCC)NC(=O)c1cc(Cl)cn2c(=O)c(-c3ccccc3C)c(C)nc12 1 O=c1c(-c2ccccc2)cnc2ccccn12 0.2500000 0.2500 0.2682129 0.2682 0.6666667 0.6667 0.7409603 0.7410 1.0000000 1.0000 1.0000000 409.9170 0.5512448 3.2334 1.0000000 1.0000 1.0 0.3333333333333333 0.4330127018922193 []
 | 26.2221 29.0652 42.3622 0.5580267 COc1ccc(Cl)cc1C(=O)Nc1sc2c(c1C(N)=O)CCC2 1 O=C(Nc1cc2c(s1)CCC2)c1ccccc1 0.2300000 0.2300 0.2680281 0.2680 0.6666667 0.6667 0.8101684 0.8102 1.0000000 1.0000 1.0000000 350.8270 0.5247917 2.0776 1.0000000 1.0000 1.0 0.3333333333333333 0.4208325082500163 []
 | 26.1013 28.5729 43.4520 0.5626952 Clc1cccc(-c2noc(CN(Cc3ccco3)C[C@@H]3CCCO3)n2)c1 1 c1ccc(-c2noc(CN(Cc3ccco3)CC3CCCO3)n2)cc1 0.1800000 0.1800 0.1823369 0.1823 1.0000000 1.0000 0.8226596 0.8227 1.0000000 1.0000 1.0000000 373.8400 0.5420208 2.8293 1.0000000 1.0000 1.0 0.0 0.38418745424597095 []
 | 21.7005 23.8745 53.5819 0.6051284 Clc1ccc(-c2cc3ccccn3c2)cc1 1 c1ccc(-c2cc3ccccn3c2)cc1 0.2500000 0.2500 0.2214702 0.2215 1.0000000 1.0000 0.7785298 0.7785 1.0000000 1.0000 1.0000000 227.6940 0.5246183 2.0700 1.0000000 1.0000 1.0 0.0 0.4330127018922193 []
 | 29.3477 31.2638 39.0990 0.5497097 O=C(NCCc1ccccc1Cl)N1CCO[C@@H](c2ccncc2)C1 1 O=C(NCCc1ccccc1)N1CCOC(c2ccncc2)C1 0.2150000 0.2150 0.2626129 0.2626 0.6666667 0.6667 0.7675047 0.7675 1.0000000 1.0000 1.0000000 345.8300 0.5384152 2.6716 1.0000000 1.0000 1.0 0.3333333333333333 0.41082234603292944 []
 | 28.0304 43.1179 27.0498 0.5481849 O=C1N[C@H](c2cccc(F)c2)[C@@H](c2ccccc2)N1CC1CCCCC1 1 O=C1NC(c2ccccc2)C(c2ccccc2)N1CC1CCCCC1 0.1950000 0.1950 0.2990284 0.2990 0.6666667 0.6667 0.7463269 0.7463 1.0000000 1.0000 1.0000000 352.4530 0.5482779 3.1032 1.0000000 1.0000 1.0 0.3333333333333333 0.3962007067131506 []
 | 22.6833 26.0843 47.0137 0.5710784 O=C(O)/C=C/c1cccc(NC(=O)c2ccccc2Cl)c1 1 O=C(Nc1ccccc1)c1ccccc1 0.2900000 0.2900 0.2400213 0.2400 0.6666667 0.6667 0.7599787 0.7600 1.0000000 1.0000 1.0000000 301.7290 0.5174596 1.7586 1.0000000 1.0000 1.0 0.3333333333333333 0.4537620521815371 []
 | 35.9185 34.8194 34.9272 0.5448956 O=S(=O)(N[C@H]1N=C(c2ccccc2)c2ccccc2-n2c(-c3ccccc3)nnc21)c1ccccc1 1 O=S(=O)(NC1N=C(c2ccccc2)c2ccccc2-n2c(-c3ccccc3)nnc21)c1ccccc1 0.2400000 0.2400 0.1960572 0.1961 0.6666667 0.6667 0.8039428 0.8039 1.0000000 1.0000 1.0000000 491.5760 0.5434334 2.8911 1.0000000 1.0000 1.0 0.3333333333333333 0.4270831300812525 []
 | 30.9513 35.9660 29.6222 0.5124082 CCNC(=NCc1cccc(Cl)c1C)NC1CCN(c2cc(OC)ccc2OC)CC1 1 C(=NCc1ccccc1)NC1CCN(c2ccccc2)CC1 0.1500000 0.1500 0.2397317 0.2397 0.6666667 0.6667 0.8174258 0.8174 1.0000000 1.0000 1.0000000 445.0070 0.5367683 2.5997 1.0000000 1.0000 1.0 0.3333333333333333 0.3570714214271425 []
21:11:29 <INFO> Score: 0.53 Agent NLL: 31.45 Valid: 100% Step: 91
 | Agent Prior Target Score SMILES SMILES_state Scaffold predicted_activity predicted_activity (raw) training_similarity training_similarity (raw) taf_disrupted taf_disrupted (raw) novelty novelty (raw) stereo_validity stereo_validity (raw) MW_window MW_window (raw) synthetic_feasibility synthetic_feasibility (raw) curated alerts filter curated alerts filter (raw) scaffold_novelty (predicted_activity) taf_consistency (predicted_activity) uncertainty (predicted_activity) matchting_patterns (curated alerts filter)
 | 31.2299 37.0048 31.2989 0.5336227 COc1cccc(Nc2cc(Nc3ccc(NC(=O)Cc4ccccc4C)cc3)cc(C)n2)c1 1 O=C(Cc1ccccc1)Nc1ccc(Nc2ccnc(Nc3ccccc3)c2)cc1 0.1850000 0.1850 0.2550722 0.2551 0.6666667 0.6667 0.7967626 0.7968 1.0000000 1.0000 1.0000000 452.5580 0.5276625 2.2026 1.0000000 1.0000 1.0 0.3333333333333333 0.3882975663070784 []
 | 23.5786 28.7052 37.8787 0.5201867 Cc1ccc([C@@H](Nc2ccc(Cl)cc2)c2ccc(C)o2)cc1 1 c1ccc(NC(c2ccccc2)c2ccco2)cc1 0.2050000 0.2050 0.1631182 0.1631 0.6666667 0.6667 0.8569091 0.8569 1.0000000 1.0000 1.0000000 311.8120 0.5327777 2.4256 1.0000000 1.0000 1.0 0.3333333333333333 0.403701622488689 []
 | 25.6949 26.5110 42.5157 0.5392709 Nc1c(Cl)cccc1SCc1ccc(F)c(Cl)c1 1 c1ccc(CSc2ccccc2)cc1 0.2500000 0.2500 0.1691652 0.1692 0.6666667 0.6667 0.8308348 0.8308 1.0000000 1.0000 1.0000000 302.2010 0.5268920 2.1690 1.0000000 1.0000 1.0 0.3333333333333333 0.4330127018922193 []
 | 31.1594 33.7984 27.3340 0.4775964 N#Cc1ccc(S(=O)(=O)Nc2ccc(S(=O)(=O)c3ccc(O)cc3)cc2)cc1 1 O=S(=O)(Nc1ccc(S(=O)(=O)c2ccccc2)cc1)c1ccccc1 0.2750000 0.2750 0.2003273 0.2003 0.3333333 0.3333 0.7996727 0.7997 1.0000000 1.0000 1.0000000 414.4640 0.5240490 2.0452 1.0000000 1.0000 1.0 0.6666666666666666 0.44651427748729383 []
 | 22.0950 24.2058 -23.0505 0.0090254 O/N=C1/CNCc2ccccc21 1 N=C1CNCc2ccccc21 0.2200000 0.2200 0.2134980 0.2135 0.6666667 0.6667 0.8027212 0.8027 1.0000000 1.0000 0.0000000 162.1920 0.5387424 2.6859 1.0000000 1.0000 1.0 0.3333333333333333 0.4142463035441596 []
 | 23.0422 25.4049 46.6902 0.5632428 Cc1nnc(COc2ccc(Cl)cc2Cl)n1C 1 c1ccc(OCc2nnc[nH]2)cc1 0.1700000 0.1700 0.2111855 0.2112 1.0000000 1.0000 0.8054805 0.8055 1.0000000 1.0000 1.0000000 272.1350 0.5238964 2.0386 1.0000000 1.0000 1.0 0.0 0.375632799419859 []
 | 46.2996 55.1847 20.5644 0.5917899 C=C[C@@H]1/C(=C(\O)c2cccc(O)c2OCOC)O[C@@H]2COC[C@H]12 1 C(=C1CC2COCC2O1)c1ccccc1 0.1550000 0.1550 0.4155053 0.4155 1.0000000 1.0000 0.6719695 0.6720 1.0000000 1.0000 1.0000000 320.3410 0.5370203 4.3893 1.0000000 1.0000 1.0 0.0 0.36190468358395134 []
 | 33.0098 36.6908 30.8873 0.5279539 C[C@@H]1c2ccccc2C[C@]12CNc1ccccc1C(=O)N2 1 O=C1NC2(CNc3ccccc31)Cc1ccccc1C2 0.1650000 0.1650 0.2750860 0.2751 0.6666667 0.6667 0.7630758 0.7631 1.0000000 1.0000 1.0000000 278.3550 0.5477255 3.9210 1.0000000 1.0000 1.0 0.3333333333333333 0.37118054905934933 []
 | 24.4992 25.7676 37.6811 0.4956932 CSc1ccc(NS(=O)(=O)c2ccc(F)c(Cl)c2)cc1 1 O=S(=O)(Nc1ccccc1)c1ccccc1 0.1800000 0.1800 0.1301448 0.1301 0.6666667 0.6667 0.8904007 0.8904 1.0000000 1.0000 1.0000000 331.8210 0.5205771 1.8942 1.0000000 1.0000 1.0 0.3333333333333333 0.38418745424597095 []
 | 33.1678 33.6622 39.1741 0.5690334 Cc1ccc(OCc2cccc(Nc3nccc(C(N)=O)n3)c2)cc1 1 c1ccc(OCc2cccc(Nc3ncccn3)c2)cc1 0.2300000 0.2300 0.3521804 0.3522 0.6666667 0.6667 0.6915237 0.6915 1.0000000 1.0000 1.0000000 334.3790 0.5236108 2.0262 1.0000000 1.0000 1.0 0.3333333333333333 0.4208325082500163 []
21:11:29 <INFO> Sampled SMILES c1(O)cc(O)c(C2CCN(Cc3cc(ccc3F)Cn3nc(-c4cccc(F)c4)cnc3C)CC2)cc1 failed to sanitize.
21:11:32 <INFO> Score: 0.48 Agent NLL: 28.95 Valid:  98% Step: 92
 | Agent Prior Target Score SMILES SMILES_state Scaffold predicted_activity predicted_activity (raw) training_similarity training_similarity (raw) taf_disrupted taf_disrupted (raw) novelty novelty (raw) stereo_validity stereo_validity (raw) MW_window MW_window (raw) synthetic_feasibility synthetic_feasibility (raw) curated alerts filter curated alerts filter (raw) scaffold_novelty (predicted_activity) taf_consistency (predicted_activity) uncertainty (predicted_activity) matchting_patterns (curated alerts filter)
 | 27.3755 28.0876 43.6927 0.5607840 COc1cc(C(=O)Nc2ccc(I)cc2)ccc1OCc1ccccc1Cl 1 O=C(Nc1ccccc1)c1ccc(OCc2ccccc2)cc1 0.2350000 0.2350 0.2948309 0.2948 0.6666667 0.6667 0.7152526 0.7153 1.0000000 1.0000 1.0000000 493.7280 0.5192607 1.8369 1.0000000 1.0000 1.0 0.3333333333333333 0.4239988207530771 []
 | 23.5113 27.4751 37.9699 0.5112889 COc1ccccc1NCc1nc(-c2ccc(Cl)cc2)cs1 1 c1ccc(NCc2nc(-c3ccccc3)cs2)cc1 0.1550000 0.1550 0.2292273 0.2292 0.6666667 0.6667 0.8224288 0.8224 1.0000000 1.0000 1.0000000 330.8400 0.5203837 1.8857 1.0000000 1.0000 1.0 0.3333333333333333 0.36190468358395134 []
 | 21.9263 26.5067 44.1554 0.5520479 C[C@H](Oc1ccc2ccccc2c1)C(=O)Nc1ccccc1C(F)(F)F 1 O=C(COc1ccc2ccccc2c1)Nc1ccccc1 0.2350000 0.2350 0.2405351 0.2405 0.6666667 0.6667 0.7660561 0.7661 1.0000000 1.0000 1.0000000 359.3470 0.5303099 2.3180 1.0000000 1.0000 1.0 0.3333333333333333 0.4239988207530771 []
 | 43.0116 46.0384 -44.8631 0.0091822 O=C(O)COc1ccccc1CNc1nc(SC(c2ccccc2)(c2ccccc2)c2ccccc2)nc2ncccc12 1 c1ccc(CNc2nc(SC(c3ccccc3)(c3ccccc3)c3ccccc3)nc3ncccc23)cc1 0.2250000 0.2250 0.2490291 0.2490 0.6666667 0.6667 0.7539095 0.7539 1.0000000 1.0000 0.0000000 584.7010 0.5402207 2.7505 1.0000000 1.0000 1.0 0.3333333333333333 0.41758232721225164 []
 | 20.4283 22.1719 49.7720 0.5620616 ClCCc1nc2cc(Cl)ccc2o1 1 c1ccc2ocnc2c1 0.1850000 0.1850 0.1740044 0.1740 1.0000000 1.0000 0.8473594 0.8474 1.0000000 1.0000 1.0000000 216.0670 0.5286642 2.2462 1.0000000 1.0000 1.0 0.0 0.3882975663070784 []
 | 22.1846 22.5412 46.4057 0.5386480 N[C@@H]1C[C@@H]1c1ccc2ccccc2c1 1 c1ccc2cc(C3CC3)ccc2c1 0.2100000 0.2100 0.2231518 0.2232 0.6666667 0.6667 0.7986532 0.7987 1.0000000 1.0000 1.0000000 183.2540 0.5350102 2.5230 1.0000000 1.0000 1.0 0.3333333333333333 0.40730823708832603 []
 | 22.7433 22.1246 49.2155 0.5573441 COc1ccc(-c2ocnc2C=O)cc1 1 c1ccc(-c2cnco2)cc1 0.1300000 0.1300 0.3001668 0.3002 1.0000000 1.0000 0.7637846 0.7638 1.0000000 1.0000 1.0000000 203.1970 0.5316868 2.3780 1.0000000 1.0000 1.0 0.0 0.33630343441600474 []
 | 27.2161 28.3672 41.5509 0.5462350 c1ccc(Nc2nccc3cc4c(cc23)CCO4)cc1 1 c1ccc(Nc2nccc3cc4c(cc23)CCO4)cc1 0.2250000 0.2250 0.2369242 0.2369 0.6666667 0.6667 0.7630758 0.7631 1.0000000 1.0000 1.0000000 262.3120 0.5259641 2.1286 1.0000000 1.0000 1.0 0.3333333333333333 0.41758232721225164 []
 | 30.9275 36.0383 32.0846 0.5322104 CC1(C)OB(c2ccc(NCc3coc(=O)s3)cc2)OC1(C)C 1 O=c1occ(CNc2ccc(B3OCCO3)cc2)s1 0.1800000 0.1800 0.2533473 0.2533 0.6666667 0.6667 0.7719874 0.7720 1.0000000 1.0000 1.0000000 333.2180 0.5523496 3.2819 1.0000000 1.0000 1.0 0.3333333333333333 0.38418745424597095 []
 | 31.0942 32.9841 -18.3626 0.1142311 COc1cccc(C2CN(C(=O)c3ccccc3Oc3ccccc3Cl)CCO2)c1 1 O=C(c1ccccc1Oc1ccccc1)N1CCOC(c2ccccc2)C1 0.1650000 0.1650 0.3285092 0.3285 1.0000000 1.0000 0.7539095 0.7539 0.0000000 0.0000 1.0000000 423.8960 0.5359761 2.5651 1.0000000 1.0000 1.0 0.0 0.37118054905934933 []
21:11:33 <INFO> Sampled SMILES P[P+](=O)(O)O[C@@H]1[C@@H]([C@@](C#C)([C@@H](CO)O1)O)n1cncn1 failed to sanitize.
21:11:36 <INFO> Score: 0.49 Agent NLL: 31.22 Valid:  98% Step: 93
 | Agent Prior Target Score SMILES SMILES_state Scaffold predicted_activity predicted_activity (raw) training_similarity training_similarity (raw) taf_disrupted taf_disrupted (raw) novelty novelty (raw) stereo_validity stereo_validity (raw) MW_window MW_window (raw) synthetic_feasibility synthetic_feasibility (raw) curated alerts filter curated alerts filter (raw) scaffold_novelty (predicted_activity) taf_consistency (predicted_activity) uncertainty (predicted_activity) matchting_patterns (curated alerts filter)
 | 22.4098 24.2117 43.2168 0.5267848 O=Nc1cc(Br)cs1 1 c1ccsc1 0.2150000 0.2150 0.1622214 0.1622 0.6666667 0.6667 0.8650236 0.8650 1.0000000 1.0000 1.0000000 192.0370 0.5529106 3.6935 1.0000000 1.0000 1.0 0.3333333333333333 0.41082234603292944 []
 | 34.4532 37.1245 37.1188 0.5800259 O[C@@]1(Cc2ccc(Cl)cc2)C[C@H](c2ccccn2)N(Cc2ccccc2)C1 1 c1ccc(CC2CC(c3ccccn3)N(Cc3ccccc3)C2)cc1 0.2550000 0.2550 0.3409972 0.3410 0.6666667 0.6667 0.6814070 0.6814 1.0000000 1.0000 1.0000000 378.9030 0.5494772 3.1558 1.0000000 1.0000 1.0 0.3333333333333333 0.43586121644395015 []
 | 38.4007 45.9005 26.2582 0.5637405 Oc1cccc([C@H](CCc2cnccn2)NCc2cc(Cl)ccc2Cl)c1 1 c1ccc(CNC(CCc2cnccn2)c2ccccc2)cc1 0.2550000 0.2550 0.2532251 0.2532 0.6666667 0.6667 0.7467749 0.7468 1.0000000 1.0000 1.0000000 388.2980 0.5420144 2.8290 1.0000000 1.0000 1.0 0.3333333333333333 0.43586121644395015 []
 | 47.5450 52.0584 4.1696 0.4392817 COC(=O)Nc1n[nH]nc1CN[C@@H]1Cn2ccnc2C[C@H]1C 1 c1cn2c(n1)CCC(NCc1cn[nH]n1)C2 0.1450000 0.1450 0.2575131 0.2575 0.3333333 0.3333 0.7834260 0.7834 1.0000000 1.0000 1.0000000 305.3420 0.5414313 4.1965 1.0000000 1.0000 1.0 0.6666666666666666 0.352100837829165 []
 | 28.2282 38.6813 34.1865 0.5692795 Fc1ccccc1OC[C@H]1CCN(Cc2ccccn2)c2ccccc21 1 c1ccc(OCC2CCN(Cc3ccccn3)c3ccccc32)cc1 0.1700000 0.1700 0.2302656 0.2303 1.0000000 1.0000 0.7818462 0.7818 1.0000000 1.0000 1.0000000 348.4210 0.5384057 2.6712 1.0000000 1.0000 1.0 0.0 0.375632799419859 []
 | 24.9485 30.7356 42.2980 0.5705744 CN(Cc1c(Cl)cccc1Cl)C[C@H](O)c1cccc2ccccc12 1 c1ccc(CNCCc2cccc3ccccc23)cc1 0.2800000 0.2800 0.2442250 0.2442 0.6666667 0.6667 0.7567568 0.7568 1.0000000 1.0000 1.0000000 360.2840 0.5350277 2.5237 1.0000000 1.0000 1.0 0.3333333333333333 0.44899888641287294 []
 | 29.3096 42.3148 33.7390 0.5941707 CC[C@@H](c1nnc(Cc2ccccc2)n1Cc1ccco1)N1CCN(Cc2ccco2)CC1 1 c1ccc(Cc2nnc(CN3CCN(Cc4ccco4)CC3)n2Cc2ccco2)cc1 0.2000000 0.2000 0.2650357 0.2650 1.0000000 1.0000 0.7442552 0.7443 1.0000000 1.0000 1.0000000 445.5670 0.5460286 3.0047 1.0000000 1.0000 1.0 0.0 0.4 []
 | 29.8384 31.0569 44.9089 0.5934835 C/C=C\C(=C/C)c1cc(-c2ccccn2)ccc1C 1 c1ccc(-c2ccccn2)cc1 0.2300000 0.2300 0.2033314 0.2033 1.0000000 1.0000 0.8082012 0.8082 1.0000000 1.0000 1.0000000 249.3570 0.5360397 2.5679 1.0000000 1.0000 1.0 0.0 0.4208325082500163 []
 | 20.1115 24.5840 48.2404 0.5689405 CCc1ccc(Nc2ccccc2C(=O)O)cc1 1 c1ccc(Nc2ccccc2)cc1 0.2550000 0.2550 0.3012851 0.3013 0.6666667 0.6667 0.7047307 0.7047 1.0000000 1.0000 1.0000000 241.2900 0.5123051 1.5345 1.0000000 1.0000 1.0 0.3333333333333333 0.43586121644395015 []
 | 39.1001 43.4771 35.0857 0.6137718 CN1C(=O)N(Cc2ccccc2)[C@H](c2nc(C3CCOCC3)no2)[C@H]1c1ccc(F)c(F)c1 1 O=C1NC(c2ccccc2)C(c2nc(C3CCOCC3)no2)N1Cc1ccccc1 0.2200000 0.2200 0.3049814 0.3050 1.0000000 1.0000 0.7217620 0.7218 1.0000000 1.0000 1.0000000 454.4770 0.5557457 3.5689 1.0000000 1.0000 1.0 0.0 0.4142463035441596 []
21:11:36 <INFO> Sampled SMILES c1(=C\c2cc(F)c(c(F)c2)Oc2cc(F)ccc2)cccc(c1)OC failed to sanitize.
21:11:40 <INFO> Score: 0.52 Agent NLL: 29.65 Valid:  98% Step: 94
 | Agent Prior Target Score SMILES SMILES_state Scaffold predicted_activity predicted_activity (raw) training_similarity training_similarity (raw) taf_disrupted taf_disrupted (raw) novelty novelty (raw) stereo_validity stereo_validity (raw) MW_window MW_window (raw) synthetic_feasibility synthetic_feasibility (raw) curated alerts filter curated alerts filter (raw) scaffold_novelty (predicted_activity) taf_consistency (predicted_activity) uncertainty (predicted_activity) matchting_patterns (curated alerts filter)
 | 24.0989 26.1824 51.4276 0.6063279 Fc1cccc(CCc2ccccc2I)c1 1 c1ccc(CCc2ccccc2)cc1 0.2400000 0.2400 0.2485479 0.2485 1.0000000 1.0000 0.7514521 0.7515 1.0000000 1.0000 1.0000000 326.1520 0.5188947 1.8210 1.0000000 1.0000 1.0 0.0 0.4270831300812524 []
 | 30.5307 32.5479 40.3698 0.5696690 O=C(Nc1ccc(Oc2ccc(CO)cc2)nc1)c1ccc(Cl)c(Cl)c1 1 O=C(Nc1ccc(Oc2ccccc2)nc1)c1ccccc1 0.2700000 0.2700 0.2666324 0.2666 0.6666667 0.6667 0.7333676 0.7334 1.0000000 1.0000 1.0000000 389.2380 0.5217926 1.9470 1.0000000 1.0000 1.0 0.3333333333333333 0.4439594576084622 []
 | 28.0811 30.3875 38.1476 0.5354306 O=C(Nc1cccc(Cl)c1)Nc1ccc(-c2ccc(Cl)cc2)s1 1 O=C(Nc1ccccc1)Nc1ccc(-c2ccccc2)s1 0.2350000 0.2350 0.1754943 0.1755 0.6666667 0.6667 0.8378379 0.8378 1.0000000 1.0000 1.0000000 363.2690 0.5231707 2.0070 1.0000000 1.0000 1.0 0.3333333333333333 0.4239988207530771 []
 | 31.3519 34.8124 35.4682 0.5490670 O[C@H]1[C@@H](O)[C@@H](Sc2ccccc2)O[C@H](COCc2ccc(Cl)cc2)[C@H]1O 1 c1ccc(COCC2CCCC(Sc3ccccc3)O2)cc1 0.1850000 0.1850 0.3551424 0.3551 0.6666667 0.6667 0.6448576 0.6449 1.0000000 1.0000 1.0000000 396.8920 0.5562304 3.4524 1.0000000 1.0000 1.0 0.3333333333333333 0.3882975663070784 []
 | 26.0474 32.2164 35.9207 0.5323211 O=C1O[C@@H](c2ccccc2)[C@@H]([C@H](CO)OCc2ccccc2)N1Cc1ccccc1 1 O=C1OC(c2ccccc2)C(COCc2ccccc2)N1Cc1ccccc1 0.3250000 0.3250 0.5327136 0.5327 0.3333333 0.3333 0.4672864 0.4673 1.0000000 1.0000 1.0000000 403.4780 0.5527754 3.3006 1.0000000 1.0000 1.0 0.6666666666666666 0.4683748498798799 []
 | 32.7281 36.8470 41.8443 0.6147755 Cc1ccc(Cl)cc1CCc1cccc(-c2ccccc2CC(=O)O)c1 1 c1ccc(CCc2cccc(-c3ccccc3)c2)cc1 0.2450000 0.2450 0.2758803 0.2759 1.0000000 1.0000 0.7273751 0.7274 1.0000000 1.0000 1.0000000 364.8720 0.5224056 1.9737 1.0000000 1.0000 1.0 0.0 0.4300872004605578 []
 | 38.5451 39.5603 31.4268 0.5545863 O=C(CCC1CCNCC1)CNC(=O)c1nc(C2CCOCC2)n2ccccc12 1 O=C(CCC1CCNCC1)CNC(=O)c1nc(C2CCOCC2)n2ccccc12 0.2350000 0.2350 0.2462755 0.2463 0.6666667 0.6667 0.7604730 0.7605 1.0000000 1.0000 1.0000000 398.5070 0.5421564 2.8352 1.0000000 1.0000 1.0 0.3333333333333333 0.4239988207530771 []
 | 27.6189 27.7676 38.5607 0.5181897 C=CC=CCNc1nc(Cl)nc(Cl)n1 1 c1ncncn1 0.1900000 0.1900 0.1657484 0.1657 0.6666667 0.6667 0.9215535 0.9216 1.0000000 1.0000 1.0000000 231.0860 0.5475379 3.0708 1.0000000 1.0000 1.0 0.3333333333333333 0.39230090491866065 []
 | 30.4193 33.9334 35.5241 0.5426368 O=S(=O)(c1ccc(Nc2n[nH]c3ccccc23)cc1)c1ccccn1 1 O=S(=O)(c1ccc(Nc2n[nH]c3ccccc23)cc1)c1ccccn1 0.2500000 0.2500 0.1797237 0.1797 0.6666667 0.6667 0.8202763 0.8203 1.0000000 1.0000 1.0000000 350.4030 0.5285434 2.2410 1.0000000 1.0000 1.0 0.3333333333333333 0.4330127018922193 []
 | 23.1648 24.0100 -22.7299 0.0100013 CN1C(=O)[C@H]2C[C@H]2c2ccccc21 1 O=C1Nc2ccccc2C2CC12 0.1950000 0.1950 0.3005565 0.3006 1.0000000 1.0000 0.7468912 0.7469 1.0000000 1.0000 0.0000000 173.2150 0.5426933 2.8587 1.0000000 1.0000 1.0 0.0 0.3962007067131506 []
21:11:44 <INFO> Score: 0.52 Agent NLL: 31.10 Valid:  98% Step: 95
 | Agent Prior Target Score SMILES SMILES_state Scaffold predicted_activity predicted_activity (raw) training_similarity training_similarity (raw) taf_disrupted taf_disrupted (raw) novelty novelty (raw) stereo_validity stereo_validity (raw) MW_window MW_window (raw) synthetic_feasibility synthetic_feasibility (raw) curated alerts filter curated alerts filter (raw) scaffold_novelty (predicted_activity) taf_consistency (predicted_activity) uncertainty (predicted_activity) matchting_patterns (curated alerts filter)
 | 35.2959 41.7640 30.1882 0.5621266 CCOC(=O)CN(Cc1ccccc1C)[C@H](Cc1ccccc1)c1ccc2c(c1)OCO2 1 c1ccc(CNC(Cc2ccccc2)c2ccc3c(c2)OCO3)cc1 0.2200000 0.2200 0.3355780 0.3356 0.6666667 0.6667 0.6644220 0.6644 1.0000000 1.0000 1.0000000 431.5320 0.5414438 2.8040 1.0000000 1.0000 1.0 0.3333333333333333 0.41424630354415964 []
 | 24.8405 25.9537 49.6976 0.5910257 O=C1CC=CC(c2ccc(Cl)cc2)=N1 1 O=C1CC=CC(c2ccccc2)=N1 0.1900000 0.1900 0.2773501 0.2774 1.0000000 1.0000 0.7493598 0.7494 1.0000000 1.0000 1.0000000 205.6440 0.5377854 2.6441 1.0000000 1.0000 1.0 0.0 0.39230090491866065 []
 | 33.1189 36.1743 -22.3813 0.1077577 CCc1cc(=O)c(C2NCCCc3ccccc32)c[nH]1 1 O=c1cc[nH]cc1C1NCCCc2ccccc21 0.2100000 0.2100 0.2926829 0.2927 0.6666667 0.6667 0.7432519 0.7433 0.0000000 0.0000 1.0000000 268.3600 0.5490187 3.1357 1.0000000 1.0000 1.0 0.3333333333333333 0.4073082370883261 []
 | 32.8284 35.6752 39.2553 0.5853947 CCCCC/C=C\C[C@H]1C=C[C@@H](OC)C[C@@H]1OCc1ccccc1 1 C1=CCC(OCc2ccccc2)CC1 0.1550000 0.1550 0.3684250 0.3684 1.0000000 1.0000 0.6606497 0.6606 1.0000000 1.0000 1.0000000 328.4960 0.5548511 3.6082 1.0000000 1.0000 1.0 0.0 0.36190468358395134 []
 | 33.7232 36.0299 39.4066 0.5893470 Cc1cc(Cc2ccccc2)c(CNC(=O)CC(C)C)c(C)n1 1 c1ccc(Cc2ccncc2)cc1 0.3050000 0.3050 0.3044078 0.3044 0.6666667 0.6667 0.6955922 0.6956 1.0000000 1.0000 1.0000000 310.4410 0.5269558 2.1718 1.0000000 1.0000 1.0 0.3333333333333333 0.460407428263272 []
 | 37.8199 50.1072 23.5564 0.5754969 COc1ccccc1Cn1ccc([C@@H]2[C@H](Cc3cccc(O)c3)CCCN2CCO)n1 1 c1ccc(CC2CCCNC2c2ccn(Cc3ccccc3)n2)cc1 0.2550000 0.2550 0.3131804 0.3132 0.6666667 0.6667 0.6868196 0.6868 1.0000000 1.0000 1.0000000 421.5410 0.5548873 3.3934 1.0000000 1.0000 1.0 0.3333333333333333 0.43586121644395015 []
 | 31.9532 37.5338 37.8237 0.5887308 CCc1sc2c(Oc3ccccc3F)ccnc2c1CC 1 c1ccc(Oc2ccnc3ccsc23)cc1 0.2100000 0.2100 0.2222392 0.2222 1.0000000 1.0000 0.7920499 0.7920 1.0000000 1.0000 1.0000000 301.3860 0.5341061 2.4835 1.0000000 1.0000 1.0 0.0 0.4073082370883261 []
 | 33.6991 36.7761 36.3167 0.5710379 CC[C@H](C)c1ccc(NC(=O)c2cccc(S(=O)(=O)N[C@@H]3C[C@H]3c3ccccc3)c2)cc1 1 O=C(Nc1ccccc1)c1cccc(S(=O)(=O)NC2CC2c2ccccc2)c1 0.2650000 0.2650 0.2684624 0.2685 0.6666667 0.6667 0.7315376 0.7315 1.0000000 1.0000 1.0000000 448.5880 0.5464467 3.0230 1.0000000 1.0000 1.0 0.3333333333333333 0.4413332074521472 []
 | 23.6734 22.7242 49.7223 0.5659879 CN(C)c1ccccc1NC(=O)c1ccncc1 1 O=C(Nc1ccccc1)c1ccncc1 0.2800000 0.2800 0.2324953 0.2325 0.6666667 0.6667 0.7675047 0.7675 1.0000000 1.0000 1.0000000 241.2940 0.5182403 1.7925 1.0000000 1.0000 1.0 0.3333333333333333 0.44899888641287294 []
 | 27.6186 38.2909 42.1453 0.6284076 CN(Cc1ccccc1)c1cccnc1[C@@H]1CCCN(Cc2ccc(O)cc2)C1 1 c1ccc(CNc2cccnc2C2CCCN(Cc3ccccc3)C2)cc1 0.2350000 0.2350 0.3630192 0.3630 1.0000000 1.0000 0.6777135 0.6777 1.0000000 1.0000 1.0000000 387.5270 0.5393950 2.7145 1.0000000 1.0000 1.0 0.0 0.4239988207530771 []
21:11:48 <INFO> Score: 0.52 Agent NLL: 30.49 Valid: 100% Step: 96
 | Agent Prior Target Score SMILES SMILES_state Scaffold predicted_activity predicted_activity (raw) training_similarity training_similarity (raw) taf_disrupted taf_disrupted (raw) novelty novelty (raw) stereo_validity stereo_validity (raw) MW_window MW_window (raw) synthetic_feasibility synthetic_feasibility (raw) curated alerts filter curated alerts filter (raw) scaffold_novelty (predicted_activity) taf_consistency (predicted_activity) uncertainty (predicted_activity) matchting_patterns (curated alerts filter)
 | 31.1399 31.3306 26.2326 0.4497118 O=Cc1cc(Br)c(NCc2ccncn2)c(Br)c1 1 c1ccc(NCc2ccncn2)cc1 0.2150000 0.2150 0.1643990 0.1644 0.3333333 0.3333 0.8356010 0.8356 1.0000000 1.0000 1.0000000 371.0320 0.5366000 2.5924 1.0000000 1.0000 1.0 0.6666666666666666 0.41082234603292944 []
 | 23.0036 23.4496 -23.4496 0.0000000 FC(F)(F)c1cc(Cl)ccc1Br 1 c1ccccc1 0.2150000 0.2150 0.1051499 0.1051 0.6666667 0.6667 0.8948501 0.8949 1.0000000 1.0000 1.0000000 259.4520 0.5219409 1.9535 1.0000000 1.0000 1.0 0.3333333333333333 0.41082234603292944 []
 | 25.5087 26.1412 33.2513 0.4640039 Cc1ccc(/C=C/C(=O)OCC(=O)Nc2ccccc2Oc2ccccc2)cc1 1 O=C(COC(=O)C=Cc1ccccc1)Nc1ccccc1Oc1ccccc1 0.2100000 0.2100 0.2473316 0.2473 0.3333333 0.3333 0.7576069 0.7576 1.0000000 1.0000 1.0000000 387.4350 0.5205237 1.8918 1.0000000 1.0000 1.0 0.6666666666666666 0.4073082370883261 []
 | 24.5826 28.7895 51.2926 0.6256408 CCOc1ccccc1OCc1cc(Cl)cc(Cl)c1O 1 c1ccc(COc2ccccc2)cc1 0.2550000 0.2550 0.3138395 0.3138 1.0000000 1.0000 0.6898639 0.6899 1.0000000 1.0000 1.0000000 313.1800 0.5205895 1.8947 1.0000000 1.0000 1.0 0.0 0.43586121644395015 []
 | 33.0686 40.7127 30.6897 0.5578314 COc1cc(-c2cncc(O)c2)cc2c1OCCN(Cc1ccsc1)C2 1 c1cncc(-c2ccc3c(c2)CN(Cc2ccsc2)CCO3)c1 0.1400000 0.1400 0.2625861 0.2626 1.0000000 1.0000 0.7822482 0.7822 1.0000000 1.0000 1.0000000 368.4580 0.5363438 2.5812 1.0000000 1.0000 1.0 0.0 0.34698703145794946 []
 | 33.1733 37.0379 24.5930 0.4814912 COC(=O)c1c(C)oc(NCc2cccc(Cl)c2)c1-c1ccccc1 1 c1ccc(CNc2occc2-c2ccccc2)cc1 0.2300000 0.2300 0.3117407 0.3117 0.3333333 0.3333 0.6882593 0.6883 1.0000000 1.0000 1.0000000 355.8210 0.5276290 2.2011 1.0000000 1.0000 1.0 0.6666666666666666 0.4208325082500163 []
 | 22.9106 31.2498 46.4537 0.6070586 c1ccc(-c2c(OCc3ccno3)ccc3ccccc23)cc1 1 c1ccc(-c2c(OCc3ccno3)ccc3ccccc23)cc1 0.2200000 0.2200 0.2972973 0.2973 1.0000000 1.0000 0.7027027 0.7027 1.0000000 1.0000 1.0000000 301.3450 0.5247414 2.0754 1.0000000 1.0000 1.0 0.0 0.41424630354415964 []
 | 45.1894 48.3719 19.4908 0.5301774 c1ccc(-c2cc(-c3ccnc(Nc4cccc(-n5cccn5)c4)n3)cnn2)cc1 1 c1ccc(-c2cc(-c3ccnc(Nc4cccc(-n5cccn5)c4)n3)cnn2)cc1 0.2200000 0.2200 0.1749496 0.1749 0.6666667 0.6667 0.8388568 0.8389 1.0000000 1.0000 1.0000000 391.4380 0.5332996 2.4483 1.0000000 1.0000 1.0 0.3333333333333333 0.41424630354415964 []
 | 31.0345 36.7066 38.0924 0.5843673 C=CC[C@H](C)[C@H](C)Cc1ccc(OC(=O)c2ccc(OC)cc2)cc1 1 O=C(Oc1ccccc1)c1ccccc1 0.1700000 0.1700 0.2936101 0.2936 1.0000000 1.0000 0.7660561 0.7661 1.0000000 1.0000 1.0000000 338.4470 0.5409128 2.7808 1.0000000 1.0000 1.0 0.0 0.375632799419859 []
 | 20.9639 23.6483 -22.4496 0.0093647 Cc1ccc([C@@H](C)O)c(N)n1 1 c1ccncc1 0.2600000 0.2600 0.2274294 0.2274 0.6666667 0.6667 0.7986532 0.7987 1.0000000 1.0000 0.0000000 152.1970 0.5412487 2.7955 1.0000000 1.0000 1.0 0.3333333333333333 0.4386342439892262 []
21:11:48 <INFO> Sampled SMILES c12c(c(=N)ncn1c1cccc(c1n2)Cl)C failed to sanitize.
21:11:52 <INFO> Score: 0.53 Agent NLL: 29.70 Valid:  98% Step: 97
 | Agent Prior Target Score SMILES SMILES_state Scaffold predicted_activity predicted_activity (raw) training_similarity training_similarity (raw) taf_disrupted taf_disrupted (raw) novelty novelty (raw) stereo_validity stereo_validity (raw) MW_window MW_window (raw) synthetic_feasibility synthetic_feasibility (raw) curated alerts filter curated alerts filter (raw) scaffold_novelty (predicted_activity) taf_consistency (predicted_activity) uncertainty (predicted_activity) matchting_patterns (curated alerts filter)
 | 37.7630 40.7306 40.2425 0.6326026 O=C(O)[C@H](Cc1ccc(OCc2c(F)cccc2Cl)cc1)N1C(=O)[C@@H]2[C@@H](C1=O)[C@H]1CC[C@H]2O1 1 O=C1C2C3CCC(O3)C2C(=O)N1CCc1ccc(OCc2ccccc2)cc1 0.2550000 0.2550 0.3484028 0.3484 1.0000000 1.0000 0.6515972 0.6516 1.0000000 1.0000 1.0000000 473.8840 0.5360996 4.4295 1.0000000 1.0000 1.0 0.0 0.43586121644395015 []
 | 21.4337 26.9558 45.7889 0.5683182 C[C@H](Cc1cccc2cccnc12)NCc1ccccc1 1 c1ccc(CNCCc2cccc3cccnc23)cc1 0.2450000 0.2450 0.3080977 0.3081 0.6666667 0.6667 0.7027027 0.7027 1.0000000 1.0000 1.0000000 276.3830 0.5297729 2.2946 1.0000000 1.0000 1.0 0.3333333333333333 0.4300872004605578 []
 | 31.5229 33.2788 -33.2788 0.0000000 c12c(c(=N)ncn1c1cccc(c1n2)Cl)C 0 -- 0.0000000 0.0000 0.0000000 0.0000 0.0000000 0.0000 0.0000000 0.0000 0.0000000 0.0000 0.0000000 0.0000 0.0000000 0.0000 0.0000000 0.0000 None None None None
 | 23.3926 27.6796 48.4907 0.5950810 O=C(NCc1cccc(Oc2ccccc2)c1)c1ccc2ncsc2c1 1 O=C(NCc1cccc(Oc2ccccc2)c1)c1ccc2ncsc2c1 0.3100000 0.3100 0.3357208 0.3357 0.6666667 0.6667 0.6642792 0.6643 1.0000000 1.0000 1.0000000 360.4380 0.5221554 1.9628 1.0000000 1.0000 1.0 0.3333333333333333 0.46249324319388707 []
 | 27.7492 29.1787 -14.8517 0.1119299 COc1cccc(C(CN)c2cccc(O)c2)c1 1 c1ccc(Cc2ccccc2)cc1 0.2550000 0.2550 0.3282661 0.3283 0.6666667 0.6667 0.6803190 0.6803 0.0000000 0.0000 1.0000000 243.3060 0.5325758 2.4168 1.0000000 1.0000 1.0 0.3333333333333333 0.43586121644395015 []
 | 23.9727 28.9409 37.7084 0.5206972 COc1ccc([C@H]2CSC[C@H](C)CN2)cc1 1 c1ccc(C2CSCCCN2)cc1 0.1450000 0.1450 0.2812500 0.2813 0.6666667 0.6667 0.8343527 0.8344 1.0000000 1.0000 1.0000000 237.3680 0.5512629 3.2342 1.0000000 1.0000 1.0 0.3333333333333333 0.352100837829165 []
 | 41.3019 40.5736 25.5757 0.5167911 O=[N+]([O-])c1cccc2cccc(S(=O)(=O)Nc3ccc4cc(Cl)ncc4c3)c12 1 O=S(=O)(Nc1ccc2ccncc2c1)c1cccc2ccccc12 0.2150000 0.2150 0.1423737 0.1424 0.6666667 0.6667 0.8576263 0.8576 1.0000000 1.0000 1.0000000 413.8420 0.5329763 2.4342 1.0000000 1.0000 1.0 0.3333333333333333 0.41082234603292944 []
 | 28.3723 31.6170 40.8543 0.5661820 CC(=O)c1ccc(-c2ccc(CNC[C@@H](C)O)cc2F)cc1 1 c1ccc(-c2ccccc2)cc1 0.2600000 0.2600 0.2610067 0.2610 0.6666667 0.6667 0.7432519 0.7433 1.0000000 1.0000 1.0000000 301.3610 0.5314921 2.3695 1.0000000 1.0000 1.0 0.3333333333333333 0.4386342439892262 []
 | 20.2483 22.2678 41.2563 0.4962818 c1csc(CCNCc2cscn2)n1 1 c1csc(CCNCc2cscn2)n1 0.1850000 0.1850 0.1230915 0.1231 0.6666667 0.6667 0.8769085 0.8769 1.0000000 1.0000 1.0000000 225.3420 0.5373566 2.6254 1.0000000 1.0000 1.0 0.3333333333333333 0.38829756630707846 []
 | 40.9332 47.1563 28.7680 0.5931580 CCCN1CC[C@H](Cc2ccc(Oc3ccccc3)cc2)[C@H]2[C@H]1CCC[C@H]2OC 1 c1ccc(Oc2ccc(CC3CCNC4CCCCC34)cc2)cc1 0.1900000 0.1900 0.2847474 0.2847 1.0000000 1.0000 0.7152526 0.7153 1.0000000 1.0000 1.0000000 393.5710 0.5564069 3.5398 1.0000000 1.0000 1.0 0.0 0.39230090491866065 []
21:11:52 <INFO> Sampled SMILES c1ccc2c3c(cccc31)c(/C=C1/c3cc(OC)ccc3OC[C@@H]1c1ccccn1)cc2 failed to sanitize.
21:11:52 <INFO> Sampled SMILES C(C)(=O)NCc1c2n(CCN(CCNc3c(c(F)ccc3)F)C2)c(C)cc1 failed to sanitize.
21:11:52 <INFO> Sampled SMILES c1c(ccc2ClCCCCc12)CCCN[C@@H](C)c1nc(C)cs1 failed to sanitize.
21:11:56 <INFO> Score: 0.49 Agent NLL: 31.11 Valid:  95% Step: 98
 | Agent Prior Target Score SMILES SMILES_state Scaffold predicted_activity predicted_activity (raw) training_similarity training_similarity (raw) taf_disrupted taf_disrupted (raw) novelty novelty (raw) stereo_validity stereo_validity (raw) MW_window MW_window (raw) synthetic_feasibility synthetic_feasibility (raw) curated alerts filter curated alerts filter (raw) scaffold_novelty (predicted_activity) taf_consistency (predicted_activity) uncertainty (predicted_activity) matchting_patterns (curated alerts filter)
 | 22.1014 30.5175 39.7751 0.5491605 c1ccc([C@H]2CC[C@@H](c3ccccn3)CN2)cc1 1 c1ccc(C2CCC(c3ccccn3)CN2)cc1 0.2200000 0.2200 0.2484709 0.2485 0.6666667 0.6667 0.7675047 0.7675 1.0000000 1.0000 1.0000000 238.3340 0.5435954 2.8981 1.0000000 1.0000 1.0 0.3333333333333333 0.4142463035441596 []
 | 32.4280 39.7729 32.6962 0.5661650 Cc1cccc(-c2ccc3c(c2)CC[C@H]3CN[C@@H](CO)c2ccccc2)c1 1 c1ccc(CNCC2CCc3cc(-c4ccccc4)ccc32)cc1 0.2450000 0.2450 0.2877607 0.2878 0.6666667 0.6667 0.7122393 0.7122 1.0000000 1.0000 1.0000000 357.4970 0.5437474 2.9048 1.0000000 1.0000 1.0 0.3333333333333333 0.4300872004605578 []
 | 28.0314 31.7741 39.7767 0.5589903 Cc1nc(CN2CCC[C@@H]3CN(Cc4ccc(F)cc4)CC[C@@H]32)cs1 1 c1ccc(CN2CCC3C(CCCN3Cc3cscn3)C2)cc1 0.1750000 0.1750 0.1766904 0.1767 1.0000000 1.0000 0.8372533 0.8373 1.0000000 1.0000 1.0000000 359.5140 0.5455704 2.9846 1.0000000 1.0000 1.0 0.0 0.3799671038392666 []
 | 28.0453 30.7255 37.8902 0.5360605 CCc1nc(C)c(C(=O)N[C@@H]2CCc3cc(OC)ccc32)s1 1 O=C(NC1CCc2ccccc21)c1cncs1 0.1750000 0.1750 0.2888741 0.2889 0.6666667 0.6667 0.7750000 0.7750 1.0000000 1.0000 1.0000000 316.4260 0.5394565 2.7171 1.0000000 1.0000 1.0 0.3333333333333333 0.3799671038392666 []
 | 26.6144 25.3392 37.8463 0.4936370 CCNC(C)(C)Cn1nc(C)c(Cl)c1C 1 c1cn[nH]c1 0.1600000 0.1600 0.1480872 0.1481 0.6666667 0.6667 0.8709006 0.8709 1.0000000 1.0000 1.0000000 229.7550 0.5392138 2.7065 1.0000000 1.0000 1.0 0.3333333333333333 0.36660605559646714 []
 | 32.3088 41.2393 36.6228 0.6082973 C[C@]1(Cc2cccc(F)c2)CO[C@@](Cn2ccnc2)(c2ccccc2)C1 1 c1ccc(CC2COC(Cn3ccnc3)(c3ccccc3)C2)cc1 0.1950000 0.1950 0.3280305 0.3280 1.0000000 1.0000 0.7697954 0.7698 1.0000000 1.0000 1.0000000 350.4370 0.5562217 3.5480 1.0000000 1.0000 1.0 0.0 0.3962007067131506 []
 | 23.5541 28.0678 40.6010 0.5364757 O=C(C[C@H]1C=CCC1)NCc1cccnc1Oc1ccccc1F 1 O=C(CC1C=CCC1)NCc1cccnc1Oc1ccccc1 0.1750000 0.1750 0.2960685 0.2961 0.6666667 0.6667 0.7492216 0.7492 1.0000000 1.0000 1.0000000 326.3710 0.5408958 2.7801 1.0000000 1.0000 1.0 0.3333333333333333 0.3799671038392666 []
 | 25.9535 26.7617 -13.0894 0.1068145 Cc1ccccc1SC(C)C(=O)Nc1ccc(Cl)cc1 1 O=C(CSc1ccccc1)Nc1ccccc1 0.2350000 0.2350 0.2287479 0.2287 0.6666667 0.6667 0.7808013 0.7808 0.0000000 0.0000 1.0000000 305.8300 0.5263375 2.1449 1.0000000 1.0000 1.0 0.3333333333333333 0.4239988207530771 []
 | 24.7143 35.2084 35.0041 0.5485354 C[C@@H]1C[C@@H](Nc2ccccc2)CCN1Cc1ccc2ccccc2n1 1 c1ccc(NC2CCN(Cc3ccc4ccccc4n3)CC2)cc1 0.2150000 0.2150 0.2589849 0.2590 0.6666667 0.6667 0.7521592 0.7522 1.0000000 1.0000 1.0000000 331.4630 0.5420788 2.8318 1.0000000 1.0000 1.0 0.3333333333333333 0.41082234603292944 []
 | 24.2697 34.9558 33.2746 0.5330502 COc1nc(Nc2ccccc2)ccc1Cc1cccc(F)c1 1 c1ccc(Cc2ccc(Nc3ccccc3)nc2)cc1 0.1850000 0.1850 0.2650795 0.2651 0.6666667 0.6667 0.7463269 0.7463 1.0000000 1.0000 1.0000000 308.3560 0.5229822 1.9988 1.0000000 1.0000 1.0 0.3333333333333333 0.38829756630707846 []
21:12:00 <INFO> Score: 0.53 Agent NLL: 29.56 Valid: 100% Step: 99
 | Agent Prior Target Score SMILES SMILES_state Scaffold predicted_activity predicted_activity (raw) training_similarity training_similarity (raw) taf_disrupted taf_disrupted (raw) novelty novelty (raw) stereo_validity stereo_validity (raw) MW_window MW_window (raw) synthetic_feasibility synthetic_feasibility (raw) curated alerts filter curated alerts filter (raw) scaffold_novelty (predicted_activity) taf_consistency (predicted_activity) uncertainty (predicted_activity) matchting_patterns (curated alerts filter)
 | 21.5529 22.2309 50.8280 0.5707729 COc1ccc(-c2cc(=O)c3cc(OC)ccc3o2)cc1 1 O=c1cc(-c2ccccc2)oc2ccccc12 0.1500000 0.1500 0.2954395 0.2954 1.0000000 1.0000 0.7965666 0.7966 1.0000000 1.0000 1.0000000 282.2950 0.5190653 1.8284 1.0000000 1.0000 1.0 0.0 0.3570714214271425 []
 | 28.4265 30.9660 24.0502 0.4298141 OCC1CCC[C@H](NCc2ccc(Br)cc2)C1 1 c1ccc(CNC2CCCCC2)cc1 0.1950000 0.1950 0.2319084 0.2319 0.3333333 0.3333 0.7744465 0.7744 0.5000000 0.5000 1.0000000 298.2240 0.5392944 2.7101 1.0000000 1.0000 1.0 0.6666666666666666 0.3962007067131506 []
 | 29.1514 36.0878 38.1805 0.5802209 CCc1cc(C(=O)Nc2ccccc2C(=O)O)cc(NC2CCCCCC2)n1 1 O=C(Nc1ccccc1)c1ccnc(NC2CCCCCC2)c1 0.2900000 0.2900 0.2803652 0.2804 0.6666667 0.6667 0.7210057 0.7210 1.0000000 1.0000 1.0000000 381.4760 0.5274713 2.1943 1.0000000 1.0000 1.0 0.3333333333333333 0.4537620521815371 []
 | 29.0280 36.2327 35.9722 0.5641013 C[C@H]1Cc2ccccc2C(=O)N1Cc1ccc(C(=O)Nc2c(F)cccc2F)cc1 1 O=C(Nc1ccccc1)c1ccc(CN2CCc3ccccc3C2=O)cc1 0.2450000 0.2450 0.2803652 0.2804 0.6666667 0.6667 0.7210057 0.7210 1.0000000 1.0000 1.0000000 406.4320 0.5360969 2.5704 1.0000000 1.0000 1.0 0.3333333333333333 0.4300872004605578 []
 | 33.2677 41.4186 33.5039 0.5853314 C[C@H](c1nccs1)N(CCc1ccc(F)cc1)C1CCN(Cc2ccc(F)cc2)CC1 1 c1ccc(CCN(Cc2nccs2)C2CCN(Cc3ccccc3)CC2)cc1 0.2000000 0.2000 0.2208630 0.2209 1.0000000 1.0000 0.8140038 0.8140 1.0000000 1.0000 1.0000000 441.5910 0.5425869 2.8540 1.0000000 1.0000 1.0 0.0 0.4 []
 | 27.9052 33.1695 41.7609 0.5853942 Cc1ccc(CN2C[C@H](O)C[C@@H]2CN[C@H](C)c2ccccc2)cc1 1 c1ccc(CNCC2CCCN2Cc2ccccc2)cc1 0.2800000 0.2800 0.3221930 0.3222 0.6666667 0.6667 0.6778070 0.6778 1.0000000 1.0000 1.0000000 324.4680 0.5457399 2.9920 1.0000000 1.0000 1.0 0.3333333333333333 0.44899888641287294 []
 | 38.2989 44.2166 20.2303 0.5034917 CCNc1c(Cc2ccc(Cl)cc2)c(-c2ccc(C)nc2)nc2ccsc12 1 c1ccc(Cc2cc3sccc3nc2-c2cccnc2)cc1 0.1500000 0.1500 0.1987767 0.1988 0.6666667 0.6667 0.8605028 0.8605 1.0000000 1.0000 1.0000000 393.9430 0.5359821 2.5654 1.0000000 1.0000 1.0 0.3333333333333333 0.3570714214271425 []
 | 32.8747 39.2080 37.2099 0.5970152 OC[C@@H]1C[C@@H](O)CN1Cc1ccc(-c2nc(-c3ccccc3O)co2)cc1 1 c1ccc(-c2coc(-c3ccc(CN4CCCC4)cc3)n2)cc1 0.3200000 0.3200 0.3022439 0.3022 0.6666667 0.6667 0.6977561 0.6978 1.0000000 1.0000 1.0000000 366.4170 0.5511010 3.2271 1.0000000 1.0000 1.0 0.3333333333333333 0.46647615158762396 []
 | 28.1617 30.1470 43.6589 0.5766080 O=C(Nc1ccccc1Oc1ccccc1)c1cccc(-c2ncn[nH]2)c1 1 O=C(Nc1ccccc1Oc1ccccc1)c1cccc(-c2ncn[nH]2)c1 0.2900000 0.2900 0.2637806 0.2638 0.6666667 0.6667 0.7362194 0.7362 1.0000000 1.0000 1.0000000 356.3850 0.5233892 2.0165 1.0000000 1.0000 1.0 0.3333333333333333 0.4537620521815371 []
 | 28.4906 37.7548 36.3773 0.5791566 Cc1cc(N2CCCC[C@@H]2c2ccccc2)c(-c2ccccc2)c(C)n1 1 c1ccc(-c2cnccc2N2CCCCC2c2ccccc2)cc1 0.1900000 0.1900 0.2195122 0.2195 1.0000000 1.0000 0.8202763 0.8203 1.0000000 1.0000 1.0000000 342.4860 0.5361958 2.5747 1.0000000 1.0000 1.0 0.0 0.39230090491866065 []
21:12:00 <INFO> Sampled SMILES c1cc2cc(cc3[C@H](CCCc23)NC)n1 failed to sanitize.
21:12:00 <INFO> Sampled SMILES c12c(cccc1)=CC(N=C2c1c2c(ccc1)cccc2)=O failed to sanitize.
21:12:04 <INFO> Score: 0.51 Agent NLL: 29.87 Valid:  97% Step: 100
 | Agent Prior Target Score SMILES SMILES_state Scaffold predicted_activity predicted_activity (raw) training_similarity training_similarity (raw) taf_disrupted taf_disrupted (raw) novelty novelty (raw) stereo_validity stereo_validity (raw) MW_window MW_window (raw) synthetic_feasibility synthetic_feasibility (raw) curated alerts filter curated alerts filter (raw) scaffold_novelty (predicted_activity) taf_consistency (predicted_activity) uncertainty (predicted_activity) matchting_patterns (curated alerts filter)
 | 30.2291 31.6719 44.6880 0.5965612 O=C(Nc1cc(Cc2ccccc2)nn1-c1cccc(C(F)(F)F)c1)c1ccccc1 1 O=C(Nc1cc(Cc2ccccc2)nn1-c1ccccc1)c1ccccc1 0.3250000 0.3250 0.3084763 0.3085 0.6666667 0.6667 0.6915237 0.6915 1.0000000 1.0000 1.0000000 421.4220 0.5259665 2.1287 1.0000000 1.0000 1.0 0.3333333333333333 0.4683748498798799 []
 | 33.1093 45.4137 25.5178 0.5541518 C[C@H]1CCC(C(=O)N[C@H](Cc2ccccc2)C(c2ccccc2)c2ccccc2)O1 1 O=C(NC(Cc1ccccc1)C(c1ccccc1)c1ccccc1)C1CCCO1 0.2400000 0.2400 0.3551424 0.3551 0.6666667 0.6667 0.6448576 0.6449 0.6666667 0.6667 1.0000000 399.5340 0.5511823 3.2306 1.0000000 1.0000 1.0 0.3333333333333333 0.4270831300812524 []
 | 22.7723 26.4029 43.9794 0.5498616 Clc1ccc(Cn2ccc3cc(Cl)ccc32)c(Cl)c1 1 c1ccc(Cn2ccc3ccccc32)cc1 0.2050000 0.2050 0.1200600 0.1201 1.0000000 1.0000 0.8799400 0.8799 1.0000000 1.0000 1.0000000 310.6110 0.5216801 1.9421 1.0000000 1.0000 1.0 0.0 0.403701622488689 []
 | 27.2930 28.5524 48.6508 0.6031499 c1ccc([C@H]2CN(Cc3cccs3)C[C@H]2CN2CCOCC2)cc1 1 c1ccc(C2CN(Cc3cccs3)CC2CN2CCOCC2)cc1 0.2150000 0.2150 0.2650795 0.2651 1.0000000 1.0000 0.7716942 0.7717 1.0000000 1.0000 1.0000000 342.5080 0.5446061 2.9424 1.0000000 1.0000 1.0 0.0 0.41082234603292944 []
 | 34.6563 37.6899 28.6488 0.5182707 Cc1cc(C[C@H]2CN(Cc3nc4ccccc4o3)C[C@@H]2CN)on1 1 c1ccc2oc(CN3CCC(Cc4ccno4)C3)nc2c1 0.1650000 0.1650 0.2208630 0.2209 0.6666667 0.6667 0.8140038 0.8140 1.0000000 1.0000 1.0000000 326.4000 0.5555447 3.4223 1.0000000 1.0000 1.0 0.3333333333333333 0.37118054905934933 []
 | 39.9058 46.7764 28.1232 0.5851533 COc1ccc(O)c(CN2C[C@@H]3[C@H](c4ccc(F)cc4)NC(=O)[C@H](C2)N3Cc2ccccc2)c1 1 O=C1NC(c2ccccc2)C2CN(Cc3ccccc3)CC1N2Cc1ccccc1 0.2750000 0.2750 0.3367861 0.3368 0.6666667 0.6667 0.6632139 0.6632 1.0000000 1.0000 1.0000000 461.5370 0.5424137 4.1536 1.0000000 1.0000 1.0 0.3333333333333333 0.44651427748729383 []
 | 28.5388 30.9450 40.9919 0.5620068 O=C(OCc1ccc(Cl)c(Cl)c1)c1c[nH]c(=O)c2ccccc12 1 O=C(OCc1ccccc1)c1c[nH]c(=O)c2ccccc12 0.2250000 0.2250 0.3337725 0.3338 0.6666667 0.6667 0.6662275 0.6662 1.0000000 1.0000 1.0000000 348.1850 0.5232877 2.0121 1.0000000 1.0000 1.0 0.3333333333333333 0.4175823272122517 []
 | 29.6093 32.5798 48.0751 0.6301165 C[C@H](CC(=O)O)Cc1cc(F)c2ncccc2c1 1 c1ccc2ncccc2c1 0.2700000 0.2700 0.2893457 0.2893 1.0000000 1.0000 0.7140686 0.7141 1.0000000 1.0000 1.0000000 247.2690 0.5382014 2.6623 1.0000000 1.0000 1.0 0.0 0.4439594576084622 []
 | 21.0786 22.2422 49.3474 0.5592935 Nc1cccc(Cc2nccs2)c1 1 c1ccc(Cc2nccs2)cc1 0.2550000 0.2550 0.2401201 0.2401 0.6666667 0.6667 0.7598799 0.7599 1.0000000 1.0000 1.0000000 190.2710 0.5267451 2.1626 1.0000000 1.0000 1.0 0.3333333333333333 0.43586121644395015 []
 | 21.6754 25.9972 42.3446 0.5339205 COc1ccccc1NC(=O)CSc1nnc(Cc2ccccc2)n1Cc1ccccc1 1 O=C(CSc1nnc(Cc2ccccc2)n1Cc1ccccc1)Nc1ccccc1 0.1800000 0.1800 0.2871220 0.2871 0.6666667 0.6667 0.7210057 0.7210 1.0000000 1.0000 1.0000000 444.5600 0.5226443 1.9841 1.0000000 1.0000 1.0 0.3333333333333333 0.38418745424597095 []
21:12:04 <WARN> Maximum number of steps of 100 reached in stage 1. Terminating all stages.
21:12:04 <INFO> Peak main memory usage: 2133.426 MiB
21:12:04 <INFO> Peak reserved GPU memory usage: 1040.000 MiB
21:12:04 <INFO> Finished REINVENT on 2026-09-14
